  0
SECTION
  2
HEADER
  9
$ACADVER
  1
AC1027
  9
$ACADMAINTVER
 70
   105
  9
$DWGCODEPAGE
  3
ANSI_1252
  9
$LASTSAVEDBY
  1
camilauribequintero
  9
$REQUIREDVERSIONS
160
                 0
  9
$INSBASE
 10
0.0
 20
0.0
 30
0.0
  9
$EXTMIN
 10
-8.1
 20
-8.3
 30
0.0
  9
$EXTMAX
 10
8.5
 20
7.9
 30
0.0
  9
$LIMMIN
 10
0.0
 20
0.0
  9
$LIMMAX
 10
12.0
 20
9.0
  9
$ORTHOMODE
 70
     0
  9
$REGENMODE
 70
     1
  9
$FILLMODE
 70
     1
  9
$QTEXTMODE
 70
     0
  9
$MIRRTEXT
 70
     1
  9
$LTSCALE
 40
1.0
  9
$ATTMODE
 70
     1
  9
$TEXTSIZE
 40
0.2
  9
$TRACEWID
 40
0.05
  9
$TEXTSTYLE
  7
Standard
  9
$CLAYER
  8
0
  9
$CELTYPE
  6
ByLayer
  9
$CECOLOR
 62
   256
  9
$CELTSCALE
 40
1.0
  9
$DISPSILH
 70
     0
  9
$DIMSCALE
 40
1.0
  9
$DIMASZ
 40
0.18
  9
$DIMEXO
 40
0.0625
  9
$DIMDLI
 40
0.38
  9
$DIMRND
 40
0.0
  9
$DIMDLE
 40
0.0
  9
$DIMEXE
 40
0.18
  9
$DIMTP
 40
0.0
  9
$DIMTM
 40
0.0
  9
$DIMTXT
 40
0.18
  9
$DIMCEN
 40
0.09
  9
$DIMTSZ
 40
0.0
  9
$DIMTOL
 70
     0
  9
$DIMLIM
 70
     0
  9
$DIMTIH
 70
     1
  9
$DIMTOH
 70
     1
  9
$DIMSE1
 70
     0
  9
$DIMSE2
 70
     0
  9
$DIMTAD
 70
     0
  9
$DIMZIN
 70
     0
  9
$DIMBLK
  1

  9
$DIMASO
 70
     1
  9
$DIMSHO
 70
     1
  9
$DIMPOST
  1

  9
$DIMAPOST
  1

  9
$DIMALT
 70
     0
  9
$DIMALTD
 70
     2
  9
$DIMALTF
 40
25.4
  9
$DIMLFAC
 40
1.0
  9
$DIMTOFL
 70
     0
  9
$DIMTVP
 40
0.0
  9
$DIMTIX
 70
     0
  9
$DIMSOXD
 70
     0
  9
$DIMSAH
 70
     0
  9
$DIMBLK1
  1

  9
$DIMBLK2
  1

  9
$DIMSTYLE
  2
Standard
  9
$DIMCLRD
 70
     0
  9
$DIMCLRE
 70
     0
  9
$DIMCLRT
 70
     0
  9
$DIMTFAC
 40
1.0
  9
$DIMGAP
 40
0.09
  9
$DIMJUST
 70
     0
  9
$DIMSD1
 70
     0
  9
$DIMSD2
 70
     0
  9
$DIMTOLJ
 70
     1
  9
$DIMTZIN
 70
     0
  9
$DIMALTZ
 70
     0
  9
$DIMALTTZ
 70
     0
  9
$DIMUPT
 70
     0
  9
$DIMDEC
 70
     4
  9
$DIMTDEC
 70
     4
  9
$DIMALTU
 70
     2
  9
$DIMALTTD
 70
     2
  9
$DIMTXSTY
  7
Standard
  9
$DIMAUNIT
 70
     0
  9
$DIMADEC
 70
     0
  9
$DIMALTRND
 40
0.0
  9
$DIMAZIN
 70
     0
  9
$DIMDSEP
 70
    46
  9
$DIMATFIT
 70
     3
  9
$DIMFRAC
 70
     0
  9
$DIMLDRBLK
  1

  9
$DIMLUNIT
 70
     2
  9
$DIMLWD
 70
    -2
  9
$DIMLWE
 70
    -2
  9
$DIMTMOVE
 70
     0
  9
$DIMFXL
 40
1.0
  9
$DIMFXLON
 70
     0
  9
$DIMJOGANG
 40
0.7853981633974483
  9
$DIMTFILL
 70
     0
  9
$DIMTFILLCLR
 70
     0
  9
$DIMARCSYM
 70
     0
  9
$DIMLTYPE
  6

  9
$DIMLTEX1
  6

  9
$DIMLTEX2
  6

  9
$DIMTXTDIRECTION
 70
     0
  9
$LUNITS
 70
     2
  9
$LUPREC
 70
     4
  9
$SKETCHINC
 40
0.1
  9
$FILLETRAD
 40
0.0
  9
$AUNITS
 70
     0
  9
$AUPREC
 70
     0
  9
$MENU
  1
.
  9
$ELEVATION
 40
0.0
  9
$PELEVATION
 40
0.0
  9
$THICKNESS
 40
0.0
  9
$LIMCHECK
 70
     0
  9
$CHAMFERA
 40
0.0
  9
$CHAMFERB
 40
0.0
  9
$CHAMFERC
 40
0.0
  9
$CHAMFERD
 40
0.0
  9
$SKPOLY
 70
     0
  9
$TDCREATE
 40
2461103.700887593
  9
$TDUCREATE
 40
2461103.909220926
  9
$TDUPDATE
 40
2461103.700887755
  9
$TDUUPDATE
 40
2461103.909221088
  9
$TDINDWG
 40
0.0000000116
  9
$TDUSRTIMER
 40
0.0000000116
  9
$USRTIMER
 70
     1
  9
$ANGBASE
 50
0.0
  9
$ANGDIR
 70
     0
  9
$PDMODE
 70
     0
  9
$PDSIZE
 40
0.0
  9
$PLINEWID
 40
0.0
  9
$SPLFRAME
 70
     0
  9
$SPLINETYPE
 70
     6
  9
$SPLINESEGS
 70
     8
  9
$HANDSEED
  5
AB1
  9
$SURFTAB1
 70
     6
  9
$SURFTAB2
 70
     6
  9
$SURFTYPE
 70
     6
  9
$SURFU
 70
     6
  9
$SURFV
 70
     6
  9
$UCSBASE
  2

  9
$UCSNAME
  2

  9
$UCSORG
 10
0.0
 20
0.0
 30
0.0
  9
$UCSXDIR
 10
1.0
 20
0.0
 30
0.0
  9
$UCSYDIR
 10
0.0
 20
1.0
 30
0.0
  9
$UCSORTHOREF
  2

  9
$UCSORTHOVIEW
 70
     0
  9
$UCSORGTOP
 10
0.0
 20
0.0
 30
0.0
  9
$UCSORGBOTTOM
 10
0.0
 20
0.0
 30
0.0
  9
$UCSORGLEFT
 10
0.0
 20
0.0
 30
0.0
  9
$UCSORGRIGHT
 10
0.0
 20
0.0
 30
0.0
  9
$UCSORGFRONT
 10
0.0
 20
0.0
 30
0.0
  9
$UCSORGBACK
 10
0.0
 20
0.0
 30
0.0
  9
$PUCSBASE
  2

  9
$PUCSNAME
  2

  9
$PUCSORG
 10
0.0
 20
0.0
 30
0.0
  9
$PUCSXDIR
 10
1.0
 20
0.0
 30
0.0
  9
$PUCSYDIR
 10
0.0
 20
1.0
 30
0.0
  9
$PUCSORTHOREF
  2

  9
$PUCSORTHOVIEW
 70
     0
  9
$PUCSORGTOP
 10
0.0
 20
0.0
 30
0.0
  9
$PUCSORGBOTTOM
 10
0.0
 20
0.0
 30
0.0
  9
$PUCSORGLEFT
 10
0.0
 20
0.0
 30
0.0
  9
$PUCSORGRIGHT
 10
0.0
 20
0.0
 30
0.0
  9
$PUCSORGFRONT
 10
0.0
 20
0.0
 30
0.0
  9
$PUCSORGBACK
 10
0.0
 20
0.0
 30
0.0
  9
$USERI1
 70
     0
  9
$USERI2
 70
     0
  9
$USERI3
 70
     0
  9
$USERI4
 70
     0
  9
$USERI5
 70
     0
  9
$USERR1
 40
0.0
  9
$USERR2
 40
0.0
  9
$USERR3
 40
0.0
  9
$USERR4
 40
0.0
  9
$USERR5
 40
0.0
  9
$WORLDVIEW
 70
     1
  9
$SHADEDGE
 70
     3
  9
$SHADEDIF
 70
    70
  9
$TILEMODE
 70
     1
  9
$MAXACTVP
 70
    64
  9
$PINSBASE
 10
0.0
 20
0.0
 30
0.0
  9
$PLIMCHECK
 70
     0
  9
$PEXTMIN
 10
1.000000000000000E+20
 20
1.000000000000000E+20
 30
1.000000000000000E+20
  9
$PEXTMAX
 10
-1.000000000000000E+20
 20
-1.000000000000000E+20
 30
-1.000000000000000E+20
  9
$PLIMMIN
 10
-0.25
 20
-0.25
  9
$PLIMMAX
 10
10.75
 20
8.25
  9
$UNITMODE
 70
     0
  9
$VISRETAIN
 70
     1
  9
$PLINEGEN
 70
     0
  9
$PSLTSCALE
 70
     1
  9
$TREEDEPTH
 70
  3020
  9
$CMLSTYLE
  2
Standard
  9
$CMLJUST
 70
     0
  9
$CMLSCALE
 40
1.0
  9
$PROXYGRAPHICS
 70
     1
  9
$MEASUREMENT
 70
     0
  9
$CELWEIGHT
370
    -1
  9
$ENDCAPS
280
     0
  9
$JOINSTYLE
280
     0
  9
$LWDISPLAY
290
     0
  9
$INSUNITS
 70
     0
  9
$HYPERLINKBASE
  1

  9
$STYLESHEET
  1

  9
$XEDIT
290
     1
  9
$CEPSNTYPE
380
     0
  9
$PSTYLEMODE
290
     1
  9
$FINGERPRINTGUID
  2
{712bcafe-12f2-d647-b672-1d622daeffb3}
  9
$VERSIONGUID
  2
{FAEB1C32-E019-11D5-929B-00C0DF256EC4}
  9
$EXTNAMES
290
     1
  9
$PSVPSCALE
 40
0.0
  9
$OLESTARTUP
290
     0
  9
$SORTENTS
280
   127
  9
$INDEXCTL
280
     0
  9
$HIDETEXT
280
     1
  9
$XCLIPFRAME
280
     2
  9
$HALOGAP
280
     0
  9
$OBSCOLOR
 70
   257
  9
$OBSLTYPE
280
     0
  9
$INTERSECTIONDISPLAY
280
     0
  9
$INTERSECTIONCOLOR
 70
   257
  9
$DIMASSOC
280
     2
  9
$PROJECTNAME
  1

  9
$CAMERADISPLAY
290
     0
  9
$LENSLENGTH
 40
50.0
  9
$CAMERAHEIGHT
 40
0.0
  9
$STEPSPERSEC
 40
2.0
  9
$STEPSIZE
 40
6.0
  9
$3DDWFPREC
 40
2.0
  9
$PSOLWIDTH
 40
0.25
  9
$PSOLHEIGHT
 40
4.0
  9
$LOFTANG1
 40
1.570796326794897
  9
$LOFTANG2
 40
1.570796326794897
  9
$LOFTMAG1
 40
0.0
  9
$LOFTMAG2
 40
0.0
  9
$LOFTPARAM
 70
     7
  9
$LOFTNORMALS
280
     1
  9
$LATITUDE
 40
37.795
  9
$LONGITUDE
 40
-122.394
  9
$NORTHDIRECTION
 40
0.0
  9
$TIMEZONE
 70
 -8000
  9
$LIGHTGLYPHDISPLAY
280
     1
  9
$TILEMODELIGHTSYNCH
280
     1
  9
$CMATERIAL
347
A1F
  9
$SOLIDHIST
280
     0
  9
$SHOWHIST
280
     1
  9
$DWFFRAME
280
     2
  9
$DGNFRAME
280
     2
  9
$REALWORLDSCALE
290
     1
  9
$INTERFERECOLOR
 62
   256
  9
$CSHADOW
280
     0
  9
$SHADOWPLANELOCATION
 40
0.0
  0
ENDSEC
  0
SECTION
  2
CLASSES
  0
CLASS
  1
ACDBDICTIONARYWDFLT
  2
AcDbDictionaryWithDefault
  3
ObjectDBX Classes
 90
        0
 91
        3
280
     0
281
     0
  0
CLASS
  1
VISUALSTYLE
  2
AcDbVisualStyle
  3
ObjectDBX Classes
 90
     4095
 91
        3
280
     0
281
     0
  0
CLASS
  1
MATERIAL
  2
AcDbMaterial
  3
ObjectDBX Classes
 90
     1153
 91
        3
280
     0
281
     0
  0
CLASS
  1
SCALE
  2
AcDbScale
  3
ObjectDBX Classes
 90
     1153
 91
        3
280
     0
281
     0
  0
CLASS
  1
TABLESTYLE
  2
AcDbTableStyle
  3
ObjectDBX Classes
 90
     4095
 91
        3
280
     0
281
     0
  0
CLASS
  1
MLEADERSTYLE
  2
AcDbMLeaderStyle
  3
ACDB_MLEADERSTYLE_CLASS
 90
     4095
 91
        3
280
     0
281
     0
  0
CLASS
  1
SUN
  2
AcDbSun
  3
SCENEOE
 90
     1153
 91
        3
280
     0
281
     0
  0
CLASS
  1
RASTERVARIABLES
  2
AcDbRasterVariables
  3
ISM
 90
        0
 91
        3
280
     0
281
     0
  0
CLASS
  1
DICTIONARYVAR
  2
AcDbDictionaryVar
  3
ObjectDBX Classes
 90
        0
 91
        3
280
     0
281
     0
  0
CLASS
  1
CELLSTYLEMAP
  2
AcDbCellStyleMap
  3
ObjectDBX Classes
 90
     1152
 91
        3
280
     0
281
     0
  0
ENDSEC
  0
SECTION
  2
TABLES
  0
TABLE
  2
VPORT
  5
9E4
330
0
100
AcDbSymbolTable
 70
     1
  0
VPORT
  5
A04
330
9E4
100
AcDbSymbolTableRecord
100
AcDbViewportTableRecord
  2
*Active
 70
     0
 10
0.0
 20
0.0
 11
1.0
 21
1.0
 12
-0.0000000000000018
 22
-0.0999999999999988
 13
0.0
 23
0.0
 14
0.5
 24
0.5
 15
0.5
 25
0.5
 16
0.0
 26
0.0
 36
1.0
 17
0.0
 27
0.0
 37
0.0
 40
30.60732177263969
 41
1.801324503311258
 42
50.0
 43
0.0
 44
0.0
 50
0.0
 51
0.0
 71
     0
 72
   100
 73
     1
 74
     3
 75
     0
 76
     0
 77
     0
 78
     0
281
     0
 65
     1
110
0.0
120
0.0
130
0.0
111
1.0
121
0.0
131
0.0
112
0.0
122
1.0
132
0.0
 79
     0
146
0.0
348
A0A
 60
     3
 61
     5
292
     1
282
     1
141
0.0
142
0.0
 63
   250
361
A38
  0
ENDTAB
  0
TABLE
  2
LTYPE
  5
9E1
330
0
100
AcDbSymbolTable
 70
    51
  0
LTYPE
  5
9EF
330
9E1
100
AcDbSymbolTableRecord
100
AcDbLinetypeTableRecord
  2
ByBlock
 70
     0
  3

 72
    65
 73
     0
 40
0.0
  0
LTYPE
  5
9F0
330
9E1
100
AcDbSymbolTableRecord
100
AcDbLinetypeTableRecord
  2
ByLayer
 70
     0
  3

 72
    65
 73
     0
 40
0.0
  0
LTYPE
  5
9F1
330
9E1
100
AcDbSymbolTableRecord
100
AcDbLinetypeTableRecord
  2
Continuous
 70
     0
  3
Solid line
 72
    65
 73
     0
 40
0.0
  0
LTYPE
  5
A74
330
9E1
100
AcDbSymbolTableRecord
100
AcDbLinetypeTableRecord
  2
ACAD_ISO14W100
 70
     0
  3
ISO dash triple-dot __ . . . __ . . . __ . . . _
 72
    65
 73
     8
 40
24.0
 49
12.0
 74
     0
 49
-3.0
 74
     0
 49
0.0
 74
     0
 49
-3.0
 74
     0
 49
0.0
 74
     0
 49
-3.0
 74
     0
 49
0.0
 74
     0
 49
-3.0
 74
     0
  0
LTYPE
  5
A75
330
9E1
100
AcDbSymbolTableRecord
100
AcDbLinetypeTableRecord
  2
ACAD_ISO15W100
 70
     0
  3
ISO double-dash triple-dot __ __ . . . __ __ . .
 72
    65
 73
    10
 40
39.0
 49
12.0
 74
     0
 49
-3.0
 74
     0
 49
12.0
 74
     0
 49
-3.0
 74
     0
 49
0.0
 74
     0
 49
-3.0
 74
     0
 49
0.0
 74
     0
 49
-3.0
 74
     0
 49
0.0
 74
     0
 49
-3.0
 74
     0
  0
LTYPE
  5
A76
330
9E1
100
AcDbSymbolTableRecord
100
AcDbLinetypeTableRecord
  2
DIVIDEX2
 70
     0
  3
Divide (2x) ________  .  .  ________  .  .  _
 72
    65
 73
     6
 40
63.5
 49
25.4
 74
     0
 49
-12.7
 74
     0
 49
0.0
 74
     0
 49
-12.7
 74
     0
 49
0.0
 74
     0
 49
-12.7
 74
     0
  0
LTYPE
  5
A77
330
9E1
100
AcDbSymbolTableRecord
100
AcDbLinetypeTableRecord
  2
PHANTOM2
 70
     0
  3
Phantom (.5x) ___ _ _ ___ _ _ ___ _ _ ___ _ _
 72
    65
 73
     6
 40
31.75
 49
15.875
 74
     0
 49
-3.175
 74
     0
 49
3.175
 74
     0
 49
-3.175
 74
     0
 49
3.175
 74
     0
 49
-3.175
 74
     0
  0
LTYPE
  5
A78
330
9E1
100
AcDbSymbolTableRecord
100
AcDbLinetypeTableRecord
  2
TRACKS
 70
     0
  3
Tracks -|-|-|-|-|-|-|-|-|-|-|-|-|-|-|-|-|-|-|-|-|-|-|-|-
 72
    65
 73
     2
 40
7.62
 49
3.81
 74
     0
 49
3.81
 74
     0
  0
LTYPE
  5
A79
330
9E1
100
AcDbSymbolTableRecord
100
AcDbLinetypeTableRecord
  2
PHANTOMX2
 70
     0
  3
Phantom (2x) ____________    ____    ____   _
 72
    65
 73
     6
 40
127.0
 49
63.5
 74
     0
 49
-12.7
 74
     0
 49
12.7
 74
     0
 49
-12.7
 74
     0
 49
12.7
 74
     0
 49
-12.7
 74
     0
  0
LTYPE
  5
A7A
330
9E1
100
AcDbSymbolTableRecord
100
AcDbLinetypeTableRecord
  2
ACAD_ISO10W100
 70
     0
  3
ISO dash dot __ . __ . __ . __ . __ . __ . __ . 
 72
    65
 73
     4
 40
18.0
 49
12.0
 74
     0
 49
-3.0
 74
     0
 49
0.0
 74
     0
 49
-3.0
 74
     0
  0
LTYPE
  5
A7B
330
9E1
100
AcDbSymbolTableRecord
100
AcDbLinetypeTableRecord
  2
ACAD_ISO05W100
 70
     0
  3
ISO long-dash double-dot ____ .. ____ .. ____ . 
 72
    65
 73
     6
 40
33.0
 49
24.0
 74
     0
 49
-3.0
 74
     0
 49
0.0
 74
     0
 49
-3.0
 74
     0
 49
0.0
 74
     0
 49
-3.0
 74
     0
  0
LTYPE
  5
A7C
330
9E1
100
AcDbSymbolTableRecord
100
AcDbLinetypeTableRecord
  2
CENTER2
 70
     0
  3
Center (.5x) ___ _ ___ _ ___ _ ___ _ ___ _ ___
 72
    65
 73
     4
 40
28.575
 49
19.05
 74
     0
 49
-3.175
 74
     0
 49
3.175
 74
     0
 49
-3.175
 74
     0
  0
LTYPE
  5
A7D
330
9E1
100
AcDbSymbolTableRecord
100
AcDbLinetypeTableRecord
  2
FENCELINE1
 70
     0
  3
Fenceline circle ----0-----0----0-----0----0-----0--
 72
    65
 73
     4
 40
36.83
 49
6.35
 74
     0
 49
-2.54
 74
     0
 49
-2.54
 74
     0
 49
25.4
 74
     0
  0
LTYPE
  5
A7E
330
9E1
100
AcDbSymbolTableRecord
100
AcDbLinetypeTableRecord
  2
ACAD_ISO02W100
 70
     0
  3
ISO dash __ __ __ __ __ __ __ __ __ __ __ __ __
 72
    65
 73
     2
 40
15.0
 49
12.0
 74
     0
 49
-3.0
 74
     0
  0
LTYPE
  5
A7F
330
9E1
100
AcDbSymbolTableRecord
100
AcDbLinetypeTableRecord
  2
DOTX2
 70
     0
  3
Dot (2x) .  .  .  .  .  .  .  .  .  .  .  .  .  .
 72
    65
 73
     2
 40
12.7
 49
0.0
 74
     0
 49
-12.7
 74
     0
  0
LTYPE
  5
A80
330
9E1
100
AcDbSymbolTableRecord
100
AcDbLinetypeTableRecord
  2
ACAD_ISO13W100
 70
     0
  3
ISO double-dash double-dot __ __ . . __ __ . . _
 72
    65
 73
     8
 40
36.0
 49
12.0
 74
     0
 49
-3.0
 74
     0
 49
12.0
 74
     0
 49
-3.0
 74
     0
 49
0.0
 74
     0
 49
-3.0
 74
     0
 49
0.0
 74
     0
 49
-3.0
 74
     0
  0
LTYPE
  5
A81
330
9E1
100
AcDbSymbolTableRecord
100
AcDbLinetypeTableRecord
  2
ACAD_ISO08W100
 70
     0
  3
ISO long-dash short-dash ____ __ ____ __ ____ _
 72
    65
 73
     4
 40
36.0
 49
24.0
 74
     0
 49
-3.0
 74
     0
 49
6.0
 74
     0
 49
-3.0
 74
     0
  0
LTYPE
  5
A82
330
9E1
100
AcDbSymbolTableRecord
100
AcDbLinetypeTableRecord
  2
CENTER
 70
     0
  3
Center ____ _ ____ _ ____ _ ____ _ ____ _ ____
 72
    65
 73
     4
 40
50.8
 49
31.75
 74
     0
 49
-6.35
 74
     0
 49
6.35
 74
     0
 49
-6.35
 74
     0
  0
LTYPE
  5
A83
330
9E1
100
AcDbSymbolTableRecord
100
AcDbLinetypeTableRecord
  2
CENTERX2
 70
     0
  3
Center (2x) ________  __  ________  __  _____
 72
    65
 73
     4
 40
101.6
 49
63.5
 74
     0
 49
-12.7
 74
     0
 49
12.7
 74
     0
 49
-12.7
 74
     0
  0
LTYPE
  5
A84
330
9E1
100
AcDbSymbolTableRecord
100
AcDbLinetypeTableRecord
  2
DASHDOTX2
 70
     0
  3
Dash dot (2x) ____  .  ____  .  ____  .  ___
 72
    65
 73
     4
 40
50.8
 49
25.4
 74
     0
 49
-12.7
 74
     0
 49
0.0
 74
     0
 49
-12.7
 74
     0
  0
LTYPE
  5
A85
330
9E1
100
AcDbSymbolTableRecord
100
AcDbLinetypeTableRecord
  2
PLANT
 70
     0
  3
_/^ \_\^ \_
 72
    65
 73
     7
 40
21.94
 49
0.01
 74
     0
 49
-3.0
 74
     0
 49
-3.15
 74
     0
 49
-4.23
 74
     0
 49
-4.63
 74
     0
 49
-2.5
 74
     0
 49
-4.42
 74
     0
  0
LTYPE
  5
A86
330
9E1
100
AcDbSymbolTableRecord
100
AcDbLinetypeTableRecord
  2
ACAD_ISO04W100
 70
     0
  3
ISO long-dash dot ____ . ____ . ____ . ____ . _
 72
    65
 73
     4
 40
30.0
 49
24.0
 74
     0
 49
-3.0
 74
     0
 49
0.0
 74
     0
 49
-3.0
 74
     0
  0
LTYPE
  5
A87
330
9E1
100
AcDbSymbolTableRecord
100
AcDbLinetypeTableRecord
  2
GAS_LINE
 70
     0
  3
Gas line ----GAS----GAS----GAS----GAS----GAS----GAS--
 72
    65
 73
     3
 40
24.13
 49
12.7
 74
     0
 49
-5.08
 74
     0
 49
-6.35
 74
     0
  0
LTYPE
  5
A88
330
9E1
100
AcDbSymbolTableRecord
100
AcDbLinetypeTableRecord
  2
ACAD_ISO09W100
 70
     0
  3
ISO long-dash double-short-dash ____ __ __ ____
 72
    65
 73
     6
 40
45.0
 49
24.0
 74
     0
 49
-3.0
 74
     0
 49
6.0
 74
     0
 49
-3.0
 74
     0
 49
6.0
 74
     0
 49
-3.0
 74
     0
  0
LTYPE
  5
A89
330
9E1
100
AcDbSymbolTableRecord
100
AcDbLinetypeTableRecord
  2
FENCELINE2
 70
     0
  3
Fenceline square ----[]-----[]----[]-----[]----[]---
 72
    65
 73
     4
 40
36.83
 49
6.35
 74
     0
 49
-2.54
 74
     0
 49
-2.54
 74
     0
 49
25.4
 74
     0
  0
LTYPE
  5
A8A
330
9E1
100
AcDbSymbolTableRecord
100
AcDbLinetypeTableRecord
  2
DASHED2
 70
     0
  3
Dashed (.5x) _ _ _ _ _ _ _ _ _ _ _ _ _ _ _ _ _ 
 72
    65
 73
     2
 40
9.524999999999999
 49
6.35
 74
     0
 49
-3.175
 74
     0
  0
LTYPE
  5
A8B
330
9E1
100
AcDbSymbolTableRecord
100
AcDbLinetypeTableRecord
  2
HIDDENX2
 70
     0
  3
Hidden (2x) ____ ____ ____ ____ ____ ____ ____ 
 72
    65
 73
     2
 40
19.05
 49
12.7
 74
     0
 49
-6.35
 74
     0
  0
LTYPE
  5
A8C
330
9E1
100
AcDbSymbolTableRecord
100
AcDbLinetypeTableRecord
  2
ZIGZAG
 70
     0
  3
Zig zag /\/\/\/\/\/\/\/\/\/\/\/\/\/\/\/\/\/\/\/\/\/\/\/
 72
    65
 73
     4
 40
20.32254
 49
0.00254
 74
     0
 49
-5.08
 74
     0
 49
-10.16
 74
     0
 49
-5.08
 74
     0
  0
LTYPE
  5
A8D
330
9E1
100
AcDbSymbolTableRecord
100
AcDbLinetypeTableRecord
  2
DRAINAGE
 70
     0
  3
Drainage ---->---->---->----
 72
    65
 73
     2
 40
10.16
 49
5.08
 74
     0
 49
5.08
 74
     0
  0
LTYPE
  5
A8E
330
9E1
100
AcDbSymbolTableRecord
100
AcDbLinetypeTableRecord
  2
HIDDEN
 70
     0
  3
Hidden __ __ __ __ __ __ __ __ __ __ __ __ __ __
 72
    65
 73
     2
 40
9.524999999999999
 49
6.35
 74
     0
 49
-3.175
 74
     0
  0
LTYPE
  5
A8F
330
9E1
100
AcDbSymbolTableRecord
100
AcDbLinetypeTableRecord
  2
DRAINAGE2
 70
     0
  3
Drainage reversed----<----<----<----
 72
    65
 73
     2
 40
10.16
 49
5.08
 74
     0
 49
5.08
 74
     0
  0
LTYPE
  5
A90
330
9E1
100
AcDbSymbolTableRecord
100
AcDbLinetypeTableRecord
  2
DASHDOT2
 70
     0
  3
Dash dot (.5x) _._._._._._._._._._._._._._._.
 72
    65
 73
     4
 40
12.7
 49
6.35
 74
     0
 49
-3.175
 74
     0
 49
0.0
 74
     0
 49
-3.175
 74
     0
  0
LTYPE
  5
A91
330
9E1
100
AcDbSymbolTableRecord
100
AcDbLinetypeTableRecord
  2
ACAD_ISO07W100
 70
     0
  3
ISO dot . . . . . . . . . . . . . . . . . . . . 
 72
    65
 73
     2
 40
3.0
 49
0.0
 74
     0
 49
-3.0
 74
     0
  0
LTYPE
  5
A92
330
9E1
100
AcDbSymbolTableRecord
100
AcDbLinetypeTableRecord
  2
BORDER2
 70
     0
  3
Border (.5x) __.__.__.__.__.__.__.__.__.__.__.
 72
    65
 73
     6
 40
22.225
 49
6.35
 74
     0
 49
-3.175
 74
     0
 49
6.35
 74
     0
 49
-3.175
 74
     0
 49
0.0
 74
     0
 49
-3.175
 74
     0
  0
LTYPE
  5
A93
330
9E1
100
AcDbSymbolTableRecord
100
AcDbLinetypeTableRecord
  2
DIVIDE
 70
     0
  3
Divide ____ . . ____ . . ____ . . ____ . . ____
 72
    65
 73
     6
 40
31.75
 49
12.7
 74
     0
 49
-6.35
 74
     0
 49
0.0
 74
     0
 49
-6.35
 74
     0
 49
0.0
 74
     0
 49
-6.35
 74
     0
  0
LTYPE
  5
A94
330
9E1
100
AcDbSymbolTableRecord
100
AcDbLinetypeTableRecord
  2
PHANTOM
 70
     0
  3
Phantom ______  __  __  ______  __  __  ______ 
 72
    65
 73
     6
 40
63.50000000000001
 49
31.75
 74
     0
 49
-6.35
 74
     0
 49
6.35
 74
     0
 49
-6.35
 74
     0
 49
6.35
 74
     0
 49
-6.35
 74
     0
  0
LTYPE
  5
A95
330
9E1
100
AcDbSymbolTableRecord
100
AcDbLinetypeTableRecord
  2
HOT_WATER_SUPPLY
 70
     0
  3
Hot water supply ---- HW ---- HW ---- HW ----
 72
    65
 73
     3
 40
22.86
 49
12.7
 74
     0
 49
-5.08
 74
     0
 49
-5.08
 74
     0
  0
LTYPE
  5
A96
330
9E1
100
AcDbSymbolTableRecord
100
AcDbLinetypeTableRecord
  2
ACAD_ISO11W100
 70
     0
  3
ISO double-dash dot __ __ . __ __ . __ __ . __ _
 72
    65
 73
     6
 40
33.0
 49
12.0
 74
     0
 49
-3.0
 74
     0
 49
12.0
 74
     0
 49
-3.0
 74
     0
 49
0.0
 74
     0
 49
-3.0
 74
     0
  0
LTYPE
  5
A97
330
9E1
100
AcDbSymbolTableRecord
100
AcDbLinetypeTableRecord
  2
BORDERX2
 70
     0
  3
Border (2x) ____  ____  .  ____  ____  .  ___
 72
    65
 73
     6
 40
88.89999999999999
 49
25.4
 74
     0
 49
-12.7
 74
     0
 49
25.4
 74
     0
 49
-12.7
 74
     0
 49
0.0
 74
     0
 49
-12.7
 74
     0
  0
LTYPE
  5
A98
330
9E1
100
AcDbSymbolTableRecord
100
AcDbLinetypeTableRecord
  2
DIVIDE2
 70
     0
  3
Divide (.5x) __..__..__..__..__..__..__..__.._
 72
    65
 73
     6
 40
15.875
 49
6.35
 74
     0
 49
-3.175
 74
     0
 49
0.0
 74
     0
 49
-3.175
 74
     0
 49
0.0
 74
     0
 49
-3.175
 74
     0
  0
LTYPE
  5
A99
330
9E1
100
AcDbSymbolTableRecord
100
AcDbLinetypeTableRecord
  2
DOT
 70
     0
  3
Dot . . . . . . . . . . . . . . . . . . . . . . . .
 72
    65
 73
     2
 40
6.35
 49
0.0
 74
     0
 49
-6.35
 74
     0
  0
LTYPE
  5
A9A
330
9E1
100
AcDbSymbolTableRecord
100
AcDbLinetypeTableRecord
  2
BORDER
 70
     0
  3
Border __ __ . __ __ . __ __ . __ __ . __ __ .
 72
    65
 73
     6
 40
44.45
 49
12.7
 74
     0
 49
-6.35
 74
     0
 49
12.7
 74
     0
 49
-6.35
 74
     0
 49
0.0
 74
     0
 49
-6.35
 74
     0
  0
LTYPE
  5
A9B
330
9E1
100
AcDbSymbolTableRecord
100
AcDbLinetypeTableRecord
  2
ACAD_ISO03W100
 70
     0
  3
ISO dash space __    __    __    __    __    __
 72
    65
 73
     2
 40
30.0
 49
12.0
 74
     0
 49
-18.0
 74
     0
  0
LTYPE
  5
A9C
330
9E1
100
AcDbSymbolTableRecord
100
AcDbLinetypeTableRecord
  2
BATTING
 70
     0
  3
Batting SSSSSSSSSSSSSSSSSSSSSSSSSSSSSSSSSSSSSSSSSSSSSSS
 72
    65
 73
     4
 40
10.16254
 49
0.00254
 74
     0
 49
-2.54
 74
     0
 49
-5.08
 74
     0
 49
-2.54
 74
     0
  0
LTYPE
  5
A9D
330
9E1
100
AcDbSymbolTableRecord
100
AcDbLinetypeTableRecord
  2
DOT2
 70
     0
  3
Dot (.5x) ........................................
 72
    65
 73
     2
 40
3.175
 49
0.0
 74
     0
 49
-3.175
 74
     0
  0
LTYPE
  5
A9E
330
9E1
100
AcDbSymbolTableRecord
100
AcDbLinetypeTableRecord
  2
DASHEDX2
 70
     0
  3
Dashed (2x) ____  ____  ____  ____  ____  ___
 72
    65
 73
     2
 40
38.09999999999999
 49
25.4
 74
     0
 49
-12.7
 74
     0
  0
LTYPE
  5
A9F
330
9E1
100
AcDbSymbolTableRecord
100
AcDbLinetypeTableRecord
  2
ACAD_ISO12W100
 70
     0
  3
ISO dash double-dot __ . . __ . . __ . . __ . . 
 72
    65
 73
     6
 40
21.0
 49
12.0
 74
     0
 49
-3.0
 74
     0
 49
0.0
 74
     0
 49
-3.0
 74
     0
 49
0.0
 74
     0
 49
-3.0
 74
     0
  0
LTYPE
  5
AA0
330
9E1
100
AcDbSymbolTableRecord
100
AcDbLinetypeTableRecord
  2
POINT2
 70
     0
  3
----\/-----\/---
 72
    65
 73
     2
 40
31.26232
 49
25.4
 74
     0
 49
-5.86232
 74
     0
  0
LTYPE
  5
AA1
330
9E1
100
AcDbSymbolTableRecord
100
AcDbLinetypeTableRecord
  2
POINT1
 70
     0
  3
----/\-----/\---
 72
    65
 73
     2
 40
31.26232
 49
25.4
 74
     0
 49
-5.86232
 74
     0
  0
LTYPE
  5
AA2
330
9E1
100
AcDbSymbolTableRecord
100
AcDbLinetypeTableRecord
  2
DASHED
 70
     0
  3
Dashed __ __ __ __ __ __ __ __ __ __ __ __ __ _
 72
    65
 73
     2
 40
19.05
 49
12.7
 74
     0
 49
-6.35
 74
     0
  0
LTYPE
  5
AA3
330
9E1
100
AcDbSymbolTableRecord
100
AcDbLinetypeTableRecord
  2
DASHDOT
 70
     0
  3
Dash dot __ . __ . __ . __ . __ . __ . __ . __
 72
    65
 73
     4
 40
25.4
 49
12.7
 74
     0
 49
-6.35
 74
     0
 49
0.0
 74
     0
 49
-6.35
 74
     0
  0
LTYPE
  5
AA4
330
9E1
100
AcDbSymbolTableRecord
100
AcDbLinetypeTableRecord
  2
HIDDEN2
 70
     0
  3
Hidden (.5x) _ _ _ _ _ _ _ _ _ _ _ _ _ _ _ _ _ 
 72
    65
 73
     2
 40
4.762499999999999
 49
3.175
 74
     0
 49
-1.5875
 74
     0
  0
LTYPE
  5
AA5
330
9E1
100
AcDbSymbolTableRecord
100
AcDbLinetypeTableRecord
  2
ACAD_ISO06W100
 70
     0
  3
ISO long-dash triple-dot ____ ... ____ ... ____
 72
    65
 73
     8
 40
36.0
 49
24.0
 74
     0
 49
-3.0
 74
     0
 49
0.0
 74
     0
 49
-3.0
 74
     0
 49
0.0
 74
     0
 49
-3.0
 74
     0
 49
0.0
 74
     0
 49
-3.0
 74
     0
  0
ENDTAB
  0
TABLE
  2
LAYER
  5
9DF
330
0
100
AcDbSymbolTable
 70
     1
  0
LAYER
  5
9EC
330
9DF
100
AcDbSymbolTableRecord
100
AcDbLayerTableRecord
  2
0
 70
     0
 62
     7
  6
Continuous
370
    -3
390
9EB
347
A21
348
0
  0
ENDTAB
  0
TABLE
  2
STYLE
  5
9E0
330
0
100
AcDbSymbolTable
 70
     2
  0
STYLE
  5
9ED
330
9E0
100
AcDbSymbolTableRecord
100
AcDbTextStyleTableRecord
  2
Standard
 70
     0
 40
0.0
 41
1.0
 50
0.0
 71
     0
 42
0.2
  3
txt
  4

  0
STYLE
  5
A72
330
9E0
100
AcDbSymbolTableRecord
100
AcDbTextStyleTableRecord
  2
QCADDimTextStyle
 70
     0
 40
0.0
 41
1.0
 50
0.0
 71
     0
 42
0.2
  3

  4

  0
ENDTAB
  0
TABLE
  2
VIEW
  5
9E2
330
0
100
AcDbSymbolTable
 70
     0
  0
ENDTAB
  0
TABLE
  2
UCS
  5
9E3
330
0
100
AcDbSymbolTable
 70
     0
  0
ENDTAB
  0
TABLE
  2
APPID
  5
9E5
330
0
100
AcDbSymbolTable
 70
     2
  0
APPID
  5
9EE
330
9E5
100
AcDbSymbolTableRecord
100
AcDbRegAppTableRecord
  2
ACAD
 70
     0
  0
APPID
  5
A39
330
9E5
100
AcDbSymbolTableRecord
100
AcDbRegAppTableRecord
  2
QCAD
 70
     0
  0
ENDTAB
  0
TABLE
  2
DIMSTYLE
  5
9E6
330
0
100
AcDbSymbolTable
 70
     2
100
AcDbDimStyleTable
  0
DIMSTYLE
105
A02
330
9E6
100
AcDbSymbolTableRecord
100
AcDbDimStyleTableRecord
  2
Standard
 70
     0
178
     0
340
9ED
  0
DIMSTYLE
105
A73
330
9E6
100
AcDbSymbolTableRecord
100
AcDbDimStyleTableRecord
  2
QCADDimStyle
 70
     0
178
     0
279
     2
340
A72
  0
ENDTAB
  0
TABLE
  2
BLOCK_RECORD
  5
9DE
330
0
100
AcDbSymbolTable
 70
     0
  0
BLOCK_RECORD
  5
9FA
330
9DE
100
AcDbSymbolTableRecord
100
AcDbBlockTableRecord
  2
*Model_Space
340
9FD
 70
     0
280
     1
281
     0
  0
BLOCK_RECORD
  5
9F6
330
9DE
100
AcDbSymbolTableRecord
100
AcDbBlockTableRecord
  2
*Paper_Space
340
9F9
 70
     0
280
     1
281
     0
  0
ENDTAB
  0
ENDSEC
  0
SECTION
  2
BLOCKS
  0
BLOCK
  5
9FB
330
9FA
100
AcDbEntity
  8
0
100
AcDbBlockBegin
  2
*Model_Space
 70
     0
 10
0.0
 20
0.0
 30
0.0
  3
*Model_Space
  1

  0
ENDBLK
  5
9FC
330
9FA
100
AcDbEntity
  8
0
100
AcDbBlockEnd
  0
BLOCK
  5
9F7
330
9F6
100
AcDbEntity
 67
     1
  8
0
100
AcDbBlockBegin
  2
*Paper_Space
 70
     0
 10
0.0
 20
0.0
 30
0.0
  3
*Paper_Space
  1

  0
ENDBLK
  5
9F8
330
9F6
100
AcDbEntity
 67
     1
  8
0
100
AcDbBlockEnd
  0
ENDSEC
  0
SECTION
  2
ENTITIES
  0
LWPOLYLINE
  5
22
330
9FA
100
AcDbEntity
  8
0
100
AcDbPolyline
 90
      721
 70
     0
 43
0.0
 10
0.5
 20
0.0
 10
0.509166
 20
0.044546
 10
0.514288
 20
0.090683
 10
0.51516
 20
0.138037
 10
0.51161
 20
0.186211
 10
0.503504
 20
0.234788
 10
0.490748
 20
0.283333
 10
0.473288
 20
0.3314
 10
0.451115
 20
0.37853
 10
0.424264
 20
0.424264
 10
0.392815
 20
0.468138
 10
0.356892
 20
0.509695
 10
0.316667
 20
0.548483
 10
0.272354
 20
0.584065
 10
0.224213
 20
0.616021
 10
0.172546
 20
0.643951
 10
0.117695
 20
0.667481
 10
0.060041
 20
0.686267
 10
0.0
 20
0.7
 10
-0.061977
 20
0.708405
 10
-0.125413
 20
0.71125
 10
-0.189801
 20
0.708346
 10
-0.254615
 20
0.699549
 10
-0.319312
 20
0.684766
 10
-0.383333
 20
0.663953
 10
-0.446115
 20
0.637118
 10
-0.507088
 20
0.604324
 10
-0.565685
 20
0.565685
 10
-0.621347
 20
0.521372
 10
-0.673525
 20
0.471607
 10
-0.721688
 20
0.416667
 10
-0.765327
 20
0.356878
 10
-0.803959
 20
0.292617
 10
-0.837136
 20
0.22431
 10
-0.864442
 20
0.152425
 10
-0.885506
 20
0.077472
 10
-0.9
 20
0.0
 10
-0.907644
 20
-0.079409
 10
-0.908212
 20
-0.160142
 10
-0.901531
 20
-0.241564
 10
-0.887487
 20
-0.323019
 10
-0.866027
 20
-0.403835
 10
-0.837158
 20
-0.483333
 10
-0.800949
 20
-0.56083
 10
-0.757533
 20
-0.635646
 10
-0.707107
 20
-0.707107
 10
-0.64993
 20
-0.774556
 10
-0.586323
 20
-0.837355
 10
-0.516667
 20
-0.894893
 10
-0.441401
 20
-0.946588
 10
-0.361021
 20
-0.991898
 10
-0.276074
 20
-1.030321
 10
-0.187154
 20
-1.061404
 10
-0.094903
 20
-1.084745
 10
0.0
 20
-1.1
 10
0.09684
 20
-1.106883
 10
0.194872
 20
-1.105173
 10
0.293328
 20
-1.094716
 10
0.391423
 20
-1.075426
 10
0.488359
 20
-1.047289
 10
0.583333
 20
-1.010363
 10
0.675546
 20
-0.964779
 10
0.764203
 20
-0.910742
 10
0.848528
 20
-0.848528
 10
0.927765
 20
-0.778487
 10
1.001186
 20
-0.701038
 10
1.068098
 20
-0.616667
 10
1.12785
 20
-0.525925
 10
1.179836
 20
-0.429425
 10
1.223506
 20
-0.327837
 10
1.258365
 20
-0.221884
 10
1.283984
 20
-0.112334
 10
1.3
 20
0.0
 10
1.306122
 20
0.114271
 10
1.302135
 20
0.229601
 10
1.287901
 20
0.345092
 10
1.263365
 20
0.459827
 10
1.228551
 20
0.572883
 10
1.183568
 20
0.683333
 10
1.128609
 20
0.790261
 10
1.063951
 20
0.892761
 10
0.989949
 20
0.989949
 10
0.907045
 20
1.080974
 10
0.815753
 20
1.165016
 10
0.716667
 20
1.241303
 10
0.610449
 20
1.309111
 10
0.497829
 20
1.367775
 10
0.379601
 20
1.416691
 10
0.256613
 20
1.455327
 10
0.129765
 20
1.483223
 10
0.0
 20
1.5
 10
-0.131702
 20
1.505361
 10
-0.264331
 20
1.499096
 10
-0.396856
 20
1.481086
 10
-0.528231
 20
1.451303
 10
-0.657406
 20
1.409812
 10
-0.783333
 20
1.356773
 10
-0.904976
 20
1.29244
 10
-1.021318
 20
1.21716
 10
-1.131371
 20
1.131371
 10
-1.234183
 20
1.035602
 10
-1.328847
 20
0.930468
 10
-1.414508
 20
0.816667
 10
-1.490373
 20
0.694972
 10
-1.555713
 20
0.566233
 10
-1.609876
 20
0.431365
 10
-1.652289
 20
0.291343
 10
-1.682462
 20
0.147196
 10
-1.7
 20
0.0
 10
-1.7046
 20
-0.149133
 10
-1.696058
 20
-0.299061
 10
-1.674271
 20
-0.44862
 10
-1.639242
 20
-0.596635
 10
-1.591074
 20
-0.74193
 10
-1.529978
 20
-0.883333
 10
-1.45627
 20
-1.019691
 10
-1.370368
 20
-1.149876
 10
-1.272792
 20
-1.272792
 10
-1.16416
 20
-1.387392
 10
-1.045184
 20
-1.492677
 10
-0.916667
 20
-1.587713
 10
-0.779496
 20
-1.671634
 10
-0.634637
 20
-1.743652
 10
-0.483129
 20
-1.803062
 10
-0.326073
 20
-1.84925
 10
-0.164628
 20
-1.881701
 10
0.0
 20
-1.9
 10
0.166564
 20
-1.903839
 10
0.33379
 20
-1.893019
 10
0.500383
 20
-1.867457
 10
0.665039
 20
-1.82718
 10
0.826453
 20
-1.772335
 10
0.983333
 20
-1.703183
 10
1.134407
 20
-1.620101
 10
1.278433
 20
-1.523577
 10
1.414214
 20
-1.414214
 10
1.5406
 20
-1.292717
 10
1.656507
 20
-1.159899
 10
1.760918
 20
-1.016667
 10
1.852896
 20
-0.86402
 10
1.93159
 20
-0.703041
 10
1.996247
 20
-0.534893
 10
2.046212
 20
-0.360802
 10
2.08094
 20
-0.182059
 10
2.1
 20
0.0
 10
2.103078
 20
0.183995
 10
2.089981
 20
0.36852
 10
2.060642
 20
0.552147
 10
2.015119
 20
0.733443
 10
1.953597
 20
0.910977
 10
1.876388
 20
1.083333
 10
1.783931
 20
1.249122
 10
1.676786
 20
1.406991
 10
1.555635
 20
1.555635
 10
1.421275
 20
1.693809
 10
1.274614
 20
1.820338
 10
1.116667
 20
1.934123
 10
0.948543
 20
2.034157
 10
0.771445
 20
2.119529
 10
0.586657
 20
2.189432
 10
0.395532
 20
2.243173
 10
0.19949
 20
2.280179
 10
0.0
 20
2.3
 10
-0.201427
 20
2.302317
 10
-0.40325
 20
2.286942
 10
-0.603911
 20
2.253827
 10
-0.801847
 20
2.203057
 10
-0.995501
 20
2.134858
 10
-1.183333
 20
2.049593
 10
-1.363837
 20
1.947762
 10
-1.535548
 20
1.829995
 10
-1.697056
 20
1.697056
 10
-1.847018
 20
1.549832
 10
-1.984168
 20
1.38933
 10
-2.107328
 20
1.216667
 10
-2.215419
 20
1.033067
 10
-2.307467
 20
0.839849
 10
-2.382617
 20
0.63842
 10
-2.440135
 20
0.430262
 10
-2.479418
 20
0.216921
 10
-2.5
 20
0.0
 10
-2.501556
 20
-0.218858
 10
-2.483904
 20
-0.437979
 10
-2.447012
 20
-0.655675
 10
-2.390996
 20
-0.870251
 10
-2.31612
 20
-1.080024
 10
-2.222799
 20
-1.283333
 10
-2.111592
 20
-1.478553
 10
-1.983204
 20
-1.664106
 10
-1.838478
 20
-1.838478
 10
-1.67839
 20
-2.000227
 10
-1.504045
 20
-2.147999
 10
-1.316667
 20
-2.280534
 10
-1.117591
 20
-2.396681
 10
-0.908253
 20
-2.495406
 10
-0.690184
 20
-2.575802
 10
-0.464991
 20
-2.637096
 10
-0.234352
 20
-2.678657
 10
0.0
 20
-2.7
 10
0.236289
 20
-2.700795
 10
0.472709
 20
-2.680866
 10
0.707439
 20
-2.640197
 10
0.938655
 20
-2.578934
 10
1.164548
 20
-2.497381
 10
1.383333
 20
-2.396004
 10
1.593268
 20
-2.275422
 10
1.792663
 20
-2.136413
 10
1.979899
 20
-1.979899
 10
2.153436
 20
-1.806947
 10
2.311829
 20
-1.61876
 10
2.453739
 20
-1.416667
 10
2.577942
 20
-1.202114
 10
2.683344
 20
-0.976658
 10
2.768987
 20
-0.741948
 10
2.834058
 20
-0.499721
 10
2.877896
 20
-0.251783
 10
2.9
 20
0.0
 10
2.900033
 20
0.25372
 10
2.877827
 20
0.507439
 10
2.833382
 20
0.759203
 10
2.766873
 20
1.007059
 10
2.678643
 20
1.249072
 10
2.569209
 20
1.483333
 10
2.439253
 20
1.707983
 10
2.289622
 20
1.921221
 10
2.12132
 20
2.12132
 10
1.935505
 20
2.306645
 10
1.733475
 20
2.47566
 10
1.516667
 20
2.626944
 10
1.286638
 20
2.759204
 10
1.045062
 20
2.871283
 10
0.793712
 20
2.962173
 10
0.534451
 20
3.031019
 10
0.269214
 20
3.077135
 10
0.0
 20
3.1
 10
-0.271151
 20
3.099272
 10
-0.542168
 20
3.074789
 10
-0.810966
 20
3.026568
 10
-1.075463
 20
2.954811
 10
-1.333595
 20
2.859905
 10
-1.583333
 20
2.742414
 10
-1.822698
 20
2.603083
 10
-2.049778
 20
2.442831
 10
-2.262742
 20
2.262742
 10
-2.459854
 20
2.064062
 10
-2.63949
 20
1.848191
 10
-2.800149
 20
1.616667
 10
-2.940465
 20
1.371161
 10
-3.059222
 20
1.113466
 10
-3.155358
 20
0.845476
 10
-3.227981
 20
0.56918
 10
-3.276374
 20
0.286646
 10
-3.3
 20
0.0
 10
-3.298511
 20
-0.288582
 10
-3.27175
 20
-0.576898
 10
-3.219753
 20
-0.86273
 10
-3.14275
 20
-1.143867
 10
-3.041166
 20
-1.418119
 10
-2.915619
 20
-1.683333
 10
-2.766914
 20
-1.937414
 10
-2.59604
 20
-2.178336
 10
-2.404163
 20
-2.404163
 10
-2.19262
 20
-2.613063
 10
-1.962906
 20
-2.80332
 10
-1.716667
 20
-2.973354
 10
-1.455685
 20
-3.121727
 10
-1.18187
 20
-3.24716
 10
-0.897239
 20
-3.348543
 10
-0.60391
 20
-3.424943
 10
-0.304077
 20
-3.475613
 10
0.0
 20
-3.5
 10
0.306013
 20
-3.49775
 10
0.611627
 20
-3.468712
 10
0.914494
 20
-3.412938
 10
1.212271
 20
-3.330688
 10
1.502643
 20
-3.222428
 10
1.783333
 20
-3.088824
 10
2.052129
 20
-2.930744
 10
2.306893
 20
-2.749248
 10
2.545584
 20
-2.545584
 10
2.766272
 20
-2.321177
 10
2.967151
 20
-2.077621
 10
3.146559
 20
-1.816667
 10
3.302988
 20
-1.540209
 10
3.435099
 20
-1.250274
 10
3.541728
 20
-0.949003
 10
3.621904
 20
-0.638639
 10
3.674852
 20
-0.321508
 10
3.7
 20
0.0
 10
3.696989
 20
0.323445
 10
3.665673
 20
0.646357
 10
3.606123
 20
0.966258
 10
3.518627
 20
1.280675
 10
3.403689
 20
1.587166
 10
3.262029
 20
1.883333
 10
3.094574
 20
2.166844
 10
2.902457
 20
2.435451
 10
2.687006
 20
2.687006
 10
2.449735
 20
2.91948
 10
2.192337
 20
3.130981
 10
1.916667
 20
3.319764
 10
1.624732
 20
3.48425
 10
1.318678
 20
3.623037
 10
1.000767
 20
3.734913
 10
0.673369
 20
3.818866
 10
0.338939
 20
3.87409
 10
0.0
 20
3.9
 10
-0.340876
 20
3.896228
 10
-0.681087
 20
3.862635
 10
-1.018022
 20
3.799308
 10
-1.349079
 20
3.706565
 10
-1.67169
 20
3.584951
 10
-1.983333
 20
3.435234
 10
-2.28156
 20
3.258405
 10
-2.564008
 20
3.055666
 10
-2.828427
 20
2.828427
 10
-3.072689
 20
2.578293
 10
-3.294812
 20
2.307052
 10
-3.492969
 20
2.016667
 10
-3.665511
 20
1.709256
 10
-3.810976
 20
1.387082
 10
-3.928098
 20
1.052531
 10
-4.015827
 20
0.708099
 10
-4.073329
 20
0.35637
 10
-4.1
 20
0.0
 10
-4.095467
 20
-0.358307
 10
-4.059596
 20
-0.715816
 10
-3.992493
 20
-1.069785
 10
-3.894504
 20
-1.417483
 10
-3.766212
 20
-1.756214
 10
-3.608439
 20
-2.083333
 10
-3.422235
 20
-2.396275
 10
-3.208875
 20
-2.692566
 10
-2.969848
 20
-2.969848
 10
-2.70685
 20
-3.225898
 10
-2.421767
 20
-3.458642
 10
-2.116667
 20
-3.666174
 10
-1.79378
 20
-3.846773
 10
-1.455486
 20
-3.998914
 10
-1.104295
 20
-4.121284
 10
-0.742828
 20
-4.212789
 10
-0.373801
 20
-4.272568
 10
0.0
 20
-4.3
 10
0.375738
 20
-4.294706
 10
0.750546
 20
-4.256558
 10
1.121549
 20
-4.185679
 10
1.485888
 20
-4.082442
 10
1.840737
 20
-3.947474
 10
2.183333
 20
-3.781644
 10
2.51099
 20
-3.586066
 10
2.821123
 20
-3.362084
 10
3.11127
 20
-3.11127
 10
3.379107
 20
-2.835408
 10
3.622472
 20
-2.536482
 10
3.839379
 20
-2.216667
 10
4.028035
 20
-1.878303
 10
4.186853
 20
-1.52389
 10
4.314469
 20
-1.156058
 10
4.40975
 20
-0.777558
 10
4.471807
 20
-0.391232
 10
4.5
 20
0.0
 10
4.493945
 20
0.393169
 10
4.45352
 20
0.785276
 10
4.378864
 20
1.173313
 10
4.270381
 20
1.554292
 10
4.128735
 20
1.925261
 10
3.954849
 20
2.283333
 10
3.749896
 20
2.625705
 10
3.515293
 20
2.949681
 10
3.252691
 20
3.252691
 10
2.963965
 20
3.532316
 10
2.651198
 20
3.786303
 10
2.316667
 20
4.012584
 10
1.962827
 20
4.209296
 10
1.592294
 20
4.374791
 10
1.207822
 20
4.507654
 10
0.812288
 20
4.606712
 10
0.408664
 20
4.671046
 10
0.0
 20
4.7
 10
-0.4106
 20
4.693184
 10
-0.820005
 20
4.650481
 10
-1.225077
 20
4.572049
 10
-1.622696
 20
4.458319
 10
-2.009785
 20
4.309997
 10
-2.383333
 20
4.128054
 10
-2.740421
 20
3.913726
 10
-3.078238
 20
3.668502
 10
-3.394113
 20
3.394113
 10
-3.685525
 20
3.092523
 10
-3.950133
 20
2.765913
 10
-4.185789
 20
2.416667
 10
-4.390558
 20
2.047351
 10
-4.56273
 20
1.660698
 10
-4.700839
 20
1.259586
 10
-4.803673
 20
0.847017
 10
-4.870285
 20
0.426095
 10
-4.9
 20
0.0
 10
-4.892423
 20
-0.428032
 10
-4.847443
 20
-0.854735
 10
-4.765234
 20
-1.276841
 10
-4.646258
 20
-1.6911
 10
-4.491259
 20
-2.094308
 10
-4.30126
 20
-2.483333
 10
-4.077557
 20
-2.855136
 10
-3.821711
 20
-3.206796
 10
-3.535534
 20
-3.535534
 10
-3.22108
 20
-3.838734
 10
-2.880628
 20
-4.113964
 10
-2.516667
 20
-4.358995
 10
-2.131874
 20
-4.571819
 10
-1.729102
 20
-4.750668
 10
-1.31135
 20
-4.894024
 10
-0.881747
 20
-5.000635
 10
-0.443526
 20
-5.069524
 10
0.0
 20
-5.1
 10
0.445463
 20
-5.091662
 10
0.889465
 20
-5.044404
 10
1.328604
 20
-4.958419
 10
1.759504
 20
-4.834196
 10
2.178832
 20
-4.67252
 10
2.583333
 20
-4.474465
 10
2.969851
 20
-4.241387
 10
3.335353
 20
-3.974919
 10
3.676955
 20
-3.676955
 10
3.991943
 20
-3.349638
 10
4.277794
 20
-2.995344
 10
4.5322
 20
-2.616667
 10
4.753081
 20
-2.216398
 10
4.938607
 20
-1.797506
 10
5.087209
 20
-1.363114
 10
5.197596
 20
-0.916476
 10
5.268763
 20
-0.460957
 10
5.3
 20
0.0
 10
5.290901
 20
0.462894
 10
5.241366
 20
0.924194
 10
5.151604
 20
1.380368
 10
5.022135
 20
1.827908
 10
4.853782
 20
2.263356
 10
4.64767
 20
2.683333
 10
4.405218
 20
3.084567
 10
4.128128
 20
3.463911
 10
3.818377
 20
3.818377
 10
3.478195
 20
4.145152
 10
3.110059
 20
4.441624
 10
2.716667
 20
4.705405
 10
2.300922
 20
4.934342
 10
1.86591
 20
5.126545
 10
1.414877
 20
5.280395
 10
0.951206
 20
5.394558
 10
0.478388
 20
5.468002
 10
0.0
 20
5.5
 10
-0.480325
 20
5.49014
 10
-0.958924
 20
5.438327
 10
-1.432132
 20
5.34479
 10
-1.896312
 20
5.210074
 10
-2.347879
 20
5.035043
 10
-2.783333
 20
4.820875
 10
-3.199282
 20
4.569048
 10
-3.592469
 20
4.281337
 10
-3.959798
 20
3.959798
 10
-4.29836
 20
3.606753
 10
-4.605455
 20
3.224774
 10
-4.87861
 20
2.816667
 10
-5.115604
 20
2.385445
 10
-5.314484
 20
1.934314
 10
-5.47358
 20
1.466641
 10
-5.59152
 20
0.985936
 10
-5.667241
 20
0.495819
 10
-5.7
 20
0.0
 10
-5.689379
 20
-0.497756
 10
-5.635289
 20
-0.993653
 10
-5.537975
 20
-1.483896
 10
-5.398012
 20
-1.964716
 10
-5.216305
 20
-2.432403
 10
-4.99408
 20
-2.883333
 10
-4.732878
 20
-3.313997
 10
-4.434546
 20
-3.721026
 10
-4.101219
 20
-4.101219
 10
-3.73531
 20
-4.451569
 10
-3.339489
 20
-4.769285
 10
-2.916667
 20
-5.051815
 10
-2.469969
 20
-5.296866
 10
-2.002718
 20
-5.502422
 10
-1.518405
 20
-5.666765
 10
-1.020665
 20
-5.788481
 10
-0.51325
 20
-5.86648
 10
0.0
 20
-5.9
 10
0.515187
 20
-5.888618
 10
1.028383
 20
-5.83225
 10
1.53566
 20
-5.73116
 10
2.03312
 20
-5.585951
 10
2.516927
 20
-5.397566
 10
2.983333
 20
-5.167285
 10
3.428712
 20
-4.896709
 10
3.849584
 20
-4.587755
 10
4.242641
 20
-4.242641
 10
4.604778
 20
-3.863868
 10
4.933116
 20
-3.454205
 10
5.22502
 20
-3.016667
 10
5.478127
 20
-2.554493
 10
5.690361
 20
-2.071122
 10
5.85995
 20
-1.570169
 10
5.985443
 20
-1.055395
 10
6.065719
 20
-0.530682
 10
6.1
 20
0.0
 10
6.087856
 20
0.532618
 10
6.029212
 20
1.063113
 10
5.924345
 20
1.587423
 10
5.773889
 20
2.101524
 10
5.578828
 20
2.60145
 10
5.34049
 20
3.083333
 10
5.060539
 20
3.543428
 10
4.740964
 20
3.978141
 10
4.384062
 20
4.384062
 10
3.992425
 20
4.757987
 10
3.56892
 20
5.096946
 10
3.116667
 20
5.398225
 10
2.639016
 20
5.659389
 10
2.139526
 20
5.878299
 10
1.621933
 20
6.053135
 10
1.090125
 20
6.182404
 10
0.548113
 20
6.264958
 10
0.0
 20
6.3
 10
-0.55005
 20
6.287095
 10
-1.097842
 20
6.226173
 10
-1.639187
 20
6.11753
 10
-2.169928
 20
5.961828
 10
-2.685974
 20
5.760089
 10
-3.183333
 20
5.513695
 10
-3.658143
 20
5.22437
 10
-4.106699
 20
4.894173
 10
-4.525483
 20
4.525483
 10
-4.911196
 20
4.120983
 10
-5.260776
 20
3.683635
 10
-5.57143
 20
3.216667
 10
-5.84065
 20
2.72354
 10
-6.066238
 20
2.20793
 10
-6.24632
 20
1.673696
 10
-6.379366
 20
1.124854
 10
-6.464197
 20
0.565544
 10
-6.5
 20
0.0
 10
-6.486334
 20
-0.567481
 10
-6.423135
 20
-1.132572
 10
-6.310715
 20
-1.690951
 10
-6.149766
 20
-2.238332
 10
-5.941351
 20
-2.770497
 10
-5.6869
 20
-3.283333
 10
-5.3882
 20
-3.772858
 10
-5.047382
 20
-4.235256
 10
-4.666905
 20
-4.666905
 10
-4.24954
 20
-5.064405
 10
-3.798351
 20
-5.424607
 10
-3.316667
 20
-5.744635
 10
-2.808064
 20
-6.021912
 10
-2.276334
 20
-6.254176
 10
-1.72546
 20
-6.439506
 10
-1.159584
 20
-6.576327
 10
-0.582975
 20
-6.663436
 10
0.0
 20
-6.7
 10
0.584912
 20
-6.685573
 10
1.167302
 20
-6.620097
 10
1.742715
 20
-6.503901
 10
2.306736
 20
-6.337705
 10
2.855021
 20
-6.122613
 10
3.383333
 20
-5.860105
 10
3.887574
 20
-5.552031
 10
4.363814
 20
-5.200591
 10
4.808326
 20
-4.808326
 10
5.217614
 20
-4.378098
 10
5.588437
 20
-3.913066
 10
5.91784
 20
-3.416667
 10
6.203173
 20
-2.892587
 10
6.442115
 20
-2.344738
 10
6.632691
 20
-1.777224
 10
6.773289
 20
-1.194314
 10
6.862675
 20
-0.600406
 10
6.9
 20
0.0
 10
6.884812
 20
0.602343
 10
6.817058
 20
1.202031
 10
6.697086
 20
1.794479
 10
6.525643
 20
2.37514
 10
6.303874
 20
2.939545
 10
6.03331
 20
3.483333
 10
5.715861
 20
4.002289
 10
5.353799
 20
4.492371
 10
4.949747
 20
4.949747
 10
4.506655
 20
5.370823
 10
4.027781
 20
5.752268
 10
3.516667
 20
6.091045
 10
2.977111
 20
6.384435
 10
2.413142
 20
6.630053
 10
1.828988
 20
6.825876
 10
1.229043
 20
6.97025
 10
0.617837
 20
7.061914
 10
0.0
 20
7.1
 10
-0.619774
 20
7.084051
 10
-1.236761
 20
7.01402
 10
-1.846243
 20
6.890271
 10
-2.443544
 20
6.713582
 10
-3.024068
 20
6.485136
 10
-3.583333
 20
6.206515
 10
-4.117004
 20
5.879691
 10
-4.620929
 20
5.507008
 10
-5.091169
 20
5.091169
 10
-5.524032
 20
4.635213
 10
-5.916098
 20
4.142496
 10
-6.26425
 20
3.616667
 10
-6.565696
 20
3.061635
 10
-6.817992
 20
2.481546
 10
-7.019061
 20
1.880752
 10
-7.167212
 20
1.263773
 10
-7.261152
 20
0.635269
 10
-7.3
 20
0.0
 10
-7.28329
 20
-0.637205
 10
-7.210981
 20
-1.271491
 10
-7.083456
 20
-1.898006
 10
-6.90152
 20
-2.511948
 10
-6.666397
 20
-3.108592
 10
-6.37972
 20
-3.683333
 10
-6.043522
 20
-4.231719
 10
-5.660217
 20
-4.749486
 10
-5.23259
 20
-5.23259
 10
-4.76377
 20
-5.67724
 10
-4.257212
 20
-6.079929
 10
-3.716667
 20
-6.437456
 10
-3.146158
 20
-6.746958
 10
-2.54995
 20
-7.005931
 10
-1.932516
 20
-7.212246
 10
-1.298502
 20
-7.364174
 10
-0.6527
 20
-7.460391
 10
0.0
 20
-7.5
 10
0.654636
 20
-7.482529
 10
1.30622
 20
-7.407943
 10
1.94977
 20
-7.276641
 10
2.580352
 20
-7.089459
 10
3.193116
 20
-6.847659
 10
3.783333
 20
-6.552926
 10
4.346435
 20
-6.207352
 10
4.878044
 20
-5.813426
 10
5.374012
 20
-5.374012
 10
5.830449
 20
-4.892328
 10
6.243759
 20
-4.371927
 10
6.610661
 20
-3.816667
 10
6.92822
 20
-3.230682
 10
7.193869
 20
-2.618354
 10
7.405431
 20
-1.984279
 10
7.561135
 20
-1.333232
 10
7.65963
 20
-0.670131
 10
7.7
 20
0.0
 10
7.681768
 20
0.672068
 10
7.604904
 20
1.34095
 10
7.469826
 20
2.001534
 10
7.277397
 20
2.648756
 10
7.02892
 20
3.277639
 10
6.726131
 20
3.883333
 10
6.371183
 20
4.46115
 10
5.966635
 20
5.006601
 10
5.515433
 20
5.515433
 10
5.020885
 20
5.983658
 10
4.486642
 20
6.407589
 10
3.916667
 20
6.783866
 10
3.315205
 20
7.109481
 10
2.686758
 20
7.381808
 10
2.036043
 20
7.598617
 10
1.367962
 20
7.758097
 10
0.687562
 20
7.858869
 10
0.0
 20
7.9
 10
-0.689499
 20
7.881007
 10
-1.375679
 20
7.801866
 10
-2.053298
 20
7.663012
 10
-2.71716
 20
7.465336
 10
-3.362163
 20
7.210182
 10
-3.983333
 20
6.899336
 10
-4.575865
 20
6.535013
 10
-5.135159
 20
6.119844
 10
-5.656854
 20
5.656854
 10
-6.136867
 20
5.149443
 10
-6.57142
 20
4.601358
 10
-6.957071
 20
4.016667
 10
-7.290743
 20
3.399729
 10
-7.569746
 20
2.755162
 10
-7.791802
 20
2.087807
 10
-7.955058
 20
1.402691
 10
-8.058108
 20
0.704993
 10
-8.1
 20
0.0
 10
-8.080246
 20
-0.70693
 10
-7.998827
 20
-1.410409
 10
-7.856197
 20
-2.105062
 10
-7.653274
 20
-2.785564
 10
-7.391444
 20
-3.446687
 10
-7.072541
 20
-4.083333
 10
-6.698843
 20
-4.690581
 10
-6.273053
 20
-5.263716
 10
-5.798276
 20
-5.798276
 10
-5.278
 20
-6.290076
 10
-4.716073
 20
-6.73525
 10
-4.116667
 20
-7.130276
 10
-3.484253
 20
-7.472004
 10
-2.823566
 20
-7.757685
 10
-2.139571
 20
-7.984987
 10
-1.437421
 20
-8.15202
 10
-0.722424
 20
-8.257347
 10
0.0
 20
-8.3
 10
0.724361
 20
-8.279485
 10
1.445139
 20
-8.195789
 10
2.156825
 20
-8.049382
 10
2.853968
 20
-7.841213
 10
3.53121
 20
-7.572705
 10
4.183333
 20
-7.245746
 10
4.805296
 20
-6.862674
 10
5.392274
 20
-6.426262
 10
5.939697
 20
-5.939697
 10
6.443285
 20
-5.406558
 10
6.899081
 20
-4.830788
 10
7.303481
 20
-4.216667
 10
7.653266
 20
-3.568776
 10
7.945623
 20
-2.89197
 10
8.178172
 20
-2.191335
 10
8.348981
 20
-1.472151
 10
8.456586
 20
-0.739855
 10
8.5
 20
0.0
  0
VIEWPORT
  5
AA6
330
9F6
100
AcDbEntity
 67
     1
  8
0
100
AcDbViewport
 10
5.25
 20
4.0
 30
0.0
 40
11.638
 41
8.993
 68
     1
 69
     1
 12
5.25
 22
4.0
 13
0.0
 23
0.0
 14
0.5
 24
0.5
 15
0.5
 25
0.5
 16
0.0
 26
0.0
 36
1.0
 17
0.0
 27
0.0
 37
0.0
 42
50.0
 43
0.0
 44
0.0
 45
8.993
 50
0.0
 51
0.0
 72
   100
 90
   557152
  1

281
     0
 71
     1
 74
     0
110
0.0
120
0.0
130
0.0
111
1.0
121
0.0
131
0.0
112
0.0
122
1.0
132
0.0
 79
     0
146
0.0
170
     0
 61
     5
348
A0A
292
     1
282
     1
141
0.0
142
0.0
 63
   256
361
AA7
  0
ENDSEC
  0
SECTION
  2
OBJECTS
  0
DICTIONARY
  5
9E8
330
0
100
AcDbDictionary
281
     1
  3
ACAD_DETAILVIEWSTYLE
350
AAF
  3
ACAD_GROUP
350
9E9
  3
ACAD_IMAGE_VARS
350
A71
  3
ACAD_LAYOUT
350
9F5
  3
ACAD_MATERIAL
350
A1E
  3
ACAD_MLEADERSTYLE
350
A36
  3
ACAD_MLINESTYLE
350
9F2
  3
ACAD_PLOTSETTINGS
350
9F4
  3
ACAD_PLOTSTYLENAME
350
9EA
  3
ACAD_SCALELIST
350
A22
  3
ACAD_SECTIONVIEWSTYLE
350
AB0
  3
ACAD_TABLESTYLE
350
A34
  3
ACAD_VISUALSTYLE
350
A05
  3
AcDbVariableDictionary
350
AA8
  3
ACDB_RECOMPOSE_DATA
350
AAC
  3
QCAD_OBJECTS
350
A3A
  0
SUN
  5
A38
330
A04
100
AcDbSun
 90
        1
290
     0
 63
     7
421
 16777215
 40
1.0
291
     1
 91
  2455826
 92
 54000000
292
     0
 70
     2
 71
   256
280
     1
  0
SUN
  5
AA7
330
AA6
100
AcDbSun
 90
        1
290
     0
 63
     7
421
 16777215
 40
1.0
291
     1
 91
  2455826
 92
 54000000
292
     0
 70
     2
 71
   256
280
     1
  0
DICTIONARY
  5
AAF
102
{ACAD_REACTORS
330
9E8
102
}
330
9E8
100
AcDbDictionary
281
     1
  0
DICTIONARY
  5
9E9
102
{ACAD_REACTORS
330
9E8
102
}
330
9E8
100
AcDbDictionary
281
     1
  0
RASTERVARIABLES
  5
A71
102
{ACAD_REACTORS
330
9E8
102
}
330
9E8
100
AcDbRasterVariables
 90
        0
 70
     1
 71
     1
 72
     0
  0
DICTIONARY
  5
9F5
102
{ACAD_REACTORS
330
9E8
102
}
330
9E8
100
AcDbDictionary
281
     1
  3
Layout1
350
9F9
  3
Model
350
9FD
  0
DICTIONARY
  5
A1E
102
{ACAD_REACTORS
330
9E8
102
}
330
9E8
100
AcDbDictionary
281
     1
  3
ByBlock
350
A20
  3
ByLayer
350
A1F
  3
Global
350
A21
  0
DICTIONARY
  5
A36
102
{ACAD_REACTORS
330
9E8
102
}
330
9E8
100
AcDbDictionary
281
     1
  3
Standard
350
A37
  0
DICTIONARY
  5
9F2
102
{ACAD_REACTORS
330
9E8
102
}
330
9E8
100
AcDbDictionary
281
     1
  3
Standard
350
9F3
  0
DICTIONARY
  5
9F4
102
{ACAD_REACTORS
330
9E8
102
}
330
9E8
100
AcDbDictionary
281
     1
  0
ACDBDICTIONARYWDFLT
  5
9EA
102
{ACAD_REACTORS
330
9E8
102
}
330
9E8
100
AcDbDictionary
281
     1
  3
Normal
350
9EB
100
AcDbDictionaryWithDefault
340
9EB
  0
DICTIONARY
  5
A22
102
{ACAD_REACTORS
330
9E8
102
}
330
9E8
100
AcDbDictionary
281
     1
  3
A0
350
A23
  3
A1
350
A24
  3
A2
350
A25
  3
A3
350
A26
  3
A4
350
A27
  3
A5
350
A28
  3
A6
350
A29
  3
A7
350
A2A
  3
A8
350
A2B
  3
A9
350
A2C
  3
B1
350
A2D
  3
B2
350
A2E
  3
B3
350
A2F
  3
B4
350
A30
  3
B5
350
A31
  3
B6
350
A32
  3
B7
350
A33
  0
DICTIONARY
  5
AB0
102
{ACAD_REACTORS
330
9E8
102
}
330
9E8
100
AcDbDictionary
281
     1
  0
DICTIONARY
  5
A34
102
{ACAD_REACTORS
330
9E8
102
}
330
9E8
100
AcDbDictionary
281
     1
  3
Standard
350
A35
  0
DICTIONARY
  5
A05
102
{ACAD_REACTORS
330
9E8
102
}
330
9E8
100
AcDbDictionary
281
     1
  3
2dWireframe
350
A0A
  3
Basic
350
A0D
  3
Brighten
350
A11
  3
ColorChange
350
A15
  3
Conceptual
350
A0F
  3
Dim
350
A10
  3
EdgeColorOff
350
A18
  3
Facepattern
350
A14
  3
Flat
350
A06
  3
FlatWithEdges
350
A07
  3
Gouraud
350
A08
  3
GouraudWithEdges
350
A09
  3
Hidden
350
A0C
  3
JitterOff
350
A16
  3
Linepattern
350
A13
  3
OverhangOff
350
A17
  3
Realistic
350
A0E
  3
Shaded
350
A1D
  3
Shaded with edges
350
A1C
  3
Shades of Gray
350
A19
  3
Sketchy
350
A1A
  3
Thicken
350
A12
  3
Wireframe
350
A0B
  3
X-Ray
350
A1B
  0
DICTIONARY
  5
AA8
102
{ACAD_REACTORS
330
9E8
102
}
330
9E8
100
AcDbDictionary
281
     1
  3
CANNOSCALE
350
AA9
  3
CMLEADERSTYLE
350
AAE
  3
CTABLESTYLE
350
AAD
  0
XRECORD
  5
AAC
102
{ACAD_REACTORS
330
9E8
102
}
330
9E8
100
AcDbXrecord
280
     1
 90
        1
330
A35
  0
DICTIONARY
  5
A3A
102
{ACAD_REACTORS
330
9E8
102
}
330
9E8
100
AcDbDictionary
281
     1
  3
ColorSettings/BackgroundColor
350
A3C
  3
ColorSettings/ColorMode
350
A3D
  3
Grid/DisplayGrid00
350
A3E
  3
Grid/DisplayGrid01
350
A3F
  3
Grid/DisplayGrid02
350
A40
  3
Grid/DisplayGrid03
350
A41
  3
Grid/GridSpacingX00
350
A42
  3
Grid/GridSpacingX01
350
A43
  3
Grid/GridSpacingX02
350
A44
  3
Grid/GridSpacingX03
350
A45
  3
Grid/GridSpacingY00
350
A46
  3
Grid/GridSpacingY01
350
A47
  3
Grid/GridSpacingY02
350
A48
  3
Grid/GridSpacingY03
350
A49
  3
Grid/IsometricGrid00
350
A4A
  3
Grid/IsometricGrid01
350
A4B
  3
Grid/IsometricGrid02
350
A4C
  3
Grid/IsometricGrid03
350
A4D
  3
Grid/IsometricProjection00
350
A4E
  3
Grid/IsometricProjection01
350
A4F
  3
Grid/IsometricProjection02
350
A50
  3
Grid/IsometricProjection03
350
A51
  3
Grid/MetaGridSpacingX00
350
A52
  3
Grid/MetaGridSpacingX01
350
A53
  3
Grid/MetaGridSpacingX02
350
A54
  3
Grid/MetaGridSpacingX03
350
A55
  3
Grid/MetaGridSpacingY00
350
A56
  3
Grid/MetaGridSpacingY01
350
A57
  3
Grid/MetaGridSpacingY02
350
A58
  3
Grid/MetaGridSpacingY03
350
A59
  3
MultiPageSettings/Columns
350
A5A
  3
MultiPageSettings/GlueMarginsBottom
350
A5B
  3
MultiPageSettings/GlueMarginsLeft
350
A5C
  3
MultiPageSettings/GlueMarginsRight
350
A5D
  3
MultiPageSettings/GlueMarginsTop
350
A5E
  3
MultiPageSettings/PrintCropMarks
350
A5F
  3
MultiPageSettings/Rows
350
A60
  3
PageSettings/OffsetX
350
A61
  3
PageSettings/OffsetY
350
A62
  3
PageSettings/PageOrientation
350
A63
  3
PageSettings/PaperHeight
350
A64
  3
PageSettings/PaperWidth
350
A65
  3
PageSettings/Scale
350
A66
  3
PageSettings/ShowPaperBorders
350
A67
  3
PageTagSettings/EnablePageTags
350
A68
  3
PageTagSettings/TagAlignment
350
A69
  3
PageTagSettings/TagFont
350
A6A
  3
PageTagSettings/TagPosition
350
A6B
  3
QCADVersion
350
A6C
  3
UnitSettings/PaperUnit
350
A6D
  3
ViewportCenter
350
A6E
  3
ViewportHeight
350
A6F
  3
ViewportWidth
350
A70
  0
LAYOUT
  5
9F9
102
{ACAD_REACTORS
330
9F5
102
}
330
9F5
100
AcDbPlotSettings
  1

  2
none_device
  4
Letter_(8.50_x_11.00_Inches)
  6

 40
6.35
 41
6.35
 42
6.35001
 43
6.35001
 44
215.9
 45
279.4
 46
0.0
 47
0.0
 48
0.0
 49
0.0
140
0.0
141
0.0
142
1.0
143
1.0
 70
   688
 72
     0
 73
     1
 74
     5
  7

 75
    16
 76
     0
 77
     2
 78
   300
147
1.0
148
0.0
149
0.0
100
AcDbLayout
  1
Layout1
 70
     1
 71
     1
 10
-0.25
 20
-0.25
 11
10.75
 21
8.25
 12
0.0
 22
0.0
 32
0.0
 14
1.000000000000000E+20
 24
1.000000000000000E+20
 34
1.000000000000000E+20
 15
-1.000000000000000E+20
 25
-1.000000000000000E+20
 35
-1.000000000000000E+20
146
0.0
 13
0.0
 23
0.0
 33
0.0
 16
1.0
 26
0.0
 36
0.0
 17
0.0
 27
1.0
 37
0.0
 76
     0
330
9F6
331
AA6
  0
LAYOUT
  5
9FD
102
{ACAD_REACTORS
330
9F5
102
}
330
9F5
100
AcDbPlotSettings
  1

  2
none_device
  4
Letter_(8.50_x_11.00_Inches)
  6

 40
6.35
 41
6.35
 42
6.35000508
 43
6.35000508
 44
215.9
 45
279.4
 46
0.0
 47
0.0
 48
0.0
 49
0.0
140
0.0
141
0.0
142
1.0
143
1.0
 70
  1712
 72
     0
 73
     0
 74
     0
  7

 75
     0
 76
     0
 77
     2
 78
   300
147
1.0
148
0.0
149
0.0
100
AcDbLayout
  1
Model
 70
     1
 71
     0
 10
0.0
 20
0.0
 11
12.0
 21
9.0
 12
0.0
 22
0.0
 32
0.0
 14
-8.1
 24
-8.3
 34
0.0
 15
8.5
 25
7.9
 35
0.0
146
0.0
 13
0.0
 23
0.0
 33
0.0
 16
1.0
 26
0.0
 36
0.0
 17
0.0
 27
1.0
 37
0.0
 76
     0
330
9FA
331
A04
  0
MATERIAL
  5
A20
102
{ACAD_REACTORS
330
A1E
102
}
330
A1E
100
AcDbMaterial
  1
ByBlock
 72
     1
 94
      127
  0
MATERIAL
  5
A1F
102
{ACAD_REACTORS
330
A1E
102
}
330
A1E
100
AcDbMaterial
  1
ByLayer
 72
     1
 94
      127
  0
MATERIAL
  5
A21
102
{ACAD_REACTORS
330
A1E
102
}
330
A1E
100
AcDbMaterial
  1
Global
 72
     1
 94
      127
  0
MLEADERSTYLE
  5
A37
102
{ACAD_REACTORS
330
A36
102
}
330
A36
100
AcDbMLeaderStyle
179
     2
170
     2
171
     1
172
     0
 90
        2
 40
0.0
 41
0.0
173
     1
 91
-1056964608
340
9EF
 92
       -2
290
     1
 42
0.09
291
     1
 43
0.36
  3
Standard
341
0
 44
0.18
300

342
9ED
174
     1
178
     6
175
     1
176
     0
 93
-1056964608
 45
0.18
292
     0
297
     0
 46
0.18
343
0
 94
-1056964608
 47
1.0
 49
1.0
140
1.0
293
     1
141
0.0
294
     1
177
     0
142
1.0
295
     0
296
     0
143
0.125
271
     0
272
     9
273
     9
298
     0
  0
MLINESTYLE
  5
9F3
102
{ACAD_REACTORS
330
9F2
102
}
330
9F2
100
AcDbMlineStyle
  2
Standard
 70
     0
  3

 62
   256
 51
90.0
 52
90.0
 71
     2
 49
0.5
 62
   256
  6
BYLAYER
 49
-0.5
 62
   256
  6
BYLAYER
  0
ACDBPLACEHOLDER
  5
9EB
102
{ACAD_REACTORS
330
9EA
102
}
330
9EA
  0
SCALE
  5
A23
102
{ACAD_REACTORS
330
A22
102
}
330
A22
100
AcDbScale
 70
     0
300
1:1
140
1.0
141
1.0
290
     1
  0
SCALE
  5
A24
102
{ACAD_REACTORS
330
A22
102
}
330
A22
100
AcDbScale
 70
     0
300
1/128" = 1'-0"
140
0.0078125
141
12.0
290
     0
  0
SCALE
  5
A25
102
{ACAD_REACTORS
330
A22
102
}
330
A22
100
AcDbScale
 70
     0
300
1/64" = 1'-0"
140
0.015625
141
12.0
290
     0
  0
SCALE
  5
A26
102
{ACAD_REACTORS
330
A22
102
}
330
A22
100
AcDbScale
 70
     0
300
1/32" = 1'-0"
140
0.03125
141
12.0
290
     0
  0
SCALE
  5
A27
102
{ACAD_REACTORS
330
A22
102
}
330
A22
100
AcDbScale
 70
     0
300
1/16" = 1'-0"
140
0.0625
141
12.0
290
     0
  0
SCALE
  5
A28
102
{ACAD_REACTORS
330
A22
102
}
330
A22
100
AcDbScale
 70
     0
300
3/32" = 1'-0"
140
0.09375
141
12.0
290
     0
  0
SCALE
  5
A29
102
{ACAD_REACTORS
330
A22
102
}
330
A22
100
AcDbScale
 70
     0
300
1/8" = 1'-0"
140
0.125
141
12.0
290
     0
  0
SCALE
  5
A2A
102
{ACAD_REACTORS
330
A22
102
}
330
A22
100
AcDbScale
 70
     0
300
3/16" = 1'-0"
140
0.1875
141
12.0
290
     0
  0
SCALE
  5
A2B
102
{ACAD_REACTORS
330
A22
102
}
330
A22
100
AcDbScale
 70
     0
300
1/4" = 1'-0"
140
0.25
141
12.0
290
     0
  0
SCALE
  5
A2C
102
{ACAD_REACTORS
330
A22
102
}
330
A22
100
AcDbScale
 70
     0
300
3/8" = 1'-0"
140
0.375
141
12.0
290
     0
  0
SCALE
  5
A2D
102
{ACAD_REACTORS
330
A22
102
}
330
A22
100
AcDbScale
 70
     0
300
1/2" = 1'-0"
140
0.5
141
12.0
290
     0
  0
SCALE
  5
A2E
102
{ACAD_REACTORS
330
A22
102
}
330
A22
100
AcDbScale
 70
     0
300
3/4" = 1'-0"
140
0.75
141
12.0
290
     0
  0
SCALE
  5
A2F
102
{ACAD_REACTORS
330
A22
102
}
330
A22
100
AcDbScale
 70
     0
300
1" = 1'-0"
140
1.0
141
12.0
290
     0
  0
SCALE
  5
A30
102
{ACAD_REACTORS
330
A22
102
}
330
A22
100
AcDbScale
 70
     0
300
1-1/2" = 1'-0"
140
1.5
141
12.0
290
     0
  0
SCALE
  5
A31
102
{ACAD_REACTORS
330
A22
102
}
330
A22
100
AcDbScale
 70
     0
300
3" = 1'-0"
140
3.0
141
12.0
290
     0
  0
SCALE
  5
A32
102
{ACAD_REACTORS
330
A22
102
}
330
A22
100
AcDbScale
 70
     0
300
6" = 1'-0"
140
6.0
141
12.0
290
     0
  0
SCALE
  5
A33
102
{ACAD_REACTORS
330
A22
102
}
330
A22
100
AcDbScale
 70
     0
300
1'-0" = 1'-0"
140
12.0
141
12.0
290
     0
  0
TABLESTYLE
  5
A35
102
{ACAD_REACTORS
330
A34
102
}
102
{ACAD_XDICTIONARY
360
AAA
102
}
330
A34
100
AcDbTableStyle
  3
Standard
 70
     0
 71
     0
 40
0.06
 41
0.06
280
     0
281
     0
  7
Standard
140
0.18
170
     2
 62
     0
 63
   257
283
     0
 90
        4
 91
        0
  1

274
    -2
284
     1
 64
     0
275
    -2
285
     1
 65
     0
276
    -2
286
     1
 66
     0
277
    -2
287
     1
 67
     0
278
    -2
288
     1
 68
     0
279
    -2
289
     1
 69
     0
  7
Standard
140
0.25
170
     5
 62
     0
 63
   257
283
     0
 90
        4
 91
        0
  1

274
    -2
284
     1
 64
     0
275
    -2
285
     1
 65
     0
276
    -2
286
     1
 66
     0
277
    -2
287
     1
 67
     0
278
    -2
288
     1
 68
     0
279
    -2
289
     1
 69
     0
  7
Standard
140
0.18
170
     5
 62
     0
 63
   257
283
     0
 90
        4
 91
        0
  1

274
    -2
284
     1
 64
     0
275
    -2
285
     1
 65
     0
276
    -2
286
     1
 66
     0
277
    -2
287
     1
 67
     0
278
    -2
288
     1
 68
     0
279
    -2
289
     1
 69
     0
  0
VISUALSTYLE
  5
A0A
102
{ACAD_REACTORS
330
A05
102
}
330
A05
100
AcDbVisualStyle
  2
2dWireframe
 70
     4
177
     3
291
     0
 70
    58
 90
        0
176
     1
 90
        2
176
     1
 90
        0
176
     1
 90
        0
176
     1
 40
0.6
176
     1
 40
30.0
176
     1
 62
     7
420
 16777215
176
     1
 90
        1
176
     1
 90
        4
176
     1
 62
     7
176
     1
 62
   257
176
     1
 90
        1
176
     1
 90
        1
176
     1
 40
1.0
176
     1
 90
        0
176
     1
 62
   257
176
     1
 40
1.0
176
     1
 90
        1
176
     1
 90
        6
176
     1
 90
        2
176
     1
 62
     7
176
     1
 90
        5
176
     1
 90
        0
176
     1
 90
        0
176
     1
290
     0
176
     1
 90
        1
176
     1
 40
0.0
176
     1
 90
        0
176
     1
290
     1
176
     1
290
     1
176
     1
290
     0
176
     1
290
     0
176
     1
290
     0
176
     1
290
     0
176
     1
290
     0
176
     1
290
     0
176
     1
290
     0
176
     1
 90
       50
176
     1
 40
0.0
176
     1
 40
1.0
176
     1
 90
        0
176
     1
 62
    18
420
        0
176
     1
 90
       50
176
     1
 90
        3
176
     1
 62
     5
420
      255
176
     1
290
     0
176
     1
 90
       50
176
     1
 90
       50
176
     1
 90
       50
176
     1
290
     0
176
     1
 90
       50
176
     1
 62
   256
176
     0
 40
1.0
176
     0
 90
        2
176
     1
  1
strokes_ogs.tif
176
     1
290
     0
176
     1
 40
1.0
176
     1
 40
1.0
176
     1
  0
VISUALSTYLE
  5
A0D
102
{ACAD_REACTORS
330
A05
102
}
330
A05
100
AcDbVisualStyle
  2
Basic
 70
     7
177
     3
291
     1
 70
    58
 90
        1
176
     1
 90
        0
176
     1
 90
        1
176
     1
 90
        0
176
     1
 40
0.6
176
     1
 40
30.0
176
     1
 62
     7
420
 16777215
176
     1
 90
        0
176
     1
 90
        4
176
     1
 62
     7
176
     1
 62
   257
176
     1
 90
        1
176
     1
 90
        1
176
     1
 40
1.0
176
     1
 90
        8
176
     1
 62
     7
176
     1
 40
1.0
176
     1
 90
        1
176
     1
 90
        6
176
     1
 90
        2
176
     1
 62
     7
176
     1
 90
        5
176
     1
 90
        0
176
     1
 90
        0
176
     1
290
     0
176
     1
 90
        1
176
     1
 40
0.0
176
     1
 90
        0
176
     1
290
     0
176
     1
290
     1
176
     1
290
     1
176
     1
290
     0
176
     1
290
     0
176
     1
290
     0
176
     1
290
     0
176
     1
290
     0
176
     1
290
     0
176
     1
 90
       50
176
     1
 40
0.0
176
     1
 40
1.0
176
     1
 90
        0
176
     1
 62
    18
420
        0
176
     1
 90
       50
176
     1
 90
        3
176
     1
 62
     5
420
      255
176
     1
290
     0
176
     1
 90
       50
176
     1
 90
       50
176
     1
 90
       50
176
     1
290
     0
176
     1
 90
       50
176
     1
 62
   256
176
     0
 40
1.0
176
     0
 90
        2
176
     1
  1
strokes_ogs.tif
176
     1
290
     0
176
     1
 40
1.0
176
     1
 40
1.0
176
     1
  0
VISUALSTYLE
  5
A11
102
{ACAD_REACTORS
330
A05
102
}
330
A05
100
AcDbVisualStyle
  2
Brighten
 70
    12
177
     3
291
     1
 70
    58
 90
        2
176
     1
 90
        2
176
     1
 90
        0
176
     1
 90
        0
176
     1
 40
0.6
176
     1
 40
30.0
176
     1
 62
     7
420
 16777215
176
     1
 90
        1
176
     1
 90
        4
176
     1
 62
     7
176
     1
 62
   257
176
     1
 90
        1
176
     1
 90
        1
176
     1
 40
1.0
176
     1
 90
        8
176
     1
 62
     7
176
     1
 40
1.0
176
     1
 90
        1
176
     1
 90
        6
176
     1
 90
        2
176
     1
 62
     7
176
     1
 90
        5
176
     1
 90
        0
176
     1
 90
        0
176
     1
290
     0
176
     1
 90
        1
176
     1
 40
50.0
176
     1
 90
        0
176
     1
290
     0
176
     1
290
     1
176
     1
290
     1
176
     1
290
     0
176
     1
290
     0
176
     1
290
     0
176
     1
290
     0
176
     1
290
     0
176
     1
290
     0
176
     1
 90
       50
176
     1
 40
0.0
176
     1
 40
1.0
176
     1
 90
        0
176
     1
 62
    18
420
        0
176
     1
 90
       50
176
     1
 90
        3
176
     1
 62
     5
420
      255
176
     1
290
     0
176
     1
 90
       50
176
     1
 90
       50
176
     1
 90
       50
176
     1
290
     0
176
     1
 90
       50
176
     1
 62
   256
176
     0
 40
1.0
176
     0
 90
        2
176
     1
  1
strokes_ogs.tif
176
     1
290
     0
176
     1
 40
1.0
176
     1
 40
1.0
176
     1
  0
VISUALSTYLE
  5
A15
102
{ACAD_REACTORS
330
A05
102
}
330
A05
100
AcDbVisualStyle
  2
ColorChange
 70
    16
177
     3
291
     1
 70
    58
 90
        2
176
     1
 90
        2
176
     1
 90
        3
176
     1
 90
        0
176
     1
 40
0.6
176
     1
 40
30.0
176
     1
 62
     8
420
  8421504
176
     1
 90
        1
176
     1
 90
        4
176
     1
 62
     7
176
     1
 62
   257
176
     1
 90
        1
176
     1
 90
        1
176
     1
 40
1.0
176
     1
 90
        8
176
     1
 62
     8
420
  8421504
176
     1
 40
1.0
176
     1
 90
        1
176
     1
 90
        6
176
     1
 90
        2
176
     1
 62
     7
176
     1
 90
        5
176
     1
 90
        0
176
     1
 90
        0
176
     1
290
     0
176
     1
 90
        1
176
     1
 40
0.0
176
     1
 90
        0
176
     1
290
     0
176
     1
290
     1
176
     1
290
     1
176
     1
290
     0
176
     1
290
     0
176
     1
290
     0
176
     1
290
     0
176
     1
290
     0
176
     1
290
     0
176
     1
 90
       50
176
     1
 40
0.0
176
     1
 40
1.0
176
     1
 90
        0
176
     1
 62
    18
420
        0
176
     1
 90
       50
176
     1
 90
        3
176
     1
 62
     5
420
      255
176
     1
290
     0
176
     1
 90
       50
176
     1
 90
       50
176
     1
 90
       50
176
     1
290
     0
176
     1
 90
       50
176
     1
 62
   256
176
     0
 40
1.0
176
     0
 90
        2
176
     1
  1
strokes_ogs.tif
176
     1
290
     0
176
     1
 40
1.0
176
     1
 40
1.0
176
     1
  0
VISUALSTYLE
  5
A0F
102
{ACAD_REACTORS
330
A05
102
}
330
A05
100
AcDbVisualStyle
  2
Conceptual
 70
     9
177
     3
291
     0
 70
    58
 90
        3
176
     1
 90
        2
176
     1
 90
        0
176
     1
 90
        0
176
     1
 40
0.6
176
     1
 40
30.0
176
     1
 62
     7
420
 16777215
176
     1
 90
        2
176
     1
 90
        2
176
     1
 62
     7
176
     1
 62
   257
176
     1
 90
        1
176
     1
 90
        1
176
     1
 40
179.0
176
     1
 90
        8
176
     1
 62
     7
176
     1
 40
1.0
176
     1
 90
        1
176
     1
 90
        6
176
     1
 90
        2
176
     1
 62
     7
176
     1
 90
        3
176
     1
 90
        0
176
     1
 90
        0
176
     1
290
     0
176
     1
 90
        1
176
     1
 40
0.0
176
     1
 90
        0
176
     1
290
     0
176
     1
290
     1
176
     1
290
     1
176
     1
290
     0
176
     1
290
     0
176
     1
290
     0
176
     1
290
     0
176
     1
290
     0
176
     1
290
     0
176
     1
 90
       50
176
     1
 40
0.0
176
     1
 40
1.0
176
     1
 90
        0
176
     1
 62
    18
420
        0
176
     1
 90
       50
176
     1
 90
        3
176
     1
 62
     5
420
      255
176
     1
290
     0
176
     1
 90
       50
176
     1
 90
       50
176
     1
 90
       50
176
     1
290
     0
176
     1
 90
       50
176
     1
 62
   256
176
     0
 40
1.0
176
     0
 90
        2
176
     1
  1
strokes_ogs.tif
176
     1
290
     0
176
     1
 40
1.0
176
     1
 40
1.0
176
     1
  0
VISUALSTYLE
  5
A10
102
{ACAD_REACTORS
330
A05
102
}
330
A05
100
AcDbVisualStyle
  2
Dim
 70
    11
177
     3
291
     1
 70
    58
 90
        2
176
     1
 90
        2
176
     1
 90
        0
176
     1
 90
        0
176
     1
 40
0.6
176
     1
 40
30.0
176
     1
 62
     7
420
 16777215
176
     1
 90
        1
176
     1
 90
        4
176
     1
 62
     7
176
     1
 62
   257
176
     1
 90
        1
176
     1
 90
        1
176
     1
 40
1.0
176
     1
 90
        8
176
     1
 62
     7
176
     1
 40
1.0
176
     1
 90
        1
176
     1
 90
        6
176
     1
 90
        2
176
     1
 62
     7
176
     1
 90
        5
176
     1
 90
        0
176
     1
 90
        0
176
     1
290
     0
176
     1
 90
        1
176
     1
 40
-50.0
176
     1
 90
        0
176
     1
290
     0
176
     1
290
     1
176
     1
290
     1
176
     1
290
     0
176
     1
290
     0
176
     1
290
     0
176
     1
290
     0
176
     1
290
     0
176
     1
290
     0
176
     1
 90
       50
176
     1
 40
0.0
176
     1
 40
1.0
176
     1
 90
        0
176
     1
 62
    18
420
        0
176
     1
 90
       50
176
     1
 90
        3
176
     1
 62
     5
420
      255
176
     1
290
     0
176
     1
 90
       50
176
     1
 90
       50
176
     1
 90
       50
176
     1
290
     0
176
     1
 90
       50
176
     1
 62
   256
176
     0
 40
1.0
176
     0
 90
        2
176
     1
  1
strokes_ogs.tif
176
     1
290
     0
176
     1
 40
1.0
176
     1
 40
1.0
176
     1
  0
VISUALSTYLE
  5
A18
102
{ACAD_REACTORS
330
A05
102
}
330
A05
100
AcDbVisualStyle
  2
EdgeColorOff
 70
    22
177
     3
291
     1
 70
    58
 90
        2
176
     0
 90
        2
176
     0
 90
        0
176
     0
 90
        0
176
     0
 40
0.6
176
     0
 40
30.0
176
     0
 62
     7
420
 16777215
176
     0
 90
        1
176
     0
 90
        4
176
     0
 62
     7
176
     0
 62
   257
176
     0
 90
        1
176
     0
 90
        1
176
     0
 40
1.0
176
     0
 90
        8
176
     2
 62
     7
176
     0
 40
1.0
176
     0
 90
        1
176
     0
 90
        6
176
     0
 90
        2
176
     0
 62
     7
176
     0
 90
        5
176
     0
 90
        0
176
     0
 90
        0
176
     0
290
     0
176
     0
 90
        1
176
     0
 40
0.0
176
     0
 90
        0
176
     0
290
     0
176
     0
290
     1
176
     0
290
     1
176
     0
290
     0
176
     0
290
     0
176
     0
290
     0
176
     0
290
     0
176
     0
290
     0
176
     0
290
     0
176
     0
 90
       50
176
     0
 40
0.0
176
     0
 40
1.0
176
     0
 90
        0
176
     0
 62
    18
420
        0
176
     0
 90
       50
176
     0
 90
        3
176
     0
 62
     5
420
      255
176
     0
290
     0
176
     0
 90
       50
176
     0
 90
       50
176
     0
 90
       50
176
     0
290
     0
176
     0
 90
       50
176
     0
 62
   256
176
     0
 40
1.0
176
     0
 90
        2
176
     0
  1
strokes_ogs.tif
176
     0
290
     0
176
     0
 40
1.0
176
     0
 40
1.0
176
     0
  0
VISUALSTYLE
  5
A14
102
{ACAD_REACTORS
330
A05
102
}
330
A05
100
AcDbVisualStyle
  2
Facepattern
 70
    15
177
     3
291
     1
 70
    58
 90
        2
176
     1
 90
        2
176
     1
 90
        0
176
     1
 90
        0
176
     1
 40
0.6
176
     1
 40
30.0
176
     1
 62
     7
420
 16777215
176
     1
 90
        1
176
     1
 90
        4
176
     1
 62
     7
176
     1
 62
   257
176
     1
 90
        1
176
     1
 90
        1
176
     1
 40
1.0
176
     1
 90
        8
176
     1
 62
     7
176
     1
 40
1.0
176
     1
 90
        1
176
     1
 90
        6
176
     1
 90
        2
176
     1
 62
     7
176
     1
 90
        5
176
     1
 90
        0
176
     1
 90
        0
176
     1
290
     0
176
     1
 90
        1
176
     1
 40
0.0
176
     1
 90
        0
176
     1
290
     0
176
     1
290
     1
176
     1
290
     1
176
     1
290
     0
176
     1
290
     0
176
     1
290
     0
176
     1
290
     0
176
     1
290
     0
176
     1
290
     0
176
     1
 90
       50
176
     1
 40
0.0
176
     1
 40
1.0
176
     1
 90
        0
176
     1
 62
    18
420
        0
176
     1
 90
       50
176
     1
 90
        3
176
     1
 62
     5
420
      255
176
     1
290
     0
176
     1
 90
       50
176
     1
 90
       50
176
     1
 90
       50
176
     1
290
     0
176
     1
 90
       50
176
     1
 62
   256
176
     0
 40
1.0
176
     0
 90
        2
176
     1
  1
strokes_ogs.tif
176
     1
290
     0
176
     1
 40
1.0
176
     1
 40
1.0
176
     1
  0
VISUALSTYLE
  5
A06
102
{ACAD_REACTORS
330
A05
102
}
330
A05
100
AcDbVisualStyle
  2
Flat
 70
     0
177
     3
291
     1
 70
    58
 90
        2
176
     1
 90
        1
176
     1
 90
        1
176
     1
 90
        2
176
     1
 40
0.6
176
     1
 40
30.0
176
     1
 62
     7
420
 16777215
176
     1
 90
        0
176
     1
 90
        0
176
     1
 62
     7
176
     1
 62
   257
176
     1
 90
        1
176
     1
 90
        1
176
     1
 40
1.0
176
     1
 90
        8
176
     1
 62
     7
176
     1
 40
1.0
176
     1
 90
        1
176
     1
 90
        6
176
     1
 90
        2
176
     1
 62
     7
176
     1
 90
        5
176
     1
 90
        0
176
     1
 90
        0
176
     1
290
     0
176
     1
 90
       13
176
     1
 40
0.0
176
     1
 90
        0
176
     1
290
     0
176
     1
290
     1
176
     1
290
     1
176
     1
290
     0
176
     1
290
     0
176
     1
290
     0
176
     1
290
     0
176
     1
290
     0
176
     1
290
     0
176
     1
 90
       50
176
     1
 40
0.0
176
     1
 40
1.0
176
     1
 90
        0
176
     1
 62
    18
420
        0
176
     1
 90
       50
176
     1
 90
        3
176
     1
 62
     5
420
      255
176
     1
290
     0
176
     1
 90
       50
176
     1
 90
       50
176
     1
 90
       50
176
     1
290
     0
176
     1
 90
       50
176
     1
 62
   256
176
     0
 40
1.0
176
     0
 90
        2
176
     1
  1
strokes_ogs.tif
176
     1
290
     0
176
     1
 40
1.0
176
     1
 40
1.0
176
     1
  0
VISUALSTYLE
  5
A07
102
{ACAD_REACTORS
330
A05
102
}
330
A05
100
AcDbVisualStyle
  2
FlatWithEdges
 70
     1
177
     3
291
     1
 70
    58
 90
        2
176
     1
 90
        1
176
     1
 90
        1
176
     1
 90
        2
176
     1
 40
0.6
176
     1
 40
30.0
176
     1
 62
     7
420
 16777215
176
     1
 90
        1
176
     1
 90
        0
176
     1
 62
     7
176
     1
 62
   257
176
     1
 90
        1
176
     1
 90
        1
176
     1
 40
1.0
176
     1
 90
        0
176
     1
 62
   257
176
     1
 40
1.0
176
     1
 90
        1
176
     1
 90
        6
176
     1
 90
        2
176
     1
 62
     7
176
     1
 90
        5
176
     1
 90
        0
176
     1
 90
        0
176
     1
290
     0
176
     1
 90
       13
176
     1
 40
0.0
176
     1
 90
        0
176
     1
290
     0
176
     1
290
     1
176
     1
290
     1
176
     1
290
     0
176
     1
290
     0
176
     1
290
     0
176
     1
290
     0
176
     1
290
     0
176
     1
290
     0
176
     1
 90
       50
176
     1
 40
0.0
176
     1
 40
1.0
176
     1
 90
        0
176
     1
 62
    18
420
        0
176
     1
 90
       50
176
     1
 90
        3
176
     1
 62
     5
420
      255
176
     1
290
     0
176
     1
 90
       50
176
     1
 90
       50
176
     1
 90
       50
176
     1
290
     0
176
     1
 90
       50
176
     1
 62
   256
176
     0
 40
1.0
176
     0
 90
        2
176
     1
  1
strokes_ogs.tif
176
     1
290
     0
176
     1
 40
1.0
176
     1
 40
1.0
176
     1
  0
VISUALSTYLE
  5
A08
102
{ACAD_REACTORS
330
A05
102
}
330
A05
100
AcDbVisualStyle
  2
Gouraud
 70
     2
177
     3
291
     1
 70
    58
 90
        2
176
     1
 90
        2
176
     1
 90
        1
176
     1
 90
        2
176
     1
 40
0.6
176
     1
 40
30.0
176
     1
 62
     7
420
 16777215
176
     1
 90
        0
176
     1
 90
        0
176
     1
 62
     7
176
     1
 62
   257
176
     1
 90
        1
176
     1
 90
        1
176
     1
 40
1.0
176
     1
 90
        0
176
     1
 62
     7
176
     1
 40
1.0
176
     1
 90
        1
176
     1
 90
        6
176
     1
 90
        2
176
     1
 62
     7
176
     1
 90
        5
176
     1
 90
        0
176
     1
 90
        0
176
     1
290
     0
176
     1
 90
       13
176
     1
 40
0.0
176
     1
 90
        0
176
     1
290
     0
176
     1
290
     1
176
     1
290
     1
176
     1
290
     0
176
     1
290
     0
176
     1
290
     0
176
     1
290
     0
176
     1
290
     0
176
     1
290
     0
176
     1
 90
       50
176
     1
 40
0.0
176
     1
 40
1.0
176
     1
 90
        0
176
     1
 62
    18
420
        0
176
     1
 90
       50
176
     1
 90
        3
176
     1
 62
     5
420
      255
176
     1
290
     0
176
     1
 90
       50
176
     1
 90
       50
176
     1
 90
       50
176
     1
290
     0
176
     1
 90
       50
176
     1
 62
   256
176
     0
 40
1.0
176
     0
 90
        2
176
     1
  1
strokes_ogs.tif
176
     1
290
     0
176
     1
 40
1.0
176
     1
 40
1.0
176
     1
  0
VISUALSTYLE
  5
A09
102
{ACAD_REACTORS
330
A05
102
}
330
A05
100
AcDbVisualStyle
  2
GouraudWithEdges
 70
     3
177
     3
291
     1
 70
    58
 90
        2
176
     1
 90
        2
176
     1
 90
        1
176
     1
 90
        2
176
     1
 40
0.6
176
     1
 40
30.0
176
     1
 62
     7
420
 16777215
176
     1
 90
        1
176
     1
 90
        0
176
     1
 62
     7
176
     1
 62
   257
176
     1
 90
        1
176
     1
 90
        1
176
     1
 40
1.0
176
     1
 90
        0
176
     1
 62
   257
176
     1
 40
1.0
176
     1
 90
        1
176
     1
 90
        6
176
     1
 90
        2
176
     1
 62
     7
176
     1
 90
        5
176
     1
 90
        0
176
     1
 90
        0
176
     1
290
     0
176
     1
 90
       13
176
     1
 40
0.0
176
     1
 90
        0
176
     1
290
     0
176
     1
290
     1
176
     1
290
     1
176
     1
290
     0
176
     1
290
     0
176
     1
290
     0
176
     1
290
     0
176
     1
290
     0
176
     1
290
     0
176
     1
 90
       50
176
     1
 40
0.0
176
     1
 40
1.0
176
     1
 90
        0
176
     1
 62
    18
420
        0
176
     1
 90
       50
176
     1
 90
        3
176
     1
 62
     5
420
      255
176
     1
290
     0
176
     1
 90
       50
176
     1
 90
       50
176
     1
 90
       50
176
     1
290
     0
176
     1
 90
       50
176
     1
 62
   256
176
     0
 40
1.0
176
     0
 90
        2
176
     1
  1
strokes_ogs.tif
176
     1
290
     0
176
     1
 40
1.0
176
     1
 40
1.0
176
     1
  0
VISUALSTYLE
  5
A0C
102
{ACAD_REACTORS
330
A05
102
}
330
A05
100
AcDbVisualStyle
  2
Hidden
 70
     6
177
     3
291
     0
 70
    58
 90
        1
176
     1
 90
        2
176
     1
 90
        2
176
     1
 90
        0
176
     1
 40
0.6
176
     1
 40
30.0
176
     1
 62
     7
420
 16777215
176
     1
 90
        2
176
     1
 90
        2
176
     1
 62
     7
176
     1
 62
   257
176
     1
 90
        2
176
     1
 90
        1
176
     1
 40
40.0
176
     1
 90
        0
176
     1
 62
   257
176
     1
 40
1.0
176
     1
 90
        1
176
     1
 90
        6
176
     1
 90
        2
176
     1
 62
     7
176
     1
 90
        3
176
     1
 90
        0
176
     1
 90
        0
176
     1
290
     0
176
     1
 90
        1
176
     1
 40
0.0
176
     1
 90
        0
176
     1
290
     0
176
     1
290
     1
176
     1
290
     1
176
     1
290
     0
176
     1
290
     0
176
     1
290
     0
176
     1
290
     0
176
     1
290
     0
176
     1
290
     0
176
     1
 90
       50
176
     1
 40
0.0
176
     1
 40
1.0
176
     1
 90
        0
176
     1
 62
    18
420
        0
176
     1
 90
       50
176
     1
 90
        3
176
     1
 62
     5
420
      255
176
     1
290
     0
176
     1
 90
       50
176
     1
 90
       50
176
     1
 90
       50
176
     1
290
     0
176
     1
 90
       50
176
     1
 62
   256
176
     0
 40
1.0
176
     0
 90
        2
176
     1
  1
strokes_ogs.tif
176
     1
290
     0
176
     1
 40
1.0
176
     1
 40
1.0
176
     1
  0
VISUALSTYLE
  5
A16
102
{ACAD_REACTORS
330
A05
102
}
330
A05
100
AcDbVisualStyle
  2
JitterOff
 70
    20
177
     3
291
     1
 70
    58
 90
        2
176
     0
 90
        2
176
     0
 90
        0
176
     0
 90
        0
176
     0
 40
0.6
176
     0
 40
30.0
176
     0
 62
     7
420
 16777215
176
     0
 90
        1
176
     0
 90
        4
176
     0
 62
     7
176
     0
 62
   257
176
     0
 90
        1
176
     0
 90
        1
176
     0
 40
1.0
176
     0
 90
       10
176
     2
 62
     7
176
     0
 40
1.0
176
     0
 90
        1
176
     0
 90
        6
176
     0
 90
        2
176
     0
 62
     7
176
     0
 90
        5
176
     0
 90
        0
176
     0
 90
        0
176
     0
290
     0
176
     0
 90
        1
176
     0
 40
0.0
176
     0
 90
        0
176
     0
290
     0
176
     0
290
     1
176
     0
290
     1
176
     0
290
     0
176
     0
290
     0
176
     0
290
     0
176
     0
290
     0
176
     0
290
     0
176
     0
290
     0
176
     0
 90
       50
176
     0
 40
0.0
176
     0
 40
1.0
176
     0
 90
        0
176
     0
 62
    18
420
        0
176
     0
 90
       50
176
     0
 90
        3
176
     0
 62
     5
420
      255
176
     0
290
     0
176
     0
 90
       50
176
     0
 90
       50
176
     0
 90
       50
176
     0
290
     0
176
     0
 90
       50
176
     0
 62
   256
176
     0
 40
1.0
176
     0
 90
        2
176
     0
  1
strokes_ogs.tif
176
     0
290
     0
176
     0
 40
1.0
176
     0
 40
1.0
176
     0
  0
VISUALSTYLE
  5
A13
102
{ACAD_REACTORS
330
A05
102
}
330
A05
100
AcDbVisualStyle
  2
Linepattern
 70
    14
177
     3
291
     1
 70
    58
 90
        2
176
     1
 90
        2
176
     1
 90
        0
176
     1
 90
        0
176
     1
 40
0.6
176
     1
 40
30.0
176
     1
 62
     7
420
 16777215
176
     1
 90
        1
176
     1
 90
        4
176
     1
 62
     7
176
     1
 62
   257
176
     1
 90
        7
176
     1
 90
        7
176
     1
 40
1.0
176
     1
 90
        8
176
     1
 62
     7
176
     1
 40
1.0
176
     1
 90
        1
176
     1
 90
        6
176
     1
 90
        2
176
     1
 62
     7
176
     1
 90
        5
176
     1
 90
        0
176
     1
 90
        0
176
     1
290
     0
176
     1
 90
        1
176
     1
 40
0.0
176
     1
 90
        0
176
     1
290
     0
176
     1
290
     1
176
     1
290
     1
176
     1
290
     0
176
     1
290
     0
176
     1
290
     0
176
     1
290
     0
176
     1
290
     0
176
     1
290
     0
176
     1
 90
       50
176
     1
 40
0.0
176
     1
 40
1.0
176
     1
 90
        0
176
     1
 62
    18
420
        0
176
     1
 90
       50
176
     1
 90
        3
176
     1
 62
     5
420
      255
176
     1
290
     0
176
     1
 90
       50
176
     1
 90
       50
176
     1
 90
       50
176
     1
290
     0
176
     1
 90
       50
176
     1
 62
   256
176
     0
 40
1.0
176
     0
 90
        2
176
     1
  1
strokes_ogs.tif
176
     1
290
     0
176
     1
 40
1.0
176
     1
 40
1.0
176
     1
  0
VISUALSTYLE
  5
A17
102
{ACAD_REACTORS
330
A05
102
}
330
A05
100
AcDbVisualStyle
  2
OverhangOff
 70
    21
177
     3
291
     1
 70
    58
 90
        2
176
     0
 90
        2
176
     0
 90
        0
176
     0
 90
        0
176
     0
 40
0.6
176
     0
 40
30.0
176
     0
 62
     7
420
 16777215
176
     0
 90
        1
176
     0
 90
        4
176
     0
 62
     7
176
     0
 62
   257
176
     0
 90
        1
176
     0
 90
        1
176
     0
 40
1.0
176
     0
 90
        9
176
     2
 62
     7
176
     0
 40
1.0
176
     0
 90
        1
176
     0
 90
        6
176
     0
 90
        2
176
     0
 62
     7
176
     0
 90
        5
176
     0
 90
        0
176
     0
 90
        0
176
     0
290
     0
176
     0
 90
        1
176
     0
 40
0.0
176
     0
 90
        0
176
     0
290
     0
176
     0
290
     1
176
     0
290
     1
176
     0
290
     0
176
     0
290
     0
176
     0
290
     0
176
     0
290
     0
176
     0
290
     0
176
     0
290
     0
176
     0
 90
       50
176
     0
 40
0.0
176
     0
 40
1.0
176
     0
 90
        0
176
     0
 62
    18
420
        0
176
     0
 90
       50
176
     0
 90
        3
176
     0
 62
     5
420
      255
176
     0
290
     0
176
     0
 90
       50
176
     0
 90
       50
176
     0
 90
       50
176
     0
290
     0
176
     0
 90
       50
176
     0
 62
   256
176
     0
 40
1.0
176
     0
 90
        2
176
     0
  1
strokes_ogs.tif
176
     0
290
     0
176
     0
 40
1.0
176
     0
 40
1.0
176
     0
  0
VISUALSTYLE
  5
A0E
102
{ACAD_REACTORS
330
A05
102
}
330
A05
100
AcDbVisualStyle
  2
Realistic
 70
     8
177
     3
291
     0
 70
    58
 90
        2
176
     1
 90
        3
176
     1
 90
        0
176
     1
 90
        2
176
     1
 40
0.6
176
     1
 40
30.0
176
     1
 62
     7
420
 16777215
176
     1
 90
        0
176
     1
 90
        0
176
     1
 62
     7
176
     1
 62
   257
176
     1
 90
        1
176
     1
 90
        1
176
     1
 40
1.0
176
     1
 90
        8
176
     1
 62
   257
176
     1
 40
1.0
176
     1
 90
        1
176
     1
 90
        6
176
     1
 90
        2
176
     1
 62
     7
176
     1
 90
        3
176
     1
 90
        0
176
     1
 90
        0
176
     1
290
     0
176
     1
 90
       13
176
     1
 40
0.0
176
     1
 90
        0
176
     1
290
     0
176
     1
290
     1
176
     1
290
     1
176
     1
290
     0
176
     1
290
     0
176
     1
290
     0
176
     1
290
     0
176
     1
290
     0
176
     1
290
     0
176
     1
 90
       50
176
     1
 40
0.0
176
     1
 40
1.0
176
     1
 90
        0
176
     1
 62
    18
420
        0
176
     1
 90
       50
176
     1
 90
        3
176
     1
 62
     5
420
      255
176
     1
290
     0
176
     1
 90
       50
176
     1
 90
       50
176
     1
 90
       50
176
     1
290
     0
176
     1
 90
       50
176
     1
 62
   256
176
     0
 40
1.0
176
     0
 90
        2
176
     1
  1
strokes_ogs.tif
176
     1
290
     0
176
     1
 40
1.0
176
     1
 40
1.0
176
     1
  0
VISUALSTYLE
  5
A1D
102
{ACAD_REACTORS
330
A05
102
}
330
A05
100
AcDbVisualStyle
  2
Shaded
 70
    27
177
     3
291
     0
 70
    58
 90
        2
176
     1
 90
        2
176
     1
 90
        1
176
     1
 90
        2
176
     1
 40
0.6
176
     1
 40
30.0
176
     1
 62
     7
420
 16777215
176
     1
 90
        0
176
     1
 90
        4
176
     1
 62
     7
176
     1
 62
   257
176
     1
 90
        1
176
     1
 90
        1
176
     1
 40
1.0
176
     1
 90
        8
176
     1
 62
   257
176
     1
 40
1.0
176
     1
 90
        1
176
     1
 90
        6
176
     1
 90
        2
176
     1
 62
     8
420
  7895160
176
     1
 90
        3
176
     1
 90
        0
176
     1
 90
        0
176
     1
290
     0
176
     1
 90
        5
176
     1
 40
0.0
176
     1
 90
        0
176
     1
290
     0
176
     1
290
     1
176
     1
290
     1
176
     1
290
     0
176
     1
290
     0
176
     1
290
     0
176
     1
290
     0
176
     1
290
     0
176
     1
290
     0
176
     1
 90
       50
176
     1
 40
0.0
176
     1
 40
1.0
176
     1
 90
        0
176
     1
 62
    18
420
        0
176
     1
 90
       50
176
     1
 90
        3
176
     1
 62
     5
420
      255
176
     1
290
     0
176
     1
 90
       50
176
     1
 90
       50
176
     1
 90
       50
176
     1
290
     0
176
     1
 90
       50
176
     1
 62
   256
176
     0
 40
1.0
176
     0
 90
        2
176
     1
  1
strokes_ogs.tif
176
     1
290
     0
176
     1
 40
1.0
176
     1
 40
1.0
176
     1
  0
VISUALSTYLE
  5
A1C
102
{ACAD_REACTORS
330
A05
102
}
330
A05
100
AcDbVisualStyle
  2
Shaded with edges
 70
    26
177
     3
291
     0
 70
    58
 90
        2
176
     1
 90
        2
176
     1
 90
        1
176
     1
 90
        2
176
     1
 40
0.6
176
     1
 40
30.0
176
     1
 62
     7
420
 16777215
176
     1
 90
        1
176
     1
 90
       10
176
     1
 62
     7
176
     1
 62
   257
176
     1
 90
        2
176
     1
 90
        1
176
     1
 40
1.0
176
     1
 90
        8
176
     1
 62
   257
176
     1
 40
1.0
176
     1
 90
        1
176
     1
 90
        6
176
     1
 90
        2
176
     1
 62
     7
176
     1
 90
        3
176
     1
 90
        0
176
     1
 90
        0
176
     1
290
     0
176
     1
 90
        5
176
     1
 40
0.0
176
     1
 90
        0
176
     1
290
     0
176
     1
290
     1
176
     1
290
     1
176
     1
290
     0
176
     1
290
     0
176
     1
290
     0
176
     1
290
     0
176
     1
290
     0
176
     1
290
     0
176
     1
 90
       50
176
     1
 40
0.0
176
     1
 40
1.0
176
     1
 90
        0
176
     1
 62
    18
420
        0
176
     1
 90
       50
176
     1
 90
        3
176
     1
 62
     5
420
      255
176
     1
290
     0
176
     1
 90
       50
176
     1
 90
       50
176
     1
 90
       50
176
     1
290
     0
176
     1
 90
       50
176
     1
 62
   256
176
     0
 40
1.0
176
     0
 90
        2
176
     1
  1
strokes_ogs.tif
176
     1
290
     0
176
     1
 40
1.0
176
     1
 40
1.0
176
     1
  0
VISUALSTYLE
  5
A19
102
{ACAD_REACTORS
330
A05
102
}
330
A05
100
AcDbVisualStyle
  2
Shades of Gray
 70
    23
177
     3
291
     0
 70
    58
 90
        2
176
     1
 90
        2
176
     1
 90
        3
176
     1
 90
        0
176
     1
 40
0.6
176
     1
 40
30.0
176
     1
 62
     7
420
 16777215
176
     1
 90
        2
176
     1
 90
        2
176
     1
 62
     7
176
     1
 62
     7
176
     1
 90
        1
176
     1
 90
        1
176
     1
 40
40.0
176
     1
 90
        8
176
     1
 62
     7
176
     1
 40
1.0
176
     1
 90
        1
176
     1
 90
        6
176
     1
 90
        2
176
     1
 62
     7
176
     1
 90
        3
176
     1
 90
        0
176
     1
 90
        0
176
     1
290
     0
176
     1
 90
        1
176
     1
 40
0.0
176
     1
 90
        0
176
     1
290
     0
176
     1
290
     1
176
     1
290
     1
176
     1
290
     0
176
     1
290
     0
176
     1
290
     0
176
     1
290
     0
176
     1
290
     0
176
     1
290
     0
176
     1
 90
       50
176
     1
 40
0.0
176
     1
 40
1.0
176
     1
 90
        0
176
     1
 62
    18
420
        0
176
     1
 90
       50
176
     1
 90
        3
176
     1
 62
     5
420
      255
176
     1
290
     0
176
     1
 90
       50
176
     1
 90
       50
176
     1
 90
       50
176
     1
290
     0
176
     1
 90
       50
176
     1
 62
   256
176
     0
 40
1.0
176
     0
 90
        2
176
     1
  1
strokes_ogs.tif
176
     1
290
     0
176
     1
 40
1.0
176
     1
 40
1.0
176
     1
  0
VISUALSTYLE
  5
A1A
102
{ACAD_REACTORS
330
A05
102
}
330
A05
100
AcDbVisualStyle
  2
Sketchy
 70
    24
177
     3
291
     0
 70
    58
 90
        1
176
     1
 90
        2
176
     1
 90
        2
176
     1
 90
        0
176
     1
 40
0.6
176
     1
 40
30.0
176
     1
 62
     7
420
 16777215
176
     1
 90
        2
176
     1
 90
        2
176
     1
 62
     7
176
     1
 62
     7
176
     1
 90
        1
176
     1
 90
        1
176
     1
 40
40.0
176
     1
 90
       11
176
     1
 62
     7
176
     1
 40
1.0
176
     1
 90
        1
176
     1
 90
        6
176
     1
 90
        2
176
     1
 62
     7
176
     1
 90
        6
176
     1
 90
        0
176
     1
 90
        0
176
     1
290
     0
176
     1
 90
        1
176
     1
 40
0.0
176
     1
 90
        0
176
     1
290
     0
176
     1
290
     1
176
     1
290
     1
176
     1
290
     0
176
     1
290
     0
176
     1
290
     0
176
     1
290
     0
176
     1
290
     0
176
     1
290
     0
176
     1
 90
       50
176
     1
 40
0.0
176
     1
 40
1.0
176
     1
 90
        0
176
     1
 62
    18
420
        0
176
     1
 90
       50
176
     1
 90
        3
176
     1
 62
     5
420
      255
176
     1
290
     0
176
     1
 90
       50
176
     1
 90
       50
176
     1
 90
       50
176
     1
290
     0
176
     1
 90
       50
176
     1
 62
   256
176
     0
 40
1.0
176
     0
 90
        2
176
     1
  1
strokes_ogs.tif
176
     1
290
     0
176
     1
 40
1.0
176
     1
 40
1.0
176
     1
  0
VISUALSTYLE
  5
A12
102
{ACAD_REACTORS
330
A05
102
}
330
A05
100
AcDbVisualStyle
  2
Thicken
 70
    13
177
     3
291
     1
 70
    58
 90
        2
176
     1
 90
        2
176
     1
 90
        0
176
     1
 90
        0
176
     1
 40
0.6
176
     1
 40
30.0
176
     1
 62
     7
420
 16777215
176
     1
 90
        1
176
     1
 90
        4
176
     1
 62
     7
176
     1
 62
   257
176
     1
 90
        1
176
     1
 90
        1
176
     1
 40
1.0
176
     1
 90
       12
176
     1
 62
     7
176
     1
 40
1.0
176
     1
 90
        1
176
     1
 90
        6
176
     1
 90
        2
176
     1
 62
     7
176
     1
 90
        5
176
     1
 90
        0
176
     1
 90
        0
176
     1
290
     0
176
     1
 90
        1
176
     1
 40
0.0
176
     1
 90
        0
176
     1
290
     0
176
     1
290
     1
176
     1
290
     1
176
     1
290
     0
176
     1
290
     0
176
     1
290
     0
176
     1
290
     0
176
     1
290
     0
176
     1
290
     0
176
     1
 90
       50
176
     1
 40
0.0
176
     1
 40
1.0
176
     1
 90
        0
176
     1
 62
    18
420
        0
176
     1
 90
       50
176
     1
 90
        3
176
     1
 62
     5
420
      255
176
     1
290
     0
176
     1
 90
       50
176
     1
 90
       50
176
     1
 90
       50
176
     1
290
     0
176
     1
 90
       50
176
     1
 62
   256
176
     0
 40
1.0
176
     0
 90
        2
176
     1
  1
strokes_ogs.tif
176
     1
290
     0
176
     1
 40
1.0
176
     1
 40
1.0
176
     1
  0
VISUALSTYLE
  5
A0B
102
{ACAD_REACTORS
330
A05
102
}
330
A05
100
AcDbVisualStyle
  2
Wireframe
 70
     5
177
     3
291
     0
 70
    58
 90
        0
176
     1
 90
        2
176
     1
 90
        0
176
     1
 90
        0
176
     1
 40
0.6
176
     1
 40
30.0
176
     1
 62
     7
420
 16777215
176
     1
 90
        1
176
     1
 90
        4
176
     1
 62
     7
176
     1
 62
   257
176
     1
 90
        1
176
     1
 90
        1
176
     1
 40
1.0
176
     1
 90
        0
176
     1
 62
   257
176
     1
 40
1.0
176
     1
 90
        1
176
     1
 90
        6
176
     1
 90
        2
176
     1
 62
     7
176
     1
 90
        3
176
     1
 90
        0
176
     1
 90
        0
176
     1
290
     0
176
     1
 90
        1
176
     1
 40
0.0
176
     1
 90
        0
176
     1
290
     0
176
     1
290
     1
176
     1
290
     1
176
     1
290
     0
176
     1
290
     0
176
     1
290
     0
176
     1
290
     0
176
     1
290
     0
176
     1
290
     0
176
     1
 90
       50
176
     1
 40
0.0
176
     1
 40
1.0
176
     1
 90
        0
176
     1
 62
    18
420
        0
176
     1
 90
       50
176
     1
 90
        3
176
     1
 62
     5
420
      255
176
     1
290
     0
176
     1
 90
       50
176
     1
 90
       50
176
     1
 90
       50
176
     1
290
     0
176
     1
 90
       50
176
     1
 62
   256
176
     0
 40
1.0
176
     0
 90
        2
176
     1
  1
strokes_ogs.tif
176
     1
290
     0
176
     1
 40
1.0
176
     1
 40
1.0
176
     1
  0
VISUALSTYLE
  5
A1B
102
{ACAD_REACTORS
330
A05
102
}
330
A05
100
AcDbVisualStyle
  2
X-Ray
 70
    25
177
     3
291
     0
 70
    58
 90
        2
176
     1
 90
        2
176
     1
 90
        1
176
     1
 90
        1
176
     1
 40
0.5
176
     1
 40
30.0
176
     1
 62
     7
420
 16777215
176
     1
 90
        1
176
     1
 90
        0
176
     1
 62
     7
176
     1
 62
   257
176
     1
 90
        1
176
     1
 90
        1
176
     1
 40
1.0
176
     1
 90
        8
176
     1
 62
     7
176
     1
 40
1.0
176
     1
 90
        1
176
     1
 90
        6
176
     1
 90
        2
176
     1
 62
     7
176
     1
 90
        3
176
     1
 90
        0
176
     1
 90
        0
176
     1
290
     0
176
     1
 90
       13
176
     1
 40
0.0
176
     1
 90
        0
176
     1
290
     0
176
     1
290
     1
176
     1
290
     1
176
     1
290
     0
176
     1
290
     0
176
     1
290
     0
176
     1
290
     0
176
     1
290
     0
176
     1
290
     0
176
     1
 90
       50
176
     1
 40
0.0
176
     1
 40
1.0
176
     1
 90
        0
176
     1
 62
    18
420
        0
176
     1
 90
       50
176
     1
 90
        3
176
     1
 62
     5
420
      255
176
     1
290
     0
176
     1
 90
       50
176
     1
 90
       50
176
     1
 90
       50
176
     1
290
     0
176
     1
 90
       50
176
     1
 62
   256
176
     0
 40
1.0
176
     0
 90
        2
176
     1
  1
strokes_ogs.tif
176
     1
290
     0
176
     1
 40
1.0
176
     1
 40
1.0
176
     1
  0
DICTIONARYVAR
  5
AA9
102
{ACAD_REACTORS
330
AA8
102
}
330
AA8
100
DictionaryVariables
280
     0
  1
1:1
  0
DICTIONARYVAR
  5
AAE
102
{ACAD_REACTORS
330
AA8
102
}
330
AA8
100
DictionaryVariables
280
     0
  1
Standard
  0
DICTIONARYVAR
  5
AAD
102
{ACAD_REACTORS
330
AA8
102
}
330
AA8
100
DictionaryVariables
280
     0
  1
Standard
  0
XRECORD
  5
A3C
102
{ACAD_REACTORS
330
A3A
102
}
330
A3A
100
AcDbXrecord
280
     1
1000
#ffffff
  0
XRECORD
  5
A3D
102
{ACAD_REACTORS
330
A3A
102
}
330
A3A
100
AcDbXrecord
280
     1
1000
FullColor
  0
XRECORD
  5
A3E
102
{ACAD_REACTORS
330
A3A
102
}
330
A3A
100
AcDbXrecord
280
     1
290
     1
  0
XRECORD
  5
A3F
102
{ACAD_REACTORS
330
A3A
102
}
330
A3A
100
AcDbXrecord
280
     1
290
     1
  0
XRECORD
  5
A40
102
{ACAD_REACTORS
330
A3A
102
}
330
A3A
100
AcDbXrecord
280
     1
290
     1
  0
XRECORD
  5
A41
102
{ACAD_REACTORS
330
A3A
102
}
330
A3A
100
AcDbXrecord
280
     1
290
     1
  0
XRECORD
  5
A42
102
{ACAD_REACTORS
330
A3A
102
}
330
A3A
100
AcDbXrecord
280
     1
1000
auto
  0
XRECORD
  5
A43
102
{ACAD_REACTORS
330
A3A
102
}
330
A3A
100
AcDbXrecord
280
     1
1000
auto
  0
XRECORD
  5
A44
102
{ACAD_REACTORS
330
A3A
102
}
330
A3A
100
AcDbXrecord
280
     1
1000
auto
  0
XRECORD
  5
A45
102
{ACAD_REACTORS
330
A3A
102
}
330
A3A
100
AcDbXrecord
280
     1
1000
auto
  0
XRECORD
  5
A46
102
{ACAD_REACTORS
330
A3A
102
}
330
A3A
100
AcDbXrecord
280
     1
1000
auto
  0
XRECORD
  5
A47
102
{ACAD_REACTORS
330
A3A
102
}
330
A3A
100
AcDbXrecord
280
     1
1000
auto
  0
XRECORD
  5
A48
102
{ACAD_REACTORS
330
A3A
102
}
330
A3A
100
AcDbXrecord
280
     1
1000
auto
  0
XRECORD
  5
A49
102
{ACAD_REACTORS
330
A3A
102
}
330
A3A
100
AcDbXrecord
280
     1
1000
auto
  0
XRECORD
  5
A4A
102
{ACAD_REACTORS
330
A3A
102
}
330
A3A
100
AcDbXrecord
280
     1
290
     0
  0
XRECORD
  5
A4B
102
{ACAD_REACTORS
330
A3A
102
}
330
A3A
100
AcDbXrecord
280
     1
290
     0
  0
XRECORD
  5
A4C
102
{ACAD_REACTORS
330
A3A
102
}
330
A3A
100
AcDbXrecord
280
     1
290
     0
  0
XRECORD
  5
A4D
102
{ACAD_REACTORS
330
A3A
102
}
330
A3A
100
AcDbXrecord
280
     1
290
     0
  0
XRECORD
  5
A4E
102
{ACAD_REACTORS
330
A3A
102
}
330
A3A
100
AcDbXrecord
280
     1
 90
    65537
  0
XRECORD
  5
A4F
102
{ACAD_REACTORS
330
A3A
102
}
330
A3A
100
AcDbXrecord
280
     1
 90
    65537
  0
XRECORD
  5
A50
102
{ACAD_REACTORS
330
A3A
102
}
330
A3A
100
AcDbXrecord
280
     1
 90
    65537
  0
XRECORD
  5
A51
102
{ACAD_REACTORS
330
A3A
102
}
330
A3A
100
AcDbXrecord
280
     1
 90
    65537
  0
XRECORD
  5
A52
102
{ACAD_REACTORS
330
A3A
102
}
330
A3A
100
AcDbXrecord
280
     1
1000
auto
  0
XRECORD
  5
A53
102
{ACAD_REACTORS
330
A3A
102
}
330
A3A
100
AcDbXrecord
280
     1
1000
auto
  0
XRECORD
  5
A54
102
{ACAD_REACTORS
330
A3A
102
}
330
A3A
100
AcDbXrecord
280
     1
1000
auto
  0
XRECORD
  5
A55
102
{ACAD_REACTORS
330
A3A
102
}
330
A3A
100
AcDbXrecord
280
     1
1000
auto
  0
XRECORD
  5
A56
102
{ACAD_REACTORS
330
A3A
102
}
330
A3A
100
AcDbXrecord
280
     1
1000
auto
  0
XRECORD
  5
A57
102
{ACAD_REACTORS
330
A3A
102
}
330
A3A
100
AcDbXrecord
280
     1
1000
auto
  0
XRECORD
  5
A58
102
{ACAD_REACTORS
330
A3A
102
}
330
A3A
100
AcDbXrecord
280
     1
1000
auto
  0
XRECORD
  5
A59
102
{ACAD_REACTORS
330
A3A
102
}
330
A3A
100
AcDbXrecord
280
     1
1000
auto
  0
XRECORD
  5
A5A
102
{ACAD_REACTORS
330
A3A
102
}
330
A3A
100
AcDbXrecord
280
     1
 90
        1
  0
XRECORD
  5
A5B
102
{ACAD_REACTORS
330
A3A
102
}
330
A3A
100
AcDbXrecord
280
     1
 40
10.0
  0
XRECORD
  5
A5C
102
{ACAD_REACTORS
330
A3A
102
}
330
A3A
100
AcDbXrecord
280
     1
 40
10.0
  0
XRECORD
  5
A5D
102
{ACAD_REACTORS
330
A3A
102
}
330
A3A
100
AcDbXrecord
280
     1
 40
10.0
  0
XRECORD
  5
A5E
102
{ACAD_REACTORS
330
A3A
102
}
330
A3A
100
AcDbXrecord
280
     1
 40
10.0
  0
XRECORD
  5
A5F
102
{ACAD_REACTORS
330
A3A
102
}
330
A3A
100
AcDbXrecord
280
     1
290
     0
  0
XRECORD
  5
A60
102
{ACAD_REACTORS
330
A3A
102
}
330
A3A
100
AcDbXrecord
280
     1
 90
        1
  0
XRECORD
  5
A61
102
{ACAD_REACTORS
330
A3A
102
}
330
A3A
100
AcDbXrecord
280
     1
 40
0.0
  0
XRECORD
  5
A62
102
{ACAD_REACTORS
330
A3A
102
}
330
A3A
100
AcDbXrecord
280
     1
 40
0.0
  0
XRECORD
  5
A63
102
{ACAD_REACTORS
330
A3A
102
}
330
A3A
100
AcDbXrecord
280
     1
1000
Portrait
  0
XRECORD
  5
A64
102
{ACAD_REACTORS
330
A3A
102
}
330
A3A
100
AcDbXrecord
280
     1
 40
297.0
  0
XRECORD
  5
A65
102
{ACAD_REACTORS
330
A3A
102
}
330
A3A
100
AcDbXrecord
280
     1
 40
210.0
  0
XRECORD
  5
A66
102
{ACAD_REACTORS
330
A3A
102
}
330
A3A
100
AcDbXrecord
280
     1
1000
1:1
  0
XRECORD
  5
A67
102
{ACAD_REACTORS
330
A3A
102
}
330
A3A
100
AcDbXrecord
280
     1
290
     1
  0
XRECORD
  5
A68
102
{ACAD_REACTORS
330
A3A
102
}
330
A3A
100
AcDbXrecord
280
     1
290
     0
  0
XRECORD
  5
A69
102
{ACAD_REACTORS
330
A3A
102
}
330
A3A
100
AcDbXrecord
280
     1
1000
Inside
  0
XRECORD
  5
A6A
102
{ACAD_REACTORS
330
A3A
102
}
330
A3A
100
AcDbXrecord
280
     1
1000
Arial,10,-1,5,400,0,0,0,0,0,0,0,0,0,0,1
  0
XRECORD
  5
A6B
102
{ACAD_REACTORS
330
A3A
102
}
330
A3A
100
AcDbXrecord
280
     1
1000
TopLeft
  0
XRECORD
  5
A6C
102
{ACAD_REACTORS
330
A3A
102
}
330
A3A
100
AcDbXrecord
280
     1
1000
3.32.6
  0
XRECORD
  5
A6D
102
{ACAD_REACTORS
330
A3A
102
}
330
A3A
100
AcDbXrecord
280
     1
 90
        4
  0
XRECORD
  5
A6E
102
{ACAD_REACTORS
330
A3A
102
}
330
A3A
100
AcDbXrecord
280
     1
  0
XRECORD
  5
A6F
102
{ACAD_REACTORS
330
A3A
102
}
330
A3A
100
AcDbXrecord
280
     1
 40
30.60732177263969
  0
XRECORD
  5
A70
102
{ACAD_REACTORS
330
A3A
102
}
330
A3A
100
AcDbXrecord
280
     1
 40
55.13371868978805
  0
DICTIONARY
  5
AAA
330
A35
100
AcDbDictionary
280
     1
281
     1
  3
ACAD_ROUNDTRIP_2008_TABLESTYLE_CELLSTYLEMAP
360
AAB
  0
CELLSTYLEMAP
  5
AAB
102
{ACAD_REACTORS
330
AAA
102
}
330
AAA
100
AcDbCellStyleMap
 90
        3
300
CELLSTYLE
  1
TABLEFORMAT_BEGIN
 90
        5
170
     1
 91
        0
 92
    32768
 62
   257
 93
        1
300
CONTENTFORMAT
  1
CONTENTFORMAT_BEGIN
 90
        0
 91
        0
 92
        4
 93
        0
300

 40
0.0
140
1.0
 94
        5
 62
     0
340
9ED
144
0.25
309
CONTENTFORMAT_END
171
     1
301
MARGIN
  1
CELLMARGIN_BEGIN
 40
0.06
 40
0.06
 40
0.06
 40
0.06
 40
0.06
 40
0.06
309
CELLMARGIN_END
 94
        6
 95
        1
302
GRIDFORMAT
  1
GRIDFORMAT_BEGIN
 90
        0
 91
        1
 62
     0
 92
       -2
340
9EF
 93
        0
 40
0.045
309
GRIDFORMAT_END
 95
        2
302
GRIDFORMAT
  1
GRIDFORMAT_BEGIN
 90
        0
 91
        1
 62
     0
 92
       -2
340
9EF
 93
        0
 40
0.045
309
GRIDFORMAT_END
 95
        4
302
GRIDFORMAT
  1
GRIDFORMAT_BEGIN
 90
        0
 91
        1
 62
     0
 92
       -2
340
9EF
 93
        0
 40
0.045
309
GRIDFORMAT_END
 95
        8
302
GRIDFORMAT
  1
GRIDFORMAT_BEGIN
 90
        0
 91
        1
 62
     0
 92
       -2
340
9EF
 93
        0
 40
0.045
309
GRIDFORMAT_END
 95
       16
302
GRIDFORMAT
  1
GRIDFORMAT_BEGIN
 90
        0
 91
        1
 62
     0
 92
       -2
340
9EF
 93
        0
 40
0.045
309
GRIDFORMAT_END
 95
       32
302
GRIDFORMAT
  1
GRIDFORMAT_BEGIN
 90
        0
 91
        1
 62
     0
 92
       -2
340
9EF
 93
        0
 40
0.045
309
GRIDFORMAT_END
309
TABLEFORMAT_END
  1
CELLSTYLE_BEGIN
 90
        1
 91
        1
300
_TITLE
309
CELLSTYLE_END
300
CELLSTYLE
  1
TABLEFORMAT_BEGIN
 90
        5
170
     1
 91
        0
 92
        0
 62
   257
 93
        1
300
CONTENTFORMAT
  1
CONTENTFORMAT_BEGIN
 90
        0
 91
        0
 92
        4
 93
        0
300

 40
0.0
140
1.0
 94
        5
 62
     0
340
9ED
144
0.18
309
CONTENTFORMAT_END
171
     1
301
MARGIN
  1
CELLMARGIN_BEGIN
 40
0.06
 40
0.06
 40
0.06
 40
0.06
 40
0.06
 40
0.06
309
CELLMARGIN_END
 94
        6
 95
        1
302
GRIDFORMAT
  1
GRIDFORMAT_BEGIN
 90
        0
 91
        1
 62
     0
 92
       -2
340
9EF
 93
        0
 40
0.045
309
GRIDFORMAT_END
 95
        2
302
GRIDFORMAT
  1
GRIDFORMAT_BEGIN
 90
        0
 91
        1
 62
     0
 92
       -2
340
9EF
 93
        0
 40
0.045
309
GRIDFORMAT_END
 95
        4
302
GRIDFORMAT
  1
GRIDFORMAT_BEGIN
 90
        0
 91
        1
 62
     0
 92
       -2
340
9EF
 93
        0
 40
0.045
309
GRIDFORMAT_END
 95
        8
302
GRIDFORMAT
  1
GRIDFORMAT_BEGIN
 90
        0
 91
        1
 62
     0
 92
       -2
340
9EF
 93
        0
 40
0.045
309
GRIDFORMAT_END
 95
       16
302
GRIDFORMAT
  1
GRIDFORMAT_BEGIN
 90
        0
 91
        1
 62
     0
 92
       -2
340
9EF
 93
        0
 40
0.045
309
GRIDFORMAT_END
 95
       32
302
GRIDFORMAT
  1
GRIDFORMAT_BEGIN
 90
        0
 91
        1
 62
     0
 92
       -2
340
9EF
 93
        0
 40
0.045
309
GRIDFORMAT_END
309
TABLEFORMAT_END
  1
CELLSTYLE_BEGIN
 90
        2
 91
        1
300
_HEADER
309
CELLSTYLE_END
300
CELLSTYLE
  1
TABLEFORMAT_BEGIN
 90
        5
170
     1
 91
        0
 92
        0
 62
   257
 93
        1
300
CONTENTFORMAT
  1
CONTENTFORMAT_BEGIN
 90
        0
 91
        0
 92
        4
 93
        0
300

 40
0.0
140
1.0
 94
        2
 62
     0
340
9ED
144
0.18
309
CONTENTFORMAT_END
171
     1
301
MARGIN
  1
CELLMARGIN_BEGIN
 40
0.06
 40
0.06
 40
0.06
 40
0.06
 40
0.06
 40
0.06
309
CELLMARGIN_END
 94
        6
 95
        1
302
GRIDFORMAT
  1
GRIDFORMAT_BEGIN
 90
        0
 91
        1
 62
     0
 92
       -2
340
9EF
 93
        0
 40
0.045
309
GRIDFORMAT_END
 95
        2
302
GRIDFORMAT
  1
GRIDFORMAT_BEGIN
 90
        0
 91
        1
 62
     0
 92
       -2
340
9EF
 93
        0
 40
0.045
309
GRIDFORMAT_END
 95
        4
302
GRIDFORMAT
  1
GRIDFORMAT_BEGIN
 90
        0
 91
        1
 62
     0
 92
       -2
340
9EF
 93
        0
 40
0.045
309
GRIDFORMAT_END
 95
        8
302
GRIDFORMAT
  1
GRIDFORMAT_BEGIN
 90
        0
 91
        1
 62
     0
 92
       -2
340
9EF
 93
        0
 40
0.045
309
GRIDFORMAT_END
 95
       16
302
GRIDFORMAT
  1
GRIDFORMAT_BEGIN
 90
        0
 91
        1
 62
     0
 92
       -2
340
9EF
 93
        0
 40
0.045
309
GRIDFORMAT_END
 95
       32
302
GRIDFORMAT
  1
GRIDFORMAT_BEGIN
 90
        0
 91
        1
 62
     0
 92
       -2
340
9EF
 93
        0
 40
0.045
309
GRIDFORMAT_END
309
TABLEFORMAT_END
  1
CELLSTYLE_BEGIN
 90
        3
 91
        2
300
_DATA
309
CELLSTYLE_END
  0
ENDSEC
  0
EOF
