ISO-10303-21;
HEADER;
/* Generated by software containing ST-Developer
 * from STEP Tools, Inc. (www.steptools.com) 
 */

FILE_DESCRIPTION(
/* description */ (''),
/* implementation_level */ '2;1');

FILE_NAME(
/* name */ 'inferior_floor.step',
/* time_stamp */ '2026-08-19T10:16:28-05:00',
/* author */ (''),
/* organization */ (''),
/* preprocessor_version */ 'ST-DEVELOPER v20.1',
/* originating_system */ 'Autodesk Translation Framework v15.8.0.0',
/* authorisation */ '');

FILE_SCHEMA (('AUTOMOTIVE_DESIGN { 1 0 10303 214 3 1 1 }'));
ENDSEC;

DATA;
#10=MECHANICAL_DESIGN_GEOMETRIC_PRESENTATION_REPRESENTATION('',(#13),#6289);
#11=SHAPE_REPRESENTATION_RELATIONSHIP('SRR','None',#6296,#12);
#12=ADVANCED_BREP_SHAPE_REPRESENTATION('',(#14),#6288);
#13=STYLED_ITEM('',(#6305),#14);
#14=MANIFOLD_SOLID_BREP('piso_inf (6)',#3183);
#15=(
BOUNDED_SURFACE()
B_SPLINE_SURFACE(2,2,((#5434,#5435,#5436),(#5437,#5438,#5439),(#5440,#5441,
#5442)),.UNSPECIFIED.,.F.,.F.,.F.)
B_SPLINE_SURFACE_WITH_KNOTS((3,3),(3,3),(-3.13431332590148,-1.5707963267949),
(2.39725558566914,3.1415926535898),.UNSPECIFIED.)
GEOMETRIC_REPRESENTATION_ITEM()
RATIONAL_B_SPLINE_SURFACE(((1.,0.931540978723599,1.),(0.709675722919129,
0.661092017504463,0.709675722919129),(1.,0.931540978723599,1.)))
REPRESENTATION_ITEM('')
SURFACE()
);
#16=(
BOUNDED_SURFACE()
B_SPLINE_SURFACE(2,2,((#5483,#5484,#5485),(#5486,#5487,#5488),(#5489,#5490,
#5491)),.UNSPECIFIED.,.F.,.F.,.F.)
B_SPLINE_SURFACE_WITH_KNOTS((3,3),(3,3),(-3.1343133259015,-1.5707963267949),
(2.39725558566862,3.1415926535898),.UNSPECIFIED.)
GEOMETRIC_REPRESENTATION_ITEM()
RATIONAL_B_SPLINE_SURFACE(((1.,0.931540978723504,1.),(0.70967572291912,
0.661092017504387,0.70967572291912),(1.,0.931540978723504,1.)))
REPRESENTATION_ITEM('')
SURFACE()
);
#17=(
BOUNDED_SURFACE()
B_SPLINE_SURFACE(2,2,((#5504,#5505,#5506),(#5507,#5508,#5509),(#5510,#5511,
#5512)),.UNSPECIFIED.,.F.,.F.,.F.)
B_SPLINE_SURFACE_WITH_KNOTS((3,3),(3,3),(-3.13431332590286,-1.5707963267949),
(-3.1415926535898,-2.39725558566914),.UNSPECIFIED.)
GEOMETRIC_REPRESENTATION_ITEM()
RATIONAL_B_SPLINE_SURFACE(((1.,0.9315409787236,1.),(0.709675722918642,0.66109201750401,
0.709675722918642),(1.,0.9315409787236,1.)))
REPRESENTATION_ITEM('')
SURFACE()
);
#18=(
BOUNDED_SURFACE()
B_SPLINE_SURFACE(2,2,((#5596,#5597,#5598),(#5599,#5600,#5601),(#5602,#5603,
#5604)),.UNSPECIFIED.,.F.,.F.,.F.)
B_SPLINE_SURFACE_WITH_KNOTS((3,3),(3,3),(-3.13431332590051,-1.5707963267949),
(-3.1415926535898,-2.39725558566862),.UNSPECIFIED.)
GEOMETRIC_REPRESENTATION_ITEM()
RATIONAL_B_SPLINE_SURFACE(((1.,0.931540978723504,1.),(0.709675722919473,
0.661092017504716,0.709675722919473),(1.,0.931540978723504,1.)))
REPRESENTATION_ITEM('')
SURFACE()
);
#19=ELLIPSE('',#3368,2.23606797749979,1.);
#20=ELLIPSE('',#3369,2.23606797749979,1.);
#21=ELLIPSE('',#3373,2.23606797749979,1.);
#22=ELLIPSE('',#3377,2.23606797749979,1.);
#23=TOROIDAL_SURFACE('',#3344,2.,1.);
#24=TOROIDAL_SURFACE('',#3353,2.,1.);
#25=FACE_BOUND('',#462,.T.);
#26=FACE_BOUND('',#463,.T.);
#27=FACE_BOUND('',#464,.T.);
#28=FACE_BOUND('',#465,.T.);
#29=FACE_BOUND('',#466,.T.);
#30=FACE_BOUND('',#467,.T.);
#31=FACE_BOUND('',#468,.T.);
#32=FACE_BOUND('',#469,.T.);
#33=FACE_BOUND('',#470,.T.);
#34=FACE_BOUND('',#514,.T.);
#35=FACE_BOUND('',#535,.T.);
#36=FACE_BOUND('',#536,.T.);
#37=FACE_BOUND('',#537,.T.);
#38=FACE_BOUND('',#538,.T.);
#39=FACE_BOUND('',#539,.T.);
#40=B_SPLINE_SURFACE_WITH_KNOTS('',3,3,((#4748,#4749,#4750,#4751),(#4752,
#4753,#4754,#4755),(#4756,#4757,#4758,#4759),(#4760,#4761,#4762,#4763),
(#4764,#4765,#4766,#4767),(#4768,#4769,#4770,#4771)),.UNSPECIFIED.,.F.,
 .F.,.F.,(4,2,4),(4,4),(0.21394664079288,0.25,0.358929532478552),(0.167158328209844,
0.24733232606327),.UNSPECIFIED.);
#41=B_SPLINE_SURFACE_WITH_KNOTS('',3,3,((#4794,#4795,#4796,#4797),(#4798,
#4799,#4800,#4801),(#4802,#4803,#4804,#4805),(#4806,#4807,#4808,#4809),
(#4810,#4811,#4812,#4813),(#4814,#4815,#4816,#4817),(#4818,#4819,#4820,
#4821)),.UNSPECIFIED.,.F.,.F.,.F.,(4,1,2,4),(4,4),(0.372451922020263,0.423471153212158,
0.5,0.521865864361556),(0.166821367615004,0.243220314777413),
 .UNSPECIFIED.);
#42=B_SPLINE_SURFACE_WITH_KNOTS('',3,3,((#4966,#4967,#4968,#4969),(#4970,
#4971,#4972,#4973),(#4974,#4975,#4976,#4977),(#4978,#4979,#4980,#4981),
(#4982,#4983,#4984,#4985),(#4986,#4987,#4988,#4989),(#4990,#4991,#4992,
#4993),(#4994,#4995,#4996,#4997)),.UNSPECIFIED.,.F.,.F.,.F.,(4,2,1,1,4),
(4,4),(0.478133070249662,0.5,0.551019379988809,0.576529069983214,0.627548449972024),
(0.166833979269605,0.24322007976142),.UNSPECIFIED.);
#43=B_SPLINE_SURFACE_WITH_KNOTS('',3,3,((#5012,#5013,#5014,#5015),(#5016,
#5017,#5018,#5019),(#5020,#5021,#5022,#5023),(#5024,#5025,#5026,#5027),
(#5028,#5029,#5030,#5031),(#5032,#5033,#5034,#5035)),.UNSPECIFIED.,.F.,
 .F.,.F.,(4,2,4),(4,4),(0.641070841479566,0.75,0.786060155204467),(0.16715819066722,
0.247332482520824),.UNSPECIFIED.);
#44=B_SPLINE_SURFACE_WITH_KNOTS('',3,3,((#5211,#5212,#5213,#5214,#5215,
#5216),(#5217,#5218,#5219,#5220,#5221,#5222),(#5223,#5224,#5225,#5226,#5227,
#5228),(#5229,#5230,#5231,#5232,#5233,#5234),(#5235,#5236,#5237,#5238,#5239,
#5240)),.UNSPECIFIED.,.F.,.F.,.F.,(4,1,4),(4,1,1,4),(0.,0.571428571428571,
1.),(-6.14667994027398E-17,0.448798950512828,0.897597901025655,1.5707963267949),
 .UNSPECIFIED.);
#45=B_SPLINE_SURFACE_WITH_KNOTS('',3,3,((#5260,#5261,#5262,#5263,#5264,
#5265),(#5266,#5267,#5268,#5269,#5270,#5271),(#5272,#5273,#5274,#5275,#5276,
#5277),(#5278,#5279,#5280,#5281,#5282,#5283),(#5284,#5285,#5286,#5287,#5288,
#5289)),.UNSPECIFIED.,.F.,.F.,.F.,(4,1,4),(4,1,1,4),(0.,0.571428571428571,
1.),(-1.71889271495907E-16,0.448798950512827,0.673198425769241,1.5707963267949),
 .UNSPECIFIED.);
#46=B_SPLINE_SURFACE_WITH_KNOTS('',3,3,((#5702,#5703,#5704,#5705,#5706),
(#5707,#5708,#5709,#5710,#5711),(#5712,#5713,#5714,#5715,#5716),(#5717,
#5718,#5719,#5720,#5721),(#5722,#5723,#5724,#5725,#5726),(#5727,#5728,#5729,
#5730,#5731),(#5732,#5733,#5734,#5735,#5736),(#5737,#5738,#5739,#5740,#5741),
(#5742,#5743,#5744,#5745,#5746),(#5747,#5748,#5749,#5750,#5751),(#5752,
#5753,#5754,#5755,#5756),(#5757,#5758,#5759,#5760,#5761),(#5762,#5763,#5764,
#5765,#5766)),.UNSPECIFIED.,.F.,.F.,.F.,(4,1,1,1,1,1,1,1,2,4),(4,1,4),(0.764184493605935,
0.811347594884748,0.858510696163561,0.905673797442374,0.929255348081781,
0.952836898721187,0.976418449360594,0.988209224680297,1.,1.00085565895181),
(-9.36812767732477E-17,0.115434134329708,0.269346313435986),
 .UNSPECIFIED.);
#47=B_SPLINE_SURFACE_WITH_KNOTS('',3,3,((#5889,#5890,#5891,#5892,#5893),
(#5894,#5895,#5896,#5897,#5898),(#5899,#5900,#5901,#5902,#5903),(#5904,
#5905,#5906,#5907,#5908),(#5909,#5910,#5911,#5912,#5913),(#5914,#5915,#5916,
#5917,#5918),(#5919,#5920,#5921,#5922,#5923),(#5924,#5925,#5926,#5927,#5928),
(#5929,#5930,#5931,#5932,#5933),(#5934,#5935,#5936,#5937,#5938),(#5939,
#5940,#5941,#5942,#5943),(#5944,#5945,#5946,#5947,#5948),(#5949,#5950,#5951,
#5952,#5953),(#5954,#5955,#5956,#5957,#5958),(#5959,#5960,#5961,#5962,#5963),
(#5964,#5965,#5966,#5967,#5968)),.UNSPECIFIED.,.F.,.F.,.F.,(4,2,1,1,1,1,
1,1,1,1,1,1,4),(4,1,4),(-0.000855658923741882,0.,0.00147387103754519,0.00294774207509038,
0.00589548415018075,0.0117909683003615,0.023581936600723,0.047163873201446,
0.070745809802169,0.094327746402892,0.141491619604338,0.188655492805784,
0.23581936600723),(-4.93583039024026E-17,0.115434110602036,0.269346258071418),
 .UNSPECIFIED.);
#48=B_SPLINE_SURFACE_WITH_KNOTS('',3,3,((#6146,#6147,#6148,#6149),(#6150,
#6151,#6152,#6153),(#6154,#6155,#6156,#6157),(#6158,#6159,#6160,#6161),
(#6162,#6163,#6164,#6165)),.UNSPECIFIED.,.F.,.F.,.F.,(4,1,4),(4,4),(0.282943074845079,
0.373631483513548,0.4416477900149),(0.166848224365637,0.245847350126149),
 .UNSPECIFIED.);
#49=B_SPLINE_SURFACE_WITH_KNOTS('',3,3,((#6176,#6177,#6178,#6179),(#6180,
#6181,#6182,#6183),(#6184,#6185,#6186,#6187),(#6188,#6189,#6190,#6191),
(#6192,#6193,#6194,#6195),(#6196,#6197,#6198,#6199),(#6200,#6201,#6202,
#6203),(#6204,#6205,#6206,#6207)),.UNSPECIFIED.,.F.,.F.,.F.,(4,1,1,1,1,
4),(4,4),(0.823263854940227,0.848053693673211,0.897633371139179,0.947213048605147,
0.959607967971639,0.996792726071114),(0.171858948867324,0.27868839143977),
 .UNSPECIFIED.);
#50=B_SPLINE_SURFACE_WITH_KNOTS('',3,3,((#6224,#6225,#6226,#6227),(#6228,
#6229,#6230,#6231),(#6232,#6233,#6234,#6235),(#6236,#6237,#6238,#6239),
(#6240,#6241,#6242,#6243)),.UNSPECIFIED.,.F.,.F.,.F.,(4,1,4),(4,4),(0.55835728576195,
0.626371852747454,0.71705794206146),(0.166848368130244,0.245847304152122),
 .UNSPECIFIED.);
#51=B_SPLINE_SURFACE_WITH_KNOTS('',3,3,((#6254,#6255,#6256,#6257),(#6258,
#6259,#6260,#6261),(#6262,#6263,#6264,#6265),(#6266,#6267,#6268,#6269),
(#6270,#6271,#6272,#6273),(#6274,#6275,#6276,#6277),(#6278,#6279,#6280,
#6281)),.UNSPECIFIED.,.F.,.F.,.F.,(4,1,1,1,4),(4,4),(0.00320727264563297,
0.0527868614011059,0.0775766557788424,0.127156244534315,0.176735833289788),
(0.171859113700348,0.278688409363759),.UNSPECIFIED.);
#52=B_SPLINE_CURVE_WITH_KNOTS('',3,(#4689,#4690,#4691,#4692,#4693,#4694,
#4695),.UNSPECIFIED.,.F.,.F.,(4,3,4),(-0.0259176664911581,-0.00222633428440517,
-0.00201437527518195),.UNSPECIFIED.);
#53=B_SPLINE_CURVE_WITH_KNOTS('',3,(#4702,#4703,#4704,#4705),
 .UNSPECIFIED.,.F.,.F.,(4,4),(-6.51588581147604,-5.74669106976993),
 .UNSPECIFIED.);
#54=B_SPLINE_CURVE_WITH_KNOTS('',3,(#4713,#4714,#4715,#4716),
 .UNSPECIFIED.,.F.,.F.,(4,4),(-1.3751972508908,-1.08751154808174),
 .UNSPECIFIED.);
#55=B_SPLINE_CURVE_WITH_KNOTS('',3,(#4729,#4730,#4731,#4732),
 .UNSPECIFIED.,.F.,.F.,(4,4),(-1.37518533631628,-1.07472804569651),
 .UNSPECIFIED.);
#56=B_SPLINE_CURVE_WITH_KNOTS('',3,(#4741,#4742,#4743,#4744,#4745,#4746),
 .UNSPECIFIED.,.F.,.F.,(4,2,4),(-5.02109687020329,-4.61697535585109,-4.4400176184475),
 .UNSPECIFIED.);
#57=B_SPLINE_CURVE_WITH_KNOTS('',3,(#4773,#4774,#4775,#4776,#4777,#4778,
#4779,#4780,#4781,#4782),.UNSPECIFIED.,.F.,.F.,(4,3,3,4),(1.35982604610688,
1.43716155516234,1.48981665114832,1.62580353266822),.UNSPECIFIED.);
#58=B_SPLINE_CURVE_WITH_KNOTS('',3,(#4784,#4785,#4786,#4787),
 .UNSPECIFIED.,.F.,.F.,(4,4),(-2.13473310298941,-1.48359666249616),
 .UNSPECIFIED.);
#59=B_SPLINE_CURVE_WITH_KNOTS('',3,(#4788,#4789,#4790,#4791,#4792,#4793),
 .UNSPECIFIED.,.F.,.F.,(4,2,4),(3.95605534710445,4.1109110905671,4.53321316705709),
 .UNSPECIFIED.);
#60=B_SPLINE_CURVE_WITH_KNOTS('',3,(#4823,#4824,#4825,#4826),
 .UNSPECIFIED.,.F.,.F.,(4,4),(3.2805345234039,3.8795361271837),
 .UNSPECIFIED.);
#61=B_SPLINE_CURVE_WITH_KNOTS('',3,(#4828,#4829,#4830,#4831),
 .UNSPECIFIED.,.F.,.F.,(4,4),(-11.706074639482,-10.979111010336),
 .UNSPECIFIED.);
#62=B_SPLINE_CURVE_WITH_KNOTS('',3,(#4832,#4833,#4834,#4835,#4836,#4837,
#4838,#4839,#4840,#4841,#4842,#4843,#4844,#4845,#4846,#4847,#4848,#4849,
#4850),.UNSPECIFIED.,.F.,.F.,(4,3,3,3,3,3,4),(1.65625135570106,1.71651050203021,
1.73558274987787,1.74962869188888,1.75940016516035,1.79207511899084,1.80157235561915),
 .UNSPECIFIED.);
#63=B_SPLINE_CURVE_WITH_KNOTS('',3,(#4856,#4857,#4858,#4859,#4860,#4861,
#4862,#4863),.UNSPECIFIED.,.F.,.F.,(4,2,2,4),(0.0185721029861663,0.385867020822742,
0.726788462849015,1.24800306998116),.UNSPECIFIED.);
#64=B_SPLINE_CURVE_WITH_KNOTS('',3,(#4865,#4866,#4867,#4868,#4869,#4870,
#4871,#4872),.UNSPECIFIED.,.F.,.F.,(4,2,2,4),(0.00574234961426828,1.09606596234205,
1.76854136328458,2.39797856143044),.UNSPECIFIED.);
#65=B_SPLINE_CURVE_WITH_KNOTS('',3,(#4875,#4876,#4877,#4878,#4879,#4880),
 .UNSPECIFIED.,.F.,.F.,(4,2,4),(1.42338438201803,1.53777184930432,1.85722402515564),
 .UNSPECIFIED.);
#66=B_SPLINE_CURVE_WITH_KNOTS('',3,(#4883,#4884,#4885,#4886,#4887,#4888),
 .UNSPECIFIED.,.F.,.F.,(4,2,4),(1.91180087643983,2.05977074221849,2.2827472898613),
 .UNSPECIFIED.);
#67=B_SPLINE_CURVE_WITH_KNOTS('',3,(#4892,#4893,#4894,#4895,#4896,#4897),
 .UNSPECIFIED.,.F.,.F.,(4,2,4),(-3.18275155303239,-3.08424995608476,-2.12067089288155),
 .UNSPECIFIED.);
#68=B_SPLINE_CURVE_WITH_KNOTS('',3,(#4901,#4902,#4903,#4904),
 .UNSPECIFIED.,.F.,.F.,(4,4),(3.38205846629046,3.61305183729927),
 .UNSPECIFIED.);
#69=B_SPLINE_CURVE_WITH_KNOTS('',3,(#4924,#4925,#4926,#4927),
 .UNSPECIFIED.,.F.,.F.,(4,4),(0.00676428001728151,0.103084244275982),
 .UNSPECIFIED.);
#70=B_SPLINE_CURVE_WITH_KNOTS('',3,(#4931,#4932,#4933,#4934,#4935,#4936),
 .UNSPECIFIED.,.F.,.F.,(4,2,4),(-5.2045912528874,-3.40621039785947,-2.52749907888544),
 .UNSPECIFIED.);
#71=B_SPLINE_CURVE_WITH_KNOTS('',3,(#4999,#5000,#5001,#5002,#5003,#5004,
#5005),.UNSPECIFIED.,.F.,.F.,(4,3,4),(3.08035276701885,3.15981011624729,
3.64564958114432),.UNSPECIFIED.);
#72=B_SPLINE_CURVE_WITH_KNOTS('',3,(#5006,#5007,#5008,#5009,#5010,#5011),
 .UNSPECIFIED.,.F.,.F.,(4,2,4),(-2.16044607661016,-1.51048925961905,-1.47551431667228),
 .UNSPECIFIED.);
#73=B_SPLINE_CURVE_WITH_KNOTS('',3,(#5037,#5038,#5039,#5040),
 .UNSPECIFIED.,.F.,.F.,(4,4),(-7.96193962415657,-7.27207644738554),
 .UNSPECIFIED.);
#74=B_SPLINE_CURVE_WITH_KNOTS('',3,(#5041,#5042,#5043,#5044,#5045,#5046,
#5047,#5048,#5049,#5050,#5051,#5052,#5053,#5054,#5055,#5056),
 .UNSPECIFIED.,.F.,.F.,(4,3,3,3,3,4),(3.72519754222711,3.75312316786696,
3.8503709202433,3.93307980741379,4.14354219770924,4.26292321456077),
 .UNSPECIFIED.);
#75=B_SPLINE_CURVE_WITH_KNOTS('',3,(#5071,#5072,#5073,#5074,#5075,#5076),
 .UNSPECIFIED.,.F.,.F.,(4,2,4),(0.,0.117562819132908,0.194026045695578),
 .UNSPECIFIED.);
#76=B_SPLINE_CURVE_WITH_KNOTS('',3,(#5111,#5112,#5113,#5114,#5115,#5116),
 .UNSPECIFIED.,.F.,.F.,(4,2,4),(0.505532240038509,0.581995466601179,0.699558285734087),
 .UNSPECIFIED.);
#77=B_SPLINE_CURVE_WITH_KNOTS('',3,(#5124,#5125,#5126,#5127,#5128,#5129,
#5130,#5131,#5132,#5133,#5134,#5135,#5136,#5137,#5138,#5139,#5140,#5141,
#5142,#5143,#5144,#5145,#5146,#5147,#5148,#5149),.UNSPECIFIED.,.F.,.F.,
(4,2,2,2,2,2,2,2,2,2,2,2,4),(0.804515781938289,0.834733698241987,0.872670861040177,
0.910608023838366,0.944272342502499,0.961104501834566,0.977936661166632,
0.994768820498699,1.01160097983077,1.0452652984949,1.08320246129309,1.12113962409128,
1.15135754039498),.UNSPECIFIED.);
#78=B_SPLINE_CURVE_WITH_KNOTS('',3,(#5153,#5154,#5155,#5156,#5157,#5158,
#5159,#5160,#5161,#5162,#5163,#5164,#5165,#5166,#5167,#5168,#5169,#5170,
#5171,#5172,#5173,#5174,#5175,#5176,#5177,#5178),.UNSPECIFIED.,.F.,.F.,
(4,2,2,2,2,2,2,2,2,2,2,2,4),(0.804508090099651,0.834725273581941,0.872661696789037,
0.910598119996133,0.944261719114025,0.961093518672971,0.977925318231918,
0.994757117790864,1.01158891734981,1.0452525164677,1.0831889396748,1.12112536288189,
1.15134254636419),.UNSPECIFIED.);
#79=B_SPLINE_CURVE_WITH_KNOTS('',3,(#5392,#5393,#5394,#5395,#5396),
 .UNSPECIFIED.,.F.,.F.,(4,1,4),(-0.000727937303571627,-0.000363968651785814,
0.),.UNSPECIFIED.);
#80=B_SPLINE_CURVE_WITH_KNOTS('',3,(#5402,#5403,#5404,#5405,#5406,#5407,
#5408,#5409,#5410,#5411,#5412,#5413,#5414,#5415,#5416,#5417,#5418,#5419,
#5420,#5421,#5422,#5423,#5424,#5425,#5426,#5427,#5428,#5429,#5430,#5431,
#5432),.UNSPECIFIED.,.F.,.F.,(4,3,3,3,3,3,3,3,3,3,4),(0.325389109799996,
0.348510754265146,0.371442375883139,0.39075110654604,0.414354823329996,
0.437234625992506,0.442871467520694,0.453868362749415,0.477125874119275,
0.482466160792312,0.503907320760704),.UNSPECIFIED.);
#81=B_SPLINE_CURVE_WITH_KNOTS('',3,(#5444,#5445,#5446,#5447,#5448,#5449,
#5450,#5451,#5452,#5453),.UNSPECIFIED.,.F.,.F.,(4,2,2,2,4),(0.,0.0596703253961578,
0.0970787476353115,0.132301906222573,0.168480053565839),.UNSPECIFIED.);
#82=B_SPLINE_CURVE_WITH_KNOTS('',3,(#5457,#5458,#5459,#5460,#5461,#5462),
 .UNSPECIFIED.,.F.,.F.,(4,2,4),(0.,0.619667548519053,0.678338297402968),
 .UNSPECIFIED.);
#83=B_SPLINE_CURVE_WITH_KNOTS('',3,(#5475,#5476,#5477,#5478,#5479),
 .UNSPECIFIED.,.F.,.F.,(4,1,4),(-0.000727937303569851,-0.000363968651784925,
0.),.UNSPECIFIED.);
#84=B_SPLINE_CURVE_WITH_KNOTS('',3,(#5493,#5494,#5495,#5496,#5497,#5498,
#5499,#5500,#5501,#5502),.UNSPECIFIED.,.F.,.F.,(4,2,2,2,4),(0.,0.059670325396159,
0.0970787476353155,0.132301906222576,0.168480053565837),.UNSPECIFIED.);
#85=B_SPLINE_CURVE_WITH_KNOTS('',3,(#5514,#5515,#5516,#5517,#5518,#5519,
#5520,#5521,#5522,#5523),.UNSPECIFIED.,.F.,.F.,(4,2,2,2,4),(0.,0.0338592302435426,
0.0668246838140367,0.101835331806188,0.157680957817133),.UNSPECIFIED.);
#86=B_SPLINE_CURVE_WITH_KNOTS('',3,(#5534,#5535,#5536,#5537,#5538,#5539,
#5540,#5541,#5542,#5543),.UNSPECIFIED.,.F.,.F.,(4,2,2,2,4),(0.0274070488512904,
0.164684014581223,0.672494632385741,1.56824402673444,2.4131907655462),
 .UNSPECIFIED.);
#87=B_SPLINE_CURVE_WITH_KNOTS('',3,(#5544,#5545,#5546,#5547,#5548,#5549,
#5550,#5551,#5552,#5553,#5554,#5555),.UNSPECIFIED.,.F.,.F.,(4,2,2,2,2,4),
(0.436643482823938,0.556090955054861,0.992680943639012,1.43792655947267,
1.68707473453489,1.96718632172499),.UNSPECIFIED.);
#88=B_SPLINE_CURVE_WITH_KNOTS('',3,(#5565,#5566,#5567,#5568,#5569,#5570,
#5571,#5572,#5573,#5574,#5575,#5576,#5577,#5578,#5579,#5580,#5581,#5582,
#5583,#5584,#5585,#5586,#5587,#5588,#5589,#5590,#5591,#5592,#5593,#5594,
#5595),.UNSPECIFIED.,.F.,.F.,(4,3,3,3,3,3,3,3,3,3,4),(0.236161230770234,
0.259818724990692,0.283083310106353,0.286374955527956,0.30156911367649,
0.324434266569757,0.34807351502204,0.353875231284381,0.376898341669337,
0.397635117194368,0.415252932329874),.UNSPECIFIED.);
#89=B_SPLINE_CURVE_WITH_KNOTS('',3,(#5605,#5606,#5607,#5608,#5609,#5610,
#5611,#5612,#5613,#5614),.UNSPECIFIED.,.F.,.F.,(4,2,2,2,4),(0.,0.0338592302435456,
0.0668246838140439,0.101835331806197,0.157680957816901),.UNSPECIFIED.);
#90=B_SPLINE_CURVE_WITH_KNOTS('',3,(#5628,#5629,#5630,#5631,#5632,#5633,
#5634,#5635,#5636,#5637,#5638,#5639,#5640,#5641,#5642,#5643),
 .UNSPECIFIED.,.F.,.F.,(4,2,2,2,2,2,2,4),(0.230560734200761,0.248384762583228,
0.285783718409361,0.322556140322501,0.35136527494326,0.371680319271492,
0.389919293095485,0.390772899447305),.UNSPECIFIED.);
#91=B_SPLINE_CURVE_WITH_KNOTS('',3,(#5650,#5651,#5652,#5653,#5654,#5655,
#5656,#5657,#5658,#5659,#5660,#5661,#5662,#5663,#5664,#5665,#5666,#5667,
#5668,#5669,#5670,#5671,#5672,#5673,#5674,#5675,#5676,#5677,#5678,#5679,
#5680),.UNSPECIFIED.,.F.,.F.,(4,3,3,3,3,3,3,3,3,3,4),(0.117649835411994,
0.128929399422974,0.147670124822291,0.169218258965096,0.172112358352332,
0.194052290450661,0.20991369659177,0.233535122031554,0.243274882016741,
0.265804359804367,0.277663692297826),.UNSPECIFIED.);
#92=B_SPLINE_CURVE_WITH_KNOTS('',3,(#5683,#5684,#5685,#5686,#5687,#5688),
 .UNSPECIFIED.,.F.,.F.,(4,2,4),(0.,0.624532962439808,0.677802997938548),
 .UNSPECIFIED.);
#93=B_SPLINE_CURVE_WITH_KNOTS('',3,(#5691,#5692,#5693,#5694,#5695,#5696),
 .UNSPECIFIED.,.F.,.F.,(4,2,4),(0.480352970553587,0.502712982207897,1.15812510241741),
 .UNSPECIFIED.);
#94=B_SPLINE_CURVE_WITH_KNOTS('',3,(#5768,#5769,#5770,#5771),
 .UNSPECIFIED.,.F.,.F.,(4,4),(0.802719570026168,0.965544371771397),
 .UNSPECIFIED.);
#95=B_SPLINE_CURVE_WITH_KNOTS('',3,(#5773,#5774,#5775,#5776,#5777,#5778,
#5779,#5780,#5781,#5782,#5783,#5784),.UNSPECIFIED.,.F.,.F.,(4,2,2,2,2,4),
(0.0110134296938716,0.0881665578035767,0.16794119074481,0.215320160270025,
0.24974572336189,0.27277029788642),.UNSPECIFIED.);
#96=B_SPLINE_CURVE_WITH_KNOTS('',3,(#5786,#5787,#5788,#5789,#5790,#5791,
#5792,#5793,#5794,#5795),.UNSPECIFIED.,.F.,.F.,(4,2,2,2,4),(0.13793172684828,
0.220149267114065,0.502872388625621,0.727416169704417,0.93678174282921),
 .UNSPECIFIED.);
#97=B_SPLINE_CURVE_WITH_KNOTS('',3,(#5796,#5797,#5798,#5799),
 .UNSPECIFIED.,.F.,.F.,(4,4),(0.0185440526830432,0.365268208102175),
 .UNSPECIFIED.);
#98=B_SPLINE_CURVE_WITH_KNOTS('',3,(#5800,#5801,#5802,#5803),
 .UNSPECIFIED.,.F.,.F.,(4,4),(0.772922300081466,0.791953398148811),
 .UNSPECIFIED.);
#99=B_SPLINE_CURVE_WITH_KNOTS('',3,(#5817,#5818,#5819,#5820),
 .UNSPECIFIED.,.F.,.F.,(4,4),(0.481474827121491,1.15905760122996),
 .UNSPECIFIED.);
#100=B_SPLINE_CURVE_WITH_KNOTS('',3,(#5826,#5827,#5828,#5829),
 .UNSPECIFIED.,.F.,.F.,(4,4),(0.208047341833034,0.227078348094534),
 .UNSPECIFIED.);
#101=B_SPLINE_CURVE_WITH_KNOTS('',3,(#5841,#5842,#5843,#5844,#5845,#5846,
#5847,#5848,#5849,#5850),.UNSPECIFIED.,.F.,.F.,(4,2,2,2,4),(0.0139882375898267,
0.381486555854279,0.730834643302803,1.01593312391882,1.1780997761122),
 .UNSPECIFIED.);
#102=B_SPLINE_CURVE_WITH_KNOTS('',3,(#5852,#5853,#5854,#5855,#5856,#5857,
#5858,#5859,#5860,#5861),.UNSPECIFIED.,.F.,.F.,(4,2,2,2,4),(0.188480300447577,
0.430545272987736,1.01605588974858,1.33531677794912,1.58283407327456),
 .UNSPECIFIED.);
#103=B_SPLINE_CURVE_WITH_KNOTS('',3,(#5875,#5876,#5877,#5878,#5879,#5880,
#5881,#5882,#5883,#5884,#5885,#5886),.UNSPECIFIED.,.F.,.F.,(4,2,2,2,2,4),
(0.0274270030317415,0.0296263224647161,0.0567957534058667,0.118805852185503,
0.1965147909578,0.340123561287759),.UNSPECIFIED.);
#104=B_SPLINE_CURVE_WITH_KNOTS('',3,(#5970,#5971,#5972,#5973),
 .UNSPECIFIED.,.F.,.F.,(4,4),(0.0693988991422453,0.353297933140014),
 .UNSPECIFIED.);
#105=B_SPLINE_CURVE_WITH_KNOTS('',3,(#5974,#5975,#5976,#5977,#5978,#5979,
#5980,#5981,#5982,#5983,#5984,#5985),.UNSPECIFIED.,.F.,.F.,(4,2,2,2,2,4),
(0.132423899448125,0.539918312897368,0.969756651537569,1.40739655326146,
1.65245142560561,1.7184014029339),.UNSPECIFIED.);
#106=B_SPLINE_CURVE_WITH_KNOTS('',3,(#5990,#5991,#5992,#5993,#5994,#5995,
#5996,#5997,#5998,#5999),.UNSPECIFIED.,.F.,.F.,(4,3,3,4),(1.8198870584108,
1.85063300567338,1.87450936378995,1.89108951550361),.UNSPECIFIED.);
#107=B_SPLINE_CURVE_WITH_KNOTS('',3,(#6004,#6005,#6006,#6007,#6008,#6009,
#6010,#6011,#6012,#6013,#6014,#6015,#6016),.UNSPECIFIED.,.F.,.F.,(4,3,3,
3,4),(1.9020560262904,1.9077463598203,2.53377823803379,2.85436608524628,
2.90444171840599),.UNSPECIFIED.);
#108=B_SPLINE_CURVE_WITH_KNOTS('',3,(#6049,#6050,#6051,#6052,#6053,#6054,
#6055,#6056,#6057,#6058),.UNSPECIFIED.,.F.,.F.,(4,2,2,2,4),(0.152057528988438,
0.193521958124003,0.234986387259567,0.273225645997835,0.311464904736103),
 .UNSPECIFIED.);
#109=B_SPLINE_CURVE_WITH_KNOTS('',3,(#6059,#6060,#6061,#6062,#6063,#6064),
 .UNSPECIFIED.,.F.,.F.,(4,2,4),(0.00236085301200526,0.215204882156956,0.317998467538005),
 .UNSPECIFIED.);
#110=B_SPLINE_CURVE_WITH_KNOTS('',3,(#6066,#6067,#6068,#6069,#6070,#6071),
 .UNSPECIFIED.,.F.,.F.,(4,2,4),(0.101658442844786,0.195999681593109,0.414622490828576),
 .UNSPECIFIED.);
#111=B_SPLINE_CURVE_WITH_KNOTS('',3,(#6073,#6074,#6075,#6076,#6077,#6078,
#6079,#6080,#6081,#6082),.UNSPECIFIED.,.F.,.F.,(4,2,2,2,4),(0.311521393063063,
0.349761742756164,0.388002092449265,0.429478721359567,0.470955350269868),
 .UNSPECIFIED.);
#112=B_SPLINE_CURVE_WITH_KNOTS('',3,(#6091,#6092,#6093,#6094,#6095,#6096,
#6097,#6098,#6099,#6100),.UNSPECIFIED.,.F.,.F.,(4,2,2,2,4),(0.662362058284216,
0.691870441659585,0.7425100707368,0.793149699814016,0.822658083189385),
 .UNSPECIFIED.);
#113=B_SPLINE_CURVE_WITH_KNOTS('',3,(#6107,#6108,#6109,#6110,#6111,#6112,
#6113,#6114,#6115,#6116),.UNSPECIFIED.,.F.,.F.,(4,2,2,2,4),(0.662160466252419,
0.691500024574713,0.74210304801286,0.792706071451008,0.822045629773302),
 .UNSPECIFIED.);
#114=B_SPLINE_CURVE_WITH_KNOTS('',3,(#6166,#6167,#6168,#6169),
 .UNSPECIFIED.,.F.,.F.,(4,4),(-1.51849517537567,-1.14537887509779),
 .UNSPECIFIED.);
#115=B_SPLINE_CURVE_WITH_KNOTS('',3,(#6170,#6171,#6172,#6173,#6174,#6175),
 .UNSPECIFIED.,.F.,.F.,(4,2,4),(-11.9460565591521,-11.2601764991016,-11.1714975727459),
 .UNSPECIFIED.);
#116=B_SPLINE_CURVE_WITH_KNOTS('',3,(#6208,#6209,#6210,#6211,#6212,#6213,
#6214,#6215,#6216,#6217,#6218,#6219,#6220,#6221,#6222,#6223),
 .UNSPECIFIED.,.F.,.F.,(4,3,3,3,3,4),(-0.468948795799504,-0.369238620430228,
-0.271125959511477,-0.234461014502701,-0.150068717023757,-0.0876628438970206),
 .UNSPECIFIED.);
#117=B_SPLINE_CURVE_WITH_KNOTS('',3,(#6244,#6245,#6246,#6247),
 .UNSPECIFIED.,.F.,.F.,(4,4),(-5.86912177875936,-5.41334048937105),
 .UNSPECIFIED.);
#118=B_SPLINE_CURVE_WITH_KNOTS('',3,(#6248,#6249,#6250,#6251,#6252,#6253),
 .UNSPECIFIED.,.F.,.F.,(4,2,4),(-2.16807872774778,-1.52131898395285,-1.47620695443136),
 .UNSPECIFIED.);
#119=PLANE('',#3227);
#120=PLANE('',#3229);
#121=PLANE('',#3230);
#122=PLANE('',#3231);
#123=PLANE('',#3232);
#124=PLANE('',#3233);
#125=PLANE('',#3234);
#126=PLANE('',#3235);
#127=PLANE('',#3237);
#128=PLANE('',#3238);
#129=PLANE('',#3239);
#130=PLANE('',#3240);
#131=PLANE('',#3241);
#132=PLANE('',#3242);
#133=PLANE('',#3243);
#134=PLANE('',#3244);
#135=PLANE('',#3245);
#136=PLANE('',#3246);
#137=PLANE('',#3247);
#138=PLANE('',#3251);
#139=PLANE('',#3252);
#140=PLANE('',#3283);
#141=PLANE('',#3285);
#142=PLANE('',#3286);
#143=PLANE('',#3287);
#144=PLANE('',#3288);
#145=PLANE('',#3289);
#146=PLANE('',#3290);
#147=PLANE('',#3291);
#148=PLANE('',#3292);
#149=PLANE('',#3293);
#150=PLANE('',#3294);
#151=PLANE('',#3295);
#152=PLANE('',#3296);
#153=PLANE('',#3298);
#154=PLANE('',#3299);
#155=PLANE('',#3300);
#156=PLANE('',#3301);
#157=PLANE('',#3302);
#158=PLANE('',#3306);
#159=PLANE('',#3307);
#160=PLANE('',#3308);
#161=PLANE('',#3309);
#162=PLANE('',#3310);
#163=PLANE('',#3311);
#164=PLANE('',#3312);
#165=PLANE('',#3313);
#166=PLANE('',#3314);
#167=PLANE('',#3315);
#168=PLANE('',#3316);
#169=PLANE('',#3317);
#170=PLANE('',#3318);
#171=PLANE('',#3319);
#172=PLANE('',#3320);
#173=PLANE('',#3321);
#174=PLANE('',#3322);
#175=PLANE('',#3323);
#176=PLANE('',#3324);
#177=PLANE('',#3347);
#178=PLANE('',#3348);
#179=PLANE('',#3352);
#180=PLANE('',#3362);
#181=PLANE('',#3365);
#182=PLANE('',#3374);
#183=PLANE('',#3383);
#184=PLANE('',#3385);
#185=PLANE('',#3386);
#186=PLANE('',#3387);
#187=PLANE('',#3388);
#188=PLANE('',#3390);
#189=PLANE('',#3394);
#190=PLANE('',#3396);
#191=PLANE('',#3397);
#192=PLANE('',#3398);
#193=PLANE('',#3399);
#194=PLANE('',#3401);
#195=PLANE('',#3405);
#196=PLANE('',#3412);
#197=PLANE('',#3428);
#198=PLANE('',#3429);
#199=PLANE('',#3430);
#200=PLANE('',#3433);
#201=PLANE('',#3434);
#202=PLANE('',#3435);
#203=PLANE('',#3438);
#204=PLANE('',#3439);
#205=PLANE('',#3451);
#206=PLANE('',#3467);
#207=PLANE('',#3468);
#208=PLANE('',#3469);
#209=PLANE('',#3470);
#210=PLANE('',#3473);
#211=PLANE('',#3476);
#212=PLANE('',#3477);
#213=PLANE('',#3478);
#214=PLANE('',#3479);
#215=PLANE('',#3480);
#216=PLANE('',#3481);
#217=PLANE('',#3482);
#218=PLANE('',#3483);
#219=FACE_OUTER_BOUND('',#388,.T.);
#220=FACE_OUTER_BOUND('',#389,.T.);
#221=FACE_OUTER_BOUND('',#390,.T.);
#222=FACE_OUTER_BOUND('',#391,.T.);
#223=FACE_OUTER_BOUND('',#392,.T.);
#224=FACE_OUTER_BOUND('',#393,.T.);
#225=FACE_OUTER_BOUND('',#394,.T.);
#226=FACE_OUTER_BOUND('',#395,.T.);
#227=FACE_OUTER_BOUND('',#396,.T.);
#228=FACE_OUTER_BOUND('',#397,.T.);
#229=FACE_OUTER_BOUND('',#398,.T.);
#230=FACE_OUTER_BOUND('',#399,.T.);
#231=FACE_OUTER_BOUND('',#400,.T.);
#232=FACE_OUTER_BOUND('',#401,.T.);
#233=FACE_OUTER_BOUND('',#402,.T.);
#234=FACE_OUTER_BOUND('',#403,.T.);
#235=FACE_OUTER_BOUND('',#404,.T.);
#236=FACE_OUTER_BOUND('',#405,.T.);
#237=FACE_OUTER_BOUND('',#406,.T.);
#238=FACE_OUTER_BOUND('',#407,.T.);
#239=FACE_OUTER_BOUND('',#408,.T.);
#240=FACE_OUTER_BOUND('',#409,.T.);
#241=FACE_OUTER_BOUND('',#410,.T.);
#242=FACE_OUTER_BOUND('',#411,.T.);
#243=FACE_OUTER_BOUND('',#412,.T.);
#244=FACE_OUTER_BOUND('',#413,.T.);
#245=FACE_OUTER_BOUND('',#414,.T.);
#246=FACE_OUTER_BOUND('',#415,.T.);
#247=FACE_OUTER_BOUND('',#416,.T.);
#248=FACE_OUTER_BOUND('',#417,.T.);
#249=FACE_OUTER_BOUND('',#418,.T.);
#250=FACE_OUTER_BOUND('',#419,.T.);
#251=FACE_OUTER_BOUND('',#420,.T.);
#252=FACE_OUTER_BOUND('',#421,.T.);
#253=FACE_OUTER_BOUND('',#422,.T.);
#254=FACE_OUTER_BOUND('',#423,.T.);
#255=FACE_OUTER_BOUND('',#424,.T.);
#256=FACE_OUTER_BOUND('',#425,.T.);
#257=FACE_OUTER_BOUND('',#426,.T.);
#258=FACE_OUTER_BOUND('',#427,.T.);
#259=FACE_OUTER_BOUND('',#428,.T.);
#260=FACE_OUTER_BOUND('',#429,.T.);
#261=FACE_OUTER_BOUND('',#430,.T.);
#262=FACE_OUTER_BOUND('',#431,.T.);
#263=FACE_OUTER_BOUND('',#432,.T.);
#264=FACE_OUTER_BOUND('',#433,.T.);
#265=FACE_OUTER_BOUND('',#434,.T.);
#266=FACE_OUTER_BOUND('',#435,.T.);
#267=FACE_OUTER_BOUND('',#436,.T.);
#268=FACE_OUTER_BOUND('',#437,.T.);
#269=FACE_OUTER_BOUND('',#438,.T.);
#270=FACE_OUTER_BOUND('',#439,.T.);
#271=FACE_OUTER_BOUND('',#440,.T.);
#272=FACE_OUTER_BOUND('',#441,.T.);
#273=FACE_OUTER_BOUND('',#442,.T.);
#274=FACE_OUTER_BOUND('',#443,.T.);
#275=FACE_OUTER_BOUND('',#444,.T.);
#276=FACE_OUTER_BOUND('',#445,.T.);
#277=FACE_OUTER_BOUND('',#446,.T.);
#278=FACE_OUTER_BOUND('',#447,.T.);
#279=FACE_OUTER_BOUND('',#448,.T.);
#280=FACE_OUTER_BOUND('',#449,.T.);
#281=FACE_OUTER_BOUND('',#450,.T.);
#282=FACE_OUTER_BOUND('',#451,.T.);
#283=FACE_OUTER_BOUND('',#452,.T.);
#284=FACE_OUTER_BOUND('',#453,.T.);
#285=FACE_OUTER_BOUND('',#454,.T.);
#286=FACE_OUTER_BOUND('',#455,.T.);
#287=FACE_OUTER_BOUND('',#456,.T.);
#288=FACE_OUTER_BOUND('',#457,.T.);
#289=FACE_OUTER_BOUND('',#458,.T.);
#290=FACE_OUTER_BOUND('',#459,.T.);
#291=FACE_OUTER_BOUND('',#460,.T.);
#292=FACE_OUTER_BOUND('',#461,.T.);
#293=FACE_OUTER_BOUND('',#471,.T.);
#294=FACE_OUTER_BOUND('',#472,.T.);
#295=FACE_OUTER_BOUND('',#473,.T.);
#296=FACE_OUTER_BOUND('',#474,.T.);
#297=FACE_OUTER_BOUND('',#475,.T.);
#298=FACE_OUTER_BOUND('',#476,.T.);
#299=FACE_OUTER_BOUND('',#477,.T.);
#300=FACE_OUTER_BOUND('',#478,.T.);
#301=FACE_OUTER_BOUND('',#479,.T.);
#302=FACE_OUTER_BOUND('',#480,.T.);
#303=FACE_OUTER_BOUND('',#481,.T.);
#304=FACE_OUTER_BOUND('',#482,.T.);
#305=FACE_OUTER_BOUND('',#483,.T.);
#306=FACE_OUTER_BOUND('',#484,.T.);
#307=FACE_OUTER_BOUND('',#485,.T.);
#308=FACE_OUTER_BOUND('',#486,.T.);
#309=FACE_OUTER_BOUND('',#487,.T.);
#310=FACE_OUTER_BOUND('',#488,.T.);
#311=FACE_OUTER_BOUND('',#489,.T.);
#312=FACE_OUTER_BOUND('',#490,.T.);
#313=FACE_OUTER_BOUND('',#491,.T.);
#314=FACE_OUTER_BOUND('',#492,.T.);
#315=FACE_OUTER_BOUND('',#493,.T.);
#316=FACE_OUTER_BOUND('',#494,.T.);
#317=FACE_OUTER_BOUND('',#495,.T.);
#318=FACE_OUTER_BOUND('',#496,.T.);
#319=FACE_OUTER_BOUND('',#497,.T.);
#320=FACE_OUTER_BOUND('',#498,.T.);
#321=FACE_OUTER_BOUND('',#499,.T.);
#322=FACE_OUTER_BOUND('',#500,.T.);
#323=FACE_OUTER_BOUND('',#501,.T.);
#324=FACE_OUTER_BOUND('',#502,.T.);
#325=FACE_OUTER_BOUND('',#503,.T.);
#326=FACE_OUTER_BOUND('',#504,.T.);
#327=FACE_OUTER_BOUND('',#505,.T.);
#328=FACE_OUTER_BOUND('',#506,.T.);
#329=FACE_OUTER_BOUND('',#507,.T.);
#330=FACE_OUTER_BOUND('',#508,.T.);
#331=FACE_OUTER_BOUND('',#509,.T.);
#332=FACE_OUTER_BOUND('',#510,.T.);
#333=FACE_OUTER_BOUND('',#511,.T.);
#334=FACE_OUTER_BOUND('',#512,.T.);
#335=FACE_OUTER_BOUND('',#513,.T.);
#336=FACE_OUTER_BOUND('',#515,.T.);
#337=FACE_OUTER_BOUND('',#516,.T.);
#338=FACE_OUTER_BOUND('',#517,.T.);
#339=FACE_OUTER_BOUND('',#518,.T.);
#340=FACE_OUTER_BOUND('',#519,.T.);
#341=FACE_OUTER_BOUND('',#520,.T.);
#342=FACE_OUTER_BOUND('',#521,.T.);
#343=FACE_OUTER_BOUND('',#522,.T.);
#344=FACE_OUTER_BOUND('',#523,.T.);
#345=FACE_OUTER_BOUND('',#524,.T.);
#346=FACE_OUTER_BOUND('',#525,.T.);
#347=FACE_OUTER_BOUND('',#526,.T.);
#348=FACE_OUTER_BOUND('',#527,.T.);
#349=FACE_OUTER_BOUND('',#528,.T.);
#350=FACE_OUTER_BOUND('',#529,.T.);
#351=FACE_OUTER_BOUND('',#530,.T.);
#352=FACE_OUTER_BOUND('',#531,.T.);
#353=FACE_OUTER_BOUND('',#532,.T.);
#354=FACE_OUTER_BOUND('',#533,.T.);
#355=FACE_OUTER_BOUND('',#534,.T.);
#356=FACE_OUTER_BOUND('',#540,.T.);
#357=FACE_OUTER_BOUND('',#541,.T.);
#358=FACE_OUTER_BOUND('',#542,.T.);
#359=FACE_OUTER_BOUND('',#543,.T.);
#360=FACE_OUTER_BOUND('',#544,.T.);
#361=FACE_OUTER_BOUND('',#545,.T.);
#362=FACE_OUTER_BOUND('',#546,.T.);
#363=FACE_OUTER_BOUND('',#547,.T.);
#364=FACE_OUTER_BOUND('',#548,.T.);
#365=FACE_OUTER_BOUND('',#549,.T.);
#366=FACE_OUTER_BOUND('',#550,.T.);
#367=FACE_OUTER_BOUND('',#551,.T.);
#368=FACE_OUTER_BOUND('',#552,.T.);
#369=FACE_OUTER_BOUND('',#553,.T.);
#370=FACE_OUTER_BOUND('',#554,.T.);
#371=FACE_OUTER_BOUND('',#555,.T.);
#372=FACE_OUTER_BOUND('',#556,.T.);
#373=FACE_OUTER_BOUND('',#557,.T.);
#374=FACE_OUTER_BOUND('',#558,.T.);
#375=FACE_OUTER_BOUND('',#559,.T.);
#376=FACE_OUTER_BOUND('',#560,.T.);
#377=FACE_OUTER_BOUND('',#561,.T.);
#378=FACE_OUTER_BOUND('',#562,.T.);
#379=FACE_OUTER_BOUND('',#563,.T.);
#380=FACE_OUTER_BOUND('',#564,.T.);
#381=FACE_OUTER_BOUND('',#565,.T.);
#382=FACE_OUTER_BOUND('',#566,.T.);
#383=FACE_OUTER_BOUND('',#567,.T.);
#384=FACE_OUTER_BOUND('',#568,.T.);
#385=FACE_OUTER_BOUND('',#569,.T.);
#386=FACE_OUTER_BOUND('',#570,.T.);
#387=FACE_OUTER_BOUND('',#571,.T.);
#388=EDGE_LOOP('',(#2015,#2016,#2017,#2018,#2019,#2020));
#389=EDGE_LOOP('',(#2021,#2022,#2023,#2024,#2025,#2026));
#390=EDGE_LOOP('',(#2027,#2028,#2029,#2030,#2031,#2032));
#391=EDGE_LOOP('',(#2033,#2034,#2035,#2036,#2037,#2038));
#392=EDGE_LOOP('',(#2039,#2040,#2041,#2042,#2043,#2044));
#393=EDGE_LOOP('',(#2045,#2046,#2047,#2048,#2049,#2050));
#394=EDGE_LOOP('',(#2051,#2052,#2053,#2054));
#395=EDGE_LOOP('',(#2055,#2056,#2057,#2058));
#396=EDGE_LOOP('',(#2059,#2060,#2061,#2062));
#397=EDGE_LOOP('',(#2063,#2064,#2065,#2066));
#398=EDGE_LOOP('',(#2067,#2068,#2069,#2070));
#399=EDGE_LOOP('',(#2071,#2072,#2073,#2074));
#400=EDGE_LOOP('',(#2075,#2076,#2077,#2078));
#401=EDGE_LOOP('',(#2079,#2080,#2081,#2082));
#402=EDGE_LOOP('',(#2083,#2084,#2085,#2086));
#403=EDGE_LOOP('',(#2087,#2088,#2089,#2090));
#404=EDGE_LOOP('',(#2091,#2092,#2093,#2094));
#405=EDGE_LOOP('',(#2095,#2096,#2097,#2098));
#406=EDGE_LOOP('',(#2099,#2100,#2101,#2102));
#407=EDGE_LOOP('',(#2103,#2104,#2105,#2106));
#408=EDGE_LOOP('',(#2107,#2108,#2109,#2110));
#409=EDGE_LOOP('',(#2111,#2112,#2113,#2114));
#410=EDGE_LOOP('',(#2115,#2116,#2117,#2118));
#411=EDGE_LOOP('',(#2119,#2120,#2121,#2122));
#412=EDGE_LOOP('',(#2123,#2124,#2125,#2126));
#413=EDGE_LOOP('',(#2127,#2128,#2129,#2130,#2131,#2132));
#414=EDGE_LOOP('',(#2133,#2134,#2135,#2136));
#415=EDGE_LOOP('',(#2137,#2138,#2139,#2140));
#416=EDGE_LOOP('',(#2141,#2142,#2143,#2144,#2145,#2146));
#417=EDGE_LOOP('',(#2147,#2148,#2149,#2150,#2151,#2152));
#418=EDGE_LOOP('',(#2153,#2154,#2155,#2156,#2157,#2158));
#419=EDGE_LOOP('',(#2159,#2160,#2161,#2162,#2163,#2164));
#420=EDGE_LOOP('',(#2165,#2166,#2167,#2168,#2169,#2170));
#421=EDGE_LOOP('',(#2171,#2172,#2173,#2174,#2175,#2176));
#422=EDGE_LOOP('',(#2177,#2178,#2179,#2180));
#423=EDGE_LOOP('',(#2181,#2182,#2183,#2184));
#424=EDGE_LOOP('',(#2185,#2186,#2187,#2188));
#425=EDGE_LOOP('',(#2189,#2190,#2191,#2192));
#426=EDGE_LOOP('',(#2193,#2194,#2195,#2196));
#427=EDGE_LOOP('',(#2197,#2198,#2199,#2200));
#428=EDGE_LOOP('',(#2201,#2202,#2203,#2204));
#429=EDGE_LOOP('',(#2205,#2206,#2207,#2208));
#430=EDGE_LOOP('',(#2209,#2210,#2211,#2212));
#431=EDGE_LOOP('',(#2213,#2214,#2215,#2216));
#432=EDGE_LOOP('',(#2217,#2218,#2219,#2220));
#433=EDGE_LOOP('',(#2221,#2222,#2223,#2224));
#434=EDGE_LOOP('',(#2225,#2226,#2227,#2228));
#435=EDGE_LOOP('',(#2229,#2230,#2231,#2232));
#436=EDGE_LOOP('',(#2233,#2234,#2235,#2236));
#437=EDGE_LOOP('',(#2237,#2238,#2239,#2240));
#438=EDGE_LOOP('',(#2241,#2242,#2243,#2244));
#439=EDGE_LOOP('',(#2245,#2246,#2247,#2248));
#440=EDGE_LOOP('',(#2249,#2250,#2251,#2252,#2253,#2254));
#441=EDGE_LOOP('',(#2255,#2256,#2257,#2258));
#442=EDGE_LOOP('',(#2259,#2260,#2261,#2262));
#443=EDGE_LOOP('',(#2263,#2264,#2265,#2266));
#444=EDGE_LOOP('',(#2267,#2268,#2269,#2270));
#445=EDGE_LOOP('',(#2271,#2272,#2273,#2274));
#446=EDGE_LOOP('',(#2275,#2276,#2277,#2278));
#447=EDGE_LOOP('',(#2279,#2280,#2281,#2282));
#448=EDGE_LOOP('',(#2283,#2284,#2285,#2286));
#449=EDGE_LOOP('',(#2287,#2288,#2289,#2290));
#450=EDGE_LOOP('',(#2291,#2292,#2293,#2294));
#451=EDGE_LOOP('',(#2295,#2296,#2297,#2298));
#452=EDGE_LOOP('',(#2299,#2300,#2301,#2302));
#453=EDGE_LOOP('',(#2303,#2304,#2305,#2306));
#454=EDGE_LOOP('',(#2307,#2308,#2309));
#455=EDGE_LOOP('',(#2310,#2311,#2312,#2313));
#456=EDGE_LOOP('',(#2314,#2315,#2316,#2317,#2318));
#457=EDGE_LOOP('',(#2319,#2320,#2321,#2322));
#458=EDGE_LOOP('',(#2323,#2324,#2325,#2326));
#459=EDGE_LOOP('',(#2327,#2328,#2329,#2330));
#460=EDGE_LOOP('',(#2331,#2332,#2333,#2334,#2335));
#461=EDGE_LOOP('',(#2336,#2337,#2338,#2339,#2340,#2341,#2342,#2343,#2344,
#2345,#2346,#2347,#2348,#2349,#2350,#2351,#2352,#2353,#2354,#2355,#2356,
#2357,#2358,#2359,#2360,#2361,#2362,#2363,#2364,#2365,#2366,#2367));
#462=EDGE_LOOP('',(#2368,#2369,#2370,#2371,#2372,#2373,#2374,#2375,#2376,
#2377,#2378,#2379,#2380,#2381,#2382,#2383,#2384,#2385));
#463=EDGE_LOOP('',(#2386));
#464=EDGE_LOOP('',(#2387));
#465=EDGE_LOOP('',(#2388));
#466=EDGE_LOOP('',(#2389));
#467=EDGE_LOOP('',(#2390));
#468=EDGE_LOOP('',(#2391));
#469=EDGE_LOOP('',(#2392,#2393,#2394,#2395,#2396,#2397,#2398,#2399));
#470=EDGE_LOOP('',(#2400,#2401,#2402,#2403,#2404,#2405,#2406,#2407,#2408,
#2409,#2410,#2411,#2412,#2413,#2414,#2415,#2416,#2417));
#471=EDGE_LOOP('',(#2418,#2419,#2420,#2421));
#472=EDGE_LOOP('',(#2422,#2423,#2424,#2425));
#473=EDGE_LOOP('',(#2426,#2427,#2428,#2429));
#474=EDGE_LOOP('',(#2430,#2431,#2432,#2433));
#475=EDGE_LOOP('',(#2434,#2435,#2436,#2437));
#476=EDGE_LOOP('',(#2438,#2439,#2440,#2441,#2442));
#477=EDGE_LOOP('',(#2443,#2444,#2445,#2446,#2447,#2448,#2449,#2450,#2451,
#2452));
#478=EDGE_LOOP('',(#2453,#2454,#2455,#2456));
#479=EDGE_LOOP('',(#2457,#2458,#2459,#2460));
#480=EDGE_LOOP('',(#2461,#2462,#2463,#2464));
#481=EDGE_LOOP('',(#2465,#2466,#2467,#2468,#2469,#2470,#2471,#2472));
#482=EDGE_LOOP('',(#2473,#2474,#2475,#2476));
#483=EDGE_LOOP('',(#2477,#2478,#2479,#2480,#2481,#2482));
#484=EDGE_LOOP('',(#2483,#2484,#2485,#2486,#2487));
#485=EDGE_LOOP('',(#2488,#2489,#2490,#2491));
#486=EDGE_LOOP('',(#2492,#2493,#2494));
#487=EDGE_LOOP('',(#2495,#2496,#2497,#2498));
#488=EDGE_LOOP('',(#2499,#2500,#2501,#2502));
#489=EDGE_LOOP('',(#2503,#2504,#2505,#2506));
#490=EDGE_LOOP('',(#2507,#2508,#2509,#2510));
#491=EDGE_LOOP('',(#2511,#2512,#2513));
#492=EDGE_LOOP('',(#2514,#2515,#2516,#2517));
#493=EDGE_LOOP('',(#2518,#2519,#2520,#2521));
#494=EDGE_LOOP('',(#2522,#2523,#2524,#2525,#2526,#2527,#2528,#2529));
#495=EDGE_LOOP('',(#2530,#2531,#2532,#2533));
#496=EDGE_LOOP('',(#2534,#2535,#2536,#2537));
#497=EDGE_LOOP('',(#2538,#2539,#2540,#2541));
#498=EDGE_LOOP('',(#2542,#2543,#2544,#2545,#2546,#2547,#2548,#2549));
#499=EDGE_LOOP('',(#2550,#2551,#2552,#2553,#2554,#2555,#2556,#2557));
#500=EDGE_LOOP('',(#2558,#2559,#2560,#2561));
#501=EDGE_LOOP('',(#2562,#2563,#2564,#2565,#2566,#2567,#2568,#2569));
#502=EDGE_LOOP('',(#2570,#2571,#2572,#2573));
#503=EDGE_LOOP('',(#2574,#2575,#2576,#2577));
#504=EDGE_LOOP('',(#2578,#2579,#2580,#2581));
#505=EDGE_LOOP('',(#2582,#2583,#2584,#2585,#2586,#2587,#2588,#2589));
#506=EDGE_LOOP('',(#2590,#2591,#2592,#2593,#2594,#2595,#2596,#2597));
#507=EDGE_LOOP('',(#2598,#2599,#2600,#2601,#2602));
#508=EDGE_LOOP('',(#2603,#2604,#2605));
#509=EDGE_LOOP('',(#2606,#2607,#2608,#2609));
#510=EDGE_LOOP('',(#2610,#2611,#2612,#2613,#2614,#2615));
#511=EDGE_LOOP('',(#2616,#2617,#2618));
#512=EDGE_LOOP('',(#2619,#2620,#2621));
#513=EDGE_LOOP('',(#2622,#2623,#2624,#2625,#2626,#2627,#2628,#2629,#2630,
#2631,#2632));
#514=EDGE_LOOP('',(#2633));
#515=EDGE_LOOP('',(#2634,#2635,#2636,#2637,#2638));
#516=EDGE_LOOP('',(#2639,#2640,#2641));
#517=EDGE_LOOP('',(#2642,#2643,#2644,#2645,#2646,#2647,#2648,#2649,#2650,
#2651,#2652,#2653));
#518=EDGE_LOOP('',(#2654,#2655,#2656,#2657));
#519=EDGE_LOOP('',(#2658,#2659,#2660,#2661));
#520=EDGE_LOOP('',(#2662,#2663,#2664,#2665,#2666,#2667,#2668,#2669));
#521=EDGE_LOOP('',(#2670,#2671,#2672,#2673,#2674,#2675,#2676,#2677,#2678,
#2679,#2680));
#522=EDGE_LOOP('',(#2681,#2682,#2683,#2684,#2685,#2686));
#523=EDGE_LOOP('',(#2687,#2688,#2689,#2690,#2691,#2692));
#524=EDGE_LOOP('',(#2693,#2694,#2695,#2696));
#525=EDGE_LOOP('',(#2697,#2698,#2699,#2700));
#526=EDGE_LOOP('',(#2701,#2702,#2703,#2704));
#527=EDGE_LOOP('',(#2705,#2706,#2707,#2708,#2709,#2710,#2711,#2712,#2713,
#2714));
#528=EDGE_LOOP('',(#2715,#2716,#2717,#2718,#2719));
#529=EDGE_LOOP('',(#2720,#2721,#2722,#2723,#2724,#2725,#2726,#2727,#2728,
#2729,#2730,#2731,#2732,#2733,#2734));
#530=EDGE_LOOP('',(#2735,#2736,#2737,#2738));
#531=EDGE_LOOP('',(#2739,#2740,#2741,#2742));
#532=EDGE_LOOP('',(#2743,#2744,#2745,#2746,#2747,#2748,#2749));
#533=EDGE_LOOP('',(#2750,#2751,#2752,#2753,#2754,#2755,#2756,#2757,#2758,
#2759,#2760));
#534=EDGE_LOOP('',(#2761,#2762,#2763,#2764,#2765,#2766,#2767,#2768,#2769,
#2770,#2771,#2772,#2773,#2774,#2775,#2776,#2777,#2778,#2779,#2780,#2781,
#2782,#2783,#2784,#2785,#2786,#2787,#2788,#2789,#2790,#2791));
#535=EDGE_LOOP('',(#2792));
#536=EDGE_LOOP('',(#2793));
#537=EDGE_LOOP('',(#2794,#2795,#2796,#2797));
#538=EDGE_LOOP('',(#2798));
#539=EDGE_LOOP('',(#2799));
#540=EDGE_LOOP('',(#2800,#2801,#2802,#2803,#2804,#2805,#2806,#2807,#2808));
#541=EDGE_LOOP('',(#2809,#2810,#2811,#2812,#2813,#2814,#2815,#2816,#2817));
#542=EDGE_LOOP('',(#2818,#2819,#2820,#2821));
#543=EDGE_LOOP('',(#2822,#2823,#2824,#2825));
#544=EDGE_LOOP('',(#2826,#2827,#2828,#2829));
#545=EDGE_LOOP('',(#2830,#2831,#2832,#2833));
#546=EDGE_LOOP('',(#2834,#2835,#2836,#2837,#2838,#2839));
#547=EDGE_LOOP('',(#2840,#2841,#2842,#2843));
#548=EDGE_LOOP('',(#2844,#2845,#2846,#2847,#2848,#2849));
#549=EDGE_LOOP('',(#2850,#2851,#2852,#2853,#2854,#2855));
#550=EDGE_LOOP('',(#2856,#2857,#2858,#2859,#2860));
#551=EDGE_LOOP('',(#2861,#2862,#2863,#2864));
#552=EDGE_LOOP('',(#2865,#2866,#2867,#2868,#2869,#2870));
#553=EDGE_LOOP('',(#2871,#2872,#2873,#2874));
#554=EDGE_LOOP('',(#2875,#2876,#2877,#2878));
#555=EDGE_LOOP('',(#2879,#2880,#2881,#2882));
#556=EDGE_LOOP('',(#2883,#2884,#2885,#2886));
#557=EDGE_LOOP('',(#2887,#2888,#2889,#2890,#2891,#2892));
#558=EDGE_LOOP('',(#2893,#2894,#2895,#2896,#2897,#2898));
#559=EDGE_LOOP('',(#2899,#2900,#2901,#2902,#2903,#2904,#2905,#2906,#2907,
#2908,#2909,#2910));
#560=EDGE_LOOP('',(#2911,#2912,#2913,#2914,#2915,#2916));
#561=EDGE_LOOP('',(#2917,#2918,#2919,#2920));
#562=EDGE_LOOP('',(#2921,#2922,#2923,#2924,#2925,#2926));
#563=EDGE_LOOP('',(#2927,#2928,#2929,#2930));
#564=EDGE_LOOP('',(#2931,#2932,#2933,#2934));
#565=EDGE_LOOP('',(#2935,#2936,#2937,#2938));
#566=EDGE_LOOP('',(#2939,#2940,#2941,#2942));
#567=EDGE_LOOP('',(#2943,#2944,#2945,#2946));
#568=EDGE_LOOP('',(#2947,#2948,#2949,#2950));
#569=EDGE_LOOP('',(#2951,#2952,#2953,#2954));
#570=EDGE_LOOP('',(#2955,#2956,#2957,#2958));
#571=EDGE_LOOP('',(#2959,#2960,#2961,#2962));
#572=CIRCLE('',#3198,0.950000000000001);
#573=CIRCLE('',#3199,0.950000000000001);
#574=CIRCLE('',#3200,0.950000000000001);
#575=CIRCLE('',#3201,0.950000000000001);
#576=CIRCLE('',#3203,0.950000000000001);
#577=CIRCLE('',#3204,0.950000000000001);
#578=CIRCLE('',#3205,0.950000000000001);
#579=CIRCLE('',#3206,0.950000000000001);
#580=CIRCLE('',#3208,0.950000000000001);
#581=CIRCLE('',#3209,0.950000000000001);
#582=CIRCLE('',#3210,0.950000000000001);
#583=CIRCLE('',#3211,0.950000000000001);
#584=CIRCLE('',#3213,0.950000000000001);
#585=CIRCLE('',#3214,0.950000000000001);
#586=CIRCLE('',#3215,0.950000000000001);
#587=CIRCLE('',#3216,0.950000000000001);
#588=CIRCLE('',#3218,0.950000000000001);
#589=CIRCLE('',#3219,0.950000000000001);
#590=CIRCLE('',#3220,0.950000000000001);
#591=CIRCLE('',#3221,0.950000000000001);
#592=CIRCLE('',#3223,0.950000000000001);
#593=CIRCLE('',#3224,0.950000000000001);
#594=CIRCLE('',#3225,0.950000000000001);
#595=CIRCLE('',#3226,0.950000000000001);
#596=CIRCLE('',#3228,0.950000000000001);
#597=CIRCLE('',#3236,0.950000000000001);
#598=CIRCLE('',#3249,0.950000000000001);
#599=CIRCLE('',#3250,0.950000000000001);
#600=CIRCLE('',#3254,0.950000000000001);
#601=CIRCLE('',#3255,0.950000000000001);
#602=CIRCLE('',#3256,0.950000000000001);
#603=CIRCLE('',#3257,0.950000000000001);
#604=CIRCLE('',#3259,0.950000000000001);
#605=CIRCLE('',#3260,0.950000000000001);
#606=CIRCLE('',#3261,0.950000000000001);
#607=CIRCLE('',#3262,0.950000000000001);
#608=CIRCLE('',#3264,0.950000000000001);
#609=CIRCLE('',#3265,0.950000000000001);
#610=CIRCLE('',#3266,0.950000000000001);
#611=CIRCLE('',#3267,0.950000000000001);
#612=CIRCLE('',#3269,0.950000000000001);
#613=CIRCLE('',#3270,0.950000000000001);
#614=CIRCLE('',#3271,0.950000000000001);
#615=CIRCLE('',#3272,0.950000000000001);
#616=CIRCLE('',#3274,0.950000000000001);
#617=CIRCLE('',#3275,0.950000000000001);
#618=CIRCLE('',#3276,0.950000000000001);
#619=CIRCLE('',#3277,0.950000000000001);
#620=CIRCLE('',#3279,0.950000000000001);
#621=CIRCLE('',#3280,0.950000000000001);
#622=CIRCLE('',#3281,0.950000000000001);
#623=CIRCLE('',#3282,0.950000000000001);
#624=CIRCLE('',#3284,0.950000000000001);
#625=CIRCLE('',#3297,0.950000000000001);
#626=CIRCLE('',#3304,0.950000000000001);
#627=CIRCLE('',#3305,0.950000000000001);
#628=CIRCLE('',#3325,1.45);
#629=CIRCLE('',#3326,3.27);
#630=CIRCLE('',#3327,3.27);
#631=CIRCLE('',#3328,1.45);
#632=CIRCLE('',#3329,3.37);
#633=CIRCLE('',#3330,3.37);
#634=CIRCLE('',#3331,3.37);
#635=CIRCLE('',#3332,3.37);
#636=CIRCLE('',#3333,1.275);
#637=CIRCLE('',#3334,1.275);
#638=CIRCLE('',#3335,1.275);
#639=CIRCLE('',#3336,1.275);
#640=CIRCLE('',#3337,1.275);
#641=CIRCLE('',#3338,1.275);
#642=CIRCLE('',#3340,1.45);
#643=CIRCLE('',#3342,1.);
#644=CIRCLE('',#3343,1.);
#645=CIRCLE('',#3345,1.);
#646=CIRCLE('',#3346,2.);
#647=CIRCLE('',#3349,1.);
#648=CIRCLE('',#3350,3.27);
#649=CIRCLE('',#3351,3.27);
#650=CIRCLE('',#3354,1.);
#651=CIRCLE('',#3355,1.);
#652=CIRCLE('',#3356,2.);
#653=CIRCLE('',#3360,1.);
#654=CIRCLE('',#3361,1.);
#655=CIRCLE('',#3363,1.);
#656=CIRCLE('',#3364,1.);
#657=CIRCLE('',#3367,1.);
#658=CIRCLE('',#3371,1.);
#659=CIRCLE('',#3376,1.);
#660=CIRCLE('',#3379,1.);
#661=CIRCLE('',#3381,0.7);
#662=CIRCLE('',#3382,0.7);
#663=CIRCLE('',#3384,1.);
#664=CIRCLE('',#3389,1.);
#665=CIRCLE('',#3392,0.7);
#666=CIRCLE('',#3393,0.7);
#667=CIRCLE('',#3395,1.);
#668=CIRCLE('',#3400,1.);
#669=CIRCLE('',#3403,0.999999999999994);
#670=CIRCLE('',#3404,1.);
#671=CIRCLE('',#3407,1.);
#672=CIRCLE('',#3408,1.);
#673=CIRCLE('',#3409,0.999999999999994);
#674=CIRCLE('',#3410,1.);
#675=CIRCLE('',#3411,1.);
#676=CIRCLE('',#3413,1.375);
#677=CIRCLE('',#3414,1.375);
#678=CIRCLE('',#3415,1.);
#679=CIRCLE('',#3416,1.75);
#680=CIRCLE('',#3418,1.);
#681=CIRCLE('',#3419,1.);
#682=CIRCLE('',#3421,1.375);
#683=CIRCLE('',#3422,1.375);
#684=CIRCLE('',#3423,1.375);
#685=CIRCLE('',#3425,1.);
#686=CIRCLE('',#3427,1.);
#687=CIRCLE('',#3432,1.45);
#688=CIRCLE('',#3436,1.375);
#689=CIRCLE('',#3437,1.375);
#690=CIRCLE('',#3440,3.27);
#691=CIRCLE('',#3441,3.27);
#692=CIRCLE('',#3442,1.275);
#693=CIRCLE('',#3443,1.275);
#694=CIRCLE('',#3444,1.275);
#695=CIRCLE('',#3445,1.275);
#696=CIRCLE('',#3449,1.75);
#697=CIRCLE('',#3450,1.75);
#698=CIRCLE('',#3452,3.37);
#699=CIRCLE('',#3453,3.37);
#700=CIRCLE('',#3454,3.37);
#701=CIRCLE('',#3455,3.37);
#702=CIRCLE('',#3456,3.27);
#703=CIRCLE('',#3457,1.275);
#704=CIRCLE('',#3458,1.275);
#705=CIRCLE('',#3459,1.275);
#706=CIRCLE('',#3460,1.275);
#707=CIRCLE('',#3461,3.27);
#708=CIRCLE('',#3462,1.375);
#709=CIRCLE('',#3463,1.275);
#710=CIRCLE('',#3464,1.275);
#711=CIRCLE('',#3472,1.);
#712=CIRCLE('',#3475,1.);
#713=LINE('',#4359,#975);
#714=LINE('',#4365,#976);
#715=LINE('',#4372,#977);
#716=LINE('',#4378,#978);
#717=LINE('',#4385,#979);
#718=LINE('',#4391,#980);
#719=LINE('',#4398,#981);
#720=LINE('',#4404,#982);
#721=LINE('',#4411,#983);
#722=LINE('',#4417,#984);
#723=LINE('',#4424,#985);
#724=LINE('',#4430,#986);
#725=LINE('',#4436,#987);
#726=LINE('',#4439,#988);
#727=LINE('',#4441,#989);
#728=LINE('',#4442,#990);
#729=LINE('',#4444,#991);
#730=LINE('',#4445,#992);
#731=LINE('',#4447,#993);
#732=LINE('',#4448,#994);
#733=LINE('',#4450,#995);
#734=LINE('',#4451,#996);
#735=LINE('',#4453,#997);
#736=LINE('',#4454,#998);
#737=LINE('',#4457,#999);
#738=LINE('',#4459,#1000);
#739=LINE('',#4460,#1001);
#740=LINE('',#4463,#1002);
#741=LINE('',#4466,#1003);
#742=LINE('',#4468,#1004);
#743=LINE('',#4469,#1005);
#744=LINE('',#4471,#1006);
#745=LINE('',#4472,#1007);
#746=LINE('',#4474,#1008);
#747=LINE('',#4475,#1009);
#748=LINE('',#4477,#1010);
#749=LINE('',#4478,#1011);
#750=LINE('',#4480,#1012);
#751=LINE('',#4481,#1013);
#752=LINE('',#4483,#1014);
#753=LINE('',#4492,#1015);
#754=LINE('',#4497,#1016);
#755=LINE('',#4499,#1017);
#756=LINE('',#4500,#1018);
#757=LINE('',#4502,#1019);
#758=LINE('',#4506,#1020);
#759=LINE('',#4512,#1021);
#760=LINE('',#4519,#1022);
#761=LINE('',#4525,#1023);
#762=LINE('',#4532,#1024);
#763=LINE('',#4538,#1025);
#764=LINE('',#4545,#1026);
#765=LINE('',#4551,#1027);
#766=LINE('',#4558,#1028);
#767=LINE('',#4564,#1029);
#768=LINE('',#4571,#1030);
#769=LINE('',#4577,#1031);
#770=LINE('',#4583,#1032);
#771=LINE('',#4586,#1033);
#772=LINE('',#4588,#1034);
#773=LINE('',#4589,#1035);
#774=LINE('',#4591,#1036);
#775=LINE('',#4592,#1037);
#776=LINE('',#4594,#1038);
#777=LINE('',#4595,#1039);
#778=LINE('',#4597,#1040);
#779=LINE('',#4598,#1041);
#780=LINE('',#4600,#1042);
#781=LINE('',#4601,#1043);
#782=LINE('',#4604,#1044);
#783=LINE('',#4605,#1045);
#784=LINE('',#4607,#1046);
#785=LINE('',#4609,#1047);
#786=LINE('',#4611,#1048);
#787=LINE('',#4613,#1049);
#788=LINE('',#4615,#1050);
#789=LINE('',#4618,#1051);
#790=LINE('',#4621,#1052);
#791=LINE('',#4623,#1053);
#792=LINE('',#4625,#1054);
#793=LINE('',#4627,#1055);
#794=LINE('',#4629,#1056);
#795=LINE('',#4634,#1057);
#796=LINE('',#4638,#1058);
#797=LINE('',#4640,#1059);
#798=LINE('',#4641,#1060);
#799=LINE('',#4644,#1061);
#800=LINE('',#4645,#1062);
#801=LINE('',#4648,#1063);
#802=LINE('',#4649,#1064);
#803=LINE('',#4652,#1065);
#804=LINE('',#4654,#1066);
#805=LINE('',#4655,#1067);
#806=LINE('',#4657,#1068);
#807=LINE('',#4660,#1069);
#808=LINE('',#4662,#1070);
#809=LINE('',#4663,#1071);
#810=LINE('',#4665,#1072);
#811=LINE('',#4666,#1073);
#812=LINE('',#4670,#1074);
#813=LINE('',#4672,#1075);
#814=LINE('',#4673,#1076);
#815=LINE('',#4675,#1077);
#816=LINE('',#4678,#1078);
#817=LINE('',#4680,#1079);
#818=LINE('',#4681,#1080);
#819=LINE('',#4683,#1081);
#820=LINE('',#4684,#1082);
#821=LINE('',#4697,#1083);
#822=LINE('',#4698,#1084);
#823=LINE('',#4707,#1085);
#824=LINE('',#4709,#1086);
#825=LINE('',#4710,#1087);
#826=LINE('',#4718,#1088);
#827=LINE('',#4720,#1089);
#828=LINE('',#4721,#1090);
#829=LINE('',#4725,#1091);
#830=LINE('',#4727,#1092);
#831=LINE('',#4733,#1093);
#832=LINE('',#4737,#1094);
#833=LINE('',#4739,#1095);
#834=LINE('',#4747,#1096);
#835=LINE('',#4906,#1097);
#836=LINE('',#4908,#1098);
#837=LINE('',#4910,#1099);
#838=LINE('',#4912,#1100);
#839=LINE('',#4914,#1101);
#840=LINE('',#4916,#1102);
#841=LINE('',#4918,#1103);
#842=LINE('',#4920,#1104);
#843=LINE('',#4922,#1105);
#844=LINE('',#4952,#1106);
#845=LINE('',#4954,#1107);
#846=LINE('',#4956,#1108);
#847=LINE('',#4958,#1109);
#848=LINE('',#4960,#1110);
#849=LINE('',#4962,#1111);
#850=LINE('',#4964,#1112);
#851=LINE('',#4965,#1113);
#852=LINE('',#5064,#1114);
#853=LINE('',#5067,#1115);
#854=LINE('',#5081,#1116);
#855=LINE('',#5083,#1117);
#856=LINE('',#5084,#1118);
#857=LINE('',#5087,#1119);
#858=LINE('',#5091,#1120);
#859=LINE('',#5095,#1121);
#860=LINE('',#5097,#1122);
#861=LINE('',#5099,#1123);
#862=LINE('',#5103,#1124);
#863=LINE('',#5104,#1125);
#864=LINE('',#5119,#1126);
#865=LINE('',#5122,#1127);
#866=LINE('',#5151,#1128);
#867=LINE('',#5179,#1129);
#868=LINE('',#5185,#1130);
#869=LINE('',#5188,#1131);
#870=LINE('',#5191,#1132);
#871=LINE('',#5195,#1133);
#872=LINE('',#5198,#1134);
#873=LINE('',#5201,#1135);
#874=LINE('',#5203,#1136);
#875=LINE('',#5204,#1137);
#876=LINE('',#5207,#1138);
#877=LINE('',#5210,#1139);
#878=LINE('',#5246,#1140);
#879=LINE('',#5249,#1141);
#880=LINE('',#5252,#1142);
#881=LINE('',#5255,#1143);
#882=LINE('',#5257,#1144);
#883=LINE('',#5294,#1145);
#884=LINE('',#5300,#1146);
#885=LINE('',#5303,#1147);
#886=LINE('',#5306,#1148);
#887=LINE('',#5308,#1149);
#888=LINE('',#5310,#1150);
#889=LINE('',#5313,#1151);
#890=LINE('',#5314,#1152);
#891=LINE('',#5317,#1153);
#892=LINE('',#5318,#1154);
#893=LINE('',#5321,#1155);
#894=LINE('',#5322,#1156);
#895=LINE('',#5325,#1157);
#896=LINE('',#5326,#1158);
#897=LINE('',#5329,#1159);
#898=LINE('',#5330,#1160);
#899=LINE('',#5334,#1161);
#900=LINE('',#5336,#1162);
#901=LINE('',#5338,#1163);
#902=LINE('',#5340,#1164);
#903=LINE('',#5341,#1165);
#904=LINE('',#5347,#1166);
#905=LINE('',#5350,#1167);
#906=LINE('',#5353,#1168);
#907=LINE('',#5355,#1169);
#908=LINE('',#5357,#1170);
#909=LINE('',#5360,#1171);
#910=LINE('',#5361,#1172);
#911=LINE('',#5364,#1173);
#912=LINE('',#5365,#1174);
#913=LINE('',#5368,#1175);
#914=LINE('',#5369,#1176);
#915=LINE('',#5372,#1177);
#916=LINE('',#5373,#1178);
#917=LINE('',#5376,#1179);
#918=LINE('',#5377,#1180);
#919=LINE('',#5381,#1181);
#920=LINE('',#5383,#1182);
#921=LINE('',#5385,#1183);
#922=LINE('',#5387,#1184);
#923=LINE('',#5388,#1185);
#924=LINE('',#5400,#1186);
#925=LINE('',#5433,#1187);
#926=LINE('',#5464,#1188);
#927=LINE('',#5465,#1189);
#928=LINE('',#5473,#1190);
#929=LINE('',#5482,#1191);
#930=LINE('',#5532,#1192);
#931=LINE('',#5564,#1193);
#932=LINE('',#5619,#1194);
#933=LINE('',#5622,#1195);
#934=LINE('',#5644,#1196);
#935=LINE('',#5649,#1197);
#936=LINE('',#5690,#1198);
#937=LINE('',#5698,#1199);
#938=LINE('',#5700,#1200);
#939=LINE('',#5701,#1201);
#940=LINE('',#5805,#1202);
#941=LINE('',#5806,#1203);
#942=LINE('',#5808,#1204);
#943=LINE('',#5809,#1205);
#944=LINE('',#5814,#1206);
#945=LINE('',#5816,#1207);
#946=LINE('',#5823,#1208);
#947=LINE('',#5824,#1209);
#948=LINE('',#5835,#1210);
#949=LINE('',#5836,#1211);
#950=LINE('',#5888,#1212);
#951=LINE('',#6021,#1213);
#952=LINE('',#6027,#1214);
#953=LINE('',#6029,#1215);
#954=LINE('',#6031,#1216);
#955=LINE('',#6037,#1217);
#956=LINE('',#6041,#1218);
#957=LINE('',#6048,#1219);
#958=LINE('',#6083,#1220);
#959=LINE('',#6087,#1221);
#960=LINE('',#6089,#1222);
#961=LINE('',#6103,#1223);
#962=LINE('',#6105,#1224);
#963=LINE('',#6118,#1225);
#964=LINE('',#6121,#1226);
#965=LINE('',#6124,#1227);
#966=LINE('',#6127,#1228);
#967=LINE('',#6129,#1229);
#968=LINE('',#6133,#1230);
#969=LINE('',#6135,#1231);
#970=LINE('',#6137,#1232);
#971=LINE('',#6139,#1233);
#972=LINE('',#6141,#1234);
#973=LINE('',#6143,#1235);
#974=LINE('',#6145,#1236);
#975=VECTOR('',#3499,10.);
#976=VECTOR('',#3504,10.);
#977=VECTOR('',#3511,10.);
#978=VECTOR('',#3516,10.);
#979=VECTOR('',#3523,10.);
#980=VECTOR('',#3528,10.);
#981=VECTOR('',#3535,10.);
#982=VECTOR('',#3540,10.);
#983=VECTOR('',#3547,10.);
#984=VECTOR('',#3552,10.);
#985=VECTOR('',#3559,10.);
#986=VECTOR('',#3564,10.);
#987=VECTOR('',#3571,10.);
#988=VECTOR('',#3574,10.);
#989=VECTOR('',#3577,10.);
#990=VECTOR('',#3578,10.);
#991=VECTOR('',#3581,10.);
#992=VECTOR('',#3582,10.);
#993=VECTOR('',#3585,10.);
#994=VECTOR('',#3586,10.);
#995=VECTOR('',#3589,10.);
#996=VECTOR('',#3590,10.);
#997=VECTOR('',#3593,10.);
#998=VECTOR('',#3594,10.);
#999=VECTOR('',#3597,10.);
#1000=VECTOR('',#3598,10.);
#1001=VECTOR('',#3599,10.);
#1002=VECTOR('',#3602,10.);
#1003=VECTOR('',#3605,10.);
#1004=VECTOR('',#3608,10.);
#1005=VECTOR('',#3609,10.);
#1006=VECTOR('',#3612,10.);
#1007=VECTOR('',#3613,10.);
#1008=VECTOR('',#3616,10.);
#1009=VECTOR('',#3617,10.);
#1010=VECTOR('',#3620,10.);
#1011=VECTOR('',#3621,10.);
#1012=VECTOR('',#3624,10.);
#1013=VECTOR('',#3625,10.);
#1014=VECTOR('',#3628,10.);
#1015=VECTOR('',#3641,10.);
#1016=VECTOR('',#3648,10.);
#1017=VECTOR('',#3649,10.);
#1018=VECTOR('',#3650,10.);
#1019=VECTOR('',#3653,10.);
#1020=VECTOR('',#3656,10.);
#1021=VECTOR('',#3661,10.);
#1022=VECTOR('',#3668,10.);
#1023=VECTOR('',#3673,10.);
#1024=VECTOR('',#3680,10.);
#1025=VECTOR('',#3685,10.);
#1026=VECTOR('',#3692,10.);
#1027=VECTOR('',#3697,10.);
#1028=VECTOR('',#3704,10.);
#1029=VECTOR('',#3709,10.);
#1030=VECTOR('',#3716,10.);
#1031=VECTOR('',#3721,10.);
#1032=VECTOR('',#3728,10.);
#1033=VECTOR('',#3731,10.);
#1034=VECTOR('',#3734,10.);
#1035=VECTOR('',#3735,10.);
#1036=VECTOR('',#3738,10.);
#1037=VECTOR('',#3739,10.);
#1038=VECTOR('',#3742,10.);
#1039=VECTOR('',#3743,10.);
#1040=VECTOR('',#3746,10.);
#1041=VECTOR('',#3747,10.);
#1042=VECTOR('',#3750,10.);
#1043=VECTOR('',#3751,10.);
#1044=VECTOR('',#3754,10.);
#1045=VECTOR('',#3755,10.);
#1046=VECTOR('',#3758,10.);
#1047=VECTOR('',#3761,10.);
#1048=VECTOR('',#3764,10.);
#1049=VECTOR('',#3767,10.);
#1050=VECTOR('',#3770,10.);
#1051=VECTOR('',#3773,10.);
#1052=VECTOR('',#3778,10.);
#1053=VECTOR('',#3781,10.);
#1054=VECTOR('',#3784,10.);
#1055=VECTOR('',#3787,10.);
#1056=VECTOR('',#3790,10.);
#1057=VECTOR('',#3795,10.);
#1058=VECTOR('',#3800,10.);
#1059=VECTOR('',#3801,10.);
#1060=VECTOR('',#3802,10.);
#1061=VECTOR('',#3805,10.);
#1062=VECTOR('',#3806,10.);
#1063=VECTOR('',#3809,10.);
#1064=VECTOR('',#3810,10.);
#1065=VECTOR('',#3813,10.);
#1066=VECTOR('',#3814,10.);
#1067=VECTOR('',#3815,10.);
#1068=VECTOR('',#3818,10.);
#1069=VECTOR('',#3821,10.);
#1070=VECTOR('',#3822,10.);
#1071=VECTOR('',#3823,10.);
#1072=VECTOR('',#3826,10.);
#1073=VECTOR('',#3827,10.);
#1074=VECTOR('',#3832,10.);
#1075=VECTOR('',#3833,10.);
#1076=VECTOR('',#3834,10.);
#1077=VECTOR('',#3837,10.);
#1078=VECTOR('',#3840,10.);
#1079=VECTOR('',#3841,10.);
#1080=VECTOR('',#3842,10.);
#1081=VECTOR('',#3845,10.);
#1082=VECTOR('',#3846,10.);
#1083=VECTOR('',#3851,10.);
#1084=VECTOR('',#3852,10.);
#1085=VECTOR('',#3855,10.);
#1086=VECTOR('',#3856,10.);
#1087=VECTOR('',#3857,10.);
#1088=VECTOR('',#3860,10.);
#1089=VECTOR('',#3861,10.);
#1090=VECTOR('',#3862,10.);
#1091=VECTOR('',#3865,10.);
#1092=VECTOR('',#3866,10.);
#1093=VECTOR('',#3867,10.);
#1094=VECTOR('',#3870,10.);
#1095=VECTOR('',#3871,10.);
#1096=VECTOR('',#3872,10.);
#1097=VECTOR('',#3887,10.);
#1098=VECTOR('',#3888,10.);
#1099=VECTOR('',#3889,10.);
#1100=VECTOR('',#3890,10.);
#1101=VECTOR('',#3891,10.);
#1102=VECTOR('',#3892,10.);
#1103=VECTOR('',#3893,10.);
#1104=VECTOR('',#3894,10.);
#1105=VECTOR('',#3895,10.);
#1106=VECTOR('',#3912,10.);
#1107=VECTOR('',#3913,10.);
#1108=VECTOR('',#3914,10.);
#1109=VECTOR('',#3915,10.);
#1110=VECTOR('',#3916,10.);
#1111=VECTOR('',#3917,10.);
#1112=VECTOR('',#3918,10.);
#1113=VECTOR('',#3919,10.);
#1114=VECTOR('',#3928,10.);
#1115=VECTOR('',#3931,10.);
#1116=VECTOR('',#3940,10.);
#1117=VECTOR('',#3941,10.);
#1118=VECTOR('',#3942,10.);
#1119=VECTOR('',#3945,10.);
#1120=VECTOR('',#3948,10.);
#1121=VECTOR('',#3951,10.);
#1122=VECTOR('',#3952,10.);
#1123=VECTOR('',#3953,10.);
#1124=VECTOR('',#3958,10.);
#1125=VECTOR('',#3959,10.);
#1126=VECTOR('',#3970,10.);
#1127=VECTOR('',#3973,10.);
#1128=VECTOR('',#3974,10.);
#1129=VECTOR('',#3975,10.);
#1130=VECTOR('',#3980,10.);
#1131=VECTOR('',#3983,10.);
#1132=VECTOR('',#3986,10.);
#1133=VECTOR('',#3989,10.);
#1134=VECTOR('',#3992,10.);
#1135=VECTOR('',#3995,10.);
#1136=VECTOR('',#3996,10.);
#1137=VECTOR('',#3997,10.);
#1138=VECTOR('',#4000,10.);
#1139=VECTOR('',#4003,10.);
#1140=VECTOR('',#4010,10.);
#1141=VECTOR('',#4013,10.);
#1142=VECTOR('',#4016,10.);
#1143=VECTOR('',#4019,10.);
#1144=VECTOR('',#4022,10.);
#1145=VECTOR('',#4033,10.);
#1146=VECTOR('',#4038,10.);
#1147=VECTOR('',#4041,10.);
#1148=VECTOR('',#4044,10.);
#1149=VECTOR('',#4045,10.);
#1150=VECTOR('',#4046,10.);
#1151=VECTOR('',#4049,10.);
#1152=VECTOR('',#4050,10.);
#1153=VECTOR('',#4053,10.);
#1154=VECTOR('',#4054,10.);
#1155=VECTOR('',#4057,10.);
#1156=VECTOR('',#4058,10.);
#1157=VECTOR('',#4061,10.);
#1158=VECTOR('',#4062,10.);
#1159=VECTOR('',#4065,10.);
#1160=VECTOR('',#4066,10.);
#1161=VECTOR('',#4071,10.);
#1162=VECTOR('',#4072,10.);
#1163=VECTOR('',#4073,10.);
#1164=VECTOR('',#4074,10.);
#1165=VECTOR('',#4075,10.);
#1166=VECTOR('',#4080,10.);
#1167=VECTOR('',#4083,10.);
#1168=VECTOR('',#4086,10.);
#1169=VECTOR('',#4087,10.);
#1170=VECTOR('',#4088,10.);
#1171=VECTOR('',#4091,10.);
#1172=VECTOR('',#4092,10.);
#1173=VECTOR('',#4095,10.);
#1174=VECTOR('',#4096,10.);
#1175=VECTOR('',#4099,10.);
#1176=VECTOR('',#4100,10.);
#1177=VECTOR('',#4103,10.);
#1178=VECTOR('',#4104,10.);
#1179=VECTOR('',#4107,10.);
#1180=VECTOR('',#4108,10.);
#1181=VECTOR('',#4113,10.);
#1182=VECTOR('',#4114,10.);
#1183=VECTOR('',#4115,10.);
#1184=VECTOR('',#4116,10.);
#1185=VECTOR('',#4117,10.);
#1186=VECTOR('',#4122,10.);
#1187=VECTOR('',#4123,10.);
#1188=VECTOR('',#4128,10.);
#1189=VECTOR('',#4129,10.);
#1190=VECTOR('',#4136,10.);
#1191=VECTOR('',#4139,10.);
#1192=VECTOR('',#4152,10.);
#1193=VECTOR('',#4161,10.);
#1194=VECTOR('',#4166,1.125);
#1195=VECTOR('',#4169,10.);
#1196=VECTOR('',#4176,10.);
#1197=VECTOR('',#4181,10.);
#1198=VECTOR('',#4184,10.);
#1199=VECTOR('',#4185,10.);
#1200=VECTOR('',#4186,10.);
#1201=VECTOR('',#4187,10.);
#1202=VECTOR('',#4190,10.);
#1203=VECTOR('',#4191,10.);
#1204=VECTOR('',#4194,10.);
#1205=VECTOR('',#4195,10.);
#1206=VECTOR('',#4202,10.);
#1207=VECTOR('',#4203,10.);
#1208=VECTOR('',#4206,10.);
#1209=VECTOR('',#4207,10.);
#1210=VECTOR('',#4216,10.);
#1211=VECTOR('',#4217,10.);
#1212=VECTOR('',#4242,1.5);
#1213=VECTOR('',#4255,10.);
#1214=VECTOR('',#4260,10.);
#1215=VECTOR('',#4261,10.);
#1216=VECTOR('',#4262,10.);
#1217=VECTOR('',#4267,10.);
#1218=VECTOR('',#4272,10.);
#1219=VECTOR('',#4279,10.);
#1220=VECTOR('',#4282,10.);
#1221=VECTOR('',#4289,10.);
#1222=VECTOR('',#4292,10.);
#1223=VECTOR('',#4297,10.);
#1224=VECTOR('',#4300,10.);
#1225=VECTOR('',#4303,10.);
#1226=VECTOR('',#4308,10.);
#1227=VECTOR('',#4313,10.);
#1228=VECTOR('',#4318,10.);
#1229=VECTOR('',#4321,10.);
#1230=VECTOR('',#4328,1.125);
#1231=VECTOR('',#4331,1.125);
#1232=VECTOR('',#4334,1.125);
#1233=VECTOR('',#4337,1.125);
#1234=VECTOR('',#4340,1.125);
#1235=VECTOR('',#4343,1.125);
#1236=VECTOR('',#4346,1.125);
#1237=VERTEX_POINT('',#4357);
#1238=VERTEX_POINT('',#4358);
#1239=VERTEX_POINT('',#4360);
#1240=VERTEX_POINT('',#4362);
#1241=VERTEX_POINT('',#4364);
#1242=VERTEX_POINT('',#4366);
#1243=VERTEX_POINT('',#4370);
#1244=VERTEX_POINT('',#4371);
#1245=VERTEX_POINT('',#4373);
#1246=VERTEX_POINT('',#4375);
#1247=VERTEX_POINT('',#4377);
#1248=VERTEX_POINT('',#4379);
#1249=VERTEX_POINT('',#4383);
#1250=VERTEX_POINT('',#4384);
#1251=VERTEX_POINT('',#4386);
#1252=VERTEX_POINT('',#4388);
#1253=VERTEX_POINT('',#4390);
#1254=VERTEX_POINT('',#4392);
#1255=VERTEX_POINT('',#4396);
#1256=VERTEX_POINT('',#4397);
#1257=VERTEX_POINT('',#4399);
#1258=VERTEX_POINT('',#4401);
#1259=VERTEX_POINT('',#4403);
#1260=VERTEX_POINT('',#4405);
#1261=VERTEX_POINT('',#4409);
#1262=VERTEX_POINT('',#4410);
#1263=VERTEX_POINT('',#4412);
#1264=VERTEX_POINT('',#4414);
#1265=VERTEX_POINT('',#4416);
#1266=VERTEX_POINT('',#4418);
#1267=VERTEX_POINT('',#4422);
#1268=VERTEX_POINT('',#4423);
#1269=VERTEX_POINT('',#4425);
#1270=VERTEX_POINT('',#4427);
#1271=VERTEX_POINT('',#4429);
#1272=VERTEX_POINT('',#4431);
#1273=VERTEX_POINT('',#4435);
#1274=VERTEX_POINT('',#4437);
#1275=VERTEX_POINT('',#4456);
#1276=VERTEX_POINT('',#4458);
#1277=VERTEX_POINT('',#4462);
#1278=VERTEX_POINT('',#4464);
#1279=VERTEX_POINT('',#4490);
#1280=VERTEX_POINT('',#4491);
#1281=VERTEX_POINT('',#4496);
#1282=VERTEX_POINT('',#4498);
#1283=VERTEX_POINT('',#4504);
#1284=VERTEX_POINT('',#4505);
#1285=VERTEX_POINT('',#4507);
#1286=VERTEX_POINT('',#4509);
#1287=VERTEX_POINT('',#4511);
#1288=VERTEX_POINT('',#4513);
#1289=VERTEX_POINT('',#4517);
#1290=VERTEX_POINT('',#4518);
#1291=VERTEX_POINT('',#4520);
#1292=VERTEX_POINT('',#4522);
#1293=VERTEX_POINT('',#4524);
#1294=VERTEX_POINT('',#4526);
#1295=VERTEX_POINT('',#4530);
#1296=VERTEX_POINT('',#4531);
#1297=VERTEX_POINT('',#4533);
#1298=VERTEX_POINT('',#4535);
#1299=VERTEX_POINT('',#4537);
#1300=VERTEX_POINT('',#4539);
#1301=VERTEX_POINT('',#4543);
#1302=VERTEX_POINT('',#4544);
#1303=VERTEX_POINT('',#4546);
#1304=VERTEX_POINT('',#4548);
#1305=VERTEX_POINT('',#4550);
#1306=VERTEX_POINT('',#4552);
#1307=VERTEX_POINT('',#4556);
#1308=VERTEX_POINT('',#4557);
#1309=VERTEX_POINT('',#4559);
#1310=VERTEX_POINT('',#4561);
#1311=VERTEX_POINT('',#4563);
#1312=VERTEX_POINT('',#4565);
#1313=VERTEX_POINT('',#4569);
#1314=VERTEX_POINT('',#4570);
#1315=VERTEX_POINT('',#4572);
#1316=VERTEX_POINT('',#4574);
#1317=VERTEX_POINT('',#4576);
#1318=VERTEX_POINT('',#4578);
#1319=VERTEX_POINT('',#4582);
#1320=VERTEX_POINT('',#4584);
#1321=VERTEX_POINT('',#4603);
#1322=VERTEX_POINT('',#4617);
#1323=VERTEX_POINT('',#4631);
#1324=VERTEX_POINT('',#4633);
#1325=VERTEX_POINT('',#4637);
#1326=VERTEX_POINT('',#4639);
#1327=VERTEX_POINT('',#4643);
#1328=VERTEX_POINT('',#4647);
#1329=VERTEX_POINT('',#4651);
#1330=VERTEX_POINT('',#4653);
#1331=VERTEX_POINT('',#4659);
#1332=VERTEX_POINT('',#4661);
#1333=VERTEX_POINT('',#4669);
#1334=VERTEX_POINT('',#4671);
#1335=VERTEX_POINT('',#4677);
#1336=VERTEX_POINT('',#4679);
#1337=VERTEX_POINT('',#4687);
#1338=VERTEX_POINT('',#4688);
#1339=VERTEX_POINT('',#4696);
#1340=VERTEX_POINT('',#4700);
#1341=VERTEX_POINT('',#4701);
#1342=VERTEX_POINT('',#4706);
#1343=VERTEX_POINT('',#4708);
#1344=VERTEX_POINT('',#4712);
#1345=VERTEX_POINT('',#4717);
#1346=VERTEX_POINT('',#4719);
#1347=VERTEX_POINT('',#4723);
#1348=VERTEX_POINT('',#4724);
#1349=VERTEX_POINT('',#4726);
#1350=VERTEX_POINT('',#4728);
#1351=VERTEX_POINT('',#4735);
#1352=VERTEX_POINT('',#4736);
#1353=VERTEX_POINT('',#4738);
#1354=VERTEX_POINT('',#4740);
#1355=VERTEX_POINT('',#4772);
#1356=VERTEX_POINT('',#4783);
#1357=VERTEX_POINT('',#4822);
#1358=VERTEX_POINT('',#4827);
#1359=VERTEX_POINT('',#4853);
#1360=VERTEX_POINT('',#4855);
#1361=VERTEX_POINT('',#4864);
#1362=VERTEX_POINT('',#4873);
#1363=VERTEX_POINT('',#4882);
#1364=VERTEX_POINT('',#4889);
#1365=VERTEX_POINT('',#4891);
#1366=VERTEX_POINT('',#4898);
#1367=VERTEX_POINT('',#4900);
#1368=VERTEX_POINT('',#4905);
#1369=VERTEX_POINT('',#4907);
#1370=VERTEX_POINT('',#4909);
#1371=VERTEX_POINT('',#4911);
#1372=VERTEX_POINT('',#4913);
#1373=VERTEX_POINT('',#4915);
#1374=VERTEX_POINT('',#4917);
#1375=VERTEX_POINT('',#4919);
#1376=VERTEX_POINT('',#4921);
#1377=VERTEX_POINT('',#4923);
#1378=VERTEX_POINT('',#4928);
#1379=VERTEX_POINT('',#4930);
#1380=VERTEX_POINT('',#4938);
#1381=VERTEX_POINT('',#4940);
#1382=VERTEX_POINT('',#4942);
#1383=VERTEX_POINT('',#4944);
#1384=VERTEX_POINT('',#4946);
#1385=VERTEX_POINT('',#4948);
#1386=VERTEX_POINT('',#4950);
#1387=VERTEX_POINT('',#4951);
#1388=VERTEX_POINT('',#4953);
#1389=VERTEX_POINT('',#4955);
#1390=VERTEX_POINT('',#4957);
#1391=VERTEX_POINT('',#4959);
#1392=VERTEX_POINT('',#4961);
#1393=VERTEX_POINT('',#4963);
#1394=VERTEX_POINT('',#4998);
#1395=VERTEX_POINT('',#5036);
#1396=VERTEX_POINT('',#5060);
#1397=VERTEX_POINT('',#5061);
#1398=VERTEX_POINT('',#5063);
#1399=VERTEX_POINT('',#5065);
#1400=VERTEX_POINT('',#5069);
#1401=VERTEX_POINT('',#5070);
#1402=VERTEX_POINT('',#5080);
#1403=VERTEX_POINT('',#5082);
#1404=VERTEX_POINT('',#5086);
#1405=VERTEX_POINT('',#5088);
#1406=VERTEX_POINT('',#5090);
#1407=VERTEX_POINT('',#5092);
#1408=VERTEX_POINT('',#5094);
#1409=VERTEX_POINT('',#5096);
#1410=VERTEX_POINT('',#5098);
#1411=VERTEX_POINT('',#5102);
#1412=VERTEX_POINT('',#5106);
#1413=VERTEX_POINT('',#5108);
#1414=VERTEX_POINT('',#5110);
#1415=VERTEX_POINT('',#5121);
#1416=VERTEX_POINT('',#5123);
#1417=VERTEX_POINT('',#5150);
#1418=VERTEX_POINT('',#5152);
#1419=VERTEX_POINT('',#5181);
#1420=VERTEX_POINT('',#5182);
#1421=VERTEX_POINT('',#5184);
#1422=VERTEX_POINT('',#5186);
#1423=VERTEX_POINT('',#5190);
#1424=VERTEX_POINT('',#5192);
#1425=VERTEX_POINT('',#5194);
#1426=VERTEX_POINT('',#5196);
#1427=VERTEX_POINT('',#5200);
#1428=VERTEX_POINT('',#5202);
#1429=VERTEX_POINT('',#5206);
#1430=VERTEX_POINT('',#5208);
#1431=VERTEX_POINT('',#5241);
#1432=VERTEX_POINT('',#5245);
#1433=VERTEX_POINT('',#5247);
#1434=VERTEX_POINT('',#5251);
#1435=VERTEX_POINT('',#5253);
#1436=VERTEX_POINT('',#5292);
#1437=VERTEX_POINT('',#5296);
#1438=VERTEX_POINT('',#5297);
#1439=VERTEX_POINT('',#5299);
#1440=VERTEX_POINT('',#5301);
#1441=VERTEX_POINT('',#5305);
#1442=VERTEX_POINT('',#5307);
#1443=VERTEX_POINT('',#5309);
#1444=VERTEX_POINT('',#5312);
#1445=VERTEX_POINT('',#5316);
#1446=VERTEX_POINT('',#5320);
#1447=VERTEX_POINT('',#5324);
#1448=VERTEX_POINT('',#5328);
#1449=VERTEX_POINT('',#5333);
#1450=VERTEX_POINT('',#5335);
#1451=VERTEX_POINT('',#5337);
#1452=VERTEX_POINT('',#5339);
#1453=VERTEX_POINT('',#5343);
#1454=VERTEX_POINT('',#5344);
#1455=VERTEX_POINT('',#5346);
#1456=VERTEX_POINT('',#5348);
#1457=VERTEX_POINT('',#5352);
#1458=VERTEX_POINT('',#5354);
#1459=VERTEX_POINT('',#5356);
#1460=VERTEX_POINT('',#5359);
#1461=VERTEX_POINT('',#5363);
#1462=VERTEX_POINT('',#5367);
#1463=VERTEX_POINT('',#5371);
#1464=VERTEX_POINT('',#5375);
#1465=VERTEX_POINT('',#5380);
#1466=VERTEX_POINT('',#5382);
#1467=VERTEX_POINT('',#5384);
#1468=VERTEX_POINT('',#5386);
#1469=VERTEX_POINT('',#5390);
#1470=VERTEX_POINT('',#5391);
#1471=VERTEX_POINT('',#5397);
#1472=VERTEX_POINT('',#5399);
#1473=VERTEX_POINT('',#5401);
#1474=VERTEX_POINT('',#5443);
#1475=VERTEX_POINT('',#5456);
#1476=VERTEX_POINT('',#5463);
#1477=VERTEX_POINT('',#5467);
#1478=VERTEX_POINT('',#5468);
#1479=VERTEX_POINT('',#5470);
#1480=VERTEX_POINT('',#5472);
#1481=VERTEX_POINT('',#5474);
#1482=VERTEX_POINT('',#5480);
#1483=VERTEX_POINT('',#5492);
#1484=VERTEX_POINT('',#5513);
#1485=VERTEX_POINT('',#5527);
#1486=VERTEX_POINT('',#5529);
#1487=VERTEX_POINT('',#5531);
#1488=VERTEX_POINT('',#5533);
#1489=VERTEX_POINT('',#5556);
#1490=VERTEX_POINT('',#5559);
#1491=VERTEX_POINT('',#5561);
#1492=VERTEX_POINT('',#5563);
#1493=VERTEX_POINT('',#5616);
#1494=VERTEX_POINT('',#5618);
#1495=VERTEX_POINT('',#5620);
#1496=VERTEX_POINT('',#5625);
#1497=VERTEX_POINT('',#5627);
#1498=VERTEX_POINT('',#5646);
#1499=VERTEX_POINT('',#5648);
#1500=VERTEX_POINT('',#5682);
#1501=VERTEX_POINT('',#5689);
#1502=VERTEX_POINT('',#5697);
#1503=VERTEX_POINT('',#5699);
#1504=VERTEX_POINT('',#5767);
#1505=VERTEX_POINT('',#5772);
#1506=VERTEX_POINT('',#5785);
#1507=VERTEX_POINT('',#5813);
#1508=VERTEX_POINT('',#5815);
#1509=VERTEX_POINT('',#5822);
#1510=VERTEX_POINT('',#5830);
#1511=VERTEX_POINT('',#5834);
#1512=VERTEX_POINT('',#5838);
#1513=VERTEX_POINT('',#5840);
#1514=VERTEX_POINT('',#5851);
#1515=VERTEX_POINT('',#5863);
#1516=VERTEX_POINT('',#5866);
#1517=VERTEX_POINT('',#5872);
#1518=VERTEX_POINT('',#5874);
#1519=VERTEX_POINT('',#5969);
#1520=VERTEX_POINT('',#5987);
#1521=VERTEX_POINT('',#5989);
#1522=VERTEX_POINT('',#6001);
#1523=VERTEX_POINT('',#6003);
#1524=VERTEX_POINT('',#6018);
#1525=VERTEX_POINT('',#6020);
#1526=VERTEX_POINT('',#6022);
#1527=VERTEX_POINT('',#6024);
#1528=VERTEX_POINT('',#6026);
#1529=VERTEX_POINT('',#6028);
#1530=VERTEX_POINT('',#6030);
#1531=VERTEX_POINT('',#6032);
#1532=VERTEX_POINT('',#6034);
#1533=VERTEX_POINT('',#6036);
#1534=VERTEX_POINT('',#6039);
#1535=VERTEX_POINT('',#6042);
#1536=VERTEX_POINT('',#6044);
#1537=VERTEX_POINT('',#6047);
#1538=VERTEX_POINT('',#6072);
#1539=VERTEX_POINT('',#6101);
#1540=VERTEX_POINT('',#6117);
#1541=EDGE_CURVE('',#1237,#1238,#713,.T.);
#1542=EDGE_CURVE('',#1239,#1237,#572,.T.);
#1543=EDGE_CURVE('',#1240,#1239,#573,.T.);
#1544=EDGE_CURVE('',#1241,#1240,#714,.T.);
#1545=EDGE_CURVE('',#1242,#1241,#574,.T.);
#1546=EDGE_CURVE('',#1238,#1242,#575,.T.);
#1547=EDGE_CURVE('',#1243,#1244,#715,.T.);
#1548=EDGE_CURVE('',#1245,#1243,#576,.T.);
#1549=EDGE_CURVE('',#1246,#1245,#577,.T.);
#1550=EDGE_CURVE('',#1247,#1246,#716,.T.);
#1551=EDGE_CURVE('',#1248,#1247,#578,.T.);
#1552=EDGE_CURVE('',#1244,#1248,#579,.T.);
#1553=EDGE_CURVE('',#1249,#1250,#717,.T.);
#1554=EDGE_CURVE('',#1251,#1249,#580,.T.);
#1555=EDGE_CURVE('',#1252,#1251,#581,.T.);
#1556=EDGE_CURVE('',#1253,#1252,#718,.T.);
#1557=EDGE_CURVE('',#1254,#1253,#582,.T.);
#1558=EDGE_CURVE('',#1250,#1254,#583,.T.);
#1559=EDGE_CURVE('',#1255,#1256,#719,.T.);
#1560=EDGE_CURVE('',#1257,#1255,#584,.T.);
#1561=EDGE_CURVE('',#1258,#1257,#585,.T.);
#1562=EDGE_CURVE('',#1259,#1258,#720,.T.);
#1563=EDGE_CURVE('',#1260,#1259,#586,.T.);
#1564=EDGE_CURVE('',#1256,#1260,#587,.T.);
#1565=EDGE_CURVE('',#1261,#1262,#721,.T.);
#1566=EDGE_CURVE('',#1263,#1261,#588,.T.);
#1567=EDGE_CURVE('',#1264,#1263,#589,.T.);
#1568=EDGE_CURVE('',#1265,#1264,#722,.T.);
#1569=EDGE_CURVE('',#1266,#1265,#590,.T.);
#1570=EDGE_CURVE('',#1262,#1266,#591,.T.);
#1571=EDGE_CURVE('',#1267,#1268,#723,.T.);
#1572=EDGE_CURVE('',#1269,#1267,#592,.T.);
#1573=EDGE_CURVE('',#1270,#1269,#593,.T.);
#1574=EDGE_CURVE('',#1271,#1270,#724,.T.);
#1575=EDGE_CURVE('',#1272,#1271,#594,.T.);
#1576=EDGE_CURVE('',#1268,#1272,#595,.T.);
#1577=EDGE_CURVE('',#1273,#1271,#725,.T.);
#1578=EDGE_CURVE('',#1273,#1274,#596,.T.);
#1579=EDGE_CURVE('',#1272,#1274,#726,.T.);
#1580=EDGE_CURVE('',#1268,#1265,#727,.T.);
#1581=EDGE_CURVE('',#1266,#1272,#728,.T.);
#1582=EDGE_CURVE('',#1262,#1259,#729,.T.);
#1583=EDGE_CURVE('',#1260,#1266,#730,.T.);
#1584=EDGE_CURVE('',#1256,#1253,#731,.T.);
#1585=EDGE_CURVE('',#1254,#1260,#732,.T.);
#1586=EDGE_CURVE('',#1250,#1247,#733,.T.);
#1587=EDGE_CURVE('',#1248,#1254,#734,.T.);
#1588=EDGE_CURVE('',#1244,#1241,#735,.T.);
#1589=EDGE_CURVE('',#1242,#1248,#736,.T.);
#1590=EDGE_CURVE('',#1275,#1242,#737,.T.);
#1591=EDGE_CURVE('',#1275,#1276,#738,.T.);
#1592=EDGE_CURVE('',#1238,#1276,#739,.T.);
#1593=EDGE_CURVE('',#1277,#1269,#740,.T.);
#1594=EDGE_CURVE('',#1277,#1278,#597,.T.);
#1595=EDGE_CURVE('',#1270,#1278,#741,.T.);
#1596=EDGE_CURVE('',#1269,#1263,#742,.T.);
#1597=EDGE_CURVE('',#1264,#1267,#743,.T.);
#1598=EDGE_CURVE('',#1263,#1257,#744,.T.);
#1599=EDGE_CURVE('',#1258,#1261,#745,.T.);
#1600=EDGE_CURVE('',#1257,#1251,#746,.T.);
#1601=EDGE_CURVE('',#1252,#1255,#747,.T.);
#1602=EDGE_CURVE('',#1251,#1245,#748,.T.);
#1603=EDGE_CURVE('',#1246,#1249,#749,.T.);
#1604=EDGE_CURVE('',#1245,#1239,#750,.T.);
#1605=EDGE_CURVE('',#1240,#1243,#751,.T.);
#1606=EDGE_CURVE('',#1278,#1273,#752,.T.);
#1607=EDGE_CURVE('',#1279,#1280,#753,.T.);
#1608=EDGE_CURVE('',#1274,#1279,#598,.T.);
#1609=EDGE_CURVE('',#1280,#1277,#599,.T.);
#1610=EDGE_CURVE('',#1281,#1237,#754,.T.);
#1611=EDGE_CURVE('',#1282,#1281,#755,.T.);
#1612=EDGE_CURVE('',#1239,#1282,#756,.T.);
#1613=EDGE_CURVE('',#1276,#1281,#757,.T.);
#1614=EDGE_CURVE('',#1283,#1284,#758,.T.);
#1615=EDGE_CURVE('',#1285,#1283,#600,.T.);
#1616=EDGE_CURVE('',#1286,#1285,#601,.T.);
#1617=EDGE_CURVE('',#1287,#1286,#759,.T.);
#1618=EDGE_CURVE('',#1288,#1287,#602,.T.);
#1619=EDGE_CURVE('',#1284,#1288,#603,.T.);
#1620=EDGE_CURVE('',#1289,#1290,#760,.T.);
#1621=EDGE_CURVE('',#1291,#1289,#604,.T.);
#1622=EDGE_CURVE('',#1292,#1291,#605,.T.);
#1623=EDGE_CURVE('',#1293,#1292,#761,.T.);
#1624=EDGE_CURVE('',#1294,#1293,#606,.T.);
#1625=EDGE_CURVE('',#1290,#1294,#607,.T.);
#1626=EDGE_CURVE('',#1295,#1296,#762,.T.);
#1627=EDGE_CURVE('',#1297,#1295,#608,.T.);
#1628=EDGE_CURVE('',#1298,#1297,#609,.T.);
#1629=EDGE_CURVE('',#1299,#1298,#763,.T.);
#1630=EDGE_CURVE('',#1300,#1299,#610,.T.);
#1631=EDGE_CURVE('',#1296,#1300,#611,.T.);
#1632=EDGE_CURVE('',#1301,#1302,#764,.T.);
#1633=EDGE_CURVE('',#1303,#1301,#612,.T.);
#1634=EDGE_CURVE('',#1304,#1303,#613,.T.);
#1635=EDGE_CURVE('',#1305,#1304,#765,.T.);
#1636=EDGE_CURVE('',#1306,#1305,#614,.T.);
#1637=EDGE_CURVE('',#1302,#1306,#615,.T.);
#1638=EDGE_CURVE('',#1307,#1308,#766,.T.);
#1639=EDGE_CURVE('',#1309,#1307,#616,.T.);
#1640=EDGE_CURVE('',#1310,#1309,#617,.T.);
#1641=EDGE_CURVE('',#1311,#1310,#767,.T.);
#1642=EDGE_CURVE('',#1312,#1311,#618,.T.);
#1643=EDGE_CURVE('',#1308,#1312,#619,.T.);
#1644=EDGE_CURVE('',#1313,#1314,#768,.T.);
#1645=EDGE_CURVE('',#1315,#1313,#620,.T.);
#1646=EDGE_CURVE('',#1316,#1315,#621,.T.);
#1647=EDGE_CURVE('',#1317,#1316,#769,.T.);
#1648=EDGE_CURVE('',#1318,#1317,#622,.T.);
#1649=EDGE_CURVE('',#1314,#1318,#623,.T.);
#1650=EDGE_CURVE('',#1319,#1317,#770,.T.);
#1651=EDGE_CURVE('',#1319,#1320,#624,.T.);
#1652=EDGE_CURVE('',#1318,#1320,#771,.T.);
#1653=EDGE_CURVE('',#1314,#1311,#772,.T.);
#1654=EDGE_CURVE('',#1312,#1318,#773,.T.);
#1655=EDGE_CURVE('',#1308,#1305,#774,.T.);
#1656=EDGE_CURVE('',#1306,#1312,#775,.T.);
#1657=EDGE_CURVE('',#1302,#1299,#776,.T.);
#1658=EDGE_CURVE('',#1300,#1306,#777,.T.);
#1659=EDGE_CURVE('',#1296,#1293,#778,.T.);
#1660=EDGE_CURVE('',#1294,#1300,#779,.T.);
#1661=EDGE_CURVE('',#1290,#1287,#780,.T.);
#1662=EDGE_CURVE('',#1288,#1294,#781,.T.);
#1663=EDGE_CURVE('',#1316,#1321,#782,.T.);
#1664=EDGE_CURVE('',#1321,#1319,#783,.T.);
#1665=EDGE_CURVE('',#1310,#1313,#784,.T.);
#1666=EDGE_CURVE('',#1304,#1307,#785,.T.);
#1667=EDGE_CURVE('',#1298,#1301,#786,.T.);
#1668=EDGE_CURVE('',#1292,#1295,#787,.T.);
#1669=EDGE_CURVE('',#1286,#1289,#788,.T.);
#1670=EDGE_CURVE('',#1322,#1315,#789,.T.);
#1671=EDGE_CURVE('',#1322,#1321,#625,.T.);
#1672=EDGE_CURVE('',#1315,#1309,#790,.T.);
#1673=EDGE_CURVE('',#1309,#1303,#791,.T.);
#1674=EDGE_CURVE('',#1303,#1297,#792,.T.);
#1675=EDGE_CURVE('',#1297,#1291,#793,.T.);
#1676=EDGE_CURVE('',#1291,#1285,#794,.T.);
#1677=EDGE_CURVE('',#1323,#1322,#626,.T.);
#1678=EDGE_CURVE('',#1324,#1323,#795,.T.);
#1679=EDGE_CURVE('',#1320,#1324,#627,.T.);
#1680=EDGE_CURVE('',#1325,#1324,#796,.T.);
#1681=EDGE_CURVE('',#1326,#1325,#797,.T.);
#1682=EDGE_CURVE('',#1320,#1326,#798,.T.);
#1683=EDGE_CURVE('',#1323,#1327,#799,.T.);
#1684=EDGE_CURVE('',#1327,#1325,#800,.T.);
#1685=EDGE_CURVE('',#1328,#1322,#801,.T.);
#1686=EDGE_CURVE('',#1328,#1327,#802,.T.);
#1687=EDGE_CURVE('',#1329,#1288,#803,.T.);
#1688=EDGE_CURVE('',#1329,#1330,#804,.T.);
#1689=EDGE_CURVE('',#1284,#1330,#805,.T.);
#1690=EDGE_CURVE('',#1326,#1328,#806,.T.);
#1691=EDGE_CURVE('',#1331,#1283,#807,.T.);
#1692=EDGE_CURVE('',#1332,#1331,#808,.T.);
#1693=EDGE_CURVE('',#1285,#1332,#809,.T.);
#1694=EDGE_CURVE('',#1332,#1329,#810,.T.);
#1695=EDGE_CURVE('',#1330,#1331,#811,.T.);
#1696=EDGE_CURVE('',#1333,#1277,#812,.T.);
#1697=EDGE_CURVE('',#1333,#1334,#813,.T.);
#1698=EDGE_CURVE('',#1280,#1334,#814,.T.);
#1699=EDGE_CURVE('',#1282,#1275,#815,.T.);
#1700=EDGE_CURVE('',#1335,#1279,#816,.T.);
#1701=EDGE_CURVE('',#1336,#1335,#817,.T.);
#1702=EDGE_CURVE('',#1274,#1336,#818,.T.);
#1703=EDGE_CURVE('',#1336,#1333,#819,.T.);
#1704=EDGE_CURVE('',#1334,#1335,#820,.T.);
#1705=EDGE_CURVE('',#1337,#1338,#52,.T.);
#1706=EDGE_CURVE('',#1339,#1337,#821,.F.);
#1707=EDGE_CURVE('',#1338,#1339,#822,.T.);
#1708=EDGE_CURVE('',#1340,#1341,#53,.T.);
#1709=EDGE_CURVE('',#1342,#1340,#823,.T.);
#1710=EDGE_CURVE('',#1343,#1342,#824,.T.);
#1711=EDGE_CURVE('',#1341,#1343,#825,.T.);
#1712=EDGE_CURVE('',#1344,#1337,#54,.T.);
#1713=EDGE_CURVE('',#1345,#1344,#826,.T.);
#1714=EDGE_CURVE('',#1346,#1345,#827,.T.);
#1715=EDGE_CURVE('',#1339,#1346,#828,.T.);
#1716=EDGE_CURVE('',#1347,#1348,#829,.F.);
#1717=EDGE_CURVE('',#1349,#1347,#830,.T.);
#1718=EDGE_CURVE('',#1350,#1349,#55,.T.);
#1719=EDGE_CURVE('',#1348,#1350,#831,.T.);
#1720=EDGE_CURVE('',#1351,#1352,#832,.T.);
#1721=EDGE_CURVE('',#1353,#1351,#833,.T.);
#1722=EDGE_CURVE('',#1354,#1353,#56,.T.);
#1723=EDGE_CURVE('',#1352,#1354,#834,.T.);
#1724=EDGE_CURVE('',#1355,#1341,#57,.T.);
#1725=EDGE_CURVE('',#1355,#1356,#58,.T.);
#1726=EDGE_CURVE('',#1340,#1356,#59,.T.);
#1727=EDGE_CURVE('',#1357,#1338,#60,.T.);
#1728=EDGE_CURVE('',#1357,#1358,#61,.T.);
#1729=EDGE_CURVE('',#1344,#1358,#62,.T.);
#1730=EDGE_CURVE('',#1346,#1342,#628,.T.);
#1731=EDGE_CURVE('',#1356,#1359,#629,.T.);
#1732=EDGE_CURVE('',#1359,#1360,#63,.F.);
#1733=EDGE_CURVE('',#1360,#1361,#64,.F.);
#1734=EDGE_CURVE('',#1361,#1362,#630,.T.);
#1735=EDGE_CURVE('',#1362,#1349,#65,.T.);
#1736=EDGE_CURVE('',#1347,#1352,#631,.T.);
#1737=EDGE_CURVE('',#1354,#1363,#66,.T.);
#1738=EDGE_CURVE('',#1363,#1364,#632,.T.);
#1739=EDGE_CURVE('',#1364,#1365,#67,.T.);
#1740=EDGE_CURVE('',#1365,#1366,#633,.T.);
#1741=EDGE_CURVE('',#1366,#1367,#68,.F.);
#1742=EDGE_CURVE('',#1368,#1367,#835,.T.);
#1743=EDGE_CURVE('',#1368,#1369,#836,.F.);
#1744=EDGE_CURVE('',#1369,#1370,#837,.F.);
#1745=EDGE_CURVE('',#1370,#1371,#838,.T.);
#1746=EDGE_CURVE('',#1372,#1371,#839,.T.);
#1747=EDGE_CURVE('',#1372,#1373,#840,.T.);
#1748=EDGE_CURVE('',#1373,#1374,#841,.F.);
#1749=EDGE_CURVE('',#1374,#1375,#842,.F.);
#1750=EDGE_CURVE('',#1376,#1375,#843,.T.);
#1751=EDGE_CURVE('',#1376,#1377,#69,.F.);
#1752=EDGE_CURVE('',#1377,#1378,#634,.T.);
#1753=EDGE_CURVE('',#1378,#1379,#70,.T.);
#1754=EDGE_CURVE('',#1379,#1357,#635,.T.);
#1755=EDGE_CURVE('',#1380,#1380,#636,.T.);
#1756=EDGE_CURVE('',#1381,#1381,#637,.T.);
#1757=EDGE_CURVE('',#1382,#1382,#638,.T.);
#1758=EDGE_CURVE('',#1383,#1383,#639,.T.);
#1759=EDGE_CURVE('',#1384,#1384,#640,.T.);
#1760=EDGE_CURVE('',#1385,#1385,#641,.T.);
#1761=EDGE_CURVE('',#1386,#1387,#844,.T.);
#1762=EDGE_CURVE('',#1388,#1387,#845,.T.);
#1763=EDGE_CURVE('',#1388,#1389,#846,.T.);
#1764=EDGE_CURVE('',#1389,#1390,#847,.F.);
#1765=EDGE_CURVE('',#1390,#1391,#848,.F.);
#1766=EDGE_CURVE('',#1391,#1392,#849,.F.);
#1767=EDGE_CURVE('',#1392,#1393,#850,.F.);
#1768=EDGE_CURVE('',#1393,#1386,#851,.F.);
#1769=EDGE_CURVE('',#1394,#1353,#71,.T.);
#1770=EDGE_CURVE('',#1394,#1363,#72,.T.);
#1771=EDGE_CURVE('',#1362,#1395,#73,.T.);
#1772=EDGE_CURVE('',#1350,#1395,#74,.T.);
#1773=EDGE_CURVE('',#1351,#1348,#642,.T.);
#1774=EDGE_CURVE('',#1396,#1397,#643,.T.);
#1775=EDGE_CURVE('',#1397,#1398,#852,.T.);
#1776=EDGE_CURVE('',#1398,#1399,#644,.T.);
#1777=EDGE_CURVE('',#1399,#1396,#853,.T.);
#1778=EDGE_CURVE('',#1400,#1401,#75,.F.);
#1779=EDGE_CURVE('',#1401,#1399,#645,.T.);
#1780=EDGE_CURVE('',#1398,#1400,#646,.T.);
#1781=EDGE_CURVE('',#1402,#1397,#854,.T.);
#1782=EDGE_CURVE('',#1403,#1402,#855,.F.);
#1783=EDGE_CURVE('',#1400,#1403,#856,.T.);
#1784=EDGE_CURVE('',#1396,#1404,#857,.T.);
#1785=EDGE_CURVE('',#1405,#1404,#647,.T.);
#1786=EDGE_CURVE('',#1405,#1406,#858,.T.);
#1787=EDGE_CURVE('',#1406,#1407,#648,.F.);
#1788=EDGE_CURVE('',#1407,#1408,#859,.T.);
#1789=EDGE_CURVE('',#1408,#1409,#860,.T.);
#1790=EDGE_CURVE('',#1409,#1410,#861,.T.);
#1791=EDGE_CURVE('',#1410,#1402,#649,.F.);
#1792=EDGE_CURVE('',#1411,#1399,#862,.T.);
#1793=EDGE_CURVE('',#1404,#1411,#863,.T.);
#1794=EDGE_CURVE('',#1412,#1411,#650,.T.);
#1795=EDGE_CURVE('',#1411,#1413,#651,.T.);
#1796=EDGE_CURVE('',#1413,#1414,#76,.F.);
#1797=EDGE_CURVE('',#1414,#1412,#652,.T.);
#1798=EDGE_CURVE('',#1412,#1405,#864,.T.);
#1799=EDGE_CURVE('',#1401,#1415,#865,.T.);
#1800=EDGE_CURVE('',#1416,#1415,#77,.F.);
#1801=EDGE_CURVE('',#1416,#1417,#866,.T.);
#1802=EDGE_CURVE('',#1418,#1417,#78,.F.);
#1803=EDGE_CURVE('',#1418,#1413,#867,.T.);
#1804=EDGE_CURVE('',#1419,#1420,#653,.T.);
#1805=EDGE_CURVE('',#1420,#1421,#868,.T.);
#1806=EDGE_CURVE('',#1421,#1422,#654,.T.);
#1807=EDGE_CURVE('',#1422,#1419,#869,.T.);
#1808=EDGE_CURVE('',#1420,#1423,#870,.T.);
#1809=EDGE_CURVE('',#1424,#1423,#655,.T.);
#1810=EDGE_CURVE('',#1424,#1425,#871,.T.);
#1811=EDGE_CURVE('',#1426,#1425,#656,.T.);
#1812=EDGE_CURVE('',#1426,#1421,#872,.T.);
#1813=EDGE_CURVE('',#1427,#1419,#873,.T.);
#1814=EDGE_CURVE('',#1428,#1427,#874,.T.);
#1815=EDGE_CURVE('',#1423,#1428,#875,.T.);
#1816=EDGE_CURVE('',#1425,#1429,#876,.T.);
#1817=EDGE_CURVE('',#1429,#1430,#657,.T.);
#1818=EDGE_CURVE('',#1430,#1426,#877,.T.);
#1819=EDGE_CURVE('',#1429,#1431,#19,.T.);
#1820=EDGE_CURVE('',#1431,#1430,#20,.T.);
#1821=EDGE_CURVE('',#1431,#1432,#878,.T.);
#1822=EDGE_CURVE('',#1432,#1433,#658,.F.);
#1823=EDGE_CURVE('',#1433,#1430,#879,.T.);
#1824=EDGE_CURVE('',#1429,#1434,#880,.T.);
#1825=EDGE_CURVE('',#1435,#1434,#21,.T.);
#1826=EDGE_CURVE('',#1435,#1431,#881,.T.);
#1827=EDGE_CURVE('',#1434,#1424,#882,.T.);
#1828=EDGE_CURVE('',#1428,#1434,#659,.T.);
#1829=EDGE_CURVE('',#1428,#1435,#22,.T.);
#1830=EDGE_CURVE('',#1427,#1436,#660,.F.);
#1831=EDGE_CURVE('',#1436,#1435,#883,.T.);
#1832=EDGE_CURVE('',#1437,#1438,#661,.T.);
#1833=EDGE_CURVE('',#1437,#1439,#884,.T.);
#1834=EDGE_CURVE('',#1440,#1439,#662,.T.);
#1835=EDGE_CURVE('',#1440,#1438,#885,.T.);
#1836=EDGE_CURVE('',#1441,#1439,#886,.F.);
#1837=EDGE_CURVE('',#1442,#1441,#887,.F.);
#1838=EDGE_CURVE('',#1443,#1442,#888,.F.);
#1839=EDGE_CURVE('',#1371,#1443,#663,.F.);
#1840=EDGE_CURVE('',#1444,#1370,#889,.F.);
#1841=EDGE_CURVE('',#1444,#1440,#890,.F.);
#1842=EDGE_CURVE('',#1445,#1437,#891,.T.);
#1843=EDGE_CURVE('',#1441,#1445,#892,.T.);
#1844=EDGE_CURVE('',#1445,#1446,#893,.F.);
#1845=EDGE_CURVE('',#1446,#1442,#894,.T.);
#1846=EDGE_CURVE('',#1446,#1447,#895,.F.);
#1847=EDGE_CURVE('',#1447,#1443,#896,.T.);
#1848=EDGE_CURVE('',#1438,#1448,#897,.F.);
#1849=EDGE_CURVE('',#1373,#1448,#898,.F.);
#1850=EDGE_CURVE('',#1447,#1372,#664,.F.);
#1851=EDGE_CURVE('',#1449,#1444,#899,.T.);
#1852=EDGE_CURVE('',#1450,#1449,#900,.T.);
#1853=EDGE_CURVE('',#1451,#1450,#901,.T.);
#1854=EDGE_CURVE('',#1451,#1452,#902,.F.);
#1855=EDGE_CURVE('',#1448,#1452,#903,.T.);
#1856=EDGE_CURVE('',#1453,#1454,#665,.T.);
#1857=EDGE_CURVE('',#1453,#1455,#904,.T.);
#1858=EDGE_CURVE('',#1456,#1455,#666,.T.);
#1859=EDGE_CURVE('',#1456,#1454,#905,.T.);
#1860=EDGE_CURVE('',#1457,#1455,#906,.F.);
#1861=EDGE_CURVE('',#1458,#1457,#907,.F.);
#1862=EDGE_CURVE('',#1459,#1458,#908,.F.);
#1863=EDGE_CURVE('',#1387,#1459,#667,.F.);
#1864=EDGE_CURVE('',#1460,#1386,#909,.F.);
#1865=EDGE_CURVE('',#1460,#1456,#910,.F.);
#1866=EDGE_CURVE('',#1461,#1453,#911,.T.);
#1867=EDGE_CURVE('',#1457,#1461,#912,.T.);
#1868=EDGE_CURVE('',#1461,#1462,#913,.F.);
#1869=EDGE_CURVE('',#1462,#1458,#914,.T.);
#1870=EDGE_CURVE('',#1462,#1463,#915,.F.);
#1871=EDGE_CURVE('',#1463,#1459,#916,.T.);
#1872=EDGE_CURVE('',#1454,#1464,#917,.F.);
#1873=EDGE_CURVE('',#1389,#1464,#918,.F.);
#1874=EDGE_CURVE('',#1463,#1388,#668,.F.);
#1875=EDGE_CURVE('',#1465,#1460,#919,.T.);
#1876=EDGE_CURVE('',#1466,#1465,#920,.T.);
#1877=EDGE_CURVE('',#1467,#1466,#921,.T.);
#1878=EDGE_CURVE('',#1467,#1468,#922,.F.);
#1879=EDGE_CURVE('',#1464,#1468,#923,.T.);
#1880=EDGE_CURVE('',#1469,#1470,#79,.T.);
#1881=EDGE_CURVE('',#1470,#1471,#669,.T.);
#1882=EDGE_CURVE('',#1471,#1472,#924,.T.);
#1883=EDGE_CURVE('',#1472,#1473,#80,.F.);
#1884=EDGE_CURVE('',#1473,#1469,#925,.T.);
#1885=EDGE_CURVE('',#1470,#1474,#81,.T.);
#1886=EDGE_CURVE('',#1474,#1471,#670,.T.);
#1887=EDGE_CURVE('',#1473,#1475,#82,.F.);
#1888=EDGE_CURVE('',#1476,#1475,#926,.F.);
#1889=EDGE_CURVE('',#1469,#1476,#927,.T.);
#1890=EDGE_CURVE('',#1477,#1478,#671,.T.);
#1891=EDGE_CURVE('',#1478,#1479,#672,.T.);
#1892=EDGE_CURVE('',#1479,#1480,#928,.T.);
#1893=EDGE_CURVE('',#1480,#1481,#83,.T.);
#1894=EDGE_CURVE('',#1481,#1482,#673,.T.);
#1895=EDGE_CURVE('',#1482,#1477,#929,.T.);
#1896=EDGE_CURVE('',#1481,#1483,#84,.T.);
#1897=EDGE_CURVE('',#1483,#1482,#674,.T.);
#1898=EDGE_CURVE('',#1478,#1484,#85,.F.);
#1899=EDGE_CURVE('',#1477,#1484,#675,.T.);
#1900=EDGE_CURVE('',#1474,#1484,#676,.T.);
#1901=EDGE_CURVE('',#1483,#1485,#677,.T.);
#1902=EDGE_CURVE('',#1486,#1485,#678,.T.);
#1903=EDGE_CURVE('',#1487,#1486,#930,.T.);
#1904=EDGE_CURVE('',#1487,#1488,#86,.F.);
#1905=EDGE_CURVE('',#1488,#1472,#87,.F.);
#1906=EDGE_CURVE('',#1489,#1489,#679,.T.);
#1907=EDGE_CURVE('',#1486,#1490,#680,.T.);
#1908=EDGE_CURVE('',#1490,#1491,#681,.T.);
#1909=EDGE_CURVE('',#1491,#1492,#931,.T.);
#1910=EDGE_CURVE('',#1492,#1487,#88,.F.);
#1911=EDGE_CURVE('',#1490,#1485,#89,.F.);
#1912=EDGE_CURVE('',#1493,#1493,#682,.T.);
#1913=EDGE_CURVE('',#1493,#1494,#932,.T.);
#1914=EDGE_CURVE('',#1495,#1494,#683,.T.);
#1915=EDGE_CURVE('',#1479,#1495,#933,.F.);
#1916=EDGE_CURVE('',#1494,#1476,#684,.T.);
#1917=EDGE_CURVE('',#1496,#1368,#685,.T.);
#1918=EDGE_CURVE('',#1367,#1497,#90,.F.);
#1919=EDGE_CURVE('',#1497,#1496,#934,.T.);
#1920=EDGE_CURVE('',#1498,#1375,#686,.F.);
#1921=EDGE_CURVE('',#1498,#1499,#935,.T.);
#1922=EDGE_CURVE('',#1499,#1376,#91,.F.);
#1923=EDGE_CURVE('',#1497,#1500,#92,.F.);
#1924=EDGE_CURVE('',#1500,#1501,#936,.T.);
#1925=EDGE_CURVE('',#1501,#1499,#93,.F.);
#1926=EDGE_CURVE('',#1498,#1502,#937,.T.);
#1927=EDGE_CURVE('',#1502,#1503,#938,.F.);
#1928=EDGE_CURVE('',#1503,#1496,#939,.T.);
#1929=EDGE_CURVE('',#1488,#1504,#94,.T.);
#1930=EDGE_CURVE('',#1504,#1505,#95,.F.);
#1931=EDGE_CURVE('',#1506,#1505,#96,.F.);
#1932=EDGE_CURVE('',#1506,#1377,#97,.F.);
#1933=EDGE_CURVE('',#1475,#1501,#98,.F.);
#1934=EDGE_CURVE('',#1374,#1452,#940,.F.);
#1935=EDGE_CURVE('',#1502,#1451,#941,.F.);
#1936=EDGE_CURVE('',#1503,#1450,#942,.T.);
#1937=EDGE_CURVE('',#1449,#1369,#943,.F.);
#1938=EDGE_CURVE('',#1343,#1345,#687,.T.);
#1939=EDGE_CURVE('',#1491,#1507,#944,.F.);
#1940=EDGE_CURVE('',#1508,#1507,#945,.F.);
#1941=EDGE_CURVE('',#1508,#1492,#99,.F.);
#1942=EDGE_CURVE('',#1509,#1495,#946,.F.);
#1943=EDGE_CURVE('',#1480,#1509,#947,.T.);
#1944=EDGE_CURVE('',#1500,#1508,#100,.F.);
#1945=EDGE_CURVE('',#1507,#1510,#688,.T.);
#1946=EDGE_CURVE('',#1510,#1509,#689,.T.);
#1947=EDGE_CURVE('',#1511,#1414,#948,.T.);
#1948=EDGE_CURVE('',#1511,#1406,#949,.T.);
#1949=EDGE_CURVE('',#1403,#1512,#690,.T.);
#1950=EDGE_CURVE('',#1512,#1513,#101,.F.);
#1951=EDGE_CURVE('',#1513,#1514,#102,.F.);
#1952=EDGE_CURVE('',#1514,#1511,#691,.T.);
#1953=EDGE_CURVE('',#1418,#1515,#692,.T.);
#1954=EDGE_CURVE('',#1515,#1417,#693,.T.);
#1955=EDGE_CURVE('',#1416,#1516,#694,.T.);
#1956=EDGE_CURVE('',#1516,#1415,#695,.T.);
#1957=EDGE_CURVE('',#1505,#1517,#696,.T.);
#1958=EDGE_CURVE('',#1518,#1504,#103,.F.);
#1959=EDGE_CURVE('',#1517,#1518,#697,.T.);
#1960=EDGE_CURVE('',#1517,#1489,#950,.T.);
#1961=EDGE_CURVE('',#1366,#1519,#104,.F.);
#1962=EDGE_CURVE('',#1518,#1519,#105,.F.);
#1963=EDGE_CURVE('',#1358,#1520,#698,.T.);
#1964=EDGE_CURVE('',#1520,#1521,#106,.T.);
#1965=EDGE_CURVE('',#1521,#1506,#699,.T.);
#1966=EDGE_CURVE('',#1519,#1522,#700,.T.);
#1967=EDGE_CURVE('',#1522,#1523,#107,.T.);
#1968=EDGE_CURVE('',#1523,#1394,#701,.T.);
#1969=EDGE_CURVE('',#1395,#1524,#702,.T.);
#1970=EDGE_CURVE('',#1525,#1524,#951,.T.);
#1971=EDGE_CURVE('',#1525,#1526,#703,.T.);
#1972=EDGE_CURVE('',#1526,#1527,#704,.T.);
#1973=EDGE_CURVE('',#1528,#1527,#952,.T.);
#1974=EDGE_CURVE('',#1528,#1529,#953,.T.);
#1975=EDGE_CURVE('',#1530,#1529,#954,.T.);
#1976=EDGE_CURVE('',#1530,#1531,#705,.T.);
#1977=EDGE_CURVE('',#1531,#1532,#706,.T.);
#1978=EDGE_CURVE('',#1533,#1532,#955,.T.);
#1979=EDGE_CURVE('',#1533,#1355,#707,.T.);
#1980=EDGE_CURVE('',#1534,#1534,#708,.T.);
#1981=EDGE_CURVE('',#1436,#1432,#956,.T.);
#1982=EDGE_CURVE('',#1535,#1535,#709,.T.);
#1983=EDGE_CURVE('',#1536,#1536,#710,.T.);
#1984=EDGE_CURVE('',#1537,#1410,#957,.T.);
#1985=EDGE_CURVE('',#1524,#1537,#108,.T.);
#1986=EDGE_CURVE('',#1512,#1361,#109,.F.);
#1987=EDGE_CURVE('',#1359,#1514,#110,.F.);
#1988=EDGE_CURVE('',#1538,#1533,#111,.T.);
#1989=EDGE_CURVE('',#1538,#1407,#958,.F.);
#1990=EDGE_CURVE('',#1390,#1468,#959,.F.);
#1991=EDGE_CURVE('',#1465,#1393,#960,.F.);
#1992=EDGE_CURVE('',#1530,#1532,#112,.F.);
#1993=EDGE_CURVE('',#1529,#1539,#711,.F.);
#1994=EDGE_CURVE('',#1539,#1538,#961,.T.);
#1995=EDGE_CURVE('',#1539,#1408,#962,.F.);
#1996=EDGE_CURVE('',#1525,#1527,#113,.F.);
#1997=EDGE_CURVE('',#1537,#1540,#963,.T.);
#1998=EDGE_CURVE('',#1540,#1528,#712,.F.);
#1999=EDGE_CURVE('',#1433,#1422,#964,.F.);
#2000=EDGE_CURVE('',#1540,#1409,#965,.T.);
#2001=EDGE_CURVE('',#1392,#1466,#966,.T.);
#2002=EDGE_CURVE('',#1391,#1467,#967,.F.);
#2003=EDGE_CURVE('',#1515,#1381,#968,.T.);
#2004=EDGE_CURVE('',#1516,#1380,#969,.T.);
#2005=EDGE_CURVE('',#1534,#1510,#970,.T.);
#2006=EDGE_CURVE('',#1531,#1382,#971,.T.);
#2007=EDGE_CURVE('',#1536,#1383,#972,.T.);
#2008=EDGE_CURVE('',#1526,#1384,#973,.T.);
#2009=EDGE_CURVE('',#1535,#1385,#974,.T.);
#2010=EDGE_CURVE('',#1522,#1365,#114,.T.);
#2011=EDGE_CURVE('',#1364,#1523,#115,.T.);
#2012=EDGE_CURVE('',#1513,#1360,#116,.T.);
#2013=EDGE_CURVE('',#1378,#1521,#117,.T.);
#2014=EDGE_CURVE('',#1520,#1379,#118,.T.);
#2015=ORIENTED_EDGE('',*,*,#1541,.F.);
#2016=ORIENTED_EDGE('',*,*,#1542,.F.);
#2017=ORIENTED_EDGE('',*,*,#1543,.F.);
#2018=ORIENTED_EDGE('',*,*,#1544,.F.);
#2019=ORIENTED_EDGE('',*,*,#1545,.F.);
#2020=ORIENTED_EDGE('',*,*,#1546,.F.);
#2021=ORIENTED_EDGE('',*,*,#1547,.F.);
#2022=ORIENTED_EDGE('',*,*,#1548,.F.);
#2023=ORIENTED_EDGE('',*,*,#1549,.F.);
#2024=ORIENTED_EDGE('',*,*,#1550,.F.);
#2025=ORIENTED_EDGE('',*,*,#1551,.F.);
#2026=ORIENTED_EDGE('',*,*,#1552,.F.);
#2027=ORIENTED_EDGE('',*,*,#1553,.F.);
#2028=ORIENTED_EDGE('',*,*,#1554,.F.);
#2029=ORIENTED_EDGE('',*,*,#1555,.F.);
#2030=ORIENTED_EDGE('',*,*,#1556,.F.);
#2031=ORIENTED_EDGE('',*,*,#1557,.F.);
#2032=ORIENTED_EDGE('',*,*,#1558,.F.);
#2033=ORIENTED_EDGE('',*,*,#1559,.F.);
#2034=ORIENTED_EDGE('',*,*,#1560,.F.);
#2035=ORIENTED_EDGE('',*,*,#1561,.F.);
#2036=ORIENTED_EDGE('',*,*,#1562,.F.);
#2037=ORIENTED_EDGE('',*,*,#1563,.F.);
#2038=ORIENTED_EDGE('',*,*,#1564,.F.);
#2039=ORIENTED_EDGE('',*,*,#1565,.F.);
#2040=ORIENTED_EDGE('',*,*,#1566,.F.);
#2041=ORIENTED_EDGE('',*,*,#1567,.F.);
#2042=ORIENTED_EDGE('',*,*,#1568,.F.);
#2043=ORIENTED_EDGE('',*,*,#1569,.F.);
#2044=ORIENTED_EDGE('',*,*,#1570,.F.);
#2045=ORIENTED_EDGE('',*,*,#1571,.F.);
#2046=ORIENTED_EDGE('',*,*,#1572,.F.);
#2047=ORIENTED_EDGE('',*,*,#1573,.F.);
#2048=ORIENTED_EDGE('',*,*,#1574,.F.);
#2049=ORIENTED_EDGE('',*,*,#1575,.F.);
#2050=ORIENTED_EDGE('',*,*,#1576,.F.);
#2051=ORIENTED_EDGE('',*,*,#1575,.T.);
#2052=ORIENTED_EDGE('',*,*,#1577,.F.);
#2053=ORIENTED_EDGE('',*,*,#1578,.T.);
#2054=ORIENTED_EDGE('',*,*,#1579,.F.);
#2055=ORIENTED_EDGE('',*,*,#1569,.T.);
#2056=ORIENTED_EDGE('',*,*,#1580,.F.);
#2057=ORIENTED_EDGE('',*,*,#1576,.T.);
#2058=ORIENTED_EDGE('',*,*,#1581,.F.);
#2059=ORIENTED_EDGE('',*,*,#1563,.T.);
#2060=ORIENTED_EDGE('',*,*,#1582,.F.);
#2061=ORIENTED_EDGE('',*,*,#1570,.T.);
#2062=ORIENTED_EDGE('',*,*,#1583,.F.);
#2063=ORIENTED_EDGE('',*,*,#1557,.T.);
#2064=ORIENTED_EDGE('',*,*,#1584,.F.);
#2065=ORIENTED_EDGE('',*,*,#1564,.T.);
#2066=ORIENTED_EDGE('',*,*,#1585,.F.);
#2067=ORIENTED_EDGE('',*,*,#1551,.T.);
#2068=ORIENTED_EDGE('',*,*,#1586,.F.);
#2069=ORIENTED_EDGE('',*,*,#1558,.T.);
#2070=ORIENTED_EDGE('',*,*,#1587,.F.);
#2071=ORIENTED_EDGE('',*,*,#1545,.T.);
#2072=ORIENTED_EDGE('',*,*,#1588,.F.);
#2073=ORIENTED_EDGE('',*,*,#1552,.T.);
#2074=ORIENTED_EDGE('',*,*,#1589,.F.);
#2075=ORIENTED_EDGE('',*,*,#1546,.T.);
#2076=ORIENTED_EDGE('',*,*,#1590,.F.);
#2077=ORIENTED_EDGE('',*,*,#1591,.T.);
#2078=ORIENTED_EDGE('',*,*,#1592,.F.);
#2079=ORIENTED_EDGE('',*,*,#1573,.T.);
#2080=ORIENTED_EDGE('',*,*,#1593,.F.);
#2081=ORIENTED_EDGE('',*,*,#1594,.T.);
#2082=ORIENTED_EDGE('',*,*,#1595,.F.);
#2083=ORIENTED_EDGE('',*,*,#1567,.T.);
#2084=ORIENTED_EDGE('',*,*,#1596,.F.);
#2085=ORIENTED_EDGE('',*,*,#1572,.T.);
#2086=ORIENTED_EDGE('',*,*,#1597,.F.);
#2087=ORIENTED_EDGE('',*,*,#1561,.T.);
#2088=ORIENTED_EDGE('',*,*,#1598,.F.);
#2089=ORIENTED_EDGE('',*,*,#1566,.T.);
#2090=ORIENTED_EDGE('',*,*,#1599,.F.);
#2091=ORIENTED_EDGE('',*,*,#1555,.T.);
#2092=ORIENTED_EDGE('',*,*,#1600,.F.);
#2093=ORIENTED_EDGE('',*,*,#1560,.T.);
#2094=ORIENTED_EDGE('',*,*,#1601,.F.);
#2095=ORIENTED_EDGE('',*,*,#1549,.T.);
#2096=ORIENTED_EDGE('',*,*,#1602,.F.);
#2097=ORIENTED_EDGE('',*,*,#1554,.T.);
#2098=ORIENTED_EDGE('',*,*,#1603,.F.);
#2099=ORIENTED_EDGE('',*,*,#1543,.T.);
#2100=ORIENTED_EDGE('',*,*,#1604,.F.);
#2101=ORIENTED_EDGE('',*,*,#1548,.T.);
#2102=ORIENTED_EDGE('',*,*,#1605,.F.);
#2103=ORIENTED_EDGE('',*,*,#1574,.T.);
#2104=ORIENTED_EDGE('',*,*,#1595,.T.);
#2105=ORIENTED_EDGE('',*,*,#1606,.T.);
#2106=ORIENTED_EDGE('',*,*,#1577,.T.);
#2107=ORIENTED_EDGE('',*,*,#1568,.T.);
#2108=ORIENTED_EDGE('',*,*,#1597,.T.);
#2109=ORIENTED_EDGE('',*,*,#1571,.T.);
#2110=ORIENTED_EDGE('',*,*,#1580,.T.);
#2111=ORIENTED_EDGE('',*,*,#1562,.T.);
#2112=ORIENTED_EDGE('',*,*,#1599,.T.);
#2113=ORIENTED_EDGE('',*,*,#1565,.T.);
#2114=ORIENTED_EDGE('',*,*,#1582,.T.);
#2115=ORIENTED_EDGE('',*,*,#1556,.T.);
#2116=ORIENTED_EDGE('',*,*,#1601,.T.);
#2117=ORIENTED_EDGE('',*,*,#1559,.T.);
#2118=ORIENTED_EDGE('',*,*,#1584,.T.);
#2119=ORIENTED_EDGE('',*,*,#1550,.T.);
#2120=ORIENTED_EDGE('',*,*,#1603,.T.);
#2121=ORIENTED_EDGE('',*,*,#1553,.T.);
#2122=ORIENTED_EDGE('',*,*,#1586,.T.);
#2123=ORIENTED_EDGE('',*,*,#1544,.T.);
#2124=ORIENTED_EDGE('',*,*,#1605,.T.);
#2125=ORIENTED_EDGE('',*,*,#1547,.T.);
#2126=ORIENTED_EDGE('',*,*,#1588,.T.);
#2127=ORIENTED_EDGE('',*,*,#1607,.F.);
#2128=ORIENTED_EDGE('',*,*,#1608,.F.);
#2129=ORIENTED_EDGE('',*,*,#1578,.F.);
#2130=ORIENTED_EDGE('',*,*,#1606,.F.);
#2131=ORIENTED_EDGE('',*,*,#1594,.F.);
#2132=ORIENTED_EDGE('',*,*,#1609,.F.);
#2133=ORIENTED_EDGE('',*,*,#1542,.T.);
#2134=ORIENTED_EDGE('',*,*,#1610,.F.);
#2135=ORIENTED_EDGE('',*,*,#1611,.F.);
#2136=ORIENTED_EDGE('',*,*,#1612,.F.);
#2137=ORIENTED_EDGE('',*,*,#1541,.T.);
#2138=ORIENTED_EDGE('',*,*,#1592,.T.);
#2139=ORIENTED_EDGE('',*,*,#1613,.T.);
#2140=ORIENTED_EDGE('',*,*,#1610,.T.);
#2141=ORIENTED_EDGE('',*,*,#1614,.F.);
#2142=ORIENTED_EDGE('',*,*,#1615,.F.);
#2143=ORIENTED_EDGE('',*,*,#1616,.F.);
#2144=ORIENTED_EDGE('',*,*,#1617,.F.);
#2145=ORIENTED_EDGE('',*,*,#1618,.F.);
#2146=ORIENTED_EDGE('',*,*,#1619,.F.);
#2147=ORIENTED_EDGE('',*,*,#1620,.F.);
#2148=ORIENTED_EDGE('',*,*,#1621,.F.);
#2149=ORIENTED_EDGE('',*,*,#1622,.F.);
#2150=ORIENTED_EDGE('',*,*,#1623,.F.);
#2151=ORIENTED_EDGE('',*,*,#1624,.F.);
#2152=ORIENTED_EDGE('',*,*,#1625,.F.);
#2153=ORIENTED_EDGE('',*,*,#1626,.F.);
#2154=ORIENTED_EDGE('',*,*,#1627,.F.);
#2155=ORIENTED_EDGE('',*,*,#1628,.F.);
#2156=ORIENTED_EDGE('',*,*,#1629,.F.);
#2157=ORIENTED_EDGE('',*,*,#1630,.F.);
#2158=ORIENTED_EDGE('',*,*,#1631,.F.);
#2159=ORIENTED_EDGE('',*,*,#1632,.F.);
#2160=ORIENTED_EDGE('',*,*,#1633,.F.);
#2161=ORIENTED_EDGE('',*,*,#1634,.F.);
#2162=ORIENTED_EDGE('',*,*,#1635,.F.);
#2163=ORIENTED_EDGE('',*,*,#1636,.F.);
#2164=ORIENTED_EDGE('',*,*,#1637,.F.);
#2165=ORIENTED_EDGE('',*,*,#1638,.F.);
#2166=ORIENTED_EDGE('',*,*,#1639,.F.);
#2167=ORIENTED_EDGE('',*,*,#1640,.F.);
#2168=ORIENTED_EDGE('',*,*,#1641,.F.);
#2169=ORIENTED_EDGE('',*,*,#1642,.F.);
#2170=ORIENTED_EDGE('',*,*,#1643,.F.);
#2171=ORIENTED_EDGE('',*,*,#1644,.F.);
#2172=ORIENTED_EDGE('',*,*,#1645,.F.);
#2173=ORIENTED_EDGE('',*,*,#1646,.F.);
#2174=ORIENTED_EDGE('',*,*,#1647,.F.);
#2175=ORIENTED_EDGE('',*,*,#1648,.F.);
#2176=ORIENTED_EDGE('',*,*,#1649,.F.);
#2177=ORIENTED_EDGE('',*,*,#1648,.T.);
#2178=ORIENTED_EDGE('',*,*,#1650,.F.);
#2179=ORIENTED_EDGE('',*,*,#1651,.T.);
#2180=ORIENTED_EDGE('',*,*,#1652,.F.);
#2181=ORIENTED_EDGE('',*,*,#1642,.T.);
#2182=ORIENTED_EDGE('',*,*,#1653,.F.);
#2183=ORIENTED_EDGE('',*,*,#1649,.T.);
#2184=ORIENTED_EDGE('',*,*,#1654,.F.);
#2185=ORIENTED_EDGE('',*,*,#1636,.T.);
#2186=ORIENTED_EDGE('',*,*,#1655,.F.);
#2187=ORIENTED_EDGE('',*,*,#1643,.T.);
#2188=ORIENTED_EDGE('',*,*,#1656,.F.);
#2189=ORIENTED_EDGE('',*,*,#1630,.T.);
#2190=ORIENTED_EDGE('',*,*,#1657,.F.);
#2191=ORIENTED_EDGE('',*,*,#1637,.T.);
#2192=ORIENTED_EDGE('',*,*,#1658,.F.);
#2193=ORIENTED_EDGE('',*,*,#1624,.T.);
#2194=ORIENTED_EDGE('',*,*,#1659,.F.);
#2195=ORIENTED_EDGE('',*,*,#1631,.T.);
#2196=ORIENTED_EDGE('',*,*,#1660,.F.);
#2197=ORIENTED_EDGE('',*,*,#1618,.T.);
#2198=ORIENTED_EDGE('',*,*,#1661,.F.);
#2199=ORIENTED_EDGE('',*,*,#1625,.T.);
#2200=ORIENTED_EDGE('',*,*,#1662,.F.);
#2201=ORIENTED_EDGE('',*,*,#1647,.T.);
#2202=ORIENTED_EDGE('',*,*,#1663,.T.);
#2203=ORIENTED_EDGE('',*,*,#1664,.T.);
#2204=ORIENTED_EDGE('',*,*,#1650,.T.);
#2205=ORIENTED_EDGE('',*,*,#1641,.T.);
#2206=ORIENTED_EDGE('',*,*,#1665,.T.);
#2207=ORIENTED_EDGE('',*,*,#1644,.T.);
#2208=ORIENTED_EDGE('',*,*,#1653,.T.);
#2209=ORIENTED_EDGE('',*,*,#1635,.T.);
#2210=ORIENTED_EDGE('',*,*,#1666,.T.);
#2211=ORIENTED_EDGE('',*,*,#1638,.T.);
#2212=ORIENTED_EDGE('',*,*,#1655,.T.);
#2213=ORIENTED_EDGE('',*,*,#1629,.T.);
#2214=ORIENTED_EDGE('',*,*,#1667,.T.);
#2215=ORIENTED_EDGE('',*,*,#1632,.T.);
#2216=ORIENTED_EDGE('',*,*,#1657,.T.);
#2217=ORIENTED_EDGE('',*,*,#1623,.T.);
#2218=ORIENTED_EDGE('',*,*,#1668,.T.);
#2219=ORIENTED_EDGE('',*,*,#1626,.T.);
#2220=ORIENTED_EDGE('',*,*,#1659,.T.);
#2221=ORIENTED_EDGE('',*,*,#1617,.T.);
#2222=ORIENTED_EDGE('',*,*,#1669,.T.);
#2223=ORIENTED_EDGE('',*,*,#1620,.T.);
#2224=ORIENTED_EDGE('',*,*,#1661,.T.);
#2225=ORIENTED_EDGE('',*,*,#1646,.T.);
#2226=ORIENTED_EDGE('',*,*,#1670,.F.);
#2227=ORIENTED_EDGE('',*,*,#1671,.T.);
#2228=ORIENTED_EDGE('',*,*,#1663,.F.);
#2229=ORIENTED_EDGE('',*,*,#1640,.T.);
#2230=ORIENTED_EDGE('',*,*,#1672,.F.);
#2231=ORIENTED_EDGE('',*,*,#1645,.T.);
#2232=ORIENTED_EDGE('',*,*,#1665,.F.);
#2233=ORIENTED_EDGE('',*,*,#1634,.T.);
#2234=ORIENTED_EDGE('',*,*,#1673,.F.);
#2235=ORIENTED_EDGE('',*,*,#1639,.T.);
#2236=ORIENTED_EDGE('',*,*,#1666,.F.);
#2237=ORIENTED_EDGE('',*,*,#1628,.T.);
#2238=ORIENTED_EDGE('',*,*,#1674,.F.);
#2239=ORIENTED_EDGE('',*,*,#1633,.T.);
#2240=ORIENTED_EDGE('',*,*,#1667,.F.);
#2241=ORIENTED_EDGE('',*,*,#1622,.T.);
#2242=ORIENTED_EDGE('',*,*,#1675,.F.);
#2243=ORIENTED_EDGE('',*,*,#1627,.T.);
#2244=ORIENTED_EDGE('',*,*,#1668,.F.);
#2245=ORIENTED_EDGE('',*,*,#1616,.T.);
#2246=ORIENTED_EDGE('',*,*,#1676,.F.);
#2247=ORIENTED_EDGE('',*,*,#1621,.T.);
#2248=ORIENTED_EDGE('',*,*,#1669,.F.);
#2249=ORIENTED_EDGE('',*,*,#1664,.F.);
#2250=ORIENTED_EDGE('',*,*,#1671,.F.);
#2251=ORIENTED_EDGE('',*,*,#1677,.F.);
#2252=ORIENTED_EDGE('',*,*,#1678,.F.);
#2253=ORIENTED_EDGE('',*,*,#1679,.F.);
#2254=ORIENTED_EDGE('',*,*,#1651,.F.);
#2255=ORIENTED_EDGE('',*,*,#1679,.T.);
#2256=ORIENTED_EDGE('',*,*,#1680,.F.);
#2257=ORIENTED_EDGE('',*,*,#1681,.F.);
#2258=ORIENTED_EDGE('',*,*,#1682,.F.);
#2259=ORIENTED_EDGE('',*,*,#1678,.T.);
#2260=ORIENTED_EDGE('',*,*,#1683,.T.);
#2261=ORIENTED_EDGE('',*,*,#1684,.T.);
#2262=ORIENTED_EDGE('',*,*,#1680,.T.);
#2263=ORIENTED_EDGE('',*,*,#1677,.T.);
#2264=ORIENTED_EDGE('',*,*,#1685,.F.);
#2265=ORIENTED_EDGE('',*,*,#1686,.T.);
#2266=ORIENTED_EDGE('',*,*,#1683,.F.);
#2267=ORIENTED_EDGE('',*,*,#1619,.T.);
#2268=ORIENTED_EDGE('',*,*,#1687,.F.);
#2269=ORIENTED_EDGE('',*,*,#1688,.T.);
#2270=ORIENTED_EDGE('',*,*,#1689,.F.);
#2271=ORIENTED_EDGE('',*,*,#1690,.F.);
#2272=ORIENTED_EDGE('',*,*,#1681,.T.);
#2273=ORIENTED_EDGE('',*,*,#1684,.F.);
#2274=ORIENTED_EDGE('',*,*,#1686,.F.);
#2275=ORIENTED_EDGE('',*,*,#1615,.T.);
#2276=ORIENTED_EDGE('',*,*,#1691,.F.);
#2277=ORIENTED_EDGE('',*,*,#1692,.F.);
#2278=ORIENTED_EDGE('',*,*,#1693,.F.);
#2279=ORIENTED_EDGE('',*,*,#1694,.F.);
#2280=ORIENTED_EDGE('',*,*,#1692,.T.);
#2281=ORIENTED_EDGE('',*,*,#1695,.F.);
#2282=ORIENTED_EDGE('',*,*,#1688,.F.);
#2283=ORIENTED_EDGE('',*,*,#1614,.T.);
#2284=ORIENTED_EDGE('',*,*,#1689,.T.);
#2285=ORIENTED_EDGE('',*,*,#1695,.T.);
#2286=ORIENTED_EDGE('',*,*,#1691,.T.);
#2287=ORIENTED_EDGE('',*,*,#1609,.T.);
#2288=ORIENTED_EDGE('',*,*,#1696,.F.);
#2289=ORIENTED_EDGE('',*,*,#1697,.T.);
#2290=ORIENTED_EDGE('',*,*,#1698,.F.);
#2291=ORIENTED_EDGE('',*,*,#1699,.F.);
#2292=ORIENTED_EDGE('',*,*,#1611,.T.);
#2293=ORIENTED_EDGE('',*,*,#1613,.F.);
#2294=ORIENTED_EDGE('',*,*,#1591,.F.);
#2295=ORIENTED_EDGE('',*,*,#1608,.T.);
#2296=ORIENTED_EDGE('',*,*,#1700,.F.);
#2297=ORIENTED_EDGE('',*,*,#1701,.F.);
#2298=ORIENTED_EDGE('',*,*,#1702,.F.);
#2299=ORIENTED_EDGE('',*,*,#1703,.F.);
#2300=ORIENTED_EDGE('',*,*,#1701,.T.);
#2301=ORIENTED_EDGE('',*,*,#1704,.F.);
#2302=ORIENTED_EDGE('',*,*,#1697,.F.);
#2303=ORIENTED_EDGE('',*,*,#1607,.T.);
#2304=ORIENTED_EDGE('',*,*,#1698,.T.);
#2305=ORIENTED_EDGE('',*,*,#1704,.T.);
#2306=ORIENTED_EDGE('',*,*,#1700,.T.);
#2307=ORIENTED_EDGE('',*,*,#1705,.F.);
#2308=ORIENTED_EDGE('',*,*,#1706,.F.);
#2309=ORIENTED_EDGE('',*,*,#1707,.F.);
#2310=ORIENTED_EDGE('',*,*,#1708,.F.);
#2311=ORIENTED_EDGE('',*,*,#1709,.F.);
#2312=ORIENTED_EDGE('',*,*,#1710,.F.);
#2313=ORIENTED_EDGE('',*,*,#1711,.F.);
#2314=ORIENTED_EDGE('',*,*,#1712,.F.);
#2315=ORIENTED_EDGE('',*,*,#1713,.F.);
#2316=ORIENTED_EDGE('',*,*,#1714,.F.);
#2317=ORIENTED_EDGE('',*,*,#1715,.F.);
#2318=ORIENTED_EDGE('',*,*,#1706,.T.);
#2319=ORIENTED_EDGE('',*,*,#1716,.F.);
#2320=ORIENTED_EDGE('',*,*,#1717,.F.);
#2321=ORIENTED_EDGE('',*,*,#1718,.F.);
#2322=ORIENTED_EDGE('',*,*,#1719,.F.);
#2323=ORIENTED_EDGE('',*,*,#1720,.F.);
#2324=ORIENTED_EDGE('',*,*,#1721,.F.);
#2325=ORIENTED_EDGE('',*,*,#1722,.F.);
#2326=ORIENTED_EDGE('',*,*,#1723,.F.);
#2327=ORIENTED_EDGE('',*,*,#1708,.T.);
#2328=ORIENTED_EDGE('',*,*,#1724,.F.);
#2329=ORIENTED_EDGE('',*,*,#1725,.T.);
#2330=ORIENTED_EDGE('',*,*,#1726,.F.);
#2331=ORIENTED_EDGE('',*,*,#1712,.T.);
#2332=ORIENTED_EDGE('',*,*,#1705,.T.);
#2333=ORIENTED_EDGE('',*,*,#1727,.F.);
#2334=ORIENTED_EDGE('',*,*,#1728,.T.);
#2335=ORIENTED_EDGE('',*,*,#1729,.F.);
#2336=ORIENTED_EDGE('',*,*,#1715,.T.);
#2337=ORIENTED_EDGE('',*,*,#1730,.T.);
#2338=ORIENTED_EDGE('',*,*,#1709,.T.);
#2339=ORIENTED_EDGE('',*,*,#1726,.T.);
#2340=ORIENTED_EDGE('',*,*,#1731,.T.);
#2341=ORIENTED_EDGE('',*,*,#1732,.T.);
#2342=ORIENTED_EDGE('',*,*,#1733,.T.);
#2343=ORIENTED_EDGE('',*,*,#1734,.T.);
#2344=ORIENTED_EDGE('',*,*,#1735,.T.);
#2345=ORIENTED_EDGE('',*,*,#1717,.T.);
#2346=ORIENTED_EDGE('',*,*,#1736,.T.);
#2347=ORIENTED_EDGE('',*,*,#1723,.T.);
#2348=ORIENTED_EDGE('',*,*,#1737,.T.);
#2349=ORIENTED_EDGE('',*,*,#1738,.T.);
#2350=ORIENTED_EDGE('',*,*,#1739,.T.);
#2351=ORIENTED_EDGE('',*,*,#1740,.T.);
#2352=ORIENTED_EDGE('',*,*,#1741,.T.);
#2353=ORIENTED_EDGE('',*,*,#1742,.F.);
#2354=ORIENTED_EDGE('',*,*,#1743,.T.);
#2355=ORIENTED_EDGE('',*,*,#1744,.T.);
#2356=ORIENTED_EDGE('',*,*,#1745,.T.);
#2357=ORIENTED_EDGE('',*,*,#1746,.F.);
#2358=ORIENTED_EDGE('',*,*,#1747,.T.);
#2359=ORIENTED_EDGE('',*,*,#1748,.T.);
#2360=ORIENTED_EDGE('',*,*,#1749,.T.);
#2361=ORIENTED_EDGE('',*,*,#1750,.F.);
#2362=ORIENTED_EDGE('',*,*,#1751,.T.);
#2363=ORIENTED_EDGE('',*,*,#1752,.T.);
#2364=ORIENTED_EDGE('',*,*,#1753,.T.);
#2365=ORIENTED_EDGE('',*,*,#1754,.T.);
#2366=ORIENTED_EDGE('',*,*,#1727,.T.);
#2367=ORIENTED_EDGE('',*,*,#1707,.T.);
#2368=ORIENTED_EDGE('',*,*,#1696,.T.);
#2369=ORIENTED_EDGE('',*,*,#1593,.T.);
#2370=ORIENTED_EDGE('',*,*,#1596,.T.);
#2371=ORIENTED_EDGE('',*,*,#1598,.T.);
#2372=ORIENTED_EDGE('',*,*,#1600,.T.);
#2373=ORIENTED_EDGE('',*,*,#1602,.T.);
#2374=ORIENTED_EDGE('',*,*,#1604,.T.);
#2375=ORIENTED_EDGE('',*,*,#1612,.T.);
#2376=ORIENTED_EDGE('',*,*,#1699,.T.);
#2377=ORIENTED_EDGE('',*,*,#1590,.T.);
#2378=ORIENTED_EDGE('',*,*,#1589,.T.);
#2379=ORIENTED_EDGE('',*,*,#1587,.T.);
#2380=ORIENTED_EDGE('',*,*,#1585,.T.);
#2381=ORIENTED_EDGE('',*,*,#1583,.T.);
#2382=ORIENTED_EDGE('',*,*,#1581,.T.);
#2383=ORIENTED_EDGE('',*,*,#1579,.T.);
#2384=ORIENTED_EDGE('',*,*,#1702,.T.);
#2385=ORIENTED_EDGE('',*,*,#1703,.T.);
#2386=ORIENTED_EDGE('',*,*,#1755,.T.);
#2387=ORIENTED_EDGE('',*,*,#1756,.T.);
#2388=ORIENTED_EDGE('',*,*,#1757,.T.);
#2389=ORIENTED_EDGE('',*,*,#1758,.T.);
#2390=ORIENTED_EDGE('',*,*,#1759,.T.);
#2391=ORIENTED_EDGE('',*,*,#1760,.T.);
#2392=ORIENTED_EDGE('',*,*,#1761,.T.);
#2393=ORIENTED_EDGE('',*,*,#1762,.F.);
#2394=ORIENTED_EDGE('',*,*,#1763,.T.);
#2395=ORIENTED_EDGE('',*,*,#1764,.T.);
#2396=ORIENTED_EDGE('',*,*,#1765,.T.);
#2397=ORIENTED_EDGE('',*,*,#1766,.T.);
#2398=ORIENTED_EDGE('',*,*,#1767,.T.);
#2399=ORIENTED_EDGE('',*,*,#1768,.T.);
#2400=ORIENTED_EDGE('',*,*,#1687,.T.);
#2401=ORIENTED_EDGE('',*,*,#1662,.T.);
#2402=ORIENTED_EDGE('',*,*,#1660,.T.);
#2403=ORIENTED_EDGE('',*,*,#1658,.T.);
#2404=ORIENTED_EDGE('',*,*,#1656,.T.);
#2405=ORIENTED_EDGE('',*,*,#1654,.T.);
#2406=ORIENTED_EDGE('',*,*,#1652,.T.);
#2407=ORIENTED_EDGE('',*,*,#1682,.T.);
#2408=ORIENTED_EDGE('',*,*,#1690,.T.);
#2409=ORIENTED_EDGE('',*,*,#1685,.T.);
#2410=ORIENTED_EDGE('',*,*,#1670,.T.);
#2411=ORIENTED_EDGE('',*,*,#1672,.T.);
#2412=ORIENTED_EDGE('',*,*,#1673,.T.);
#2413=ORIENTED_EDGE('',*,*,#1674,.T.);
#2414=ORIENTED_EDGE('',*,*,#1675,.T.);
#2415=ORIENTED_EDGE('',*,*,#1676,.T.);
#2416=ORIENTED_EDGE('',*,*,#1693,.T.);
#2417=ORIENTED_EDGE('',*,*,#1694,.T.);
#2418=ORIENTED_EDGE('',*,*,#1722,.T.);
#2419=ORIENTED_EDGE('',*,*,#1769,.F.);
#2420=ORIENTED_EDGE('',*,*,#1770,.T.);
#2421=ORIENTED_EDGE('',*,*,#1737,.F.);
#2422=ORIENTED_EDGE('',*,*,#1718,.T.);
#2423=ORIENTED_EDGE('',*,*,#1735,.F.);
#2424=ORIENTED_EDGE('',*,*,#1771,.T.);
#2425=ORIENTED_EDGE('',*,*,#1772,.F.);
#2426=ORIENTED_EDGE('',*,*,#1716,.T.);
#2427=ORIENTED_EDGE('',*,*,#1773,.F.);
#2428=ORIENTED_EDGE('',*,*,#1720,.T.);
#2429=ORIENTED_EDGE('',*,*,#1736,.F.);
#2430=ORIENTED_EDGE('',*,*,#1774,.T.);
#2431=ORIENTED_EDGE('',*,*,#1775,.T.);
#2432=ORIENTED_EDGE('',*,*,#1776,.T.);
#2433=ORIENTED_EDGE('',*,*,#1777,.T.);
#2434=ORIENTED_EDGE('',*,*,#1778,.T.);
#2435=ORIENTED_EDGE('',*,*,#1779,.T.);
#2436=ORIENTED_EDGE('',*,*,#1776,.F.);
#2437=ORIENTED_EDGE('',*,*,#1780,.T.);
#2438=ORIENTED_EDGE('',*,*,#1780,.F.);
#2439=ORIENTED_EDGE('',*,*,#1775,.F.);
#2440=ORIENTED_EDGE('',*,*,#1781,.F.);
#2441=ORIENTED_EDGE('',*,*,#1782,.F.);
#2442=ORIENTED_EDGE('',*,*,#1783,.F.);
#2443=ORIENTED_EDGE('',*,*,#1774,.F.);
#2444=ORIENTED_EDGE('',*,*,#1784,.T.);
#2445=ORIENTED_EDGE('',*,*,#1785,.F.);
#2446=ORIENTED_EDGE('',*,*,#1786,.T.);
#2447=ORIENTED_EDGE('',*,*,#1787,.T.);
#2448=ORIENTED_EDGE('',*,*,#1788,.T.);
#2449=ORIENTED_EDGE('',*,*,#1789,.T.);
#2450=ORIENTED_EDGE('',*,*,#1790,.T.);
#2451=ORIENTED_EDGE('',*,*,#1791,.T.);
#2452=ORIENTED_EDGE('',*,*,#1781,.T.);
#2453=ORIENTED_EDGE('',*,*,#1777,.F.);
#2454=ORIENTED_EDGE('',*,*,#1792,.F.);
#2455=ORIENTED_EDGE('',*,*,#1793,.F.);
#2456=ORIENTED_EDGE('',*,*,#1784,.F.);
#2457=ORIENTED_EDGE('',*,*,#1794,.T.);
#2458=ORIENTED_EDGE('',*,*,#1795,.T.);
#2459=ORIENTED_EDGE('',*,*,#1796,.T.);
#2460=ORIENTED_EDGE('',*,*,#1797,.T.);
#2461=ORIENTED_EDGE('',*,*,#1785,.T.);
#2462=ORIENTED_EDGE('',*,*,#1793,.T.);
#2463=ORIENTED_EDGE('',*,*,#1794,.F.);
#2464=ORIENTED_EDGE('',*,*,#1798,.T.);
#2465=ORIENTED_EDGE('',*,*,#1779,.F.);
#2466=ORIENTED_EDGE('',*,*,#1799,.T.);
#2467=ORIENTED_EDGE('',*,*,#1800,.F.);
#2468=ORIENTED_EDGE('',*,*,#1801,.T.);
#2469=ORIENTED_EDGE('',*,*,#1802,.F.);
#2470=ORIENTED_EDGE('',*,*,#1803,.T.);
#2471=ORIENTED_EDGE('',*,*,#1795,.F.);
#2472=ORIENTED_EDGE('',*,*,#1792,.T.);
#2473=ORIENTED_EDGE('',*,*,#1804,.T.);
#2474=ORIENTED_EDGE('',*,*,#1805,.T.);
#2475=ORIENTED_EDGE('',*,*,#1806,.T.);
#2476=ORIENTED_EDGE('',*,*,#1807,.T.);
#2477=ORIENTED_EDGE('',*,*,#1805,.F.);
#2478=ORIENTED_EDGE('',*,*,#1808,.T.);
#2479=ORIENTED_EDGE('',*,*,#1809,.F.);
#2480=ORIENTED_EDGE('',*,*,#1810,.T.);
#2481=ORIENTED_EDGE('',*,*,#1811,.F.);
#2482=ORIENTED_EDGE('',*,*,#1812,.T.);
#2483=ORIENTED_EDGE('',*,*,#1804,.F.);
#2484=ORIENTED_EDGE('',*,*,#1813,.F.);
#2485=ORIENTED_EDGE('',*,*,#1814,.F.);
#2486=ORIENTED_EDGE('',*,*,#1815,.F.);
#2487=ORIENTED_EDGE('',*,*,#1808,.F.);
#2488=ORIENTED_EDGE('',*,*,#1811,.T.);
#2489=ORIENTED_EDGE('',*,*,#1816,.T.);
#2490=ORIENTED_EDGE('',*,*,#1817,.T.);
#2491=ORIENTED_EDGE('',*,*,#1818,.T.);
#2492=ORIENTED_EDGE('',*,*,#1817,.F.);
#2493=ORIENTED_EDGE('',*,*,#1819,.T.);
#2494=ORIENTED_EDGE('',*,*,#1820,.T.);
#2495=ORIENTED_EDGE('',*,*,#1820,.F.);
#2496=ORIENTED_EDGE('',*,*,#1821,.T.);
#2497=ORIENTED_EDGE('',*,*,#1822,.T.);
#2498=ORIENTED_EDGE('',*,*,#1823,.T.);
#2499=ORIENTED_EDGE('',*,*,#1819,.F.);
#2500=ORIENTED_EDGE('',*,*,#1824,.T.);
#2501=ORIENTED_EDGE('',*,*,#1825,.F.);
#2502=ORIENTED_EDGE('',*,*,#1826,.T.);
#2503=ORIENTED_EDGE('',*,*,#1816,.F.);
#2504=ORIENTED_EDGE('',*,*,#1810,.F.);
#2505=ORIENTED_EDGE('',*,*,#1827,.F.);
#2506=ORIENTED_EDGE('',*,*,#1824,.F.);
#2507=ORIENTED_EDGE('',*,*,#1809,.T.);
#2508=ORIENTED_EDGE('',*,*,#1815,.T.);
#2509=ORIENTED_EDGE('',*,*,#1828,.T.);
#2510=ORIENTED_EDGE('',*,*,#1827,.T.);
#2511=ORIENTED_EDGE('',*,*,#1828,.F.);
#2512=ORIENTED_EDGE('',*,*,#1829,.T.);
#2513=ORIENTED_EDGE('',*,*,#1825,.T.);
#2514=ORIENTED_EDGE('',*,*,#1829,.F.);
#2515=ORIENTED_EDGE('',*,*,#1814,.T.);
#2516=ORIENTED_EDGE('',*,*,#1830,.T.);
#2517=ORIENTED_EDGE('',*,*,#1831,.T.);
#2518=ORIENTED_EDGE('',*,*,#1832,.F.);
#2519=ORIENTED_EDGE('',*,*,#1833,.T.);
#2520=ORIENTED_EDGE('',*,*,#1834,.F.);
#2521=ORIENTED_EDGE('',*,*,#1835,.T.);
#2522=ORIENTED_EDGE('',*,*,#1834,.T.);
#2523=ORIENTED_EDGE('',*,*,#1836,.F.);
#2524=ORIENTED_EDGE('',*,*,#1837,.F.);
#2525=ORIENTED_EDGE('',*,*,#1838,.F.);
#2526=ORIENTED_EDGE('',*,*,#1839,.F.);
#2527=ORIENTED_EDGE('',*,*,#1745,.F.);
#2528=ORIENTED_EDGE('',*,*,#1840,.F.);
#2529=ORIENTED_EDGE('',*,*,#1841,.T.);
#2530=ORIENTED_EDGE('',*,*,#1833,.F.);
#2531=ORIENTED_EDGE('',*,*,#1842,.F.);
#2532=ORIENTED_EDGE('',*,*,#1843,.F.);
#2533=ORIENTED_EDGE('',*,*,#1836,.T.);
#2534=ORIENTED_EDGE('',*,*,#1844,.T.);
#2535=ORIENTED_EDGE('',*,*,#1845,.T.);
#2536=ORIENTED_EDGE('',*,*,#1837,.T.);
#2537=ORIENTED_EDGE('',*,*,#1843,.T.);
#2538=ORIENTED_EDGE('',*,*,#1845,.F.);
#2539=ORIENTED_EDGE('',*,*,#1846,.T.);
#2540=ORIENTED_EDGE('',*,*,#1847,.T.);
#2541=ORIENTED_EDGE('',*,*,#1838,.T.);
#2542=ORIENTED_EDGE('',*,*,#1832,.T.);
#2543=ORIENTED_EDGE('',*,*,#1848,.T.);
#2544=ORIENTED_EDGE('',*,*,#1849,.F.);
#2545=ORIENTED_EDGE('',*,*,#1747,.F.);
#2546=ORIENTED_EDGE('',*,*,#1850,.F.);
#2547=ORIENTED_EDGE('',*,*,#1846,.F.);
#2548=ORIENTED_EDGE('',*,*,#1844,.F.);
#2549=ORIENTED_EDGE('',*,*,#1842,.T.);
#2550=ORIENTED_EDGE('',*,*,#1835,.F.);
#2551=ORIENTED_EDGE('',*,*,#1841,.F.);
#2552=ORIENTED_EDGE('',*,*,#1851,.F.);
#2553=ORIENTED_EDGE('',*,*,#1852,.F.);
#2554=ORIENTED_EDGE('',*,*,#1853,.F.);
#2555=ORIENTED_EDGE('',*,*,#1854,.T.);
#2556=ORIENTED_EDGE('',*,*,#1855,.F.);
#2557=ORIENTED_EDGE('',*,*,#1848,.F.);
#2558=ORIENTED_EDGE('',*,*,#1856,.F.);
#2559=ORIENTED_EDGE('',*,*,#1857,.T.);
#2560=ORIENTED_EDGE('',*,*,#1858,.F.);
#2561=ORIENTED_EDGE('',*,*,#1859,.T.);
#2562=ORIENTED_EDGE('',*,*,#1858,.T.);
#2563=ORIENTED_EDGE('',*,*,#1860,.F.);
#2564=ORIENTED_EDGE('',*,*,#1861,.F.);
#2565=ORIENTED_EDGE('',*,*,#1862,.F.);
#2566=ORIENTED_EDGE('',*,*,#1863,.F.);
#2567=ORIENTED_EDGE('',*,*,#1761,.F.);
#2568=ORIENTED_EDGE('',*,*,#1864,.F.);
#2569=ORIENTED_EDGE('',*,*,#1865,.T.);
#2570=ORIENTED_EDGE('',*,*,#1857,.F.);
#2571=ORIENTED_EDGE('',*,*,#1866,.F.);
#2572=ORIENTED_EDGE('',*,*,#1867,.F.);
#2573=ORIENTED_EDGE('',*,*,#1860,.T.);
#2574=ORIENTED_EDGE('',*,*,#1868,.T.);
#2575=ORIENTED_EDGE('',*,*,#1869,.T.);
#2576=ORIENTED_EDGE('',*,*,#1861,.T.);
#2577=ORIENTED_EDGE('',*,*,#1867,.T.);
#2578=ORIENTED_EDGE('',*,*,#1869,.F.);
#2579=ORIENTED_EDGE('',*,*,#1870,.T.);
#2580=ORIENTED_EDGE('',*,*,#1871,.T.);
#2581=ORIENTED_EDGE('',*,*,#1862,.T.);
#2582=ORIENTED_EDGE('',*,*,#1856,.T.);
#2583=ORIENTED_EDGE('',*,*,#1872,.T.);
#2584=ORIENTED_EDGE('',*,*,#1873,.F.);
#2585=ORIENTED_EDGE('',*,*,#1763,.F.);
#2586=ORIENTED_EDGE('',*,*,#1874,.F.);
#2587=ORIENTED_EDGE('',*,*,#1870,.F.);
#2588=ORIENTED_EDGE('',*,*,#1868,.F.);
#2589=ORIENTED_EDGE('',*,*,#1866,.T.);
#2590=ORIENTED_EDGE('',*,*,#1859,.F.);
#2591=ORIENTED_EDGE('',*,*,#1865,.F.);
#2592=ORIENTED_EDGE('',*,*,#1875,.F.);
#2593=ORIENTED_EDGE('',*,*,#1876,.F.);
#2594=ORIENTED_EDGE('',*,*,#1877,.F.);
#2595=ORIENTED_EDGE('',*,*,#1878,.T.);
#2596=ORIENTED_EDGE('',*,*,#1879,.F.);
#2597=ORIENTED_EDGE('',*,*,#1872,.F.);
#2598=ORIENTED_EDGE('',*,*,#1880,.T.);
#2599=ORIENTED_EDGE('',*,*,#1881,.T.);
#2600=ORIENTED_EDGE('',*,*,#1882,.T.);
#2601=ORIENTED_EDGE('',*,*,#1883,.T.);
#2602=ORIENTED_EDGE('',*,*,#1884,.T.);
#2603=ORIENTED_EDGE('',*,*,#1881,.F.);
#2604=ORIENTED_EDGE('',*,*,#1885,.T.);
#2605=ORIENTED_EDGE('',*,*,#1886,.T.);
#2606=ORIENTED_EDGE('',*,*,#1884,.F.);
#2607=ORIENTED_EDGE('',*,*,#1887,.T.);
#2608=ORIENTED_EDGE('',*,*,#1888,.F.);
#2609=ORIENTED_EDGE('',*,*,#1889,.F.);
#2610=ORIENTED_EDGE('',*,*,#1890,.T.);
#2611=ORIENTED_EDGE('',*,*,#1891,.T.);
#2612=ORIENTED_EDGE('',*,*,#1892,.T.);
#2613=ORIENTED_EDGE('',*,*,#1893,.T.);
#2614=ORIENTED_EDGE('',*,*,#1894,.T.);
#2615=ORIENTED_EDGE('',*,*,#1895,.T.);
#2616=ORIENTED_EDGE('',*,*,#1894,.F.);
#2617=ORIENTED_EDGE('',*,*,#1896,.T.);
#2618=ORIENTED_EDGE('',*,*,#1897,.T.);
#2619=ORIENTED_EDGE('',*,*,#1898,.F.);
#2620=ORIENTED_EDGE('',*,*,#1890,.F.);
#2621=ORIENTED_EDGE('',*,*,#1899,.T.);
#2622=ORIENTED_EDGE('',*,*,#1886,.F.);
#2623=ORIENTED_EDGE('',*,*,#1900,.T.);
#2624=ORIENTED_EDGE('',*,*,#1899,.F.);
#2625=ORIENTED_EDGE('',*,*,#1895,.F.);
#2626=ORIENTED_EDGE('',*,*,#1897,.F.);
#2627=ORIENTED_EDGE('',*,*,#1901,.T.);
#2628=ORIENTED_EDGE('',*,*,#1902,.F.);
#2629=ORIENTED_EDGE('',*,*,#1903,.F.);
#2630=ORIENTED_EDGE('',*,*,#1904,.T.);
#2631=ORIENTED_EDGE('',*,*,#1905,.T.);
#2632=ORIENTED_EDGE('',*,*,#1882,.F.);
#2633=ORIENTED_EDGE('',*,*,#1906,.T.);
#2634=ORIENTED_EDGE('',*,*,#1907,.T.);
#2635=ORIENTED_EDGE('',*,*,#1908,.T.);
#2636=ORIENTED_EDGE('',*,*,#1909,.T.);
#2637=ORIENTED_EDGE('',*,*,#1910,.T.);
#2638=ORIENTED_EDGE('',*,*,#1903,.T.);
#2639=ORIENTED_EDGE('',*,*,#1911,.F.);
#2640=ORIENTED_EDGE('',*,*,#1907,.F.);
#2641=ORIENTED_EDGE('',*,*,#1902,.T.);
#2642=ORIENTED_EDGE('',*,*,#1912,.F.);
#2643=ORIENTED_EDGE('',*,*,#1913,.T.);
#2644=ORIENTED_EDGE('',*,*,#1914,.F.);
#2645=ORIENTED_EDGE('',*,*,#1915,.F.);
#2646=ORIENTED_EDGE('',*,*,#1891,.F.);
#2647=ORIENTED_EDGE('',*,*,#1898,.T.);
#2648=ORIENTED_EDGE('',*,*,#1900,.F.);
#2649=ORIENTED_EDGE('',*,*,#1885,.F.);
#2650=ORIENTED_EDGE('',*,*,#1880,.F.);
#2651=ORIENTED_EDGE('',*,*,#1889,.T.);
#2652=ORIENTED_EDGE('',*,*,#1916,.F.);
#2653=ORIENTED_EDGE('',*,*,#1913,.F.);
#2654=ORIENTED_EDGE('',*,*,#1917,.T.);
#2655=ORIENTED_EDGE('',*,*,#1742,.T.);
#2656=ORIENTED_EDGE('',*,*,#1918,.T.);
#2657=ORIENTED_EDGE('',*,*,#1919,.T.);
#2658=ORIENTED_EDGE('',*,*,#1920,.F.);
#2659=ORIENTED_EDGE('',*,*,#1921,.T.);
#2660=ORIENTED_EDGE('',*,*,#1922,.T.);
#2661=ORIENTED_EDGE('',*,*,#1750,.T.);
#2662=ORIENTED_EDGE('',*,*,#1919,.F.);
#2663=ORIENTED_EDGE('',*,*,#1923,.T.);
#2664=ORIENTED_EDGE('',*,*,#1924,.T.);
#2665=ORIENTED_EDGE('',*,*,#1925,.T.);
#2666=ORIENTED_EDGE('',*,*,#1921,.F.);
#2667=ORIENTED_EDGE('',*,*,#1926,.T.);
#2668=ORIENTED_EDGE('',*,*,#1927,.T.);
#2669=ORIENTED_EDGE('',*,*,#1928,.T.);
#2670=ORIENTED_EDGE('',*,*,#1905,.F.);
#2671=ORIENTED_EDGE('',*,*,#1929,.T.);
#2672=ORIENTED_EDGE('',*,*,#1930,.T.);
#2673=ORIENTED_EDGE('',*,*,#1931,.F.);
#2674=ORIENTED_EDGE('',*,*,#1932,.T.);
#2675=ORIENTED_EDGE('',*,*,#1751,.F.);
#2676=ORIENTED_EDGE('',*,*,#1922,.F.);
#2677=ORIENTED_EDGE('',*,*,#1925,.F.);
#2678=ORIENTED_EDGE('',*,*,#1933,.F.);
#2679=ORIENTED_EDGE('',*,*,#1887,.F.);
#2680=ORIENTED_EDGE('',*,*,#1883,.F.);
#2681=ORIENTED_EDGE('',*,*,#1926,.F.);
#2682=ORIENTED_EDGE('',*,*,#1920,.T.);
#2683=ORIENTED_EDGE('',*,*,#1749,.F.);
#2684=ORIENTED_EDGE('',*,*,#1934,.T.);
#2685=ORIENTED_EDGE('',*,*,#1854,.F.);
#2686=ORIENTED_EDGE('',*,*,#1935,.F.);
#2687=ORIENTED_EDGE('',*,*,#1936,.T.);
#2688=ORIENTED_EDGE('',*,*,#1852,.T.);
#2689=ORIENTED_EDGE('',*,*,#1937,.T.);
#2690=ORIENTED_EDGE('',*,*,#1743,.F.);
#2691=ORIENTED_EDGE('',*,*,#1917,.F.);
#2692=ORIENTED_EDGE('',*,*,#1928,.F.);
#2693=ORIENTED_EDGE('',*,*,#1730,.F.);
#2694=ORIENTED_EDGE('',*,*,#1714,.T.);
#2695=ORIENTED_EDGE('',*,*,#1938,.F.);
#2696=ORIENTED_EDGE('',*,*,#1710,.T.);
#2697=ORIENTED_EDGE('',*,*,#1909,.F.);
#2698=ORIENTED_EDGE('',*,*,#1939,.T.);
#2699=ORIENTED_EDGE('',*,*,#1940,.F.);
#2700=ORIENTED_EDGE('',*,*,#1941,.T.);
#2701=ORIENTED_EDGE('',*,*,#1892,.F.);
#2702=ORIENTED_EDGE('',*,*,#1915,.T.);
#2703=ORIENTED_EDGE('',*,*,#1942,.F.);
#2704=ORIENTED_EDGE('',*,*,#1943,.F.);
#2705=ORIENTED_EDGE('',*,*,#1944,.T.);
#2706=ORIENTED_EDGE('',*,*,#1940,.T.);
#2707=ORIENTED_EDGE('',*,*,#1945,.T.);
#2708=ORIENTED_EDGE('',*,*,#1946,.T.);
#2709=ORIENTED_EDGE('',*,*,#1942,.T.);
#2710=ORIENTED_EDGE('',*,*,#1914,.T.);
#2711=ORIENTED_EDGE('',*,*,#1916,.T.);
#2712=ORIENTED_EDGE('',*,*,#1888,.T.);
#2713=ORIENTED_EDGE('',*,*,#1933,.T.);
#2714=ORIENTED_EDGE('',*,*,#1924,.F.);
#2715=ORIENTED_EDGE('',*,*,#1797,.F.);
#2716=ORIENTED_EDGE('',*,*,#1947,.F.);
#2717=ORIENTED_EDGE('',*,*,#1948,.T.);
#2718=ORIENTED_EDGE('',*,*,#1786,.F.);
#2719=ORIENTED_EDGE('',*,*,#1798,.F.);
#2720=ORIENTED_EDGE('',*,*,#1783,.T.);
#2721=ORIENTED_EDGE('',*,*,#1949,.T.);
#2722=ORIENTED_EDGE('',*,*,#1950,.T.);
#2723=ORIENTED_EDGE('',*,*,#1951,.T.);
#2724=ORIENTED_EDGE('',*,*,#1952,.T.);
#2725=ORIENTED_EDGE('',*,*,#1947,.T.);
#2726=ORIENTED_EDGE('',*,*,#1796,.F.);
#2727=ORIENTED_EDGE('',*,*,#1803,.F.);
#2728=ORIENTED_EDGE('',*,*,#1953,.T.);
#2729=ORIENTED_EDGE('',*,*,#1954,.T.);
#2730=ORIENTED_EDGE('',*,*,#1801,.F.);
#2731=ORIENTED_EDGE('',*,*,#1955,.T.);
#2732=ORIENTED_EDGE('',*,*,#1956,.T.);
#2733=ORIENTED_EDGE('',*,*,#1799,.F.);
#2734=ORIENTED_EDGE('',*,*,#1778,.F.);
#2735=ORIENTED_EDGE('',*,*,#1850,.T.);
#2736=ORIENTED_EDGE('',*,*,#1746,.T.);
#2737=ORIENTED_EDGE('',*,*,#1839,.T.);
#2738=ORIENTED_EDGE('',*,*,#1847,.F.);
#2739=ORIENTED_EDGE('',*,*,#1874,.T.);
#2740=ORIENTED_EDGE('',*,*,#1762,.T.);
#2741=ORIENTED_EDGE('',*,*,#1863,.T.);
#2742=ORIENTED_EDGE('',*,*,#1871,.F.);
#2743=ORIENTED_EDGE('',*,*,#1957,.F.);
#2744=ORIENTED_EDGE('',*,*,#1930,.F.);
#2745=ORIENTED_EDGE('',*,*,#1958,.F.);
#2746=ORIENTED_EDGE('',*,*,#1959,.F.);
#2747=ORIENTED_EDGE('',*,*,#1960,.T.);
#2748=ORIENTED_EDGE('',*,*,#1906,.F.);
#2749=ORIENTED_EDGE('',*,*,#1960,.F.);
#2750=ORIENTED_EDGE('',*,*,#1941,.F.);
#2751=ORIENTED_EDGE('',*,*,#1944,.F.);
#2752=ORIENTED_EDGE('',*,*,#1923,.F.);
#2753=ORIENTED_EDGE('',*,*,#1918,.F.);
#2754=ORIENTED_EDGE('',*,*,#1741,.F.);
#2755=ORIENTED_EDGE('',*,*,#1961,.T.);
#2756=ORIENTED_EDGE('',*,*,#1962,.F.);
#2757=ORIENTED_EDGE('',*,*,#1958,.T.);
#2758=ORIENTED_EDGE('',*,*,#1929,.F.);
#2759=ORIENTED_EDGE('',*,*,#1904,.F.);
#2760=ORIENTED_EDGE('',*,*,#1910,.F.);
#2761=ORIENTED_EDGE('',*,*,#1713,.T.);
#2762=ORIENTED_EDGE('',*,*,#1729,.T.);
#2763=ORIENTED_EDGE('',*,*,#1963,.T.);
#2764=ORIENTED_EDGE('',*,*,#1964,.T.);
#2765=ORIENTED_EDGE('',*,*,#1965,.T.);
#2766=ORIENTED_EDGE('',*,*,#1931,.T.);
#2767=ORIENTED_EDGE('',*,*,#1957,.T.);
#2768=ORIENTED_EDGE('',*,*,#1959,.T.);
#2769=ORIENTED_EDGE('',*,*,#1962,.T.);
#2770=ORIENTED_EDGE('',*,*,#1966,.T.);
#2771=ORIENTED_EDGE('',*,*,#1967,.T.);
#2772=ORIENTED_EDGE('',*,*,#1968,.T.);
#2773=ORIENTED_EDGE('',*,*,#1769,.T.);
#2774=ORIENTED_EDGE('',*,*,#1721,.T.);
#2775=ORIENTED_EDGE('',*,*,#1773,.T.);
#2776=ORIENTED_EDGE('',*,*,#1719,.T.);
#2777=ORIENTED_EDGE('',*,*,#1772,.T.);
#2778=ORIENTED_EDGE('',*,*,#1969,.T.);
#2779=ORIENTED_EDGE('',*,*,#1970,.F.);
#2780=ORIENTED_EDGE('',*,*,#1971,.T.);
#2781=ORIENTED_EDGE('',*,*,#1972,.T.);
#2782=ORIENTED_EDGE('',*,*,#1973,.F.);
#2783=ORIENTED_EDGE('',*,*,#1974,.T.);
#2784=ORIENTED_EDGE('',*,*,#1975,.F.);
#2785=ORIENTED_EDGE('',*,*,#1976,.T.);
#2786=ORIENTED_EDGE('',*,*,#1977,.T.);
#2787=ORIENTED_EDGE('',*,*,#1978,.F.);
#2788=ORIENTED_EDGE('',*,*,#1979,.T.);
#2789=ORIENTED_EDGE('',*,*,#1724,.T.);
#2790=ORIENTED_EDGE('',*,*,#1711,.T.);
#2791=ORIENTED_EDGE('',*,*,#1938,.T.);
#2792=ORIENTED_EDGE('',*,*,#1912,.T.);
#2793=ORIENTED_EDGE('',*,*,#1980,.T.);
#2794=ORIENTED_EDGE('',*,*,#1821,.F.);
#2795=ORIENTED_EDGE('',*,*,#1826,.F.);
#2796=ORIENTED_EDGE('',*,*,#1831,.F.);
#2797=ORIENTED_EDGE('',*,*,#1981,.T.);
#2798=ORIENTED_EDGE('',*,*,#1982,.T.);
#2799=ORIENTED_EDGE('',*,*,#1983,.T.);
#2800=ORIENTED_EDGE('',*,*,#1782,.T.);
#2801=ORIENTED_EDGE('',*,*,#1791,.F.);
#2802=ORIENTED_EDGE('',*,*,#1984,.F.);
#2803=ORIENTED_EDGE('',*,*,#1985,.F.);
#2804=ORIENTED_EDGE('',*,*,#1969,.F.);
#2805=ORIENTED_EDGE('',*,*,#1771,.F.);
#2806=ORIENTED_EDGE('',*,*,#1734,.F.);
#2807=ORIENTED_EDGE('',*,*,#1986,.F.);
#2808=ORIENTED_EDGE('',*,*,#1949,.F.);
#2809=ORIENTED_EDGE('',*,*,#1948,.F.);
#2810=ORIENTED_EDGE('',*,*,#1952,.F.);
#2811=ORIENTED_EDGE('',*,*,#1987,.F.);
#2812=ORIENTED_EDGE('',*,*,#1731,.F.);
#2813=ORIENTED_EDGE('',*,*,#1725,.F.);
#2814=ORIENTED_EDGE('',*,*,#1979,.F.);
#2815=ORIENTED_EDGE('',*,*,#1988,.F.);
#2816=ORIENTED_EDGE('',*,*,#1989,.T.);
#2817=ORIENTED_EDGE('',*,*,#1787,.F.);
#2818=ORIENTED_EDGE('',*,*,#1849,.T.);
#2819=ORIENTED_EDGE('',*,*,#1855,.T.);
#2820=ORIENTED_EDGE('',*,*,#1934,.F.);
#2821=ORIENTED_EDGE('',*,*,#1748,.F.);
#2822=ORIENTED_EDGE('',*,*,#1840,.T.);
#2823=ORIENTED_EDGE('',*,*,#1744,.F.);
#2824=ORIENTED_EDGE('',*,*,#1937,.F.);
#2825=ORIENTED_EDGE('',*,*,#1851,.T.);
#2826=ORIENTED_EDGE('',*,*,#1873,.T.);
#2827=ORIENTED_EDGE('',*,*,#1879,.T.);
#2828=ORIENTED_EDGE('',*,*,#1990,.F.);
#2829=ORIENTED_EDGE('',*,*,#1764,.F.);
#2830=ORIENTED_EDGE('',*,*,#1864,.T.);
#2831=ORIENTED_EDGE('',*,*,#1768,.F.);
#2832=ORIENTED_EDGE('',*,*,#1991,.F.);
#2833=ORIENTED_EDGE('',*,*,#1875,.T.);
#2834=ORIENTED_EDGE('',*,*,#1992,.F.);
#2835=ORIENTED_EDGE('',*,*,#1975,.T.);
#2836=ORIENTED_EDGE('',*,*,#1993,.T.);
#2837=ORIENTED_EDGE('',*,*,#1994,.T.);
#2838=ORIENTED_EDGE('',*,*,#1988,.T.);
#2839=ORIENTED_EDGE('',*,*,#1978,.T.);
#2840=ORIENTED_EDGE('',*,*,#1994,.F.);
#2841=ORIENTED_EDGE('',*,*,#1995,.T.);
#2842=ORIENTED_EDGE('',*,*,#1788,.F.);
#2843=ORIENTED_EDGE('',*,*,#1989,.F.);
#2844=ORIENTED_EDGE('',*,*,#1996,.F.);
#2845=ORIENTED_EDGE('',*,*,#1970,.T.);
#2846=ORIENTED_EDGE('',*,*,#1985,.T.);
#2847=ORIENTED_EDGE('',*,*,#1997,.T.);
#2848=ORIENTED_EDGE('',*,*,#1998,.T.);
#2849=ORIENTED_EDGE('',*,*,#1973,.T.);
#2850=ORIENTED_EDGE('',*,*,#1807,.F.);
#2851=ORIENTED_EDGE('',*,*,#1999,.F.);
#2852=ORIENTED_EDGE('',*,*,#1822,.F.);
#2853=ORIENTED_EDGE('',*,*,#1981,.F.);
#2854=ORIENTED_EDGE('',*,*,#1830,.F.);
#2855=ORIENTED_EDGE('',*,*,#1813,.T.);
#2856=ORIENTED_EDGE('',*,*,#1806,.F.);
#2857=ORIENTED_EDGE('',*,*,#1812,.F.);
#2858=ORIENTED_EDGE('',*,*,#1818,.F.);
#2859=ORIENTED_EDGE('',*,*,#1823,.F.);
#2860=ORIENTED_EDGE('',*,*,#1999,.T.);
#2861=ORIENTED_EDGE('',*,*,#1997,.F.);
#2862=ORIENTED_EDGE('',*,*,#1984,.T.);
#2863=ORIENTED_EDGE('',*,*,#1790,.F.);
#2864=ORIENTED_EDGE('',*,*,#2000,.F.);
#2865=ORIENTED_EDGE('',*,*,#1974,.F.);
#2866=ORIENTED_EDGE('',*,*,#1998,.F.);
#2867=ORIENTED_EDGE('',*,*,#2000,.T.);
#2868=ORIENTED_EDGE('',*,*,#1789,.F.);
#2869=ORIENTED_EDGE('',*,*,#1995,.F.);
#2870=ORIENTED_EDGE('',*,*,#1993,.F.);
#2871=ORIENTED_EDGE('',*,*,#2001,.T.);
#2872=ORIENTED_EDGE('',*,*,#1876,.T.);
#2873=ORIENTED_EDGE('',*,*,#1991,.T.);
#2874=ORIENTED_EDGE('',*,*,#1767,.F.);
#2875=ORIENTED_EDGE('',*,*,#2002,.T.);
#2876=ORIENTED_EDGE('',*,*,#1877,.T.);
#2877=ORIENTED_EDGE('',*,*,#2001,.F.);
#2878=ORIENTED_EDGE('',*,*,#1766,.F.);
#2879=ORIENTED_EDGE('',*,*,#1990,.T.);
#2880=ORIENTED_EDGE('',*,*,#1878,.F.);
#2881=ORIENTED_EDGE('',*,*,#2002,.F.);
#2882=ORIENTED_EDGE('',*,*,#1765,.F.);
#2883=ORIENTED_EDGE('',*,*,#1935,.T.);
#2884=ORIENTED_EDGE('',*,*,#1853,.T.);
#2885=ORIENTED_EDGE('',*,*,#1936,.F.);
#2886=ORIENTED_EDGE('',*,*,#1927,.F.);
#2887=ORIENTED_EDGE('',*,*,#1953,.F.);
#2888=ORIENTED_EDGE('',*,*,#1802,.T.);
#2889=ORIENTED_EDGE('',*,*,#1954,.F.);
#2890=ORIENTED_EDGE('',*,*,#2003,.T.);
#2891=ORIENTED_EDGE('',*,*,#1756,.F.);
#2892=ORIENTED_EDGE('',*,*,#2003,.F.);
#2893=ORIENTED_EDGE('',*,*,#1955,.F.);
#2894=ORIENTED_EDGE('',*,*,#1800,.T.);
#2895=ORIENTED_EDGE('',*,*,#1956,.F.);
#2896=ORIENTED_EDGE('',*,*,#2004,.T.);
#2897=ORIENTED_EDGE('',*,*,#1755,.F.);
#2898=ORIENTED_EDGE('',*,*,#2004,.F.);
#2899=ORIENTED_EDGE('',*,*,#1980,.F.);
#2900=ORIENTED_EDGE('',*,*,#2005,.T.);
#2901=ORIENTED_EDGE('',*,*,#1945,.F.);
#2902=ORIENTED_EDGE('',*,*,#1939,.F.);
#2903=ORIENTED_EDGE('',*,*,#1908,.F.);
#2904=ORIENTED_EDGE('',*,*,#1911,.T.);
#2905=ORIENTED_EDGE('',*,*,#1901,.F.);
#2906=ORIENTED_EDGE('',*,*,#1896,.F.);
#2907=ORIENTED_EDGE('',*,*,#1893,.F.);
#2908=ORIENTED_EDGE('',*,*,#1943,.T.);
#2909=ORIENTED_EDGE('',*,*,#1946,.F.);
#2910=ORIENTED_EDGE('',*,*,#2005,.F.);
#2911=ORIENTED_EDGE('',*,*,#1976,.F.);
#2912=ORIENTED_EDGE('',*,*,#1992,.T.);
#2913=ORIENTED_EDGE('',*,*,#1977,.F.);
#2914=ORIENTED_EDGE('',*,*,#2006,.T.);
#2915=ORIENTED_EDGE('',*,*,#1757,.F.);
#2916=ORIENTED_EDGE('',*,*,#2006,.F.);
#2917=ORIENTED_EDGE('',*,*,#1983,.F.);
#2918=ORIENTED_EDGE('',*,*,#2007,.T.);
#2919=ORIENTED_EDGE('',*,*,#1758,.F.);
#2920=ORIENTED_EDGE('',*,*,#2007,.F.);
#2921=ORIENTED_EDGE('',*,*,#1971,.F.);
#2922=ORIENTED_EDGE('',*,*,#1996,.T.);
#2923=ORIENTED_EDGE('',*,*,#1972,.F.);
#2924=ORIENTED_EDGE('',*,*,#2008,.T.);
#2925=ORIENTED_EDGE('',*,*,#1759,.F.);
#2926=ORIENTED_EDGE('',*,*,#2008,.F.);
#2927=ORIENTED_EDGE('',*,*,#1982,.F.);
#2928=ORIENTED_EDGE('',*,*,#2009,.T.);
#2929=ORIENTED_EDGE('',*,*,#1760,.F.);
#2930=ORIENTED_EDGE('',*,*,#2009,.F.);
#2931=ORIENTED_EDGE('',*,*,#2010,.T.);
#2932=ORIENTED_EDGE('',*,*,#1739,.F.);
#2933=ORIENTED_EDGE('',*,*,#2011,.T.);
#2934=ORIENTED_EDGE('',*,*,#1967,.F.);
#2935=ORIENTED_EDGE('',*,*,#1986,.T.);
#2936=ORIENTED_EDGE('',*,*,#1733,.F.);
#2937=ORIENTED_EDGE('',*,*,#2012,.F.);
#2938=ORIENTED_EDGE('',*,*,#1950,.F.);
#2939=ORIENTED_EDGE('',*,*,#2013,.T.);
#2940=ORIENTED_EDGE('',*,*,#1964,.F.);
#2941=ORIENTED_EDGE('',*,*,#2014,.T.);
#2942=ORIENTED_EDGE('',*,*,#1753,.F.);
#2943=ORIENTED_EDGE('',*,*,#1987,.T.);
#2944=ORIENTED_EDGE('',*,*,#1951,.F.);
#2945=ORIENTED_EDGE('',*,*,#2012,.T.);
#2946=ORIENTED_EDGE('',*,*,#1732,.F.);
#2947=ORIENTED_EDGE('',*,*,#1738,.F.);
#2948=ORIENTED_EDGE('',*,*,#1770,.F.);
#2949=ORIENTED_EDGE('',*,*,#1968,.F.);
#2950=ORIENTED_EDGE('',*,*,#2011,.F.);
#2951=ORIENTED_EDGE('',*,*,#1740,.F.);
#2952=ORIENTED_EDGE('',*,*,#2010,.F.);
#2953=ORIENTED_EDGE('',*,*,#1966,.F.);
#2954=ORIENTED_EDGE('',*,*,#1961,.F.);
#2955=ORIENTED_EDGE('',*,*,#1754,.F.);
#2956=ORIENTED_EDGE('',*,*,#2014,.F.);
#2957=ORIENTED_EDGE('',*,*,#1963,.F.);
#2958=ORIENTED_EDGE('',*,*,#1728,.F.);
#2959=ORIENTED_EDGE('',*,*,#1752,.F.);
#2960=ORIENTED_EDGE('',*,*,#1932,.F.);
#2961=ORIENTED_EDGE('',*,*,#1965,.F.);
#2962=ORIENTED_EDGE('',*,*,#2013,.F.);
#2963=CYLINDRICAL_SURFACE('',#3197,0.950000000000001);
#2964=CYLINDRICAL_SURFACE('',#3202,0.950000000000001);
#2965=CYLINDRICAL_SURFACE('',#3207,0.950000000000001);
#2966=CYLINDRICAL_SURFACE('',#3212,0.950000000000001);
#2967=CYLINDRICAL_SURFACE('',#3217,0.950000000000001);
#2968=CYLINDRICAL_SURFACE('',#3222,0.950000000000001);
#2969=CYLINDRICAL_SURFACE('',#3248,0.950000000000001);
#2970=CYLINDRICAL_SURFACE('',#3253,0.950000000000001);
#2971=CYLINDRICAL_SURFACE('',#3258,0.950000000000001);
#2972=CYLINDRICAL_SURFACE('',#3263,0.950000000000001);
#2973=CYLINDRICAL_SURFACE('',#3268,0.950000000000001);
#2974=CYLINDRICAL_SURFACE('',#3273,0.950000000000001);
#2975=CYLINDRICAL_SURFACE('',#3278,0.950000000000001);
#2976=CYLINDRICAL_SURFACE('',#3303,0.950000000000001);
#2977=CYLINDRICAL_SURFACE('',#3339,1.45);
#2978=CYLINDRICAL_SURFACE('',#3341,1.);
#2979=CYLINDRICAL_SURFACE('',#3357,1.);
#2980=CYLINDRICAL_SURFACE('',#3358,1.);
#2981=CYLINDRICAL_SURFACE('',#3359,1.);
#2982=CYLINDRICAL_SURFACE('',#3366,1.);
#2983=CYLINDRICAL_SURFACE('',#3370,1.);
#2984=CYLINDRICAL_SURFACE('',#3372,1.);
#2985=CYLINDRICAL_SURFACE('',#3375,1.);
#2986=CYLINDRICAL_SURFACE('',#3378,1.);
#2987=CYLINDRICAL_SURFACE('',#3380,0.7);
#2988=CYLINDRICAL_SURFACE('',#3391,0.7);
#2989=CYLINDRICAL_SURFACE('',#3402,1.);
#2990=CYLINDRICAL_SURFACE('',#3406,1.);
#2991=CYLINDRICAL_SURFACE('',#3417,1.);
#2992=CYLINDRICAL_SURFACE('',#3420,1.375);
#2993=CYLINDRICAL_SURFACE('',#3424,1.);
#2994=CYLINDRICAL_SURFACE('',#3426,1.);
#2995=CYLINDRICAL_SURFACE('',#3431,1.45);
#2996=CYLINDRICAL_SURFACE('',#3446,1.);
#2997=CYLINDRICAL_SURFACE('',#3447,1.);
#2998=CYLINDRICAL_SURFACE('',#3448,1.75);
#2999=CYLINDRICAL_SURFACE('',#3465,3.27);
#3000=CYLINDRICAL_SURFACE('',#3466,3.27);
#3001=CYLINDRICAL_SURFACE('',#3471,1.);
#3002=CYLINDRICAL_SURFACE('',#3474,1.);
#3003=CYLINDRICAL_SURFACE('',#3484,1.275);
#3004=CYLINDRICAL_SURFACE('',#3485,1.275);
#3005=CYLINDRICAL_SURFACE('',#3486,1.375);
#3006=CYLINDRICAL_SURFACE('',#3487,1.275);
#3007=CYLINDRICAL_SURFACE('',#3488,1.275);
#3008=CYLINDRICAL_SURFACE('',#3489,1.275);
#3009=CYLINDRICAL_SURFACE('',#3490,1.275);
#3010=CYLINDRICAL_SURFACE('',#3491,3.37);
#3011=CYLINDRICAL_SURFACE('',#3492,3.37);
#3012=CYLINDRICAL_SURFACE('',#3493,3.37);
#3013=CYLINDRICAL_SURFACE('',#3494,3.37);
#3014=ADVANCED_FACE('',(#219),#2963,.F.);
#3015=ADVANCED_FACE('',(#220),#2964,.F.);
#3016=ADVANCED_FACE('',(#221),#2965,.F.);
#3017=ADVANCED_FACE('',(#222),#2966,.F.);
#3018=ADVANCED_FACE('',(#223),#2967,.F.);
#3019=ADVANCED_FACE('',(#224),#2968,.F.);
#3020=ADVANCED_FACE('',(#225),#119,.T.);
#3021=ADVANCED_FACE('',(#226),#120,.T.);
#3022=ADVANCED_FACE('',(#227),#121,.T.);
#3023=ADVANCED_FACE('',(#228),#122,.T.);
#3024=ADVANCED_FACE('',(#229),#123,.T.);
#3025=ADVANCED_FACE('',(#230),#124,.T.);
#3026=ADVANCED_FACE('',(#231),#125,.T.);
#3027=ADVANCED_FACE('',(#232),#126,.T.);
#3028=ADVANCED_FACE('',(#233),#127,.T.);
#3029=ADVANCED_FACE('',(#234),#128,.T.);
#3030=ADVANCED_FACE('',(#235),#129,.T.);
#3031=ADVANCED_FACE('',(#236),#130,.T.);
#3032=ADVANCED_FACE('',(#237),#131,.T.);
#3033=ADVANCED_FACE('',(#238),#132,.T.);
#3034=ADVANCED_FACE('',(#239),#133,.T.);
#3035=ADVANCED_FACE('',(#240),#134,.T.);
#3036=ADVANCED_FACE('',(#241),#135,.T.);
#3037=ADVANCED_FACE('',(#242),#136,.T.);
#3038=ADVANCED_FACE('',(#243),#137,.T.);
#3039=ADVANCED_FACE('',(#244),#2969,.F.);
#3040=ADVANCED_FACE('',(#245),#138,.T.);
#3041=ADVANCED_FACE('',(#246),#139,.T.);
#3042=ADVANCED_FACE('',(#247),#2970,.F.);
#3043=ADVANCED_FACE('',(#248),#2971,.F.);
#3044=ADVANCED_FACE('',(#249),#2972,.F.);
#3045=ADVANCED_FACE('',(#250),#2973,.F.);
#3046=ADVANCED_FACE('',(#251),#2974,.F.);
#3047=ADVANCED_FACE('',(#252),#2975,.F.);
#3048=ADVANCED_FACE('',(#253),#140,.T.);
#3049=ADVANCED_FACE('',(#254),#141,.T.);
#3050=ADVANCED_FACE('',(#255),#142,.T.);
#3051=ADVANCED_FACE('',(#256),#143,.T.);
#3052=ADVANCED_FACE('',(#257),#144,.T.);
#3053=ADVANCED_FACE('',(#258),#145,.T.);
#3054=ADVANCED_FACE('',(#259),#146,.T.);
#3055=ADVANCED_FACE('',(#260),#147,.T.);
#3056=ADVANCED_FACE('',(#261),#148,.T.);
#3057=ADVANCED_FACE('',(#262),#149,.T.);
#3058=ADVANCED_FACE('',(#263),#150,.T.);
#3059=ADVANCED_FACE('',(#264),#151,.T.);
#3060=ADVANCED_FACE('',(#265),#152,.T.);
#3061=ADVANCED_FACE('',(#266),#153,.T.);
#3062=ADVANCED_FACE('',(#267),#154,.T.);
#3063=ADVANCED_FACE('',(#268),#155,.T.);
#3064=ADVANCED_FACE('',(#269),#156,.T.);
#3065=ADVANCED_FACE('',(#270),#157,.T.);
#3066=ADVANCED_FACE('',(#271),#2976,.F.);
#3067=ADVANCED_FACE('',(#272),#158,.T.);
#3068=ADVANCED_FACE('',(#273),#159,.T.);
#3069=ADVANCED_FACE('',(#274),#160,.T.);
#3070=ADVANCED_FACE('',(#275),#161,.T.);
#3071=ADVANCED_FACE('',(#276),#162,.T.);
#3072=ADVANCED_FACE('',(#277),#163,.T.);
#3073=ADVANCED_FACE('',(#278),#164,.T.);
#3074=ADVANCED_FACE('',(#279),#165,.T.);
#3075=ADVANCED_FACE('',(#280),#166,.T.);
#3076=ADVANCED_FACE('',(#281),#167,.T.);
#3077=ADVANCED_FACE('',(#282),#168,.T.);
#3078=ADVANCED_FACE('',(#283),#169,.T.);
#3079=ADVANCED_FACE('',(#284),#170,.T.);
#3080=ADVANCED_FACE('',(#285),#171,.F.);
#3081=ADVANCED_FACE('',(#286),#172,.F.);
#3082=ADVANCED_FACE('',(#287),#173,.F.);
#3083=ADVANCED_FACE('',(#288),#174,.F.);
#3084=ADVANCED_FACE('',(#289),#175,.F.);
#3085=ADVANCED_FACE('',(#290),#40,.T.);
#3086=ADVANCED_FACE('',(#291),#41,.T.);
#3087=ADVANCED_FACE('',(#292,#25,#26,#27,#28,#29,#30,#31,#32,#33),#176,
 .T.);
#3088=ADVANCED_FACE('',(#293),#42,.T.);
#3089=ADVANCED_FACE('',(#294),#43,.T.);
#3090=ADVANCED_FACE('',(#295),#2977,.F.);
#3091=ADVANCED_FACE('',(#296),#2978,.T.);
#3092=ADVANCED_FACE('',(#297),#23,.T.);
#3093=ADVANCED_FACE('',(#298),#177,.T.);
#3094=ADVANCED_FACE('',(#299),#178,.F.);
#3095=ADVANCED_FACE('',(#300),#179,.T.);
#3096=ADVANCED_FACE('',(#301),#24,.T.);
#3097=ADVANCED_FACE('',(#302),#2979,.T.);
#3098=ADVANCED_FACE('',(#303),#2980,.F.);
#3099=ADVANCED_FACE('',(#304),#2981,.T.);
#3100=ADVANCED_FACE('',(#305),#180,.T.);
#3101=ADVANCED_FACE('',(#306),#181,.T.);
#3102=ADVANCED_FACE('',(#307),#2982,.T.);
#3103=ADVANCED_FACE('',(#308),#44,.F.);
#3104=ADVANCED_FACE('',(#309),#2983,.F.);
#3105=ADVANCED_FACE('',(#310),#2984,.F.);
#3106=ADVANCED_FACE('',(#311),#182,.T.);
#3107=ADVANCED_FACE('',(#312),#2985,.T.);
#3108=ADVANCED_FACE('',(#313),#45,.F.);
#3109=ADVANCED_FACE('',(#314),#2986,.F.);
#3110=ADVANCED_FACE('',(#315),#2987,.F.);
#3111=ADVANCED_FACE('',(#316),#183,.F.);
#3112=ADVANCED_FACE('',(#317),#184,.F.);
#3113=ADVANCED_FACE('',(#318),#185,.T.);
#3114=ADVANCED_FACE('',(#319),#186,.T.);
#3115=ADVANCED_FACE('',(#320),#187,.F.);
#3116=ADVANCED_FACE('',(#321),#188,.T.);
#3117=ADVANCED_FACE('',(#322),#2988,.F.);
#3118=ADVANCED_FACE('',(#323),#189,.F.);
#3119=ADVANCED_FACE('',(#324),#190,.F.);
#3120=ADVANCED_FACE('',(#325),#191,.T.);
#3121=ADVANCED_FACE('',(#326),#192,.T.);
#3122=ADVANCED_FACE('',(#327),#193,.F.);
#3123=ADVANCED_FACE('',(#328),#194,.T.);
#3124=ADVANCED_FACE('',(#329),#2989,.F.);
#3125=ADVANCED_FACE('',(#330),#15,.T.);
#3126=ADVANCED_FACE('',(#331),#195,.T.);
#3127=ADVANCED_FACE('',(#332),#2990,.F.);
#3128=ADVANCED_FACE('',(#333),#16,.T.);
#3129=ADVANCED_FACE('',(#334),#17,.T.);
#3130=ADVANCED_FACE('',(#335,#34),#196,.T.);
#3131=ADVANCED_FACE('',(#336),#2991,.F.);
#3132=ADVANCED_FACE('',(#337),#18,.T.);
#3133=ADVANCED_FACE('',(#338),#2992,.F.);
#3134=ADVANCED_FACE('',(#339),#2993,.F.);
#3135=ADVANCED_FACE('',(#340),#2994,.F.);
#3136=ADVANCED_FACE('',(#341),#197,.T.);
#3137=ADVANCED_FACE('',(#342),#46,.T.);
#3138=ADVANCED_FACE('',(#343),#198,.T.);
#3139=ADVANCED_FACE('',(#344),#199,.T.);
#3140=ADVANCED_FACE('',(#345),#2995,.F.);
#3141=ADVANCED_FACE('',(#346),#200,.T.);
#3142=ADVANCED_FACE('',(#347),#201,.T.);
#3143=ADVANCED_FACE('',(#348),#202,.T.);
#3144=ADVANCED_FACE('',(#349),#203,.T.);
#3145=ADVANCED_FACE('',(#350),#204,.T.);
#3146=ADVANCED_FACE('',(#351),#2996,.T.);
#3147=ADVANCED_FACE('',(#352),#2997,.T.);
#3148=ADVANCED_FACE('',(#353),#2998,.F.);
#3149=ADVANCED_FACE('',(#354),#47,.T.);
#3150=ADVANCED_FACE('',(#355,#35,#36,#37,#38,#39),#205,.T.);
#3151=ADVANCED_FACE('',(#356),#2999,.F.);
#3152=ADVANCED_FACE('',(#357),#3000,.F.);
#3153=ADVANCED_FACE('',(#358),#206,.T.);
#3154=ADVANCED_FACE('',(#359),#207,.T.);
#3155=ADVANCED_FACE('',(#360),#208,.T.);
#3156=ADVANCED_FACE('',(#361),#209,.T.);
#3157=ADVANCED_FACE('',(#362),#3001,.F.);
#3158=ADVANCED_FACE('',(#363),#210,.T.);
#3159=ADVANCED_FACE('',(#364),#3002,.F.);
#3160=ADVANCED_FACE('',(#365),#211,.T.);
#3161=ADVANCED_FACE('',(#366),#212,.T.);
#3162=ADVANCED_FACE('',(#367),#213,.T.);
#3163=ADVANCED_FACE('',(#368),#214,.T.);
#3164=ADVANCED_FACE('',(#369),#215,.T.);
#3165=ADVANCED_FACE('',(#370),#216,.T.);
#3166=ADVANCED_FACE('',(#371),#217,.T.);
#3167=ADVANCED_FACE('',(#372),#218,.T.);
#3168=ADVANCED_FACE('',(#373),#3003,.F.);
#3169=ADVANCED_FACE('',(#374),#3004,.F.);
#3170=ADVANCED_FACE('',(#375),#3005,.F.);
#3171=ADVANCED_FACE('',(#376),#3006,.F.);
#3172=ADVANCED_FACE('',(#377),#3007,.F.);
#3173=ADVANCED_FACE('',(#378),#3008,.F.);
#3174=ADVANCED_FACE('',(#379),#3009,.F.);
#3175=ADVANCED_FACE('',(#380),#48,.T.);
#3176=ADVANCED_FACE('',(#381),#49,.T.);
#3177=ADVANCED_FACE('',(#382),#50,.T.);
#3178=ADVANCED_FACE('',(#383),#51,.T.);
#3179=ADVANCED_FACE('',(#384),#3010,.F.);
#3180=ADVANCED_FACE('',(#385),#3011,.F.);
#3181=ADVANCED_FACE('',(#386),#3012,.F.);
#3182=ADVANCED_FACE('',(#387),#3013,.F.);
#3183=CLOSED_SHELL('',(#3014,#3015,#3016,#3017,#3018,#3019,#3020,#3021,
#3022,#3023,#3024,#3025,#3026,#3027,#3028,#3029,#3030,#3031,#3032,#3033,
#3034,#3035,#3036,#3037,#3038,#3039,#3040,#3041,#3042,#3043,#3044,#3045,
#3046,#3047,#3048,#3049,#3050,#3051,#3052,#3053,#3054,#3055,#3056,#3057,
#3058,#3059,#3060,#3061,#3062,#3063,#3064,#3065,#3066,#3067,#3068,#3069,
#3070,#3071,#3072,#3073,#3074,#3075,#3076,#3077,#3078,#3079,#3080,#3081,
#3082,#3083,#3084,#3085,#3086,#3087,#3088,#3089,#3090,#3091,#3092,#3093,
#3094,#3095,#3096,#3097,#3098,#3099,#3100,#3101,#3102,#3103,#3104,#3105,
#3106,#3107,#3108,#3109,#3110,#3111,#3112,#3113,#3114,#3115,#3116,#3117,
#3118,#3119,#3120,#3121,#3122,#3123,#3124,#3125,#3126,#3127,#3128,#3129,
#3130,#3131,#3132,#3133,#3134,#3135,#3136,#3137,#3138,#3139,#3140,#3141,
#3142,#3143,#3144,#3145,#3146,#3147,#3148,#3149,#3150,#3151,#3152,#3153,
#3154,#3155,#3156,#3157,#3158,#3159,#3160,#3161,#3162,#3163,#3164,#3165,
#3166,#3167,#3168,#3169,#3170,#3171,#3172,#3173,#3174,#3175,#3176,#3177,
#3178,#3179,#3180,#3181,#3182));
#3184=DERIVED_UNIT_ELEMENT(#3186,1.);
#3185=DERIVED_UNIT_ELEMENT(#6291,-3.);
#3186=(
MASS_UNIT()
NAMED_UNIT(*)
SI_UNIT(.KILO.,.GRAM.)
);
#3187=DERIVED_UNIT((#3184,#3185));
#3188=MEASURE_REPRESENTATION_ITEM('density measure',
POSITIVE_RATIO_MEASURE(7850.),#3187);
#3189=PROPERTY_DEFINITION_REPRESENTATION(#3194,#3191);
#3190=PROPERTY_DEFINITION_REPRESENTATION(#3195,#3192);
#3191=REPRESENTATION('material name',(#3193),#6288);
#3192=REPRESENTATION('density',(#3188),#6288);
#3193=DESCRIPTIVE_REPRESENTATION_ITEM('Steel','Steel');
#3194=PROPERTY_DEFINITION('material property','material name',#6298);
#3195=PROPERTY_DEFINITION('material property','density of part',#6298);
#3196=AXIS2_PLACEMENT_3D('',#4355,#3495,#3496);
#3197=AXIS2_PLACEMENT_3D('',#4356,#3497,#3498);
#3198=AXIS2_PLACEMENT_3D('',#4361,#3500,#3501);
#3199=AXIS2_PLACEMENT_3D('',#4363,#3502,#3503);
#3200=AXIS2_PLACEMENT_3D('',#4367,#3505,#3506);
#3201=AXIS2_PLACEMENT_3D('',#4368,#3507,#3508);
#3202=AXIS2_PLACEMENT_3D('',#4369,#3509,#3510);
#3203=AXIS2_PLACEMENT_3D('',#4374,#3512,#3513);
#3204=AXIS2_PLACEMENT_3D('',#4376,#3514,#3515);
#3205=AXIS2_PLACEMENT_3D('',#4380,#3517,#3518);
#3206=AXIS2_PLACEMENT_3D('',#4381,#3519,#3520);
#3207=AXIS2_PLACEMENT_3D('',#4382,#3521,#3522);
#3208=AXIS2_PLACEMENT_3D('',#4387,#3524,#3525);
#3209=AXIS2_PLACEMENT_3D('',#4389,#3526,#3527);
#3210=AXIS2_PLACEMENT_3D('',#4393,#3529,#3530);
#3211=AXIS2_PLACEMENT_3D('',#4394,#3531,#3532);
#3212=AXIS2_PLACEMENT_3D('',#4395,#3533,#3534);
#3213=AXIS2_PLACEMENT_3D('',#4400,#3536,#3537);
#3214=AXIS2_PLACEMENT_3D('',#4402,#3538,#3539);
#3215=AXIS2_PLACEMENT_3D('',#4406,#3541,#3542);
#3216=AXIS2_PLACEMENT_3D('',#4407,#3543,#3544);
#3217=AXIS2_PLACEMENT_3D('',#4408,#3545,#3546);
#3218=AXIS2_PLACEMENT_3D('',#4413,#3548,#3549);
#3219=AXIS2_PLACEMENT_3D('',#4415,#3550,#3551);
#3220=AXIS2_PLACEMENT_3D('',#4419,#3553,#3554);
#3221=AXIS2_PLACEMENT_3D('',#4420,#3555,#3556);
#3222=AXIS2_PLACEMENT_3D('',#4421,#3557,#3558);
#3223=AXIS2_PLACEMENT_3D('',#4426,#3560,#3561);
#3224=AXIS2_PLACEMENT_3D('',#4428,#3562,#3563);
#3225=AXIS2_PLACEMENT_3D('',#4432,#3565,#3566);
#3226=AXIS2_PLACEMENT_3D('',#4433,#3567,#3568);
#3227=AXIS2_PLACEMENT_3D('',#4434,#3569,#3570);
#3228=AXIS2_PLACEMENT_3D('',#4438,#3572,#3573);
#3229=AXIS2_PLACEMENT_3D('',#4440,#3575,#3576);
#3230=AXIS2_PLACEMENT_3D('',#4443,#3579,#3580);
#3231=AXIS2_PLACEMENT_3D('',#4446,#3583,#3584);
#3232=AXIS2_PLACEMENT_3D('',#4449,#3587,#3588);
#3233=AXIS2_PLACEMENT_3D('',#4452,#3591,#3592);
#3234=AXIS2_PLACEMENT_3D('',#4455,#3595,#3596);
#3235=AXIS2_PLACEMENT_3D('',#4461,#3600,#3601);
#3236=AXIS2_PLACEMENT_3D('',#4465,#3603,#3604);
#3237=AXIS2_PLACEMENT_3D('',#4467,#3606,#3607);
#3238=AXIS2_PLACEMENT_3D('',#4470,#3610,#3611);
#3239=AXIS2_PLACEMENT_3D('',#4473,#3614,#3615);
#3240=AXIS2_PLACEMENT_3D('',#4476,#3618,#3619);
#3241=AXIS2_PLACEMENT_3D('',#4479,#3622,#3623);
#3242=AXIS2_PLACEMENT_3D('',#4482,#3626,#3627);
#3243=AXIS2_PLACEMENT_3D('',#4484,#3629,#3630);
#3244=AXIS2_PLACEMENT_3D('',#4485,#3631,#3632);
#3245=AXIS2_PLACEMENT_3D('',#4486,#3633,#3634);
#3246=AXIS2_PLACEMENT_3D('',#4487,#3635,#3636);
#3247=AXIS2_PLACEMENT_3D('',#4488,#3637,#3638);
#3248=AXIS2_PLACEMENT_3D('',#4489,#3639,#3640);
#3249=AXIS2_PLACEMENT_3D('',#4493,#3642,#3643);
#3250=AXIS2_PLACEMENT_3D('',#4494,#3644,#3645);
#3251=AXIS2_PLACEMENT_3D('',#4495,#3646,#3647);
#3252=AXIS2_PLACEMENT_3D('',#4501,#3651,#3652);
#3253=AXIS2_PLACEMENT_3D('',#4503,#3654,#3655);
#3254=AXIS2_PLACEMENT_3D('',#4508,#3657,#3658);
#3255=AXIS2_PLACEMENT_3D('',#4510,#3659,#3660);
#3256=AXIS2_PLACEMENT_3D('',#4514,#3662,#3663);
#3257=AXIS2_PLACEMENT_3D('',#4515,#3664,#3665);
#3258=AXIS2_PLACEMENT_3D('',#4516,#3666,#3667);
#3259=AXIS2_PLACEMENT_3D('',#4521,#3669,#3670);
#3260=AXIS2_PLACEMENT_3D('',#4523,#3671,#3672);
#3261=AXIS2_PLACEMENT_3D('',#4527,#3674,#3675);
#3262=AXIS2_PLACEMENT_3D('',#4528,#3676,#3677);
#3263=AXIS2_PLACEMENT_3D('',#4529,#3678,#3679);
#3264=AXIS2_PLACEMENT_3D('',#4534,#3681,#3682);
#3265=AXIS2_PLACEMENT_3D('',#4536,#3683,#3684);
#3266=AXIS2_PLACEMENT_3D('',#4540,#3686,#3687);
#3267=AXIS2_PLACEMENT_3D('',#4541,#3688,#3689);
#3268=AXIS2_PLACEMENT_3D('',#4542,#3690,#3691);
#3269=AXIS2_PLACEMENT_3D('',#4547,#3693,#3694);
#3270=AXIS2_PLACEMENT_3D('',#4549,#3695,#3696);
#3271=AXIS2_PLACEMENT_3D('',#4553,#3698,#3699);
#3272=AXIS2_PLACEMENT_3D('',#4554,#3700,#3701);
#3273=AXIS2_PLACEMENT_3D('',#4555,#3702,#3703);
#3274=AXIS2_PLACEMENT_3D('',#4560,#3705,#3706);
#3275=AXIS2_PLACEMENT_3D('',#4562,#3707,#3708);
#3276=AXIS2_PLACEMENT_3D('',#4566,#3710,#3711);
#3277=AXIS2_PLACEMENT_3D('',#4567,#3712,#3713);
#3278=AXIS2_PLACEMENT_3D('',#4568,#3714,#3715);
#3279=AXIS2_PLACEMENT_3D('',#4573,#3717,#3718);
#3280=AXIS2_PLACEMENT_3D('',#4575,#3719,#3720);
#3281=AXIS2_PLACEMENT_3D('',#4579,#3722,#3723);
#3282=AXIS2_PLACEMENT_3D('',#4580,#3724,#3725);
#3283=AXIS2_PLACEMENT_3D('',#4581,#3726,#3727);
#3284=AXIS2_PLACEMENT_3D('',#4585,#3729,#3730);
#3285=AXIS2_PLACEMENT_3D('',#4587,#3732,#3733);
#3286=AXIS2_PLACEMENT_3D('',#4590,#3736,#3737);
#3287=AXIS2_PLACEMENT_3D('',#4593,#3740,#3741);
#3288=AXIS2_PLACEMENT_3D('',#4596,#3744,#3745);
#3289=AXIS2_PLACEMENT_3D('',#4599,#3748,#3749);
#3290=AXIS2_PLACEMENT_3D('',#4602,#3752,#3753);
#3291=AXIS2_PLACEMENT_3D('',#4606,#3756,#3757);
#3292=AXIS2_PLACEMENT_3D('',#4608,#3759,#3760);
#3293=AXIS2_PLACEMENT_3D('',#4610,#3762,#3763);
#3294=AXIS2_PLACEMENT_3D('',#4612,#3765,#3766);
#3295=AXIS2_PLACEMENT_3D('',#4614,#3768,#3769);
#3296=AXIS2_PLACEMENT_3D('',#4616,#3771,#3772);
#3297=AXIS2_PLACEMENT_3D('',#4619,#3774,#3775);
#3298=AXIS2_PLACEMENT_3D('',#4620,#3776,#3777);
#3299=AXIS2_PLACEMENT_3D('',#4622,#3779,#3780);
#3300=AXIS2_PLACEMENT_3D('',#4624,#3782,#3783);
#3301=AXIS2_PLACEMENT_3D('',#4626,#3785,#3786);
#3302=AXIS2_PLACEMENT_3D('',#4628,#3788,#3789);
#3303=AXIS2_PLACEMENT_3D('',#4630,#3791,#3792);
#3304=AXIS2_PLACEMENT_3D('',#4632,#3793,#3794);
#3305=AXIS2_PLACEMENT_3D('',#4635,#3796,#3797);
#3306=AXIS2_PLACEMENT_3D('',#4636,#3798,#3799);
#3307=AXIS2_PLACEMENT_3D('',#4642,#3803,#3804);
#3308=AXIS2_PLACEMENT_3D('',#4646,#3807,#3808);
#3309=AXIS2_PLACEMENT_3D('',#4650,#3811,#3812);
#3310=AXIS2_PLACEMENT_3D('',#4656,#3816,#3817);
#3311=AXIS2_PLACEMENT_3D('',#4658,#3819,#3820);
#3312=AXIS2_PLACEMENT_3D('',#4664,#3824,#3825);
#3313=AXIS2_PLACEMENT_3D('',#4667,#3828,#3829);
#3314=AXIS2_PLACEMENT_3D('',#4668,#3830,#3831);
#3315=AXIS2_PLACEMENT_3D('',#4674,#3835,#3836);
#3316=AXIS2_PLACEMENT_3D('',#4676,#3838,#3839);
#3317=AXIS2_PLACEMENT_3D('',#4682,#3843,#3844);
#3318=AXIS2_PLACEMENT_3D('',#4685,#3847,#3848);
#3319=AXIS2_PLACEMENT_3D('',#4686,#3849,#3850);
#3320=AXIS2_PLACEMENT_3D('',#4699,#3853,#3854);
#3321=AXIS2_PLACEMENT_3D('',#4711,#3858,#3859);
#3322=AXIS2_PLACEMENT_3D('',#4722,#3863,#3864);
#3323=AXIS2_PLACEMENT_3D('',#4734,#3868,#3869);
#3324=AXIS2_PLACEMENT_3D('',#4851,#3873,#3874);
#3325=AXIS2_PLACEMENT_3D('',#4852,#3875,#3876);
#3326=AXIS2_PLACEMENT_3D('',#4854,#3877,#3878);
#3327=AXIS2_PLACEMENT_3D('',#4874,#3879,#3880);
#3328=AXIS2_PLACEMENT_3D('',#4881,#3881,#3882);
#3329=AXIS2_PLACEMENT_3D('',#4890,#3883,#3884);
#3330=AXIS2_PLACEMENT_3D('',#4899,#3885,#3886);
#3331=AXIS2_PLACEMENT_3D('',#4929,#3896,#3897);
#3332=AXIS2_PLACEMENT_3D('',#4937,#3898,#3899);
#3333=AXIS2_PLACEMENT_3D('',#4939,#3900,#3901);
#3334=AXIS2_PLACEMENT_3D('',#4941,#3902,#3903);
#3335=AXIS2_PLACEMENT_3D('',#4943,#3904,#3905);
#3336=AXIS2_PLACEMENT_3D('',#4945,#3906,#3907);
#3337=AXIS2_PLACEMENT_3D('',#4947,#3908,#3909);
#3338=AXIS2_PLACEMENT_3D('',#4949,#3910,#3911);
#3339=AXIS2_PLACEMENT_3D('',#5057,#3920,#3921);
#3340=AXIS2_PLACEMENT_3D('',#5058,#3922,#3923);
#3341=AXIS2_PLACEMENT_3D('',#5059,#3924,#3925);
#3342=AXIS2_PLACEMENT_3D('',#5062,#3926,#3927);
#3343=AXIS2_PLACEMENT_3D('',#5066,#3929,#3930);
#3344=AXIS2_PLACEMENT_3D('',#5068,#3932,#3933);
#3345=AXIS2_PLACEMENT_3D('',#5077,#3934,#3935);
#3346=AXIS2_PLACEMENT_3D('',#5078,#3936,#3937);
#3347=AXIS2_PLACEMENT_3D('',#5079,#3938,#3939);
#3348=AXIS2_PLACEMENT_3D('',#5085,#3943,#3944);
#3349=AXIS2_PLACEMENT_3D('',#5089,#3946,#3947);
#3350=AXIS2_PLACEMENT_3D('',#5093,#3949,#3950);
#3351=AXIS2_PLACEMENT_3D('',#5100,#3954,#3955);
#3352=AXIS2_PLACEMENT_3D('',#5101,#3956,#3957);
#3353=AXIS2_PLACEMENT_3D('',#5105,#3960,#3961);
#3354=AXIS2_PLACEMENT_3D('',#5107,#3962,#3963);
#3355=AXIS2_PLACEMENT_3D('',#5109,#3964,#3965);
#3356=AXIS2_PLACEMENT_3D('',#5117,#3966,#3967);
#3357=AXIS2_PLACEMENT_3D('',#5118,#3968,#3969);
#3358=AXIS2_PLACEMENT_3D('',#5120,#3971,#3972);
#3359=AXIS2_PLACEMENT_3D('',#5180,#3976,#3977);
#3360=AXIS2_PLACEMENT_3D('',#5183,#3978,#3979);
#3361=AXIS2_PLACEMENT_3D('',#5187,#3981,#3982);
#3362=AXIS2_PLACEMENT_3D('',#5189,#3984,#3985);
#3363=AXIS2_PLACEMENT_3D('',#5193,#3987,#3988);
#3364=AXIS2_PLACEMENT_3D('',#5197,#3990,#3991);
#3365=AXIS2_PLACEMENT_3D('',#5199,#3993,#3994);
#3366=AXIS2_PLACEMENT_3D('',#5205,#3998,#3999);
#3367=AXIS2_PLACEMENT_3D('',#5209,#4001,#4002);
#3368=AXIS2_PLACEMENT_3D('',#5242,#4004,#4005);
#3369=AXIS2_PLACEMENT_3D('',#5243,#4006,#4007);
#3370=AXIS2_PLACEMENT_3D('',#5244,#4008,#4009);
#3371=AXIS2_PLACEMENT_3D('',#5248,#4011,#4012);
#3372=AXIS2_PLACEMENT_3D('',#5250,#4014,#4015);
#3373=AXIS2_PLACEMENT_3D('',#5254,#4017,#4018);
#3374=AXIS2_PLACEMENT_3D('',#5256,#4020,#4021);
#3375=AXIS2_PLACEMENT_3D('',#5258,#4023,#4024);
#3376=AXIS2_PLACEMENT_3D('',#5259,#4025,#4026);
#3377=AXIS2_PLACEMENT_3D('',#5290,#4027,#4028);
#3378=AXIS2_PLACEMENT_3D('',#5291,#4029,#4030);
#3379=AXIS2_PLACEMENT_3D('',#5293,#4031,#4032);
#3380=AXIS2_PLACEMENT_3D('',#5295,#4034,#4035);
#3381=AXIS2_PLACEMENT_3D('',#5298,#4036,#4037);
#3382=AXIS2_PLACEMENT_3D('',#5302,#4039,#4040);
#3383=AXIS2_PLACEMENT_3D('',#5304,#4042,#4043);
#3384=AXIS2_PLACEMENT_3D('',#5311,#4047,#4048);
#3385=AXIS2_PLACEMENT_3D('',#5315,#4051,#4052);
#3386=AXIS2_PLACEMENT_3D('',#5319,#4055,#4056);
#3387=AXIS2_PLACEMENT_3D('',#5323,#4059,#4060);
#3388=AXIS2_PLACEMENT_3D('',#5327,#4063,#4064);
#3389=AXIS2_PLACEMENT_3D('',#5331,#4067,#4068);
#3390=AXIS2_PLACEMENT_3D('',#5332,#4069,#4070);
#3391=AXIS2_PLACEMENT_3D('',#5342,#4076,#4077);
#3392=AXIS2_PLACEMENT_3D('',#5345,#4078,#4079);
#3393=AXIS2_PLACEMENT_3D('',#5349,#4081,#4082);
#3394=AXIS2_PLACEMENT_3D('',#5351,#4084,#4085);
#3395=AXIS2_PLACEMENT_3D('',#5358,#4089,#4090);
#3396=AXIS2_PLACEMENT_3D('',#5362,#4093,#4094);
#3397=AXIS2_PLACEMENT_3D('',#5366,#4097,#4098);
#3398=AXIS2_PLACEMENT_3D('',#5370,#4101,#4102);
#3399=AXIS2_PLACEMENT_3D('',#5374,#4105,#4106);
#3400=AXIS2_PLACEMENT_3D('',#5378,#4109,#4110);
#3401=AXIS2_PLACEMENT_3D('',#5379,#4111,#4112);
#3402=AXIS2_PLACEMENT_3D('',#5389,#4118,#4119);
#3403=AXIS2_PLACEMENT_3D('',#5398,#4120,#4121);
#3404=AXIS2_PLACEMENT_3D('',#5454,#4124,#4125);
#3405=AXIS2_PLACEMENT_3D('',#5455,#4126,#4127);
#3406=AXIS2_PLACEMENT_3D('',#5466,#4130,#4131);
#3407=AXIS2_PLACEMENT_3D('',#5469,#4132,#4133);
#3408=AXIS2_PLACEMENT_3D('',#5471,#4134,#4135);
#3409=AXIS2_PLACEMENT_3D('',#5481,#4137,#4138);
#3410=AXIS2_PLACEMENT_3D('',#5503,#4140,#4141);
#3411=AXIS2_PLACEMENT_3D('',#5524,#4142,#4143);
#3412=AXIS2_PLACEMENT_3D('',#5525,#4144,#4145);
#3413=AXIS2_PLACEMENT_3D('',#5526,#4146,#4147);
#3414=AXIS2_PLACEMENT_3D('',#5528,#4148,#4149);
#3415=AXIS2_PLACEMENT_3D('',#5530,#4150,#4151);
#3416=AXIS2_PLACEMENT_3D('',#5557,#4153,#4154);
#3417=AXIS2_PLACEMENT_3D('',#5558,#4155,#4156);
#3418=AXIS2_PLACEMENT_3D('',#5560,#4157,#4158);
#3419=AXIS2_PLACEMENT_3D('',#5562,#4159,#4160);
#3420=AXIS2_PLACEMENT_3D('',#5615,#4162,#4163);
#3421=AXIS2_PLACEMENT_3D('',#5617,#4164,#4165);
#3422=AXIS2_PLACEMENT_3D('',#5621,#4167,#4168);
#3423=AXIS2_PLACEMENT_3D('',#5623,#4170,#4171);
#3424=AXIS2_PLACEMENT_3D('',#5624,#4172,#4173);
#3425=AXIS2_PLACEMENT_3D('',#5626,#4174,#4175);
#3426=AXIS2_PLACEMENT_3D('',#5645,#4177,#4178);
#3427=AXIS2_PLACEMENT_3D('',#5647,#4179,#4180);
#3428=AXIS2_PLACEMENT_3D('',#5681,#4182,#4183);
#3429=AXIS2_PLACEMENT_3D('',#5804,#4188,#4189);
#3430=AXIS2_PLACEMENT_3D('',#5807,#4192,#4193);
#3431=AXIS2_PLACEMENT_3D('',#5810,#4196,#4197);
#3432=AXIS2_PLACEMENT_3D('',#5811,#4198,#4199);
#3433=AXIS2_PLACEMENT_3D('',#5812,#4200,#4201);
#3434=AXIS2_PLACEMENT_3D('',#5821,#4204,#4205);
#3435=AXIS2_PLACEMENT_3D('',#5825,#4208,#4209);
#3436=AXIS2_PLACEMENT_3D('',#5831,#4210,#4211);
#3437=AXIS2_PLACEMENT_3D('',#5832,#4212,#4213);
#3438=AXIS2_PLACEMENT_3D('',#5833,#4214,#4215);
#3439=AXIS2_PLACEMENT_3D('',#5837,#4218,#4219);
#3440=AXIS2_PLACEMENT_3D('',#5839,#4220,#4221);
#3441=AXIS2_PLACEMENT_3D('',#5862,#4222,#4223);
#3442=AXIS2_PLACEMENT_3D('',#5864,#4224,#4225);
#3443=AXIS2_PLACEMENT_3D('',#5865,#4226,#4227);
#3444=AXIS2_PLACEMENT_3D('',#5867,#4228,#4229);
#3445=AXIS2_PLACEMENT_3D('',#5868,#4230,#4231);
#3446=AXIS2_PLACEMENT_3D('',#5869,#4232,#4233);
#3447=AXIS2_PLACEMENT_3D('',#5870,#4234,#4235);
#3448=AXIS2_PLACEMENT_3D('',#5871,#4236,#4237);
#3449=AXIS2_PLACEMENT_3D('',#5873,#4238,#4239);
#3450=AXIS2_PLACEMENT_3D('',#5887,#4240,#4241);
#3451=AXIS2_PLACEMENT_3D('',#5986,#4243,#4244);
#3452=AXIS2_PLACEMENT_3D('',#5988,#4245,#4246);
#3453=AXIS2_PLACEMENT_3D('',#6000,#4247,#4248);
#3454=AXIS2_PLACEMENT_3D('',#6002,#4249,#4250);
#3455=AXIS2_PLACEMENT_3D('',#6017,#4251,#4252);
#3456=AXIS2_PLACEMENT_3D('',#6019,#4253,#4254);
#3457=AXIS2_PLACEMENT_3D('',#6023,#4256,#4257);
#3458=AXIS2_PLACEMENT_3D('',#6025,#4258,#4259);
#3459=AXIS2_PLACEMENT_3D('',#6033,#4263,#4264);
#3460=AXIS2_PLACEMENT_3D('',#6035,#4265,#4266);
#3461=AXIS2_PLACEMENT_3D('',#6038,#4268,#4269);
#3462=AXIS2_PLACEMENT_3D('',#6040,#4270,#4271);
#3463=AXIS2_PLACEMENT_3D('',#6043,#4273,#4274);
#3464=AXIS2_PLACEMENT_3D('',#6045,#4275,#4276);
#3465=AXIS2_PLACEMENT_3D('',#6046,#4277,#4278);
#3466=AXIS2_PLACEMENT_3D('',#6065,#4280,#4281);
#3467=AXIS2_PLACEMENT_3D('',#6084,#4283,#4284);
#3468=AXIS2_PLACEMENT_3D('',#6085,#4285,#4286);
#3469=AXIS2_PLACEMENT_3D('',#6086,#4287,#4288);
#3470=AXIS2_PLACEMENT_3D('',#6088,#4290,#4291);
#3471=AXIS2_PLACEMENT_3D('',#6090,#4293,#4294);
#3472=AXIS2_PLACEMENT_3D('',#6102,#4295,#4296);
#3473=AXIS2_PLACEMENT_3D('',#6104,#4298,#4299);
#3474=AXIS2_PLACEMENT_3D('',#6106,#4301,#4302);
#3475=AXIS2_PLACEMENT_3D('',#6119,#4304,#4305);
#3476=AXIS2_PLACEMENT_3D('',#6120,#4306,#4307);
#3477=AXIS2_PLACEMENT_3D('',#6122,#4309,#4310);
#3478=AXIS2_PLACEMENT_3D('',#6123,#4311,#4312);
#3479=AXIS2_PLACEMENT_3D('',#6125,#4314,#4315);
#3480=AXIS2_PLACEMENT_3D('',#6126,#4316,#4317);
#3481=AXIS2_PLACEMENT_3D('',#6128,#4319,#4320);
#3482=AXIS2_PLACEMENT_3D('',#6130,#4322,#4323);
#3483=AXIS2_PLACEMENT_3D('',#6131,#4324,#4325);
#3484=AXIS2_PLACEMENT_3D('',#6132,#4326,#4327);
#3485=AXIS2_PLACEMENT_3D('',#6134,#4329,#4330);
#3486=AXIS2_PLACEMENT_3D('',#6136,#4332,#4333);
#3487=AXIS2_PLACEMENT_3D('',#6138,#4335,#4336);
#3488=AXIS2_PLACEMENT_3D('',#6140,#4338,#4339);
#3489=AXIS2_PLACEMENT_3D('',#6142,#4341,#4342);
#3490=AXIS2_PLACEMENT_3D('',#6144,#4344,#4345);
#3491=AXIS2_PLACEMENT_3D('',#6282,#4347,#4348);
#3492=AXIS2_PLACEMENT_3D('',#6283,#4349,#4350);
#3493=AXIS2_PLACEMENT_3D('',#6284,#4351,#4352);
#3494=AXIS2_PLACEMENT_3D('',#6285,#4353,#4354);
#3495=DIRECTION('axis',(0.,0.,1.));
#3496=DIRECTION('refdir',(1.,0.,0.));
#3497=DIRECTION('center_axis',(1.,4.44089209850063E-16,0.));
#3498=DIRECTION('ref_axis',(6.48734297056753E-32,-6.12323399573677E-17,
-1.));
#3499=DIRECTION('',(-1.,-4.44089209850063E-16,0.));
#3500=DIRECTION('center_axis',(-1.,0.,0.));
#3501=DIRECTION('ref_axis',(4.44089209850063E-16,-1.,0.));
#3502=DIRECTION('center_axis',(-1.,0.,0.));
#3503=DIRECTION('ref_axis',(4.44089209850063E-16,-1.,0.));
#3504=DIRECTION('',(1.,4.44089209850063E-16,0.));
#3505=DIRECTION('center_axis',(1.,0.,0.));
#3506=DIRECTION('ref_axis',(4.44089209850063E-16,-1.,0.));
#3507=DIRECTION('center_axis',(1.,0.,0.));
#3508=DIRECTION('ref_axis',(4.44089209850063E-16,-1.,0.));
#3509=DIRECTION('center_axis',(1.,4.44089209850063E-16,0.));
#3510=DIRECTION('ref_axis',(6.48734297056753E-32,-6.12323399573677E-17,
-1.));
#3511=DIRECTION('',(-1.,-4.44089209850063E-16,0.));
#3512=DIRECTION('center_axis',(-1.,0.,0.));
#3513=DIRECTION('ref_axis',(4.44089209850063E-16,-1.,0.));
#3514=DIRECTION('center_axis',(-1.,0.,0.));
#3515=DIRECTION('ref_axis',(4.44089209850063E-16,-1.,0.));
#3516=DIRECTION('',(1.,4.44089209850063E-16,0.));
#3517=DIRECTION('center_axis',(1.,0.,0.));
#3518=DIRECTION('ref_axis',(4.44089209850063E-16,-1.,0.));
#3519=DIRECTION('center_axis',(1.,0.,0.));
#3520=DIRECTION('ref_axis',(4.44089209850063E-16,-1.,0.));
#3521=DIRECTION('center_axis',(1.,4.44089209850063E-16,0.));
#3522=DIRECTION('ref_axis',(6.48734297056753E-32,-6.12323399573677E-17,
-1.));
#3523=DIRECTION('',(-1.,-4.44089209850063E-16,0.));
#3524=DIRECTION('center_axis',(-1.,0.,0.));
#3525=DIRECTION('ref_axis',(4.44089209850063E-16,-1.,0.));
#3526=DIRECTION('center_axis',(-1.,0.,0.));
#3527=DIRECTION('ref_axis',(4.44089209850063E-16,-1.,0.));
#3528=DIRECTION('',(1.,4.44089209850063E-16,0.));
#3529=DIRECTION('center_axis',(1.,0.,0.));
#3530=DIRECTION('ref_axis',(4.44089209850063E-16,-1.,0.));
#3531=DIRECTION('center_axis',(1.,0.,0.));
#3532=DIRECTION('ref_axis',(4.44089209850063E-16,-1.,0.));
#3533=DIRECTION('center_axis',(1.,4.44089209850063E-16,0.));
#3534=DIRECTION('ref_axis',(6.48734297056753E-32,-6.12323399573677E-17,
-1.));
#3535=DIRECTION('',(-1.,-4.44089209850063E-16,0.));
#3536=DIRECTION('center_axis',(-1.,0.,0.));
#3537=DIRECTION('ref_axis',(4.44089209850063E-16,-1.,0.));
#3538=DIRECTION('center_axis',(-1.,0.,0.));
#3539=DIRECTION('ref_axis',(4.44089209850063E-16,-1.,0.));
#3540=DIRECTION('',(1.,4.44089209850063E-16,0.));
#3541=DIRECTION('center_axis',(1.,0.,0.));
#3542=DIRECTION('ref_axis',(4.44089209850063E-16,-1.,0.));
#3543=DIRECTION('center_axis',(1.,0.,0.));
#3544=DIRECTION('ref_axis',(4.44089209850063E-16,-1.,0.));
#3545=DIRECTION('center_axis',(1.,4.44089209850063E-16,0.));
#3546=DIRECTION('ref_axis',(6.48734297056753E-32,-6.12323399573677E-17,
-1.));
#3547=DIRECTION('',(-1.,-4.44089209850063E-16,0.));
#3548=DIRECTION('center_axis',(-1.,0.,0.));
#3549=DIRECTION('ref_axis',(4.44089209850063E-16,-1.,0.));
#3550=DIRECTION('center_axis',(-1.,0.,0.));
#3551=DIRECTION('ref_axis',(4.44089209850063E-16,-1.,0.));
#3552=DIRECTION('',(1.,4.44089209850063E-16,0.));
#3553=DIRECTION('center_axis',(1.,0.,0.));
#3554=DIRECTION('ref_axis',(4.44089209850063E-16,-1.,0.));
#3555=DIRECTION('center_axis',(1.,0.,0.));
#3556=DIRECTION('ref_axis',(4.44089209850063E-16,-1.,0.));
#3557=DIRECTION('center_axis',(1.,4.44089209850063E-16,0.));
#3558=DIRECTION('ref_axis',(6.48734297056753E-32,-6.12323399573677E-17,
-1.));
#3559=DIRECTION('',(-1.,-4.44089209850063E-16,0.));
#3560=DIRECTION('center_axis',(-1.,0.,0.));
#3561=DIRECTION('ref_axis',(4.44089209850063E-16,-1.,0.));
#3562=DIRECTION('center_axis',(-1.,0.,0.));
#3563=DIRECTION('ref_axis',(4.44089209850063E-16,-1.,0.));
#3564=DIRECTION('',(1.,4.44089209850063E-16,0.));
#3565=DIRECTION('center_axis',(1.,0.,0.));
#3566=DIRECTION('ref_axis',(4.44089209850063E-16,-1.,0.));
#3567=DIRECTION('center_axis',(1.,0.,0.));
#3568=DIRECTION('ref_axis',(4.44089209850063E-16,-1.,0.));
#3569=DIRECTION('center_axis',(-1.,0.,0.));
#3570=DIRECTION('ref_axis',(0.,-1.,0.));
#3571=DIRECTION('',(0.,-1.,0.));
#3572=DIRECTION('center_axis',(1.,0.,0.));
#3573=DIRECTION('ref_axis',(4.44089209850063E-16,-1.,0.));
#3574=DIRECTION('',(0.,1.,0.));
#3575=DIRECTION('center_axis',(-1.,0.,0.));
#3576=DIRECTION('ref_axis',(0.,-1.,0.));
#3577=DIRECTION('',(0.,-1.,0.));
#3578=DIRECTION('',(0.,1.,0.));
#3579=DIRECTION('center_axis',(-1.,0.,0.));
#3580=DIRECTION('ref_axis',(0.,-1.,0.));
#3581=DIRECTION('',(0.,-1.,0.));
#3582=DIRECTION('',(0.,1.,0.));
#3583=DIRECTION('center_axis',(-1.,0.,0.));
#3584=DIRECTION('ref_axis',(0.,-1.,0.));
#3585=DIRECTION('',(0.,-1.,0.));
#3586=DIRECTION('',(0.,1.,0.));
#3587=DIRECTION('center_axis',(-1.,0.,0.));
#3588=DIRECTION('ref_axis',(0.,-1.,0.));
#3589=DIRECTION('',(0.,-1.,0.));
#3590=DIRECTION('',(0.,1.,0.));
#3591=DIRECTION('center_axis',(-1.,0.,0.));
#3592=DIRECTION('ref_axis',(0.,-1.,0.));
#3593=DIRECTION('',(0.,-1.,0.));
#3594=DIRECTION('',(0.,1.,0.));
#3595=DIRECTION('center_axis',(-1.,0.,0.));
#3596=DIRECTION('ref_axis',(0.,-1.,0.));
#3597=DIRECTION('',(0.,1.,0.));
#3598=DIRECTION('',(0.,0.,1.));
#3599=DIRECTION('',(0.,-1.,0.));
#3600=DIRECTION('center_axis',(1.,0.,0.));
#3601=DIRECTION('ref_axis',(0.,1.,0.));
#3602=DIRECTION('',(0.,-1.,0.));
#3603=DIRECTION('center_axis',(-1.,0.,0.));
#3604=DIRECTION('ref_axis',(4.44089209850063E-16,-1.,0.));
#3605=DIRECTION('',(0.,1.,0.));
#3606=DIRECTION('center_axis',(1.,0.,0.));
#3607=DIRECTION('ref_axis',(0.,1.,0.));
#3608=DIRECTION('',(0.,-1.,0.));
#3609=DIRECTION('',(0.,1.,0.));
#3610=DIRECTION('center_axis',(1.,0.,0.));
#3611=DIRECTION('ref_axis',(0.,1.,0.));
#3612=DIRECTION('',(0.,-1.,0.));
#3613=DIRECTION('',(0.,1.,0.));
#3614=DIRECTION('center_axis',(1.,0.,0.));
#3615=DIRECTION('ref_axis',(0.,1.,0.));
#3616=DIRECTION('',(0.,-1.,0.));
#3617=DIRECTION('',(0.,1.,0.));
#3618=DIRECTION('center_axis',(1.,0.,0.));
#3619=DIRECTION('ref_axis',(0.,1.,0.));
#3620=DIRECTION('',(0.,-1.,0.));
#3621=DIRECTION('',(0.,1.,0.));
#3622=DIRECTION('center_axis',(1.,0.,0.));
#3623=DIRECTION('ref_axis',(0.,1.,0.));
#3624=DIRECTION('',(0.,-1.,0.));
#3625=DIRECTION('',(0.,1.,0.));
#3626=DIRECTION('center_axis',(0.,0.,1.));
#3627=DIRECTION('ref_axis',(1.,0.,0.));
#3628=DIRECTION('',(-1.,-4.44089209850063E-16,0.));
#3629=DIRECTION('center_axis',(0.,0.,1.));
#3630=DIRECTION('ref_axis',(1.,0.,0.));
#3631=DIRECTION('center_axis',(0.,0.,1.));
#3632=DIRECTION('ref_axis',(1.,0.,0.));
#3633=DIRECTION('center_axis',(0.,0.,1.));
#3634=DIRECTION('ref_axis',(1.,0.,0.));
#3635=DIRECTION('center_axis',(0.,0.,1.));
#3636=DIRECTION('ref_axis',(1.,0.,0.));
#3637=DIRECTION('center_axis',(0.,0.,1.));
#3638=DIRECTION('ref_axis',(1.,0.,0.));
#3639=DIRECTION('center_axis',(1.,4.44089209850063E-16,0.));
#3640=DIRECTION('ref_axis',(-1.29746859411351E-31,1.83697019872103E-16,
-1.));
#3641=DIRECTION('',(1.,4.44089209850063E-16,0.));
#3642=DIRECTION('center_axis',(1.,0.,0.));
#3643=DIRECTION('ref_axis',(4.44089209850063E-16,-1.,0.));
#3644=DIRECTION('center_axis',(-1.,0.,0.));
#3645=DIRECTION('ref_axis',(4.44089209850063E-16,-1.,0.));
#3646=DIRECTION('center_axis',(1.,0.,0.));
#3647=DIRECTION('ref_axis',(0.,1.,0.));
#3648=DIRECTION('',(0.,1.,0.));
#3649=DIRECTION('',(0.,0.,1.));
#3650=DIRECTION('',(0.,-1.,0.));
#3651=DIRECTION('center_axis',(0.,0.,1.));
#3652=DIRECTION('ref_axis',(1.,0.,0.));
#3653=DIRECTION('',(1.,0.,0.));
#3654=DIRECTION('center_axis',(1.,0.,0.));
#3655=DIRECTION('ref_axis',(0.,-6.12323399573676E-17,-1.));
#3656=DIRECTION('',(-1.,0.,0.));
#3657=DIRECTION('center_axis',(-1.,0.,0.));
#3658=DIRECTION('ref_axis',(0.,-1.,0.));
#3659=DIRECTION('center_axis',(-1.,0.,0.));
#3660=DIRECTION('ref_axis',(0.,-1.,0.));
#3661=DIRECTION('',(1.,0.,0.));
#3662=DIRECTION('center_axis',(1.,0.,0.));
#3663=DIRECTION('ref_axis',(0.,-1.,0.));
#3664=DIRECTION('center_axis',(1.,0.,0.));
#3665=DIRECTION('ref_axis',(0.,-1.,0.));
#3666=DIRECTION('center_axis',(1.,0.,0.));
#3667=DIRECTION('ref_axis',(0.,-6.12323399573676E-17,-1.));
#3668=DIRECTION('',(-1.,0.,0.));
#3669=DIRECTION('center_axis',(-1.,0.,0.));
#3670=DIRECTION('ref_axis',(0.,-1.,0.));
#3671=DIRECTION('center_axis',(-1.,0.,0.));
#3672=DIRECTION('ref_axis',(0.,-1.,0.));
#3673=DIRECTION('',(1.,0.,0.));
#3674=DIRECTION('center_axis',(1.,0.,0.));
#3675=DIRECTION('ref_axis',(0.,-1.,0.));
#3676=DIRECTION('center_axis',(1.,0.,0.));
#3677=DIRECTION('ref_axis',(0.,-1.,0.));
#3678=DIRECTION('center_axis',(1.,0.,0.));
#3679=DIRECTION('ref_axis',(0.,-6.12323399573676E-17,-1.));
#3680=DIRECTION('',(-1.,0.,0.));
#3681=DIRECTION('center_axis',(-1.,0.,0.));
#3682=DIRECTION('ref_axis',(0.,-1.,0.));
#3683=DIRECTION('center_axis',(-1.,0.,0.));
#3684=DIRECTION('ref_axis',(0.,-1.,0.));
#3685=DIRECTION('',(1.,0.,0.));
#3686=DIRECTION('center_axis',(1.,0.,0.));
#3687=DIRECTION('ref_axis',(0.,-1.,0.));
#3688=DIRECTION('center_axis',(1.,0.,0.));
#3689=DIRECTION('ref_axis',(0.,-1.,0.));
#3690=DIRECTION('center_axis',(1.,0.,0.));
#3691=DIRECTION('ref_axis',(0.,-6.12323399573676E-17,-1.));
#3692=DIRECTION('',(-1.,0.,0.));
#3693=DIRECTION('center_axis',(-1.,0.,0.));
#3694=DIRECTION('ref_axis',(0.,-1.,0.));
#3695=DIRECTION('center_axis',(-1.,0.,0.));
#3696=DIRECTION('ref_axis',(0.,-1.,0.));
#3697=DIRECTION('',(1.,0.,0.));
#3698=DIRECTION('center_axis',(1.,0.,0.));
#3699=DIRECTION('ref_axis',(0.,-1.,0.));
#3700=DIRECTION('center_axis',(1.,0.,0.));
#3701=DIRECTION('ref_axis',(0.,-1.,0.));
#3702=DIRECTION('center_axis',(1.,0.,0.));
#3703=DIRECTION('ref_axis',(0.,-6.12323399573676E-17,-1.));
#3704=DIRECTION('',(-1.,0.,0.));
#3705=DIRECTION('center_axis',(-1.,0.,0.));
#3706=DIRECTION('ref_axis',(0.,-1.,0.));
#3707=DIRECTION('center_axis',(-1.,0.,0.));
#3708=DIRECTION('ref_axis',(0.,-1.,0.));
#3709=DIRECTION('',(1.,0.,0.));
#3710=DIRECTION('center_axis',(1.,0.,0.));
#3711=DIRECTION('ref_axis',(0.,-1.,0.));
#3712=DIRECTION('center_axis',(1.,0.,0.));
#3713=DIRECTION('ref_axis',(0.,-1.,0.));
#3714=DIRECTION('center_axis',(1.,0.,0.));
#3715=DIRECTION('ref_axis',(0.,-6.12323399573676E-17,-1.));
#3716=DIRECTION('',(-1.,0.,0.));
#3717=DIRECTION('center_axis',(-1.,0.,0.));
#3718=DIRECTION('ref_axis',(0.,-1.,0.));
#3719=DIRECTION('center_axis',(-1.,0.,0.));
#3720=DIRECTION('ref_axis',(0.,-1.,0.));
#3721=DIRECTION('',(1.,0.,0.));
#3722=DIRECTION('center_axis',(1.,0.,0.));
#3723=DIRECTION('ref_axis',(0.,-1.,0.));
#3724=DIRECTION('center_axis',(1.,0.,0.));
#3725=DIRECTION('ref_axis',(0.,-1.,0.));
#3726=DIRECTION('center_axis',(-1.,0.,0.));
#3727=DIRECTION('ref_axis',(0.,-1.,0.));
#3728=DIRECTION('',(0.,-1.,0.));
#3729=DIRECTION('center_axis',(1.,0.,0.));
#3730=DIRECTION('ref_axis',(0.,-1.,0.));
#3731=DIRECTION('',(0.,1.,0.));
#3732=DIRECTION('center_axis',(-1.,0.,0.));
#3733=DIRECTION('ref_axis',(0.,-1.,0.));
#3734=DIRECTION('',(0.,-1.,0.));
#3735=DIRECTION('',(0.,1.,0.));
#3736=DIRECTION('center_axis',(-1.,0.,0.));
#3737=DIRECTION('ref_axis',(0.,-1.,0.));
#3738=DIRECTION('',(0.,-1.,0.));
#3739=DIRECTION('',(0.,1.,0.));
#3740=DIRECTION('center_axis',(-1.,0.,0.));
#3741=DIRECTION('ref_axis',(0.,-1.,0.));
#3742=DIRECTION('',(0.,-1.,0.));
#3743=DIRECTION('',(0.,1.,0.));
#3744=DIRECTION('center_axis',(-1.,0.,0.));
#3745=DIRECTION('ref_axis',(0.,-1.,0.));
#3746=DIRECTION('',(0.,-1.,0.));
#3747=DIRECTION('',(0.,1.,0.));
#3748=DIRECTION('center_axis',(-1.,0.,0.));
#3749=DIRECTION('ref_axis',(0.,-1.,0.));
#3750=DIRECTION('',(0.,-1.,0.));
#3751=DIRECTION('',(0.,1.,0.));
#3752=DIRECTION('center_axis',(0.,0.,1.));
#3753=DIRECTION('ref_axis',(1.,0.,0.));
#3754=DIRECTION('',(0.,1.,0.));
#3755=DIRECTION('',(-1.,0.,0.));
#3756=DIRECTION('center_axis',(0.,0.,1.));
#3757=DIRECTION('ref_axis',(1.,0.,0.));
#3758=DIRECTION('',(0.,1.,0.));
#3759=DIRECTION('center_axis',(0.,0.,1.));
#3760=DIRECTION('ref_axis',(1.,0.,0.));
#3761=DIRECTION('',(0.,1.,0.));
#3762=DIRECTION('center_axis',(0.,0.,1.));
#3763=DIRECTION('ref_axis',(1.,0.,0.));
#3764=DIRECTION('',(0.,1.,0.));
#3765=DIRECTION('center_axis',(0.,0.,1.));
#3766=DIRECTION('ref_axis',(1.,0.,0.));
#3767=DIRECTION('',(0.,1.,0.));
#3768=DIRECTION('center_axis',(0.,0.,1.));
#3769=DIRECTION('ref_axis',(1.,0.,0.));
#3770=DIRECTION('',(0.,1.,0.));
#3771=DIRECTION('center_axis',(1.,0.,0.));
#3772=DIRECTION('ref_axis',(0.,1.,0.));
#3773=DIRECTION('',(0.,-1.,0.));
#3774=DIRECTION('center_axis',(-1.,0.,0.));
#3775=DIRECTION('ref_axis',(0.,-1.,0.));
#3776=DIRECTION('center_axis',(1.,0.,0.));
#3777=DIRECTION('ref_axis',(0.,1.,0.));
#3778=DIRECTION('',(0.,-1.,0.));
#3779=DIRECTION('center_axis',(1.,0.,0.));
#3780=DIRECTION('ref_axis',(0.,1.,0.));
#3781=DIRECTION('',(0.,-1.,0.));
#3782=DIRECTION('center_axis',(1.,0.,0.));
#3783=DIRECTION('ref_axis',(0.,1.,0.));
#3784=DIRECTION('',(0.,-1.,0.));
#3785=DIRECTION('center_axis',(1.,0.,0.));
#3786=DIRECTION('ref_axis',(0.,1.,0.));
#3787=DIRECTION('',(0.,-1.,0.));
#3788=DIRECTION('center_axis',(1.,0.,0.));
#3789=DIRECTION('ref_axis',(0.,1.,0.));
#3790=DIRECTION('',(0.,-1.,0.));
#3791=DIRECTION('center_axis',(1.,0.,0.));
#3792=DIRECTION('ref_axis',(0.,-6.12323399573676E-17,-1.));
#3793=DIRECTION('center_axis',(-1.,0.,0.));
#3794=DIRECTION('ref_axis',(0.,-1.,0.));
#3795=DIRECTION('',(1.,0.,0.));
#3796=DIRECTION('center_axis',(1.,0.,0.));
#3797=DIRECTION('ref_axis',(0.,-1.,0.));
#3798=DIRECTION('center_axis',(-1.,0.,0.));
#3799=DIRECTION('ref_axis',(0.,-1.,0.));
#3800=DIRECTION('',(0.,-1.,0.));
#3801=DIRECTION('',(0.,0.,1.));
#3802=DIRECTION('',(0.,1.,0.));
#3803=DIRECTION('center_axis',(0.,0.,1.));
#3804=DIRECTION('ref_axis',(1.,0.,0.));
#3805=DIRECTION('',(0.,1.,0.));
#3806=DIRECTION('',(-1.,0.,0.));
#3807=DIRECTION('center_axis',(1.,0.,0.));
#3808=DIRECTION('ref_axis',(0.,1.,0.));
#3809=DIRECTION('',(0.,-1.,0.));
#3810=DIRECTION('',(0.,0.,1.));
#3811=DIRECTION('center_axis',(-1.,0.,0.));
#3812=DIRECTION('ref_axis',(0.,-1.,0.));
#3813=DIRECTION('',(0.,1.,0.));
#3814=DIRECTION('',(0.,0.,1.));
#3815=DIRECTION('',(0.,-1.,0.));
#3816=DIRECTION('center_axis',(0.,1.,0.));
#3817=DIRECTION('ref_axis',(-1.,0.,0.));
#3818=DIRECTION('',(1.,0.,0.));
#3819=DIRECTION('center_axis',(1.,0.,0.));
#3820=DIRECTION('ref_axis',(0.,1.,0.));
#3821=DIRECTION('',(0.,1.,0.));
#3822=DIRECTION('',(0.,0.,1.));
#3823=DIRECTION('',(0.,-1.,0.));
#3824=DIRECTION('center_axis',(0.,-1.,0.));
#3825=DIRECTION('ref_axis',(1.,0.,0.));
#3826=DIRECTION('',(-1.,0.,0.));
#3827=DIRECTION('',(1.,0.,0.));
#3828=DIRECTION('center_axis',(0.,0.,1.));
#3829=DIRECTION('ref_axis',(1.,0.,0.));
#3830=DIRECTION('center_axis',(1.,0.,0.));
#3831=DIRECTION('ref_axis',(0.,1.,0.));
#3832=DIRECTION('',(0.,-1.,0.));
#3833=DIRECTION('',(0.,0.,1.));
#3834=DIRECTION('',(0.,1.,0.));
#3835=DIRECTION('center_axis',(0.,-1.,0.));
#3836=DIRECTION('ref_axis',(1.,0.,0.));
#3837=DIRECTION('',(-1.,0.,0.));
#3838=DIRECTION('center_axis',(-1.,0.,0.));
#3839=DIRECTION('ref_axis',(0.,-1.,0.));
#3840=DIRECTION('',(0.,-1.,0.));
#3841=DIRECTION('',(0.,0.,1.));
#3842=DIRECTION('',(0.,1.,0.));
#3843=DIRECTION('center_axis',(0.,1.,0.));
#3844=DIRECTION('ref_axis',(-1.,0.,0.));
#3845=DIRECTION('',(1.,0.,0.));
#3846=DIRECTION('',(-1.,0.,0.));
#3847=DIRECTION('center_axis',(0.,0.,1.));
#3848=DIRECTION('ref_axis',(1.,0.,0.));
#3849=DIRECTION('center_axis',(0.,-1.,0.));
#3850=DIRECTION('ref_axis',(-1.,0.,0.));
#3851=DIRECTION('',(0.,0.,1.));
#3852=DIRECTION('',(-1.,0.,0.));
#3853=DIRECTION('center_axis',(1.,0.,0.));
#3854=DIRECTION('ref_axis',(0.,-1.,0.));
#3855=DIRECTION('',(0.,-1.,0.));
#3856=DIRECTION('',(0.,0.,1.));
#3857=DIRECTION('',(0.,1.,0.));
#3858=DIRECTION('center_axis',(-1.,0.,0.));
#3859=DIRECTION('ref_axis',(0.,1.,0.));
#3860=DIRECTION('',(0.,-1.,0.));
#3861=DIRECTION('',(0.,0.,-1.));
#3862=DIRECTION('',(0.,1.,0.));
#3863=DIRECTION('center_axis',(1.,0.,0.));
#3864=DIRECTION('ref_axis',(0.,-1.,0.));
#3865=DIRECTION('',(0.,0.,1.));
#3866=DIRECTION('',(0.,-1.,0.));
#3867=DIRECTION('',(0.,1.,0.));
#3868=DIRECTION('center_axis',(-1.,0.,0.));
#3869=DIRECTION('ref_axis',(0.,1.,0.));
#3870=DIRECTION('',(0.,0.,1.));
#3871=DIRECTION('',(0.,-1.,0.));
#3872=DIRECTION('',(0.,1.,0.));
#3873=DIRECTION('center_axis',(0.,0.,1.));
#3874=DIRECTION('ref_axis',(1.,0.,0.));
#3875=DIRECTION('center_axis',(0.,0.,-1.));
#3876=DIRECTION('ref_axis',(-1.,0.,0.));
#3877=DIRECTION('center_axis',(0.,0.,-1.));
#3878=DIRECTION('ref_axis',(-1.,0.,0.));
#3879=DIRECTION('center_axis',(0.,0.,-1.));
#3880=DIRECTION('ref_axis',(-1.,0.,0.));
#3881=DIRECTION('center_axis',(0.,0.,-1.));
#3882=DIRECTION('ref_axis',(-1.,0.,0.));
#3883=DIRECTION('center_axis',(0.,0.,-1.));
#3884=DIRECTION('ref_axis',(-1.,0.,0.));
#3885=DIRECTION('center_axis',(0.,0.,-1.));
#3886=DIRECTION('ref_axis',(-1.,0.,0.));
#3887=DIRECTION('',(0.,1.,0.));
#3888=DIRECTION('',(-1.,-9.91270557701032E-17,0.));
#3889=DIRECTION('',(0.,1.,0.));
#3890=DIRECTION('',(1.,0.,0.));
#3891=DIRECTION('',(0.,1.,0.));
#3892=DIRECTION('',(-1.,0.,0.));
#3893=DIRECTION('',(0.,1.,0.));
#3894=DIRECTION('',(1.,9.91270557701032E-17,0.));
#3895=DIRECTION('',(0.,1.,0.));
#3896=DIRECTION('center_axis',(0.,0.,-1.));
#3897=DIRECTION('ref_axis',(-1.,0.,0.));
#3898=DIRECTION('center_axis',(0.,0.,-1.));
#3899=DIRECTION('ref_axis',(-1.,0.,0.));
#3900=DIRECTION('center_axis',(0.,0.,-1.));
#3901=DIRECTION('ref_axis',(-1.,0.,0.));
#3902=DIRECTION('center_axis',(0.,0.,-1.));
#3903=DIRECTION('ref_axis',(-1.,0.,0.));
#3904=DIRECTION('center_axis',(0.,0.,-1.));
#3905=DIRECTION('ref_axis',(-1.,0.,0.));
#3906=DIRECTION('center_axis',(0.,0.,-1.));
#3907=DIRECTION('ref_axis',(-1.,0.,0.));
#3908=DIRECTION('center_axis',(0.,0.,-1.));
#3909=DIRECTION('ref_axis',(-1.,0.,0.));
#3910=DIRECTION('center_axis',(0.,0.,-1.));
#3911=DIRECTION('ref_axis',(-1.,0.,0.));
#3912=DIRECTION('',(-1.,2.77555756156289E-16,0.));
#3913=DIRECTION('',(0.,-1.,0.));
#3914=DIRECTION('',(1.,0.,0.));
#3915=DIRECTION('',(0.,-1.,0.));
#3916=DIRECTION('',(-1.,-2.47817639425258E-16,0.));
#3917=DIRECTION('',(0.,1.,0.));
#3918=DIRECTION('',(1.,2.47817639425258E-16,0.));
#3919=DIRECTION('',(0.,-1.,0.));
#3920=DIRECTION('center_axis',(0.,0.,-1.));
#3921=DIRECTION('ref_axis',(1.83697019872103E-16,-1.,0.));
#3922=DIRECTION('center_axis',(0.,0.,1.));
#3923=DIRECTION('ref_axis',(-1.,0.,0.));
#3924=DIRECTION('center_axis',(0.,0.,-1.));
#3925=DIRECTION('ref_axis',(0.707106781186547,0.707106781186548,0.));
#3926=DIRECTION('center_axis',(0.,0.,1.));
#3927=DIRECTION('ref_axis',(0.707106781186547,0.707106781186548,0.));
#3928=DIRECTION('',(0.,0.,1.));
#3929=DIRECTION('center_axis',(0.,0.,-1.));
#3930=DIRECTION('ref_axis',(0.,1.,0.));
#3931=DIRECTION('',(0.,0.,-1.));
#3932=DIRECTION('center_axis',(0.,1.,0.));
#3933=DIRECTION('ref_axis',(0.,0.,1.));
#3934=DIRECTION('center_axis',(0.,-1.,0.));
#3935=DIRECTION('ref_axis',(-0.707106781186547,0.,0.707106781186548));
#3936=DIRECTION('center_axis',(0.,1.,0.));
#3937=DIRECTION('ref_axis',(-0.707106781186547,0.,0.707106781186548));
#3938=DIRECTION('center_axis',(0.,1.,0.));
#3939=DIRECTION('ref_axis',(1.,0.,0.));
#3940=DIRECTION('',(1.,0.,0.));
#3941=DIRECTION('',(0.,0.,1.));
#3942=DIRECTION('',(-1.,0.,0.));
#3943=DIRECTION('center_axis',(0.,0.,1.));
#3944=DIRECTION('ref_axis',(-1.,0.,0.));
#3945=DIRECTION('',(0.,-1.,0.));
#3946=DIRECTION('center_axis',(0.,0.,1.));
#3947=DIRECTION('ref_axis',(0.707106781186546,-0.707106781186549,0.));
#3948=DIRECTION('',(-1.,3.97929399507225E-17,0.));
#3949=DIRECTION('center_axis',(0.,0.,-1.));
#3950=DIRECTION('ref_axis',(-1.,0.,0.));
#3951=DIRECTION('',(-1.,3.97929399507225E-17,0.));
#3952=DIRECTION('',(0.,1.,0.));
#3953=DIRECTION('',(1.,0.,0.));
#3954=DIRECTION('center_axis',(0.,0.,-1.));
#3955=DIRECTION('ref_axis',(-1.,0.,0.));
#3956=DIRECTION('center_axis',(1.,0.,0.));
#3957=DIRECTION('ref_axis',(0.,-1.,0.));
#3958=DIRECTION('',(0.,1.,0.));
#3959=DIRECTION('',(0.,0.,1.));
#3960=DIRECTION('center_axis',(-3.97929399507225E-17,-1.,0.));
#3961=DIRECTION('ref_axis',(0.,0.,-1.));
#3962=DIRECTION('center_axis',(0.,0.,1.));
#3963=DIRECTION('ref_axis',(0.,-1.,0.));
#3964=DIRECTION('center_axis',(3.97929399507225E-17,1.,0.));
#3965=DIRECTION('ref_axis',(-0.707106781186547,0.,0.707106781186548));
#3966=DIRECTION('center_axis',(-3.97929399507225E-17,-1.,0.));
#3967=DIRECTION('ref_axis',(-0.707106781186547,2.81378576825049E-17,0.707106781186548));
#3968=DIRECTION('center_axis',(0.,0.,-1.));
#3969=DIRECTION('ref_axis',(0.707106781186546,-0.707106781186549,0.));
#3970=DIRECTION('',(0.,0.,-1.));
#3971=DIRECTION('center_axis',(0.,1.,0.));
#3972=DIRECTION('ref_axis',(-0.707106781186546,0.,0.707106781186549));
#3973=DIRECTION('',(0.,-1.,0.));
#3974=DIRECTION('',(0.,-1.,0.));
#3975=DIRECTION('',(0.,-1.,0.));
#3976=DIRECTION('center_axis',(0.,-1.,0.));
#3977=DIRECTION('ref_axis',(0.707106781186548,0.,-0.707106781186547));
#3978=DIRECTION('center_axis',(-3.97929399507224E-17,1.,0.));
#3979=DIRECTION('ref_axis',(0.707106781186548,0.,-0.707106781186547));
#3980=DIRECTION('',(0.,1.,0.));
#3981=DIRECTION('center_axis',(0.,-1.,0.));
#3982=DIRECTION('ref_axis',(0.707106781186548,0.,-0.707106781186547));
#3983=DIRECTION('',(0.,-1.,0.));
#3984=DIRECTION('center_axis',(0.,0.,-1.));
#3985=DIRECTION('ref_axis',(-1.,0.,0.));
#3986=DIRECTION('',(-1.,-3.97929399507224E-17,0.));
#3987=DIRECTION('center_axis',(0.,0.,1.));
#3988=DIRECTION('ref_axis',(-0.707106781186548,-0.707106781186548,0.));
#3989=DIRECTION('',(0.,1.,0.));
#3990=DIRECTION('center_axis',(0.,0.,1.));
#3991=DIRECTION('ref_axis',(-0.707106781186548,0.707106781186547,0.));
#3992=DIRECTION('',(1.,0.,0.));
#3993=DIRECTION('center_axis',(3.97929399507224E-17,-1.,0.));
#3994=DIRECTION('ref_axis',(-1.,-3.97929399507224E-17,0.));
#3995=DIRECTION('',(0.,0.,-1.));
#3996=DIRECTION('',(1.,3.97929399507224E-17,0.));
#3997=DIRECTION('',(0.,0.,1.));
#3998=DIRECTION('center_axis',(0.,0.,-1.));
#3999=DIRECTION('ref_axis',(-0.707106781186548,0.707106781186547,0.));
#4000=DIRECTION('',(0.,0.,1.));
#4001=DIRECTION('center_axis',(0.,0.,-1.));
#4002=DIRECTION('ref_axis',(-1.,1.11022302462516E-15,0.));
#4003=DIRECTION('',(0.,0.,-1.));
#4004=DIRECTION('center_axis',(-0.894427190999916,-0.447213595499957,-1.48952049194837E-15));
#4005=DIRECTION('ref_axis',(0.447213595499957,-0.894427190999916,0.));
#4006=DIRECTION('center_axis',(0.447213595499958,0.894427190999916,0.));
#4007=DIRECTION('ref_axis',(0.894427190999916,-0.447213595499958,0.));
#4008=DIRECTION('center_axis',(-1.,0.,0.));
#4009=DIRECTION('ref_axis',(0.,-0.707106781186547,0.707106781186548));
#4010=DIRECTION('',(1.,0.,0.));
#4011=DIRECTION('center_axis',(-1.,0.,0.));
#4012=DIRECTION('ref_axis',(0.,-0.707106781186547,0.707106781186548));
#4013=DIRECTION('',(-1.,0.,0.));
#4014=DIRECTION('center_axis',(0.,-1.,0.));
#4015=DIRECTION('ref_axis',(0.707106781186548,0.,0.707106781186547));
#4016=DIRECTION('',(0.,-1.,0.));
#4017=DIRECTION('center_axis',(-0.894427190999916,0.447213595499957,-1.98602732259782E-15));
#4018=DIRECTION('ref_axis',(0.447213595499957,0.894427190999916,0.));
#4019=DIRECTION('',(0.,1.,0.));
#4020=DIRECTION('center_axis',(-1.,0.,0.));
#4021=DIRECTION('ref_axis',(0.,1.,0.));
#4022=DIRECTION('',(0.,0.,-1.));
#4023=DIRECTION('center_axis',(0.,0.,-1.));
#4024=DIRECTION('ref_axis',(-0.707106781186548,-0.707106781186548,0.));
#4025=DIRECTION('center_axis',(0.,0.,-1.));
#4026=DIRECTION('ref_axis',(0.,-1.,0.));
#4027=DIRECTION('center_axis',(0.447213595499958,-0.894427190999916,-9.9301366129891E-16));
#4028=DIRECTION('ref_axis',(0.894427190999916,0.447213595499958,0.));
#4029=DIRECTION('center_axis',(1.,3.97929399507224E-17,0.));
#4030=DIRECTION('ref_axis',(0.,0.707106781186547,0.707106781186548));
#4031=DIRECTION('center_axis',(-1.,0.,0.));
#4032=DIRECTION('ref_axis',(0.,0.707106781186547,0.707106781186548));
#4033=DIRECTION('',(-1.,-3.97929399507224E-17,0.));
#4034=DIRECTION('center_axis',(0.,-1.,0.));
#4035=DIRECTION('ref_axis',(0.707106781186548,0.,-0.707106781186547));
#4036=DIRECTION('center_axis',(0.,1.,0.));
#4037=DIRECTION('ref_axis',(0.707106781186548,0.,-0.707106781186547));
#4038=DIRECTION('',(0.,1.,0.));
#4039=DIRECTION('center_axis',(0.,-1.,0.));
#4040=DIRECTION('ref_axis',(0.707106781186548,0.,-0.707106781186547));
#4041=DIRECTION('',(0.,-1.,0.));
#4042=DIRECTION('center_axis',(0.,1.,0.));
#4043=DIRECTION('ref_axis',(1.,0.,0.));
#4044=DIRECTION('',(0.,0.,1.));
#4045=DIRECTION('',(0.195090322016127,0.,0.980785280403231));
#4046=DIRECTION('',(0.38268343236509,0.,0.923879532511287));
#4047=DIRECTION('center_axis',(0.,1.,0.));
#4048=DIRECTION('ref_axis',(-0.382683432365091,0.,0.923879532511286));
#4049=DIRECTION('',(0.,0.,-1.));
#4050=DIRECTION('',(-1.,0.,0.));
#4051=DIRECTION('center_axis',(1.,0.,0.));
#4052=DIRECTION('ref_axis',(0.,-1.,0.));
#4053=DIRECTION('',(0.,0.,-1.));
#4054=DIRECTION('',(0.,-1.,0.));
#4055=DIRECTION('center_axis',(-0.980785280403231,0.,0.195090322016127));
#4056=DIRECTION('ref_axis',(0.195090322016127,0.,0.980785280403231));
#4057=DIRECTION('',(-0.195090322016127,0.,-0.980785280403231));
#4058=DIRECTION('',(0.,1.,0.));
#4059=DIRECTION('center_axis',(-0.923879532511287,0.,0.38268343236509));
#4060=DIRECTION('ref_axis',(0.38268343236509,0.,0.923879532511287));
#4061=DIRECTION('',(-0.38268343236509,0.,-0.923879532511287));
#4062=DIRECTION('',(0.,1.,0.));
#4063=DIRECTION('center_axis',(0.,-1.,0.));
#4064=DIRECTION('ref_axis',(-1.,0.,0.));
#4065=DIRECTION('',(1.,0.,0.));
#4066=DIRECTION('',(0.,0.,1.));
#4067=DIRECTION('center_axis',(0.,-1.,0.));
#4068=DIRECTION('ref_axis',(-0.382683432365091,0.,0.923879532511286));
#4069=DIRECTION('center_axis',(0.,0.,1.));
#4070=DIRECTION('ref_axis',(1.,0.,0.));
#4071=DIRECTION('',(0.,-1.,0.));
#4072=DIRECTION('',(1.,9.91270557701032E-17,0.));
#4073=DIRECTION('',(1.8897413185109E-16,1.,0.));
#4074=DIRECTION('',(-1.,-9.91270557701032E-17,0.));
#4075=DIRECTION('',(0.,-1.,0.));
#4076=DIRECTION('center_axis',(0.,1.,0.));
#4077=DIRECTION('ref_axis',(-0.707106781186549,0.,-0.707106781186546));
#4078=DIRECTION('center_axis',(0.,-1.,0.));
#4079=DIRECTION('ref_axis',(-0.707106781186549,0.,-0.707106781186546));
#4080=DIRECTION('',(0.,-1.,0.));
#4081=DIRECTION('center_axis',(2.77555756156289E-16,1.,0.));
#4082=DIRECTION('ref_axis',(-0.707106781186549,0.,-0.707106781186546));
#4083=DIRECTION('',(0.,1.,0.));
#4084=DIRECTION('center_axis',(-2.77555756156289E-16,-1.,0.));
#4085=DIRECTION('ref_axis',(-1.,2.77555756156289E-16,0.));
#4086=DIRECTION('',(0.,0.,1.));
#4087=DIRECTION('',(-0.195090322016137,5.41484418459628E-17,0.980785280403229));
#4088=DIRECTION('',(-0.382683432365093,1.06215989438578E-16,0.923879532511285));
#4089=DIRECTION('center_axis',(-2.77555756156289E-16,-1.,0.));
#4090=DIRECTION('ref_axis',(0.38268343236509,0.,0.923879532511287));
#4091=DIRECTION('',(0.,0.,-1.));
#4092=DIRECTION('',(1.,-2.77555756156289E-16,0.));
#4093=DIRECTION('center_axis',(-1.,0.,0.));
#4094=DIRECTION('ref_axis',(0.,1.,0.));
#4095=DIRECTION('',(0.,0.,-1.));
#4096=DIRECTION('',(0.,1.,0.));
#4097=DIRECTION('center_axis',(0.980785280403229,0.,0.195090322016137));
#4098=DIRECTION('ref_axis',(0.195090322016137,0.,-0.980785280403229));
#4099=DIRECTION('',(0.195090322016137,0.,-0.980785280403229));
#4100=DIRECTION('',(0.,-1.,0.));
#4101=DIRECTION('center_axis',(0.923879532511285,0.,0.382683432365093));
#4102=DIRECTION('ref_axis',(0.382683432365093,0.,-0.923879532511285));
#4103=DIRECTION('',(0.382683432365093,0.,-0.923879532511285));
#4104=DIRECTION('',(0.,-1.,0.));
#4105=DIRECTION('center_axis',(0.,1.,0.));
#4106=DIRECTION('ref_axis',(1.,0.,0.));
#4107=DIRECTION('',(-1.,0.,0.));
#4108=DIRECTION('',(0.,0.,1.));
#4109=DIRECTION('center_axis',(0.,1.,0.));
#4110=DIRECTION('ref_axis',(0.38268343236509,0.,0.923879532511287));
#4111=DIRECTION('center_axis',(0.,0.,1.));
#4112=DIRECTION('ref_axis',(-1.,-1.22464679914735E-16,0.));
#4113=DIRECTION('',(0.,1.,0.));
#4114=DIRECTION('',(-1.,-2.47817639425258E-16,0.));
#4115=DIRECTION('',(0.,-1.,0.));
#4116=DIRECTION('',(1.,2.47817639425258E-16,0.));
#4117=DIRECTION('',(0.,1.,0.));
#4118=DIRECTION('center_axis',(0.,1.,0.));
#4119=DIRECTION('ref_axis',(0.707106781186546,0.,-0.707106781186549));
#4120=DIRECTION('center_axis',(-2.22044604925033E-15,1.,0.));
#4121=DIRECTION('ref_axis',(1.,2.22044604925033E-15,0.));
#4122=DIRECTION('',(0.,-1.,0.));
#4123=DIRECTION('',(0.,1.,0.));
#4124=DIRECTION('center_axis',(0.,0.,1.));
#4125=DIRECTION('ref_axis',(1.,2.22044604925031E-15,0.));
#4126=DIRECTION('center_axis',(-1.,0.,0.));
#4127=DIRECTION('ref_axis',(0.,-1.,0.));
#4128=DIRECTION('',(0.,1.,0.));
#4129=DIRECTION('',(0.,0.,1.));
#4130=DIRECTION('center_axis',(0.,1.,0.));
#4131=DIRECTION('ref_axis',(0.707106781186546,0.,-0.707106781186549));
#4132=DIRECTION('center_axis',(0.,-1.,0.));
#4133=DIRECTION('ref_axis',(0.,0.,-1.));
#4134=DIRECTION('center_axis',(0.,-1.,0.));
#4135=DIRECTION('ref_axis',(0.,0.,-1.));
#4136=DIRECTION('',(0.,1.,0.));
#4137=DIRECTION('center_axis',(0.,1.,0.));
#4138=DIRECTION('ref_axis',(1.,0.,0.));
#4139=DIRECTION('',(0.,-1.,0.));
#4140=DIRECTION('center_axis',(0.,0.,1.));
#4141=DIRECTION('ref_axis',(1.,0.,0.));
#4142=DIRECTION('center_axis',(0.,0.,1.));
#4143=DIRECTION('ref_axis',(1.,0.,0.));
#4144=DIRECTION('center_axis',(0.,0.,1.));
#4145=DIRECTION('ref_axis',(1.,0.,0.));
#4146=DIRECTION('center_axis',(0.,0.,-1.));
#4147=DIRECTION('ref_axis',(-1.,0.,0.));
#4148=DIRECTION('center_axis',(0.,0.,-1.));
#4149=DIRECTION('ref_axis',(-1.,0.,0.));
#4150=DIRECTION('center_axis',(0.,0.,1.));
#4151=DIRECTION('ref_axis',(1.,0.,0.));
#4152=DIRECTION('',(0.,-1.,0.));
#4153=DIRECTION('center_axis',(0.,0.,-1.));
#4154=DIRECTION('ref_axis',(-1.,0.,0.));
#4155=DIRECTION('center_axis',(0.,1.,0.));
#4156=DIRECTION('ref_axis',(0.707106781186546,0.,-0.707106781186549));
#4157=DIRECTION('center_axis',(0.,-1.,0.));
#4158=DIRECTION('ref_axis',(0.,0.,-1.));
#4159=DIRECTION('center_axis',(0.,-1.,0.));
#4160=DIRECTION('ref_axis',(0.,0.,-1.));
#4161=DIRECTION('',(0.,1.,0.));
#4162=DIRECTION('center_axis',(0.,0.,1.));
#4163=DIRECTION('ref_axis',(-1.,0.,0.));
#4164=DIRECTION('center_axis',(0.,0.,1.));
#4165=DIRECTION('ref_axis',(-1.,0.,0.));
#4166=DIRECTION('',(0.,0.,1.));
#4167=DIRECTION('center_axis',(0.,0.,-1.));
#4168=DIRECTION('ref_axis',(-1.,0.,0.));
#4169=DIRECTION('',(0.,0.,-1.));
#4170=DIRECTION('center_axis',(0.,0.,-1.));
#4171=DIRECTION('ref_axis',(-1.,0.,0.));
#4172=DIRECTION('center_axis',(0.,1.,0.));
#4173=DIRECTION('ref_axis',(-0.70710678118655,0.,-0.707106781186545));
#4174=DIRECTION('center_axis',(9.91270557701033E-17,-1.,0.));
#4175=DIRECTION('ref_axis',(-0.70710678118655,0.,-0.707106781186545));
#4176=DIRECTION('',(0.,-1.,0.));
#4177=DIRECTION('center_axis',(0.,1.,0.));
#4178=DIRECTION('ref_axis',(-0.70710678118655,0.,-0.707106781186545));
#4179=DIRECTION('center_axis',(-9.91270557701033E-17,1.,0.));
#4180=DIRECTION('ref_axis',(-0.70710678118655,0.,-0.707106781186545));
#4181=DIRECTION('',(0.,-1.,0.));
#4182=DIRECTION('center_axis',(1.,0.,0.));
#4183=DIRECTION('ref_axis',(0.,0.,-1.));
#4184=DIRECTION('',(0.,-1.,0.));
#4185=DIRECTION('',(0.,0.,-1.));
#4186=DIRECTION('',(-1.8897413185109E-16,-1.,0.));
#4187=DIRECTION('',(0.,0.,1.));
#4188=DIRECTION('center_axis',(-9.91270557701033E-17,1.,0.));
#4189=DIRECTION('ref_axis',(1.,9.91270557701032E-17,0.));
#4190=DIRECTION('',(0.,0.,1.));
#4191=DIRECTION('',(0.,0.,1.));
#4192=DIRECTION('center_axis',(9.91270557701033E-17,-1.,0.));
#4193=DIRECTION('ref_axis',(-1.,-9.91270557701032E-17,0.));
#4194=DIRECTION('',(0.,0.,-1.));
#4195=DIRECTION('',(0.,0.,-1.));
#4196=DIRECTION('center_axis',(0.,0.,-1.));
#4197=DIRECTION('ref_axis',(1.87110865336328E-12,1.,0.));
#4198=DIRECTION('center_axis',(0.,0.,1.));
#4199=DIRECTION('ref_axis',(-1.,0.,0.));
#4200=DIRECTION('center_axis',(-1.,0.,0.));
#4201=DIRECTION('ref_axis',(0.,-1.,0.));
#4202=DIRECTION('',(0.,0.,-1.));
#4203=DIRECTION('',(0.,1.,0.));
#4204=DIRECTION('center_axis',(-1.,0.,0.));
#4205=DIRECTION('ref_axis',(0.,-1.,0.));
#4206=DIRECTION('',(0.,1.,0.));
#4207=DIRECTION('',(0.,0.,1.));
#4208=DIRECTION('center_axis',(0.,0.,1.));
#4209=DIRECTION('ref_axis',(-1.,0.,0.));
#4210=DIRECTION('center_axis',(0.,0.,-1.));
#4211=DIRECTION('ref_axis',(-1.,0.,0.));
#4212=DIRECTION('center_axis',(0.,0.,-1.));
#4213=DIRECTION('ref_axis',(-1.,0.,0.));
#4214=DIRECTION('center_axis',(-3.97929399507225E-17,-1.,0.));
#4215=DIRECTION('ref_axis',(-1.,3.97929399507225E-17,0.));
#4216=DIRECTION('',(1.,-3.97929399507225E-17,0.));
#4217=DIRECTION('',(0.,0.,-1.));
#4218=DIRECTION('center_axis',(0.,0.,-1.));
#4219=DIRECTION('ref_axis',(-1.,0.,0.));
#4220=DIRECTION('center_axis',(0.,0.,1.));
#4221=DIRECTION('ref_axis',(-1.,0.,0.));
#4222=DIRECTION('center_axis',(0.,0.,1.));
#4223=DIRECTION('ref_axis',(-1.,0.,0.));
#4224=DIRECTION('center_axis',(0.,0.,1.));
#4225=DIRECTION('ref_axis',(-1.,0.,0.));
#4226=DIRECTION('center_axis',(0.,0.,1.));
#4227=DIRECTION('ref_axis',(-1.,0.,0.));
#4228=DIRECTION('center_axis',(0.,0.,1.));
#4229=DIRECTION('ref_axis',(-1.,0.,0.));
#4230=DIRECTION('center_axis',(0.,0.,1.));
#4231=DIRECTION('ref_axis',(-1.,0.,0.));
#4232=DIRECTION('center_axis',(0.,1.,0.));
#4233=DIRECTION('ref_axis',(-0.382683432365091,0.,0.923879532511286));
#4234=DIRECTION('center_axis',(0.,-1.,0.));
#4235=DIRECTION('ref_axis',(0.38268343236509,0.,0.923879532511287));
#4236=DIRECTION('center_axis',(0.,0.,1.));
#4237=DIRECTION('ref_axis',(-1.,0.,0.));
#4238=DIRECTION('center_axis',(0.,0.,1.));
#4239=DIRECTION('ref_axis',(-1.,0.,0.));
#4240=DIRECTION('center_axis',(0.,0.,1.));
#4241=DIRECTION('ref_axis',(-1.,0.,0.));
#4242=DIRECTION('',(0.,0.,1.));
#4243=DIRECTION('center_axis',(0.,0.,-1.));
#4244=DIRECTION('ref_axis',(-1.,0.,0.));
#4245=DIRECTION('center_axis',(0.,0.,1.));
#4246=DIRECTION('ref_axis',(-1.,0.,0.));
#4247=DIRECTION('center_axis',(0.,0.,1.));
#4248=DIRECTION('ref_axis',(-1.,0.,0.));
#4249=DIRECTION('center_axis',(0.,0.,1.));
#4250=DIRECTION('ref_axis',(-1.,0.,0.));
#4251=DIRECTION('center_axis',(0.,0.,1.));
#4252=DIRECTION('ref_axis',(-1.,0.,0.));
#4253=DIRECTION('center_axis',(0.,0.,1.));
#4254=DIRECTION('ref_axis',(-1.,0.,0.));
#4255=DIRECTION('',(1.,0.,0.));
#4256=DIRECTION('center_axis',(0.,0.,1.));
#4257=DIRECTION('ref_axis',(-1.,0.,0.));
#4258=DIRECTION('center_axis',(0.,0.,1.));
#4259=DIRECTION('ref_axis',(-1.,0.,0.));
#4260=DIRECTION('',(1.,0.,0.));
#4261=DIRECTION('',(0.,-1.,0.));
#4262=DIRECTION('',(-1.,3.97929399507225E-17,0.));
#4263=DIRECTION('center_axis',(0.,0.,1.));
#4264=DIRECTION('ref_axis',(-1.,0.,0.));
#4265=DIRECTION('center_axis',(0.,0.,1.));
#4266=DIRECTION('ref_axis',(-1.,0.,0.));
#4267=DIRECTION('',(-1.,3.97929399507225E-17,0.));
#4268=DIRECTION('center_axis',(0.,0.,1.));
#4269=DIRECTION('ref_axis',(-1.,0.,0.));
#4270=DIRECTION('center_axis',(0.,0.,1.));
#4271=DIRECTION('ref_axis',(-1.,0.,0.));
#4272=DIRECTION('',(0.,1.,0.));
#4273=DIRECTION('center_axis',(0.,0.,1.));
#4274=DIRECTION('ref_axis',(-1.,0.,0.));
#4275=DIRECTION('center_axis',(0.,0.,1.));
#4276=DIRECTION('ref_axis',(-1.,0.,0.));
#4277=DIRECTION('center_axis',(0.,0.,-1.));
#4278=DIRECTION('ref_axis',(-0.273686548502991,-0.961818939909441,0.));
#4279=DIRECTION('',(0.,0.,-1.));
#4280=DIRECTION('center_axis',(0.,0.,-1.));
#4281=DIRECTION('ref_axis',(-0.273679113384348,0.961821055548878,0.));
#4282=DIRECTION('',(0.,0.,1.));
#4283=DIRECTION('center_axis',(-1.,0.,0.));
#4284=DIRECTION('ref_axis',(0.,1.,0.));
#4285=DIRECTION('center_axis',(-1.,0.,0.));
#4286=DIRECTION('ref_axis',(0.,1.,0.));
#4287=DIRECTION('center_axis',(1.,0.,0.));
#4288=DIRECTION('ref_axis',(0.,-1.,0.));
#4289=DIRECTION('',(0.,0.,1.));
#4290=DIRECTION('center_axis',(1.,0.,0.));
#4291=DIRECTION('ref_axis',(0.,-1.,0.));
#4292=DIRECTION('',(0.,0.,-1.));
#4293=DIRECTION('center_axis',(1.,-3.97929399507225E-17,0.));
#4294=DIRECTION('ref_axis',(0.,0.707106781186548,0.707106781186547));
#4295=DIRECTION('center_axis',(1.,0.,0.));
#4296=DIRECTION('ref_axis',(0.,0.707106781186548,0.707106781186547));
#4297=DIRECTION('',(1.,-3.97929399507225E-17,0.));
#4298=DIRECTION('center_axis',(-3.97929399507225E-17,-1.,0.));
#4299=DIRECTION('ref_axis',(-1.,3.97929399507225E-17,0.));
#4300=DIRECTION('',(0.,0.,1.));
#4301=DIRECTION('center_axis',(-1.,0.,0.));
#4302=DIRECTION('ref_axis',(0.,-0.707106781186547,0.707106781186548));
#4303=DIRECTION('',(-1.,0.,0.));
#4304=DIRECTION('center_axis',(1.,0.,0.));
#4305=DIRECTION('ref_axis',(0.,-0.707106781186547,0.707106781186548));
#4306=DIRECTION('center_axis',(1.,0.,0.));
#4307=DIRECTION('ref_axis',(0.,-1.,0.));
#4308=DIRECTION('',(0.,0.,1.));
#4309=DIRECTION('center_axis',(0.,1.,0.));
#4310=DIRECTION('ref_axis',(1.,0.,0.));
#4311=DIRECTION('center_axis',(0.,1.,0.));
#4312=DIRECTION('ref_axis',(1.,0.,0.));
#4313=DIRECTION('',(0.,0.,-1.));
#4314=DIRECTION('center_axis',(-1.,0.,0.));
#4315=DIRECTION('ref_axis',(0.,1.,0.));
#4316=DIRECTION('center_axis',(-2.47817639425258E-16,1.,0.));
#4317=DIRECTION('ref_axis',(1.,2.47817639425258E-16,0.));
#4318=DIRECTION('',(0.,0.,-1.));
#4319=DIRECTION('center_axis',(-1.,0.,0.));
#4320=DIRECTION('ref_axis',(0.,1.,0.));
#4321=DIRECTION('',(0.,0.,1.));
#4322=DIRECTION('center_axis',(2.47817639425258E-16,-1.,0.));
#4323=DIRECTION('ref_axis',(-1.,-2.47817639425258E-16,0.));
#4324=DIRECTION('center_axis',(1.,-1.8897413185109E-16,0.));
#4325=DIRECTION('ref_axis',(-1.8897413185109E-16,-1.,0.));
#4326=DIRECTION('center_axis',(0.,0.,1.));
#4327=DIRECTION('ref_axis',(-1.,0.,0.));
#4328=DIRECTION('',(0.,0.,1.));
#4329=DIRECTION('center_axis',(0.,0.,1.));
#4330=DIRECTION('ref_axis',(-1.,0.,0.));
#4331=DIRECTION('',(0.,0.,1.));
#4332=DIRECTION('center_axis',(0.,0.,1.));
#4333=DIRECTION('ref_axis',(-1.,0.,0.));
#4334=DIRECTION('',(0.,0.,1.));
#4335=DIRECTION('center_axis',(0.,0.,1.));
#4336=DIRECTION('ref_axis',(-1.,0.,0.));
#4337=DIRECTION('',(0.,0.,1.));
#4338=DIRECTION('center_axis',(0.,0.,1.));
#4339=DIRECTION('ref_axis',(-1.,0.,0.));
#4340=DIRECTION('',(0.,0.,1.));
#4341=DIRECTION('center_axis',(0.,0.,1.));
#4342=DIRECTION('ref_axis',(-1.,0.,0.));
#4343=DIRECTION('',(0.,0.,1.));
#4344=DIRECTION('center_axis',(0.,0.,1.));
#4345=DIRECTION('ref_axis',(-1.,0.,0.));
#4346=DIRECTION('',(0.,0.,1.));
#4347=DIRECTION('center_axis',(0.,0.,-1.));
#4348=DIRECTION('ref_axis',(-0.0566907290309293,-0.998391787447163,0.));
#4349=DIRECTION('center_axis',(0.,0.,-1.));
#4350=DIRECTION('ref_axis',(0.181820237030554,-0.98333178602451,0.));
#4351=DIRECTION('center_axis',(0.,0.,-1.));
#4352=DIRECTION('ref_axis',(-0.0566942242150521,0.998391588977318,0.));
#4353=DIRECTION('center_axis',(0.,0.,-1.));
#4354=DIRECTION('ref_axis',(0.181822294449839,0.983331405600877,0.));
#4355=CARTESIAN_POINT('',(0.,0.,0.));
#4356=CARTESIAN_POINT('Origin',(38.2468673283637,-7.22706236894324,6.45));
#4357=CARTESIAN_POINT('',(38.2468673283637,-8.00165903818473,7.));
#4358=CARTESIAN_POINT('',(36.2468673283637,-8.00165903818473,7.));
#4359=CARTESIAN_POINT('',(38.2468673283637,-8.00165903818473,7.));
#4360=CARTESIAN_POINT('',(38.2468673283637,-7.22706236894324,5.5));
#4361=CARTESIAN_POINT('Origin',(38.2468673283637,-7.22706236894324,6.45));
#4362=CARTESIAN_POINT('',(38.2468673283637,-6.45246569970176,7.));
#4363=CARTESIAN_POINT('Origin',(38.2468673283637,-7.22706236894324,6.45));
#4364=CARTESIAN_POINT('',(36.2468673283637,-6.45246569970176,7.));
#4365=CARTESIAN_POINT('',(38.2468673283637,-6.45246569970176,7.));
#4366=CARTESIAN_POINT('',(36.2468673283637,-7.22706236894325,5.5));
#4367=CARTESIAN_POINT('Origin',(36.2468673283637,-7.22706236894325,6.45));
#4368=CARTESIAN_POINT('Origin',(36.2468673283637,-7.22706236894325,6.45));
#4369=CARTESIAN_POINT('Origin',(38.2468673283637,-4.64372903560991,6.45));
#4370=CARTESIAN_POINT('',(38.2468673283637,-5.41832570485139,7.));
#4371=CARTESIAN_POINT('',(36.2468673283637,-5.4183257048514,7.));
#4372=CARTESIAN_POINT('',(38.2468673283637,-5.41832570485139,7.));
#4373=CARTESIAN_POINT('',(38.2468673283637,-4.64372903560991,5.5));
#4374=CARTESIAN_POINT('Origin',(38.2468673283637,-4.64372903560991,6.45));
#4375=CARTESIAN_POINT('',(38.2468673283637,-3.86913236636842,7.));
#4376=CARTESIAN_POINT('Origin',(38.2468673283637,-4.64372903560991,6.45));
#4377=CARTESIAN_POINT('',(36.2468673283637,-3.86913236636842,7.));
#4378=CARTESIAN_POINT('',(38.2468673283637,-3.86913236636842,7.));
#4379=CARTESIAN_POINT('',(36.2468673283637,-4.64372903560991,5.5));
#4380=CARTESIAN_POINT('Origin',(36.2468673283637,-4.64372903560991,6.45));
#4381=CARTESIAN_POINT('Origin',(36.2468673283637,-4.64372903560991,6.45));
#4382=CARTESIAN_POINT('Origin',(38.2468673283637,-2.06039570227658,6.45));
#4383=CARTESIAN_POINT('',(38.2468673283637,-2.83499237151806,7.));
#4384=CARTESIAN_POINT('',(36.2468673283637,-2.83499237151806,7.));
#4385=CARTESIAN_POINT('',(38.2468673283637,-2.83499237151806,7.));
#4386=CARTESIAN_POINT('',(38.2468673283637,-2.06039570227658,5.5));
#4387=CARTESIAN_POINT('Origin',(38.2468673283637,-2.06039570227658,6.45));
#4388=CARTESIAN_POINT('',(38.2468673283637,-1.28579903303509,7.));
#4389=CARTESIAN_POINT('Origin',(38.2468673283637,-2.06039570227658,6.45));
#4390=CARTESIAN_POINT('',(36.2468673283637,-1.28579903303509,7.));
#4391=CARTESIAN_POINT('',(38.2468673283637,-1.28579903303509,7.));
#4392=CARTESIAN_POINT('',(36.2468673283637,-2.06039570227658,5.5));
#4393=CARTESIAN_POINT('Origin',(36.2468673283637,-2.06039570227658,6.45));
#4394=CARTESIAN_POINT('Origin',(36.2468673283637,-2.06039570227658,6.45));
#4395=CARTESIAN_POINT('Origin',(38.2468673283637,0.522937631056759,6.45));
#4396=CARTESIAN_POINT('',(38.2468673283637,-0.251659038184726,7.));
#4397=CARTESIAN_POINT('',(36.2468673283637,-0.251659038184727,7.));
#4398=CARTESIAN_POINT('',(38.2468673283637,-0.251659038184726,7.));
#4399=CARTESIAN_POINT('',(38.2468673283637,0.522937631056759,5.5));
#4400=CARTESIAN_POINT('Origin',(38.2468673283637,0.522937631056759,6.45));
#4401=CARTESIAN_POINT('',(38.2468673283637,1.29753430029824,7.));
#4402=CARTESIAN_POINT('Origin',(38.2468673283637,0.522937631056759,6.45));
#4403=CARTESIAN_POINT('',(36.2468673283637,1.29753430029824,7.));
#4404=CARTESIAN_POINT('',(38.2468673283637,1.29753430029824,7.));
#4405=CARTESIAN_POINT('',(36.2468673283637,0.522937631056758,5.5));
#4406=CARTESIAN_POINT('Origin',(36.2468673283637,0.522937631056758,6.45));
#4407=CARTESIAN_POINT('Origin',(36.2468673283637,0.522937631056758,6.45));
#4408=CARTESIAN_POINT('Origin',(38.2468673283637,3.10627096439009,6.45));
#4409=CARTESIAN_POINT('',(38.2468673283637,2.33167429514861,7.));
#4410=CARTESIAN_POINT('',(36.2468673283637,2.33167429514861,7.));
#4411=CARTESIAN_POINT('',(38.2468673283637,2.33167429514861,7.));
#4412=CARTESIAN_POINT('',(38.2468673283637,3.10627096439009,5.5));
#4413=CARTESIAN_POINT('Origin',(38.2468673283637,3.10627096439009,6.45));
#4414=CARTESIAN_POINT('',(38.2468673283637,3.88086763363158,7.));
#4415=CARTESIAN_POINT('Origin',(38.2468673283637,3.10627096439009,6.45));
#4416=CARTESIAN_POINT('',(36.2468673283637,3.88086763363158,7.));
#4417=CARTESIAN_POINT('',(38.2468673283637,3.88086763363158,7.));
#4418=CARTESIAN_POINT('',(36.2468673283637,3.10627096439009,5.5));
#4419=CARTESIAN_POINT('Origin',(36.2468673283637,3.10627096439009,6.45));
#4420=CARTESIAN_POINT('Origin',(36.2468673283637,3.10627096439009,6.45));
#4421=CARTESIAN_POINT('Origin',(38.2468673283637,5.68960429772343,6.45));
#4422=CARTESIAN_POINT('',(38.2468673283637,4.91500762848194,7.));
#4423=CARTESIAN_POINT('',(36.2468673283637,4.91500762848194,7.));
#4424=CARTESIAN_POINT('',(38.2468673283637,4.91500762848194,7.));
#4425=CARTESIAN_POINT('',(38.2468673283637,5.68960429772343,5.5));
#4426=CARTESIAN_POINT('Origin',(38.2468673283637,5.68960429772343,6.45));
#4427=CARTESIAN_POINT('',(38.2468673283637,6.46420096696491,7.));
#4428=CARTESIAN_POINT('Origin',(38.2468673283637,5.68960429772343,6.45));
#4429=CARTESIAN_POINT('',(36.2468673283637,6.46420096696491,7.));
#4430=CARTESIAN_POINT('',(38.2468673283637,6.46420096696491,7.));
#4431=CARTESIAN_POINT('',(36.2468673283637,5.68960429772342,5.5));
#4432=CARTESIAN_POINT('Origin',(36.2468673283637,5.68960429772342,6.45));
#4433=CARTESIAN_POINT('Origin',(36.2468673283637,5.68960429772342,6.45));
#4434=CARTESIAN_POINT('Origin',(36.2468673283637,11.0229376310568,5.5));
#4435=CARTESIAN_POINT('',(36.2468673283637,7.49834096181527,7.));
#4436=CARTESIAN_POINT('',(36.2468673283637,11.0229376310568,7.));
#4437=CARTESIAN_POINT('',(36.2468673283637,8.27293763105676,5.5));
#4438=CARTESIAN_POINT('Origin',(36.2468673283637,8.27293763105676,6.45));
#4439=CARTESIAN_POINT('',(36.2468673283637,5.51146881552838,5.5));
#4440=CARTESIAN_POINT('Origin',(36.2468673283637,11.0229376310568,5.5));
#4441=CARTESIAN_POINT('',(36.2468673283637,11.0229376310568,7.));
#4442=CARTESIAN_POINT('',(36.2468673283637,5.51146881552838,5.5));
#4443=CARTESIAN_POINT('Origin',(36.2468673283637,11.0229376310568,5.5));
#4444=CARTESIAN_POINT('',(36.2468673283637,11.0229376310568,7.));
#4445=CARTESIAN_POINT('',(36.2468673283637,5.51146881552838,5.5));
#4446=CARTESIAN_POINT('Origin',(36.2468673283637,11.0229376310568,5.5));
#4447=CARTESIAN_POINT('',(36.2468673283637,11.0229376310568,7.));
#4448=CARTESIAN_POINT('',(36.2468673283637,5.51146881552838,5.5));
#4449=CARTESIAN_POINT('Origin',(36.2468673283637,11.0229376310568,5.5));
#4450=CARTESIAN_POINT('',(36.2468673283637,11.0229376310568,7.));
#4451=CARTESIAN_POINT('',(36.2468673283637,5.51146881552838,5.5));
#4452=CARTESIAN_POINT('Origin',(36.2468673283637,11.0229376310568,5.5));
#4453=CARTESIAN_POINT('',(36.2468673283637,11.0229376310568,7.));
#4454=CARTESIAN_POINT('',(36.2468673283637,5.51146881552838,5.5));
#4455=CARTESIAN_POINT('Origin',(36.2468673283637,11.0229376310568,5.5));
#4456=CARTESIAN_POINT('',(36.2468673283637,-9.97706236894325,5.5));
#4457=CARTESIAN_POINT('',(36.2468673283637,5.51146881552838,5.5));
#4458=CARTESIAN_POINT('',(36.2468673283637,-9.97706236894325,7.));
#4459=CARTESIAN_POINT('',(36.2468673283637,-9.97706236894325,5.5));
#4460=CARTESIAN_POINT('',(36.2468673283637,11.0229376310568,7.));
#4461=CARTESIAN_POINT('Origin',(38.2468673283637,-9.97706236894325,5.5));
#4462=CARTESIAN_POINT('',(38.2468673283637,8.27293763105676,5.5));
#4463=CARTESIAN_POINT('',(38.2468673283637,-4.98853118447162,5.5));
#4464=CARTESIAN_POINT('',(38.2468673283637,7.49834096181527,7.));
#4465=CARTESIAN_POINT('Origin',(38.2468673283637,8.27293763105676,6.45));
#4466=CARTESIAN_POINT('',(38.2468673283637,11.0229376310568,7.));
#4467=CARTESIAN_POINT('Origin',(38.2468673283637,-9.97706236894325,5.5));
#4468=CARTESIAN_POINT('',(38.2468673283637,-4.98853118447162,5.5));
#4469=CARTESIAN_POINT('',(38.2468673283637,11.0229376310568,7.));
#4470=CARTESIAN_POINT('Origin',(38.2468673283637,-9.97706236894325,5.5));
#4471=CARTESIAN_POINT('',(38.2468673283637,-4.98853118447162,5.5));
#4472=CARTESIAN_POINT('',(38.2468673283637,11.0229376310568,7.));
#4473=CARTESIAN_POINT('Origin',(38.2468673283637,-9.97706236894325,5.5));
#4474=CARTESIAN_POINT('',(38.2468673283637,-4.98853118447162,5.5));
#4475=CARTESIAN_POINT('',(38.2468673283637,11.0229376310568,7.));
#4476=CARTESIAN_POINT('Origin',(38.2468673283637,-9.97706236894325,5.5));
#4477=CARTESIAN_POINT('',(38.2468673283637,-4.98853118447162,5.5));
#4478=CARTESIAN_POINT('',(38.2468673283637,11.0229376310568,7.));
#4479=CARTESIAN_POINT('Origin',(38.2468673283637,-9.97706236894325,5.5));
#4480=CARTESIAN_POINT('',(38.2468673283637,-4.98853118447162,5.5));
#4481=CARTESIAN_POINT('',(38.2468673283637,11.0229376310568,7.));
#4482=CARTESIAN_POINT('Origin',(37.2468673283637,0.522937631056752,7.));
#4483=CARTESIAN_POINT('',(38.2468673283637,7.49834096181527,7.));
#4484=CARTESIAN_POINT('Origin',(37.2468673283637,0.522937631056752,7.));
#4485=CARTESIAN_POINT('Origin',(37.2468673283637,0.522937631056752,7.));
#4486=CARTESIAN_POINT('Origin',(37.2468673283637,0.522937631056752,7.));
#4487=CARTESIAN_POINT('Origin',(37.2468673283637,0.522937631056752,7.));
#4488=CARTESIAN_POINT('Origin',(37.2468673283637,0.522937631056752,7.));
#4489=CARTESIAN_POINT('Origin',(38.2468673283637,8.27293763105676,6.45));
#4490=CARTESIAN_POINT('',(36.2468673283637,9.04753430029824,7.));
#4491=CARTESIAN_POINT('',(38.2468673283637,9.04753430029824,7.));
#4492=CARTESIAN_POINT('',(38.2468673283637,9.04753430029824,7.));
#4493=CARTESIAN_POINT('Origin',(36.2468673283637,8.27293763105676,6.45));
#4494=CARTESIAN_POINT('Origin',(38.2468673283637,8.27293763105676,6.45));
#4495=CARTESIAN_POINT('Origin',(38.2468673283637,-9.97706236894325,5.5));
#4496=CARTESIAN_POINT('',(38.2468673283637,-9.97706236894325,7.));
#4497=CARTESIAN_POINT('',(38.2468673283637,11.0229376310568,7.));
#4498=CARTESIAN_POINT('',(38.2468673283637,-9.97706236894325,5.5));
#4499=CARTESIAN_POINT('',(38.2468673283637,-9.97706236894325,5.5));
#4500=CARTESIAN_POINT('',(38.2468673283637,-4.98853118447162,5.5));
#4501=CARTESIAN_POINT('Origin',(37.2468673283637,0.522937631056752,7.));
#4502=CARTESIAN_POINT('',(38.2468673283637,-9.97706236894325,7.));
#4503=CARTESIAN_POINT('Origin',(15.0368673283637,-7.22706236894325,6.45));
#4504=CARTESIAN_POINT('',(17.0368673283637,-8.00165903818473,7.));
#4505=CARTESIAN_POINT('',(15.0368673283637,-8.00165903818473,7.));
#4506=CARTESIAN_POINT('',(15.0368673283637,-8.00165903818473,7.));
#4507=CARTESIAN_POINT('',(17.0368673283637,-7.22706236894325,5.5));
#4508=CARTESIAN_POINT('Origin',(17.0368673283637,-7.22706236894325,6.45));
#4509=CARTESIAN_POINT('',(17.0368673283637,-6.45246569970176,7.));
#4510=CARTESIAN_POINT('Origin',(17.0368673283637,-7.22706236894325,6.45));
#4511=CARTESIAN_POINT('',(15.0368673283637,-6.45246569970176,7.));
#4512=CARTESIAN_POINT('',(15.0368673283637,-6.45246569970176,7.));
#4513=CARTESIAN_POINT('',(15.0368673283637,-7.22706236894325,5.5));
#4514=CARTESIAN_POINT('Origin',(15.0368673283637,-7.22706236894325,6.45));
#4515=CARTESIAN_POINT('Origin',(15.0368673283637,-7.22706236894325,6.45));
#4516=CARTESIAN_POINT('Origin',(15.0368673283637,-4.64372903560991,6.45));
#4517=CARTESIAN_POINT('',(17.0368673283637,-5.4183257048514,7.));
#4518=CARTESIAN_POINT('',(15.0368673283637,-5.4183257048514,7.));
#4519=CARTESIAN_POINT('',(15.0368673283637,-5.4183257048514,7.));
#4520=CARTESIAN_POINT('',(17.0368673283637,-4.64372903560991,5.5));
#4521=CARTESIAN_POINT('Origin',(17.0368673283637,-4.64372903560991,6.45));
#4522=CARTESIAN_POINT('',(17.0368673283637,-3.86913236636843,7.));
#4523=CARTESIAN_POINT('Origin',(17.0368673283637,-4.64372903560991,6.45));
#4524=CARTESIAN_POINT('',(15.0368673283637,-3.86913236636843,7.));
#4525=CARTESIAN_POINT('',(15.0368673283637,-3.86913236636843,7.));
#4526=CARTESIAN_POINT('',(15.0368673283637,-4.64372903560991,5.5));
#4527=CARTESIAN_POINT('Origin',(15.0368673283637,-4.64372903560991,6.45));
#4528=CARTESIAN_POINT('Origin',(15.0368673283637,-4.64372903560991,6.45));
#4529=CARTESIAN_POINT('Origin',(15.0368673283637,-2.06039570227658,6.45));
#4530=CARTESIAN_POINT('',(17.0368673283637,-2.83499237151807,7.));
#4531=CARTESIAN_POINT('',(15.0368673283637,-2.83499237151807,7.));
#4532=CARTESIAN_POINT('',(15.0368673283637,-2.83499237151807,7.));
#4533=CARTESIAN_POINT('',(17.0368673283637,-2.06039570227658,5.5));
#4534=CARTESIAN_POINT('Origin',(17.0368673283637,-2.06039570227658,6.45));
#4535=CARTESIAN_POINT('',(17.0368673283637,-1.2857990330351,7.));
#4536=CARTESIAN_POINT('Origin',(17.0368673283637,-2.06039570227658,6.45));
#4537=CARTESIAN_POINT('',(15.0368673283637,-1.2857990330351,7.));
#4538=CARTESIAN_POINT('',(15.0368673283637,-1.2857990330351,7.));
#4539=CARTESIAN_POINT('',(15.0368673283637,-2.06039570227658,5.5));
#4540=CARTESIAN_POINT('Origin',(15.0368673283637,-2.06039570227658,6.45));
#4541=CARTESIAN_POINT('Origin',(15.0368673283637,-2.06039570227658,6.45));
#4542=CARTESIAN_POINT('Origin',(15.0368673283637,0.522937631056752,6.45));
#4543=CARTESIAN_POINT('',(17.0368673283637,-0.251659038184733,7.));
#4544=CARTESIAN_POINT('',(15.0368673283637,-0.251659038184733,7.));
#4545=CARTESIAN_POINT('',(15.0368673283637,-0.251659038184733,7.));
#4546=CARTESIAN_POINT('',(17.0368673283637,0.522937631056752,5.5));
#4547=CARTESIAN_POINT('Origin',(17.0368673283637,0.522937631056752,6.45));
#4548=CARTESIAN_POINT('',(17.0368673283637,1.29753430029824,7.));
#4549=CARTESIAN_POINT('Origin',(17.0368673283637,0.522937631056752,6.45));
#4550=CARTESIAN_POINT('',(15.0368673283637,1.29753430029824,7.));
#4551=CARTESIAN_POINT('',(15.0368673283637,1.29753430029824,7.));
#4552=CARTESIAN_POINT('',(15.0368673283637,0.522937631056752,5.5));
#4553=CARTESIAN_POINT('Origin',(15.0368673283637,0.522937631056752,6.45));
#4554=CARTESIAN_POINT('Origin',(15.0368673283637,0.522937631056752,6.45));
#4555=CARTESIAN_POINT('Origin',(15.0368673283637,3.10627096439009,6.45));
#4556=CARTESIAN_POINT('',(17.0368673283637,2.3316742951486,7.));
#4557=CARTESIAN_POINT('',(15.0368673283637,2.3316742951486,7.));
#4558=CARTESIAN_POINT('',(15.0368673283637,2.3316742951486,7.));
#4559=CARTESIAN_POINT('',(17.0368673283637,3.10627096439009,5.5));
#4560=CARTESIAN_POINT('Origin',(17.0368673283637,3.10627096439009,6.45));
#4561=CARTESIAN_POINT('',(17.0368673283637,3.88086763363157,7.));
#4562=CARTESIAN_POINT('Origin',(17.0368673283637,3.10627096439009,6.45));
#4563=CARTESIAN_POINT('',(15.0368673283637,3.88086763363157,7.));
#4564=CARTESIAN_POINT('',(15.0368673283637,3.88086763363157,7.));
#4565=CARTESIAN_POINT('',(15.0368673283637,3.10627096439009,5.5));
#4566=CARTESIAN_POINT('Origin',(15.0368673283637,3.10627096439009,6.45));
#4567=CARTESIAN_POINT('Origin',(15.0368673283637,3.10627096439009,6.45));
#4568=CARTESIAN_POINT('Origin',(15.0368673283637,5.68960429772342,6.45));
#4569=CARTESIAN_POINT('',(17.0368673283637,4.91500762848194,7.));
#4570=CARTESIAN_POINT('',(15.0368673283637,4.91500762848194,7.));
#4571=CARTESIAN_POINT('',(15.0368673283637,4.91500762848194,7.));
#4572=CARTESIAN_POINT('',(17.0368673283637,5.68960429772342,5.5));
#4573=CARTESIAN_POINT('Origin',(17.0368673283637,5.68960429772342,6.45));
#4574=CARTESIAN_POINT('',(17.0368673283637,6.46420096696491,7.));
#4575=CARTESIAN_POINT('Origin',(17.0368673283637,5.68960429772342,6.45));
#4576=CARTESIAN_POINT('',(15.0368673283637,6.46420096696491,7.));
#4577=CARTESIAN_POINT('',(15.0368673283637,6.46420096696491,7.));
#4578=CARTESIAN_POINT('',(15.0368673283637,5.68960429772342,5.5));
#4579=CARTESIAN_POINT('Origin',(15.0368673283637,5.68960429772342,6.45));
#4580=CARTESIAN_POINT('Origin',(15.0368673283637,5.68960429772342,6.45));
#4581=CARTESIAN_POINT('Origin',(15.0368673283637,11.0229376310568,5.5));
#4582=CARTESIAN_POINT('',(15.0368673283637,7.49834096181527,7.));
#4583=CARTESIAN_POINT('',(15.0368673283637,-9.97706236894325,7.));
#4584=CARTESIAN_POINT('',(15.0368673283637,8.27293763105675,5.5));
#4585=CARTESIAN_POINT('Origin',(15.0368673283637,8.27293763105675,6.45));
#4586=CARTESIAN_POINT('',(15.0368673283637,5.51146881552838,5.5));
#4587=CARTESIAN_POINT('Origin',(15.0368673283637,11.0229376310568,5.5));
#4588=CARTESIAN_POINT('',(15.0368673283637,-9.97706236894325,7.));
#4589=CARTESIAN_POINT('',(15.0368673283637,5.51146881552838,5.5));
#4590=CARTESIAN_POINT('Origin',(15.0368673283637,11.0229376310568,5.5));
#4591=CARTESIAN_POINT('',(15.0368673283637,-9.97706236894325,7.));
#4592=CARTESIAN_POINT('',(15.0368673283637,5.51146881552838,5.5));
#4593=CARTESIAN_POINT('Origin',(15.0368673283637,11.0229376310568,5.5));
#4594=CARTESIAN_POINT('',(15.0368673283637,-9.97706236894325,7.));
#4595=CARTESIAN_POINT('',(15.0368673283637,5.51146881552838,5.5));
#4596=CARTESIAN_POINT('Origin',(15.0368673283637,11.0229376310568,5.5));
#4597=CARTESIAN_POINT('',(15.0368673283637,-9.97706236894325,7.));
#4598=CARTESIAN_POINT('',(15.0368673283637,5.51146881552838,5.5));
#4599=CARTESIAN_POINT('Origin',(15.0368673283637,11.0229376310568,5.5));
#4600=CARTESIAN_POINT('',(15.0368673283637,-9.97706236894325,7.));
#4601=CARTESIAN_POINT('',(15.0368673283637,5.51146881552838,5.5));
#4602=CARTESIAN_POINT('Origin',(16.0368673283637,0.522937631056752,7.));
#4603=CARTESIAN_POINT('',(17.0368673283637,7.49834096181527,7.));
#4604=CARTESIAN_POINT('',(17.0368673283637,-9.97706236894325,7.));
#4605=CARTESIAN_POINT('',(15.0368673283637,7.49834096181527,7.));
#4606=CARTESIAN_POINT('Origin',(16.0368673283637,0.522937631056752,7.));
#4607=CARTESIAN_POINT('',(17.0368673283637,-9.97706236894325,7.));
#4608=CARTESIAN_POINT('Origin',(16.0368673283637,0.522937631056752,7.));
#4609=CARTESIAN_POINT('',(17.0368673283637,-9.97706236894325,7.));
#4610=CARTESIAN_POINT('Origin',(16.0368673283637,0.522937631056752,7.));
#4611=CARTESIAN_POINT('',(17.0368673283637,-9.97706236894325,7.));
#4612=CARTESIAN_POINT('Origin',(16.0368673283637,0.522937631056752,7.));
#4613=CARTESIAN_POINT('',(17.0368673283637,-9.97706236894325,7.));
#4614=CARTESIAN_POINT('Origin',(16.0368673283637,0.522937631056752,7.));
#4615=CARTESIAN_POINT('',(17.0368673283637,-9.97706236894325,7.));
#4616=CARTESIAN_POINT('Origin',(17.0368673283637,-9.97706236894325,5.5));
#4617=CARTESIAN_POINT('',(17.0368673283637,8.27293763105675,5.5));
#4618=CARTESIAN_POINT('',(17.0368673283637,-4.98853118447162,5.5));
#4619=CARTESIAN_POINT('Origin',(17.0368673283637,8.27293763105675,6.45));
#4620=CARTESIAN_POINT('Origin',(17.0368673283637,-9.97706236894325,5.5));
#4621=CARTESIAN_POINT('',(17.0368673283637,-4.98853118447162,5.5));
#4622=CARTESIAN_POINT('Origin',(17.0368673283637,-9.97706236894325,5.5));
#4623=CARTESIAN_POINT('',(17.0368673283637,-4.98853118447162,5.5));
#4624=CARTESIAN_POINT('Origin',(17.0368673283637,-9.97706236894325,5.5));
#4625=CARTESIAN_POINT('',(17.0368673283637,-4.98853118447162,5.5));
#4626=CARTESIAN_POINT('Origin',(17.0368673283637,-9.97706236894325,5.5));
#4627=CARTESIAN_POINT('',(17.0368673283637,-4.98853118447162,5.5));
#4628=CARTESIAN_POINT('Origin',(17.0368673283637,-9.97706236894325,5.5));
#4629=CARTESIAN_POINT('',(17.0368673283637,-4.98853118447162,5.5));
#4630=CARTESIAN_POINT('Origin',(15.0368673283637,8.27293763105675,6.45));
#4631=CARTESIAN_POINT('',(17.0368673283637,9.04753430029824,7.));
#4632=CARTESIAN_POINT('Origin',(17.0368673283637,8.27293763105675,6.45));
#4633=CARTESIAN_POINT('',(15.0368673283637,9.04753430029824,7.));
#4634=CARTESIAN_POINT('',(15.0368673283637,9.04753430029824,7.));
#4635=CARTESIAN_POINT('Origin',(15.0368673283637,8.27293763105675,6.45));
#4636=CARTESIAN_POINT('Origin',(15.0368673283637,11.0229376310568,5.5));
#4637=CARTESIAN_POINT('',(15.0368673283637,11.0229376310568,7.));
#4638=CARTESIAN_POINT('',(15.0368673283637,-9.97706236894325,7.));
#4639=CARTESIAN_POINT('',(15.0368673283637,11.0229376310568,5.5));
#4640=CARTESIAN_POINT('',(15.0368673283637,11.0229376310568,5.5));
#4641=CARTESIAN_POINT('',(15.0368673283637,5.51146881552838,5.5));
#4642=CARTESIAN_POINT('Origin',(16.0368673283637,0.522937631056752,7.));
#4643=CARTESIAN_POINT('',(17.0368673283637,11.0229376310568,7.));
#4644=CARTESIAN_POINT('',(17.0368673283637,-9.97706236894325,7.));
#4645=CARTESIAN_POINT('',(15.0368673283637,11.0229376310568,7.));
#4646=CARTESIAN_POINT('Origin',(17.0368673283637,-9.97706236894325,5.5));
#4647=CARTESIAN_POINT('',(17.0368673283637,11.0229376310568,5.5));
#4648=CARTESIAN_POINT('',(17.0368673283637,-4.98853118447162,5.5));
#4649=CARTESIAN_POINT('',(17.0368673283637,11.0229376310568,5.5));
#4650=CARTESIAN_POINT('Origin',(15.0368673283637,11.0229376310568,5.5));
#4651=CARTESIAN_POINT('',(15.0368673283637,-9.97706236894325,5.5));
#4652=CARTESIAN_POINT('',(15.0368673283637,5.51146881552838,5.5));
#4653=CARTESIAN_POINT('',(15.0368673283637,-9.97706236894325,7.));
#4654=CARTESIAN_POINT('',(15.0368673283637,-9.97706236894325,5.5));
#4655=CARTESIAN_POINT('',(15.0368673283637,-9.97706236894325,7.));
#4656=CARTESIAN_POINT('Origin',(17.0368673283637,11.0229376310568,5.5));
#4657=CARTESIAN_POINT('',(22.0184336641818,11.0229376310568,5.5));
#4658=CARTESIAN_POINT('Origin',(17.0368673283637,-9.97706236894325,5.5));
#4659=CARTESIAN_POINT('',(17.0368673283637,-9.97706236894325,7.));
#4660=CARTESIAN_POINT('',(17.0368673283637,-9.97706236894325,7.));
#4661=CARTESIAN_POINT('',(17.0368673283637,-9.97706236894325,5.5));
#4662=CARTESIAN_POINT('',(17.0368673283637,-9.97706236894325,5.5));
#4663=CARTESIAN_POINT('',(17.0368673283637,-4.98853118447162,5.5));
#4664=CARTESIAN_POINT('Origin',(15.0368673283637,-9.97706236894325,5.5));
#4665=CARTESIAN_POINT('',(21.0184336641818,-9.97706236894325,5.5));
#4666=CARTESIAN_POINT('',(38.2468673283637,-9.97706236894325,7.));
#4667=CARTESIAN_POINT('Origin',(16.0368673283637,0.522937631056752,7.));
#4668=CARTESIAN_POINT('Origin',(38.2468673283637,-9.97706236894325,5.5));
#4669=CARTESIAN_POINT('',(38.2468673283637,11.0229376310568,5.5));
#4670=CARTESIAN_POINT('',(38.2468673283637,-4.98853118447162,5.5));
#4671=CARTESIAN_POINT('',(38.2468673283637,11.0229376310568,7.));
#4672=CARTESIAN_POINT('',(38.2468673283637,11.0229376310568,5.5));
#4673=CARTESIAN_POINT('',(38.2468673283637,11.0229376310568,7.));
#4674=CARTESIAN_POINT('Origin',(36.2468673283637,-9.97706236894325,5.5));
#4675=CARTESIAN_POINT('',(31.6234336641818,-9.97706236894325,5.5));
#4676=CARTESIAN_POINT('Origin',(36.2468673283637,11.0229376310568,5.5));
#4677=CARTESIAN_POINT('',(36.2468673283637,11.0229376310568,7.));
#4678=CARTESIAN_POINT('',(36.2468673283637,11.0229376310568,7.));
#4679=CARTESIAN_POINT('',(36.2468673283637,11.0229376310568,5.5));
#4680=CARTESIAN_POINT('',(36.2468673283637,11.0229376310568,5.5));
#4681=CARTESIAN_POINT('',(36.2468673283637,5.51146881552838,5.5));
#4682=CARTESIAN_POINT('Origin',(38.2468673283637,11.0229376310568,5.5));
#4683=CARTESIAN_POINT('',(32.6234336641819,11.0229376310568,5.5));
#4684=CARTESIAN_POINT('',(15.0368673283637,11.0229376310568,7.));
#4685=CARTESIAN_POINT('Origin',(37.2468673283637,0.522937631056752,7.));
#4686=CARTESIAN_POINT('Origin',(43.8759875838356,-15.4935236939465,5.5));
#4687=CARTESIAN_POINT('',(41.1760095047285,-15.4935236939465,5.37168910348919));
#4688=CARTESIAN_POINT('',(41.3777914080623,-15.4935236939465,5.5));
#4689=CARTESIAN_POINT('Ctrl Pts',(41.1760095047286,-15.4935236939465,5.37168910348919));
#4690=CARTESIAN_POINT('Ctrl Pts',(41.242943116153,-15.4935236939465,5.41369860820685));
#4691=CARTESIAN_POINT('Ctrl Pts',(41.3096174310109,-15.4935236939465,5.45608514895238));
#4692=CARTESIAN_POINT('Ctrl Pts',(41.3760095047285,-15.4935236939465,5.49885204023484));
#4693=CARTESIAN_POINT('Ctrl Pts',(41.3766034940426,-15.4935236939465,5.49923466236115));
#4694=CARTESIAN_POINT('Ctrl Pts',(41.3771974618261,-15.4935236939465,5.49961731561539));
#4695=CARTESIAN_POINT('Ctrl Pts',(41.3777914080623,-15.4935236939465,5.49999999999999));
#4696=CARTESIAN_POINT('',(41.1760095047285,-15.4935236939465,5.5));
#4697=CARTESIAN_POINT('',(41.1760095047285,-15.4935236939465,5.5));
#4698=CARTESIAN_POINT('',(35.4379937919178,-15.4935236939465,5.5));
#4699=CARTESIAN_POINT('Origin',(44.0759875838356,-12.0165634685555,5.5));
#4700=CARTESIAN_POINT('',(44.0759875838356,-15.2068697695898,5.5));
#4701=CARTESIAN_POINT('',(44.0759875838356,-14.5872562127935,2.5));
#4702=CARTESIAN_POINT('Ctrl Pts',(44.0759875838356,-15.2068697695898,5.5));
#4703=CARTESIAN_POINT('Ctrl Pts',(44.0759875838356,-15.0463283978773,4.49867334555094));
#4704=CARTESIAN_POINT('Ctrl Pts',(44.0759875838356,-14.8431403085725,3.49202822246833));
#4705=CARTESIAN_POINT('Ctrl Pts',(44.0759875838356,-14.5872562127935,2.5));
#4706=CARTESIAN_POINT('',(44.0759875838356,-12.0274358988575,5.5));
#4707=CARTESIAN_POINT('',(44.0759875838356,-6.00828173427775,5.5));
#4708=CARTESIAN_POINT('',(44.0759875838079,-12.0274359201907,2.5));
#4709=CARTESIAN_POINT('',(44.0759875838356,-12.0274358988567,5.5));
#4710=CARTESIAN_POINT('',(44.0759875838356,-6.00828173427775,2.5));
#4711=CARTESIAN_POINT('Origin',(41.1760095047285,-15.4935236939465,5.5));
#4712=CARTESIAN_POINT('',(41.1760095047286,-14.901834518775,2.5));
#4713=CARTESIAN_POINT('Ctrl Pts',(41.1760095047285,-14.901834518775,2.49999999999999));
#4714=CARTESIAN_POINT('Ctrl Pts',(41.1760095047285,-15.1397774462305,3.43428860005801));
#4715=CARTESIAN_POINT('Ctrl Pts',(41.1760095047285,-15.3351915139183,4.39483539846314));
#4716=CARTESIAN_POINT('Ctrl Pts',(41.1760095047285,-15.4935236939465,5.37168910348919));
#4717=CARTESIAN_POINT('',(41.1760095047562,-12.0274359201853,2.5));
#4718=CARTESIAN_POINT('',(41.1760095047285,-7.74676184697325,2.5));
#4719=CARTESIAN_POINT('',(41.1760095047562,-12.0274359201853,5.5));
#4720=CARTESIAN_POINT('',(41.1760095047285,-12.0274358988521,5.5));
#4721=CARTESIAN_POINT('',(41.1760095047285,-7.74676184697325,5.5));
#4722=CARTESIAN_POINT('Origin',(44.0759875838356,15.2287332597053,5.5));
#4723=CARTESIAN_POINT('',(44.0759875838079,12.0274359201879,5.5));
#4724=CARTESIAN_POINT('',(44.0759875838079,12.0274359201879,2.5));
#4725=CARTESIAN_POINT('',(44.0759875838356,12.0274358988543,5.5));
#4726=CARTESIAN_POINT('',(44.0759875838052,15.2066981012854,5.5));
#4727=CARTESIAN_POINT('',(44.0759875838356,7.61436662985267,5.5));
#4728=CARTESIAN_POINT('',(44.0759875838356,14.5870932063357,2.5));
#4729=CARTESIAN_POINT('Ctrl Pts',(44.0759875838356,14.5870932063358,2.49999999999999));
#4730=CARTESIAN_POINT('Ctrl Pts',(44.0759875838356,14.8384917623802,3.47465212651111));
#4731=CARTESIAN_POINT('Ctrl Pts',(44.0759875838356,15.0429235952187,4.47849352500716));
#4732=CARTESIAN_POINT('Ctrl Pts',(44.0759875838356,15.2066981012673,5.5000000000029));
#4733=CARTESIAN_POINT('',(44.0759875838356,7.61436662985267,2.5));
#4734=CARTESIAN_POINT('Origin',(41.1760095047285,12.0165634685555,5.5));
#4735=CARTESIAN_POINT('',(41.1760095047562,12.0274359201879,2.5));
#4736=CARTESIAN_POINT('',(41.1760095047285,12.0274358988547,5.5));
#4737=CARTESIAN_POINT('',(41.1760095047285,12.0274358988543,5.5));
#4738=CARTESIAN_POINT('',(41.1760095047286,14.9016602622253,2.5));
#4739=CARTESIAN_POINT('',(41.1760095047285,6.00828173427776,2.5));
#4740=CARTESIAN_POINT('',(41.1760095046944,15.513910339624,5.5));
#4741=CARTESIAN_POINT('Ctrl Pts',(41.1760095047285,15.5139103396075,5.50000000000261));
#4742=CARTESIAN_POINT('Ctrl Pts',(41.1760095047285,15.4015152775214,4.79106988456537));
#4743=CARTESIAN_POINT('Ctrl Pts',(41.1760095047285,15.2698475716491,4.09095994831942));
#4744=CARTESIAN_POINT('Ctrl Pts',(41.1760095047285,15.049921276658,3.10220184835102));
#4745=CARTESIAN_POINT('Ctrl Pts',(41.1760095047285,14.978285951523,2.80087689764846));
#4746=CARTESIAN_POINT('Ctrl Pts',(41.1760095047285,14.9016602622253,2.5));
#4747=CARTESIAN_POINT('',(41.1760095047285,6.00828173427776,5.5));
#4748=CARTESIAN_POINT('Ctrl Pts',(66.2017018535129,-11.5952663360884,5.59655019817223));
#4749=CARTESIAN_POINT('Ctrl Pts',(65.7663824714716,-11.4820622774031,4.49991354465404));
#4750=CARTESIAN_POINT('Ctrl Pts',(65.227194660549,-11.343948220978,3.46813188902224));
#4751=CARTESIAN_POINT('Ctrl Pts',(64.5847528236322,-11.1835174175324,2.5));
#4752=CARTESIAN_POINT('Ctrl Pts',(64.5864975942115,-11.9798155175628,5.58001299763406));
#4753=CARTESIAN_POINT('Ctrl Pts',(64.1657539036665,-11.8619750720896,4.48056014344774));
#4754=CARTESIAN_POINT('Ctrl Pts',(63.6446626395914,-11.7179486739833,3.44585281859251));
#4755=CARTESIAN_POINT('Ctrl Pts',(63.0236335212885,-11.5504327225444,2.47510265415366));
#4756=CARTESIAN_POINT('Ctrl Pts',(62.888769846734,-12.3402490544136,5.56816290633013));
#4757=CARTESIAN_POINT('Ctrl Pts',(62.4836070636827,-12.2182378422986,4.46659582084195));
#4758=CARTESIAN_POINT('Ctrl Pts',(61.9816897503214,-12.0690978901159,3.42990249394909));
#4759=CARTESIAN_POINT('Ctrl Pts',(61.3835805660775,-11.8952567612317,2.45716996983612));
#4760=CARTESIAN_POINT('Ctrl Pts',(55.8168330343113,-13.7196662769477,5.52847207409593));
#4761=CARTESIAN_POINT('Ctrl Pts',(55.4764853843245,-13.5823378077735,4.42008652914788));
#4762=CARTESIAN_POINT('Ctrl Pts',(55.0549286962491,-13.4137463444308,3.37619761694019));
#4763=CARTESIAN_POINT('Ctrl Pts',(54.5523254462266,-13.2166802150501,2.39692600866272));
#4764=CARTESIAN_POINT('Ctrl Pts',(49.9046284478233,-14.5643497234787,5.51015363135779));
#4765=CARTESIAN_POINT('Ctrl Pts',(49.6193727145674,-14.417753182596,4.3984858828672));
#4766=CARTESIAN_POINT('Ctrl Pts',(49.2665455722786,-14.2379621978438,3.35126539124596));
#4767=CARTESIAN_POINT('Ctrl Pts',(48.8451243180244,-14.0269548923497,2.36868959127049));
#4768=CARTESIAN_POINT('Ctrl Pts',(44.0759875838355,-15.2068697695898,5.50000000000001));
#4769=CARTESIAN_POINT('Ctrl Pts',(43.8453048755156,-15.0538355369231,4.38648760276173));
#4770=CARTESIAN_POINT('Ctrl Pts',(43.5593888471548,-14.8657930069448,3.33751272097616));
#4771=CARTESIAN_POINT('Ctrl Pts',(43.2184044904034,-14.6450923837294,2.35312238895036));
#4772=CARTESIAN_POINT('',(64.5847528236322,-11.1835174175324,2.5));
#4773=CARTESIAN_POINT('Ctrl Pts',(64.5843616695648,-11.1819320432612,2.50000000000001));
#4774=CARTESIAN_POINT('Ctrl Pts',(63.2047302208183,-11.5141696734128,2.50000000000001));
#4775=CARTESIAN_POINT('Ctrl Pts',(61.5954908736638,-11.8674293151834,2.50000000000001));
#4776=CARTESIAN_POINT('Ctrl Pts',(59.718688358772,-12.2345222035179,2.50000000000001));
#4777=CARTESIAN_POINT('Ctrl Pts',(58.4408378891063,-12.4844631621681,2.50000000000001));
#4778=CARTESIAN_POINT('Ctrl Pts',(57.057874449338,-12.7364921726093,2.50000000000001));
#4779=CARTESIAN_POINT('Ctrl Pts',(55.6731085066326,-12.9711412071915,2.50000000000001));
#4780=CARTESIAN_POINT('Ctrl Pts',(52.0968164373218,-13.5771450491176,2.50000000000001));
#4781=CARTESIAN_POINT('Ctrl Pts',(48.2961243543721,-14.1078261004657,2.50000000000001));
#4782=CARTESIAN_POINT('Ctrl Pts',(44.0759707084189,-14.5871553367111,2.50000000000001));
#4783=CARTESIAN_POINT('',(64.9975778257549,-11.8576108566903,5.50000000000001));
#4784=CARTESIAN_POINT('Ctrl Pts',(64.5847528236322,-11.1835174175324,2.5));
#4785=CARTESIAN_POINT('Ctrl Pts',(64.7071069278756,-11.4514797405168,3.41460297033188));
#4786=CARTESIAN_POINT('Ctrl Pts',(64.8540495261049,-11.6766918021972,4.41533350819975));
#4787=CARTESIAN_POINT('Ctrl Pts',(64.9975778257549,-11.8576108566903,5.50000000000001));
#4788=CARTESIAN_POINT('Ctrl Pts',(44.0759875838356,-15.2068697695898,5.5));
#4789=CARTESIAN_POINT('Ctrl Pts',(45.8637354995294,-15.0092981216695,5.5));
#4790=CARTESIAN_POINT('Ctrl Pts',(47.5812793754246,-14.8029735077208,5.4999999999877));
#4791=CARTESIAN_POINT('Ctrl Pts',(53.6189343963952,-14.0149753138184,5.4999999999877));
#4792=CARTESIAN_POINT('Ctrl Pts',(59.6220185398169,-13.0812483169085,5.49999999999998));
#4793=CARTESIAN_POINT('Ctrl Pts',(64.9975778257549,-11.8576108566903,5.49999999999998));
#4794=CARTESIAN_POINT('Ctrl Pts',(41.9138653660658,-15.4400141909265,5.51066969210536));
#4795=CARTESIAN_POINT('Ctrl Pts',(41.7136650432283,-15.2922674162608,4.44850320021515));
#4796=CARTESIAN_POINT('Ctrl Pts',(41.4676753045229,-15.1122051147684,3.44491582123138));
#4797=CARTESIAN_POINT('Ctrl Pts',(41.1760095047286,-14.901834518775,2.49999999999999));
#4798=CARTESIAN_POINT('Ctrl Pts',(39.2000269794516,-15.7209518320625,5.50691269114625));
#4799=CARTESIAN_POINT('Ctrl Pts',(39.0239238433983,-15.5705577854184,4.44409723355918));
#4800=CARTESIAN_POINT('Ctrl Pts',(38.8071525847169,-15.3872412286241,3.43988773078587));
#4801=CARTESIAN_POINT('Ctrl Pts',(38.5505143521728,-15.1729500228102,2.49432073291375));
#4802=CARTESIAN_POINT('Ctrl Pts',(32.5375693074461,-16.3333408378435,5.50224634622189));
#4803=CARTESIAN_POINT('Ctrl Pts',(32.4194531614109,-16.1774639092354,4.43865108508369));
#4804=CARTESIAN_POINT('Ctrl Pts',(32.274279566657,-15.9873457464641,3.43357461409118));
#4805=CARTESIAN_POINT('Ctrl Pts',(32.1021992263222,-15.7649600621812,2.48719881973113));
#4806=CARTESIAN_POINT('Ctrl Pts',(26.2723970252461,-16.8184821935372,5.50109455568663));
#4807=CARTESIAN_POINT('Ctrl Pts',(26.2076779245157,-16.6582878352151,4.43730449024068));
#4808=CARTESIAN_POINT('Ctrl Pts',(26.1286223802451,-16.4628279029012,3.43199378387075));
#4809=CARTESIAN_POINT('Ctrl Pts',(26.0346663036394,-16.234133759737,2.48541372761495));
#4810=CARTESIAN_POINT('Ctrl Pts',(21.2496768065797,-17.158009536416,5.50058046204094));
#4811=CARTESIAN_POINT('Ctrl Pts',(21.2291839338168,-16.9947990059187,4.43668606457652));
#4812=CARTESIAN_POINT('Ctrl Pts',(21.2039844275871,-16.7956791000985,3.43132087608827));
#4813=CARTESIAN_POINT('Ctrl Pts',(21.1744162859377,-16.5625814078253,2.48463672372528));
#4814=CARTESIAN_POINT('Ctrl Pts',(20.1214395036298,-17.2308038576574,5.50056038846705));
#4815=CARTESIAN_POINT('Ctrl Pts',(20.1107635883845,-17.0669608538419,4.43667098643913));
#4816=CARTESIAN_POINT('Ctrl Pts',(20.0978328710275,-16.8670424239652,3.43128633845433));
#4817=CARTESIAN_POINT('Ctrl Pts',(20.0825833256568,-16.6330234201375,2.48460683116716));
#4818=CARTESIAN_POINT('Ctrl Pts',(18.9804382046978,-17.3010787499207,5.50058436831437));
#4819=CARTESIAN_POINT('Ctrl Pts',(18.9798548521139,-17.1366238656018,4.4366960273031));
#4820=CARTESIAN_POINT('Ctrl Pts',(18.9792224443966,-16.9359632118214,3.4313242593149));
#4821=CARTESIAN_POINT('Ctrl Pts',(18.9786570409253,-16.7010520266723,2.48464678754197));
#4822=CARTESIAN_POINT('',(18.9804378888313,-17.3009884139754,5.5));
#4823=CARTESIAN_POINT('Ctrl Pts',(18.9804378888312,-17.3009884139754,5.5));
#4824=CARTESIAN_POINT('Ctrl Pts',(26.221549249468,-16.8550279139161,5.5));
#4825=CARTESIAN_POINT('Ctrl Pts',(34.2205633042279,-16.2251346394529,5.5));
#4826=CARTESIAN_POINT('Ctrl Pts',(41.3777914080623,-15.4935236939465,5.5));
#4827=CARTESIAN_POINT('',(19.2233808067178,-16.6897267492066,2.5));
#4828=CARTESIAN_POINT('Ctrl Pts',(18.9804378888312,-17.3009884139754,5.5));
#4829=CARTESIAN_POINT('Ctrl Pts',(19.0676871965722,-17.1317694133668,4.4403916941548));
#4830=CARTESIAN_POINT('Ctrl Pts',(19.1550308574841,-16.926925724685,3.44076320385642));
#4831=CARTESIAN_POINT('Ctrl Pts',(19.2233808067178,-16.6897267492066,2.5));
#4832=CARTESIAN_POINT('Ctrl Pts',(41.1760105247293,-14.9018292969423,2.50000000000001));
#4833=CARTESIAN_POINT('Ctrl Pts',(39.2184606714779,-15.1050434728922,2.50000000000001));
#4834=CARTESIAN_POINT('Ctrl Pts',(37.1701426614963,-15.3004592772089,2.5));
#4835=CARTESIAN_POINT('Ctrl Pts',(35.0143149142355,-15.4925875166083,2.5));
#4836=CARTESIAN_POINT('Ctrl Pts',(34.3319872740788,-15.5533968314357,2.5));
#4837=CARTESIAN_POINT('Ctrl Pts',(33.6388883712707,-15.6138728350989,2.5));
#4838=CARTESIAN_POINT('Ctrl Pts',(32.9344795108994,-15.6740830027286,2.5));
#4839=CARTESIAN_POINT('Ctrl Pts',(32.4157107698552,-15.7184253649795,2.5));
#4840=CARTESIAN_POINT('Ctrl Pts',(31.8908076719014,-15.762622003486,2.5));
#4841=CARTESIAN_POINT('Ctrl Pts',(31.359552830431,-15.8066696480369,2.5));
#4842=CARTESIAN_POINT('Ctrl Pts',(30.989969752294,-15.8373126893553,2.5));
#4843=CARTESIAN_POINT('Ctrl Pts',(30.6047787603435,-15.8690054801307,2.5));
#4844=CARTESIAN_POINT('Ctrl Pts',(30.0904357927721,-15.9106102249812,2.5));
#4845=CARTESIAN_POINT('Ctrl Pts',(28.3705177976512,-16.0497328607755,2.5));
#4846=CARTESIAN_POINT('Ctrl Pts',(25.5871749562997,-16.2684091450731,2.5));
#4847=CARTESIAN_POINT('Ctrl Pts',(22.2551697038848,-16.4933735312489,2.5));
#4848=CARTESIAN_POINT('Ctrl Pts',(21.2866957316453,-16.5587612291027,2.5));
#4849=CARTESIAN_POINT('Ctrl Pts',(20.2719047675112,-16.6249131984362,2.5));
#4850=CARTESIAN_POINT('Ctrl Pts',(19.2234644422068,-16.690513509184,2.5));
#4851=CARTESIAN_POINT('Origin',(27.,1.33226762955019E-14,5.5));
#4852=CARTESIAN_POINT('Origin',(42.6259985442821,-12.0217980646339,5.5));
#4853=CARTESIAN_POINT('',(70.8072719785143,-10.2045050782417,5.49999999999999));
#4854=CARTESIAN_POINT('Origin',(67.5593341262604,-9.825295758872,5.5));
#4855=CARTESIAN_POINT('',(81.8018467385241,-5.39745286774783E-6,5.50000000000987));
#4856=CARTESIAN_POINT('Ctrl Pts',(81.8018467384989,-5.39744937209929E-6,
5.50000000000001));
#4857=CARTESIAN_POINT('Ctrl Pts',(81.6326946236223,-1.22824892881177,5.50000000000001));
#4858=CARTESIAN_POINT('Ctrl Pts',(81.2257138520967,-2.57507320122383,5.50000000003138));
#4859=CARTESIAN_POINT('Ctrl Pts',(79.8878629977037,-4.96361621039225,5.50000000003138));
#4860=CARTESIAN_POINT('Ctrl Pts',(79.0592526223225,-5.91032418704068,5.50000000000001));
#4861=CARTESIAN_POINT('Ctrl Pts',(76.44792449331,-7.99312583168947,5.50000000000001));
#4862=CARTESIAN_POINT('Ctrl Pts',(74.1921344309866,-9.12634082418572,5.5));
#4863=CARTESIAN_POINT('Ctrl Pts',(70.8072719785143,-10.2045050782417,5.5));
#4864=CARTESIAN_POINT('',(70.8071967095685,10.2044589670773,5.5));
#4865=CARTESIAN_POINT('Ctrl Pts',(70.8071967095685,10.2044589670773,5.50000000000001));
#4866=CARTESIAN_POINT('Ctrl Pts',(74.2592125943041,9.10492298043135,5.50000000000001));
#4867=CARTESIAN_POINT('Ctrl Pts',(76.5461771937165,7.94442665305736,5.50000000000005));
#4868=CARTESIAN_POINT('Ctrl Pts',(79.1108479903301,5.84915097467496,5.50000000000005));
#4869=CARTESIAN_POINT('Ctrl Pts',(79.9653928532223,4.88303804362186,5.50000000000002));
#4870=CARTESIAN_POINT('Ctrl Pts',(81.2622335775382,2.44645620562393,5.50000000000002));
#4871=CARTESIAN_POINT('Ctrl Pts',(81.6398068811627,1.17655972398338,5.49999999999999));
#4872=CARTESIAN_POINT('Ctrl Pts',(81.8018467384989,-5.39745607715247E-6,
5.49999999999999));
#4873=CARTESIAN_POINT('',(64.9988513293843,11.8572294976364,5.50000000000001));
#4874=CARTESIAN_POINT('Origin',(67.5594663537125,9.82347663723639,5.5));
#4875=CARTESIAN_POINT('Ctrl Pts',(64.9988513293843,11.8572294976363,5.49999999999999));
#4876=CARTESIAN_POINT('Ctrl Pts',(63.5542081798674,12.1860862070449,5.49999999999999));
#4877=CARTESIAN_POINT('Ctrl Pts',(61.9283592089155,12.5254424425823,5.50000000000001));
#4878=CARTESIAN_POINT('Ctrl Pts',(54.9639589354547,13.8398490787961,5.50000000000001));
#4879=CARTESIAN_POINT('Ctrl Pts',(49.6784820046456,14.5875642121707,5.5));
#4880=CARTESIAN_POINT('Ctrl Pts',(44.0759875838035,15.2066981012704,5.5));
#4881=CARTESIAN_POINT('Origin',(42.6259985442821,12.0217980646339,5.5));
#4882=CARTESIAN_POINT('',(18.9802015138021,17.3007328634874,5.5));
#4883=CARTESIAN_POINT('Ctrl Pts',(41.176009504693,15.5139103396107,5.5));
#4884=CARTESIAN_POINT('Ctrl Pts',(38.5287812044559,15.7830191290204,5.5));
#4885=CARTESIAN_POINT('Ctrl Pts',(35.8080612361338,16.0313830319079,5.49999999992493));
#4886=CARTESIAN_POINT('Ctrl Pts',(28.7639249504537,16.6290309332511,5.49999999992493));
#4887=CARTESIAN_POINT('Ctrl Pts',(23.8937910389025,16.9981393810771,5.5));
#4888=CARTESIAN_POINT('Ctrl Pts',(18.9802015138021,17.3007328634874,5.5));
#4889=CARTESIAN_POINT('',(13.1846741461723,17.629814768728,5.5));
#4890=CARTESIAN_POINT('Origin',(15.9853527111368,15.7554883361798,5.5));
#4891=CARTESIAN_POINT('',(-9.46309275199946,17.8967158639742,5.5));
#4892=CARTESIAN_POINT('Ctrl Pts',(13.1846741461726,17.629814768728,5.5));
#4893=CARTESIAN_POINT('Ctrl Pts',(12.1688789544162,17.682728111077,5.5));
#4894=CARTESIAN_POINT('Ctrl Pts',(11.1541718746339,17.7331137626298,5.5));
#4895=CARTESIAN_POINT('Ctrl Pts',(0.24323808960718,18.2458969373321,5.5));
#4896=CARTESIAN_POINT('Ctrl Pts',(-5.37808538333572,18.2555740890775,5.50000000000001));
#4897=CARTESIAN_POINT('Ctrl Pts',(-9.46309275197614,17.8967158639762,5.50000000000001));
#4898=CARTESIAN_POINT('',(-15.4357574521174,16.792356860316,5.5));
#4899=CARTESIAN_POINT('Origin',(-12.1838295521518,15.9081255933812,5.5));
#4900=CARTESIAN_POINT('',(-16.4249367650899,16.4986123874827,5.50000000000612));
#4901=CARTESIAN_POINT('Ctrl Pts',(-16.4249367650778,16.4986123874452,5.5));
#4902=CARTESIAN_POINT('Ctrl Pts',(-16.0982811125314,16.6037365773802,5.5));
#4903=CARTESIAN_POINT('Ctrl Pts',(-15.7684748367905,16.701450335066,5.50000000000001));
#4904=CARTESIAN_POINT('Ctrl Pts',(-15.4357574521174,16.792356860316,5.50000000000001));
#4905=CARTESIAN_POINT('',(-16.4249367651268,6.125,5.5));
#4906=CARTESIAN_POINT('',(-16.4249367651268,-9.16092433814815,5.5));
#4907=CARTESIAN_POINT('',(6.125,6.125,5.5));
#4908=CARTESIAN_POINT('',(16.4375,6.125,5.5));
#4909=CARTESIAN_POINT('',(6.125,3.,5.5));
#4910=CARTESIAN_POINT('',(6.125,-2.93749999999999,5.5));
#4911=CARTESIAN_POINT('',(10.2892135623731,3.,5.5));
#4912=CARTESIAN_POINT('',(16.4375,3.,5.5));
#4913=CARTESIAN_POINT('',(10.2892135623731,-3.,5.5));
#4914=CARTESIAN_POINT('',(10.2892135623731,0.75000000000001,5.5));
#4915=CARTESIAN_POINT('',(6.125,-3.,5.5));
#4916=CARTESIAN_POINT('',(17.4375,-3.,5.5));
#4917=CARTESIAN_POINT('',(6.125,-6.125,5.5));
#4918=CARTESIAN_POINT('',(6.125,-2.93749999999999,5.5));
#4919=CARTESIAN_POINT('',(-16.4249367651268,-6.125,5.5));
#4920=CARTESIAN_POINT('',(5.2375,-6.125,5.5));
#4921=CARTESIAN_POINT('',(-16.4249367650899,-16.4989986719265,5.50000000000612));
#4922=CARTESIAN_POINT('',(-16.4249367651268,-9.16092433814815,5.5));
#4923=CARTESIAN_POINT('',(-15.4360946252106,-16.7926500109917,5.50000000000001));
#4924=CARTESIAN_POINT('Ctrl Pts',(-15.4360946252106,-16.7926500109917,5.50000000000001));
#4925=CARTESIAN_POINT('Ctrl Pts',(-15.7486528526604,-16.7072469986813,5.50000000000001));
#4926=CARTESIAN_POINT('Ctrl Pts',(-16.0796590237879,-16.6101155137445,5.5));
#4927=CARTESIAN_POINT('Ctrl Pts',(-16.4249367650778,-16.498998671889,5.5));
#4928=CARTESIAN_POINT('',(-9.46303838838064,-17.8970943353288,5.5));
#4929=CARTESIAN_POINT('Origin',(-12.1840436663144,-15.9088714410193,5.5));
#4930=CARTESIAN_POINT('',(13.1839312279487,-17.6301462834169,5.5));
#4931=CARTESIAN_POINT('Ctrl Pts',(-9.46303838838064,-17.8970943353288,5.5));
#4932=CARTESIAN_POINT('Ctrl Pts',(-5.784771334796,-18.2202078533236,5.5));
#4933=CARTESIAN_POINT('Ctrl Pts',(-1.3075099953304,-18.2117930344714,5.49999999965428));
#4934=CARTESIAN_POINT('Ctrl Pts',(7.20814154111331,-17.9212249355378,5.49999999965428));
#4935=CARTESIAN_POINT('Ctrl Pts',(10.1551198635655,-17.7879270025533,5.50000000000001));
#4936=CARTESIAN_POINT('Ctrl Pts',(13.1839312279488,-17.6301462834169,5.50000000000001));
#4937=CARTESIAN_POINT('Origin',(15.9851406487837,-15.7566133158326,5.5));
#4938=CARTESIAN_POINT('',(74.807490271281,4.16819706868126,5.5));
#4939=CARTESIAN_POINT('Origin',(73.5324902712809,4.16819706868126,5.5));
#4940=CARTESIAN_POINT('',(74.8075064139672,-4.16824387935035,5.5));
#4941=CARTESIAN_POINT('Origin',(73.5325064139672,-4.16824387935035,5.5));
#4942=CARTESIAN_POINT('',(49.8097487132101,-9.88769914065734,5.5));
#4943=CARTESIAN_POINT('Origin',(48.5347487132101,-9.88769914065734,5.5));
#4944=CARTESIAN_POINT('',(3.22886246908382,-14.1163764220886,5.5));
#4945=CARTESIAN_POINT('Origin',(1.95386246908382,-14.1163764220886,5.5));
#4946=CARTESIAN_POINT('',(49.8095361272123,9.88895293168786,5.5));
#4947=CARTESIAN_POINT('Origin',(48.5345361272123,9.88895293168786,5.5));
#4948=CARTESIAN_POINT('',(3.22855898285365,14.1166287843832,5.5));
#4949=CARTESIAN_POINT('Origin',(1.95355898285365,14.1166287843832,5.5));
#4950=CARTESIAN_POINT('',(48.045,-3.,5.5));
#4951=CARTESIAN_POINT('',(43.8807864376269,-3.,5.5));
#4952=CARTESIAN_POINT('',(37.6475,-3.,5.5));
#4953=CARTESIAN_POINT('',(43.8807864376269,3.,5.5));
#4954=CARTESIAN_POINT('',(43.8807864376269,-0.749999999999991,5.5));
#4955=CARTESIAN_POINT('',(48.045,3.,5.5));
#4956=CARTESIAN_POINT('',(36.6475,3.,5.5));
#4957=CARTESIAN_POINT('',(48.045,6.125,5.5));
#4958=CARTESIAN_POINT('',(48.045,2.93750000000001,5.5));
#4959=CARTESIAN_POINT('',(71.445,6.12500000000001,5.5));
#4960=CARTESIAN_POINT('',(48.8475,6.125,5.5));
#4961=CARTESIAN_POINT('',(71.445,-6.125,5.5));
#4962=CARTESIAN_POINT('',(71.445,-2.93749999999999,5.5));
#4963=CARTESIAN_POINT('',(48.045,-6.125,5.5));
#4964=CARTESIAN_POINT('',(37.6475,-6.12500000000001,5.5));
#4965=CARTESIAN_POINT('',(48.045,2.93750000000001,5.5));
#4966=CARTESIAN_POINT('Ctrl Pts',(18.9802015419875,17.3007408479477,5.50005164863414));
#4967=CARTESIAN_POINT('Ctrl Pts',(18.9796203844092,17.1363035910321,4.43636050594745));
#4968=CARTESIAN_POINT('Ctrl Pts',(18.9789906802621,16.9356734415041,3.43116628374201));
#4969=CARTESIAN_POINT('Ctrl Pts',(18.9784284221027,16.7008046646935,2.48464661941764));
#4970=CARTESIAN_POINT('Ctrl Pts',(20.1212549365536,17.2304676716042,5.50002766079913));
#4971=CARTESIAN_POINT('Ctrl Pts',(20.1105900362641,17.0666401312625,4.43633247841038));
#4972=CARTESIAN_POINT('Ctrl Pts',(20.097645154924,16.8667573812426,3.4311311214104));
#4973=CARTESIAN_POINT('Ctrl Pts',(20.0824100443348,16.6327774143085,2.48460665417643));
#4974=CARTESIAN_POINT('Ctrl Pts',(21.2495222627093,17.1576336880258,5.50005492428816));
#4975=CARTESIAN_POINT('Ctrl Pts',(21.2290202204191,16.9944436846208,4.43636204451323));
#4976=CARTESIAN_POINT('Ctrl Pts',(21.2038316457447,16.7953490760065,3.43116939041075));
#4977=CARTESIAN_POINT('Ctrl Pts',(21.1742562042961,16.5622980964352,2.48464705898829));
#4978=CARTESIAN_POINT('Ctrl Pts',(24.9704394586191,16.9064639755939,5.50037950044374));
#4979=CARTESIAN_POINT('Ctrl Pts',(24.9172288390328,16.7454956942952,4.43674658014453));
#4980=CARTESIAN_POINT('Ctrl Pts',(24.8521876780256,16.5491208745247,3.43160164553986));
#4981=CARTESIAN_POINT('Ctrl Pts',(24.7749806178542,16.319312474001,2.48514032353226));
#4982=CARTESIAN_POINT('Ctrl Pts',(28.7773260477043,16.6232096419332,5.50118272854338));
#4983=CARTESIAN_POINT('Ctrl Pts',(28.6912087778509,16.4647697822222,4.43768279089513));
#4984=CARTESIAN_POINT('Ctrl Pts',(28.5854360854486,16.271510485307,3.43268834233415));
#4985=CARTESIAN_POINT('Ctrl Pts',(28.4601970701097,16.0453966708965,2.48636177193849));
#4986=CARTESIAN_POINT('Ctrl Pts',(35.2024300670198,16.0887784434006,5.50346096563328));
#4987=CARTESIAN_POINT('Ctrl Pts',(35.061173995861,15.9351010857966,4.44036117479669));
#4988=CARTESIAN_POINT('Ctrl Pts',(34.8876570201071,15.7477122872526,3.43577989843567));
#4989=CARTESIAN_POINT('Ctrl Pts',(34.6818361761859,15.5285885503567,2.48987270020694));
#4990=CARTESIAN_POINT('Ctrl Pts',(39.1999273124834,15.7206870953128,5.50638057378094));
#4991=CARTESIAN_POINT('Ctrl Pts',(39.0238036579623,15.5703176038898,4.44377436422786));
#4992=CARTESIAN_POINT('Ctrl Pts',(38.8071416286629,15.3870062381091,3.43971865529008));
#4993=CARTESIAN_POINT('Ctrl Pts',(38.5505047522985,15.1727665492419,2.4943206633197));
#4994=CARTESIAN_POINT('Ctrl Pts',(41.9137634315913,15.4397603238374,5.51013793337639));
#4995=CARTESIAN_POINT('Ctrl Pts',(41.7135816947882,15.2920289912815,4.44816839084399));
#4996=CARTESIAN_POINT('Ctrl Pts',(41.4676259553107,15.1119935594874,3.44475828000797));
#4997=CARTESIAN_POINT('Ctrl Pts',(41.1760095047288,14.9016602622253,2.49999999999999));
#4998=CARTESIAN_POINT('',(19.2233429640218,16.6894685941197,2.5));
#4999=CARTESIAN_POINT('Ctrl Pts',(19.223351019855,16.6894670598854,2.5));
#5000=CARTESIAN_POINT('Ctrl Pts',(20.2203073259624,16.6275929306849,2.5));
#5001=CARTESIAN_POINT('Ctrl Pts',(21.2324004965947,16.5621742791933,2.5));
#5002=CARTESIAN_POINT('Ctrl Pts',(22.2551036763019,16.4931293603526,2.5));
#5003=CARTESIAN_POINT('Ctrl Pts',(28.5083901300065,16.0709563738492,2.5));
#5004=CARTESIAN_POINT('Ctrl Pts',(35.1594233005726,15.5312077135452,2.5));
#5005=CARTESIAN_POINT('Ctrl Pts',(41.1761366222455,14.9028177912327,2.5));
#5006=CARTESIAN_POINT('Ctrl Pts',(19.2233429640218,16.6894685941198,2.5));
#5007=CARTESIAN_POINT('Ctrl Pts',(19.1591164761121,16.9121336237718,3.38311741169753));
#5008=CARTESIAN_POINT('Ctrl Pts',(19.0773545481626,17.1085576743372,4.32703488828129));
#5009=CARTESIAN_POINT('Ctrl Pts',(18.9893161940995,17.2829708801232,5.38955696239529));
#5010=CARTESIAN_POINT('Ctrl Pts',(18.9847785434557,17.2918620915574,5.44445375146535));
#5011=CARTESIAN_POINT('Ctrl Pts',(18.9802015138021,17.3007328634874,5.50000000000001));
#5012=CARTESIAN_POINT('Ctrl Pts',(44.0759875838041,15.2066981012708,5.50000000000285));
#5013=CARTESIAN_POINT('Ctrl Pts',(43.845304236199,15.0536646675675,4.38648227974768));
#5014=CARTESIAN_POINT('Ctrl Pts',(43.5593871574451,14.8656229384722,3.3375025143066));
#5015=CARTESIAN_POINT('Ctrl Pts',(43.2184013294329,14.6449231170885,2.35310779920927));
#5016=CARTESIAN_POINT('Ctrl Pts',(49.904611965611,14.5642024021033,5.51015367059326));
#5017=CARTESIAN_POINT('Ctrl Pts',(49.6193555808281,14.4176064514407,4.39848062182327));
#5018=CARTESIAN_POINT('Ctrl Pts',(49.2665273155573,14.2378160080668,3.35125526137141));
#5019=CARTESIAN_POINT('Ctrl Pts',(48.8451044552625,14.0268092137004,2.36867510883615));
#5020=CARTESIAN_POINT('Ctrl Pts',(55.8167976773054,13.7195447583574,5.52847208918958));
#5021=CARTESIAN_POINT('Ctrl Pts',(55.4764493914912,13.5822166477305,4.4200812543178));
#5022=CARTESIAN_POINT('Ctrl Pts',(55.0548915318393,13.4136254628088,3.37618751250998));
#5023=CARTESIAN_POINT('Ctrl Pts',(54.552286575685,13.2165595282983,2.39691158191104));
#5024=CARTESIAN_POINT('Ctrl Pts',(62.8890536258197,12.3400946434891,5.56816477261597));
#5025=CARTESIAN_POINT('Ctrl Pts',(62.4838870600412,12.2180842394604,4.46659276606218));
#5026=CARTESIAN_POINT('Ctrl Pts',(61.9819646216215,12.0689451583729,3.42989499373852));
#5027=CARTESIAN_POINT('Ctrl Pts',(61.3838489541986,11.8951049631256,2.45715853351763));
#5028=CARTESIAN_POINT('Ctrl Pts',(64.5870910801158,11.9795967546989,5.58001736941228));
#5029=CARTESIAN_POINT('Ctrl Pts',(64.1663407271041,11.8617578992778,4.48056005601676));
#5030=CARTESIAN_POINT('Ctrl Pts',(63.6452407618456,11.7177333262108,3.44584873469919));
#5031=CARTESIAN_POINT('Ctrl Pts',(63.0242008907735,11.5502195134987,2.47509508201915));
#5032=CARTESIAN_POINT('Ctrl Pts',(66.2025706268018,11.5949724327946,5.59655958362023));
#5033=CARTESIAN_POINT('Ctrl Pts',(65.7672421117242,11.4817709860641,4.49991933791796));
#5034=CARTESIAN_POINT('Ctrl Pts',(65.2280425272481,11.3436600847237,3.4681345767195));
#5035=CARTESIAN_POINT('Ctrl Pts',(64.5855862971907,11.1832330159388,2.49999999999995));
#5036=CARTESIAN_POINT('',(64.5855862971906,11.1832330159388,2.5));
#5037=CARTESIAN_POINT('Ctrl Pts',(64.9988513293843,11.8572294976363,5.5));
#5038=CARTESIAN_POINT('Ctrl Pts',(64.8556553366745,11.6769372814601,4.41890945017113));
#5039=CARTESIAN_POINT('Ctrl Pts',(64.7085333800277,11.4521266820272,3.41789969677294));
#5040=CARTESIAN_POINT('Ctrl Pts',(64.5855862971907,11.1832330159388,2.49999999999998));
#5041=CARTESIAN_POINT('Ctrl Pts',(44.075994802383,14.5871512466046,2.5));
#5042=CARTESIAN_POINT('Ctrl Pts',(44.4083003972372,14.549408085178,2.5));
#5043=CARTESIAN_POINT('Ctrl Pts',(44.737951999219,14.511387718418,2.5));
#5044=CARTESIAN_POINT('Ctrl Pts',(45.06475361645,14.4730956410376,2.5));
#5045=CARTESIAN_POINT('Ctrl Pts',(46.2028023448314,14.3397479228133,2.5));
#5046=CARTESIAN_POINT('Ctrl Pts',(47.3062501166387,14.2028390146234,2.5));
#5047=CARTESIAN_POINT('Ctrl Pts',(48.3669631158383,14.0636971750835,2.5));
#5048=CARTESIAN_POINT('Ctrl Pts',(49.2690959634085,13.9453575073177,2.5));
#5049=CARTESIAN_POINT('Ctrl Pts',(50.2392093664852,13.8124888707946,2.5));
#5050=CARTESIAN_POINT('Ctrl Pts',(51.263181131499,13.6637360247226,2.5));
#5051=CARTESIAN_POINT('Ctrl Pts',(53.8687964726366,13.2852170938244,2.5));
#5052=CARTESIAN_POINT('Ctrl Pts',(56.8062836118217,12.8040586101886,2.5));
#5053=CARTESIAN_POINT('Ctrl Pts',(59.7186437318578,12.2344281523556,2.5));
#5054=CARTESIAN_POINT('Ctrl Pts',(61.3706277850641,11.9113154898498,2.5));
#5055=CARTESIAN_POINT('Ctrl Pts',(63.0148662971282,11.5608496255644,2.5));
#5056=CARTESIAN_POINT('Ctrl Pts',(64.5856892455139,11.1832745845768,2.5));
#5057=CARTESIAN_POINT('Origin',(42.6259985442821,12.0217980646339,5.5));
#5058=CARTESIAN_POINT('Origin',(42.6259985442821,12.0217980646339,2.5));
#5059=CARTESIAN_POINT('Origin',(71.195,6.875,2.5));
#5060=CARTESIAN_POINT('',(72.195,6.875,-2.));
#5061=CARTESIAN_POINT('',(71.195,7.875,-2.));
#5062=CARTESIAN_POINT('Origin',(71.195,6.875,-2.));
#5063=CARTESIAN_POINT('',(71.195,7.875,1.5));
#5064=CARTESIAN_POINT('',(71.195,7.875,2.5));
#5065=CARTESIAN_POINT('',(72.195,6.875,1.5));
#5066=CARTESIAN_POINT('Origin',(71.195,6.875,1.5));
#5067=CARTESIAN_POINT('',(72.195,6.875,2.5));
#5068=CARTESIAN_POINT('Origin',(73.195,6.875,1.5));
#5069=CARTESIAN_POINT('',(71.4629491924311,7.875,2.5));
#5070=CARTESIAN_POINT('',(73.195,6.875,2.5));
#5071=CARTESIAN_POINT('Ctrl Pts',(73.195,6.875,2.5));
#5072=CARTESIAN_POINT('Ctrl Pts',(72.9179017779191,7.15209822208096,2.5));
#5073=CARTESIAN_POINT('Ctrl Pts',(72.579776727796,7.47891271618872,2.5));
#5074=CARTESIAN_POINT('Ctrl Pts',(72.0102695268491,7.78542800010223,2.5));
#5075=CARTESIAN_POINT('Ctrl Pts',(71.7178266143067,7.875,2.5));
#5076=CARTESIAN_POINT('Ctrl Pts',(71.4629491924311,7.875,2.5));
#5077=CARTESIAN_POINT('Origin',(73.195,6.875,1.5));
#5078=CARTESIAN_POINT('Origin',(73.195,7.875,1.5));
#5079=CARTESIAN_POINT('Origin',(70.0345297456491,7.875,2.5));
#5080=CARTESIAN_POINT('',(70.185554469931,7.875,-2.));
#5081=CARTESIAN_POINT('',(72.195,7.875,-2.));
#5082=CARTESIAN_POINT('',(70.185554469931,7.875,2.5));
#5083=CARTESIAN_POINT('',(70.185554469931,7.875,16.3));
#5084=CARTESIAN_POINT('',(48.5172648728246,7.875,2.5));
#5085=CARTESIAN_POINT('Origin',(58.245,0.,-2.));
#5086=CARTESIAN_POINT('',(72.195,-6.875,-2.));
#5087=CARTESIAN_POINT('',(72.195,-7.875,-2.));
#5088=CARTESIAN_POINT('',(71.195,-7.875,-2.));
#5089=CARTESIAN_POINT('Origin',(71.195,-6.875,-2.));
#5090=CARTESIAN_POINT('',(70.184071532731,-7.875,-2.));
#5091=CARTESIAN_POINT('',(44.295,-7.875,-2.));
#5092=CARTESIAN_POINT('',(64.9345967197898,-7.875,-2.));
#5093=CARTESIAN_POINT('Origin',(67.5593341262604,-9.825295758872,-2.));
#5094=CARTESIAN_POINT('',(45.395,-7.875,-2.));
#5095=CARTESIAN_POINT('',(44.295,-7.875,-2.));
#5096=CARTESIAN_POINT('',(45.395,7.875,-2.));
#5097=CARTESIAN_POINT('',(45.395,-3.9375,-2.));
#5098=CARTESIAN_POINT('',(64.933378237494,7.875,-2.));
#5099=CARTESIAN_POINT('',(72.195,7.875,-2.));
#5100=CARTESIAN_POINT('Origin',(67.5594663537125,9.82347663723639,-2.));
#5101=CARTESIAN_POINT('Origin',(72.195,7.875,2.5));
#5102=CARTESIAN_POINT('',(72.195,-6.875,1.5));
#5103=CARTESIAN_POINT('',(72.195,3.93750000000001,1.5));
#5104=CARTESIAN_POINT('',(72.195,-6.875,2.5));
#5105=CARTESIAN_POINT('Origin',(73.195,-6.875,1.5));
#5106=CARTESIAN_POINT('',(71.195,-7.875,1.5));
#5107=CARTESIAN_POINT('Origin',(71.195,-6.875,1.5));
#5108=CARTESIAN_POINT('',(73.195,-6.875,2.5));
#5109=CARTESIAN_POINT('Origin',(73.195,-6.875,1.5));
#5110=CARTESIAN_POINT('',(71.4629491924311,-7.875,2.5));
#5111=CARTESIAN_POINT('Ctrl Pts',(71.4629491924311,-7.875,2.5));
#5112=CARTESIAN_POINT('Ctrl Pts',(71.7178266143067,-7.875,2.5));
#5113=CARTESIAN_POINT('Ctrl Pts',(72.0102695268491,-7.78542800010223,2.5));
#5114=CARTESIAN_POINT('Ctrl Pts',(72.579776727796,-7.47891271618872,2.5));
#5115=CARTESIAN_POINT('Ctrl Pts',(72.9179017779191,-7.15209822208096,2.5));
#5116=CARTESIAN_POINT('Ctrl Pts',(73.195,-6.875,2.5));
#5117=CARTESIAN_POINT('Origin',(73.195,-7.875,1.5));
#5118=CARTESIAN_POINT('Origin',(71.195,-6.875,2.5));
#5119=CARTESIAN_POINT('',(71.195,-7.875,2.5));
#5120=CARTESIAN_POINT('Origin',(73.195,3.93750000000001,1.5));
#5121=CARTESIAN_POINT('',(73.195,5.39771946245484,2.5));
#5122=CARTESIAN_POINT('',(73.195,3.93750000000001,2.5));
#5123=CARTESIAN_POINT('',(73.195,2.93867467490768,2.5));
#5124=CARTESIAN_POINT('Ctrl Pts',(73.195,5.39771946245484,2.5));
#5125=CARTESIAN_POINT('Ctrl Pts',(73.0919398832547,5.36943060254081,2.5));
#5126=CARTESIAN_POINT('Ctrl Pts',(72.9925633904851,5.32733477886124,2.48330274801586));
#5127=CARTESIAN_POINT('Ctrl Pts',(72.800978152006,5.21961642811862,2.4258202284214));
#5128=CARTESIAN_POINT('Ctrl Pts',(72.7001610507192,5.14173140361991,2.37519970892863));
#5129=CARTESIAN_POINT('Ctrl Pts',(72.5304842225376,4.96602213256132,2.25449247598791));
#5130=CARTESIAN_POINT('Ctrl Pts',(72.4613892857981,4.86827996356833,2.18461713807497));
#5131=CARTESIAN_POINT('Ctrl Pts',(72.3643729209811,4.68817576145555,2.06167635431166));
#5132=CARTESIAN_POINT('Ctrl Pts',(72.3252518814501,4.59161451759962,1.99711357031643));
#5133=CARTESIAN_POINT('Ctrl Pts',(72.2854294281819,4.43881566762658,1.9166263730326));
#5134=CARTESIAN_POINT('Ctrl Pts',(72.2751522548748,4.38649100915815,1.89271183829141));
#5135=CARTESIAN_POINT('Ctrl Pts',(72.2611893670701,4.27927406405754,1.85825463596489));
#5136=CARTESIAN_POINT('Ctrl Pts',(72.257490271281,4.22430426645481,1.84795906161087));
#5137=CARTESIAN_POINT('Ctrl Pts',(72.257490271281,4.1120898709077,1.84795906161087));
#5138=CARTESIAN_POINT('Ctrl Pts',(72.2611893670701,4.05712007330497,1.85825463596489));
#5139=CARTESIAN_POINT('Ctrl Pts',(72.2751522548748,3.94990312820436,1.89271183829141));
#5140=CARTESIAN_POINT('Ctrl Pts',(72.2854294281819,3.89757846973593,1.9166263730326));
#5141=CARTESIAN_POINT('Ctrl Pts',(72.3252518814501,3.74477961976289,1.99711357031643));
#5142=CARTESIAN_POINT('Ctrl Pts',(72.3643729209811,3.64821837590697,2.06167635431166));
#5143=CARTESIAN_POINT('Ctrl Pts',(72.4613892857981,3.46811417379418,2.18461713807497));
#5144=CARTESIAN_POINT('Ctrl Pts',(72.5304842225376,3.37037200480119,2.25449247598792));
#5145=CARTESIAN_POINT('Ctrl Pts',(72.7001610507192,3.1946627337426,2.37519970892864));
#5146=CARTESIAN_POINT('Ctrl Pts',(72.800978152006,3.11677770924389,2.4258202284214));
#5147=CARTESIAN_POINT('Ctrl Pts',(72.9925633904851,3.00905935850127,2.48330274801586));
#5148=CARTESIAN_POINT('Ctrl Pts',(73.0919398832547,2.9669635348217,2.5));
#5149=CARTESIAN_POINT('Ctrl Pts',(73.195,2.93867467490768,2.5));
#5150=CARTESIAN_POINT('',(73.195,-2.9387259166792,2.5));
#5151=CARTESIAN_POINT('',(73.195,3.93750000000001,2.5));
#5152=CARTESIAN_POINT('',(73.195,-5.3977618420215,2.5));
#5153=CARTESIAN_POINT('Ctrl Pts',(73.195,-2.93872591667921,2.5));
#5154=CARTESIAN_POINT('Ctrl Pts',(73.0919426875901,-2.96701546185103,2.5));
#5155=CARTESIAN_POINT('Ctrl Pts',(72.9925690706815,-3.00911122342149,2.48330368779549));
#5156=CARTESIAN_POINT('Ctrl Pts',(72.8009883502946,-3.11682890207235,2.42582424797721));
#5157=CARTESIAN_POINT('Ctrl Pts',(72.7001730410854,-3.19471327035614,2.3752061608558));
#5158=CARTESIAN_POINT('Ctrl Pts',(72.5304987343069,-3.37042107838969,2.25450487722053));
#5159=CARTESIAN_POINT('Ctrl Pts',(72.4614045274253,-3.4681624522308,2.18463307898026));
#5160=CARTESIAN_POINT('Ctrl Pts',(72.3643889254067,-3.6482656251483,2.06169962800236));
#5161=CARTESIAN_POINT('Ctrl Pts',(72.3252678991741,-3.74482670227228,1.9971410791427));
#5162=CARTESIAN_POINT('Ctrl Pts',(72.2854453921726,-3.8976260698758,1.91666106950335));
#5163=CARTESIAN_POINT('Ctrl Pts',(72.2751681919765,-3.94995107786127,1.89274905570238));
#5164=CARTESIAN_POINT('Ctrl Pts',(72.2612053892164,-4.05716824868083,1.85829630089263));
#5165=CARTESIAN_POINT('Ctrl Pts',(72.2575064139672,-4.11213788082053,1.84800255192645));
#5166=CARTESIAN_POINT('Ctrl Pts',(72.2575064139672,-4.22434987788017,1.84800255192645));
#5167=CARTESIAN_POINT('Ctrl Pts',(72.2612053892164,-4.27931951001988,1.85829630089261));
#5168=CARTESIAN_POINT('Ctrl Pts',(72.2751681919765,-4.38653668083944,1.89274905570237));
#5169=CARTESIAN_POINT('Ctrl Pts',(72.2854453921726,-4.4388616888249,1.91666106950336));
#5170=CARTESIAN_POINT('Ctrl Pts',(72.3252678991741,-4.59166105642842,1.99714107914271));
#5171=CARTESIAN_POINT('Ctrl Pts',(72.3643889254067,-4.68822213355241,2.06169962800236));
#5172=CARTESIAN_POINT('Ctrl Pts',(72.4614045274253,-4.86832530646991,2.18463307898026));
#5173=CARTESIAN_POINT('Ctrl Pts',(72.5304987343069,-4.96606668031102,2.25450487722053));
#5174=CARTESIAN_POINT('Ctrl Pts',(72.7001730410854,-5.14177448834457,2.3752061608558));
#5175=CARTESIAN_POINT('Ctrl Pts',(72.8009883502946,-5.21965885662835,2.42582424797721));
#5176=CARTESIAN_POINT('Ctrl Pts',(72.9925690706815,-5.32737653527922,2.48330368779549));
#5177=CARTESIAN_POINT('Ctrl Pts',(73.0919426875901,-5.36947229684968,2.5));
#5178=CARTESIAN_POINT('Ctrl Pts',(73.195,-5.3977618420215,2.5));
#5179=CARTESIAN_POINT('',(73.195,3.93750000000001,2.5));
#5180=CARTESIAN_POINT('Origin',(7.77500000000001,3.9375,-1.));
#5181=CARTESIAN_POINT('',(8.77500000000001,-7.875,-1.));
#5182=CARTESIAN_POINT('',(7.77500000000001,-7.875,-2.));
#5183=CARTESIAN_POINT('Origin',(7.77500000000001,-7.875,-1.));
#5184=CARTESIAN_POINT('',(7.77500000000001,7.875,-2.));
#5185=CARTESIAN_POINT('',(7.77500000000001,3.9375,-2.));
#5186=CARTESIAN_POINT('',(8.775,7.875,-1.));
#5187=CARTESIAN_POINT('Origin',(7.77500000000001,7.875,-1.));
#5188=CARTESIAN_POINT('',(8.77500000000001,3.9375,-1.));
#5189=CARTESIAN_POINT('Origin',(-4.075,0.,-2.));
#5190=CARTESIAN_POINT('',(-17.025,-7.875,-2.));
#5191=CARTESIAN_POINT('',(9.87500000000001,-7.875,-2.));
#5192=CARTESIAN_POINT('',(-18.025,-6.875,-2.));
#5193=CARTESIAN_POINT('Origin',(-17.025,-6.875,-2.));
#5194=CARTESIAN_POINT('',(-18.025,6.875,-2.));
#5195=CARTESIAN_POINT('',(-18.025,-7.875,-2.));
#5196=CARTESIAN_POINT('',(-17.025,7.875,-2.));
#5197=CARTESIAN_POINT('Origin',(-17.025,6.875,-2.));
#5198=CARTESIAN_POINT('',(-18.025,7.875,-2.));
#5199=CARTESIAN_POINT('Origin',(9.87500000000001,-7.875,2.5));
#5200=CARTESIAN_POINT('',(8.77500000000001,-7.875,1.5));
#5201=CARTESIAN_POINT('',(8.77500000000001,-7.875,2.5));
#5202=CARTESIAN_POINT('',(-17.025,-7.875,1.5));
#5203=CARTESIAN_POINT('',(18.4375,-7.875,1.5));
#5204=CARTESIAN_POINT('',(-17.025,-7.875,2.5));
#5205=CARTESIAN_POINT('Origin',(-17.025,6.875,2.5));
#5206=CARTESIAN_POINT('',(-18.025,6.875,1.5));
#5207=CARTESIAN_POINT('',(-18.025,6.875,2.5));
#5208=CARTESIAN_POINT('',(-17.025,7.875,1.5));
#5209=CARTESIAN_POINT('Origin',(-17.025,6.875,1.5));
#5210=CARTESIAN_POINT('',(-17.025,7.875,2.5));
#5211=CARTESIAN_POINT('Ctrl Pts',(-18.025,6.875,1.5));
#5212=CARTESIAN_POINT('Ctrl Pts',(-18.025,6.875,1.64959965017094));
#5213=CARTESIAN_POINT('Ctrl Pts',(-18.0933849357027,7.01176987140543,1.94832516795409));
#5214=CARTESIAN_POINT('Ctrl Pts',(-18.4279085298155,7.68081705963091,2.36902005964075));
#5215=CARTESIAN_POINT('Ctrl Pts',(-18.8006005247436,8.42620104948717,2.5));
#5216=CARTESIAN_POINT('Ctrl Pts',(-19.025,8.875,2.5));
#5217=CARTESIAN_POINT('Ctrl Pts',(-18.025,7.17419930034188,1.5));
#5218=CARTESIAN_POINT('Ctrl Pts',(-18.025,7.17419930034188,1.60416750667096));
#5219=CARTESIAN_POINT('Ctrl Pts',(-18.0433021429849,7.25833024310106,1.82461702579523));
#5220=CARTESIAN_POINT('Ctrl Pts',(-18.315699141935,7.79417108631301,2.30940062654023));
#5221=CARTESIAN_POINT('Ctrl Pts',(-18.7578577675519,8.46894380667887,2.5));
#5222=CARTESIAN_POINT('Ctrl Pts',(-19.025,8.875,2.5));
#5223=CARTESIAN_POINT('Ctrl Pts',(-17.7738990181416,7.69223376336683,1.5));
#5224=CARTESIAN_POINT('Ctrl Pts',(-17.7738990181416,7.69223376336683,1.56513550755077));
#5225=CARTESIAN_POINT('Ctrl Pts',(-17.7789954719002,7.68805353034967,1.71992413716408));
#5226=CARTESIAN_POINT('Ctrl Pts',(-18.1157586149122,7.99467690495923,2.26526002179068));
#5227=CARTESIAN_POINT('Ctrl Pts',(-18.6830579424664,8.54374363176434,2.5));
#5228=CARTESIAN_POINT('Ctrl Pts',(-19.025,8.875,2.5));
#5229=CARTESIAN_POINT('Ctrl Pts',(-17.2493994752564,7.875,1.5));
#5230=CARTESIAN_POINT('Ctrl Pts',(-17.2493994752564,7.875,1.61597665080514));
#5231=CARTESIAN_POINT('Ctrl Pts',(-17.3467987240994,7.90593702292357,1.8561705248677));
#5232=CARTESIAN_POINT('Ctrl Pts',(-17.916401659341,8.19438362713931,2.32404897267818));
#5233=CARTESIAN_POINT('Ctrl Pts',(-18.6082581173809,8.61854345684982,2.5));
#5234=CARTESIAN_POINT('Ctrl Pts',(-19.025,8.875,2.5));
#5235=CARTESIAN_POINT('Ctrl Pts',(-17.025,7.875,1.5));
#5236=CARTESIAN_POINT('Ctrl Pts',(-17.025,7.875,1.64959965017094));
#5237=CARTESIAN_POINT('Ctrl Pts',(-17.1617698714054,7.94338493570272,1.94832516795409));
#5238=CARTESIAN_POINT('Ctrl Pts',(-17.8308170596309,8.27790852981546,2.36902005964074));
#5239=CARTESIAN_POINT('Ctrl Pts',(-18.5762010494872,8.65060052474359,2.5));
#5240=CARTESIAN_POINT('Ctrl Pts',(-19.025,8.875,2.5));
#5241=CARTESIAN_POINT('',(-19.025,8.875,2.5));
#5242=CARTESIAN_POINT('Origin',(-19.025,8.875,1.5));
#5243=CARTESIAN_POINT('Origin',(-19.025,8.875,1.5));
#5244=CARTESIAN_POINT('Origin',(4.4875,8.875,1.5));
#5245=CARTESIAN_POINT('',(8.77500000000001,8.875,2.5));
#5246=CARTESIAN_POINT('',(4.4875,8.875,2.5));
#5247=CARTESIAN_POINT('',(8.77500000000001,7.875,1.5));
#5248=CARTESIAN_POINT('Origin',(8.77500000000001,8.875,1.5));
#5249=CARTESIAN_POINT('',(4.4875,7.875,1.5));
#5250=CARTESIAN_POINT('Origin',(-19.025,-3.93749999999999,1.5));
#5251=CARTESIAN_POINT('',(-18.025,-6.875,1.5));
#5252=CARTESIAN_POINT('',(-18.025,-3.93749999999999,1.5));
#5253=CARTESIAN_POINT('',(-19.025,-8.875,2.5));
#5254=CARTESIAN_POINT('Origin',(-19.025,-8.875,1.5));
#5255=CARTESIAN_POINT('',(-19.025,-3.93749999999999,2.5));
#5256=CARTESIAN_POINT('Origin',(-18.025,-7.875,2.5));
#5257=CARTESIAN_POINT('',(-18.025,-6.875,2.5));
#5258=CARTESIAN_POINT('Origin',(-17.025,-6.875,2.5));
#5259=CARTESIAN_POINT('Origin',(-17.025,-6.875,1.5));
#5260=CARTESIAN_POINT('Ctrl Pts',(-17.025,-7.875,1.5));
#5261=CARTESIAN_POINT('Ctrl Pts',(-17.025,-7.875,1.64959965017094));
#5262=CARTESIAN_POINT('Ctrl Pts',(-17.1285969528123,-7.92679847640614,1.87299754703719));
#5263=CARTESIAN_POINT('Ctrl Pts',(-17.6869132607351,-8.20595663036755,2.32151605659764));
#5264=CARTESIAN_POINT('Ctrl Pts',(-18.4266013993162,-8.57580069965812,2.5));
#5265=CARTESIAN_POINT('Ctrl Pts',(-19.025,-8.875,2.5));
#5266=CARTESIAN_POINT('Ctrl Pts',(-17.3241993003419,-7.875,1.5));
#5267=CARTESIAN_POINT('Ctrl Pts',(-17.3241993003419,-7.875,1.60416750667096));
#5268=CARTESIAN_POINT('Ctrl Pts',(-17.3903385730784,-7.89302888782521,1.76768413645687));
#5269=CARTESIAN_POINT('Ctrl Pts',(-17.8196602594895,-8.09190849899116,2.23466939222699));
#5270=CARTESIAN_POINT('Ctrl Pts',(-18.4835917422385,-8.51881035673585,2.5));
#5271=CARTESIAN_POINT('Ctrl Pts',(-19.025,-8.875,2.5));
#5272=CARTESIAN_POINT('Ctrl Pts',(-17.8422337633668,-7.62389901814159,1.5));
#5273=CARTESIAN_POINT('Ctrl Pts',(-17.8422337633668,-7.62389901814159,1.56513550755077));
#5274=CARTESIAN_POINT('Ctrl Pts',(-17.8451868088632,-7.63344072814238,1.67728227755999));
#5275=CARTESIAN_POINT('Ctrl Pts',(-18.054979522326,-7.87107676942371,2.16757950066319));
#5276=CARTESIAN_POINT('Ctrl Pts',(-18.5833248423525,-8.41907725662189,2.5));
#5277=CARTESIAN_POINT('Ctrl Pts',(-19.025,-8.875,2.5));
#5278=CARTESIAN_POINT('Ctrl Pts',(-18.025,-7.09939947525641,1.5));
#5279=CARTESIAN_POINT('Ctrl Pts',(-18.025,-7.09939947525641,1.61597665080514));
#5280=CARTESIAN_POINT('Ctrl Pts',(-18.0514121213265,-7.17485381616544,1.79458206684248));
#5281=CARTESIAN_POINT('Ctrl Pts',(-18.2713210079911,-7.63728671045485,2.25624063575003));
#5282=CARTESIAN_POINT('Ctrl Pts',(-18.6830579424664,-8.31934415650793,2.5));
#5283=CARTESIAN_POINT('Ctrl Pts',(-19.025,-8.875,2.5));
#5284=CARTESIAN_POINT('Ctrl Pts',(-18.025,-6.875,1.5));
#5285=CARTESIAN_POINT('Ctrl Pts',(-18.025,-6.875,1.64959965017094));
#5286=CARTESIAN_POINT('Ctrl Pts',(-18.0767984764061,-6.97859695281229,1.87299754703719));
#5287=CARTESIAN_POINT('Ctrl Pts',(-18.3559566303676,-7.53691326073511,2.32151605659764));
#5288=CARTESIAN_POINT('Ctrl Pts',(-18.7258006996581,-8.27660139931623,2.5));
#5289=CARTESIAN_POINT('Ctrl Pts',(-19.025,-8.875,2.5));
#5290=CARTESIAN_POINT('Origin',(-19.025,-8.875,1.5));
#5291=CARTESIAN_POINT('Origin',(18.4375,-8.875,1.5));
#5292=CARTESIAN_POINT('',(8.77500000000001,-8.875,2.5));
#5293=CARTESIAN_POINT('Origin',(8.77500000000001,-8.875,1.5));
#5294=CARTESIAN_POINT('',(18.4375,-8.875,2.5));
#5295=CARTESIAN_POINT('Origin',(7.675,1.5,-0.2));
#5296=CARTESIAN_POINT('',(8.375,-3.,-0.2));
#5297=CARTESIAN_POINT('',(7.675,-3.,-0.9));
#5298=CARTESIAN_POINT('Origin',(7.675,-3.,-0.2));
#5299=CARTESIAN_POINT('',(8.375,3.,-0.2));
#5300=CARTESIAN_POINT('',(8.375,1.5,-0.2));
#5301=CARTESIAN_POINT('',(7.675,3.,-0.9));
#5302=CARTESIAN_POINT('Origin',(7.675,3.,-0.2));
#5303=CARTESIAN_POINT('',(7.675,1.5,-0.9));
#5304=CARTESIAN_POINT('Origin',(5.875,3.,5.5));
#5305=CARTESIAN_POINT('',(8.375,3.,1.29289321881345));
#5306=CARTESIAN_POINT('',(8.375,3.,5.5));
#5307=CARTESIAN_POINT('',(8.75768343236509,3.,3.21677275132473));
#5308=CARTESIAN_POINT('',(8.82559308174856,3.,3.55817761356665));
#5309=CARTESIAN_POINT('',(9.58210678118655,3.,5.20710678118655));
#5310=CARTESIAN_POINT('',(9.18566017177982,3.,4.25));
#5311=CARTESIAN_POINT('Origin',(10.2892135623731,3.,4.5));
#5312=CARTESIAN_POINT('',(6.125,3.,-0.9));
#5313=CARTESIAN_POINT('',(6.125,3.,4.75));
#5314=CARTESIAN_POINT('',(0.275000000000002,3.,-0.9));
#5315=CARTESIAN_POINT('Origin',(8.375,3.,5.5));
#5316=CARTESIAN_POINT('',(8.375,-3.,1.29289321881345));
#5317=CARTESIAN_POINT('',(8.375,-3.,5.5));
#5318=CARTESIAN_POINT('',(8.375,2.625,1.29289321881345));
#5319=CARTESIAN_POINT('Origin',(8.56634171618255,2.625,2.25483298506909));
#5320=CARTESIAN_POINT('',(8.75768343236509,-3.,3.21677275132473));
#5321=CARTESIAN_POINT('',(8.86365331549291,-3.,3.7495193297492));
#5322=CARTESIAN_POINT('',(8.75768343236509,2.625,3.21677275132473));
#5323=CARTESIAN_POINT('Origin',(9.22855339059328,2.25,4.35355339059327));
#5324=CARTESIAN_POINT('',(9.58210678118655,-3.,5.20710678118655));
#5325=CARTESIAN_POINT('',(9.33210678118655,-3.,4.60355339059327));
#5326=CARTESIAN_POINT('',(9.58210678118655,2.25,5.20710678118655));
#5327=CARTESIAN_POINT('Origin',(7.875,-3.,5.5));
#5328=CARTESIAN_POINT('',(6.125,-3.,-0.9));
#5329=CARTESIAN_POINT('',(1.275,-3.,-0.9));
#5330=CARTESIAN_POINT('',(6.125,-3.,4.75));
#5331=CARTESIAN_POINT('Origin',(10.2892135623731,-3.,4.5));
#5332=CARTESIAN_POINT('Origin',(-5.325,-1.11022302462516E-15,-0.9));
#5333=CARTESIAN_POINT('',(6.125,6.125,-0.9));
#5334=CARTESIAN_POINT('',(6.125,-2.9375,-0.9));
#5335=CARTESIAN_POINT('',(-17.425,6.125,-0.9));
#5336=CARTESIAN_POINT('',(0.275,6.125,-0.9));
#5337=CARTESIAN_POINT('',(-17.425,-6.125,-0.9));
#5338=CARTESIAN_POINT('',(-17.425,2.9375,-0.9));
#5339=CARTESIAN_POINT('',(6.125,-6.125,-0.9));
#5340=CARTESIAN_POINT('',(-10.925,-6.125,-0.9));
#5341=CARTESIAN_POINT('',(6.125,-2.9375,-0.9));
#5342=CARTESIAN_POINT('Origin',(46.495,-1.5,-0.2));
#5343=CARTESIAN_POINT('',(45.795,3.,-0.2));
#5344=CARTESIAN_POINT('',(46.495,3.,-0.9));
#5345=CARTESIAN_POINT('Origin',(46.495,3.,-0.2));
#5346=CARTESIAN_POINT('',(45.795,-3.,-0.2));
#5347=CARTESIAN_POINT('',(45.795,-1.5,-0.2));
#5348=CARTESIAN_POINT('',(46.495,-3.,-0.9));
#5349=CARTESIAN_POINT('Origin',(46.495,-3.,-0.2));
#5350=CARTESIAN_POINT('',(46.495,-1.5,-0.9));
#5351=CARTESIAN_POINT('Origin',(48.295,-3.,5.5));
#5352=CARTESIAN_POINT('',(45.795,-3.,1.29289321881352));
#5353=CARTESIAN_POINT('',(45.795,-3.,5.5));
#5354=CARTESIAN_POINT('',(45.4123165676349,-3.,3.21677275132481));
#5355=CARTESIAN_POINT('',(45.3444069182515,-3.,3.55817761356667));
#5356=CARTESIAN_POINT('',(44.5878932188135,-3.,5.20710678118656));
#5357=CARTESIAN_POINT('',(44.9843398282202,-3.,4.25));
#5358=CARTESIAN_POINT('Origin',(43.8807864376269,-3.,4.5));
#5359=CARTESIAN_POINT('',(48.045,-3.,-0.9));
#5360=CARTESIAN_POINT('',(48.045,-3.,4.75));
#5361=CARTESIAN_POINT('',(53.895,-3.,-0.9));
#5362=CARTESIAN_POINT('Origin',(45.795,-3.,5.5));
#5363=CARTESIAN_POINT('',(45.795,3.,1.29289321881352));
#5364=CARTESIAN_POINT('',(45.795,3.,5.5));
#5365=CARTESIAN_POINT('',(45.795,-2.625,1.29289321881352));
#5366=CARTESIAN_POINT('Origin',(45.6036582838175,-2.625,2.25483298506917));
#5367=CARTESIAN_POINT('',(45.4123165676349,3.,3.21677275132481));
#5368=CARTESIAN_POINT('',(45.3063466845071,3.,3.74951932974922));
#5369=CARTESIAN_POINT('',(45.4123165676349,-2.625,3.21677275132481));
#5370=CARTESIAN_POINT('Origin',(44.9414466094068,-2.25,4.35355339059328));
#5371=CARTESIAN_POINT('',(44.5878932188135,3.,5.20710678118656));
#5372=CARTESIAN_POINT('',(44.8378932188135,3.,4.60355339059328));
#5373=CARTESIAN_POINT('',(44.5878932188135,-2.25,5.20710678118656));
#5374=CARTESIAN_POINT('Origin',(46.295,3.,5.5));
#5375=CARTESIAN_POINT('',(48.045,3.,-0.9));
#5376=CARTESIAN_POINT('',(52.895,3.,-0.9));
#5377=CARTESIAN_POINT('',(48.045,3.,4.75));
#5378=CARTESIAN_POINT('Origin',(43.8807864376269,3.,4.5));
#5379=CARTESIAN_POINT('Origin',(59.495,1.94025816466774E-16,-0.9));
#5380=CARTESIAN_POINT('',(48.045,-6.125,-0.9));
#5381=CARTESIAN_POINT('',(48.045,2.9375,-0.9));
#5382=CARTESIAN_POINT('',(71.445,-6.125,-0.9));
#5383=CARTESIAN_POINT('',(53.895,-6.125,-0.9));
#5384=CARTESIAN_POINT('',(71.445,6.12500000000001,-0.9));
#5385=CARTESIAN_POINT('',(71.445,-2.9375,-0.9));
#5386=CARTESIAN_POINT('',(48.045,6.125,-0.9));
#5387=CARTESIAN_POINT('',(65.095,6.125,-0.9));
#5388=CARTESIAN_POINT('',(48.045,2.9375,-0.9));
#5389=CARTESIAN_POINT('Origin',(-20.3501965083657,8.86159977636866,6.5));
#5390=CARTESIAN_POINT('',(-19.3501965083657,-13.2729691750331,6.5));
#5391=CARTESIAN_POINT('',(-19.3502211887849,-13.2729595405099,6.49272072339517));
#5392=CARTESIAN_POINT('Ctrl Pts',(-19.3501965083657,-13.2729691750331,6.5));
#5393=CARTESIAN_POINT('Ctrl Pts',(-19.3501965083502,-13.2729691749935,6.49878677919643));
#5394=CARTESIAN_POINT('Ctrl Pts',(-19.3501759416456,-13.2729772035956,6.49636043401785));
#5395=CARTESIAN_POINT('Ctrl Pts',(-19.3502129620095,-13.2729627520969,6.49393392009083));
#5396=CARTESIAN_POINT('Ctrl Pts',(-19.3502211887849,-13.2729595405099,6.49272072339517));
#5397=CARTESIAN_POINT('',(-20.3501965083657,-13.2729691750331,5.5));
#5398=CARTESIAN_POINT('Origin',(-20.3501965083657,-13.2729691750331,6.5));
#5399=CARTESIAN_POINT('',(-20.3501965083657,-14.7418821160314,5.5));
#5400=CARTESIAN_POINT('',(-20.3501965083657,8.86159977636866,5.5));
#5401=CARTESIAN_POINT('',(-19.3501965083657,-15.577608216453,6.5));
#5402=CARTESIAN_POINT('Ctrl Pts',(-19.3527681019283,-15.5759723149101,6.49993297465583));
#5403=CARTESIAN_POINT('Ctrl Pts',(-19.3527701003316,-15.5573405378153,6.42565308345291));
#5404=CARTESIAN_POINT('Ctrl Pts',(-19.3610521594381,-15.5345190610087,6.35254941185325));
#5405=CARTESIAN_POINT('Ctrl Pts',(-19.3768363199106,-15.508114168746,6.28191318019122));
#5406=CARTESIAN_POINT('Ctrl Pts',(-19.3924904867385,-15.4819267393116,6.21185868749507));
#5407=CARTESIAN_POINT('Ctrl Pts',(-19.4153240643383,-15.4525206775266,6.14502390647735));
#5408=CARTESIAN_POINT('Ctrl Pts',(-19.4442388023232,-15.4205638035767,6.08215119877782));
#5409=CARTESIAN_POINT('Ctrl Pts',(-19.4685853966129,-15.3936556903083,6.02921154194758));
#5410=CARTESIAN_POINT('Ctrl Pts',(-19.497243564689,-15.3649385420833,5.97908021382658));
#5411=CARTESIAN_POINT('Ctrl Pts',(-19.5295822220761,-15.3348121628581,5.93218496521027));
#5412=CARTESIAN_POINT('Ctrl Pts',(-19.5691142101423,-15.2979845466171,5.87485845389384));
#5413=CARTESIAN_POINT('Ctrl Pts',(-19.6139558919741,-15.25922039747,5.8226187840196));
#5414=CARTESIAN_POINT('Ctrl Pts',(-19.6630385811433,-15.2191543566836,5.77585763849002));
#5415=CARTESIAN_POINT('Ctrl Pts',(-19.7106159289236,-15.1803171212154,5.73053063377367));
#5416=CARTESIAN_POINT('Ctrl Pts',(-19.7621781222111,-15.1402561674758,5.69035075151046));
#5417=CARTESIAN_POINT('Ctrl Pts',(-19.8167976592132,-15.0995688365609,5.65567239552964));
#5418=CARTESIAN_POINT('Ctrl Pts',(-19.830254142163,-15.0895447974573,5.64712877301657));
#5419=CARTESIAN_POINT('Ctrl Pts',(-19.8438964179471,-15.0794828498874,5.63891908556174));
#5420=CARTESIAN_POINT('Ctrl Pts',(-19.8577110495345,-15.0693921545469,5.63104866542228));
#5421=CARTESIAN_POINT('Ctrl Pts',(-19.8846619679577,-15.0497062508561,5.61569428917332));
#5422=CARTESIAN_POINT('Ctrl Pts',(-19.9122748872366,-15.029906239152,5.60162724922397));
#5423=CARTESIAN_POINT('Ctrl Pts',(-19.9404533641472,-15.0100580906226,5.58888111965204));
#5424=CARTESIAN_POINT('Ctrl Pts',(-20.0000484801779,-14.9680809206585,5.56192412431151));
#5425=CARTESIAN_POINT('Ctrl Pts',(-20.0621707188145,-14.9258864395444,5.54087425480066));
#5426=CARTESIAN_POINT('Ctrl Pts',(-20.1259422183609,-14.8841225013843,5.52605987196913));
#5427=CARTESIAN_POINT('Ctrl Pts',(-20.1405851474229,-14.8745328510205,5.52265825904734));
#5428=CARTESIAN_POINT('Ctrl Pts',(-20.1553151922046,-14.8649660278599,5.51958547468285));
#5429=CARTESIAN_POINT('Ctrl Pts',(-20.1701219978197,-14.8554301040641,5.51684563709376));
#5430=CARTESIAN_POINT('Ctrl Pts',(-20.2295711092795,-14.8171435072554,5.50584522860264));
#5431=CARTESIAN_POINT('Ctrl Pts',(-20.2903410615755,-14.7792977557654,5.50019398343548));
#5432=CARTESIAN_POINT('Ctrl Pts',(-20.3516839759117,-14.7424918476969,5.50020353354201));
#5433=CARTESIAN_POINT('',(-19.3501965083657,8.86159977636866,6.5));
#5434=CARTESIAN_POINT('Ctrl Pts',(-19.3502159958268,-13.2729512256349,6.49272073659843));
#5435=CARTESIAN_POINT('Ctrl Pts',(-19.3502230025545,-13.2729588327608,6.49272073659843));
#5436=CARTESIAN_POINT('Ctrl Pts',(-19.3502230025545,-13.2729691750331,6.49272073659843));
#5437=CARTESIAN_POINT('Ctrl Pts',(-19.3555313311945,-13.2680554072244,5.5));
#5438=CARTESIAN_POINT('Ctrl Pts',(-19.3574494697398,-13.2701379088195,5.5));
#5439=CARTESIAN_POINT('Ctrl Pts',(-19.3574494697398,-13.2729691750331,5.5));
#5440=CARTESIAN_POINT('Ctrl Pts',(-20.0857336984483,-12.5954848268705,5.5));
#5441=CARTESIAN_POINT('Ctrl Pts',(-20.3501965083657,-12.8826091458537,5.5));
#5442=CARTESIAN_POINT('Ctrl Pts',(-20.3501965083657,-13.2729691750331,5.5));
#5443=CARTESIAN_POINT('',(-20.0857336984483,-12.5954848268705,5.5));
#5444=CARTESIAN_POINT('Ctrl Pts',(-19.3502211887849,-13.2729595405099,6.49272072339517));
#5445=CARTESIAN_POINT('Ctrl Pts',(-19.3515699158466,-13.2724330214264,6.29382490848332));
#5446=CARTESIAN_POINT('Ctrl Pts',(-19.4089517217281,-13.2526085551731,6.10685272778579));
#5447=CARTESIAN_POINT('Ctrl Pts',(-19.5556701355047,-13.1740666345388,5.8537537531394));
#5448=CARTESIAN_POINT('Ctrl Pts',(-19.6244824742003,-13.1322232852724,5.7688912936711));
#5449=CARTESIAN_POINT('Ctrl Pts',(-19.7676431550851,-13.0200573323963,5.63417620297609));
#5450=CARTESIAN_POINT('Ctrl Pts',(-19.8391775635998,-12.9530698851581,5.58451892071284));
#5451=CARTESIAN_POINT('Ctrl Pts',(-19.9748660604319,-12.7903888949503,5.51641534246952));
#5452=CARTESIAN_POINT('Ctrl Pts',(-20.0362060993476,-12.6969014043092,5.5));
#5453=CARTESIAN_POINT('Ctrl Pts',(-20.0857336984483,-12.5954848268705,5.5));
#5454=CARTESIAN_POINT('Origin',(-19.3501965083657,-13.2729691750331,5.5));
#5455=CARTESIAN_POINT('Origin',(-19.3501965083657,17.7231995527373,5.5));
#5456=CARTESIAN_POINT('',(-19.350196508348,-16.329808398373,13.3));
#5457=CARTESIAN_POINT('Ctrl Pts',(-19.3501965083657,-16.3298083983422,13.3));
#5458=CARTESIAN_POINT('Ctrl Pts',(-19.3501965083657,-16.3298083983422,11.2344415049365));
#5459=CARTESIAN_POINT('Ctrl Pts',(-19.3501965068552,-16.159395440633,9.09202089248959));
#5460=CARTESIAN_POINT('Ctrl Pts',(-19.3501965068552,-15.6716903624625,6.88669837911535));
#5461=CARTESIAN_POINT('Ctrl Pts',(-19.3501965083657,-15.6263647041343,6.69405373935071));
#5462=CARTESIAN_POINT('Ctrl Pts',(-19.3501965083657,-15.577608216453,6.50000000000001));
#5463=CARTESIAN_POINT('',(-19.3501965083657,-13.2729691750331,13.3));
#5464=CARTESIAN_POINT('',(-19.3501965083657,8.7119374954789,13.3));
#5465=CARTESIAN_POINT('',(-19.3501965083657,-13.2729691750331,2.5));
#5466=CARTESIAN_POINT('Origin',(-20.3501965083657,8.86159977636866,6.5));
#5467=CARTESIAN_POINT('',(-20.3501965083657,-10.7112314835432,5.5));
#5468=CARTESIAN_POINT('',(-19.3502211887849,-10.7112411180664,6.49272072339655));
#5469=CARTESIAN_POINT('Origin',(-20.3501965083657,-10.7112314835432,6.5));
#5470=CARTESIAN_POINT('',(-19.3501965083657,-10.7112314835432,6.5));
#5471=CARTESIAN_POINT('Origin',(-20.3501965083657,-10.7112314835432,6.5));
#5472=CARTESIAN_POINT('',(-19.3501965083657,10.7108008290008,6.5));
#5473=CARTESIAN_POINT('',(-19.3501965083657,8.86159977636866,6.5));
#5474=CARTESIAN_POINT('',(-19.3502211887849,10.710810463524,6.49272072339519));
#5475=CARTESIAN_POINT('Ctrl Pts',(-19.3501965083657,10.7108008290008,6.5));
#5476=CARTESIAN_POINT('Ctrl Pts',(-19.3501965083502,10.7108008290405,6.49878677919678));
#5477=CARTESIAN_POINT('Ctrl Pts',(-19.3501759416456,10.7107928004384,6.49636043401821));
#5478=CARTESIAN_POINT('Ctrl Pts',(-19.3502129620095,10.710807251937,6.49393392009085));
#5479=CARTESIAN_POINT('Ctrl Pts',(-19.3502211887849,10.710810463524,6.49272072339519));
#5480=CARTESIAN_POINT('',(-20.3501965083657,10.7108008290008,5.5));
#5481=CARTESIAN_POINT('Origin',(-20.3501965083657,10.7108008290008,6.5));
#5482=CARTESIAN_POINT('',(-20.3501965083657,8.86159977636866,5.5));
#5483=CARTESIAN_POINT('Ctrl Pts',(-19.3502159958268,10.7108187783991,6.49272073659845));
#5484=CARTESIAN_POINT('Ctrl Pts',(-19.3502230025545,10.7108111712732,6.49272073659845));
#5485=CARTESIAN_POINT('Ctrl Pts',(-19.3502230025545,10.7108008290008,6.49272073659845));
#5486=CARTESIAN_POINT('Ctrl Pts',(-19.3555313311945,10.7157145968096,5.5));
#5487=CARTESIAN_POINT('Ctrl Pts',(-19.3574494697397,10.7136320952145,5.5));
#5488=CARTESIAN_POINT('Ctrl Pts',(-19.3574494697397,10.7108008290008,5.5));
#5489=CARTESIAN_POINT('Ctrl Pts',(-20.0857336984479,11.3882851771638,5.5));
#5490=CARTESIAN_POINT('Ctrl Pts',(-20.3501965083657,11.1011608581806,5.5));
#5491=CARTESIAN_POINT('Ctrl Pts',(-20.3501965083657,10.7108008290008,5.5));
#5492=CARTESIAN_POINT('',(-20.0857336984479,11.3882851771638,5.5));
#5493=CARTESIAN_POINT('Ctrl Pts',(-19.3502211887849,10.710810463524,6.49272072339519));
#5494=CARTESIAN_POINT('Ctrl Pts',(-19.3515699158466,10.7113369826075,6.29382490848334));
#5495=CARTESIAN_POINT('Ctrl Pts',(-19.408951721728,10.7311614488609,6.10685272778579));
#5496=CARTESIAN_POINT('Ctrl Pts',(-19.5556701355047,10.8097033694953,5.85375375313939));
#5497=CARTESIAN_POINT('Ctrl Pts',(-19.6244824742002,10.8515467187617,5.7688912936711));
#5498=CARTESIAN_POINT('Ctrl Pts',(-19.767643155085,10.9637126716379,5.63417620297611));
#5499=CARTESIAN_POINT('Ctrl Pts',(-19.8391775635997,11.0307001188761,5.58451892071284));
#5500=CARTESIAN_POINT('Ctrl Pts',(-19.9748660604316,11.193381109084,5.51641534246952));
#5501=CARTESIAN_POINT('Ctrl Pts',(-20.0362060993473,11.2868685997251,5.5));
#5502=CARTESIAN_POINT('Ctrl Pts',(-20.0857336984479,11.3882851771638,5.5));
#5503=CARTESIAN_POINT('Origin',(-19.3501965083657,10.7108008290008,5.5));
#5504=CARTESIAN_POINT('Ctrl Pts',(-19.3502230025545,-10.7112314835432,6.49272073659981));
#5505=CARTESIAN_POINT('Ctrl Pts',(-19.3502230025545,-10.7112418258156,6.49272073659981));
#5506=CARTESIAN_POINT('Ctrl Pts',(-19.3502159958268,-10.7112494329415,6.49272073659981));
#5507=CARTESIAN_POINT('Ctrl Pts',(-19.3574494697384,-10.7112314835432,5.5));
#5508=CARTESIAN_POINT('Ctrl Pts',(-19.3574494697384,-10.7140627497563,5.5));
#5509=CARTESIAN_POINT('Ctrl Pts',(-19.3555313311935,-10.7161452513511,5.5));
#5510=CARTESIAN_POINT('Ctrl Pts',(-20.3501965083657,-10.7112314835432,5.5));
#5511=CARTESIAN_POINT('Ctrl Pts',(-20.3501965083657,-11.1015915127227,5.5));
#5512=CARTESIAN_POINT('Ctrl Pts',(-20.0857336984483,-11.3887158317059,5.5));
#5513=CARTESIAN_POINT('',(-20.0857336984483,-11.3887158317059,5.5));
#5514=CARTESIAN_POINT('Ctrl Pts',(-20.0857336984483,-11.3887158317059,5.5));
#5515=CARTESIAN_POINT('Ctrl Pts',(-20.0362060993476,-11.2872992542671,5.5));
#5516=CARTESIAN_POINT('Ctrl Pts',(-19.9748660604319,-11.193811763626,5.51641534246952));
#5517=CARTESIAN_POINT('Ctrl Pts',(-19.8391775635998,-11.0311307734182,5.58451892071284));
#5518=CARTESIAN_POINT('Ctrl Pts',(-19.7676431550851,-10.9641433261801,5.6341762029761));
#5519=CARTESIAN_POINT('Ctrl Pts',(-19.6244824742003,-10.8519773733039,5.76889129367111));
#5520=CARTESIAN_POINT('Ctrl Pts',(-19.5556701355047,-10.8101340240376,5.85375375313941));
#5521=CARTESIAN_POINT('Ctrl Pts',(-19.4089517217278,-10.7315921034031,6.10685272778617));
#5522=CARTESIAN_POINT('Ctrl Pts',(-19.3515699158464,-10.7117676371498,6.29382490848422));
#5523=CARTESIAN_POINT('Ctrl Pts',(-19.3502211887849,-10.7112411180664,6.49272072339655));
#5524=CARTESIAN_POINT('Origin',(-19.3501965083657,-10.7112314835432,5.5));
#5525=CARTESIAN_POINT('Origin',(27.,1.33226762955019E-14,5.5));
#5526=CARTESIAN_POINT('Origin',(-18.8501965083657,-11.9921003292882,5.5));
#5527=CARTESIAN_POINT('',(-20.0857336984479,12.5950541723272,5.5));
#5528=CARTESIAN_POINT('Origin',(-18.850196508365,11.9916696747455,5.5));
#5529=CARTESIAN_POINT('',(-20.3501965083657,13.2725385204902,5.5));
#5530=CARTESIAN_POINT('Origin',(-19.3501965083657,13.2725385204902,5.5));
#5531=CARTESIAN_POINT('',(-20.3501965083657,14.7414946544868,5.5));
#5532=CARTESIAN_POINT('',(-20.3501965083657,8.86159977636866,5.5));
#5533=CARTESIAN_POINT('',(-28.0624324931376,-0.000226635528267693,5.5000000000091));
#5534=CARTESIAN_POINT('Ctrl Pts',(-28.0624324931238,-0.000226635527746828,
5.5));
#5535=CARTESIAN_POINT('Ctrl Pts',(-28.078316290834,0.454208256198769,5.5));
#5536=CARTESIAN_POINT('Ctrl Pts',(-28.0825879260612,0.914507897277314,5.4999999996146));
#5537=CARTESIAN_POINT('Ctrl Pts',(-27.9020620728245,3.70735125670176,5.4999999996146));
#5538=CARTESIAN_POINT('Ctrl Pts',(-27.2776318204301,5.7504052705076,5.5));
#5539=CARTESIAN_POINT('Ctrl Pts',(-25.5805722018929,9.88487093288569,5.5));
#5540=CARTESIAN_POINT('Ctrl Pts',(-24.2566546080831,11.4856851536818,5.4999999998846));
#5541=CARTESIAN_POINT('Ctrl Pts',(-22.4268160686833,13.3275905523052,5.4999999998846));
#5542=CARTESIAN_POINT('Ctrl Pts',(-21.4271333545535,14.0944917678586,5.5));
#5543=CARTESIAN_POINT('Ctrl Pts',(-20.3501965083657,14.7414946544868,5.5));
#5544=CARTESIAN_POINT('Ctrl Pts',(-20.3501965083657,-14.7418821160314,5.5));
#5545=CARTESIAN_POINT('Ctrl Pts',(-20.8382492459979,-14.4486692998921,5.5));
#5546=CARTESIAN_POINT('Ctrl Pts',(-21.3259189937149,-14.1215826610059,5.49999999999968));
#5547=CARTESIAN_POINT('Ctrl Pts',(-23.5567807367374,-12.4202985960777,5.49999999999968));
#5548=CARTESIAN_POINT('Ctrl Pts',(-24.7318966493102,-10.9245374399167,5.5));
#5549=CARTESIAN_POINT('Ctrl Pts',(-26.4602325794977,-7.93913800162561,5.5));
#5550=CARTESIAN_POINT('Ctrl Pts',(-27.0854789888296,-6.30518350948579,5.50000000000001));
#5551=CARTESIAN_POINT('Ctrl Pts',(-27.7054225185052,-3.99136873385328,5.50000000000001));
#5552=CARTESIAN_POINT('Ctrl Pts',(-27.8752220093959,-3.13768996719764,5.50000000000052));
#5553=CARTESIAN_POINT('Ctrl Pts',(-28.0856671212743,-1.31992534392478,5.50000000000052));
#5554=CARTESIAN_POINT('Ctrl Pts',(-28.0832276528932,-0.595243938633784,
5.49999999999999));
#5555=CARTESIAN_POINT('Ctrl Pts',(-28.0624324931239,-0.000226635528790993,
5.49999999999999));
#5556=CARTESIAN_POINT('',(-23.8554543541468,-2.4347592391011E-15,5.5));
#5557=CARTESIAN_POINT('Origin',(-25.6054543541468,-2.22044604925031E-15,
5.5));
#5558=CARTESIAN_POINT('Origin',(-20.3501965083657,8.86159977636866,6.5));
#5559=CARTESIAN_POINT('',(-19.3502211887849,13.272528885967,6.4927207233942));
#5560=CARTESIAN_POINT('Origin',(-20.3501965083657,13.2725385204902,6.5));
#5561=CARTESIAN_POINT('',(-19.3501965083657,13.2725385204902,6.5));
#5562=CARTESIAN_POINT('Origin',(-20.3501965083657,13.2725385204902,6.5));
#5563=CARTESIAN_POINT('',(-19.3501965083657,15.577217417092,6.5));
#5564=CARTESIAN_POINT('',(-19.3501965083657,8.86159977636866,6.5));
#5565=CARTESIAN_POINT('Ctrl Pts',(-20.3516214800004,14.741900100932,5.50021507533319));
#5566=CARTESIAN_POINT('Ctrl Pts',(-20.2841502190279,14.7823886191989,5.50020428677809));
#5567=CARTESIAN_POINT('Ctrl Pts',(-20.217369897906,14.8241358610842,5.50704193125757));
#5568=CARTESIAN_POINT('Ctrl Pts',(-20.1522651321389,14.8663540513838,5.52031743717853));
#5569=CARTESIAN_POINT('Ctrl Pts',(-20.0882416620325,14.9078710588218,5.53337245621538));
#5570=CARTESIAN_POINT('Ctrl Pts',(-20.0257310445214,14.9499146286249,5.55267895838583));
#5571=CARTESIAN_POINT('Ctrl Pts',(-19.9656031227134,14.9918343270242,5.57790747349997));
#5572=CARTESIAN_POINT('Ctrl Pts',(-19.9570957800058,14.9977654357298,5.58147699025071));
#5573=CARTESIAN_POINT('Ctrl Pts',(-19.9486361992145,15.0036941145587,5.58516508597196));
#5574=CARTESIAN_POINT('Ctrl Pts',(-19.9402269090516,15.0096185701368,5.58897085321741));
#5575=CARTESIAN_POINT('Ctrl Pts',(-19.901409822675,15.0369657182854,5.60653818565983));
#5576=CARTESIAN_POINT('Ctrl Pts',(-19.8636636545049,15.0642224764125,5.62661262442856));
#5577=CARTESIAN_POINT('Ctrl Pts',(-19.8272429243812,15.0912161519583,5.64910627943401));
#5578=CARTESIAN_POINT('Ctrl Pts',(-19.7724346517134,15.1318379825639,5.68295618778696));
#5579=CARTESIAN_POINT('Ctrl Pts',(-19.7206053187388,15.1718776815263,5.72229630352468));
#5580=CARTESIAN_POINT('Ctrl Pts',(-19.6726748898657,15.210735139749,5.76675990603398));
#5581=CARTESIAN_POINT('Ctrl Pts',(-19.6231217851109,15.2509081100956,5.81272881565409));
#5582=CARTESIAN_POINT('Ctrl Pts',(-19.577736000173,15.2898178917936,5.8641745476858));
#5583=CARTESIAN_POINT('Ctrl Pts',(-19.5375856188427,15.3268234527985,5.92068925514832));
#5584=CARTESIAN_POINT('Ctrl Pts',(-19.5277316202786,15.3359056266888,5.93455950563486));
#5585=CARTESIAN_POINT('Ctrl Pts',(-19.5181932075575,15.3448731809675,5.94873504922866));
#5586=CARTESIAN_POINT('Ctrl Pts',(-19.5089866093932,15.3537167731608,5.96320977524198));
#5587=CARTESIAN_POINT('Ctrl Pts',(-19.4724518124085,15.3888110435561,6.0206502290194));
#5588=CARTESIAN_POINT('Ctrl Pts',(-19.4413449257109,15.4217618878534,6.08250659347777));
#5589=CARTESIAN_POINT('Ctrl Pts',(-19.4167156102075,15.4518993784933,6.14799932711391));
#5590=CARTESIAN_POINT('Ctrl Pts',(-19.3945321354993,15.4790440330529,6.20698823405241));
#5591=CARTESIAN_POINT('Ctrl Pts',(-19.3776050421304,15.5039071025688,6.2689270225779));
#5592=CARTESIAN_POINT('Ctrl Pts',(-19.3667300115463,15.5259976271963,6.33322404729099));
#5593=CARTESIAN_POINT('Ctrl Pts',(-19.3574903342062,15.5447662475006,6.38785228559166));
#5594=CARTESIAN_POINT('Ctrl Pts',(-19.3527298616788,15.5613337335236,6.4436219946626));
#5595=CARTESIAN_POINT('Ctrl Pts',(-19.3527270603504,15.5754608870027,6.49993791882666));
#5596=CARTESIAN_POINT('Ctrl Pts',(-19.3502230025545,13.2725385204902,6.49272073659746));
#5597=CARTESIAN_POINT('Ctrl Pts',(-19.3502230025545,13.2725281782179,6.49272073659746));
#5598=CARTESIAN_POINT('Ctrl Pts',(-19.3502159958269,13.272520571092,6.49272073659746));
#5599=CARTESIAN_POINT('Ctrl Pts',(-19.3574494697407,13.2725385204902,5.5));
#5600=CARTESIAN_POINT('Ctrl Pts',(-19.3574494697407,13.2697072542762,5.5));
#5601=CARTESIAN_POINT('Ctrl Pts',(-19.3555313311952,13.2676247526808,5.5));
#5602=CARTESIAN_POINT('Ctrl Pts',(-20.3501965083657,13.2725385204902,5.5));
#5603=CARTESIAN_POINT('Ctrl Pts',(-20.3501965083657,12.8821784913105,5.5));
#5604=CARTESIAN_POINT('Ctrl Pts',(-20.0857336984479,12.5950541723272,5.5));
#5605=CARTESIAN_POINT('Ctrl Pts',(-20.0857336984479,12.5950541723272,5.5));
#5606=CARTESIAN_POINT('Ctrl Pts',(-20.0362060993473,12.696470749766,5.5));
#5607=CARTESIAN_POINT('Ctrl Pts',(-19.9748660604316,12.7899582404071,5.51641534246952));
#5608=CARTESIAN_POINT('Ctrl Pts',(-19.8391775635997,12.952639230615,5.58451892071284));
#5609=CARTESIAN_POINT('Ctrl Pts',(-19.767643155085,13.0196266778531,5.6341762029761));
#5610=CARTESIAN_POINT('Ctrl Pts',(-19.6244824742002,13.1317926307294,5.7688912936711));
#5611=CARTESIAN_POINT('Ctrl Pts',(-19.5556701355047,13.1736359799958,5.85375375313939));
#5612=CARTESIAN_POINT('Ctrl Pts',(-19.4089517217282,13.2521779006301,6.10685272778551));
#5613=CARTESIAN_POINT('Ctrl Pts',(-19.3515699158468,13.2720023668834,6.29382490848268));
#5614=CARTESIAN_POINT('Ctrl Pts',(-19.3502211887849,13.272528885967,6.4927207233942));
#5615=CARTESIAN_POINT('Origin',(-18.8501965083657,-11.9921003292882,2.5));
#5616=CARTESIAN_POINT('',(-17.4751965083657,-11.9921003292882,2.5));
#5617=CARTESIAN_POINT('Origin',(-18.8501965083657,-11.9921003292882,2.5));
#5618=CARTESIAN_POINT('',(-17.4751965083657,-11.9921003292882,13.3));
#5619=CARTESIAN_POINT('',(-17.4751965083657,-11.9921003292882,2.5));
#5620=CARTESIAN_POINT('',(-19.3501965083657,-10.7112314835432,13.3));
#5621=CARTESIAN_POINT('Origin',(-18.8501965083657,-11.9921003292882,13.3));
#5622=CARTESIAN_POINT('',(-19.3501965083657,-10.7112314835432,2.5));
#5623=CARTESIAN_POINT('Origin',(-18.8501965083657,-11.9921003292882,13.3));
#5624=CARTESIAN_POINT('Origin',(-16.4249367651268,-9.16092433814815,6.5));
#5625=CARTESIAN_POINT('',(-17.4249367651268,6.125,6.5));
#5626=CARTESIAN_POINT('Origin',(-16.4249367651268,6.125,6.5));
#5627=CARTESIAN_POINT('',(-17.4249367650935,16.3892160995645,6.50000000000401));
#5628=CARTESIAN_POINT('Ctrl Pts',(-17.4249367651267,16.389216099516,6.50000000001449));
#5629=CARTESIAN_POINT('Ctrl Pts',(-17.4249367651276,16.3767424596599,6.44228201949856));
#5630=CARTESIAN_POINT('Ctrl Pts',(-17.419942064486,16.3657743737384,6.38424021025681));
#5631=CARTESIAN_POINT('Ctrl Pts',(-17.3884355553794,16.3371650936314,6.20538704496234));
#5632=CARTESIAN_POINT('Ctrl Pts',(-17.3448153157631,16.3259029554365,6.08852915503577));
#5633=CARTESIAN_POINT('Ctrl Pts',(-17.2169975018665,16.321773824489,5.87741658033378));
#5634=CARTESIAN_POINT('Ctrl Pts',(-17.1352331834985,16.3286642831052,5.7856971167702));
#5635=CARTESIAN_POINT('Ctrl Pts',(-16.9643542481687,16.3558798835134,5.65260288978275));
#5636=CARTESIAN_POINT('Ctrl Pts',(-16.8819684283501,16.3727562101463,5.60563707627976));
#5637=CARTESIAN_POINT('Ctrl Pts',(-16.733679357682,16.4084978333027,5.54656651677883));
#5638=CARTESIAN_POINT('Ctrl Pts',(-16.6704984752874,16.4252061942204,5.52843279882184));
#5639=CARTESIAN_POINT('Ctrl Pts',(-16.5489263982939,16.4598774747688,5.50599448040551));
#5640=CARTESIAN_POINT('Ctrl Pts',(-16.4909075610539,16.4774795553446,5.50050274400292));
#5641=CARTESIAN_POINT('Ctrl Pts',(-16.4303494996189,16.4968725995697,5.50001098344668));
#5642=CARTESIAN_POINT('Ctrl Pts',(-16.4276427406505,16.4977415514812,5.49999999999987));
#5643=CARTESIAN_POINT('Ctrl Pts',(-16.4249367650778,16.4986123874452,5.5));
#5644=CARTESIAN_POINT('',(-17.4249367651268,-9.16092433814815,6.5));
#5645=CARTESIAN_POINT('Origin',(-16.4249367651268,-9.16092433814815,6.5));
#5646=CARTESIAN_POINT('',(-17.4249367651268,-6.125,6.5));
#5647=CARTESIAN_POINT('Origin',(-16.4249367651268,-6.125,6.5));
#5648=CARTESIAN_POINT('',(-17.4249367650935,-16.3896060815234,6.50000000000401));
#5649=CARTESIAN_POINT('',(-17.4249367651268,-9.16092433814815,6.5));
#5650=CARTESIAN_POINT('Ctrl Pts',(-16.4253424467504,-16.4984321558007,5.50038893256591));
#5651=CARTESIAN_POINT('Ctrl Pts',(-16.4611513516105,-16.4868780200205,5.50038454845762));
#5652=CARTESIAN_POINT('Ctrl Pts',(-16.4970622104827,-16.475664352388,5.50229988567022));
#5653=CARTESIAN_POINT('Ctrl Pts',(-16.5329191568385,-16.4648573238497,5.50616835736341));
#5654=CARTESIAN_POINT('Ctrl Pts',(-16.5924946104488,-16.4469017059628,5.51259573000171));
#5655=CARTESIAN_POINT('Ctrl Pts',(-16.6517348225038,-16.4301248547821,5.52439467720928));
#5656=CARTESIAN_POINT('Ctrl Pts',(-16.7098803217442,-16.4148259310333,5.54161286693615));
#5657=CARTESIAN_POINT('Ctrl Pts',(-16.776736165941,-16.397235189258,5.56141038565677));
#5658=CARTESIAN_POINT('Ctrl Pts',(-16.8417721933623,-16.381697716371,5.58826403955578));
#5659=CARTESIAN_POINT('Ctrl Pts',(-16.9038100078658,-16.3686179082768,5.62198995218515));
#5660=CARTESIAN_POINT('Ctrl Pts',(-16.9121422188939,-16.3668611777711,5.62651963175869));
#5661=CARTESIAN_POINT('Ctrl Pts',(-16.9204202954482,-16.3651487931113,5.63117333573279));
#5662=CARTESIAN_POINT('Ctrl Pts',(-16.9286413330877,-16.3634817440168,5.63595067173399));
#5663=CARTESIAN_POINT('Ctrl Pts',(-16.9909643508752,-16.3508439804005,5.67216726745262));
#5664=CARTESIAN_POINT('Ctrl Pts',(-17.0492961588324,-16.3409591869457,5.71507708853605));
#5665=CARTESIAN_POINT('Ctrl Pts',(-17.1025759758876,-16.3340643153017,5.76399161967815));
#5666=CARTESIAN_POINT('Ctrl Pts',(-17.1410944550537,-16.329079689144,5.7993542288772));
#5667=CARTESIAN_POINT('Ctrl Pts',(-17.1769715570686,-16.3256577481415,5.83785588151111));
#5668=CARTESIAN_POINT('Ctrl Pts',(-17.2097914063205,-16.3238850922117,5.87924352225143));
#5669=CARTESIAN_POINT('Ctrl Pts',(-17.2586680074963,-16.3212451837759,5.94087961309852));
#5670=CARTESIAN_POINT('Ctrl Pts',(-17.2999410193143,-16.3223073322126,6.00786975694262));
#5671=CARTESIAN_POINT('Ctrl Pts',(-17.3329103372796,-16.3269650228997,6.07877487563158));
#5672=CARTESIAN_POINT('Ctrl Pts',(-17.3465044891091,-16.3288855162032,6.10801099601356));
#5673=CARTESIAN_POINT('Ctrl Pts',(-17.3586864479091,-16.3314169206775,6.13791250329337));
#5674=CARTESIAN_POINT('Ctrl Pts',(-17.3694055799421,-16.3345501372026,6.16837731008617));
#5675=CARTESIAN_POINT('Ctrl Pts',(-17.3942004955337,-16.3417977239503,6.23884685096032));
#5676=CARTESIAN_POINT('Ctrl Pts',(-17.4108187719913,-16.3521560801037,6.31130139153809));
#5677=CARTESIAN_POINT('Ctrl Pts',(-17.4193210141962,-16.3652528819365,6.38438286520404));
#5678=CARTESIAN_POINT('Ctrl Pts',(-17.4237965248227,-16.3721469311018,6.42285235408818));
#5679=CARTESIAN_POINT('Ctrl Pts',(-17.4260232165103,-16.3797992911523,6.46149485938902));
#5680=CARTESIAN_POINT('Ctrl Pts',(-17.4260112146177,-16.3881528922257,6.50010727994478));
#5681=CARTESIAN_POINT('Origin',(-17.4249367651268,-18.3218486762963,5.5));
#5682=CARTESIAN_POINT('',(-17.4249367651234,17.0423311799024,13.3));
#5683=CARTESIAN_POINT('Ctrl Pts',(-17.4249367651268,17.0423311798972,13.3));
#5684=CARTESIAN_POINT('Ctrl Pts',(-17.4249367651268,17.0423311798972,11.218223458534));
#5685=CARTESIAN_POINT('Ctrl Pts',(-17.4249367645394,16.89050524414,9.0644048754986));
#5686=CARTESIAN_POINT('Ctrl Pts',(-17.4249367645394,16.462511692494,6.84875814689154));
#5687=CARTESIAN_POINT('Ctrl Pts',(-17.4249367651268,16.4269036475099,6.67438768363927));
#5688=CARTESIAN_POINT('Ctrl Pts',(-17.4249367651268,16.3892160995159,6.5000000000145));
#5689=CARTESIAN_POINT('',(-17.4249367651234,-17.0427292071519,13.3));
#5690=CARTESIAN_POINT('',(-17.4249367651268,-9.31058661903791,13.3));
#5691=CARTESIAN_POINT('Ctrl Pts',(-17.4249367651267,-16.3896060814749,6.5000000000145));
#5692=CARTESIAN_POINT('Ctrl Pts',(-17.4249367651267,-16.405345928045,6.57283045844047));
#5693=CARTESIAN_POINT('Ctrl Pts',(-17.4249367651268,-16.4207214848622,6.64565064773824));
#5694=CARTESIAN_POINT('Ctrl Pts',(-17.4249367651268,-16.8759845875666,8.85215447308982));
#5695=CARTESIAN_POINT('Ctrl Pts',(-17.4249367651268,-17.0427292071467,11.118353362439));
#5696=CARTESIAN_POINT('Ctrl Pts',(-17.4249367651268,-17.0427292071467,13.3));
#5697=CARTESIAN_POINT('',(-17.425,-6.125,5.5));
#5698=CARTESIAN_POINT('',(-17.4249367651268,-6.125,4.75));
#5699=CARTESIAN_POINT('',(-17.425,6.125,5.5));
#5700=CARTESIAN_POINT('',(-17.425,2.78783771911024,5.5));
#5701=CARTESIAN_POINT('',(-17.4249367651268,6.125,4.75));
#5702=CARTESIAN_POINT('Ctrl Pts',(-16.4869357559677,-17.3193773955907,13.3));
#5703=CARTESIAN_POINT('Ctrl Pts',(-16.4869357559677,-17.3193773955907,11.3510135057537));
#5704=CARTESIAN_POINT('Ctrl Pts',(-16.1154666975636,-17.1262003127997,7.11787424046202));
#5705=CARTESIAN_POINT('Ctrl Pts',(-14.8875775949783,-16.5202554913588,3.62689801897791));
#5706=CARTESIAN_POINT('Ctrl Pts',(-13.9113927031162,-16.0580187106987,1.86065193983393));
#5707=CARTESIAN_POINT('Ctrl Pts',(-18.2039047229635,-16.8501243255724,13.3));
#5708=CARTESIAN_POINT('Ctrl Pts',(-18.203925607023,-16.8501648834875,11.3602395717428));
#5709=CARTESIAN_POINT('Ctrl Pts',(-17.8144412261836,-16.6645700701292,7.15131026747894));
#5710=CARTESIAN_POINT('Ctrl Pts',(-16.530538065503,-16.088324936522,3.68672980759585));
#5711=CARTESIAN_POINT('Ctrl Pts',(-15.5113219225065,-15.6501737345089,1.93137707576961));
#5712=CARTESIAN_POINT('Ctrl Pts',(-21.3219125883359,-15.5925882806775,13.3));
#5713=CARTESIAN_POINT('Ctrl Pts',(-21.321853036604,-15.5927277229655,11.3821820528395));
#5714=CARTESIAN_POINT('Ctrl Pts',(-20.9001984888913,-15.4276752629904,7.23020488994774));
#5715=CARTESIAN_POINT('Ctrl Pts',(-19.5228636569643,-14.9299441981612,3.82471556200565));
#5716=CARTESIAN_POINT('Ctrl Pts',(-18.4317091535294,-14.5526184071715,2.09124095078678));
#5717=CARTESIAN_POINT('Ctrl Pts',(-24.8834302718678,-12.8691662866362,13.3));
#5718=CARTESIAN_POINT('Ctrl Pts',(-24.8835574837412,-12.8694015948648,11.4139620880667));
#5719=CARTESIAN_POINT('Ctrl Pts',(-24.4320166014738,-12.7442721531208,7.34729560607692));
#5720=CARTESIAN_POINT('Ctrl Pts',(-22.9844270784119,-12.382978056891,4.01611517878762));
#5721=CARTESIAN_POINT('Ctrl Pts',(-21.8370631452563,-12.1028467125435,2.29894971245159));
#5722=CARTESIAN_POINT('Ctrl Pts',(-26.9245663965082,-10.0837375104823,13.3));
#5723=CARTESIAN_POINT('Ctrl Pts',(-26.9246190128314,-10.0839310517129,11.4332827580801));
#5724=CARTESIAN_POINT('Ctrl Pts',(-26.4649495712177,-9.98669825619929,7.41838585692259));
#5725=CARTESIAN_POINT('Ctrl Pts',(-25.0093214461873,-9.70896025447207,4.12229750370655));
#5726=CARTESIAN_POINT('Ctrl Pts',(-23.8440717170697,-9.48910906274216,2.40834458458306));
#5727=CARTESIAN_POINT('Ctrl Pts',(-28.2527887918774,-7.25111467658123,13.3));
#5728=CARTESIAN_POINT('Ctrl Pts',(-28.2528464332587,-7.25125529541549,11.4412245949765));
#5729=CARTESIAN_POINT('Ctrl Pts',(-27.7842185383965,-7.18234039461613,7.44813083460474));
#5730=CARTESIAN_POINT('Ctrl Pts',(-26.3081389121763,-6.98709626540908,4.16640517236971));
#5731=CARTESIAN_POINT('Ctrl Pts',(-25.1218203029879,-6.83101347934724,2.45333566173814));
#5732=CARTESIAN_POINT('Ctrl Pts',(-29.0348107305038,-4.88847918577615,13.3));
#5733=CARTESIAN_POINT('Ctrl Pts',(-29.0348610660864,-4.8885699711627,11.4461339389613));
#5734=CARTESIAN_POINT('Ctrl Pts',(-28.5604531006729,-4.84397588688083,7.46641710458573));
#5735=CARTESIAN_POINT('Ctrl Pts',(-27.0709336860489,-4.71902991294913,4.19268571204976));
#5736=CARTESIAN_POINT('Ctrl Pts',(-25.8708227421642,-4.61757548446496,2.47966610101989));
#5737=CARTESIAN_POINT('Ctrl Pts',(-29.4373038783952,-2.86747140482714,13.3));
#5738=CARTESIAN_POINT('Ctrl Pts',(-29.4373179619296,-2.86754157501196,11.4493519223886));
#5739=CARTESIAN_POINT('Ctrl Pts',(-28.9603973241347,-2.84204121416388,7.4781399899605));
#5740=CARTESIAN_POINT('Ctrl Pts',(-27.4659571264752,-2.77001172108319,4.20884025302053));
#5741=CARTESIAN_POINT('Ctrl Pts',(-26.2592268844498,-2.71114784228845,2.49572364552427));
#5742=CARTESIAN_POINT('Ctrl Pts',(-29.5729363101016,-1.27917933791984,13.3));
#5743=CARTESIAN_POINT('Ctrl Pts',(-29.5729426503184,-1.27920828579683,11.450543790214));
#5744=CARTESIAN_POINT('Ctrl Pts',(-29.0953895757613,-1.26733221764816,7.48255060585485));
#5745=CARTESIAN_POINT('Ctrl Pts',(-27.6000201005773,-1.23170339510083,4.21492051081146));
#5746=CARTESIAN_POINT('Ctrl Pts',(-26.3915399075551,-1.20286602419276,2.50170036962063));
#5747=CARTESIAN_POINT('Ctrl Pts',(-29.5782453862947,-0.510613371568383,
13.3));
#5748=CARTESIAN_POINT('Ctrl Pts',(-29.5782457974054,-0.51062351072303,11.4504575255381));
#5749=CARTESIAN_POINT('Ctrl Pts',(-29.1005695202895,-0.505019754421833,
7.48215375002668));
#5750=CARTESIAN_POINT('Ctrl Pts',(-27.6048690295934,-0.485078248778891,
4.21430622136388));
#5751=CARTESIAN_POINT('Ctrl Pts',(-26.3961116369396,-0.469395091649023,
2.50113094992852));
#5752=CARTESIAN_POINT('Ctrl Pts',(-29.5631065740423,-0.077731803687175,
13.3));
#5753=CARTESIAN_POINT('Ctrl Pts',(-29.5631065654682,-0.0777312827041433,
11.4502737567437));
#5754=CARTESIAN_POINT('Ctrl Pts',(-29.085457698837,-0.0759996776662422,
7.48145012922185));
#5755=CARTESIAN_POINT('Ctrl Pts',(-27.5897301539518,-0.0667521565589351,
4.21329689324986));
#5756=CARTESIAN_POINT('Ctrl Pts',(-26.3810853854936,-0.0597833757996798,
2.50013469895883));
#5757=CARTESIAN_POINT('Ctrl Pts',(-29.5617852448165,-0.0399118824897029,
13.3));
#5758=CARTESIAN_POINT('Ctrl Pts',(-29.5617852448165,-0.039911882489703,
11.4502825189139));
#5759=CARTESIAN_POINT('Ctrl Pts',(-29.0841562141087,-0.0386014028974051,
7.48148355694806));
#5760=CARTESIAN_POINT('Ctrl Pts',(-27.5885005418607,-0.0308626338996547,
4.21334475677665));
#5761=CARTESIAN_POINT('Ctrl Pts',(-26.3799067281213,-0.0250934257988521,
2.5001820067399));
#5762=CARTESIAN_POINT('Ctrl Pts',(-29.5605864315883,-0.00560992848313121,
13.3));
#5763=CARTESIAN_POINT('Ctrl Pts',(-29.5605864315883,-0.00560992848313128,
11.4502825189139));
#5764=CARTESIAN_POINT('Ctrl Pts',(-29.0829698252844,-0.00465495158115205,
7.48148355694806));
#5765=CARTESIAN_POINT('Ctrl Pts',(-27.5873555677156,0.0018988084488695,
4.21334475677665));
#5766=CARTESIAN_POINT('Ctrl Pts',(-26.3787948857197,0.00672000937548907,
2.5001820067399));
#5767=CARTESIAN_POINT('',(-27.3554543399392,-0.000222994680823361,4.05867884186421));
#5768=CARTESIAN_POINT('Ctrl Pts',(-28.0624324931293,-0.000226635528276597,
5.50000000001268));
#5769=CARTESIAN_POINT('Ctrl Pts',(-27.8499938454175,-0.00022554227078714,
5.00811568286117));
#5770=CARTESIAN_POINT('Ctrl Pts',(-27.6144498777007,-0.000224328673934829,
4.52773616509765));
#5771=CARTESIAN_POINT('Ctrl Pts',(-27.3554543399392,-0.000222994680786479,
4.05867884186421));
#5772=CARTESIAN_POINT('',(-26.3527090157627,-1.58243814119008,2.49999999999999));
#5773=CARTESIAN_POINT('Ctrl Pts',(-26.3527090157626,-1.58243814119019,2.50000000000009));
#5774=CARTESIAN_POINT('Ctrl Pts',(-26.4994653414975,-1.51313726574203,2.70053889429592));
#5775=CARTESIAN_POINT('Ctrl Pts',(-26.6403747833529,-1.42163981848943,2.9006680170731));
#5776=CARTESIAN_POINT('Ctrl Pts',(-26.9018610072,-1.18890576278623,3.28699693873837));
#5777=CARTESIAN_POINT('Ctrl Pts',(-27.0271951120032,-1.04085983962787,3.48108164786304));
#5778=CARTESIAN_POINT('Ctrl Pts',(-27.1885484915674,-0.755784906284055,
3.74420011020552));
#5779=CARTESIAN_POINT('Ctrl Pts',(-27.2418441493317,-0.635633769121765,
3.83466916520634));
#5780=CARTESIAN_POINT('Ctrl Pts',(-27.3107310256156,-0.405859385438546,
3.95841790746719));
#5781=CARTESIAN_POINT('Ctrl Pts',(-27.3326735300935,-0.302250407243493,
4.00058161888904));
#5782=CARTESIAN_POINT('Ctrl Pts',(-27.3529252369029,-0.119484876761128,
4.04621788224777));
#5783=CARTESIAN_POINT('Ctrl Pts',(-27.3554473741859,-0.0548882814789548,
4.05520621117919));
#5784=CARTESIAN_POINT('Ctrl Pts',(-27.3554543399392,-0.000222994680855373,
4.0586788418642));
#5785=CARTESIAN_POINT('',(-15.5528154892076,-15.8178966902322,2.5));
#5786=CARTESIAN_POINT('Ctrl Pts',(-26.3527090157625,-1.58243814119004,2.5));
#5787=CARTESIAN_POINT('Ctrl Pts',(-26.3188159606928,-2.04853127707838,2.5));
#5788=CARTESIAN_POINT('Ctrl Pts',(-26.258274346772,-2.57609154236372,2.5));
#5789=CARTESIAN_POINT('Ctrl Pts',(-25.7930464107198,-5.21232965987441,2.5));
#5790=CARTESIAN_POINT('Ctrl Pts',(-25.0252719685697,-7.36049986540883,2.49999999976995));
#5791=CARTESIAN_POINT('Ctrl Pts',(-23.1509440181559,-10.5932240538774,2.49999999976995));
#5792=CARTESIAN_POINT('Ctrl Pts',(-22.0109871549952,-12.0454609808637,2.49999999998935));
#5793=CARTESIAN_POINT('Ctrl Pts',(-18.7166241636385,-14.5445043515742,2.49999999998935));
#5794=CARTESIAN_POINT('Ctrl Pts',(-17.0300634383932,-15.3126953020586,2.50000000000001));
#5795=CARTESIAN_POINT('Ctrl Pts',(-15.5528154892076,-15.8178966902322,2.50000000000001));
#5796=CARTESIAN_POINT('Ctrl Pts',(-15.4360946252106,-16.7926500109917,5.50000000000001));
#5797=CARTESIAN_POINT('Ctrl Pts',(-15.5115813706002,-16.5148804982778,4.39226622852721));
#5798=CARTESIAN_POINT('Ctrl Pts',(-15.5627381721153,-16.1853311079978,3.40328625294211));
#5799=CARTESIAN_POINT('Ctrl Pts',(-15.5528154892076,-15.8178966902322,2.50000000000001));
#5800=CARTESIAN_POINT('Ctrl Pts',(-17.4247894119709,-17.0422663653971,13.3));
#5801=CARTESIAN_POINT('Ctrl Pts',(-18.0936093915343,-16.8293416157688,13.3));
#5802=CARTESIAN_POINT('Ctrl Pts',(-18.7358654323225,-16.5910469160868,13.3));
#5803=CARTESIAN_POINT('Ctrl Pts',(-19.3497210957426,-16.3286960152258,13.3));
#5804=CARTESIAN_POINT('Origin',(-16.525,-6.125,4.));
#5805=CARTESIAN_POINT('',(6.125,-6.125,4.));
#5806=CARTESIAN_POINT('',(-17.425,-6.125,4.));
#5807=CARTESIAN_POINT('Origin',(5.875,6.125,4.));
#5808=CARTESIAN_POINT('',(-17.425,6.125,4.));
#5809=CARTESIAN_POINT('',(6.125,6.125,4.));
#5810=CARTESIAN_POINT('Origin',(42.6259985442821,-12.0217980646339,5.5));
#5811=CARTESIAN_POINT('Origin',(42.6259985442821,-12.0217980646339,2.5));
#5812=CARTESIAN_POINT('Origin',(-19.3501965083657,17.7231995527373,5.5));
#5813=CARTESIAN_POINT('',(-19.3501965083657,13.2725385204902,13.3));
#5814=CARTESIAN_POINT('',(-19.3501965083657,13.2725385204902,2.5));
#5815=CARTESIAN_POINT('',(-19.350196508348,16.3294089694484,13.3));
#5816=CARTESIAN_POINT('',(-19.3501965083657,8.7119374954789,13.3));
#5817=CARTESIAN_POINT('Ctrl Pts',(-19.3501965083656,15.5772174170921,6.50000000000001));
#5818=CARTESIAN_POINT('Ctrl Pts',(-19.3501965083656,16.1263424411212,8.68557554381073));
#5819=CARTESIAN_POINT('Ctrl Pts',(-19.3501965083657,16.3294089694176,11.0452652422636));
#5820=CARTESIAN_POINT('Ctrl Pts',(-19.3501965083657,16.3294089694176,13.3));
#5821=CARTESIAN_POINT('Origin',(-19.3501965083657,17.7231995527373,5.5));
#5822=CARTESIAN_POINT('',(-19.3501965083657,10.7108008290008,13.3));
#5823=CARTESIAN_POINT('',(-19.3501965083657,8.7119374954789,13.3));
#5824=CARTESIAN_POINT('',(-19.3501965083657,10.7108008290008,2.5));
#5825=CARTESIAN_POINT('Origin',(-17.9835666367462,-0.299324561779508,13.3));
#5826=CARTESIAN_POINT('Ctrl Pts',(-19.3496881638345,16.3282196982577,13.3));
#5827=CARTESIAN_POINT('Ctrl Pts',(-18.7358444711594,16.5906023038698,13.3));
#5828=CARTESIAN_POINT('Ctrl Pts',(-18.0935995411423,16.828921549061,13.3));
#5829=CARTESIAN_POINT('Ctrl Pts',(-17.4247864179661,17.0418589665765,13.3));
#5830=CARTESIAN_POINT('',(-17.475196508365,11.9916696747455,13.3));
#5831=CARTESIAN_POINT('Origin',(-18.850196508365,11.9916696747455,13.3));
#5832=CARTESIAN_POINT('Origin',(-18.850196508365,11.9916696747455,13.3));
#5833=CARTESIAN_POINT('Origin',(72.195,-7.875,2.5));
#5834=CARTESIAN_POINT('',(70.184071532731,-7.875,2.5));
#5835=CARTESIAN_POINT('',(49.5975,-7.875,2.5));
#5836=CARTESIAN_POINT('',(70.184071532731,-7.875,16.3));
#5837=CARTESIAN_POINT('Origin',(27.,1.33226762955019E-14,2.5));
#5838=CARTESIAN_POINT('',(70.7786479040199,9.24922046951998,2.50000000000001));
#5839=CARTESIAN_POINT('Origin',(67.5594663537125,9.82347663723639,2.5));
#5840=CARTESIAN_POINT('',(79.4713531085083,-4.51692609857826E-6,2.5));
#5841=CARTESIAN_POINT('Ctrl Pts',(79.4713531085083,-4.51692606612958E-6,
2.50000000000001));
#5842=CARTESIAN_POINT('Ctrl Pts',(79.308015677097,1.22455646018455,2.50000000000001));
#5843=CARTESIAN_POINT('Ctrl Pts',(78.9077076025339,2.55308250518611,2.50000000000005));
#5844=CARTESIAN_POINT('Ctrl Pts',(77.5743248573773,4.93171345490537,2.50000000000005));
#5845=CARTESIAN_POINT('Ctrl Pts',(76.7650398309746,5.82055009833584,2.49999999999999));
#5846=CARTESIAN_POINT('Ctrl Pts',(75.114046581943,7.15042127050074,2.49999999999999));
#5847=CARTESIAN_POINT('Ctrl Pts',(74.1824923340512,7.74293491066036,2.49999999999999));
#5848=CARTESIAN_POINT('Ctrl Pts',(72.2551055956827,8.66737249689039,2.49999999999999));
#5849=CARTESIAN_POINT('Ctrl Pts',(71.520632574584,8.9721959375342,2.5));
#5850=CARTESIAN_POINT('Ctrl Pts',(70.7786479040198,9.24922046951999,2.5));
#5851=CARTESIAN_POINT('',(70.7782295973088,-9.24943818406349,2.5));
#5852=CARTESIAN_POINT('Ctrl Pts',(70.7782295973088,-9.24943818406348,2.49999999999998));
#5853=CARTESIAN_POINT('Ctrl Pts',(71.5552404264362,-8.95934578543523,2.49999999999998));
#5854=CARTESIAN_POINT('Ctrl Pts',(72.3246262368723,-8.6385307511069,2.49999999999997));
#5855=CARTESIAN_POINT('Ctrl Pts',(74.8174489174101,-7.42657170633838,2.49999999999997));
#5856=CARTESIAN_POINT('Ctrl Pts',(76.0644166024318,-6.5104508141918,2.50000000000001));
#5857=CARTESIAN_POINT('Ctrl Pts',(77.5087474380993,-4.91606079540373,2.50000000000001));
#5858=CARTESIAN_POINT('Ctrl Pts',(78.1368083245445,-4.08645115390165,2.50000000000003));
#5859=CARTESIAN_POINT('Ctrl Pts',(79.0601645699604,-1.98642328119662,2.50000000000003));
#5860=CARTESIAN_POINT('Ctrl Pts',(79.3391493864079,-0.9911826816009,2.50000000000001));
#5861=CARTESIAN_POINT('Ctrl Pts',(79.4713531085082,-4.5169263953454E-6,
2.50000000000001));
#5862=CARTESIAN_POINT('Origin',(67.5593341262604,-9.825295758872,2.5));
#5863=CARTESIAN_POINT('',(74.8075064139672,-4.16824387935035,2.5));
#5864=CARTESIAN_POINT('Origin',(73.5325064139672,-4.16824387935035,2.5));
#5865=CARTESIAN_POINT('Origin',(73.5325064139672,-4.16824387935035,2.5));
#5866=CARTESIAN_POINT('',(74.807490271281,4.16819706868126,2.5));
#5867=CARTESIAN_POINT('Origin',(73.5324902712809,4.16819706868126,2.5));
#5868=CARTESIAN_POINT('Origin',(73.5324902712809,4.16819706868126,2.5));
#5869=CARTESIAN_POINT('Origin',(10.2892135623731,0.75000000000001,4.5));
#5870=CARTESIAN_POINT('Origin',(43.8807864376269,-0.749999999999991,4.5));
#5871=CARTESIAN_POINT('Origin',(-25.6054543541468,-2.22044604925031E-15,
16.3));
#5872=CARTESIAN_POINT('',(-23.8554543541468,-2.00613285939953E-15,2.5));
#5873=CARTESIAN_POINT('Origin',(-25.6054543541468,-2.22044604925031E-15,
2.5));
#5874=CARTESIAN_POINT('',(-26.3526827771735,1.58245053123972,2.49999999999999));
#5875=CARTESIAN_POINT('Ctrl Pts',(-27.3554543399392,-0.000222994680886181,
4.05867884186419));
#5876=CARTESIAN_POINT('Ctrl Pts',(-27.3554552707711,0.00708191407070286,
4.05821811359532));
#5877=CARTESIAN_POINT('Ctrl Pts',(-27.3554104636456,0.0143862939944449,
4.05767463471378));
#5878=CARTESIAN_POINT('Ctrl Pts',(-27.3542015755332,0.111915246585897,4.04931372337522));
#5879=CARTESIAN_POINT('Ctrl Pts',(-27.3460651444617,0.193054524377824,4.02982677747881));
#5880=CARTESIAN_POINT('Ctrl Pts',(-27.313446080231,0.410711933976102,3.96229631592914));
#5881=CARTESIAN_POINT('Ctrl Pts',(-27.2723975216666,0.549336114849681,3.88795962143121));
#5882=CARTESIAN_POINT('Ctrl Pts',(-27.1562287840421,0.828141723022356,3.68983028310676));
#5883=CARTESIAN_POINT('Ctrl Pts',(-27.073743685618,0.963216748755425,3.55605244661558));
#5884=CARTESIAN_POINT('Ctrl Pts',(-26.8185845588537,1.28960521128225,3.15899704643111));
#5885=CARTESIAN_POINT('Ctrl Pts',(-26.6031987798667,1.46415762164167,2.84231992009196));
#5886=CARTESIAN_POINT('Ctrl Pts',(-26.3526827771734,1.5824505312398,2.5000000000001));
#5887=CARTESIAN_POINT('Origin',(-25.6054543541468,-2.22044604925031E-15,
2.5));
#5888=CARTESIAN_POINT('',(-23.8554543541468,-2.00613285939953E-15,16.3));
#5889=CARTESIAN_POINT('Ctrl Pts',(-29.5605864533147,0.00514136857915234,
13.3));
#5890=CARTESIAN_POINT('Ctrl Pts',(-29.5605864533147,0.00514136857915236,
11.4502829413084));
#5891=CARTESIAN_POINT('Ctrl Pts',(-29.0829700623418,0.00419114423111631,
7.48148483425368));
#5892=CARTESIAN_POINT('Ctrl Pts',(-27.5873564698423,-0.0023471602687172,
4.2133465871808));
#5893=CARTESIAN_POINT('Ctrl Pts',(-26.3787963176029,-0.00715594811419936,
2.50018407614895));
#5894=CARTESIAN_POINT('Ctrl Pts',(-29.5617854043945,0.0394433166463639,
13.3));
#5895=CARTESIAN_POINT('Ctrl Pts',(-29.5617854043945,0.039443316646364,11.4502829413084));
#5896=CARTESIAN_POINT('Ctrl Pts',(-29.0841565875943,0.0381375898157127,
7.48148483425368));
#5897=CARTESIAN_POINT('Ctrl Pts',(-27.5885015756702,0.0304142770404955,
4.2133465871808));
#5898=CARTESIAN_POINT('Ctrl Pts',(-26.3799082878911,0.024657482574706,2.50018407614895));
#5899=CARTESIAN_POINT('Ctrl Pts',(-29.562986790896,0.0738138777692375,13.3));
#5900=CARTESIAN_POINT('Ctrl Pts',(-29.5629867967464,0.0738138588217652,
11.450282750123));
#5901=CARTESIAN_POINT('Ctrl Pts',(-29.0853454118018,0.0721513493444036,
7.48148416973236));
#5902=CARTESIAN_POINT('Ctrl Pts',(-27.5896483238918,0.0632367630750932,
4.21334568341189));
#5903=CARTESIAN_POINT('Ctrl Pts',(-26.3810215936717,0.0565270161939022,
2.50018314805915));
#5904=CARTESIAN_POINT('Ctrl Pts',(-29.5662415034879,0.166930366534757,13.3));
#5905=CARTESIAN_POINT('Ctrl Pts',(-29.5662415299165,0.166930357796195,11.4502833618695));
#5906=CARTESIAN_POINT('Ctrl Pts',(-29.0885669012138,0.164305037353097,7.48148671891842));
#5907=CARTESIAN_POINT('Ctrl Pts',(-27.5927592115523,0.152189330815398,4.21334949115156));
#5908=CARTESIAN_POINT('Ctrl Pts',(-26.3840437930812,0.14291784747805,2.50018679433434));
#5909=CARTESIAN_POINT('Ctrl Pts',(-29.5689204357044,0.257839822633611,13.3));
#5910=CARTESIAN_POINT('Ctrl Pts',(-29.5689204298808,0.257843959817915,11.450346408416));
#5911=CARTESIAN_POINT('Ctrl Pts',(-29.0912618443753,0.254506144728245,7.48172635451335));
#5912=CARTESIAN_POINT('Ctrl Pts',(-27.5955484967505,0.240826763476359,4.21369181562606));
#5913=CARTESIAN_POINT('Ctrl Pts',(-26.3868603532207,0.230245012501855,2.50052552103542));
#5914=CARTESIAN_POINT('Ctrl Pts',(-29.5728105100475,0.455041276205272,13.3));
#5915=CARTESIAN_POINT('Ctrl Pts',(-29.572810449411,0.455051362580875,11.4504133621255));
#5916=CARTESIAN_POINT('Ctrl Pts',(-29.0951575157284,0.450014169091821,7.48198111622886));
#5917=CARTESIAN_POINT('Ctrl Pts',(-27.5995002785079,0.431828454649254,4.21405569016862));
#5918=CARTESIAN_POINT('Ctrl Pts',(-26.3908058108747,0.417545789883251,2.50088533325487));
#5919=CARTESIAN_POINT('Ctrl Pts',(-29.5741468544793,0.793220427140995,13.3));
#5920=CARTESIAN_POINT('Ctrl Pts',(-29.5741470474978,0.793241542385194,11.4504911687357));
#5921=CARTESIAN_POINT('Ctrl Pts',(-29.0965330969534,0.785386345806927,7.48228193976486));
#5922=CARTESIAN_POINT('Ctrl Pts',(-27.6010307331178,0.760032161673608,4.21449007223097));
#5923=CARTESIAN_POINT('Ctrl Pts',(-26.3924055103736,0.739809493533388,2.50131350699388));
#5924=CARTESIAN_POINT('Ctrl Pts',(-29.5560259278898,1.47876951434862,13.3));
#5925=CARTESIAN_POINT('Ctrl Pts',(-29.5560279694346,1.47880977081415,11.4504080471814));
#5926=CARTESIAN_POINT('Ctrl Pts',(-29.0785478257585,1.46520731731902,7.48199421330555));
#5927=CARTESIAN_POINT('Ctrl Pts',(-27.5833314288487,1.42487104710507,4.21411357974331));
#5928=CARTESIAN_POINT('Ctrl Pts',(-26.3750254304004,1.39221223689761,2.50093662165761));
#5929=CARTESIAN_POINT('Ctrl Pts',(-29.4372001864135,2.86269207399839,13.3));
#5930=CARTESIAN_POINT('Ctrl Pts',(-29.4372121536227,2.86276518624294,11.4493678476869));
#5931=CARTESIAN_POINT('Ctrl Pts',(-28.9602977681909,2.83735116759957,7.47817921434289));
#5932=CARTESIAN_POINT('Ctrl Pts',(-27.465907369957,2.76572456231107,4.20888119636455));
#5933=CARTESIAN_POINT('Ctrl Pts',(-26.2591796671546,2.70719389470921,2.49577522275996));
#5934=CARTESIAN_POINT('Ctrl Pts',(-29.034826722484,4.88823118802098,13.3));
#5935=CARTESIAN_POINT('Ctrl Pts',(-29.0348665505108,4.88833012937569,11.4461688619811));
#5936=CARTESIAN_POINT('Ctrl Pts',(-28.5604552248815,4.84374102031124,7.46644939366696));
#5937=CARTESIAN_POINT('Ctrl Pts',(-27.0710360508847,4.71876499687866,4.19266242733812));
#5938=CARTESIAN_POINT('Ctrl Pts',(-25.8708597930567,4.61734402746706,2.4796931588247));
#5939=CARTESIAN_POINT('Ctrl Pts',(-28.2527003597686,7.24924609746743,13.3));
#5940=CARTESIAN_POINT('Ctrl Pts',(-28.2527623846058,7.24938181983688,11.4412065962263));
#5941=CARTESIAN_POINT('Ctrl Pts',(-27.7841385583792,7.18049459323701,7.44811259751341));
#5942=CARTESIAN_POINT('Ctrl Pts',(-26.3080167478763,6.98541554786112,4.16641904095639));
#5943=CARTESIAN_POINT('Ctrl Pts',(-25.1217328076127,6.82942989518666,2.4533212108231));
#5944=CARTESIAN_POINT('Ctrl Pts',(-26.9244585337698,10.0829779190054,13.3));
#5945=CARTESIAN_POINT('Ctrl Pts',(-26.9245120922478,10.0831648612847,11.4332704418647));
#5946=CARTESIAN_POINT('Ctrl Pts',(-26.4648463658795,9.98594010810393,7.41836908788888));
#5947=CARTESIAN_POINT('Ctrl Pts',(-25.0091972675588,9.70828515191371,4.12230388253437));
#5948=CARTESIAN_POINT('Ctrl Pts',(-23.8439655878879,9.48844384985251,2.4083287913228));
#5949=CARTESIAN_POINT('Ctrl Pts',(-24.8832483938262,12.8683266821314,13.3));
#5950=CARTESIAN_POINT('Ctrl Pts',(-24.8833753049832,12.8685542062694,11.4139535416637));
#5951=CARTESIAN_POINT('Ctrl Pts',(-24.431840888216,12.743435960007,7.34728749356497));
#5952=CARTESIAN_POINT('Ctrl Pts',(-22.9842469635546,12.3822435726174,4.01613334524701));
#5953=CARTESIAN_POINT('Ctrl Pts',(-21.8369015938735,12.1021238665977,2.29894387902951));
#5954=CARTESIAN_POINT('Ctrl Pts',(-21.3216376764688,15.5921292088049,13.3));
#5955=CARTESIAN_POINT('Ctrl Pts',(-21.3215778650166,15.5922603046578,11.382171753213));
#5956=CARTESIAN_POINT('Ctrl Pts',(-20.8999308339097,15.4272118171548,7.2301907991174));
#5957=CARTESIAN_POINT('Ctrl Pts',(-19.5225931798167,14.9295470596952,3.82472720264534));
#5958=CARTESIAN_POINT('Ctrl Pts',(-18.4314590211876,14.5522028975746,2.0912243830898));
#5959=CARTESIAN_POINT('Ctrl Pts',(-18.2036054589917,16.8498336991009,13.3));
#5960=CARTESIAN_POINT('Ctrl Pts',(-18.2036263405193,16.8498742551442,11.3602364343786));
#5961=CARTESIAN_POINT('Ctrl Pts',(-17.8141450280028,16.6642814645942,7.15129863344687));
#5962=CARTESIAN_POINT('Ctrl Pts',(-16.5302507673723,16.0880411561585,3.68670880723989));
#5963=CARTESIAN_POINT('Ctrl Pts',(-15.5110414104659,15.6498939529072,1.93135260965812));
#5964=CARTESIAN_POINT('Ctrl Pts',(-16.4865838442052,17.3190765914073,13.3));
#5965=CARTESIAN_POINT('Ctrl Pts',(-16.4865838442052,17.3190765914073,11.3510104747889));
#5966=CARTESIAN_POINT('Ctrl Pts',(-16.1151184999951,17.1259017477459,7.11786302977379));
#5967=CARTESIAN_POINT('Ctrl Pts',(-14.8872407306155,16.51996249413,3.62687743538669));
#5968=CARTESIAN_POINT('Ctrl Pts',(-13.9110645700034,16.0577300766215,1.8606275314659));
#5969=CARTESIAN_POINT('',(-15.5526132810385,15.8175927927615,2.5));
#5970=CARTESIAN_POINT('Ctrl Pts',(-15.5526132810385,15.8175927927615,2.5));
#5971=CARTESIAN_POINT('Ctrl Pts',(-15.5624880005552,16.1850374559954,3.40329639270089));
#5972=CARTESIAN_POINT('Ctrl Pts',(-15.5112853144327,16.5145888465935,4.39227960665144));
#5973=CARTESIAN_POINT('Ctrl Pts',(-15.4357574521174,16.792356860316,5.49999999999999));
#5974=CARTESIAN_POINT('Ctrl Pts',(-15.5526132810385,15.8175927927615,2.5));
#5975=CARTESIAN_POINT('Ctrl Pts',(-17.0364143679836,15.3101668011478,2.5));
#5976=CARTESIAN_POINT('Ctrl Pts',(-18.7341159274578,14.5364726882899,2.49999999996958));
#5977=CARTESIAN_POINT('Ctrl Pts',(-22.0181068593885,12.033676141042,2.49999999996958));
#5978=CARTESIAN_POINT('Ctrl Pts',(-23.1533821941008,10.5898249857227,2.50000000000001));
#5979=CARTESIAN_POINT('Ctrl Pts',(-24.8285709393693,7.69819980640677,2.50000000000001));
#5980=CARTESIAN_POINT('Ctrl Pts',(-25.4330776526405,6.11888451324676,2.5));
#5981=CARTESIAN_POINT('Ctrl Pts',(-26.0332188598954,3.87372609713634,2.5));
#5982=CARTESIAN_POINT('Ctrl Pts',(-26.1972584128996,3.04534199301904,2.5000000000005));
#5983=CARTESIAN_POINT('Ctrl Pts',(-26.3188800989314,1.99141016160877,2.5000000000005));
#5984=CARTESIAN_POINT('Ctrl Pts',(-26.3382364319367,1.78104157255679,2.5));
#5985=CARTESIAN_POINT('Ctrl Pts',(-26.3526827771733,1.58245053123976,2.5));
#5986=CARTESIAN_POINT('Origin',(27.,1.33226762955019E-14,2.5));
#5987=CARTESIAN_POINT('',(12.8729904251536,-17.0494477930798,2.5));
#5988=CARTESIAN_POINT('Origin',(15.9851406487837,-15.7566133158326,2.5));
#5989=CARTESIAN_POINT('',(-9.08397720057844,-17.2304189838717,2.5));
#5990=CARTESIAN_POINT('Ctrl Pts',(12.8733883910486,-17.0544375240384,2.5));
#5991=CARTESIAN_POINT('Ctrl Pts',(9.21157425623165,-17.244078473611,2.5));
#5992=CARTESIAN_POINT('Ctrl Pts',(5.45312176971294,-17.4013417547313,2.49999999999999));
#5993=CARTESIAN_POINT('Ctrl Pts',(2.0278317636894,-17.4815790942185,2.49999999999999));
#5994=CARTESIAN_POINT('Ctrl Pts',(-0.632143228736164,-17.5438889471417,
2.49999999999999));
#5995=CARTESIAN_POINT('Ctrl Pts',(-3.09156259469457,-17.5486932565527,2.5));
#5996=CARTESIAN_POINT('Ctrl Pts',(-5.14878094180884,-17.4801271518037,2.5));
#5997=CARTESIAN_POINT('Ctrl Pts',(-6.57734857078938,-17.4325136751753,2.5));
#5998=CARTESIAN_POINT('Ctrl Pts',(-7.86176569412479,-17.3524772721459,2.5));
#5999=CARTESIAN_POINT('Ctrl Pts',(-9.08402419621666,-17.2304178120126,2.5));
#6000=CARTESIAN_POINT('Origin',(-12.1840436663144,-15.9088714410193,2.5));
#6001=CARTESIAN_POINT('',(-9.08392847351399,17.2300610315402,2.5));
#6002=CARTESIAN_POINT('Origin',(-12.1838295521518,15.9081255933812,2.5));
#6003=CARTESIAN_POINT('',(12.8735396741681,17.0491342007625,2.5));
#6004=CARTESIAN_POINT('Ctrl Pts',(-9.08400028428067,17.2300556610906,2.5));
#6005=CARTESIAN_POINT('Ctrl Pts',(-9.05950895358547,17.2324986516022,2.5));
#6006=CARTESIAN_POINT('Ctrl Pts',(-9.03498461514526,17.2349255685536,2.5));
#6007=CARTESIAN_POINT('Ctrl Pts',(-9.01042691513641,17.2373365613981,2.5));
#6008=CARTESIAN_POINT('Ctrl Pts',(-6.30866910421737,17.5025861062382,2.5));
#6009=CARTESIAN_POINT('Ctrl Pts',(-2.9116378867675,17.5985376808207,2.5));
#6010=CARTESIAN_POINT('Ctrl Pts',(2.09881797637742,17.4795780296407,2.5));
#6011=CARTESIAN_POINT('Ctrl Pts',(4.66464779210928,17.4186593770862,2.5));
#6012=CARTESIAN_POINT('Ctrl Pts',(7.6611245030835,17.3042296136916,2.5));
#6013=CARTESIAN_POINT('Ctrl Pts',(11.1884188037326,17.1332656362044,2.5));
#6014=CARTESIAN_POINT('Ctrl Pts',(11.7393800986833,17.1065611634846,2.5));
#6015=CARTESIAN_POINT('Ctrl Pts',(12.301467057279,17.0785412269855,2.5));
#6016=CARTESIAN_POINT('Ctrl Pts',(12.8735465651235,17.049185365152,2.5));
#6017=CARTESIAN_POINT('Origin',(15.9853527111368,15.7554883361798,2.5));
#6018=CARTESIAN_POINT('',(64.4300427536518,8.875,2.5));
#6019=CARTESIAN_POINT('Origin',(67.5594663537125,9.82347663723639,2.5));
#6020=CARTESIAN_POINT('',(49.3075331856299,8.87500000000013,2.5));
#6021=CARTESIAN_POINT('',(35.6475,8.875,2.5));
#6022=CARTESIAN_POINT('',(49.8095361272123,9.88895293168786,2.5));
#6023=CARTESIAN_POINT('Origin',(48.5345361272123,9.88895293168786,2.5));
#6024=CARTESIAN_POINT('',(47.7615390687947,8.87500000000013,2.5));
#6025=CARTESIAN_POINT('Origin',(48.5345361272123,9.88895293168786,2.5));
#6026=CARTESIAN_POINT('',(45.395,8.875,2.5));
#6027=CARTESIAN_POINT('',(35.6475,8.875,2.5));
#6028=CARTESIAN_POINT('',(45.395,-8.875,2.5));
#6029=CARTESIAN_POINT('',(45.395,-3.93749999999999,2.5));
#6030=CARTESIAN_POINT('',(47.7601097969966,-8.87500000000012,2.5));
#6031=CARTESIAN_POINT('',(46.0428519544007,-8.875,2.5));
#6032=CARTESIAN_POINT('',(49.8097487132101,-9.88769914065734,2.5));
#6033=CARTESIAN_POINT('Origin',(48.5347487132101,-9.88769914065734,2.5));
#6034=CARTESIAN_POINT('',(49.3093876294237,-8.87500000000012,2.5));
#6035=CARTESIAN_POINT('Origin',(48.5347487132101,-9.88769914065734,2.5));
#6036=CARTESIAN_POINT('',(64.4304624493344,-8.875,2.5));
#6037=CARTESIAN_POINT('',(46.0428519544007,-8.875,2.5));
#6038=CARTESIAN_POINT('Origin',(67.5593341262604,-9.825295758872,2.5));
#6039=CARTESIAN_POINT('',(-17.475196508365,11.9916696747455,2.5));
#6040=CARTESIAN_POINT('Origin',(-18.850196508365,11.9916696747455,2.5));
#6041=CARTESIAN_POINT('',(8.775,3.93750000000001,2.5));
#6042=CARTESIAN_POINT('',(3.22855898285365,14.1166287843832,2.5));
#6043=CARTESIAN_POINT('Origin',(1.95355898285365,14.1166287843832,2.5));
#6044=CARTESIAN_POINT('',(3.22886246908382,-14.1163764220886,2.5));
#6045=CARTESIAN_POINT('Origin',(1.95386246908382,-14.1163764220886,2.5));
#6046=CARTESIAN_POINT('Origin',(67.5594663537125,9.82347663723639,16.3));
#6047=CARTESIAN_POINT('',(64.933378237494,7.875,1.5));
#6048=CARTESIAN_POINT('',(64.933378237494,7.875,16.3));
#6049=CARTESIAN_POINT('Ctrl Pts',(64.4300427536518,8.875,2.5));
#6050=CARTESIAN_POINT('Ctrl Pts',(64.470132501166,8.74272705086659,2.5));
#6051=CARTESIAN_POINT('Ctrl Pts',(64.5218556707875,8.60504726458374,2.47241358257433));
#6052=CARTESIAN_POINT('Ctrl Pts',(64.6343503425709,8.35536727540818,2.36512683911545));
#6053=CARTESIAN_POINT('Ctrl Pts',(64.6948272543031,8.24317076993457,2.28557480539941));
#6054=CARTESIAN_POINT('Ctrl Pts',(64.7959470880621,8.07279200746199,2.10856868662926));
#6055=CARTESIAN_POINT('Ctrl Pts',(64.844585144131,7.99975418176921,2.00084045628562));
#6056=CARTESIAN_POINT('Ctrl Pts',(64.9137424888709,7.90079905585819,1.76043917246549));
#6057=CARTESIAN_POINT('Ctrl Pts',(64.933378237494,7.875,1.62746419579423));
#6058=CARTESIAN_POINT('Ctrl Pts',(64.933378237494,7.875,1.5));
#6059=CARTESIAN_POINT('Ctrl Pts',(70.8071967095685,10.2044589670773,5.49999999999999));
#6060=CARTESIAN_POINT('Ctrl Pts',(70.8270887841809,10.0348865499348,4.811316495317));
#6061=CARTESIAN_POINT('Ctrl Pts',(70.8375645517966,9.83573259037207,4.12728909876951));
#6062=CARTESIAN_POINT('Ctrl Pts',(70.8147834914076,9.49451806275779,3.13680322665154));
#6063=CARTESIAN_POINT('Ctrl Pts',(70.8011965782458,9.37562446852373,2.81631840357953));
#6064=CARTESIAN_POINT('Ctrl Pts',(70.7786479040199,9.24922046951998,2.50000000000001));
#6065=CARTESIAN_POINT('Origin',(67.5593341262604,-9.825295758872,16.3));
#6066=CARTESIAN_POINT('Ctrl Pts',(70.7782295973088,-9.24943818406349,2.49999999999998));
#6067=CARTESIAN_POINT('Ctrl Pts',(70.7991544907928,-9.36640294725232,2.79275532870715));
#6068=CARTESIAN_POINT('Ctrl Pts',(70.8123909876495,-9.47691966871264,3.08902547391841));
#6069=CARTESIAN_POINT('Ctrl Pts',(70.8382247312434,-9.82141782930243,4.07794592247955));
#6070=CARTESIAN_POINT('Ctrl Pts',(70.8277811219024,-10.0288437225596,4.78646654395764));
#6071=CARTESIAN_POINT('Ctrl Pts',(70.8072719785143,-10.2045050782417,5.50000000000002));
#6072=CARTESIAN_POINT('',(64.9345967197898,-7.875,1.5));
#6073=CARTESIAN_POINT('Ctrl Pts',(64.9345967197899,-7.875,1.5));
#6074=CARTESIAN_POINT('Ctrl Pts',(64.9345967197899,-7.875,1.62746783231034));
#6075=CARTESIAN_POINT('Ctrl Pts',(64.9149318831013,-7.90080016430483,1.76043796810526));
#6076=CARTESIAN_POINT('Ctrl Pts',(64.8456818959982,-7.99974438575268,2.00082055478953));
#6077=CARTESIAN_POINT('Ctrl Pts',(64.7969815181097,-8.07277010323862,2.10853567902471));
#6078=CARTESIAN_POINT('Ctrl Pts',(64.6957198079388,-8.2431308928485,2.28554449064358));
#6079=CARTESIAN_POINT('Ctrl Pts',(64.6351486196486,-8.35532970276883,2.36510561251928));
#6080=CARTESIAN_POINT('Ctrl Pts',(64.5224619942706,-8.60502170872635,2.47240768176524));
#6081=CARTESIAN_POINT('Ctrl Pts',(64.4706409045289,-8.74271146844872,2.5));
#6082=CARTESIAN_POINT('Ctrl Pts',(64.4304624493344,-8.875,2.5));
#6083=CARTESIAN_POINT('',(64.9345967197899,-7.875,16.3));
#6084=CARTESIAN_POINT('Origin',(6.125,-5.875,4.));
#6085=CARTESIAN_POINT('Origin',(6.125,-5.875,4.));
#6086=CARTESIAN_POINT('Origin',(48.045,5.875,4.));
#6087=CARTESIAN_POINT('',(48.045,6.125,4.));
#6088=CARTESIAN_POINT('Origin',(48.045,5.875,4.));
#6089=CARTESIAN_POINT('',(48.045,-6.125,4.));
#6090=CARTESIAN_POINT('Origin',(46.0428519544007,-8.875,1.5));
#6091=CARTESIAN_POINT('Ctrl Pts',(49.3093876294236,-8.87500000000023,2.5));
#6092=CARTESIAN_POINT('Ctrl Pts',(49.2287449953577,-8.81331443106324,2.50000000000001));
#6093=CARTESIAN_POINT('Ctrl Pts',(49.1391624495441,-8.76032134461628,2.49428204649649));
#6094=CARTESIAN_POINT('Ctrl Pts',(48.8819783189891,-8.64814914121782,2.47656910348365));
#6095=CARTESIAN_POINT('Ctrl Pts',(48.7035474768009,-8.61269914065734,2.46498614455758));
#6096=CARTESIAN_POINT('Ctrl Pts',(48.3659499496194,-8.61269914065734,2.46498614455758));
#6097=CARTESIAN_POINT('Ctrl Pts',(48.1875191074312,-8.64814914121782,2.47656910348365));
#6098=CARTESIAN_POINT('Ctrl Pts',(47.9303349768762,-8.76032134461629,2.49428204649649));
#6099=CARTESIAN_POINT('Ctrl Pts',(47.8407524310626,-8.81331443106324,2.50000000000001));
#6100=CARTESIAN_POINT('Ctrl Pts',(47.7601097969967,-8.87500000000023,2.5));
#6101=CARTESIAN_POINT('',(45.395,-7.875,1.5));
#6102=CARTESIAN_POINT('Origin',(45.395,-8.875,1.5));
#6103=CARTESIAN_POINT('',(46.0428519544007,-7.875,1.5));
#6104=CARTESIAN_POINT('Origin',(65.0857039088013,-7.875,2.5));
#6105=CARTESIAN_POINT('',(45.395,-7.875,2.5));
#6106=CARTESIAN_POINT('Origin',(35.6475,8.875,1.5));
#6107=CARTESIAN_POINT('Ctrl Pts',(47.7615390687948,8.87500000000026,2.5));
#6108=CARTESIAN_POINT('Ctrl Pts',(47.8418378513648,8.81378342792748,2.50000000000002));
#6109=CARTESIAN_POINT('Ctrl Pts',(47.9309598136464,8.76117964048071,2.49436942142952));
#6110=CARTESIAN_POINT('Ctrl Pts',(48.1875400912757,8.64935336871851,2.47684056476918));
#6111=CARTESIAN_POINT('Ctrl Pts',(48.3658593824185,8.61395293168787,2.4653260734724));
#6112=CARTESIAN_POINT('Ctrl Pts',(48.7032128720062,8.61395293168787,2.4653260734724));
#6113=CARTESIAN_POINT('Ctrl Pts',(48.8815321631489,8.64935336871851,2.47684056476918));
#6114=CARTESIAN_POINT('Ctrl Pts',(49.1381124407783,8.76117964048071,2.49436942142952));
#6115=CARTESIAN_POINT('Ctrl Pts',(49.2272344030599,8.81378342792748,2.50000000000002));
#6116=CARTESIAN_POINT('Ctrl Pts',(49.3075331856299,8.87500000000026,2.5));
#6117=CARTESIAN_POINT('',(45.395,7.875,1.5));
#6118=CARTESIAN_POINT('',(35.6475,7.875,1.5));
#6119=CARTESIAN_POINT('Origin',(45.395,8.875,1.5));
#6120=CARTESIAN_POINT('Origin',(8.77500000000001,7.875,2.5));
#6121=CARTESIAN_POINT('',(8.775,7.875,2.5));
#6122=CARTESIAN_POINT('Origin',(-18.025,7.875,2.5));
#6123=CARTESIAN_POINT('Origin',(44.295,7.875,2.5));
#6124=CARTESIAN_POINT('',(45.395,7.875,2.5));
#6125=CARTESIAN_POINT('Origin',(45.395,-7.875,2.5));
#6126=CARTESIAN_POINT('Origin',(48.295,-6.125,4.));
#6127=CARTESIAN_POINT('',(71.445,-6.125,4.));
#6128=CARTESIAN_POINT('Origin',(71.445,-5.875,4.));
#6129=CARTESIAN_POINT('',(71.445,6.12500000000001,4.));
#6130=CARTESIAN_POINT('Origin',(70.695,6.125,4.));
#6131=CARTESIAN_POINT('Origin',(-17.425,5.875,4.));
#6132=CARTESIAN_POINT('Origin',(73.5325064139672,-4.16824387935035,2.5));
#6133=CARTESIAN_POINT('',(74.8075064139672,-4.16824387935035,2.5));
#6134=CARTESIAN_POINT('Origin',(73.5324902712809,4.16819706868126,2.5));
#6135=CARTESIAN_POINT('',(74.807490271281,4.16819706868126,2.5));
#6136=CARTESIAN_POINT('Origin',(-18.850196508365,11.9916696747455,2.5));
#6137=CARTESIAN_POINT('',(-17.475196508365,11.9916696747455,2.5));
#6138=CARTESIAN_POINT('Origin',(48.5347487132101,-9.88769914065734,2.5));
#6139=CARTESIAN_POINT('',(49.8097487132101,-9.88769914065734,2.5));
#6140=CARTESIAN_POINT('Origin',(1.95386246908382,-14.1163764220886,2.5));
#6141=CARTESIAN_POINT('',(3.22886246908382,-14.1163764220886,2.5));
#6142=CARTESIAN_POINT('Origin',(48.5345361272123,9.88895293168786,2.5));
#6143=CARTESIAN_POINT('',(49.8095361272123,9.88895293168786,2.5));
#6144=CARTESIAN_POINT('Origin',(1.95355898285365,14.1166287843832,2.5));
#6145=CARTESIAN_POINT('',(3.22855898285365,14.1166287843832,2.5));
#6146=CARTESIAN_POINT('Ctrl Pts',(-10.0618685100654,17.8538649818636,5.57343286856594));
#6147=CARTESIAN_POINT('Ctrl Pts',(-9.79804127124773,17.6834632210802,4.48625718360191));
#6148=CARTESIAN_POINT('Ctrl Pts',(-9.47197211087395,17.4747095149851,3.46199060412593));
#6149=CARTESIAN_POINT('Ctrl Pts',(-9.08392332244084,17.2300577839613,2.49998723007312));
#6150=CARTESIAN_POINT('Ctrl Pts',(-6.30407260309462,18.2201825653044,5.52642401763442));
#6151=CARTESIAN_POINT('Ctrl Pts',(-6.0743426687909,18.0435842077564,4.43126657977461));
#6152=CARTESIAN_POINT('Ctrl Pts',(-5.78937362984882,17.826198317308,3.39879161761742));
#6153=CARTESIAN_POINT('Ctrl Pts',(-5.45110632290808,17.5717229542499,2.42912392896513));
#6154=CARTESIAN_POINT('Ctrl Pts',(1.02968761806236,18.1959403331641,5.50262828632768));
#6155=CARTESIAN_POINT('Ctrl Pts',(1.19599539787432,18.0183013659422,4.40313683368533));
#6156=CARTESIAN_POINT('Ctrl Pts',(1.401088544627,17.8003702732446,3.36628158348442));
#6157=CARTESIAN_POINT('Ctrl Pts',(1.64532429777474,17.5438812418861,2.39214443306886));
#6158=CARTESIAN_POINT('Ctrl Pts',(9.54824488104122,17.8193354757859,5.50062724427626));
#6159=CARTESIAN_POINT('Ctrl Pts',(9.63509086832934,17.6447364397704,4.40082235940108));
#6160=CARTESIAN_POINT('Ctrl Pts',(9.74180441489715,17.4303952499084,3.36351286178678));
#6161=CARTESIAN_POINT('Ctrl Pts',(9.8695702068458,17.1784102236504,2.38906827957593));
#6162=CARTESIAN_POINT('Ctrl Pts',(13.1846741473409,17.6298147689388,5.50000000175563));
#6163=CARTESIAN_POINT('Ctrl Pts',(13.2375154750138,17.4568499358279,4.40004970557292));
#6164=CARTESIAN_POINT('Ctrl Pts',(13.3028703228096,17.2444878051263,3.36267886476217));
#6165=CARTESIAN_POINT('Ctrl Pts',(13.3807795088826,16.9948999174274,2.38806528970088));
#6166=CARTESIAN_POINT('Ctrl Pts',(-9.08392847351399,17.2300610315402,2.50000000000001));
#6167=CARTESIAN_POINT('Ctrl Pts',(-9.19596806255384,17.4927906875349,3.42986812791576));
#6168=CARTESIAN_POINT('Ctrl Pts',(-9.33071533614941,17.7156005723335,4.43136579698623));
#6169=CARTESIAN_POINT('Ctrl Pts',(-9.46309275199943,17.8967158639742,5.50000000000001));
#6170=CARTESIAN_POINT('Ctrl Pts',(13.1846741461723,17.629814768728,5.5));
#6171=CARTESIAN_POINT('Ctrl Pts',(13.0910057120863,17.4898523955772,4.56400079197876));
#6172=CARTESIAN_POINT('Ctrl Pts',(12.9939384354248,17.3221167527215,3.67355696684096));
#6173=CARTESIAN_POINT('Ctrl Pts',(12.8954395225833,17.1008898289073,2.71586102126361));
#6174=CARTESIAN_POINT('Ctrl Pts',(12.8843722148469,17.0751914411793,2.60736396461275));
#6175=CARTESIAN_POINT('Ctrl Pts',(12.8735396741681,17.0491342007625,2.5));
#6176=CARTESIAN_POINT('Ctrl Pts',(70.8071967095685,10.2044589670773,5.50000000000002));
#6177=CARTESIAN_POINT('Ctrl Pts',(70.153861208462,10.0736766205911,4.07027619138665));
#6178=CARTESIAN_POINT('Ctrl Pts',(69.2990294712901,9.90740655625029,2.7560598753783));
#6179=CARTESIAN_POINT('Ctrl Pts',(68.2445041597309,9.71152700397773,1.55039547725898));
#6180=CARTESIAN_POINT('Ctrl Pts',(71.7849859703097,9.89840796615433,5.5227586254732));
#6181=CARTESIAN_POINT('Ctrl Pts',(71.1202272462811,9.7744058433866,4.09853266010858));
#6182=CARTESIAN_POINT('Ctrl Pts',(70.249603374547,9.6145653157141,2.78848951145002));
#6183=CARTESIAN_POINT('Ctrl Pts',(69.1773982869684,9.42944973336433,1.58635351935184));
#6184=CARTESIAN_POINT('Ctrl Pts',(74.581350827103,8.92396701284063,5.59938052081563));
#6185=CARTESIAN_POINT('Ctrl Pts',(73.8839405377812,8.81735417494256,4.19066380064195));
#6186=CARTESIAN_POINT('Ctrl Pts',(72.9723329914846,8.68475157063173,2.89706982134284));
#6187=CARTESIAN_POINT('Ctrl Pts',(71.8474585198794,8.5300032624936,1.7070627807121));
#6188=CARTESIAN_POINT('Ctrl Pts',(78.3576600942945,6.98600289412631,5.84498832805949));
#6189=CARTESIAN_POINT('Ctrl Pts',(77.6280919137906,6.93265690465908,4.48469361771287));
#6190=CARTESIAN_POINT('Ctrl Pts',(76.6771686174343,6.8692470508913,3.23090988809054));
#6191=CARTESIAN_POINT('Ctrl Pts',(75.5053953768032,6.79234969991446,2.06066483794798));
#6192=CARTESIAN_POINT('Ctrl Pts',(80.4539085566404,4.70578646241155,6.09199469946745));
#6193=CARTESIAN_POINT('Ctrl Pts',(79.7476183065383,4.69279360746349,4.7652234158581));
#6194=CARTESIAN_POINT('Ctrl Pts',(78.8234545805905,4.67509333985959,3.52243769633156));
#6195=CARTESIAN_POINT('Ctrl Pts',(77.6634062340249,4.64229012330428,2.34261039075526));
#6196=CARTESIAN_POINT('Ctrl Pts',(81.7215686060088,2.22880166841145,6.1978888525463));
#6197=CARTESIAN_POINT('Ctrl Pts',(81.0280941114572,2.23331605150012,4.88192238417253));
#6198=CARTESIAN_POINT('Ctrl Pts',(80.1160766572693,2.23930206035072,3.64009857515953));
#6199=CARTESIAN_POINT('Ctrl Pts',(78.9553658260122,2.23485510327638,2.45381471577539));
#6200=CARTESIAN_POINT('Ctrl Pts',(82.0923683102732,0.894451391786506,6.22993201441824));
#6201=CARTESIAN_POINT('Ctrl Pts',(81.4029399768304,0.909213710536126,4.9187077394318));
#6202=CARTESIAN_POINT('Ctrl Pts',(80.4932318893776,0.921660311723595,3.67536386814516));
#6203=CARTESIAN_POINT('Ctrl Pts',(79.3339169199134,0.934656249296047,2.48688040945928));
#6204=CARTESIAN_POINT('Ctrl Pts',(82.2256976083994,-0.0534877147133216,
6.24314168319546));
#6205=CARTESIAN_POINT('Ctrl Pts',(81.5383312137329,-0.0381492551751923,
4.93198313162125));
#6206=CARTESIAN_POINT('Ctrl Pts',(80.6314292486756,-0.0188271120210961,
3.68953935010849));
#6207=CARTESIAN_POINT('Ctrl Pts',(79.4713531082976,-4.5169227104111E-6,
2.49999999978393));
#6208=CARTESIAN_POINT('Ctrl Pts',(79.4713531085082,-4.51692601011189E-6,
2.49999999999989));
#6209=CARTESIAN_POINT('Ctrl Pts',(79.7030501527279,-3.34344430208962E-6,
2.73809705633271));
#6210=CARTESIAN_POINT('Ctrl Pts',(79.9282724343454,-4.33441917503836E-6,
2.98209262800261));
#6211=CARTESIAN_POINT('Ctrl Pts',(80.146289386412,-5.6802994463645E-6,3.23226417281648));
#6212=CARTESIAN_POINT('Ctrl Pts',(80.3608133626604,-7.00461659061603E-6,
3.47842757446471));
#6213=CARTESIAN_POINT('Ctrl Pts',(80.5683609421493,-8.64100291032437E-6,
3.73057067923241));
#6214=CARTESIAN_POINT('Ctrl Pts',(80.7682802788934,-6.02036908192716E-6,
3.98898213532769));
#6215=CARTESIAN_POINT('Ctrl Pts',(80.8429906314542,-5.0410317129622E-6,
4.0855511381317));
#6216=CARTESIAN_POINT('Ctrl Pts',(80.91663612801,-3.44056533648507E-6,4.18299578169479));
#6217=CARTESIAN_POINT('Ctrl Pts',(80.9891844129078,-8.86329464488966E-7,
4.28133200506185));
#6218=CARTESIAN_POINT('Ctrl Pts',(81.156163675063,4.99257479913523E-6,4.50766554339559));
#6219=CARTESIAN_POINT('Ctrl Pts',(81.3168497085637,1.30154064479722E-5,
4.73807548619702));
#6220=CARTESIAN_POINT('Ctrl Pts',(81.4709429184409,1.83771096167185E-5,
4.9726276000611));
#6221=CARTESIAN_POINT('Ctrl Pts',(81.5848907737851,2.23419473766513E-5,
5.14607268802143));
#6222=CARTESIAN_POINT('Ctrl Pts',(81.6952346135332,2.48553048999643E-5,
5.32178284628881));
#6223=CARTESIAN_POINT('Ctrl Pts',(81.8018716238726,2.40753134868044E-5,
5.49978489879859));
#6224=CARTESIAN_POINT('Ctrl Pts',(13.1839312279801,-17.6301462834174,5.50000000001346));
#6225=CARTESIAN_POINT('Ctrl Pts',(13.2367793707262,-17.4571790760032,4.4000536328682));
#6226=CARTESIAN_POINT('Ctrl Pts',(13.3021425970866,-17.2448141722775,3.36268646032099));
#6227=CARTESIAN_POINT('Ctrl Pts',(13.3800617180911,-16.9952231267668,2.38807623402688));
#6228=CARTESIAN_POINT('Ctrl Pts',(9.54759205961771,-17.8196721961691,5.50062732745809));
#6229=CARTESIAN_POINT('Ctrl Pts',(9.63444406740425,-17.6450707485206,4.40082638602731));
#6230=CARTESIAN_POINT('Ctrl Pts',(9.74116483062187,-17.4307267328509,3.36352057320415));
#6231=CARTESIAN_POINT('Ctrl Pts',(9.86893932266653,-17.1787384979952,2.3890793540144));
#6232=CARTESIAN_POINT('Ctrl Pts',(1.02930302273812,-18.1962897581202,5.50262872559048));
#6233=CARTESIAN_POINT('Ctrl Pts',(1.19561384485924,-18.0186482642112,4.40314128036715));
#6234=CARTESIAN_POINT('Ctrl Pts',(1.40071060936419,-17.8007141954072,3.36628976666204));
#6235=CARTESIAN_POINT('Ctrl Pts',(1.64495064910444,-17.5442218023155,2.39215604367983));
#6236=CARTESIAN_POINT('Ctrl Pts',(-6.30423080148332,-18.2205372504335,5.52642591012175));
#6237=CARTESIAN_POINT('Ctrl Pts',(-6.07449988894596,-18.0439364117932,4.43127269021808));
#6238=CARTESIAN_POINT('Ctrl Pts',(-5.78952968397766,-17.8265477034167,3.39880172182155));
#6239=CARTESIAN_POINT('Ctrl Pts',(-5.45126127223903,-17.5720690610689,2.42913764136043));
#6240=CARTESIAN_POINT('Ctrl Pts',(-10.0619218167797,-17.8542353325911,5.57343428421456));
#6241=CARTESIAN_POINT('Ctrl Pts',(-9.79809456863289,-17.6838309672092,4.48626269983632));
#6242=CARTESIAN_POINT('Ctrl Pts',(-9.47202560022548,-17.4750742098849,3.46199993558092));
#6243=CARTESIAN_POINT('Ctrl Pts',(-9.08397720057849,-17.2304189838717,2.49999999999998));
#6244=CARTESIAN_POINT('Ctrl Pts',(-9.46303838838064,-17.8970943353288,5.5));
#6245=CARTESIAN_POINT('Ctrl Pts',(-9.32994214585086,-17.7149439439249,4.4252929540687));
#6246=CARTESIAN_POINT('Ctrl Pts',(-9.19530490499548,-17.4915698482786,3.42425219493771));
#6247=CARTESIAN_POINT('Ctrl Pts',(-9.08397720057843,-17.2304189838717,2.5));
#6248=CARTESIAN_POINT('Ctrl Pts',(12.8729904251536,-17.0494477930798,2.5));
#6249=CARTESIAN_POINT('Ctrl Pts',(12.9606527074118,-17.2604710881227,3.36945661703432));
#6250=CARTESIAN_POINT('Ctrl Pts',(13.0623883629831,-17.4442569690959,4.29805723042138));
#6251=CARTESIAN_POINT('Ctrl Pts',(13.1697297509068,-17.6087811105484,5.35846984999063));
#6252=CARTESIAN_POINT('Ctrl Pts',(13.1767989316291,-17.6194824435015,5.42868789406532));
#6253=CARTESIAN_POINT('Ctrl Pts',(13.1839312279487,-17.6301462834169,5.5));
#6254=CARTESIAN_POINT('Ctrl Pts',(82.2256945334283,0.0534765707338446,6.24313621794615));
#6255=CARTESIAN_POINT('Ctrl Pts',(81.5383285723644,0.0381386885410281,4.93197974674761));
#6256=CARTESIAN_POINT('Ctrl Pts',(80.631427606633,0.0188172981606882,3.68953774294667));
#6257=CARTESIAN_POINT('Ctrl Pts',(79.4713531084906,-4.51692633622602E-6,
2.49999999998188));
#6258=CARTESIAN_POINT('Ctrl Pts',(82.0479278100573,-1.21044074784657,6.2255239080387));
#6259=CARTESIAN_POINT('Ctrl Pts',(81.3565726087174,-1.22207712659017,4.91250964817073));
#6260=CARTESIAN_POINT('Ctrl Pts',(80.4498345971827,-1.23723905812689,3.66996999418578));
#6261=CARTESIAN_POINT('Ctrl Pts',(79.2881107243467,-1.2462175104249,2.48250780634774));
#6262=CARTESIAN_POINT('Ctrl Pts',(81.3824814177633,-3.25393426758766,6.17935255971044));
#6263=CARTESIAN_POINT('Ctrl Pts',(80.6873029415807,-3.2541244727806,4.86221719390023));
#6264=CARTESIAN_POINT('Ctrl Pts',(79.7721333834035,-3.25376558703263,3.62165538625788));
#6265=CARTESIAN_POINT('Ctrl Pts',(78.6143097924093,-3.23838511737193,2.43640487073679));
#6266=CARTESIAN_POINT('Ctrl Pts',(79.3506776058763,-6.02055313327861,5.97095289641369));
#6267=CARTESIAN_POINT('Ctrl Pts',(78.6304109188662,-5.98838933438711,4.62858484265644));
#6268=CARTESIAN_POINT('Ctrl Pts',(77.6922562999612,-5.95153488341698,3.38298664146551));
#6269=CARTESIAN_POINT('Ctrl Pts',(76.5259442274139,-5.89790250279472,2.20950720462843));
#6270=CARTESIAN_POINT('Ctrl Pts',(76.307807227313,-8.21681864223502,5.67341729027627));
#6271=CARTESIAN_POINT('Ctrl Pts',(75.5887217235983,-8.12802356302594,4.28151330920528));
#6272=CARTESIAN_POINT('Ctrl Pts',(74.6498116766367,-8.01948489840671,3.00437766167629));
#6273=CARTESIAN_POINT('Ctrl Pts',(73.4944839470225,-7.89474239193686,1.82588487159108));
#6274=CARTESIAN_POINT('Ctrl Pts',(72.7628420821135,-9.5923955249243,5.54551731009818));
#6275=CARTESIAN_POINT('Ctrl Pts',(72.0875478033194,-9.47342154231722,4.12529248635638));
#6276=CARTESIAN_POINT('Ctrl Pts',(71.2005166875891,-9.32439738695823,2.82168530857624));
#6277=CARTESIAN_POINT('Ctrl Pts',(70.1103595845395,-9.14741232868472,1.62232115354444));
#6278=CARTESIAN_POINT('Ctrl Pts',(70.8072719785143,-10.2045050782417,5.50000000000002));
#6279=CARTESIAN_POINT('Ctrl Pts',(70.1539359751851,-10.0737228822445,4.07027992757981));
#6280=CARTESIAN_POINT('Ctrl Pts',(69.2991040992785,-9.9074531673016,2.7560669635603));
#6281=CARTESIAN_POINT('Ctrl Pts',(68.2445790107987,-9.71157405762203,1.5504052709446));
#6282=CARTESIAN_POINT('Origin',(15.9853527111368,15.7554883361798,16.3));
#6283=CARTESIAN_POINT('Origin',(-12.1838295521518,15.9081255933812,16.3));
#6284=CARTESIAN_POINT('Origin',(15.9851406487837,-15.7566133158326,16.3));
#6285=CARTESIAN_POINT('Origin',(-12.1840436663144,-15.9088714410193,16.3));
#6286=UNCERTAINTY_MEASURE_WITH_UNIT(LENGTH_MEASURE(0.01),#6290,
'DISTANCE_ACCURACY_VALUE',
'Maximum model space distance between geometric entities at asserted c
onnectivities');
#6287=UNCERTAINTY_MEASURE_WITH_UNIT(LENGTH_MEASURE(0.01),#6290,
'DISTANCE_ACCURACY_VALUE',
'Maximum model space distance between geometric entities at asserted c
onnectivities');
#6288=(
GEOMETRIC_REPRESENTATION_CONTEXT(3)
GLOBAL_UNCERTAINTY_ASSIGNED_CONTEXT((#6286))
GLOBAL_UNIT_ASSIGNED_CONTEXT((#6290,#6292,#6293))
REPRESENTATION_CONTEXT('','3D')
);
#6289=(
GEOMETRIC_REPRESENTATION_CONTEXT(3)
GLOBAL_UNCERTAINTY_ASSIGNED_CONTEXT((#6287))
GLOBAL_UNIT_ASSIGNED_CONTEXT((#6290,#6292,#6293))
REPRESENTATION_CONTEXT('','3D')
);
#6290=(
LENGTH_UNIT()
NAMED_UNIT(*)
SI_UNIT(.MILLI.,.METRE.)
);
#6291=(
LENGTH_UNIT()
NAMED_UNIT(*)
SI_UNIT($,.METRE.)
);
#6292=(
NAMED_UNIT(*)
PLANE_ANGLE_UNIT()
SI_UNIT($,.RADIAN.)
);
#6293=(
NAMED_UNIT(*)
SI_UNIT($,.STERADIAN.)
SOLID_ANGLE_UNIT()
);
#6294=SHAPE_DEFINITION_REPRESENTATION(#6295,#6296);
#6295=PRODUCT_DEFINITION_SHAPE('',$,#6298);
#6296=SHAPE_REPRESENTATION('',(#3196),#6288);
#6297=PRODUCT_DEFINITION_CONTEXT('part definition',#6302,'design');
#6298=PRODUCT_DEFINITION('piso_inf (6)','piso_inf (6)',#6299,#6297);
#6299=PRODUCT_DEFINITION_FORMATION('',$,#6304);
#6300=PRODUCT_RELATED_PRODUCT_CATEGORY('piso_inf (6)','piso_inf (6)',(#6304));
#6301=APPLICATION_PROTOCOL_DEFINITION('international standard',
'automotive_design',2009,#6302);
#6302=APPLICATION_CONTEXT(
'Core Data for Automotive Mechanical Design Process');
#6303=PRODUCT_CONTEXT('part definition',#6302,'mechanical');
#6304=PRODUCT('piso_inf (6)','piso_inf (6)',$,(#6303));
#6305=PRESENTATION_STYLE_ASSIGNMENT((#6306));
#6306=SURFACE_STYLE_USAGE(.BOTH.,#6307);
#6307=SURFACE_SIDE_STYLE('',(#6308));
#6308=SURFACE_STYLE_FILL_AREA(#6309);
#6309=FILL_AREA_STYLE('Steel - Satin',(#6310));
#6310=FILL_AREA_STYLE_COLOUR('Steel - Satin',#6311);
#6311=COLOUR_RGB('Steel - Satin',0.627450980392157,0.627450980392157,0.627450980392157);
ENDSEC;
END-ISO-10303-21;
