ISO-10303-21;
HEADER;
/* Generated by software containing ST-Developer
 * from STEP Tools, Inc. (www.steptools.com) 
 */

FILE_DESCRIPTION(
/* description */ (''),
/* implementation_level */ '2;1');

FILE_NAME(
/* name */ 'rigid_caudal_fin.step',
/* time_stamp */ '2026-08-19T10:22:53-05:00',
/* author */ (''),
/* organization */ (''),
/* preprocessor_version */ 'ST-DEVELOPER v20.1',
/* originating_system */ 'Autodesk Translation Framework v15.8.0.0',
/* authorisation */ '');

FILE_SCHEMA (('AUTOMOTIVE_DESIGN { 1 0 10303 214 3 1 1 }'));
ENDSEC;

DATA;
#10=MECHANICAL_DESIGN_GEOMETRIC_PRESENTATION_REPRESENTATION('',(#17),#2409);
#11=ITEM_DEFINED_TRANSFORMATION($,$,#208,#218);
#12=(
REPRESENTATION_RELATIONSHIP($,$,#2420,#2419)
REPRESENTATION_RELATIONSHIP_WITH_TRANSFORMATION(#11)
SHAPE_REPRESENTATION_RELATIONSHIP()
);
#13=CONTEXT_DEPENDENT_SHAPE_REPRESENTATION(#12,#2418);
#14=NEXT_ASSEMBLY_USAGE_OCCURRENCE('Component20:1','Component20:1',
'Component20:1',#2422,#2423,'Component20:1');
#15=SHAPE_REPRESENTATION_RELATIONSHIP('SRR','None',#2420,#16);
#16=ADVANCED_BREP_SHAPE_REPRESENTATION('',(#18),#2408);
#17=STYLED_ITEM('',(#2435),#18);
#18=MANIFOLD_SOLID_BREP('Body1',#194);
#19=CYLINDRICAL_SURFACE('',#215,0.749999999999993);
#20=CYLINDRICAL_SURFACE('',#216,0.749999999999993);
#21=(
BOUNDED_SURFACE()
B_SPLINE_SURFACE(5,1,((#1211,#1212),(#1213,#1214),(#1215,#1216),(#1217,
#1218),(#1219,#1220),(#1221,#1222),(#1223,#1224),(#1225,#1226),(#1227,#1228),
(#1229,#1230),(#1231,#1232),(#1233,#1234),(#1235,#1236),(#1237,#1238),(#1239,
#1240),(#1241,#1242),(#1243,#1244),(#1245,#1246),(#1247,#1248),(#1249,#1250),
(#1251,#1252),(#1253,#1254),(#1255,#1256),(#1257,#1258),(#1259,#1260),(#1261,
#1262),(#1263,#1264),(#1265,#1266),(#1267,#1268),(#1269,#1270),(#1271,#1272),
(#1273,#1274),(#1275,#1276),(#1277,#1278),(#1279,#1280),(#1281,#1282),(#1283,
#1284),(#1285,#1286),(#1287,#1288),(#1289,#1290),(#1291,#1292),(#1293,#1294),
(#1295,#1296),(#1297,#1298),(#1299,#1300),(#1301,#1302),(#1303,#1304),(#1305,
#1306),(#1307,#1308),(#1309,#1310),(#1311,#1312),(#1313,#1314),(#1315,#1316),
(#1317,#1318),(#1319,#1320),(#1321,#1322),(#1323,#1324),(#1325,#1326),(#1327,
#1328),(#1329,#1330),(#1331,#1332),(#1333,#1334),(#1335,#1336),(#1337,#1338),
(#1339,#1340)),.UNSPECIFIED.,.F.,.F.,.F.)
B_SPLINE_SURFACE_WITH_KNOTS((6,1,1,1,1,1,1,1,1,1,1,1,1,1,1,1,1,1,1,1,1,
1,1,1,1,1,1,1,1,1,1,1,1,1,1,1,1,1,1,1,1,1,1,1,1,1,1,1,1,1,1,1,1,1,1,1,1,
1,1,1,6),(2,2),(0.,0.0166666666666667,0.0333333333333333,0.05,0.0666666666666667,
0.0833333333333333,0.1,0.116666666666667,0.133333333333333,0.15,0.166666666666667,
0.183333333333333,0.2,0.216666666666667,0.233333333333333,0.25,0.266666666666667,
0.283333333333333,0.3,0.316666666666667,0.333333333333333,0.35,0.366666666666667,
0.383333333333333,0.4,0.416666666666667,0.433333333333333,0.45,0.466666666666667,
0.483333333333333,0.5,0.516666666666667,0.533333333333333,0.55,0.566666666666667,
0.583333333333333,0.6,0.616666666666667,0.633333333333334,0.65,0.666666666666667,
0.683333333333334,0.700000000000001,0.716666666666667,0.733333333333334,
0.750000000000001,0.766666666666667,0.783333333333334,0.800000000000001,
0.816666666666668,0.833333333333334,0.850000000000001,0.866666666666668,
0.883333333333334,0.900000000000001,0.916666666666668,0.933333333333335,
0.950000000000001,0.966666666666668,0.983333333333335,1.),(-0.1,0.1),
 .UNSPECIFIED.)
GEOMETRIC_REPRESENTATION_ITEM()
RATIONAL_B_SPLINE_SURFACE(((1.,1.),(1.,1.),(1.,1.),(1.,1.),(1.,1.),(1.,
1.),(1.,1.),(1.,1.),(1.,1.),(1.,1.),(1.,1.),(1.,1.),(1.,1.),(1.,1.),(1.,
1.),(1.,1.),(1.,1.),(1.,1.),(1.,1.),(1.,1.),(1.,1.),(1.,1.),(1.,1.),(1.,
1.),(1.,1.),(1.,1.),(1.,1.),(1.,1.),(1.,1.),(1.,1.),(1.,1.),(1.,1.),(1.,
1.),(1.,1.),(1.,1.),(1.,1.),(1.,1.),(1.,1.),(1.,1.),(1.,1.),(1.,1.),(1.,
1.),(1.,1.),(1.,1.),(1.,1.),(1.,1.),(1.,1.),(1.,1.),(1.,1.),(1.,1.),(1.,
1.),(1.,1.),(1.,1.),(1.,1.),(1.,1.),(1.,1.),(1.,1.),(1.,1.),(1.,1.),(1.,
1.),(1.,1.),(1.,1.),(1.,1.),(1.,1.),(1.,1.)))
REPRESENTATION_ITEM('')
SURFACE()
);
#22=(
BOUNDED_SURFACE()
B_SPLINE_SURFACE(5,1,((#2267,#2268),(#2269,#2270),(#2271,#2272),(#2273,
#2274),(#2275,#2276),(#2277,#2278),(#2279,#2280),(#2281,#2282),(#2283,#2284),
(#2285,#2286),(#2287,#2288),(#2289,#2290),(#2291,#2292),(#2293,#2294),(#2295,
#2296),(#2297,#2298),(#2299,#2300),(#2301,#2302),(#2303,#2304),(#2305,#2306),
(#2307,#2308),(#2309,#2310),(#2311,#2312),(#2313,#2314),(#2315,#2316),(#2317,
#2318),(#2319,#2320),(#2321,#2322),(#2323,#2324),(#2325,#2326),(#2327,#2328),
(#2329,#2330),(#2331,#2332),(#2333,#2334),(#2335,#2336),(#2337,#2338),(#2339,
#2340),(#2341,#2342),(#2343,#2344),(#2345,#2346),(#2347,#2348),(#2349,#2350),
(#2351,#2352),(#2353,#2354),(#2355,#2356),(#2357,#2358),(#2359,#2360),(#2361,
#2362),(#2363,#2364),(#2365,#2366),(#2367,#2368),(#2369,#2370),(#2371,#2372),
(#2373,#2374),(#2375,#2376),(#2377,#2378),(#2379,#2380),(#2381,#2382),(#2383,
#2384),(#2385,#2386),(#2387,#2388),(#2389,#2390),(#2391,#2392),(#2393,#2394),
(#2395,#2396)),.UNSPECIFIED.,.F.,.F.,.F.)
B_SPLINE_SURFACE_WITH_KNOTS((6,1,1,1,1,1,1,1,1,1,1,1,1,1,1,1,1,1,1,1,1,
1,1,1,1,1,1,1,1,1,1,1,1,1,1,1,1,1,1,1,1,1,1,1,1,1,1,1,1,1,1,1,1,1,1,1,1,
1,1,1,6),(2,2),(-1.,-0.983333333333335,-0.966666666666668,-0.950000000000001,
-0.933333333333335,-0.916666666666668,-0.900000000000001,-0.883333333333334,
-0.866666666666668,-0.850000000000001,-0.833333333333334,-0.816666666666668,
-0.800000000000001,-0.783333333333334,-0.766666666666667,-0.750000000000001,
-0.733333333333334,-0.716666666666667,-0.700000000000001,-0.683333333333334,
-0.666666666666667,-0.65,-0.633333333333334,-0.616666666666667,-0.6,-0.583333333333333,
-0.566666666666667,-0.55,-0.533333333333333,-0.516666666666667,-0.5,-0.483333333333333,
-0.466666666666667,-0.45,-0.433333333333333,-0.416666666666667,-0.4,-0.383333333333333,
-0.366666666666667,-0.35,-0.333333333333333,-0.316666666666667,-0.3,-0.283333333333333,
-0.266666666666667,-0.25,-0.233333333333333,-0.216666666666667,-0.2,-0.183333333333333,
-0.166666666666667,-0.15,-0.133333333333333,-0.116666666666667,-0.1,-0.0833333333333333,
-0.0666666666666667,-0.05,-0.0333333333333333,-0.0166666666666667,0.),(-0.1,
0.1),.UNSPECIFIED.)
GEOMETRIC_REPRESENTATION_ITEM()
RATIONAL_B_SPLINE_SURFACE(((1.,1.),(1.,1.),(1.,1.),(1.,1.),(1.,1.),(1.,
1.),(1.,1.),(1.,1.),(1.,1.),(1.,1.),(1.,1.),(1.,1.),(1.,1.),(1.,1.),(1.,
1.),(1.,1.),(1.,1.),(1.,1.),(1.,1.),(1.,1.),(1.,1.),(1.,1.),(1.,1.),(1.,
1.),(1.,1.),(1.,1.),(1.,1.),(1.,1.),(1.,1.),(1.,1.),(1.,1.),(1.,1.),(1.,
1.),(1.,1.),(1.,1.),(1.,1.),(1.,1.),(1.,1.),(1.,1.),(1.,1.),(1.,1.),(1.,
1.),(1.,1.),(1.,1.),(1.,1.),(1.,1.),(1.,1.),(1.,1.),(1.,1.),(1.,1.),(1.,
1.),(1.,1.),(1.,1.),(1.,1.),(1.,1.),(1.,1.),(1.,1.),(1.,1.),(1.,1.),(1.,
1.),(1.,1.),(1.,1.),(1.,1.),(1.,1.),(1.,1.)))
REPRESENTATION_ITEM('')
SURFACE()
);
#23=FACE_BOUND('',#62,.T.);
#24=FACE_BOUND('',#63,.T.);
#25=FACE_BOUND('',#68,.T.);
#26=FACE_BOUND('',#69,.T.);
#27=CIRCLE('',#210,0.749999999999993);
#28=CIRCLE('',#211,0.749999999999993);
#29=CIRCLE('',#213,0.749999999999993);
#30=CIRCLE('',#214,0.749999999999993);
#31=LINE('',#1206,#38);
#32=LINE('',#1342,#39);
#33=LINE('',#1406,#40);
#34=LINE('',#2262,#41);
#35=LINE('',#2397,#42);
#36=LINE('',#2399,#43);
#37=LINE('',#2401,#44);
#38=VECTOR('',#225,10.);
#39=VECTOR('',#230,10.);
#40=VECTOR('',#231,10.);
#41=VECTOR('',#234,10.);
#42=VECTOR('',#239,10.);
#43=VECTOR('',#242,0.749999999999993);
#44=VECTOR('',#245,0.749999999999993);
#45=PLANE('',#209);
#46=PLANE('',#212);
#47=PLANE('',#217);
#48=FACE_OUTER_BOUND('',#59,.T.);
#49=FACE_OUTER_BOUND('',#60,.T.);
#50=FACE_OUTER_BOUND('',#61,.T.);
#51=FACE_OUTER_BOUND('',#64,.T.);
#52=FACE_OUTER_BOUND('',#65,.T.);
#53=FACE_OUTER_BOUND('',#66,.T.);
#54=FACE_OUTER_BOUND('',#67,.T.);
#55=FACE_OUTER_BOUND('',#70,.T.);
#56=FACE_OUTER_BOUND('',#71,.T.);
#57=FACE_OUTER_BOUND('',#72,.T.);
#58=FACE_OUTER_BOUND('',#73,.T.);
#59=EDGE_LOOP('',(#129,#130,#131,#132));
#60=EDGE_LOOP('',(#133,#134,#135,#136));
#61=EDGE_LOOP('',(#137,#138,#139));
#62=EDGE_LOOP('',(#140));
#63=EDGE_LOOP('',(#141));
#64=EDGE_LOOP('',(#142,#143,#144,#145));
#65=EDGE_LOOP('',(#146,#147,#148,#149));
#66=EDGE_LOOP('',(#150,#151,#152,#153));
#67=EDGE_LOOP('',(#154,#155,#156));
#68=EDGE_LOOP('',(#157));
#69=EDGE_LOOP('',(#158));
#70=EDGE_LOOP('',(#159,#160,#161,#162));
#71=EDGE_LOOP('',(#163,#164,#165,#166));
#72=EDGE_LOOP('',(#167,#168,#169,#170));
#73=EDGE_LOOP('',(#171,#172,#173,#174,#175,#176,#177,#178));
#74=B_SPLINE_CURVE_WITH_KNOTS('',3,(#579,#580,#581,#582,#583,#584,#585,
#586,#587,#588,#589,#590,#591,#592,#593,#594,#595,#596,#597,#598,#599,#600,
#601,#602,#603,#604,#605,#606,#607,#608,#609,#610,#611,#612,#613,#614,#615,
#616,#617,#618,#619,#620,#621,#622,#623,#624,#625,#626,#627,#628,#629,#630,
#631,#632,#633,#634,#635,#636,#637,#638,#639),.UNSPECIFIED.,.F.,.F.,(4,
1,1,1,1,1,1,1,1,1,1,1,1,1,1,1,1,1,1,1,1,1,1,1,1,1,1,1,1,1,1,1,1,1,1,1,1,
1,1,1,1,1,1,1,1,1,1,1,1,1,1,1,1,1,1,1,1,1,4),(4.71171558967598E-5,0.0370365508412458,
0.0462956885515573,0.148146203364983,0.222219305047475,0.296292406729966,
0.44443861009495,0.592584813459933,0.888877220189899,1.18516962691987,1.48146203364983,
1.7777544403798,2.07404684710977,2.37033925383973,2.76539579614635,3.06168820287632,
3.16045233845298,3.35798060960629,3.45674474518294,3.50612681297127,3.5555088807596,
3.58328629389053,3.59254543160084,3.61106370702147,3.62958198244209,3.64810025786271,
3.66661853328333,3.68513680870396,3.70365508412458,3.77772818580707,3.85180128748956,
3.99994749085455,4.14809369421953,4.51845920263199,4.74067850767946,4.88882471104445,
5.03697091440943,5.18511711777441,5.3332633211394,5.92584813459933,6.2221405413293,
6.51843294805926,6.81472535478923,7.11101776151919,7.25916396488418,7.40731016824916,
7.55545637161414,7.70360257497913,7.85174877834411,7.9258218800266,7.96285843086785,
7.98137670628847,7.99063584399878,7.99526541285394,7.99989498170909,8.14804118507408,
8.22211428675657,8.25915083759782,8.29615858424375),.UNSPECIFIED.);
#75=B_SPLINE_CURVE_WITH_KNOTS('',3,(#641,#642,#643,#644,#645,#646,#647,
#648,#649,#650,#651,#652),.UNSPECIFIED.,.F.,.F.,(4,2,2,2,2,4),(0.,0.00248781900808579,
0.00565736316758418,0.0112420413970567,0.0257027115967119,0.0758208194478065),
 .UNSPECIFIED.);
#76=B_SPLINE_CURVE_WITH_KNOTS('',3,(#654,#655,#656,#657,#658,#659,#660,
#661,#662,#663,#664,#665,#666,#667,#668,#669,#670,#671,#672,#673,#674,#675,
#676,#677,#678,#679,#680,#681,#682,#683,#684,#685,#686,#687,#688,#689,#690,
#691,#692,#693,#694,#695,#696,#697,#698,#699,#700,#701,#702,#703,#704,#705,
#706,#707,#708,#709,#710,#711,#712,#713,#714,#715,#716,#717,#718),
 .UNSPECIFIED.,.F.,.F.,(4,2,1,1,1,1,1,1,1,1,1,1,1,1,1,1,1,1,1,1,1,1,1,1,
1,1,1,1,1,1,1,1,1,1,1,1,1,1,1,1,1,1,1,1,1,1,1,1,1,1,1,1,1,1,1,1,1,1,1,2,
4),(-8.35762612902312,-8.29618738843906,-8.25915083759782,-8.22211428675657,
-8.14804118507408,-7.99989498170909,-7.99526541285394,-7.99063584399878,
-7.98137670628847,-7.96285843086785,-7.9258218800266,-7.85174877834411,
-7.70360257497913,-7.55545637161414,-7.40731016824916,-7.25916396488418,
-7.11101776151919,-6.81472535478923,-6.51843294805926,-6.2221405413293,
-5.92584813459933,-5.3332633211394,-5.18511711777441,-5.03697091440943,
-4.88882471104445,-4.74067850767946,-4.51845920263199,-4.14809369421953,
-3.99994749085455,-3.85180128748956,-3.77772818580707,-3.70365508412458,
-3.68513680870396,-3.66661853328333,-3.64810025786271,-3.62958198244209,
-3.61106370702147,-3.59254543160084,-3.58328629389053,-3.5555088807596,
-3.50612681297127,-3.45674474518294,-3.35798060960629,-3.16045233845298,
-3.06168820287632,-2.76539579614635,-2.37033925383973,-2.07404684710977,
-1.7777544403798,-1.48146203364983,-1.18516962691987,-0.888877220189899,
-0.592584813459933,-0.44443861009495,-0.296292406729966,-0.222219305047475,
-0.148146203364983,-0.0462956885515573,-0.0370365508412458,0.,0.0224672880633723),
 .UNSPECIFIED.);
#77=B_SPLINE_CURVE_WITH_KNOTS('',3,(#719,#720,#721,#722,#723,#724,#725,
#726,#727,#728,#729,#730,#731,#732),.UNSPECIFIED.,.F.,.F.,(4,2,2,2,2,2,
4),(-0.0394606909594688,-0.0392437306268367,-0.0292770624926609,-0.0199145834307616,
-0.0114218489955023,-0.00528703894462853,0.),.UNSPECIFIED.);
#78=B_SPLINE_CURVE_WITH_KNOTS('',3,(#1064,#1065,#1066,#1067,#1068,#1069,
#1070,#1071,#1072,#1073,#1074,#1075,#1076,#1077,#1078,#1079,#1080,#1081,
#1082,#1083,#1084,#1085,#1086,#1087,#1088,#1089,#1090,#1091,#1092,#1093,
#1094,#1095,#1096,#1097,#1098,#1099,#1100,#1101,#1102,#1103,#1104,#1105,
#1106,#1107,#1108,#1109,#1110,#1111,#1112,#1113,#1114,#1115,#1116,#1117,
#1118,#1119,#1120,#1121,#1122,#1123,#1124,#1125,#1126,#1127,#1128,#1129),
 .UNSPECIFIED.,.F.,.F.,(4,2,1,1,1,1,1,1,1,1,1,1,1,1,1,1,1,1,1,1,1,1,1,1,
1,1,1,1,1,1,1,1,1,1,1,1,1,1,1,1,1,1,1,1,1,1,1,1,1,1,1,1,1,1,1,1,1,1,1,1,
2,4),(-8.31865467649506,-8.29618738843169,-8.25915083759048,-8.24989169988018,
-8.14804118506684,-8.07396808338441,-7.99989498170199,-7.85174877833714,
-7.70360257497229,-7.40731016824258,-7.11101776151288,-6.81472535478318,
-6.51843294805347,-6.22214054132377,-5.92584813459407,-5.5307915922878,
-5.13573504998153,-4.93820677882839,-4.83944264325182,-4.79006057546354,
-4.74067850767525,-4.71290109454434,-4.70364195683404,-4.68512368141343,
-4.66660540599283,-4.64808713057222,-4.62956885515161,-4.61105057973101,
-4.5925323043104,-4.51845920262798,-4.44438610094555,-4.2962398975807,-4.14809369421585,
-3.77772818580372,-3.62958198243887,-3.55550888075644,-3.25921647402674,
-3.11107027066189,-2.96292406729703,-2.37033925383763,-1.77775444037822,
-1.62960823701337,-1.48146203364852,-1.18516962691881,-1.03702342355396,
-0.88887722018911,-0.740731016824258,-0.592584813459407,-0.518511711776981,
-0.444438610094555,-0.370365508412129,-0.333328957570916,-0.31481068215031,
-0.305551544440007,-0.300921975584855,-0.298607191157279,-0.296292406729703,
-0.148146203364852,-0.0740731016824258,-0.0370365508412129,0.,0.0614387405960166),
 .UNSPECIFIED.);
#79=B_SPLINE_CURVE_WITH_KNOTS('',3,(#1131,#1132,#1133,#1134,#1135,#1136,
#1137,#1138,#1139,#1140,#1141,#1142),.UNSPECIFIED.,.F.,.F.,(4,2,2,2,2,4),
(0.,0.0513867737774156,0.0675086323679211,0.0727747819517561,0.0749670789630831,
0.0770015926287626),.UNSPECIFIED.);
#80=B_SPLINE_CURVE_WITH_KNOTS('',3,(#1143,#1144,#1145,#1146,#1147,#1148,
#1149,#1150,#1151,#1152,#1153,#1154,#1155,#1156,#1157,#1158,#1159,#1160,
#1161,#1162,#1163,#1164,#1165,#1166,#1167,#1168,#1169,#1170,#1171,#1172,
#1173,#1174,#1175,#1176,#1177,#1178,#1179,#1180,#1181,#1182,#1183,#1184,
#1185,#1186,#1187,#1188,#1189,#1190,#1191,#1192,#1193,#1194,#1195,#1196,
#1197,#1198,#1199,#1200,#1201,#1202,#1203,#1204),.UNSPECIFIED.,.F.,.F.,
(4,1,1,1,1,1,1,1,1,1,1,1,1,1,1,1,1,1,1,1,1,1,1,1,1,1,1,1,1,1,1,1,1,1,1,
1,1,1,1,1,1,1,1,1,1,1,1,1,1,1,1,1,1,1,1,1,1,1,1,4),(2.88041963073521E-5,
0.0370365508412129,0.0740731016824258,0.148146203364852,0.296292406729703,
0.298607191157279,0.300921975584855,0.305551544440007,0.31481068215031,
0.333328957570916,0.370365508412129,0.444438610094555,0.518511711776981,
0.592584813459407,0.740731016824258,0.88887722018911,1.03702342355396,1.18516962691881,
1.48146203364852,1.62960823701337,1.77775444037822,2.37033925383763,2.96292406729703,
3.11107027066189,3.25921647402674,3.55550888075644,3.62958198243887,3.77772818580372,
4.14809369421585,4.2962398975807,4.44438610094555,4.51845920262798,4.5925323043104,
4.61105057973101,4.62956885515161,4.64808713057222,4.66660540599283,4.68512368141343,
4.70364195683404,4.71290109454434,4.74067850767525,4.79006057546354,4.83944264325182,
4.93820677882839,5.13573504998153,5.5307915922878,5.92584813459407,6.22214054132377,
6.51843294805347,6.81472535478318,7.11101776151288,7.40731016824258,7.70360257497229,
7.85174877833714,7.99989498170199,8.07396808338441,8.14804118506684,8.24989169988018,
8.25915083759048,8.2961402712725),.UNSPECIFIED.);
#81=B_SPLINE_CURVE_WITH_KNOTS('',3,(#1344,#1345,#1346,#1347,#1348,#1349,
#1350,#1351,#1352,#1353,#1354,#1355,#1356,#1357,#1358,#1359,#1360,#1361,
#1362,#1363,#1364,#1365,#1366,#1367,#1368,#1369,#1370,#1371,#1372,#1373,
#1374,#1375,#1376,#1377,#1378,#1379,#1380,#1381,#1382,#1383,#1384,#1385,
#1386,#1387,#1388,#1389,#1390,#1391,#1392,#1393,#1394,#1395,#1396,#1397,
#1398,#1399,#1400,#1401,#1402,#1403,#1404,#1405),.UNSPECIFIED.,.F.,.F.,
(4,1,1,1,1,1,1,1,1,1,1,1,1,1,1,1,1,1,1,1,1,1,1,1,1,1,1,1,1,1,1,1,1,1,1,
1,1,1,1,1,1,1,1,1,1,1,1,1,1,1,1,1,1,1,1,1,1,1,1,4),(2.88042312061072E-5,
0.0370365508412458,0.0740731016824916,0.148146203364983,0.222219305047475,
0.296292406729966,0.370365508412458,0.44443861009495,0.592584813459933,
0.740731016824916,0.888877220189899,1.03702342355488,1.18516962691987,1.33331583028485,
1.48146203364983,1.7777544403798,2.07404684710977,2.37033925383973,2.6666316605697,
2.96292406729966,3.11107027066465,3.25921647402963,3.40736267739461,3.5555088807596,
3.75303715191291,3.95056542306622,4.14809369421953,4.34562196537284,4.4443861009495,
4.54315023652615,4.59253230431448,4.64191437210281,4.65425988904989,4.66660540599697,
4.69129643989114,4.7159874737853,4.74067850767946,4.77771505852071,4.81475160936196,
4.88882471104445,4.96289781272694,5.03697091440943,5.3332633211394,5.62955572786936,
5.92584813459933,6.2221405413293,6.37028674469428,6.51843294805926,6.81472535478923,
6.96287155815421,7.1110177615192,7.40731016824916,7.70360257497913,7.85174877834411,
7.9258218800266,7.9998949817091,8.14804118507408,8.22211428675657,8.25915083759782,
8.29614027170387),.UNSPECIFIED.);
#82=B_SPLINE_CURVE_WITH_KNOTS('',3,(#1708,#1709,#1710,#1711,#1712,#1713,
#1714,#1715,#1716,#1717,#1718,#1719,#1720,#1721,#1722,#1723,#1724,#1725,
#1726,#1727,#1728,#1729,#1730,#1731,#1732,#1733,#1734,#1735,#1736,#1737,
#1738,#1739,#1740,#1741,#1742,#1743,#1744,#1745,#1746,#1747,#1748,#1749,
#1750,#1751,#1752,#1753,#1754,#1755,#1756,#1757,#1758,#1759,#1760,#1761,
#1762,#1763),.UNSPECIFIED.,.F.,.F.,(4,1,1,1,1,1,1,1,1,1,1,1,1,1,1,1,1,1,
1,1,1,1,1,1,1,1,1,1,1,1,1,1,1,1,1,1,1,1,1,1,1,1,1,1,1,1,1,1,1,1,1,1,1,4),
(4.71153269334783E-5,0.0370365508412129,0.0925913771030323,0.148146203364852,
0.296292406729703,0.444438610094555,0.592584813459407,0.88887722018911,
1.18516962691881,1.48146203364852,1.77775444037822,2.07404684710792,2.37033925383763,
2.7653957961439,3.16045233845017,3.35798060960331,3.45674474517987,3.50612681296816,
3.55550888075644,3.59254543159765,3.61106370701826,3.62958198243887,3.66661853328008,
3.70365508412129,3.77772818580372,3.85180128748615,4.0184657662716,4.14809369421585,
4.51845920262798,4.74067850767526,5.03697091440496,5.18511711776981,5.33326332113466,
5.92584813459407,6.51843294805348,6.81472535478318,6.99990810898924,7.11101776151288,
7.40731016824259,7.55545637160744,7.70360257497229,7.77767567665472,7.85174877833714,
7.92582188001957,7.96285843086078,7.98137670628139,7.99063584399169,7.99526541284684,
7.99758019727442,7.99989498170199,8.14804118506684,8.22211428674927,8.25915083759048,
8.29615858423481),.UNSPECIFIED.);
#83=B_SPLINE_CURVE_WITH_KNOTS('',3,(#1765,#1766,#1767,#1768,#1769,#1770,
#1771,#1772,#1773,#1774,#1775,#1776),.UNSPECIFIED.,.F.,.F.,(4,2,2,2,2,4),
(0.,0.00248781900810954,0.00565736316773363,0.0112420413974875,0.0257027115977996,
0.0758208194504004),.UNSPECIFIED.);
#84=B_SPLINE_CURVE_WITH_KNOTS('',3,(#1778,#1779,#1780,#1781,#1782,#1783,
#1784,#1785,#1786,#1787,#1788,#1789,#1790,#1791,#1792,#1793,#1794,#1795,
#1796,#1797,#1798,#1799,#1800,#1801,#1802,#1803,#1804,#1805,#1806,#1807,
#1808,#1809,#1810,#1811,#1812,#1813,#1814,#1815,#1816,#1817,#1818,#1819,
#1820,#1821,#1822,#1823,#1824,#1825,#1826,#1827,#1828,#1829,#1830,#1831,
#1832,#1833,#1834,#1835,#1836,#1837),.UNSPECIFIED.,.F.,.F.,(4,2,1,1,1,1,
1,1,1,1,1,1,1,1,1,1,1,1,1,1,1,1,1,1,1,1,1,1,1,1,1,1,1,1,1,1,1,1,1,1,1,1,
1,1,1,1,1,1,1,1,1,1,1,1,2,4),(-8.35762612902772,-8.2961873884317,-8.25915083759048,
-8.22211428674927,-8.14804118506684,-7.99989498170199,-7.99758019727442,
-7.99526541284684,-7.99063584399169,-7.98137670628139,-7.96285843086078,
-7.92582188001957,-7.85174877833714,-7.77767567665472,-7.70360257497229,
-7.55545637160744,-7.40731016824259,-7.11101776151288,-6.99990810898924,
-6.81472535478318,-6.51843294805348,-5.92584813459407,-5.33326332113466,
-5.18511711776981,-5.03697091440496,-4.74067850767526,-4.51845920262798,
-4.14809369421585,-4.0184657662716,-3.85180128748615,-3.77772818580372,
-3.70365508412129,-3.66661853328008,-3.62958198243887,-3.61106370701826,
-3.59254543159765,-3.55550888075644,-3.50612681296816,-3.45674474517987,
-3.35798060960331,-3.16045233845017,-2.7653957961439,-2.37033925383763,
-2.07404684710792,-1.77775444037822,-1.48146203364852,-1.18516962691881,
-0.88887722018911,-0.592584813459407,-0.444438610094555,-0.296292406729703,
-0.148146203364852,-0.0925913771030323,-0.0370365508412129,0.,0.0224672880633657),
 .UNSPECIFIED.);
#85=B_SPLINE_CURVE_WITH_KNOTS('',3,(#1838,#1839,#1840,#1841,#1842,#1843,
#1844,#1845,#1846,#1847,#1848,#1849,#1850,#1851),.UNSPECIFIED.,.F.,.F.,
(4,2,2,2,2,2,4),(-0.0394606909593635,-0.0392437306265427,-0.0292770624924947,
-0.0199145834306571,-0.0114218489954431,-0.00528703894461495,0.),
 .UNSPECIFIED.);
#86=B_SPLINE_CURVE_WITH_KNOTS('',3,(#2183,#2184,#2185,#2186,#2187,#2188,
#2189,#2190,#2191,#2192,#2193,#2194,#2195,#2196,#2197,#2198,#2199,#2200,
#2201,#2202,#2203,#2204,#2205,#2206,#2207,#2208,#2209,#2210,#2211,#2212,
#2213,#2214,#2215,#2216,#2217,#2218,#2219,#2220,#2221,#2222,#2223,#2224,
#2225,#2226,#2227,#2228,#2229,#2230,#2231,#2232,#2233,#2234,#2235,#2236,
#2237,#2238,#2239,#2240,#2241,#2242,#2243,#2244,#2245,#2246,#2247,#2248),
 .UNSPECIFIED.,.F.,.F.,(4,2,1,1,1,1,1,1,1,1,1,1,1,1,1,1,1,1,1,1,1,1,1,1,
1,1,1,1,1,1,1,1,1,1,1,1,1,1,1,1,1,1,1,1,1,1,1,1,1,1,1,1,1,1,1,1,1,1,1,1,
2,4),(-8.31865467650243,-8.29618738843906,-8.25915083759782,-8.22211428675657,
-8.14804118507408,-7.9998949817091,-7.9258218800266,-7.85174877834411,-7.70360257497913,
-7.40731016824916,-7.1110177615192,-6.96287155815421,-6.81472535478923,
-6.51843294805926,-6.37028674469428,-6.2221405413293,-5.92584813459933,
-5.62955572786936,-5.3332633211394,-5.03697091440943,-4.96289781272694,
-4.88882471104445,-4.81475160936196,-4.77771505852071,-4.74067850767946,
-4.7159874737853,-4.69129643989114,-4.66660540599697,-4.65425988904989,
-4.64191437210281,-4.59253230431448,-4.54315023652615,-4.4443861009495,
-4.34562196537284,-4.14809369421953,-3.95056542306622,-3.75303715191291,
-3.5555088807596,-3.40736267739461,-3.25921647402963,-3.11107027066465,
-2.96292406729966,-2.6666316605697,-2.37033925383973,-2.07404684710977,
-1.7777544403798,-1.48146203364983,-1.33331583028485,-1.18516962691987,
-1.03702342355488,-0.888877220189899,-0.740731016824916,-0.592584813459933,
-0.44443861009495,-0.370365508412458,-0.296292406729966,-0.222219305047475,
-0.148146203364983,-0.0740731016824916,-0.0370365508412458,0.,0.0614387405840575),
 .UNSPECIFIED.);
#87=B_SPLINE_CURVE_WITH_KNOTS('',3,(#2249,#2250,#2251,#2252,#2253,#2254,
#2255,#2256,#2257,#2258,#2259,#2260),.UNSPECIFIED.,.F.,.F.,(4,2,2,2,2,4),
(0.,0.0513867737773493,0.0675086323679892,0.0727747819518051,0.0749670789631077,
0.0770015926290547),.UNSPECIFIED.);
#88=VERTEX_POINT('',#577);
#89=VERTEX_POINT('',#578);
#90=VERTEX_POINT('',#640);
#91=VERTEX_POINT('',#653);
#92=VERTEX_POINT('',#1063);
#93=VERTEX_POINT('',#1130);
#94=VERTEX_POINT('',#1207);
#95=VERTEX_POINT('',#1209);
#96=VERTEX_POINT('',#1341);
#97=VERTEX_POINT('',#1343);
#98=VERTEX_POINT('',#1707);
#99=VERTEX_POINT('',#1764);
#100=VERTEX_POINT('',#1777);
#101=VERTEX_POINT('',#2182);
#102=VERTEX_POINT('',#2263);
#103=VERTEX_POINT('',#2265);
#104=EDGE_CURVE('',#88,#89,#74,.T.);
#105=EDGE_CURVE('',#89,#90,#75,.T.);
#106=EDGE_CURVE('',#90,#91,#76,.T.);
#107=EDGE_CURVE('',#91,#88,#77,.T.);
#108=EDGE_CURVE('',#91,#92,#78,.T.);
#109=EDGE_CURVE('',#92,#93,#79,.T.);
#110=EDGE_CURVE('',#93,#88,#80,.T.);
#111=EDGE_CURVE('',#90,#92,#31,.T.);
#112=EDGE_CURVE('',#94,#94,#27,.T.);
#113=EDGE_CURVE('',#95,#95,#28,.T.);
#114=EDGE_CURVE('',#88,#96,#32,.T.);
#115=EDGE_CURVE('',#97,#96,#81,.T.);
#116=EDGE_CURVE('',#89,#97,#33,.T.);
#117=EDGE_CURVE('',#96,#98,#82,.T.);
#118=EDGE_CURVE('',#98,#99,#83,.T.);
#119=EDGE_CURVE('',#99,#100,#84,.T.);
#120=EDGE_CURVE('',#100,#96,#85,.T.);
#121=EDGE_CURVE('',#100,#101,#86,.T.);
#122=EDGE_CURVE('',#101,#97,#87,.T.);
#123=EDGE_CURVE('',#99,#101,#34,.T.);
#124=EDGE_CURVE('',#102,#102,#29,.T.);
#125=EDGE_CURVE('',#103,#103,#30,.T.);
#126=EDGE_CURVE('',#98,#93,#35,.T.);
#127=EDGE_CURVE('',#95,#103,#36,.T.);
#128=EDGE_CURVE('',#94,#102,#37,.T.);
#129=ORIENTED_EDGE('',*,*,#104,.T.);
#130=ORIENTED_EDGE('',*,*,#105,.T.);
#131=ORIENTED_EDGE('',*,*,#106,.T.);
#132=ORIENTED_EDGE('',*,*,#107,.T.);
#133=ORIENTED_EDGE('',*,*,#108,.T.);
#134=ORIENTED_EDGE('',*,*,#109,.T.);
#135=ORIENTED_EDGE('',*,*,#110,.T.);
#136=ORIENTED_EDGE('',*,*,#107,.F.);
#137=ORIENTED_EDGE('',*,*,#108,.F.);
#138=ORIENTED_EDGE('',*,*,#106,.F.);
#139=ORIENTED_EDGE('',*,*,#111,.T.);
#140=ORIENTED_EDGE('',*,*,#112,.T.);
#141=ORIENTED_EDGE('',*,*,#113,.T.);
#142=ORIENTED_EDGE('',*,*,#104,.F.);
#143=ORIENTED_EDGE('',*,*,#114,.T.);
#144=ORIENTED_EDGE('',*,*,#115,.F.);
#145=ORIENTED_EDGE('',*,*,#116,.F.);
#146=ORIENTED_EDGE('',*,*,#117,.T.);
#147=ORIENTED_EDGE('',*,*,#118,.T.);
#148=ORIENTED_EDGE('',*,*,#119,.T.);
#149=ORIENTED_EDGE('',*,*,#120,.T.);
#150=ORIENTED_EDGE('',*,*,#121,.T.);
#151=ORIENTED_EDGE('',*,*,#122,.T.);
#152=ORIENTED_EDGE('',*,*,#115,.T.);
#153=ORIENTED_EDGE('',*,*,#120,.F.);
#154=ORIENTED_EDGE('',*,*,#121,.F.);
#155=ORIENTED_EDGE('',*,*,#119,.F.);
#156=ORIENTED_EDGE('',*,*,#123,.T.);
#157=ORIENTED_EDGE('',*,*,#124,.T.);
#158=ORIENTED_EDGE('',*,*,#125,.T.);
#159=ORIENTED_EDGE('',*,*,#110,.F.);
#160=ORIENTED_EDGE('',*,*,#126,.F.);
#161=ORIENTED_EDGE('',*,*,#117,.F.);
#162=ORIENTED_EDGE('',*,*,#114,.F.);
#163=ORIENTED_EDGE('',*,*,#113,.F.);
#164=ORIENTED_EDGE('',*,*,#127,.T.);
#165=ORIENTED_EDGE('',*,*,#125,.F.);
#166=ORIENTED_EDGE('',*,*,#127,.F.);
#167=ORIENTED_EDGE('',*,*,#112,.F.);
#168=ORIENTED_EDGE('',*,*,#128,.T.);
#169=ORIENTED_EDGE('',*,*,#124,.F.);
#170=ORIENTED_EDGE('',*,*,#128,.F.);
#171=ORIENTED_EDGE('',*,*,#109,.F.);
#172=ORIENTED_EDGE('',*,*,#111,.F.);
#173=ORIENTED_EDGE('',*,*,#105,.F.);
#174=ORIENTED_EDGE('',*,*,#116,.T.);
#175=ORIENTED_EDGE('',*,*,#122,.F.);
#176=ORIENTED_EDGE('',*,*,#123,.F.);
#177=ORIENTED_EDGE('',*,*,#118,.F.);
#178=ORIENTED_EDGE('',*,*,#126,.T.);
#179=B_SPLINE_SURFACE_WITH_KNOTS('',3,3,((#252,#253,#254,#255,#256,#257,
#258,#259,#260,#261,#262,#263,#264,#265,#266,#267,#268,#269,#270,#271,#272,
#273,#274,#275,#276,#277,#278,#279,#280,#281,#282,#283,#284,#285,#286,#287,
#288,#289,#290,#291,#292,#293,#294,#295,#296,#297,#298,#299,#300,#301,#302,
#303,#304,#305,#306,#307,#308,#309,#310,#311,#312,#313,#314,#315,#316),
(#317,#318,#319,#320,#321,#322,#323,#324,#325,#326,#327,#328,#329,#330,
#331,#332,#333,#334,#335,#336,#337,#338,#339,#340,#341,#342,#343,#344,#345,
#346,#347,#348,#349,#350,#351,#352,#353,#354,#355,#356,#357,#358,#359,#360,
#361,#362,#363,#364,#365,#366,#367,#368,#369,#370,#371,#372,#373,#374,#375,
#376,#377,#378,#379,#380,#381),(#382,#383,#384,#385,#386,#387,#388,#389,
#390,#391,#392,#393,#394,#395,#396,#397,#398,#399,#400,#401,#402,#403,#404,
#405,#406,#407,#408,#409,#410,#411,#412,#413,#414,#415,#416,#417,#418,#419,
#420,#421,#422,#423,#424,#425,#426,#427,#428,#429,#430,#431,#432,#433,#434,
#435,#436,#437,#438,#439,#440,#441,#442,#443,#444,#445,#446),(#447,#448,
#449,#450,#451,#452,#453,#454,#455,#456,#457,#458,#459,#460,#461,#462,#463,
#464,#465,#466,#467,#468,#469,#470,#471,#472,#473,#474,#475,#476,#477,#478,
#479,#480,#481,#482,#483,#484,#485,#486,#487,#488,#489,#490,#491,#492,#493,
#494,#495,#496,#497,#498,#499,#500,#501,#502,#503,#504,#505,#506,#507,#508,
#509,#510,#511),(#512,#513,#514,#515,#516,#517,#518,#519,#520,#521,#522,
#523,#524,#525,#526,#527,#528,#529,#530,#531,#532,#533,#534,#535,#536,#537,
#538,#539,#540,#541,#542,#543,#544,#545,#546,#547,#548,#549,#550,#551,#552,
#553,#554,#555,#556,#557,#558,#559,#560,#561,#562,#563,#564,#565,#566,#567,
#568,#569,#570,#571,#572,#573,#574,#575,#576)),.UNSPECIFIED.,.F.,.F.,.F.,
(4,1,4),(4,2,1,1,1,1,1,1,1,1,1,1,1,1,1,1,1,1,1,1,1,1,1,1,1,1,1,1,1,1,1,
1,1,1,1,1,1,1,1,1,1,1,1,1,1,1,1,1,1,1,1,1,1,1,1,1,1,1,1,2,4),(0.,0.5,1.),
(-0.0224672880633723,0.,0.0370365508412458,0.0462956885515573,0.148146203364983,
0.222219305047475,0.296292406729966,0.44443861009495,0.592584813459933,
0.888877220189899,1.18516962691987,1.48146203364983,1.7777544403798,2.07404684710977,
2.37033925383973,2.76539579614635,3.06168820287632,3.16045233845298,3.35798060960629,
3.45674474518294,3.50612681297127,3.5555088807596,3.58328629389053,3.59254543160084,
3.61106370702147,3.62958198244209,3.64810025786271,3.66661853328333,3.68513680870396,
3.70365508412458,3.77772818580707,3.85180128748956,3.99994749085455,4.14809369421953,
4.51845920263199,4.74067850767946,4.88882471104445,5.03697091440943,5.18511711777441,
5.3332633211394,5.92584813459933,6.2221405413293,6.51843294805926,6.81472535478923,
7.11101776151919,7.25916396488418,7.40731016824916,7.55545637161414,7.70360257497913,
7.85174877834411,7.9258218800266,7.96285843086785,7.98137670628847,7.99063584399878,
7.99526541285394,7.99989498170909,8.14804118507408,8.22211428675657,8.25915083759782,
8.29618738843906,8.35762612902312),.UNSPECIFIED.);
#180=B_SPLINE_SURFACE_WITH_KNOTS('',3,3,((#733,#734,#735,#736,#737,#738,
#739,#740,#741,#742,#743,#744,#745,#746,#747,#748,#749,#750,#751,#752,#753,
#754,#755,#756,#757,#758,#759,#760,#761,#762,#763,#764,#765,#766,#767,#768,
#769,#770,#771,#772,#773,#774,#775,#776,#777,#778,#779,#780,#781,#782,#783,
#784,#785,#786,#787,#788,#789,#790,#791,#792,#793,#794,#795,#796,#797,#798),
(#799,#800,#801,#802,#803,#804,#805,#806,#807,#808,#809,#810,#811,#812,
#813,#814,#815,#816,#817,#818,#819,#820,#821,#822,#823,#824,#825,#826,#827,
#828,#829,#830,#831,#832,#833,#834,#835,#836,#837,#838,#839,#840,#841,#842,
#843,#844,#845,#846,#847,#848,#849,#850,#851,#852,#853,#854,#855,#856,#857,
#858,#859,#860,#861,#862,#863,#864),(#865,#866,#867,#868,#869,#870,#871,
#872,#873,#874,#875,#876,#877,#878,#879,#880,#881,#882,#883,#884,#885,#886,
#887,#888,#889,#890,#891,#892,#893,#894,#895,#896,#897,#898,#899,#900,#901,
#902,#903,#904,#905,#906,#907,#908,#909,#910,#911,#912,#913,#914,#915,#916,
#917,#918,#919,#920,#921,#922,#923,#924,#925,#926,#927,#928,#929,#930),
(#931,#932,#933,#934,#935,#936,#937,#938,#939,#940,#941,#942,#943,#944,
#945,#946,#947,#948,#949,#950,#951,#952,#953,#954,#955,#956,#957,#958,#959,
#960,#961,#962,#963,#964,#965,#966,#967,#968,#969,#970,#971,#972,#973,#974,
#975,#976,#977,#978,#979,#980,#981,#982,#983,#984,#985,#986,#987,#988,#989,
#990,#991,#992,#993,#994,#995,#996),(#997,#998,#999,#1000,#1001,#1002,#1003,
#1004,#1005,#1006,#1007,#1008,#1009,#1010,#1011,#1012,#1013,#1014,#1015,
#1016,#1017,#1018,#1019,#1020,#1021,#1022,#1023,#1024,#1025,#1026,#1027,
#1028,#1029,#1030,#1031,#1032,#1033,#1034,#1035,#1036,#1037,#1038,#1039,
#1040,#1041,#1042,#1043,#1044,#1045,#1046,#1047,#1048,#1049,#1050,#1051,
#1052,#1053,#1054,#1055,#1056,#1057,#1058,#1059,#1060,#1061,#1062)),
 .UNSPECIFIED.,.F.,.F.,.F.,(4,1,4),(4,2,1,1,1,1,1,1,1,1,1,1,1,1,1,1,1,1,
1,1,1,1,1,1,1,1,1,1,1,1,1,1,1,1,1,1,1,1,1,1,1,1,1,1,1,1,1,1,1,1,1,1,1,1,
1,1,1,1,1,1,2,4),(0.,0.5,1.),(-0.0614387405960166,0.,0.0370365508412129,
0.0740731016824258,0.148146203364852,0.296292406729703,0.298607191157279,
0.300921975584855,0.305551544440007,0.31481068215031,0.333328957570916,
0.370365508412129,0.444438610094555,0.518511711776981,0.592584813459407,
0.740731016824258,0.88887722018911,1.03702342355396,1.18516962691881,1.48146203364852,
1.62960823701337,1.77775444037822,2.37033925383763,2.96292406729703,3.11107027066189,
3.25921647402674,3.55550888075644,3.62958198243887,3.77772818580372,4.14809369421585,
4.2962398975807,4.44438610094555,4.51845920262798,4.5925323043104,4.61105057973101,
4.62956885515161,4.64808713057222,4.66660540599283,4.68512368141343,4.70364195683404,
4.71290109454434,4.74067850767525,4.79006057546354,4.83944264325182,4.93820677882839,
5.13573504998153,5.5307915922878,5.92584813459407,6.22214054132377,6.51843294805347,
6.81472535478318,7.11101776151288,7.40731016824258,7.70360257497229,7.85174877833714,
7.99989498170199,8.07396808338441,8.14804118506684,8.24989169988018,8.25915083759048,
8.29618738843169,8.31865467649506),.UNSPECIFIED.);
#181=B_SPLINE_SURFACE_WITH_KNOTS('',3,3,((#1407,#1408,#1409,#1410,#1411,
#1412,#1413,#1414,#1415,#1416,#1417,#1418,#1419,#1420,#1421,#1422,#1423,
#1424,#1425,#1426,#1427,#1428,#1429,#1430,#1431,#1432,#1433,#1434,#1435,
#1436,#1437,#1438,#1439,#1440,#1441,#1442,#1443,#1444,#1445,#1446,#1447,
#1448,#1449,#1450,#1451,#1452,#1453,#1454,#1455,#1456,#1457,#1458,#1459,
#1460,#1461,#1462,#1463,#1464,#1465,#1466),(#1467,#1468,#1469,#1470,#1471,
#1472,#1473,#1474,#1475,#1476,#1477,#1478,#1479,#1480,#1481,#1482,#1483,
#1484,#1485,#1486,#1487,#1488,#1489,#1490,#1491,#1492,#1493,#1494,#1495,
#1496,#1497,#1498,#1499,#1500,#1501,#1502,#1503,#1504,#1505,#1506,#1507,
#1508,#1509,#1510,#1511,#1512,#1513,#1514,#1515,#1516,#1517,#1518,#1519,
#1520,#1521,#1522,#1523,#1524,#1525,#1526),(#1527,#1528,#1529,#1530,#1531,
#1532,#1533,#1534,#1535,#1536,#1537,#1538,#1539,#1540,#1541,#1542,#1543,
#1544,#1545,#1546,#1547,#1548,#1549,#1550,#1551,#1552,#1553,#1554,#1555,
#1556,#1557,#1558,#1559,#1560,#1561,#1562,#1563,#1564,#1565,#1566,#1567,
#1568,#1569,#1570,#1571,#1572,#1573,#1574,#1575,#1576,#1577,#1578,#1579,
#1580,#1581,#1582,#1583,#1584,#1585,#1586),(#1587,#1588,#1589,#1590,#1591,
#1592,#1593,#1594,#1595,#1596,#1597,#1598,#1599,#1600,#1601,#1602,#1603,
#1604,#1605,#1606,#1607,#1608,#1609,#1610,#1611,#1612,#1613,#1614,#1615,
#1616,#1617,#1618,#1619,#1620,#1621,#1622,#1623,#1624,#1625,#1626,#1627,
#1628,#1629,#1630,#1631,#1632,#1633,#1634,#1635,#1636,#1637,#1638,#1639,
#1640,#1641,#1642,#1643,#1644,#1645,#1646),(#1647,#1648,#1649,#1650,#1651,
#1652,#1653,#1654,#1655,#1656,#1657,#1658,#1659,#1660,#1661,#1662,#1663,
#1664,#1665,#1666,#1667,#1668,#1669,#1670,#1671,#1672,#1673,#1674,#1675,
#1676,#1677,#1678,#1679,#1680,#1681,#1682,#1683,#1684,#1685,#1686,#1687,
#1688,#1689,#1690,#1691,#1692,#1693,#1694,#1695,#1696,#1697,#1698,#1699,
#1700,#1701,#1702,#1703,#1704,#1705,#1706)),.UNSPECIFIED.,.F.,.F.,.F.,(4,
1,4),(4,2,1,1,1,1,1,1,1,1,1,1,1,1,1,1,1,1,1,1,1,1,1,1,1,1,1,1,1,1,1,1,1,
1,1,1,1,1,1,1,1,1,1,1,1,1,1,1,1,1,1,1,1,1,2,4),(0.,0.5,1.),(-0.0224672880633657,
0.,0.0370365508412129,0.0925913771030323,0.148146203364852,0.296292406729703,
0.444438610094555,0.592584813459407,0.88887722018911,1.18516962691881,1.48146203364852,
1.77775444037822,2.07404684710792,2.37033925383763,2.7653957961439,3.16045233845017,
3.35798060960331,3.45674474517987,3.50612681296816,3.55550888075644,3.59254543159765,
3.61106370701826,3.62958198243887,3.66661853328008,3.70365508412129,3.77772818580372,
3.85180128748615,4.0184657662716,4.14809369421585,4.51845920262798,4.74067850767526,
5.03697091440496,5.18511711776981,5.33326332113466,5.92584813459407,6.51843294805348,
6.81472535478318,6.99990810898924,7.11101776151288,7.40731016824259,7.55545637160744,
7.70360257497229,7.77767567665472,7.85174877833714,7.92582188001957,7.96285843086078,
7.98137670628139,7.99063584399169,7.99526541284684,7.99758019727442,7.99989498170199,
8.14804118506684,8.22211428674927,8.25915083759048,8.2961873884317,8.35762612902772),
 .UNSPECIFIED.);
#182=B_SPLINE_SURFACE_WITH_KNOTS('',3,3,((#1852,#1853,#1854,#1855,#1856,
#1857,#1858,#1859,#1860,#1861,#1862,#1863,#1864,#1865,#1866,#1867,#1868,
#1869,#1870,#1871,#1872,#1873,#1874,#1875,#1876,#1877,#1878,#1879,#1880,
#1881,#1882,#1883,#1884,#1885,#1886,#1887,#1888,#1889,#1890,#1891,#1892,
#1893,#1894,#1895,#1896,#1897,#1898,#1899,#1900,#1901,#1902,#1903,#1904,
#1905,#1906,#1907,#1908,#1909,#1910,#1911,#1912,#1913,#1914,#1915,#1916,
#1917),(#1918,#1919,#1920,#1921,#1922,#1923,#1924,#1925,#1926,#1927,#1928,
#1929,#1930,#1931,#1932,#1933,#1934,#1935,#1936,#1937,#1938,#1939,#1940,
#1941,#1942,#1943,#1944,#1945,#1946,#1947,#1948,#1949,#1950,#1951,#1952,
#1953,#1954,#1955,#1956,#1957,#1958,#1959,#1960,#1961,#1962,#1963,#1964,
#1965,#1966,#1967,#1968,#1969,#1970,#1971,#1972,#1973,#1974,#1975,#1976,
#1977,#1978,#1979,#1980,#1981,#1982,#1983),(#1984,#1985,#1986,#1987,#1988,
#1989,#1990,#1991,#1992,#1993,#1994,#1995,#1996,#1997,#1998,#1999,#2000,
#2001,#2002,#2003,#2004,#2005,#2006,#2007,#2008,#2009,#2010,#2011,#2012,
#2013,#2014,#2015,#2016,#2017,#2018,#2019,#2020,#2021,#2022,#2023,#2024,
#2025,#2026,#2027,#2028,#2029,#2030,#2031,#2032,#2033,#2034,#2035,#2036,
#2037,#2038,#2039,#2040,#2041,#2042,#2043,#2044,#2045,#2046,#2047,#2048,
#2049),(#2050,#2051,#2052,#2053,#2054,#2055,#2056,#2057,#2058,#2059,#2060,
#2061,#2062,#2063,#2064,#2065,#2066,#2067,#2068,#2069,#2070,#2071,#2072,
#2073,#2074,#2075,#2076,#2077,#2078,#2079,#2080,#2081,#2082,#2083,#2084,
#2085,#2086,#2087,#2088,#2089,#2090,#2091,#2092,#2093,#2094,#2095,#2096,
#2097,#2098,#2099,#2100,#2101,#2102,#2103,#2104,#2105,#2106,#2107,#2108,
#2109,#2110,#2111,#2112,#2113,#2114,#2115),(#2116,#2117,#2118,#2119,#2120,
#2121,#2122,#2123,#2124,#2125,#2126,#2127,#2128,#2129,#2130,#2131,#2132,
#2133,#2134,#2135,#2136,#2137,#2138,#2139,#2140,#2141,#2142,#2143,#2144,
#2145,#2146,#2147,#2148,#2149,#2150,#2151,#2152,#2153,#2154,#2155,#2156,
#2157,#2158,#2159,#2160,#2161,#2162,#2163,#2164,#2165,#2166,#2167,#2168,
#2169,#2170,#2171,#2172,#2173,#2174,#2175,#2176,#2177,#2178,#2179,#2180,
#2181)),.UNSPECIFIED.,.F.,.F.,.F.,(4,1,4),(4,2,1,1,1,1,1,1,1,1,1,1,1,1,
1,1,1,1,1,1,1,1,1,1,1,1,1,1,1,1,1,1,1,1,1,1,1,1,1,1,1,1,1,1,1,1,1,1,1,1,
1,1,1,1,1,1,1,1,1,1,2,4),(0.,0.5,1.),(-0.0614387405840575,0.,0.0370365508412458,
0.0740731016824916,0.148146203364983,0.222219305047475,0.296292406729966,
0.370365508412458,0.44443861009495,0.592584813459933,0.740731016824916,
0.888877220189899,1.03702342355488,1.18516962691987,1.33331583028485,1.48146203364983,
1.7777544403798,2.07404684710977,2.37033925383973,2.6666316605697,2.96292406729966,
3.11107027066465,3.25921647402963,3.40736267739461,3.5555088807596,3.75303715191291,
3.95056542306622,4.14809369421953,4.34562196537284,4.4443861009495,4.54315023652615,
4.59253230431448,4.64191437210281,4.65425988904989,4.66660540599697,4.69129643989114,
4.7159874737853,4.74067850767946,4.77771505852071,4.81475160936196,4.88882471104445,
4.96289781272694,5.03697091440943,5.3332633211394,5.62955572786936,5.92584813459933,
6.2221405413293,6.37028674469428,6.51843294805926,6.81472535478923,6.96287155815421,
7.1110177615192,7.40731016824916,7.70360257497913,7.85174877834411,7.9258218800266,
7.9998949817091,8.14804118507408,8.22211428675657,8.25915083759782,8.29618738843906,
8.31865467650243),.UNSPECIFIED.);
#183=ADVANCED_FACE('',(#48),#179,.F.);
#184=ADVANCED_FACE('',(#49),#180,.F.);
#185=ADVANCED_FACE('',(#50,#23,#24),#45,.F.);
#186=ADVANCED_FACE('',(#51),#21,.T.);
#187=ADVANCED_FACE('',(#52),#181,.F.);
#188=ADVANCED_FACE('',(#53),#182,.F.);
#189=ADVANCED_FACE('',(#54,#25,#26),#46,.T.);
#190=ADVANCED_FACE('',(#55),#22,.T.);
#191=ADVANCED_FACE('',(#56),#19,.F.);
#192=ADVANCED_FACE('',(#57),#20,.F.);
#193=ADVANCED_FACE('',(#58),#47,.T.);
#194=CLOSED_SHELL('',(#183,#184,#185,#186,#187,#188,#189,#190,#191,#192,
#193));
#195=DERIVED_UNIT_ELEMENT(#197,1.);
#196=DERIVED_UNIT_ELEMENT(#2411,-3.);
#197=(
MASS_UNIT()
NAMED_UNIT(*)
SI_UNIT(.KILO.,.GRAM.)
);
#198=DERIVED_UNIT((#195,#196));
#199=MEASURE_REPRESENTATION_ITEM('density measure',
POSITIVE_RATIO_MEASURE(7850.),#198);
#200=PROPERTY_DEFINITION_REPRESENTATION(#205,#202);
#201=PROPERTY_DEFINITION_REPRESENTATION(#206,#203);
#202=REPRESENTATION('material name',(#204),#2408);
#203=REPRESENTATION('density',(#199),#2408);
#204=DESCRIPTIVE_REPRESENTATION_ITEM('Steel','Steel');
#205=PROPERTY_DEFINITION('material property','material name',#2423);
#206=PROPERTY_DEFINITION('material property','density of part',#2423);
#207=AXIS2_PLACEMENT_3D('',#250,#219,#220);
#208=AXIS2_PLACEMENT_3D('',#251,#221,#222);
#209=AXIS2_PLACEMENT_3D('',#1205,#223,#224);
#210=AXIS2_PLACEMENT_3D('',#1208,#226,#227);
#211=AXIS2_PLACEMENT_3D('',#1210,#228,#229);
#212=AXIS2_PLACEMENT_3D('',#2261,#232,#233);
#213=AXIS2_PLACEMENT_3D('',#2264,#235,#236);
#214=AXIS2_PLACEMENT_3D('',#2266,#237,#238);
#215=AXIS2_PLACEMENT_3D('',#2398,#240,#241);
#216=AXIS2_PLACEMENT_3D('',#2400,#243,#244);
#217=AXIS2_PLACEMENT_3D('',#2402,#246,#247);
#218=AXIS2_PLACEMENT_3D('',#2403,#248,#249);
#219=DIRECTION('axis',(0.,0.,1.));
#220=DIRECTION('refdir',(1.,0.,0.));
#221=DIRECTION('axis',(0.,0.,1.));
#222=DIRECTION('refdir',(1.,0.,0.));
#223=DIRECTION('center_axis',(0.,1.,0.));
#224=DIRECTION('ref_axis',(1.,0.,0.));
#225=DIRECTION('',(0.,0.,1.));
#226=DIRECTION('center_axis',(0.,1.,0.));
#227=DIRECTION('ref_axis',(1.,0.,0.));
#228=DIRECTION('center_axis',(0.,1.,0.));
#229=DIRECTION('ref_axis',(1.,0.,0.));
#230=DIRECTION('',(0.,1.,0.));
#231=DIRECTION('',(0.,1.,0.));
#232=DIRECTION('center_axis',(0.,1.,0.));
#233=DIRECTION('ref_axis',(1.,0.,0.));
#234=DIRECTION('',(0.,0.,-1.));
#235=DIRECTION('center_axis',(0.,-1.,0.));
#236=DIRECTION('ref_axis',(1.,0.,0.));
#237=DIRECTION('center_axis',(0.,-1.,0.));
#238=DIRECTION('ref_axis',(1.,0.,0.));
#239=DIRECTION('',(0.,-1.,0.));
#240=DIRECTION('center_axis',(0.,1.,0.));
#241=DIRECTION('ref_axis',(1.,0.,0.));
#242=DIRECTION('',(0.,1.,0.));
#243=DIRECTION('center_axis',(0.,1.,0.));
#244=DIRECTION('ref_axis',(1.,0.,0.));
#245=DIRECTION('',(0.,1.,0.));
#246=DIRECTION('center_axis',(1.,0.,0.));
#247=DIRECTION('ref_axis',(0.,0.,-1.));
#248=DIRECTION('',(0.,0.,1.));
#249=DIRECTION('',(1.,0.,0.));
#250=CARTESIAN_POINT('',(0.,0.,0.));
#251=CARTESIAN_POINT('',(0.,0.,0.));
#252=CARTESIAN_POINT('Ctrl Pts',(-102.330957674074,-0.8,22.6969496258891));
#253=CARTESIAN_POINT('Ctrl Pts',(-102.386895912876,-0.8,22.6471543514039));
#254=CARTESIAN_POINT('Ctrl Pts',(-102.442834151679,-0.8,22.5973590769188));
#255=CARTESIAN_POINT('Ctrl Pts',(-102.590058435278,-0.8,22.4663025086454));
#256=CARTESIAN_POINT('Ctrl Pts',(-102.702028680899,-0.8,22.3684882279109));
#257=CARTESIAN_POINT('Ctrl Pts',(-103.078335134524,-0.8,22.0467245719831));
#258=CARTESIAN_POINT('Ctrl Pts',(-103.548865439837,-0.8,21.6655460527098));
#259=CARTESIAN_POINT('Ctrl Pts',(-104.189542038582,-0.8,21.1541912843274));
#260=CARTESIAN_POINT('Ctrl Pts',(-104.964895440398,-0.8,20.5101150546568));
#261=CARTESIAN_POINT('Ctrl Pts',(-105.881411120906,-0.8,19.6224984488989));
#262=CARTESIAN_POINT('Ctrl Pts',(-107.085414313814,-0.8,18.0107022094495));
#263=CARTESIAN_POINT('Ctrl Pts',(-108.196708610952,-0.8,15.7620393130156));
#264=CARTESIAN_POINT('Ctrl Pts',(-109.327977799441,-0.8,13.0444159740614));
#265=CARTESIAN_POINT('Ctrl Pts',(-110.526850086565,-0.800000000000001,10.3703932241061));
#266=CARTESIAN_POINT('Ctrl Pts',(-111.692161016919,-0.8,7.61464927152105));
#267=CARTESIAN_POINT('Ctrl Pts',(-112.50041817084,-0.8,4.74653376062297));
#268=CARTESIAN_POINT('Ctrl Pts',(-113.33608032471,-0.8,1.59250687311194));
#269=CARTESIAN_POINT('Ctrl Pts',(-114.353358087736,-0.8,-1.53764895833658));
#270=CARTESIAN_POINT('Ctrl Pts',(-115.233737704539,-0.8,-4.02792657993579));
#271=CARTESIAN_POINT('Ctrl Pts',(-115.865492636641,-0.8,-5.91200495404554));
#272=CARTESIAN_POINT('Ctrl Pts',(-116.25228413496,-0.8,-7.17231783044382));
#273=CARTESIAN_POINT('Ctrl Pts',(-116.498994943571,-0.800000000000001,-8.32296588082347));
#274=CARTESIAN_POINT('Ctrl Pts',(-116.571056003536,-0.800000000000001,-9.00162619117592));
#275=CARTESIAN_POINT('Ctrl Pts',(-116.565486271997,-0.800000000000002,-9.45176055444466));
#276=CARTESIAN_POINT('Ctrl Pts',(-116.498555122651,-0.800000000000002,-9.77337411433381));
#277=CARTESIAN_POINT('Ctrl Pts',(-116.415311413461,-0.800000000000002,-9.98079502287197));
#278=CARTESIAN_POINT('Ctrl Pts',(-116.31394823639,-0.800000000000002,-10.1530008928362));
#279=CARTESIAN_POINT('Ctrl Pts',(-116.121016716298,-0.800000000000002,-10.3229112856183));
#280=CARTESIAN_POINT('Ctrl Pts',(-115.896040649571,-0.800000000000002,-10.4162288240963));
#281=CARTESIAN_POINT('Ctrl Pts',(-115.677264062766,-0.800000000000001,-10.4532621819081));
#282=CARTESIAN_POINT('Ctrl Pts',(-115.466618278407,-0.800000000000001,-10.4577675842361));
#283=CARTESIAN_POINT('Ctrl Pts',(-115.061807559314,-0.800000000000001,-10.4219980752497));
#284=CARTESIAN_POINT('Ctrl Pts',(-114.501602526855,-0.800000000000001,-10.271018339189));
#285=CARTESIAN_POINT('Ctrl Pts',(-113.559366867807,-0.8,-9.89663948506213));
#286=CARTESIAN_POINT('Ctrl Pts',(-112.439407793396,-0.8,-9.32105540982784));
#287=CARTESIAN_POINT('Ctrl Pts',(-110.528076344595,-0.8,-8.20837897434685));
#288=CARTESIAN_POINT('Ctrl Pts',(-108.446048303954,-0.8,-6.85676043595393));
#289=CARTESIAN_POINT('Ctrl Pts',(-106.336959181145,-0.8,-5.55186588942033));
#290=CARTESIAN_POINT('Ctrl Pts',(-104.827945992792,-0.8,-4.73472696273349));
#291=CARTESIAN_POINT('Ctrl Pts',(-103.490970513464,-0.8,-4.14137873151892));
#292=CARTESIAN_POINT('Ctrl Pts',(-102.114079449291,-0.8,-3.63630908383367));
#293=CARTESIAN_POINT('Ctrl Pts',(-99.3364649873299,-0.8,-2.68406432329677));
#294=CARTESIAN_POINT('Ctrl Pts',(-96.0709819196484,-0.8,-1.54838190671779));
#295=CARTESIAN_POINT('Ctrl Pts',(-92.394650057038,-0.8,-0.123299253503325));
#296=CARTESIAN_POINT('Ctrl Pts',(-89.7297431266951,-0.8,1.18247820394759));
#297=CARTESIAN_POINT('Ctrl Pts',(-87.2761537311761,-0.8,2.87674575204103));
#298=CARTESIAN_POINT('Ctrl Pts',(-85.3781209752422,-0.8,4.49097607571296));
#299=CARTESIAN_POINT('Ctrl Pts',(-84.0160624089142,-0.8,5.95497562439458));
#300=CARTESIAN_POINT('Ctrl Pts',(-83.1389348822493,-0.8,7.19342408631107));
#301=CARTESIAN_POINT('Ctrl Pts',(-82.4327774179174,-0.800000000000001,8.54255439385621));
#302=CARTESIAN_POINT('Ctrl Pts',(-81.8785553561326,-0.800000000000001,9.86695836566627));
#303=CARTESIAN_POINT('Ctrl Pts',(-81.4748653531125,-0.800000000000004,10.9758024554897));
#304=CARTESIAN_POINT('Ctrl Pts',(-81.1945526595077,-0.800000000000005,11.8024353803567));
#305=CARTESIAN_POINT('Ctrl Pts',(-81.0541402445495,-0.800000000000006,12.2285264894766));
#306=CARTESIAN_POINT('Ctrl Pts',(-80.9838707436012,-0.800000000000006,12.4443323024277));
#307=CARTESIAN_POINT('Ctrl Pts',(-80.9487555625193,-0.800000000000006,12.5527766045457));
#308=CARTESIAN_POINT('Ctrl Pts',(-80.9286896272098,-0.800000000000006,12.6149086587242));
#309=CARTESIAN_POINT('Ctrl Pts',(-80.7583312023494,-0.800000000000006,13.1432780214589));
#310=CARTESIAN_POINT('Ctrl Pts',(-80.5110814079941,-0.800000000000001,13.9320728747743));
#311=CARTESIAN_POINT('Ctrl Pts',(-80.2724872193673,-0.800000000000001,14.6942469079644));
#312=CARTESIAN_POINT('Ctrl Pts',(-80.1199353795833,-0.8,15.1761237735081));
#313=CARTESIAN_POINT('Ctrl Pts',(-80.0380715612306,-0.8,15.4306103636529));
#314=CARTESIAN_POINT('Ctrl Pts',(-79.9366075656431,-0.8,15.7423013688896));
#315=CARTESIAN_POINT('Ctrl Pts',(-79.8732151313232,-0.8,15.9370389352861));
#316=CARTESIAN_POINT('Ctrl Pts',(-79.8098226970032,-0.8,16.1317765016827));
#317=CARTESIAN_POINT('Ctrl Pts',(-102.330957674074,-0.852359877559827,22.6969496258891));
#318=CARTESIAN_POINT('Ctrl Pts',(-102.386895912876,-0.852359877559828,22.6471543514039));
#319=CARTESIAN_POINT('Ctrl Pts',(-102.442834151679,-0.852359877559826,22.5973590769188));
#320=CARTESIAN_POINT('Ctrl Pts',(-102.590058435278,-0.852359877559828,22.4663025086454));
#321=CARTESIAN_POINT('Ctrl Pts',(-102.702028680899,-0.852359877559829,22.3684882279109));
#322=CARTESIAN_POINT('Ctrl Pts',(-103.078335134524,-0.852359877559831,22.0467245719831));
#323=CARTESIAN_POINT('Ctrl Pts',(-103.548865439837,-0.85235987755983,21.6655460527098));
#324=CARTESIAN_POINT('Ctrl Pts',(-104.189542038582,-0.85235987755983,21.1541912843274));
#325=CARTESIAN_POINT('Ctrl Pts',(-104.964895440398,-0.85235987755983,20.5101150546568));
#326=CARTESIAN_POINT('Ctrl Pts',(-105.881411120906,-0.852359877559831,19.6224984488989));
#327=CARTESIAN_POINT('Ctrl Pts',(-107.085414313814,-0.852359877559827,18.0107022094495));
#328=CARTESIAN_POINT('Ctrl Pts',(-108.196708610952,-0.85235987755983,15.7620393130156));
#329=CARTESIAN_POINT('Ctrl Pts',(-109.327977799441,-0.85235987755983,13.0444159740614));
#330=CARTESIAN_POINT('Ctrl Pts',(-110.526850086565,-0.852359877559831,10.3703932241061));
#331=CARTESIAN_POINT('Ctrl Pts',(-111.692161016919,-0.852359877559829,7.61464927152105));
#332=CARTESIAN_POINT('Ctrl Pts',(-112.50041817084,-0.852359877559831,4.74653376062297));
#333=CARTESIAN_POINT('Ctrl Pts',(-113.33608032471,-0.85235987755983,1.59250687311194));
#334=CARTESIAN_POINT('Ctrl Pts',(-114.353358087736,-0.852359877559827,-1.53764895833658));
#335=CARTESIAN_POINT('Ctrl Pts',(-115.233737704539,-0.852359877559833,-4.02792657993579));
#336=CARTESIAN_POINT('Ctrl Pts',(-115.865492636641,-0.852359877559828,-5.91200495404554));
#337=CARTESIAN_POINT('Ctrl Pts',(-116.25228413496,-0.852359877559832,-7.17231783044382));
#338=CARTESIAN_POINT('Ctrl Pts',(-116.498994943571,-0.852359877559828,-8.32296588082347));
#339=CARTESIAN_POINT('Ctrl Pts',(-116.571056003536,-0.852359877559839,-9.00162619117592));
#340=CARTESIAN_POINT('Ctrl Pts',(-116.565486271997,-0.852359877559826,-9.45176055444466));
#341=CARTESIAN_POINT('Ctrl Pts',(-116.498555122651,-0.852359877559838,-9.77337411433381));
#342=CARTESIAN_POINT('Ctrl Pts',(-116.415311413461,-0.852359877559829,-9.98079502287197));
#343=CARTESIAN_POINT('Ctrl Pts',(-116.31394823639,-0.852359877559833,-10.1530008928362));
#344=CARTESIAN_POINT('Ctrl Pts',(-116.121016716298,-0.852359877559829,-10.3229112856183));
#345=CARTESIAN_POINT('Ctrl Pts',(-115.896040649571,-0.852359877559833,-10.4162288240963));
#346=CARTESIAN_POINT('Ctrl Pts',(-115.677264062766,-0.85235987755983,-10.4532621819081));
#347=CARTESIAN_POINT('Ctrl Pts',(-115.466618278407,-0.852359877559831,-10.4577675842361));
#348=CARTESIAN_POINT('Ctrl Pts',(-115.061807559314,-0.85235987755983,-10.4219980752497));
#349=CARTESIAN_POINT('Ctrl Pts',(-114.501602526855,-0.852359877559831,-10.271018339189));
#350=CARTESIAN_POINT('Ctrl Pts',(-113.559366867807,-0.852359877559831,-9.89663948506213));
#351=CARTESIAN_POINT('Ctrl Pts',(-112.439407793396,-0.85235987755983,-9.32105540982784));
#352=CARTESIAN_POINT('Ctrl Pts',(-110.528076344595,-0.85235987755983,-8.20837897434685));
#353=CARTESIAN_POINT('Ctrl Pts',(-108.446048303954,-0.85235987755983,-6.85676043595393));
#354=CARTESIAN_POINT('Ctrl Pts',(-106.336959181145,-0.852359877559831,-5.55186588942033));
#355=CARTESIAN_POINT('Ctrl Pts',(-104.827945992792,-0.852359877559829,-4.73472696273349));
#356=CARTESIAN_POINT('Ctrl Pts',(-103.490970513464,-0.85235987755983,-4.14137873151892));
#357=CARTESIAN_POINT('Ctrl Pts',(-102.114079449291,-0.85235987755983,-3.63630908383367));
#358=CARTESIAN_POINT('Ctrl Pts',(-99.3364649873299,-0.852359877559829,-2.68406432329677));
#359=CARTESIAN_POINT('Ctrl Pts',(-96.0709819196484,-0.852359877559832,-1.54838190671779));
#360=CARTESIAN_POINT('Ctrl Pts',(-92.394650057038,-0.852359877559829,-0.123299253503325));
#361=CARTESIAN_POINT('Ctrl Pts',(-89.7297431266951,-0.852359877559829,1.18247820394759));
#362=CARTESIAN_POINT('Ctrl Pts',(-87.2761537311761,-0.852359877559831,2.87674575204103));
#363=CARTESIAN_POINT('Ctrl Pts',(-85.3781209752422,-0.852359877559828,4.49097607571296));
#364=CARTESIAN_POINT('Ctrl Pts',(-84.0160624089142,-0.85235987755983,5.95497562439458));
#365=CARTESIAN_POINT('Ctrl Pts',(-83.1389348822493,-0.852359877559828,7.19342408631107));
#366=CARTESIAN_POINT('Ctrl Pts',(-82.4327774179174,-0.852359877559831,8.54255439385621));
#367=CARTESIAN_POINT('Ctrl Pts',(-81.8785553561326,-0.85235987755983,9.86695836566627));
#368=CARTESIAN_POINT('Ctrl Pts',(-81.4748653531125,-0.852359877559834,10.9758024554897));
#369=CARTESIAN_POINT('Ctrl Pts',(-81.1945526595077,-0.852359877559834,11.8024353803567));
#370=CARTESIAN_POINT('Ctrl Pts',(-81.0541402445495,-0.852359877559836,12.2285264894766));
#371=CARTESIAN_POINT('Ctrl Pts',(-80.9838707436012,-0.852359877559836,12.4443323024277));
#372=CARTESIAN_POINT('Ctrl Pts',(-80.9487555625193,-0.852359877559835,12.5527766045457));
#373=CARTESIAN_POINT('Ctrl Pts',(-80.9286896272098,-0.852359877559836,12.6149086587242));
#374=CARTESIAN_POINT('Ctrl Pts',(-80.7583312023494,-0.852359877559841,13.1432780214589));
#375=CARTESIAN_POINT('Ctrl Pts',(-80.5110814079941,-0.852359877559825,13.9320728747743));
#376=CARTESIAN_POINT('Ctrl Pts',(-80.2724872193673,-0.852359877559834,14.6942469079644));
#377=CARTESIAN_POINT('Ctrl Pts',(-80.1199353795833,-0.852359877559826,15.1761237735081));
#378=CARTESIAN_POINT('Ctrl Pts',(-80.0380715612306,-0.852359877559834,15.4306103636529));
#379=CARTESIAN_POINT('Ctrl Pts',(-79.9366075656431,-0.852359877559836,15.7423013688896));
#380=CARTESIAN_POINT('Ctrl Pts',(-79.8732151313232,-0.852359877559828,15.9370389352861));
#381=CARTESIAN_POINT('Ctrl Pts',(-79.8098226970032,-0.85235987755983,16.1317765016827));
#382=CARTESIAN_POINT('Ctrl Pts',(-102.302142876422,-0.956663199736286,22.6645801079227));
#383=CARTESIAN_POINT('Ctrl Pts',(-102.358081115225,-0.956663199736289,22.6147848334375));
#384=CARTESIAN_POINT('Ctrl Pts',(-102.414019354027,-0.956663199736286,22.5649895589523));
#385=CARTESIAN_POINT('Ctrl Pts',(-102.561442362533,-0.956663199736291,22.4337574943953));
#386=CARTESIAN_POINT('Ctrl Pts',(-102.673660489892,-0.956663199736292,22.3357234062589));
#387=CARTESIAN_POINT('Ctrl Pts',(-103.050712574436,-0.956663199736294,22.0133281488615));
#388=CARTESIAN_POINT('Ctrl Pts',(-103.521906430987,-0.956663199736294,21.6316073970506));
#389=CARTESIAN_POINT('Ctrl Pts',(-104.162318190645,-0.956663199736295,21.1204812321937));
#390=CARTESIAN_POINT('Ctrl Pts',(-104.936118200565,-0.956663199736294,20.477638486556));
#391=CARTESIAN_POINT('Ctrl Pts',(-105.848736564629,-0.956663199736297,19.5937493878918));
#392=CARTESIAN_POINT('Ctrl Pts',(-107.047620270457,-0.95666319973629,17.9889815446645));
#393=CARTESIAN_POINT('Ctrl Pts',(-108.15686574695,-0.956663199736294,15.7449903669133));
#394=CARTESIAN_POINT('Ctrl Pts',(-109.288064430354,-0.956663199736294,13.0275396376988));
#395=CARTESIAN_POINT('Ctrl Pts',(-110.487523227285,-0.956663199736296,10.3521361391818));
#396=CARTESIAN_POINT('Ctrl Pts',(-111.651219360264,-0.956663199736293,7.60016847766471));
#397=CARTESIAN_POINT('Ctrl Pts',(-112.458280275958,-0.956663199736297,4.73628394101341));
#398=CARTESIAN_POINT('Ctrl Pts',(-113.294583729974,-0.956663199736295,1.57996602427498));
#399=CARTESIAN_POINT('Ctrl Pts',(-114.312347477376,-0.95666319973629,-1.55165690641803));
#400=CARTESIAN_POINT('Ctrl Pts',(-115.1928562148,-0.9566631997363,-4.04231836905186));
#401=CARTESIAN_POINT('Ctrl Pts',(-115.824235911175,-0.956663199736293,-5.92530022694313));
#402=CARTESIAN_POINT('Ctrl Pts',(-116.210517430536,-0.956663199736297,-7.18403359462597));
#403=CARTESIAN_POINT('Ctrl Pts',(-116.456259605681,-0.956663199736294,-8.33064688998411));
#404=CARTESIAN_POINT('Ctrl Pts',(-116.527717385608,-0.956663199736304,-9.00409605558318));
#405=CARTESIAN_POINT('Ctrl Pts',(-116.522092525396,-0.956663199736293,-9.44843149148544));
#406=CARTESIAN_POINT('Ctrl Pts',(-116.456633417927,-0.956663199736304,-9.76169772519742));
#407=CARTESIAN_POINT('Ctrl Pts',(-116.376446113517,-0.956663199736295,-9.96146218865447));
#408=CARTESIAN_POINT('Ctrl Pts',(-116.279696749086,-0.956663199736298,-10.1252656829797));
#409=CARTESIAN_POINT('Ctrl Pts',(-116.09798885956,-0.956663199736296,-10.285231803735));
#410=CARTESIAN_POINT('Ctrl Pts',(-115.88437610116,-0.956663199736299,-10.3740749327329));
#411=CARTESIAN_POINT('Ctrl Pts',(-115.673339193171,-0.956663199736296,-10.4099638804899));
#412=CARTESIAN_POINT('Ctrl Pts',(-115.468090263167,-0.956663199736298,-10.4144031283853));
#413=CARTESIAN_POINT('Ctrl Pts',(-115.071019035241,-0.956663199736296,-10.379334816378));
#414=CARTESIAN_POINT('Ctrl Pts',(-114.515763218295,-0.956663199736297,-10.2299420977788));
#415=CARTESIAN_POINT('Ctrl Pts',(-113.578135370719,-0.956663199736296,-9.85735683262183));
#416=CARTESIAN_POINT('Ctrl Pts',(-112.460421928945,-0.956663199736295,-9.28314459056105));
#417=CARTESIAN_POINT('Ctrl Pts',(-110.551282424634,-0.956663199736295,-8.17168603071466));
#418=CARTESIAN_POINT('Ctrl Pts',(-108.469599836576,-0.956663199736295,-6.82041638593951));
#419=CARTESIAN_POINT('Ctrl Pts',(-106.359109079825,-0.956663199736296,-5.51458714967323));
#420=CARTESIAN_POINT('Ctrl Pts',(-104.84723875233,-0.956663199736294,-4.69586751387909));
#421=CARTESIAN_POINT('Ctrl Pts',(-103.506918506199,-0.956663199736295,-4.10104470613001));
#422=CARTESIAN_POINT('Ctrl Pts',(-102.128333308173,-0.956663199736294,-3.59538351265278));
#423=CARTESIAN_POINT('Ctrl Pts',(-99.3503774532062,-0.956663199736294,-2.643015309167));
#424=CARTESIAN_POINT('Ctrl Pts',(-96.0857294496432,-0.956663199736298,-1.50763658709315));
#425=CARTESIAN_POINT('Ctrl Pts',(-92.4112758208631,-0.956663199736293,-0.0832262304554554));
#426=CARTESIAN_POINT('Ctrl Pts',(-89.7517959070834,-0.956663199736294,1.22000505595382));
#427=CARTESIAN_POINT('Ctrl Pts',(-87.3028626344106,-0.956663199736296,2.91092192906963));
#428=CARTESIAN_POINT('Ctrl Pts',(-85.4073827637221,-0.956663199736291,4.52307789745479));
#429=CARTESIAN_POINT('Ctrl Pts',(-84.0496203570937,-0.956663199736293,5.98261061491276));
#430=CARTESIAN_POINT('Ctrl Pts',(-83.1761765841985,-0.956663199736292,7.21588652812653));
#431=CARTESIAN_POINT('Ctrl Pts',(-82.4721807518399,-0.956663199736294,8.56069797692085));
#432=CARTESIAN_POINT('Ctrl Pts',(-81.9189931118575,-0.956663199736294,9.88258691697189));
#433=CARTESIAN_POINT('Ctrl Pts',(-81.515757229116,-0.956663199736298,10.9901649420013));
#434=CARTESIAN_POINT('Ctrl Pts',(-81.2356520054482,-0.956663199736299,11.8161795094751));
#435=CARTESIAN_POINT('Ctrl Pts',(-81.0953229394343,-0.956663199736302,12.2420213769741));
#436=CARTESIAN_POINT('Ctrl Pts',(-81.025088063213,-0.9566631997363,12.45771850837));
#437=CARTESIAN_POINT('Ctrl Pts',(-80.9899896542271,-0.9566631997363,12.5661121411628));
#438=CARTESIAN_POINT('Ctrl Pts',(-80.9699326365252,-0.956663199736301,12.6282161530809));
#439=CARTESIAN_POINT('Ctrl Pts',(-80.7996475063466,-0.956663199736305,13.1563589985361));
#440=CARTESIAN_POINT('Ctrl Pts',(-80.5524539684044,-0.956663199736292,13.9449716313391));
#441=CARTESIAN_POINT('Ctrl Pts',(-80.3138328022048,-0.9566631997363,14.7072327023615));
#442=CARTESIAN_POINT('Ctrl Pts',(-80.1612263018888,-0.956663199736294,15.1892823901684));
#443=CARTESIAN_POINT('Ctrl Pts',(-80.0793108576279,-0.956663199736302,15.4439298113007));
#444=CARTESIAN_POINT('Ctrl Pts',(-79.9778159446164,-0.956663199736306,15.7557158297244));
#445=CARTESIAN_POINT('Ctrl Pts',(-79.9144235102964,-0.956663199736288,15.9504533961209));
#446=CARTESIAN_POINT('Ctrl Pts',(-79.8510310759765,-0.956663199736295,16.1451909625175));
#447=CARTESIAN_POINT('Ctrl Pts',(-102.232791214448,-0.999999999999986,22.5866729195607));
#448=CARTESIAN_POINT('Ctrl Pts',(-102.28872945325,-0.999999999999987,22.5368776450756));
#449=CARTESIAN_POINT('Ctrl Pts',(-102.344667692053,-0.999999999999986,22.4870823705904));
#450=CARTESIAN_POINT('Ctrl Pts',(-102.492573431512,-0.999999999999996,22.3554208052784));
#451=CARTESIAN_POINT('Ctrl Pts',(-102.605378315363,-0.999999999999997,22.2568736467491));
#452=CARTESIAN_POINT('Ctrl Pts',(-102.984237818087,-0.999999999999997,21.9329352602072));
#453=CARTESIAN_POINT('Ctrl Pts',(-103.457021722341,-0.999999999999998,21.5499405320409));
#454=CARTESIAN_POINT('Ctrl Pts',(-104.096796430524,-0.999999999999999,21.0393256127532));
#455=CARTESIAN_POINT('Ctrl Pts',(-104.866861996035,-1.,20.3995228667963));
#456=CARTESIAN_POINT('Ctrl Pts',(-105.770102871486,-1.,19.5244560120473));
#457=CARTESIAN_POINT('Ctrl Pts',(-106.956623005818,-0.999999999999996,17.9368177190595));
#458=CARTESIAN_POINT('Ctrl Pts',(-108.06100819725,-0.999999999999998,15.7038754470849));
#459=CARTESIAN_POINT('Ctrl Pts',(-109.191986492794,-0.999999999999999,12.9869551071759));
#460=CARTESIAN_POINT('Ctrl Pts',(-110.39289982607,-1.,10.3081125862805));
#461=CARTESIAN_POINT('Ctrl Pts',(-111.552630526427,-0.999999999999998,7.56546597480212));
#462=CARTESIAN_POINT('Ctrl Pts',(-112.356877148078,-1.,4.7115640439187));
#463=CARTESIAN_POINT('Ctrl Pts',(-113.194743928709,-1.,1.54968500432013));
#464=CARTESIAN_POINT('Ctrl Pts',(-114.213609925321,-0.999999999999995,-1.58528723504274));
#465=CARTESIAN_POINT('Ctrl Pts',(-115.094485306561,-1.,-4.07701519913423));
#466=CARTESIAN_POINT('Ctrl Pts',(-115.724918742326,-1.,-5.95722499321458));
#467=CARTESIAN_POINT('Ctrl Pts',(-116.110001909977,-1.,-7.21222230968667));
#468=CARTESIAN_POINT('Ctrl Pts',(-116.353382827809,-1.,-8.34904472497779));
#469=CARTESIAN_POINT('Ctrl Pts',(-116.42339612554,-1.,-9.01002133080249));
#470=CARTESIAN_POINT('Ctrl Pts',(-116.417601061161,-1.,-9.44025887415098));
#471=CARTESIAN_POINT('Ctrl Pts',(-116.355648277587,-1.,-9.73357713019552));
#472=CARTESIAN_POINT('Ctrl Pts',(-116.28285478234,-1.,-9.91483915152177));
#473=CARTESIAN_POINT('Ctrl Pts',(-116.197219547589,-1.,-10.0585335841349));
#474=CARTESIAN_POINT('Ctrl Pts',(-116.042587271503,-1.,-10.1945438383637));
#475=CARTESIAN_POINT('Ctrl Pts',(-115.856393623661,-1.,-10.2726586748253));
#476=CARTESIAN_POINT('Ctrl Pts',(-115.663986421799,-1.,-10.305738211595));
#477=CARTESIAN_POINT('Ctrl Pts',(-115.471890240521,-1.,-10.3099885791076));
#478=CARTESIAN_POINT('Ctrl Pts',(-115.093028901904,-1.,-10.2767343646294));
#479=CARTESIAN_POINT('Ctrl Pts',(-114.549843200632,-1.,-10.1311338305951));
#480=CARTESIAN_POINT('Ctrl Pts',(-113.623121721762,-1.,-9.76287731003459));
#481=CARTESIAN_POINT('Ctrl Pts',(-112.511014383278,-1.,-9.19190909077439));
#482=CARTESIAN_POINT('Ctrl Pts',(-110.607027244574,-1.,-8.08338072267467));
#483=CARTESIAN_POINT('Ctrl Pts',(-108.526318268681,-1.,-6.7329408618412));
#484=CARTESIAN_POINT('Ctrl Pts',(-106.412423791999,-1.,-5.42486747672392));
#485=CARTESIAN_POINT('Ctrl Pts',(-104.893655535855,-0.999999999999999,-4.60233172808559));
#486=CARTESIAN_POINT('Ctrl Pts',(-103.545348064103,-1.,-4.00398450966237));
#487=CARTESIAN_POINT('Ctrl Pts',(-102.162574730692,-0.999999999999999,-3.49686503493008));
#488=CARTESIAN_POINT('Ctrl Pts',(-99.38400343819,-1.,-2.54426316241208));
#489=CARTESIAN_POINT('Ctrl Pts',(-96.1211206285813,-1.,-1.40954059685104));
#490=CARTESIAN_POINT('Ctrl Pts',(-92.4512981359806,-0.999999999999999,0.013224247043336));
#491=CARTESIAN_POINT('Ctrl Pts',(-89.8049099455591,-0.999999999999998,1.31029788474124));
#492=CARTESIAN_POINT('Ctrl Pts',(-87.3671198897235,-1.,2.99320321654988));
#493=CARTESIAN_POINT('Ctrl Pts',(-85.4778473131787,-0.999999999999996,4.60029847205919));
#494=CARTESIAN_POINT('Ctrl Pts',(-84.1303735069165,-0.999999999999997,6.04914328185254));
#495=CARTESIAN_POINT('Ctrl Pts',(-83.2657938088246,-0.999999999999997,7.26994896738137));
#496=CARTESIAN_POINT('Ctrl Pts',(-82.5670046727479,-0.999999999999999,8.60438498685092));
#497=CARTESIAN_POINT('Ctrl Pts',(-82.016323210414,-1.,9.92019961033529));
#498=CARTESIAN_POINT('Ctrl Pts',(-81.614171314669,-1.,11.0247361774144));
#499=CARTESIAN_POINT('Ctrl Pts',(-81.3345724920294,-1.,11.8492585423908));
#500=CARTESIAN_POINT('Ctrl Pts',(-81.1944401535092,-1.00000000000001,12.2745022440076));
#501=CARTESIAN_POINT('Ctrl Pts',(-81.1242906393853,-1.00000000000001,12.4899370479508));
#502=CARTESIAN_POINT('Ctrl Pts',(-81.089231733961,-1.00000000000001,12.5982087998158));
#503=CARTESIAN_POINT('Ctrl Pts',(-81.0691963268997,-1.00000000000001,12.660245843737));
#504=CARTESIAN_POINT('Ctrl Pts',(-80.8990897834936,-1.00000000000001,13.1878347250992));
#505=CARTESIAN_POINT('Ctrl Pts',(-80.6520283284052,-1.,13.9760212520125));
#506=CARTESIAN_POINT('Ctrl Pts',(-80.4133435856074,-1.,14.7384870652706));
#507=CARTESIAN_POINT('Ctrl Pts',(-80.260606436843,-1.00000000000001,15.2209499951681));
#508=CARTESIAN_POINT('Ctrl Pts',(-80.1785659082437,-1.00000000000001,15.4759871878773));
#509=CARTESIAN_POINT('Ctrl Pts',(-80.076996567142,-1.00000000000001,15.7880018504219));
#510=CARTESIAN_POINT('Ctrl Pts',(-80.0136041328221,-0.999999999999999,15.9827394168185));
#511=CARTESIAN_POINT('Ctrl Pts',(-79.9502116985021,-1.,16.177476983215));
#512=CARTESIAN_POINT('Ctrl Pts',(-102.197976939564,-0.999999999999984,22.5475638024344));
#513=CARTESIAN_POINT('Ctrl Pts',(-102.253915178367,-0.999999999999984,22.4977685279493));
#514=CARTESIAN_POINT('Ctrl Pts',(-102.309853417169,-0.999999999999984,22.4479732534641));
#515=CARTESIAN_POINT('Ctrl Pts',(-102.458003916727,-0.999999999999996,22.3160921834026));
#516=CARTESIAN_POINT('Ctrl Pts',(-102.571097956813,-0.999999999999997,22.2172962088996));
#517=CARTESIAN_POINT('Ctrl Pts',(-102.950871802905,-0.999999999999997,21.8925705875352));
#518=CARTESIAN_POINT('Ctrl Pts',(-103.424450075468,-0.999999999999998,21.5089533468908));
#519=CARTESIAN_POINT('Ctrl Pts',(-104.063905186186,-0.999999999999999,20.9985737327153));
#520=CARTESIAN_POINT('Ctrl Pts',(-104.832098413496,-1.,20.3603360748743));
#521=CARTESIAN_POINT('Ctrl Pts',(-105.730633249115,-1.,19.4896162643153));
#522=CARTESIAN_POINT('Ctrl Pts',(-106.910923938613,-0.999999999999996,17.9106939080571));
#523=CARTESIAN_POINT('Ctrl Pts',(-108.012908080068,-0.999999999999998,15.6831913308962));
#524=CARTESIAN_POINT('Ctrl Pts',(-109.143747975186,-0.999999999999999,12.9666002042057));
#525=CARTESIAN_POINT('Ctrl Pts',(-110.345414988154,-1.,10.285967867443));
#526=CARTESIAN_POINT('Ctrl Pts',(-111.503111827233,-0.999999999999998,7.54812759141627));
#527=CARTESIAN_POINT('Ctrl Pts',(-112.30598118675,-1.,4.69912705713281));
#528=CARTESIAN_POINT('Ctrl Pts',(-113.144643618506,-1.,1.53443058093445));
#529=CARTESIAN_POINT('Ctrl Pts',(-114.164026012684,-0.999999999999995,-1.60212347101697));
#530=CARTESIAN_POINT('Ctrl Pts',(-115.045116051249,-1.,-4.09446495667722));
#531=CARTESIAN_POINT('Ctrl Pts',(-115.675050839211,-1.,-5.9732103612014));
#532=CARTESIAN_POINT('Ctrl Pts',(-116.059548360334,-1.,-7.22636808083205));
#533=CARTESIAN_POINT('Ctrl Pts',(-116.301727535569,-1.,-8.35823169268415));
#534=CARTESIAN_POINT('Ctrl Pts',(-116.371019814567,-1.,-9.0129852740974));
#535=CARTESIAN_POINT('Ctrl Pts',(-116.365118758214,-1.,-9.43606850512435));
#536=CARTESIAN_POINT('Ctrl Pts',(-116.304906091541,-1.,-9.71945095964507));
#537=CARTESIAN_POINT('Ctrl Pts',(-116.235844872356,-1.,-9.89138382534867));
#538=CARTESIAN_POINT('Ctrl Pts',(-116.15579413196,-1.,-10.0250459334928));
#539=CARTESIAN_POINT('Ctrl Pts',(-116.014787943733,-1.,-10.1490184258911));
#540=CARTESIAN_POINT('Ctrl Pts',(-115.84239682708,-1.,-10.2217700179016));
#541=CARTESIAN_POINT('Ctrl Pts',(-115.659342649257,-1.,-10.2534090967482));
#542=CARTESIAN_POINT('Ctrl Pts',(-115.473938682562,-1.,-10.2575484022574));
#543=CARTESIAN_POINT('Ctrl Pts',(-115.103989931048,-1.,-10.2252741167487));
#544=CARTESIAN_POINT('Ctrl Pts',(-114.566950089676,-1.,-10.0815622048135));
#545=CARTESIAN_POINT('Ctrl Pts',(-113.645602928115,-1.,-9.71548522752449));
#546=CARTESIAN_POINT('Ctrl Pts',(-112.536420085715,-1.,-9.14611388442337));
#547=CARTESIAN_POINT('Ctrl Pts',(-110.634951925284,-1.,-8.03905591386614));
#548=CARTESIAN_POINT('Ctrl Pts',(-108.554809569386,-1.,-6.68902715957301));
#549=CARTESIAN_POINT('Ctrl Pts',(-106.439189865815,-1.,-5.37983021561405));
#550=CARTESIAN_POINT('Ctrl Pts',(-104.916947184074,-0.999999999999999,-4.55537241133898));
#551=CARTESIAN_POINT('Ctrl Pts',(-103.564664651434,-1.,-3.95526943147728));
#552=CARTESIAN_POINT('Ctrl Pts',(-102.179728268174,-0.999999999999999,-3.44739898459379));
#553=CARTESIAN_POINT('Ctrl Pts',(-99.4009609823294,-1.,-2.4947145547144));
#554=CARTESIAN_POINT('Ctrl Pts',(-96.1388302993403,-1.,-1.36028042083378));
#555=CARTESIAN_POINT('Ctrl Pts',(-92.4713931907451,-0.999999999999999,0.0616433611413662));
#556=CARTESIAN_POINT('Ctrl Pts',(-89.8315933954094,-0.999999999999998,1.35560972151461));
#557=CARTESIAN_POINT('Ctrl Pts',(-87.3993625922227,-1.,3.03452225645337));
#558=CARTESIAN_POINT('Ctrl Pts',(-85.5132405552401,-0.999999999999996,4.63903973225692));
#559=CARTESIAN_POINT('Ctrl Pts',(-84.1709034204359,-0.999999999999997,6.08255369994697));
#560=CARTESIAN_POINT('Ctrl Pts',(-83.3107723537133,-0.999999999999997,7.29708793051843));
#561=CARTESIAN_POINT('Ctrl Pts',(-82.6145991860908,-0.999999999999999,8.62632605625546));
#562=CARTESIAN_POINT('Ctrl Pts',(-82.0651848658233,-1.,9.9390798278782));
#563=CARTESIAN_POINT('Ctrl Pts',(-81.6635722019667,-1.,11.0420927250934));
#564=CARTESIAN_POINT('Ctrl Pts',(-81.3842314580705,-1.,11.8658638544959));
#565=CARTESIAN_POINT('Ctrl Pts',(-81.2441957523563,-1.00000000000001,12.2908082160124));
#566=CARTESIAN_POINT('Ctrl Pts',(-81.1740901999245,-1.00000000000001,12.5061109207301));
#567=CARTESIAN_POINT('Ctrl Pts',(-81.1390506521163,-1.00000000000001,12.6143215273665));
#568=CARTESIAN_POINT('Ctrl Pts',(-81.1190261744007,-1.00000000000001,12.6763252407771));
#569=CARTESIAN_POINT('Ctrl Pts',(-80.9490104752259,-1.00000000000001,13.2036312249731));
#570=CARTESIAN_POINT('Ctrl Pts',(-80.7020135093118,-1.,13.9916106748421));
#571=CARTESIAN_POINT('Ctrl Pts',(-80.4632975924705,-1.,14.7541766712198));
#572=CARTESIAN_POINT('Ctrl Pts',(-80.3104953564941,-1.00000000000001,15.2368455640263));
#573=CARTESIAN_POINT('Ctrl Pts',(-80.2283915810247,-1.00000000000001,15.4920798897867));
#574=CARTESIAN_POINT('Ctrl Pts',(-80.1267848686398,-1.00000000000001,15.8042093120381));
#575=CARTESIAN_POINT('Ctrl Pts',(-80.0633924343199,-1.00000000000001,15.9989468784347));
#576=CARTESIAN_POINT('Ctrl Pts',(-80.,-1.00000000000001,16.1936844448312));
#577=CARTESIAN_POINT('',(-102.498772390481,-0.8,22.5475638024336));
#578=CARTESIAN_POINT('',(-79.999999999963,-0.8,15.547563802493));
#579=CARTESIAN_POINT('Ctrl Pts',(-102.498772394069,-0.8,22.5475638064637));
#580=CARTESIAN_POINT('Ctrl Pts',(-102.59028635518,-0.8,22.4661034060301));
#581=CARTESIAN_POINT('Ctrl Pts',(-102.702148363277,-0.8,22.3683858925962));
#582=CARTESIAN_POINT('Ctrl Pts',(-103.078335134524,-0.8,22.0467245719831));
#583=CARTESIAN_POINT('Ctrl Pts',(-103.548865439837,-0.8,21.6655460527098));
#584=CARTESIAN_POINT('Ctrl Pts',(-104.189542038582,-0.8,21.1541912843274));
#585=CARTESIAN_POINT('Ctrl Pts',(-104.964895440398,-0.8,20.5101150546568));
#586=CARTESIAN_POINT('Ctrl Pts',(-105.881411120906,-0.8,19.6224984488989));
#587=CARTESIAN_POINT('Ctrl Pts',(-107.085414313814,-0.8,18.0107022094495));
#588=CARTESIAN_POINT('Ctrl Pts',(-108.196708610952,-0.8,15.7620393130156));
#589=CARTESIAN_POINT('Ctrl Pts',(-109.327977799441,-0.8,13.0444159740614));
#590=CARTESIAN_POINT('Ctrl Pts',(-110.526850086565,-0.800000000000001,10.3703932241061));
#591=CARTESIAN_POINT('Ctrl Pts',(-111.692161016919,-0.8,7.61464927152105));
#592=CARTESIAN_POINT('Ctrl Pts',(-112.50041817084,-0.8,4.74653376062297));
#593=CARTESIAN_POINT('Ctrl Pts',(-113.33608032471,-0.8,1.59250687311194));
#594=CARTESIAN_POINT('Ctrl Pts',(-114.353358087736,-0.8,-1.53764895833658));
#595=CARTESIAN_POINT('Ctrl Pts',(-115.233737704539,-0.8,-4.02792657993579));
#596=CARTESIAN_POINT('Ctrl Pts',(-115.865492636641,-0.8,-5.91200495404554));
#597=CARTESIAN_POINT('Ctrl Pts',(-116.25228413496,-0.8,-7.17231783044382));
#598=CARTESIAN_POINT('Ctrl Pts',(-116.498994943571,-0.800000000000001,-8.32296588082347));
#599=CARTESIAN_POINT('Ctrl Pts',(-116.571056003536,-0.800000000000001,-9.00162619117592));
#600=CARTESIAN_POINT('Ctrl Pts',(-116.565486271997,-0.800000000000002,-9.45176055444466));
#601=CARTESIAN_POINT('Ctrl Pts',(-116.498555122651,-0.800000000000002,-9.77337411433381));
#602=CARTESIAN_POINT('Ctrl Pts',(-116.415311413461,-0.800000000000002,-9.98079502287197));
#603=CARTESIAN_POINT('Ctrl Pts',(-116.31394823639,-0.800000000000002,-10.1530008928362));
#604=CARTESIAN_POINT('Ctrl Pts',(-116.121016716298,-0.800000000000002,-10.3229112856183));
#605=CARTESIAN_POINT('Ctrl Pts',(-115.896040649571,-0.800000000000002,-10.4162288240963));
#606=CARTESIAN_POINT('Ctrl Pts',(-115.677264062766,-0.800000000000001,-10.4532621819081));
#607=CARTESIAN_POINT('Ctrl Pts',(-115.466618278407,-0.800000000000001,-10.4577675842361));
#608=CARTESIAN_POINT('Ctrl Pts',(-115.061807559314,-0.800000000000001,-10.4219980752497));
#609=CARTESIAN_POINT('Ctrl Pts',(-114.501602526855,-0.800000000000001,-10.271018339189));
#610=CARTESIAN_POINT('Ctrl Pts',(-113.559366867807,-0.8,-9.89663948506213));
#611=CARTESIAN_POINT('Ctrl Pts',(-112.439407793396,-0.8,-9.32105540982784));
#612=CARTESIAN_POINT('Ctrl Pts',(-110.528076344595,-0.8,-8.20837897434685));
#613=CARTESIAN_POINT('Ctrl Pts',(-108.446048303954,-0.8,-6.85676043595393));
#614=CARTESIAN_POINT('Ctrl Pts',(-106.336959181145,-0.8,-5.55186588942033));
#615=CARTESIAN_POINT('Ctrl Pts',(-104.827945992792,-0.8,-4.73472696273349));
#616=CARTESIAN_POINT('Ctrl Pts',(-103.490970513464,-0.8,-4.14137873151892));
#617=CARTESIAN_POINT('Ctrl Pts',(-102.114079449291,-0.8,-3.63630908383367));
#618=CARTESIAN_POINT('Ctrl Pts',(-99.3364649873299,-0.8,-2.68406432329677));
#619=CARTESIAN_POINT('Ctrl Pts',(-96.0709819196484,-0.8,-1.54838190671779));
#620=CARTESIAN_POINT('Ctrl Pts',(-92.394650057038,-0.8,-0.123299253503325));
#621=CARTESIAN_POINT('Ctrl Pts',(-89.7297431266951,-0.8,1.18247820394759));
#622=CARTESIAN_POINT('Ctrl Pts',(-87.2761537311761,-0.8,2.87674575204103));
#623=CARTESIAN_POINT('Ctrl Pts',(-85.3781209752422,-0.8,4.49097607571296));
#624=CARTESIAN_POINT('Ctrl Pts',(-84.0160624089142,-0.8,5.95497562439458));
#625=CARTESIAN_POINT('Ctrl Pts',(-83.1389348822493,-0.8,7.19342408631107));
#626=CARTESIAN_POINT('Ctrl Pts',(-82.4327774179174,-0.800000000000001,8.54255439385621));
#627=CARTESIAN_POINT('Ctrl Pts',(-81.8785553561326,-0.800000000000001,9.86695836566627));
#628=CARTESIAN_POINT('Ctrl Pts',(-81.4748653531125,-0.800000000000004,10.9758024554897));
#629=CARTESIAN_POINT('Ctrl Pts',(-81.1945526595077,-0.800000000000005,11.8024353803567));
#630=CARTESIAN_POINT('Ctrl Pts',(-81.0541402445495,-0.800000000000006,12.2285264894766));
#631=CARTESIAN_POINT('Ctrl Pts',(-80.9838707436012,-0.800000000000006,12.4443323024277));
#632=CARTESIAN_POINT('Ctrl Pts',(-80.9487555625193,-0.800000000000006,12.5527766045457));
#633=CARTESIAN_POINT('Ctrl Pts',(-80.9286896272098,-0.800000000000006,12.6149086587242));
#634=CARTESIAN_POINT('Ctrl Pts',(-80.7583312023494,-0.800000000000006,13.1432780214589));
#635=CARTESIAN_POINT('Ctrl Pts',(-80.5110814079941,-0.800000000000001,13.9320728747743));
#636=CARTESIAN_POINT('Ctrl Pts',(-80.2724872193673,-0.800000000000001,14.6942469079644));
#637=CARTESIAN_POINT('Ctrl Pts',(-80.1199650403704,-0.8,15.1760300817696));
#638=CARTESIAN_POINT('Ctrl Pts',(-80.0381352277995,-0.8,15.4304124455044));
#639=CARTESIAN_POINT('Ctrl Pts',(-79.9999999991603,-0.8,15.5475638022317));
#640=CARTESIAN_POINT('',(-80.,-1.,16.1936844448312));
#641=CARTESIAN_POINT('Ctrl Pts',(-80.,-0.8,15.5475638023795));
#642=CARTESIAN_POINT('Ctrl Pts',(-80.,-0.808292730026953,15.5475638023795));
#643=CARTESIAN_POINT('Ctrl Pts',(-80.,-0.816325452965883,15.549229551379));
#644=CARTESIAN_POINT('Ctrl Pts',(-80.,-0.833890688275671,15.5561030981896));
#645=CARTESIAN_POINT('Ctrl Pts',(-80.,-0.842886700168056,15.5620204920197));
#646=CARTESIAN_POINT('Ctrl Pts',(-80.,-0.865125210279279,15.5809425211787));
#647=CARTESIAN_POINT('Ctrl Pts',(-80.,-0.877301593797223,15.5966897883783));
#648=CARTESIAN_POINT('Ctrl Pts',(-80.,-0.913287704105319,15.6531147664395));
#649=CARTESIAN_POINT('Ctrl Pts',(-80.,-0.931245894598695,15.7036732162131));
#650=CARTESIAN_POINT('Ctrl Pts',(-80.,-0.979125004080756,15.8595524475392));
#651=CARTESIAN_POINT('Ctrl Pts',(-80.,-1.,16.0232440301705));
#652=CARTESIAN_POINT('Ctrl Pts',(-80.,-1.00000000000001,16.1936844448311));
#653=CARTESIAN_POINT('',(-102.197976939564,-1.,22.5475638024344));
#654=CARTESIAN_POINT('Ctrl Pts',(-80.,-1.00000000000001,16.1936844448312));
#655=CARTESIAN_POINT('Ctrl Pts',(-80.0633924343199,-1.00000000000001,15.9989468784347));
#656=CARTESIAN_POINT('Ctrl Pts',(-80.1267848686398,-1.00000000000001,15.8042093120381));
#657=CARTESIAN_POINT('Ctrl Pts',(-80.2283915810247,-1.00000000000001,15.4920798897867));
#658=CARTESIAN_POINT('Ctrl Pts',(-80.3104953564941,-1.00000000000001,15.2368455640263));
#659=CARTESIAN_POINT('Ctrl Pts',(-80.4632975924705,-1.,14.7541766712198));
#660=CARTESIAN_POINT('Ctrl Pts',(-80.7020135093118,-1.,13.9916106748421));
#661=CARTESIAN_POINT('Ctrl Pts',(-80.9490104752259,-1.00000000000001,13.2036312249731));
#662=CARTESIAN_POINT('Ctrl Pts',(-81.1190261744007,-1.00000000000001,12.6763252407771));
#663=CARTESIAN_POINT('Ctrl Pts',(-81.1390506521163,-1.00000000000001,12.6143215273665));
#664=CARTESIAN_POINT('Ctrl Pts',(-81.1740901999245,-1.00000000000001,12.5061109207301));
#665=CARTESIAN_POINT('Ctrl Pts',(-81.2441957523563,-1.00000000000001,12.2908082160124));
#666=CARTESIAN_POINT('Ctrl Pts',(-81.3842314580705,-1.,11.8658638544959));
#667=CARTESIAN_POINT('Ctrl Pts',(-81.6635722019667,-1.,11.0420927250934));
#668=CARTESIAN_POINT('Ctrl Pts',(-82.0651848658233,-1.,9.9390798278782));
#669=CARTESIAN_POINT('Ctrl Pts',(-82.6145991860908,-0.999999999999999,8.62632605625546));
#670=CARTESIAN_POINT('Ctrl Pts',(-83.3107723537133,-0.999999999999997,7.29708793051843));
#671=CARTESIAN_POINT('Ctrl Pts',(-84.1709034204359,-0.999999999999997,6.08255369994697));
#672=CARTESIAN_POINT('Ctrl Pts',(-85.5132405552401,-0.999999999999996,4.63903973225692));
#673=CARTESIAN_POINT('Ctrl Pts',(-87.3993625922227,-1.,3.03452225645337));
#674=CARTESIAN_POINT('Ctrl Pts',(-89.8315933954094,-0.999999999999998,1.35560972151461));
#675=CARTESIAN_POINT('Ctrl Pts',(-92.4713931907451,-0.999999999999999,0.0616433611413662));
#676=CARTESIAN_POINT('Ctrl Pts',(-96.1388302993403,-1.,-1.36028042083378));
#677=CARTESIAN_POINT('Ctrl Pts',(-99.4009609823294,-1.,-2.4947145547144));
#678=CARTESIAN_POINT('Ctrl Pts',(-102.179728268174,-0.999999999999999,-3.44739898459379));
#679=CARTESIAN_POINT('Ctrl Pts',(-103.564664651434,-1.,-3.95526943147728));
#680=CARTESIAN_POINT('Ctrl Pts',(-104.916947184074,-0.999999999999999,-4.55537241133898));
#681=CARTESIAN_POINT('Ctrl Pts',(-106.439189865815,-1.,-5.37983021561405));
#682=CARTESIAN_POINT('Ctrl Pts',(-108.554809569386,-1.,-6.68902715957301));
#683=CARTESIAN_POINT('Ctrl Pts',(-110.634951925284,-1.,-8.03905591386614));
#684=CARTESIAN_POINT('Ctrl Pts',(-112.536420085715,-1.,-9.14611388442337));
#685=CARTESIAN_POINT('Ctrl Pts',(-113.645602928115,-1.,-9.71548522752449));
#686=CARTESIAN_POINT('Ctrl Pts',(-114.566950089676,-1.,-10.0815622048135));
#687=CARTESIAN_POINT('Ctrl Pts',(-115.103989931048,-1.,-10.2252741167487));
#688=CARTESIAN_POINT('Ctrl Pts',(-115.473938682562,-1.,-10.2575484022574));
#689=CARTESIAN_POINT('Ctrl Pts',(-115.659342649257,-1.,-10.2534090967482));
#690=CARTESIAN_POINT('Ctrl Pts',(-115.84239682708,-1.,-10.2217700179016));
#691=CARTESIAN_POINT('Ctrl Pts',(-116.014787943733,-1.,-10.1490184258911));
#692=CARTESIAN_POINT('Ctrl Pts',(-116.15579413196,-1.,-10.0250459334928));
#693=CARTESIAN_POINT('Ctrl Pts',(-116.235844872356,-1.,-9.89138382534867));
#694=CARTESIAN_POINT('Ctrl Pts',(-116.304906091541,-1.,-9.71945095964507));
#695=CARTESIAN_POINT('Ctrl Pts',(-116.365118758214,-1.,-9.43606850512435));
#696=CARTESIAN_POINT('Ctrl Pts',(-116.371019814567,-1.,-9.0129852740974));
#697=CARTESIAN_POINT('Ctrl Pts',(-116.301727535569,-1.,-8.35823169268415));
#698=CARTESIAN_POINT('Ctrl Pts',(-116.059548360334,-1.,-7.22636808083205));
#699=CARTESIAN_POINT('Ctrl Pts',(-115.675050839211,-1.,-5.9732103612014));
#700=CARTESIAN_POINT('Ctrl Pts',(-115.045116051249,-1.,-4.09446495667722));
#701=CARTESIAN_POINT('Ctrl Pts',(-114.164026012684,-0.999999999999995,-1.60212347101697));
#702=CARTESIAN_POINT('Ctrl Pts',(-113.144643618506,-1.,1.53443058093445));
#703=CARTESIAN_POINT('Ctrl Pts',(-112.30598118675,-1.,4.69912705713281));
#704=CARTESIAN_POINT('Ctrl Pts',(-111.503111827233,-0.999999999999998,7.54812759141627));
#705=CARTESIAN_POINT('Ctrl Pts',(-110.345414988154,-1.,10.285967867443));
#706=CARTESIAN_POINT('Ctrl Pts',(-109.143747975186,-0.999999999999999,12.9666002042057));
#707=CARTESIAN_POINT('Ctrl Pts',(-108.012908080068,-0.999999999999998,15.6831913308962));
#708=CARTESIAN_POINT('Ctrl Pts',(-106.910923938613,-0.999999999999996,17.9106939080571));
#709=CARTESIAN_POINT('Ctrl Pts',(-105.730633249115,-1.,19.4896162643153));
#710=CARTESIAN_POINT('Ctrl Pts',(-104.832098413496,-1.,20.3603360748743));
#711=CARTESIAN_POINT('Ctrl Pts',(-104.063905186186,-0.999999999999999,20.9985737327153));
#712=CARTESIAN_POINT('Ctrl Pts',(-103.424450075468,-0.999999999999998,21.5089533468908));
#713=CARTESIAN_POINT('Ctrl Pts',(-102.950871802905,-0.999999999999997,21.8925705875352));
#714=CARTESIAN_POINT('Ctrl Pts',(-102.571097956813,-0.999999999999997,22.2172962088996));
#715=CARTESIAN_POINT('Ctrl Pts',(-102.458003916727,-0.999999999999996,22.3160921834026));
#716=CARTESIAN_POINT('Ctrl Pts',(-102.309853417169,-0.999999999999984,22.4479732534641));
#717=CARTESIAN_POINT('Ctrl Pts',(-102.253915178367,-0.999999999999984,22.4977685279493));
#718=CARTESIAN_POINT('Ctrl Pts',(-102.197976939564,-0.999999999999984,22.5475638024344));
#719=CARTESIAN_POINT('Ctrl Pts',(-102.197976939564,-0.999999999999984,22.5475638024344));
#720=CARTESIAN_POINT('Ctrl Pts',(-102.198707962639,-0.999999999999984,22.5475638024344));
#721=CARTESIAN_POINT('Ctrl Pts',(-102.199438988704,-0.999998228093095,22.5475638024338));
#722=CARTESIAN_POINT('Ctrl Pts',(-102.233751159139,-0.999831887428344,22.5475638024404));
#723=CARTESIAN_POINT('Ctrl Pts',(-102.267614685414,-0.995928298343061,22.5475638024342));
#724=CARTESIAN_POINT('Ctrl Pts',(-102.330872594341,-0.980724376874209,22.547563802434));
#725=CARTESIAN_POINT('Ctrl Pts',(-102.361021429242,-0.969735619855988,22.5475638024339));
#726=CARTESIAN_POINT('Ctrl Pts',(-102.413648153689,-0.941064718621127,22.5475638024338));
#727=CARTESIAN_POINT('Ctrl Pts',(-102.43709277189,-0.923803048396103,22.5475638024776));
#728=CARTESIAN_POINT('Ctrl Pts',(-102.469803011826,-0.887460002551015,22.5475638024724));
#729=CARTESIAN_POINT('Ctrl Pts',(-102.481172229796,-0.870219667864411,22.5475638024345));
#730=CARTESIAN_POINT('Ctrl Pts',(-102.495272326456,-0.834824368631034,22.5475638024345));
#731=CARTESIAN_POINT('Ctrl Pts',(-102.498772390481,-0.817623463148762,22.5475638024336));
#732=CARTESIAN_POINT('Ctrl Pts',(-102.498772390481,-0.8,22.5475638024336));
#733=CARTESIAN_POINT('Ctrl Pts',(-79.8098226970032,-0.8,28.9633511031896));
#734=CARTESIAN_POINT('Ctrl Pts',(-79.8732151313355,-0.8,29.1580886696241));
#735=CARTESIAN_POINT('Ctrl Pts',(-79.9366075656677,-0.8,29.3528262360586));
#736=CARTESIAN_POINT('Ctrl Pts',(-80.0380715612676,-0.8,29.6645172413332));
#737=CARTESIAN_POINT('Ctrl Pts',(-80.1199322473776,-0.800000000000005,29.9189932390351));
#738=CARTESIAN_POINT('Ctrl Pts',(-80.2724851979112,-0.800000000000025,30.4008709789306));
#739=CARTESIAN_POINT('Ctrl Pts',(-80.511065187631,-0.800000000000017,31.1629971032092));
#740=CARTESIAN_POINT('Ctrl Pts',(-80.7558115034213,-0.800000000000151,31.9437938400731));
#741=CARTESIAN_POINT('Ctrl Pts',(-80.9211649252124,-0.800000000000164,32.4568579016518));
#742=CARTESIAN_POINT('Ctrl Pts',(-80.9311951033412,-0.800000000000164,32.4879551658172));
#743=CARTESIAN_POINT('Ctrl Pts',(-80.9487472416713,-0.800000000000163,32.5423023084514));
#744=CARTESIAN_POINT('Ctrl Pts',(-80.983868360589,-0.800000000000161,32.6507652490162));
#745=CARTESIAN_POINT('Ctrl Pts',(-81.0541253482054,-0.800000000000152,32.8665317245916));
#746=CARTESIAN_POINT('Ctrl Pts',(-81.1945885830229,-0.800000000000131,33.2927618519567));
#747=CARTESIAN_POINT('Ctrl Pts',(-81.3946087858488,-0.800000000000087,33.8825951148786));
#748=CARTESIAN_POINT('Ctrl Pts',(-81.6365797767766,-0.800000000000063,34.563328753524));
#749=CARTESIAN_POINT('Ctrl Pts',(-81.9706909970941,-0.800000000000045,35.4481741744408));
#750=CARTESIAN_POINT('Ctrl Pts',(-82.4330366441524,-0.800000000000011,36.5535834516225));
#751=CARTESIAN_POINT('Ctrl Pts',(-83.1386810133304,-0.800000000000007,37.9016598483929));
#752=CARTESIAN_POINT('Ctrl Pts',(-84.0163371982934,-0.8,39.140359574304));
#753=CARTESIAN_POINT('Ctrl Pts',(-85.377341763832,-0.800000000000002,40.6040147200358));
#754=CARTESIAN_POINT('Ctrl Pts',(-86.8981253142063,-0.799999999999999,41.8962295933827));
#755=CARTESIAN_POINT('Ctrl Pts',(-88.5006053560169,-0.8,43.0649964043971));
#756=CARTESIAN_POINT('Ctrl Pts',(-91.0160185279301,-0.799999999999999,44.6639375542107));
#757=CARTESIAN_POINT('Ctrl Pts',(-95.1416126267942,-0.800000000000001,46.3223799511729));
#758=CARTESIAN_POINT('Ctrl Pts',(-99.3358601990801,-0.799999999999999,47.7775041249178));
#759=CARTESIAN_POINT('Ctrl Pts',(-102.113993256676,-0.800000000000001,48.7324720813466));
#760=CARTESIAN_POINT('Ctrl Pts',(-103.951092294721,-0.8,49.40089483164));
#761=CARTESIAN_POINT('Ctrl Pts',(-105.482910616101,-0.8,50.1590220293761));
#762=CARTESIAN_POINT('Ctrl Pts',(-106.968462860206,-0.8,51.0395532436438));
#763=CARTESIAN_POINT('Ctrl Pts',(-108.655502693544,-0.8,52.0859483783759));
#764=CARTESIAN_POINT('Ctrl Pts',(-110.527281337965,-0.8,53.303747969433));
#765=CARTESIAN_POINT('Ctrl Pts',(-112.439658585079,-0.8,54.416201532602));
#766=CARTESIAN_POINT('Ctrl Pts',(-113.559275948137,-0.799999999999998,54.9918534014779));
#767=CARTESIAN_POINT('Ctrl Pts',(-114.50163554129,-0.799999999999998,55.366213238909));
#768=CARTESIAN_POINT('Ctrl Pts',(-115.061793072731,-0.799999999999997,55.5171468536807));
#769=CARTESIAN_POINT('Ctrl Pts',(-115.466609200749,-0.799999999999996,55.5528835453621));
#770=CARTESIAN_POINT('Ctrl Pts',(-115.677250946196,-0.799999999999996,55.5483810340466));
#771=CARTESIAN_POINT('Ctrl Pts',(-115.896025572794,-0.799999999999996,55.5113412394675));
#772=CARTESIAN_POINT('Ctrl Pts',(-116.120999496992,-0.799999999999996,55.4180243166617));
#773=CARTESIAN_POINT('Ctrl Pts',(-116.31392893516,-0.799999999999996,55.2481121135119));
#774=CARTESIAN_POINT('Ctrl Pts',(-116.415290190506,-0.799999999999996,55.0759055489448));
#775=CARTESIAN_POINT('Ctrl Pts',(-116.498532652971,-0.799999999999996,54.8684880162115));
#776=CARTESIAN_POINT('Ctrl Pts',(-116.565449321671,-0.799999999999996,54.5468572595722));
#777=CARTESIAN_POINT('Ctrl Pts',(-116.571039514539,-0.799999999999997,54.0968374578695));
#778=CARTESIAN_POINT('Ctrl Pts',(-116.498794939103,-0.799999999999997,53.4179563261725));
#779=CARTESIAN_POINT('Ctrl Pts',(-116.252686709071,-0.799999999999999,52.268874431864));
#780=CARTESIAN_POINT('Ctrl Pts',(-115.571894623657,-0.8,50.0586825475499));
#781=CARTESIAN_POINT('Ctrl Pts',(-114.451563296896,-0.8,46.9436208231231));
#782=CARTESIAN_POINT('Ctrl Pts',(-113.339829030739,-0.8,43.5046325562226));
#783=CARTESIAN_POINT('Ctrl Pts',(-112.498594170763,-0.8,40.3472614924975));
#784=CARTESIAN_POINT('Ctrl Pts',(-111.692632662207,-0.800000000000001,37.4816644248739));
#785=CARTESIAN_POINT('Ctrl Pts',(-110.527369227286,-0.8,34.7230242705833));
#786=CARTESIAN_POINT('Ctrl Pts',(-109.326958354733,-0.800000000000001,32.0520573556957));
#787=CARTESIAN_POINT('Ctrl Pts',(-108.197831756859,-0.799999999999999,29.3333233796541));
#788=CARTESIAN_POINT('Ctrl Pts',(-107.084759522346,-0.8,27.0836973726842));
#789=CARTESIAN_POINT('Ctrl Pts',(-105.881509028415,-0.8,25.4727295481961));
#790=CARTESIAN_POINT('Ctrl Pts',(-104.964809101268,-0.8,24.5849253509012));
#791=CARTESIAN_POINT('Ctrl Pts',(-104.189533309215,-0.800000000000001,23.9409250399138));
#792=CARTESIAN_POINT('Ctrl Pts',(-103.548832272523,-0.8,23.4295479169799));
#793=CARTESIAN_POINT('Ctrl Pts',(-103.0783271885,-0.8,23.0483947233697));
#794=CARTESIAN_POINT('Ctrl Pts',(-102.702022897351,-0.8,22.7266331956162));
#795=CARTESIAN_POINT('Ctrl Pts',(-102.590058435278,-0.8,22.6288250962212));
#796=CARTESIAN_POINT('Ctrl Pts',(-102.442834151679,-0.8,22.4977685279487));
#797=CARTESIAN_POINT('Ctrl Pts',(-102.386895912876,-0.8,22.4479732534638));
#798=CARTESIAN_POINT('Ctrl Pts',(-102.330957674073,-0.8,22.398177978979));
#799=CARTESIAN_POINT('Ctrl Pts',(-79.8098226970032,-0.852359877559831,28.9633511031896));
#800=CARTESIAN_POINT('Ctrl Pts',(-79.8732151313355,-0.852359877559831,29.1580886696241));
#801=CARTESIAN_POINT('Ctrl Pts',(-79.9366075656677,-0.85235987755983,29.3528262360586));
#802=CARTESIAN_POINT('Ctrl Pts',(-80.0380715612676,-0.852359877559833,29.6645172413332));
#803=CARTESIAN_POINT('Ctrl Pts',(-80.1199322473776,-0.852359877559836,29.9189932390351));
#804=CARTESIAN_POINT('Ctrl Pts',(-80.2724851979112,-0.852359877559852,30.4008709789306));
#805=CARTESIAN_POINT('Ctrl Pts',(-80.511065187631,-0.852359877559852,31.1629971032092));
#806=CARTESIAN_POINT('Ctrl Pts',(-80.7558115034213,-0.852359877559976,31.9437938400731));
#807=CARTESIAN_POINT('Ctrl Pts',(-80.9211649252124,-0.852359877559996,32.4568579016518));
#808=CARTESIAN_POINT('Ctrl Pts',(-80.9311951033412,-0.852359877559994,32.4879551658172));
#809=CARTESIAN_POINT('Ctrl Pts',(-80.9487472416713,-0.852359877559993,32.5423023084514));
#810=CARTESIAN_POINT('Ctrl Pts',(-80.983868360589,-0.852359877559991,32.6507652490162));
#811=CARTESIAN_POINT('Ctrl Pts',(-81.0541253482054,-0.852359877559984,32.8665317245916));
#812=CARTESIAN_POINT('Ctrl Pts',(-81.1945885830229,-0.85235987755996,33.2927618519567));
#813=CARTESIAN_POINT('Ctrl Pts',(-81.3946087858488,-0.852359877559917,33.8825951148786));
#814=CARTESIAN_POINT('Ctrl Pts',(-81.6365797767766,-0.852359877559892,34.563328753524));
#815=CARTESIAN_POINT('Ctrl Pts',(-81.9706909970941,-0.852359877559876,35.4481741744408));
#816=CARTESIAN_POINT('Ctrl Pts',(-82.4330366441524,-0.852359877559838,36.5535834516225));
#817=CARTESIAN_POINT('Ctrl Pts',(-83.1386810133304,-0.85235987755984,37.9016598483929));
#818=CARTESIAN_POINT('Ctrl Pts',(-84.0163371982934,-0.85235987755983,39.140359574304));
#819=CARTESIAN_POINT('Ctrl Pts',(-85.377341763832,-0.852359877559831,40.6040147200358));
#820=CARTESIAN_POINT('Ctrl Pts',(-86.8981253142063,-0.852359877559831,41.8962295933827));
#821=CARTESIAN_POINT('Ctrl Pts',(-88.5006053560169,-0.85235987755983,43.0649964043971));
#822=CARTESIAN_POINT('Ctrl Pts',(-91.0160185279301,-0.852359877559829,44.6639375542107));
#823=CARTESIAN_POINT('Ctrl Pts',(-95.1416126267942,-0.852359877559832,46.3223799511729));
#824=CARTESIAN_POINT('Ctrl Pts',(-99.3358601990801,-0.852359877559829,47.7775041249178));
#825=CARTESIAN_POINT('Ctrl Pts',(-102.113993256676,-0.852359877559831,48.7324720813466));
#826=CARTESIAN_POINT('Ctrl Pts',(-103.951092294721,-0.85235987755983,49.40089483164));
#827=CARTESIAN_POINT('Ctrl Pts',(-105.482910616101,-0.852359877559829,50.1590220293761));
#828=CARTESIAN_POINT('Ctrl Pts',(-106.968462860206,-0.852359877559831,51.0395532436438));
#829=CARTESIAN_POINT('Ctrl Pts',(-108.655502693544,-0.852359877559828,52.0859483783759));
#830=CARTESIAN_POINT('Ctrl Pts',(-110.527281337965,-0.85235987755983,53.303747969433));
#831=CARTESIAN_POINT('Ctrl Pts',(-112.439658585079,-0.852359877559829,54.416201532602));
#832=CARTESIAN_POINT('Ctrl Pts',(-113.559275948137,-0.852359877559828,54.9918534014779));
#833=CARTESIAN_POINT('Ctrl Pts',(-114.50163554129,-0.852359877559829,55.366213238909));
#834=CARTESIAN_POINT('Ctrl Pts',(-115.061793072731,-0.852359877559827,55.5171468536807));
#835=CARTESIAN_POINT('Ctrl Pts',(-115.466609200749,-0.852359877559827,55.5528835453621));
#836=CARTESIAN_POINT('Ctrl Pts',(-115.677250946196,-0.852359877559825,55.5483810340466));
#837=CARTESIAN_POINT('Ctrl Pts',(-115.896025572794,-0.852359877559827,55.5113412394675));
#838=CARTESIAN_POINT('Ctrl Pts',(-116.120999496992,-0.852359877559825,55.4180243166617));
#839=CARTESIAN_POINT('Ctrl Pts',(-116.31392893516,-0.852359877559828,55.2481121135119));
#840=CARTESIAN_POINT('Ctrl Pts',(-116.415290190506,-0.852359877559823,55.0759055489448));
#841=CARTESIAN_POINT('Ctrl Pts',(-116.498532652971,-0.852359877559826,54.8684880162115));
#842=CARTESIAN_POINT('Ctrl Pts',(-116.565449321671,-0.852359877559825,54.5468572595722));
#843=CARTESIAN_POINT('Ctrl Pts',(-116.571039514539,-0.852359877559827,54.0968374578695));
#844=CARTESIAN_POINT('Ctrl Pts',(-116.498794939103,-0.852359877559826,53.4179563261725));
#845=CARTESIAN_POINT('Ctrl Pts',(-116.252686709071,-0.852359877559828,52.268874431864));
#846=CARTESIAN_POINT('Ctrl Pts',(-115.571894623657,-0.852359877559831,50.0586825475499));
#847=CARTESIAN_POINT('Ctrl Pts',(-114.451563296896,-0.852359877559829,46.9436208231231));
#848=CARTESIAN_POINT('Ctrl Pts',(-113.339829030739,-0.85235987755983,43.5046325562226));
#849=CARTESIAN_POINT('Ctrl Pts',(-112.498594170763,-0.85235987755983,40.3472614924975));
#850=CARTESIAN_POINT('Ctrl Pts',(-111.692632662207,-0.852359877559832,37.4816644248739));
#851=CARTESIAN_POINT('Ctrl Pts',(-110.527369227286,-0.852359877559829,34.7230242705833));
#852=CARTESIAN_POINT('Ctrl Pts',(-109.326958354733,-0.852359877559832,32.0520573556957));
#853=CARTESIAN_POINT('Ctrl Pts',(-108.197831756859,-0.852359877559827,29.3333233796541));
#854=CARTESIAN_POINT('Ctrl Pts',(-107.084759522346,-0.852359877559831,27.0836973726842));
#855=CARTESIAN_POINT('Ctrl Pts',(-105.881509028415,-0.852359877559828,25.4727295481961));
#856=CARTESIAN_POINT('Ctrl Pts',(-104.964809101268,-0.852359877559832,24.5849253509012));
#857=CARTESIAN_POINT('Ctrl Pts',(-104.189533309215,-0.85235987755983,23.9409250399138));
#858=CARTESIAN_POINT('Ctrl Pts',(-103.548832272523,-0.85235987755983,23.4295479169799));
#859=CARTESIAN_POINT('Ctrl Pts',(-103.0783271885,-0.85235987755983,23.0483947233697));
#860=CARTESIAN_POINT('Ctrl Pts',(-102.702022897351,-0.852359877559832,22.7266331956162));
#861=CARTESIAN_POINT('Ctrl Pts',(-102.590058435278,-0.852359877559826,22.6288250962212));
#862=CARTESIAN_POINT('Ctrl Pts',(-102.442834151679,-0.852359877559829,22.4977685279487));
#863=CARTESIAN_POINT('Ctrl Pts',(-102.386895912876,-0.85235987755983,22.4479732534638));
#864=CARTESIAN_POINT('Ctrl Pts',(-102.330957674073,-0.852359877559829,22.398177978979));
#865=CARTESIAN_POINT('Ctrl Pts',(-79.8510354534445,-0.956658596171168,28.9499352173686));
#866=CARTESIAN_POINT('Ctrl Pts',(-79.9144278877768,-0.956658596171157,29.144672783803));
#867=CARTESIAN_POINT('Ctrl Pts',(-79.977820322109,-0.956658596171184,29.3394103502375));
#868=CARTESIAN_POINT('Ctrl Pts',(-80.0793152299072,-0.956658596171165,29.6511963578995));
#869=CARTESIAN_POINT('Ctrl Pts',(-80.1612275471692,-0.95665859617117,29.9058331685117));
#870=CARTESIAN_POINT('Ctrl Pts',(-80.3138351826754,-0.956658596171189,30.3878837359919));
#871=CARTESIAN_POINT('Ctrl Pts',(-80.5524422526939,-0.956658596171188,31.1500972172464));
#872=CARTESIAN_POINT('Ctrl Pts',(-80.7971328096332,-0.956658596171333,31.9307128104469));
#873=CARTESIAN_POINT('Ctrl Pts',(-80.962415732016,-0.956658596171354,32.443558907441));
#874=CARTESIAN_POINT('Ctrl Pts',(-80.9724415965558,-0.956658596171353,32.4746423834163));
#875=CARTESIAN_POINT('Ctrl Pts',(-80.9899855084893,-0.956658596171352,32.5289652405927));
#876=CARTESIAN_POINT('Ctrl Pts',(-81.0250910854485,-0.956658596171349,32.6373775608375));
#877=CARTESIAN_POINT('Ctrl Pts',(-81.0953108621413,-0.95665859617134,32.8530348746091));
#878=CARTESIAN_POINT('Ctrl Pts',(-81.2356958599036,-0.956658596171314,33.2790166777535));
#879=CARTESIAN_POINT('Ctrl Pts',(-81.4355603872123,-0.956658596171265,33.8684063178797));
#880=CARTESIAN_POINT('Ctrl Pts',(-81.6772992240054,-0.956658596171235,34.5484570920897));
#881=CARTESIAN_POINT('Ctrl Pts',(-82.0109527012697,-0.956658596171217,35.4321223597273));
#882=CARTESIAN_POINT('Ctrl Pts',(-82.4724556353541,-0.956658596171175,36.5354375034699));
#883=CARTESIAN_POINT('Ctrl Pts',(-83.1759214237007,-0.956658596171177,37.879197098361));
#884=CARTESIAN_POINT('Ctrl Pts',(-84.0499019791021,-0.956658596171165,39.1127222419904));
#885=CARTESIAN_POINT('Ctrl Pts',(-85.4065877309141,-0.956658596171167,40.5719006281807));
#886=CARTESIAN_POINT('Ctrl Pts',(-86.9252897346415,-0.956658596171167,41.86243573884));
#887=CARTESIAN_POINT('Ctrl Pts',(-88.5251186779604,-0.956658596171166,43.0291928292314));
#888=CARTESIAN_POINT('Ctrl Pts',(-91.0348342842566,-0.956658596171164,44.6246807946402));
#889=CARTESIAN_POINT('Ctrl Pts',(-95.1558957644305,-0.956658596171167,46.2814472684837));
#890=CARTESIAN_POINT('Ctrl Pts',(-99.3499532849701,-0.956658596171164,47.7365124946117));
#891=CARTESIAN_POINT('Ctrl Pts',(-102.128206503094,-0.956658596171166,48.6915302855618));
#892=CARTESIAN_POINT('Ctrl Pts',(-103.96774489552,-0.956658596171166,49.3607877135925));
#893=CARTESIAN_POINT('Ctrl Pts',(-105.503894305675,-0.956658596171164,50.1210284508838));
#894=CARTESIAN_POINT('Ctrl Pts',(-106.991013675306,-0.956658596171166,51.0025413555993));
#895=CARTESIAN_POINT('Ctrl Pts',(-108.679063559013,-0.956658596171163,52.049580316764));
#896=CARTESIAN_POINT('Ctrl Pts',(-110.550494652326,-0.956658596171165,53.2670494159227));
#897=CARTESIAN_POINT('Ctrl Pts',(-112.46067982762,-0.956658596171164,54.378281141312));
#898=CARTESIAN_POINT('Ctrl Pts',(-113.578061816637,-0.956658596171164,54.9525620036024));
#899=CARTESIAN_POINT('Ctrl Pts',(-114.515797157347,-0.956658596171164,55.3251244811921));
#900=CARTESIAN_POINT('Ctrl Pts',(-115.071010701021,-0.956658596171163,55.4744751845783));
#901=CARTESIAN_POINT('Ctrl Pts',(-115.468067937722,-0.95665859617116,55.5095150217217));
#902=CARTESIAN_POINT('Ctrl Pts',(-115.673318970834,-0.95665859617116,55.5050779065307));
#903=CARTESIAN_POINT('Ctrl Pts',(-115.88435249906,-0.956658596171162,55.4691815294455));
#904=CARTESIAN_POINT('Ctrl Pts',(-116.097964403026,-0.956658596171159,55.3803403338332));
#905=CARTESIAN_POINT('Ctrl Pts',(-116.279671346265,-0.956658596171163,55.2203738137575));
#906=CARTESIAN_POINT('Ctrl Pts',(-116.376417995958,-0.956658596171158,55.0565721844382));
#907=CARTESIAN_POINT('Ctrl Pts',(-116.456606952023,-0.95665859617116,54.856813285965));
#908=CARTESIAN_POINT('Ctrl Pts',(-116.522045975491,-0.956658596171162,54.5435265573038));
#909=CARTESIAN_POINT('Ctrl Pts',(-116.52770016758,-0.956658596171162,54.0993167670821));
#910=CARTESIAN_POINT('Ctrl Pts',(-116.456043692417,-0.956658596171162,53.4256226502879));
#911=CARTESIAN_POINT('Ctrl Pts',(-116.210915488216,-0.956658596171163,52.2805687223121));
#912=CARTESIAN_POINT('Ctrl Pts',(-115.531020443129,-0.956658596171166,50.0731436239727));
#913=CARTESIAN_POINT('Ctrl Pts',(-114.410641973128,-0.956658596171165,46.9579039451305));
#914=CARTESIAN_POINT('Ctrl Pts',(-113.298278579405,-0.956658596171166,43.5170387622103));
#915=CARTESIAN_POINT('Ctrl Pts',(-112.456510291799,-0.956658596171166,40.3576826591399));
#916=CARTESIAN_POINT('Ctrl Pts',(-111.651614679949,-0.956658596171168,37.4959397056916));
#917=CARTESIAN_POINT('Ctrl Pts',(-110.488113672074,-0.956658596171165,34.7414874819168));
#918=CARTESIAN_POINT('Ctrl Pts',(-109.286977115899,-0.956658596171168,32.0687862794272));
#919=CARTESIAN_POINT('Ctrl Pts',(-108.158021769244,-0.956658596171163,29.3504082018889));
#920=CARTESIAN_POINT('Ctrl Pts',(-107.046946131971,-0.956658596171166,27.1054272269708));
#921=CARTESIAN_POINT('Ctrl Pts',(-105.848833364002,-0.956658596171164,25.5014864501442));
#922=CARTESIAN_POINT('Ctrl Pts',(-104.936027531888,-0.956658596171168,24.6174023074856));
#923=CARTESIAN_POINT('Ctrl Pts',(-104.162306220656,-0.956658596171166,23.9746401590815));
#924=CARTESIAN_POINT('Ctrl Pts',(-103.521870092504,-0.956658596171167,23.4634889716171));
#925=CARTESIAN_POINT('Ctrl Pts',(-103.050701237122,-0.956658596171167,23.081795274453));
#926=CARTESIAN_POINT('Ctrl Pts',(-102.673651842007,-0.956658596171168,22.7594011977542));
#927=CARTESIAN_POINT('Ctrl Pts',(-102.561439119805,-0.956658596171164,22.6613738375661));
#928=CARTESIAN_POINT('Ctrl Pts',(-102.4140162931,-0.956658596171162,22.5301414844521));
#929=CARTESIAN_POINT('Ctrl Pts',(-102.358078054297,-0.956658596171165,22.4803462099673));
#930=CARTESIAN_POINT('Ctrl Pts',(-102.302139815494,-0.956658596171164,22.4305509354824));
#931=CARTESIAN_POINT('Ctrl Pts',(-79.9502116985022,-1.,28.9176506216573));
#932=CARTESIAN_POINT('Ctrl Pts',(-80.0136041328344,-0.999999999999992,29.1123881880918));
#933=CARTESIAN_POINT('Ctrl Pts',(-80.0769965671666,-1.00000000000003,29.3071257545262));
#934=CARTESIAN_POINT('Ctrl Pts',(-80.1785658994521,-0.999999999999994,29.6191403933396));
#935=CARTESIAN_POINT('Ctrl Pts',(-80.2606033195562,-1.,29.8741670075974));
#936=CARTESIAN_POINT('Ctrl Pts',(-80.4133416044131,-1.00000000000003,30.3566307267844));
#937=CARTESIAN_POINT('Ctrl Pts',(-80.6520122205674,-1.00000000000002,31.1190488513724));
#938=CARTESIAN_POINT('Ctrl Pts',(-80.8965722631627,-1.00000000000019,31.8992428104169));
#939=CARTESIAN_POINT('Ctrl Pts',(-81.0616830937631,-1.00000000000021,32.4115548100676));
#940=CARTESIAN_POINT('Ctrl Pts',(-81.0716983877128,-1.00000000000021,32.4426054797318));
#941=CARTESIAN_POINT('Ctrl Pts',(-81.0892233454053,-1.0000000000002,32.4968697458393));
#942=CARTESIAN_POINT('Ctrl Pts',(-81.1242895432867,-1.0000000000002,32.6051602140166));
#943=CARTESIAN_POINT('Ctrl Pts',(-81.1944238049348,-1.00000000000019,32.8205551487945));
#944=CARTESIAN_POINT('Ctrl Pts',(-81.3346120575428,-1.00000000000016,33.2459386701795));
#945=CARTESIAN_POINT('Ctrl Pts',(-81.5341168950104,-1.00000000000011,33.8342627282908));
#946=CARTESIAN_POINT('Ctrl Pts',(-81.7752725975676,-1.00000000000008,34.5126667292364));
#947=CARTESIAN_POINT('Ctrl Pts',(-82.1078663126329,-1.00000000000006,35.3935012655232));
#948=CARTESIAN_POINT('Ctrl Pts',(-82.5672669337646,-1.00000000000001,36.4917398866674));
#949=CARTESIAN_POINT('Ctrl Pts',(-83.2655634972886,-1.00000000000001,37.8251583712561));
#950=CARTESIAN_POINT('Ctrl Pts',(-84.1306032553123,-1.,39.0461666346106));
#951=CARTESIAN_POINT('Ctrl Pts',(-85.4771623162206,-1.,40.4947349127308));
#952=CARTESIAN_POINT('Ctrl Pts',(-86.99048443761,-1.,41.7810390303957));
#953=CARTESIAN_POINT('Ctrl Pts',(-88.584279471602,-1.,42.9430966628761));
#954=CARTESIAN_POINT('Ctrl Pts',(-91.0799099931946,-1.,44.530114987287));
#955=CARTESIAN_POINT('Ctrl Pts',(-95.1900936479959,-1.,46.1828966448922));
#956=CARTESIAN_POINT('Ctrl Pts',(-99.3841046548615,-0.999999999999999,47.6379533753122));
#957=CARTESIAN_POINT('Ctrl Pts',(-102.162281907515,-1.,48.5929655797354));
#958=CARTESIAN_POINT('Ctrl Pts',(-104.007960151185,-1.,49.2643153620292));
#959=CARTESIAN_POINT('Ctrl Pts',(-105.554371504781,-0.999999999999999,50.0295822953372));
#960=CARTESIAN_POINT('Ctrl Pts',(-107.045268129468,-1.,50.913478979318));
#961=CARTESIAN_POINT('Ctrl Pts',(-108.73577773503,-0.999999999999998,51.9620499961896));
#962=CARTESIAN_POINT('Ctrl Pts',(-110.60621230796,-0.999999999999999,53.1787428935731));
#963=CARTESIAN_POINT('Ctrl Pts',(-112.51128922282,-0.999999999999999,54.2870456241935));
#964=CARTESIAN_POINT('Ctrl Pts',(-113.623042443728,-0.999999999999998,54.8580830882186));
#965=CARTESIAN_POINT('Ctrl Pts',(-114.549879718366,-0.999999999999998,55.2263148351566));
#966=CARTESIAN_POINT('Ctrl Pts',(-115.093012582825,-0.999999999999996,55.3718786970214));
#967=CARTESIAN_POINT('Ctrl Pts',(-115.471867575965,-0.999999999999994,55.4051032936442));
#968=CARTESIAN_POINT('Ctrl Pts',(-115.663963415145,-0.999999999999994,55.4008556719956));
#969=CARTESIAN_POINT('Ctrl Pts',(-115.856368046737,-0.999999999999995,55.367770354283));
#970=CARTESIAN_POINT('Ctrl Pts',(-116.042560852555,-0.999999999999994,55.2896560112053));
#971=CARTESIAN_POINT('Ctrl Pts',(-116.197192296135,-0.999999999999995,55.1536451828024));
#972=CARTESIAN_POINT('Ctrl Pts',(-116.282825245882,-0.999999999999995,55.0099488316509));
#973=CARTESIAN_POINT('Ctrl Pts',(-116.355620394959,-0.999999999999994,54.8286939270836));
#974=CARTESIAN_POINT('Ctrl Pts',(-116.417554451749,-0.999999999999998,54.5353509222802));
#975=CARTESIAN_POINT('Ctrl Pts',(-116.423379837686,-0.999999999999995,54.1052384791172));
#976=CARTESIAN_POINT('Ctrl Pts',(-116.353170367845,-0.999999999999997,53.444019998071));
#977=CARTESIAN_POINT('Ctrl Pts',(-116.110376376709,-0.999999999999997,52.3086784777005));
#978=CARTESIAN_POINT('Ctrl Pts',(-115.432668907361,-0.999999999999999,50.1079423848334));
#979=CARTESIAN_POINT('Ctrl Pts',(-114.312161165493,-1.,46.9922659148589));
#980=CARTESIAN_POINT('Ctrl Pts',(-113.198288285428,-0.999999999999999,43.5468798747881));
#981=CARTESIAN_POINT('Ctrl Pts',(-112.355222014635,-1.,40.3827172606138));
#982=CARTESIAN_POINT('Ctrl Pts',(-111.552938063537,-1.,37.530381245216));
#983=CARTESIAN_POINT('Ctrl Pts',(-110.393625117484,-1.,34.78586090112));
#984=CARTESIAN_POINT('Ctrl Pts',(-109.190773419083,-1.,32.1090569578442));
#985=CARTESIAN_POINT('Ctrl Pts',(-108.062242405741,-0.999999999999999,29.3916095170141));
#986=CARTESIAN_POINT('Ctrl Pts',(-106.95592606312,-1.,27.1576074526724));
#987=CARTESIAN_POINT('Ctrl Pts',(-105.770208781469,-1.,25.5707773853337));
#988=CARTESIAN_POINT('Ctrl Pts',(-104.866771963814,-1.,24.6955141541839));
#989=CARTESIAN_POINT('Ctrl Pts',(-104.09678746599,-1.,24.0557926976041));
#990=CARTESIAN_POINT('Ctrl Pts',(-103.456987524298,-1.,23.54515184135));
#991=CARTESIAN_POINT('Ctrl Pts',(-102.98422950383,-1.,23.1621850306043));
#992=CARTESIAN_POINT('Ctrl Pts',(-102.605372434735,-1.,22.838247206928));
#993=CARTESIAN_POINT('Ctrl Pts',(-102.492573337332,-1.,22.7397072977613));
#994=CARTESIAN_POINT('Ctrl Pts',(-102.344667692053,-0.999999999999991,22.6080452342776));
#995=CARTESIAN_POINT('Ctrl Pts',(-102.288729453251,-0.999999999999993,22.5582499597927));
#996=CARTESIAN_POINT('Ctrl Pts',(-102.232791214448,-0.999999999999992,22.5084546853079));
#997=CARTESIAN_POINT('Ctrl Pts',(-80.,-1.,28.9014431600411));
#998=CARTESIAN_POINT('Ctrl Pts',(-80.0633924343322,-1.,29.0961807264756));
#999=CARTESIAN_POINT('Ctrl Pts',(-80.1267848686645,-1.00000000000002,29.29091829291));
#1000=CARTESIAN_POINT('Ctrl Pts',(-80.2283915810617,-0.999999999999994,
29.6030477151992));
#1001=CARTESIAN_POINT('Ctrl Pts',(-80.3104922247184,-1.,29.8582713997205));
#1002=CARTESIAN_POINT('Ctrl Pts',(-80.4632956333204,-1.00000000000003,30.3409411802541));
#1003=CARTESIAN_POINT('Ctrl Pts',(-80.7019973554587,-1.00000000000002,31.1034593036746));
#1004=CARTESIAN_POINT('Ctrl Pts',(-80.9464936761819,-1.00000000000019,31.8834485996867));
#1005=CARTESIAN_POINT('Ctrl Pts',(-81.1115169170215,-1.00000000000021,32.3954877737779));
#1006=CARTESIAN_POINT('Ctrl Pts',(-81.1215268110381,-1.00000000000021,32.4265221576647));
#1007=CARTESIAN_POINT('Ctrl Pts',(-81.1390426665154,-1.0000000000002,32.4807569366579));
#1008=CARTESIAN_POINT('Ctrl Pts',(-81.1740881248381,-1.0000000000002,32.5889862146833));
#1009=CARTESIAN_POINT('Ctrl Pts',(-81.2441814340313,-1.00000000000019,32.8042495838969));
#1010=CARTESIAN_POINT('Ctrl Pts',(-81.3842667604803,-1.00000000000016,33.2293324118694));
#1011=CARTESIAN_POINT('Ctrl Pts',(-81.583598354247,-1.00000000000011,33.8171224956713));
#1012=CARTESIAN_POINT('Ctrl Pts',(-81.824449308314,-1.00000000000008,34.4946980702652));
#1013=CARTESIAN_POINT('Ctrl Pts',(-82.1565314969201,-1.00000000000006,35.3741160620297));
#1014=CARTESIAN_POINT('Ctrl Pts',(-82.6148402310847,-1.00000000000001,36.4697879710885));
#1015=CARTESIAN_POINT('Ctrl Pts',(-83.3105777649895,-1.00000000000001,37.7980381051014));
#1016=CARTESIAN_POINT('Ctrl Pts',(-84.1710821773563,-1.,39.0127310042095));
#1017=CARTESIAN_POINT('Ctrl Pts',(-85.5126881027665,-1.,40.4560527676783));
#1018=CARTESIAN_POINT('Ctrl Pts',(-87.023127526679,-1.,41.7401402523025));
#1019=CARTESIAN_POINT('Ctrl Pts',(-88.6140630886475,-1.,42.8999057986766));
#1020=CARTESIAN_POINT('Ctrl Pts',(-91.1024390480288,-1.,44.4825938357679));
#1021=CARTESIAN_POINT('Ctrl Pts',(-95.2071763925094,-1.,46.1333986904148));
#1022=CARTESIAN_POINT('Ctrl Pts',(-99.4013656106077,-0.999999999999999,
47.5885165834898));
#1023=CARTESIAN_POINT('Ctrl Pts',(-102.179325591367,-1.,48.5434644060281));
#1024=CARTESIAN_POINT('Ctrl Pts',(-104.028218461597,-1.,49.2159056766659));
#1025=CARTESIAN_POINT('Ctrl Pts',(-105.579702714467,-0.999999999999999,
49.9836664546316));
#1026=CARTESIAN_POINT('Ctrl Pts',(-107.072498560528,-1.,50.8687703363476));
#1027=CARTESIAN_POINT('Ctrl Pts',(-108.764257264168,-0.999999999999998,
51.9181019968504));
#1028=CARTESIAN_POINT('Ctrl Pts',(-110.634112989805,-0.999999999999999,
53.1344146017609));
#1029=CARTESIAN_POINT('Ctrl Pts',(-112.536707318292,-0.999999999999999,
54.2412524626185));
#1030=CARTESIAN_POINT('Ctrl Pts',(-113.645512403856,-0.999999999999998,
54.8106890838408));
#1031=CARTESIAN_POINT('Ctrl Pts',(-114.566991462843,-0.999999999999998,
55.1767440344567));
#1032=CARTESIAN_POINT('Ctrl Pts',(-115.103969702144,-0.999999999999996,
55.320417796486));
#1033=CARTESIAN_POINT('Ctrl Pts',(-115.473916983239,-0.999999999999994,
55.3526632578068));
#1034=CARTESIAN_POINT('Ctrl Pts',(-115.659319018125,-0.999999999999994,
55.3485265246128));
#1035=CARTESIAN_POINT('Ctrl Pts',(-115.842371420644,-0.999999999999995,
55.3168815960158));
#1036=CARTESIAN_POINT('Ctrl Pts',(-116.014761548215,-0.999999999999994,
55.2441308708504));
#1037=CARTESIAN_POINT('Ctrl Pts',(-116.155766651989,-0.999999999999995,
55.1201570094188));
#1038=CARTESIAN_POINT('Ctrl Pts',(-116.235815951375,-0.999999999999995,
54.986494641855));
#1039=CARTESIAN_POINT('Ctrl Pts',(-116.304876846791,-0.999999999999994,
54.8145653440013));
#1040=CARTESIAN_POINT('Ctrl Pts',(-116.365076320887,-0.999999999999998,
54.5311678680297));
#1041=CARTESIAN_POINT('Ctrl Pts',(-116.370996079631,-0.999999999999995,
54.1081894012765));
#1042=CARTESIAN_POINT('Ctrl Pts',(-116.301528621988,-0.999999999999997,
53.4532306653689));
#1043=CARTESIAN_POINT('Ctrl Pts',(-116.05989459284,-0.999999999999997,52.3227744345261));
#1044=CARTESIAN_POINT('Ctrl Pts',(-115.383299504214,-0.999999999999999,
50.1254114988693));
#1045=CARTESIAN_POINT('Ctrl Pts',(-114.262719101881,-1.,47.0095115551984));
#1046=CARTESIAN_POINT('Ctrl Pts',(-113.148090627253,-0.999999999999999,
43.56185391995));
#1047=CARTESIAN_POINT('Ctrl Pts',(-112.304365719999,-1.,40.3952638154694));
#1048=CARTESIAN_POINT('Ctrl Pts',(-111.503415752285,-1.,37.547715126781));
#1049=CARTESIAN_POINT('Ctrl Pts',(-110.346179227711,-1.,34.808109067741));
#1050=CARTESIAN_POINT('Ctrl Pts',(-109.142481791601,-1.,32.1292801729926));
#1051=CARTESIAN_POINT('Ctrl Pts',(-108.014169799957,-0.999999999999999,
29.4123363258832));
#1052=CARTESIAN_POINT('Ctrl Pts',(-106.910220433338,-1.,27.1837481929432));
#1053=CARTESIAN_POINT('Ctrl Pts',(-105.730741530221,-1.,25.6056063868672));
#1054=CARTESIAN_POINT('Ctrl Pts',(-104.832007192153,-1.,24.7347070487636));
#1055=CARTESIAN_POINT('Ctrl Pts',(-104.063896700793,-1.,24.0965420624746));
#1056=CARTESIAN_POINT('Ctrl Pts',(-103.424415497908,-1.,23.5861410300005));
#1057=CARTESIAN_POINT('Ctrl Pts',(-102.95086369287,-1.,23.2025486232934));
#1058=CARTESIAN_POINT('Ctrl Pts',(-102.571091964368,-1.,22.877825236216));
#1059=CARTESIAN_POINT('Ctrl Pts',(-102.458003916728,-1.,22.7790354214647));
#1060=CARTESIAN_POINT('Ctrl Pts',(-102.30985341717,-0.999999999999988,22.6471543514041));
#1061=CARTESIAN_POINT('Ctrl Pts',(-102.253915178367,-0.999999999999988,
22.5973590769192));
#1062=CARTESIAN_POINT('Ctrl Pts',(-102.197976939564,-0.999999999999988,
22.5475638024344));
#1063=CARTESIAN_POINT('',(-80.,-1.,28.9014431600411));
#1064=CARTESIAN_POINT('Ctrl Pts',(-102.197976939564,-0.999999999999988,
22.5475638024344));
#1065=CARTESIAN_POINT('Ctrl Pts',(-102.253915178367,-0.999999999999988,
22.5973590769192));
#1066=CARTESIAN_POINT('Ctrl Pts',(-102.30985341717,-0.999999999999988,22.6471543514041));
#1067=CARTESIAN_POINT('Ctrl Pts',(-102.458003916728,-1.,22.7790354214647));
#1068=CARTESIAN_POINT('Ctrl Pts',(-102.571091964368,-1.,22.877825236216));
#1069=CARTESIAN_POINT('Ctrl Pts',(-102.95086369287,-1.,23.2025486232934));
#1070=CARTESIAN_POINT('Ctrl Pts',(-103.424415497908,-1.,23.5861410300005));
#1071=CARTESIAN_POINT('Ctrl Pts',(-104.063896700793,-1.,24.0965420624746));
#1072=CARTESIAN_POINT('Ctrl Pts',(-104.832007192153,-1.,24.7347070487636));
#1073=CARTESIAN_POINT('Ctrl Pts',(-105.730741530221,-1.,25.6056063868672));
#1074=CARTESIAN_POINT('Ctrl Pts',(-106.910220433338,-1.,27.1837481929432));
#1075=CARTESIAN_POINT('Ctrl Pts',(-108.014169799957,-0.999999999999999,
29.4123363258832));
#1076=CARTESIAN_POINT('Ctrl Pts',(-109.142481791601,-1.,32.1292801729926));
#1077=CARTESIAN_POINT('Ctrl Pts',(-110.346179227711,-1.,34.808109067741));
#1078=CARTESIAN_POINT('Ctrl Pts',(-111.503415752285,-1.,37.547715126781));
#1079=CARTESIAN_POINT('Ctrl Pts',(-112.304365719999,-1.,40.3952638154694));
#1080=CARTESIAN_POINT('Ctrl Pts',(-113.148090627253,-0.999999999999999,
43.56185391995));
#1081=CARTESIAN_POINT('Ctrl Pts',(-114.262719101881,-1.,47.0095115551984));
#1082=CARTESIAN_POINT('Ctrl Pts',(-115.383299504214,-0.999999999999999,
50.1254114988693));
#1083=CARTESIAN_POINT('Ctrl Pts',(-116.05989459284,-0.999999999999997,52.3227744345261));
#1084=CARTESIAN_POINT('Ctrl Pts',(-116.301528621988,-0.999999999999997,
53.4532306653689));
#1085=CARTESIAN_POINT('Ctrl Pts',(-116.370996079631,-0.999999999999995,
54.1081894012765));
#1086=CARTESIAN_POINT('Ctrl Pts',(-116.365076320887,-0.999999999999998,
54.5311678680297));
#1087=CARTESIAN_POINT('Ctrl Pts',(-116.304876846791,-0.999999999999994,
54.8145653440013));
#1088=CARTESIAN_POINT('Ctrl Pts',(-116.235815951375,-0.999999999999995,
54.986494641855));
#1089=CARTESIAN_POINT('Ctrl Pts',(-116.155766651989,-0.999999999999995,
55.1201570094188));
#1090=CARTESIAN_POINT('Ctrl Pts',(-116.014761548215,-0.999999999999994,
55.2441308708504));
#1091=CARTESIAN_POINT('Ctrl Pts',(-115.842371420644,-0.999999999999995,
55.3168815960158));
#1092=CARTESIAN_POINT('Ctrl Pts',(-115.659319018125,-0.999999999999994,
55.3485265246128));
#1093=CARTESIAN_POINT('Ctrl Pts',(-115.473916983239,-0.999999999999994,
55.3526632578068));
#1094=CARTESIAN_POINT('Ctrl Pts',(-115.103969702144,-0.999999999999996,
55.320417796486));
#1095=CARTESIAN_POINT('Ctrl Pts',(-114.566991462843,-0.999999999999998,
55.1767440344567));
#1096=CARTESIAN_POINT('Ctrl Pts',(-113.645512403856,-0.999999999999998,
54.8106890838408));
#1097=CARTESIAN_POINT('Ctrl Pts',(-112.536707318292,-0.999999999999999,
54.2412524626185));
#1098=CARTESIAN_POINT('Ctrl Pts',(-110.634112989805,-0.999999999999999,
53.1344146017609));
#1099=CARTESIAN_POINT('Ctrl Pts',(-108.764257264168,-0.999999999999998,
51.9181019968504));
#1100=CARTESIAN_POINT('Ctrl Pts',(-107.072498560528,-1.,50.8687703363476));
#1101=CARTESIAN_POINT('Ctrl Pts',(-105.579702714467,-0.999999999999999,
49.9836664546316));
#1102=CARTESIAN_POINT('Ctrl Pts',(-104.028218461597,-1.,49.2159056766659));
#1103=CARTESIAN_POINT('Ctrl Pts',(-102.179325591367,-1.,48.5434644060281));
#1104=CARTESIAN_POINT('Ctrl Pts',(-99.4013656106077,-0.999999999999999,
47.5885165834898));
#1105=CARTESIAN_POINT('Ctrl Pts',(-95.2071763925094,-1.,46.1333986904148));
#1106=CARTESIAN_POINT('Ctrl Pts',(-91.1024390480288,-1.,44.4825938357679));
#1107=CARTESIAN_POINT('Ctrl Pts',(-88.6140630886475,-1.,42.8999057986766));
#1108=CARTESIAN_POINT('Ctrl Pts',(-87.023127526679,-1.,41.7401402523025));
#1109=CARTESIAN_POINT('Ctrl Pts',(-85.5126881027665,-1.,40.4560527676783));
#1110=CARTESIAN_POINT('Ctrl Pts',(-84.1710821773563,-1.,39.0127310042095));
#1111=CARTESIAN_POINT('Ctrl Pts',(-83.3105777649895,-1.00000000000001,37.7980381051014));
#1112=CARTESIAN_POINT('Ctrl Pts',(-82.6148402310847,-1.00000000000001,36.4697879710885));
#1113=CARTESIAN_POINT('Ctrl Pts',(-82.1565314969201,-1.00000000000006,35.3741160620297));
#1114=CARTESIAN_POINT('Ctrl Pts',(-81.824449308314,-1.00000000000008,34.4946980702652));
#1115=CARTESIAN_POINT('Ctrl Pts',(-81.583598354247,-1.00000000000011,33.8171224956713));
#1116=CARTESIAN_POINT('Ctrl Pts',(-81.3842667604803,-1.00000000000016,33.2293324118694));
#1117=CARTESIAN_POINT('Ctrl Pts',(-81.2441814340313,-1.00000000000019,32.8042495838969));
#1118=CARTESIAN_POINT('Ctrl Pts',(-81.1740881248381,-1.0000000000002,32.5889862146833));
#1119=CARTESIAN_POINT('Ctrl Pts',(-81.1390426665154,-1.0000000000002,32.4807569366579));
#1120=CARTESIAN_POINT('Ctrl Pts',(-81.1215268110381,-1.00000000000021,32.4265221576647));
#1121=CARTESIAN_POINT('Ctrl Pts',(-81.1115169170215,-1.00000000000021,32.3954877737779));
#1122=CARTESIAN_POINT('Ctrl Pts',(-80.9464936761819,-1.00000000000019,31.8834485996867));
#1123=CARTESIAN_POINT('Ctrl Pts',(-80.7019973554587,-1.00000000000002,31.1034593036746));
#1124=CARTESIAN_POINT('Ctrl Pts',(-80.4632956333204,-1.00000000000003,30.3409411802541));
#1125=CARTESIAN_POINT('Ctrl Pts',(-80.3104922247184,-1.,29.8582713997205));
#1126=CARTESIAN_POINT('Ctrl Pts',(-80.2283915810617,-0.999999999999994,
29.6030477151992));
#1127=CARTESIAN_POINT('Ctrl Pts',(-80.1267848686645,-1.00000000000002,29.29091829291));
#1128=CARTESIAN_POINT('Ctrl Pts',(-80.0633924343322,-1.,29.0961807264756));
#1129=CARTESIAN_POINT('Ctrl Pts',(-80.,-1.,28.9014431600411));
#1130=CARTESIAN_POINT('',(-80.,-0.8,29.547563802493));
#1131=CARTESIAN_POINT('Ctrl Pts',(-80.,-1.00000000000001,28.9014431600411));
#1132=CARTESIAN_POINT('Ctrl Pts',(-80.,-1.00000000000001,29.0727324059658));
#1133=CARTESIAN_POINT('Ctrl Pts',(-80.,-0.978916583622955,29.2371706277901));
#1134=CARTESIAN_POINT('Ctrl Pts',(-80.,-0.929670514316392,29.3962869662597));
#1135=CARTESIAN_POINT('Ctrl Pts',(-80.,-0.908305261424141,29.4558648673966));
#1136=CARTESIAN_POINT('Ctrl Pts',(-80.,-0.866168774141674,29.5122561898334));
#1137=CARTESIAN_POINT('Ctrl Pts',(-80.,-0.853588865856118,29.5257845398369));
#1138=CARTESIAN_POINT('Ctrl Pts',(-80.,-0.832957566660128,29.5390436835631));
#1139=CARTESIAN_POINT('Ctrl Pts',(-80.,-0.826473419662753,29.5422663994954));
#1140=CARTESIAN_POINT('Ctrl Pts',(-80.,-0.813231579638074,29.5464801923961));
#1141=CARTESIAN_POINT('Ctrl Pts',(-80.,-0.806687978084544,29.547563802493));
#1142=CARTESIAN_POINT('Ctrl Pts',(-80.,-0.8,29.547563802493));
#1143=CARTESIAN_POINT('Ctrl Pts',(-79.9999999991976,-0.8,29.5475638027542));
#1144=CARTESIAN_POINT('Ctrl Pts',(-80.0381352254033,-0.8,29.6647151512522));
#1145=CARTESIAN_POINT('Ctrl Pts',(-80.1199619083817,-0.800000000000005,
29.9190869309469));
#1146=CARTESIAN_POINT('Ctrl Pts',(-80.2724851979112,-0.800000000000025,
30.4008709789306));
#1147=CARTESIAN_POINT('Ctrl Pts',(-80.511065187631,-0.800000000000017,31.1629971032092));
#1148=CARTESIAN_POINT('Ctrl Pts',(-80.7558115034213,-0.800000000000151,
31.9437938400731));
#1149=CARTESIAN_POINT('Ctrl Pts',(-80.9211649252124,-0.800000000000164,
32.4568579016518));
#1150=CARTESIAN_POINT('Ctrl Pts',(-80.9311951033412,-0.800000000000164,
32.4879551658172));
#1151=CARTESIAN_POINT('Ctrl Pts',(-80.9487472416713,-0.800000000000163,
32.5423023084514));
#1152=CARTESIAN_POINT('Ctrl Pts',(-80.983868360589,-0.800000000000161,32.6507652490162));
#1153=CARTESIAN_POINT('Ctrl Pts',(-81.0541253482054,-0.800000000000152,
32.8665317245916));
#1154=CARTESIAN_POINT('Ctrl Pts',(-81.1945885830229,-0.800000000000131,
33.2927618519567));
#1155=CARTESIAN_POINT('Ctrl Pts',(-81.3946087858488,-0.800000000000087,
33.8825951148786));
#1156=CARTESIAN_POINT('Ctrl Pts',(-81.6365797767766,-0.800000000000063,
34.563328753524));
#1157=CARTESIAN_POINT('Ctrl Pts',(-81.9706909970941,-0.800000000000045,
35.4481741744408));
#1158=CARTESIAN_POINT('Ctrl Pts',(-82.4330366441524,-0.800000000000011,
36.5535834516225));
#1159=CARTESIAN_POINT('Ctrl Pts',(-83.1386810133304,-0.800000000000007,
37.9016598483929));
#1160=CARTESIAN_POINT('Ctrl Pts',(-84.0163371982934,-0.8,39.140359574304));
#1161=CARTESIAN_POINT('Ctrl Pts',(-85.377341763832,-0.800000000000002,40.6040147200358));
#1162=CARTESIAN_POINT('Ctrl Pts',(-86.8981253142063,-0.799999999999999,
41.8962295933827));
#1163=CARTESIAN_POINT('Ctrl Pts',(-88.5006053560169,-0.8,43.0649964043971));
#1164=CARTESIAN_POINT('Ctrl Pts',(-91.0160185279301,-0.799999999999999,
44.6639375542107));
#1165=CARTESIAN_POINT('Ctrl Pts',(-95.1416126267942,-0.800000000000001,
46.3223799511729));
#1166=CARTESIAN_POINT('Ctrl Pts',(-99.3358601990801,-0.799999999999999,
47.7775041249178));
#1167=CARTESIAN_POINT('Ctrl Pts',(-102.113993256676,-0.800000000000001,
48.7324720813466));
#1168=CARTESIAN_POINT('Ctrl Pts',(-103.951092294721,-0.8,49.40089483164));
#1169=CARTESIAN_POINT('Ctrl Pts',(-105.482910616101,-0.8,50.1590220293761));
#1170=CARTESIAN_POINT('Ctrl Pts',(-106.968462860206,-0.8,51.0395532436438));
#1171=CARTESIAN_POINT('Ctrl Pts',(-108.655502693544,-0.8,52.0859483783759));
#1172=CARTESIAN_POINT('Ctrl Pts',(-110.527281337965,-0.8,53.303747969433));
#1173=CARTESIAN_POINT('Ctrl Pts',(-112.439658585079,-0.8,54.416201532602));
#1174=CARTESIAN_POINT('Ctrl Pts',(-113.559275948137,-0.799999999999998,
54.9918534014779));
#1175=CARTESIAN_POINT('Ctrl Pts',(-114.50163554129,-0.799999999999998,55.366213238909));
#1176=CARTESIAN_POINT('Ctrl Pts',(-115.061793072731,-0.799999999999997,
55.5171468536807));
#1177=CARTESIAN_POINT('Ctrl Pts',(-115.466609200749,-0.799999999999996,
55.5528835453621));
#1178=CARTESIAN_POINT('Ctrl Pts',(-115.677250946196,-0.799999999999996,
55.5483810340466));
#1179=CARTESIAN_POINT('Ctrl Pts',(-115.896025572794,-0.799999999999996,
55.5113412394675));
#1180=CARTESIAN_POINT('Ctrl Pts',(-116.120999496992,-0.799999999999996,
55.4180243166617));
#1181=CARTESIAN_POINT('Ctrl Pts',(-116.31392893516,-0.799999999999996,55.2481121135119));
#1182=CARTESIAN_POINT('Ctrl Pts',(-116.415290190506,-0.799999999999996,
55.0759055489448));
#1183=CARTESIAN_POINT('Ctrl Pts',(-116.498532652971,-0.799999999999996,
54.8684880162115));
#1184=CARTESIAN_POINT('Ctrl Pts',(-116.565449321671,-0.799999999999996,
54.5468572595722));
#1185=CARTESIAN_POINT('Ctrl Pts',(-116.571039514539,-0.799999999999997,
54.0968374578695));
#1186=CARTESIAN_POINT('Ctrl Pts',(-116.498794939103,-0.799999999999997,
53.4179563261725));
#1187=CARTESIAN_POINT('Ctrl Pts',(-116.252686709071,-0.799999999999999,
52.268874431864));
#1188=CARTESIAN_POINT('Ctrl Pts',(-115.571894623657,-0.8,50.0586825475499));
#1189=CARTESIAN_POINT('Ctrl Pts',(-114.451563296896,-0.8,46.9436208231231));
#1190=CARTESIAN_POINT('Ctrl Pts',(-113.339829030739,-0.8,43.5046325562226));
#1191=CARTESIAN_POINT('Ctrl Pts',(-112.498594170763,-0.8,40.3472614924975));
#1192=CARTESIAN_POINT('Ctrl Pts',(-111.692632662207,-0.800000000000001,
37.4816644248739));
#1193=CARTESIAN_POINT('Ctrl Pts',(-110.527369227286,-0.8,34.7230242705833));
#1194=CARTESIAN_POINT('Ctrl Pts',(-109.326958354733,-0.800000000000001,
32.0520573556957));
#1195=CARTESIAN_POINT('Ctrl Pts',(-108.197831756859,-0.799999999999999,
29.3333233796541));
#1196=CARTESIAN_POINT('Ctrl Pts',(-107.084759522346,-0.8,27.0836973726842));
#1197=CARTESIAN_POINT('Ctrl Pts',(-105.881509028415,-0.8,25.4727295481961));
#1198=CARTESIAN_POINT('Ctrl Pts',(-104.964809101268,-0.8,24.5849253509012));
#1199=CARTESIAN_POINT('Ctrl Pts',(-104.189533309215,-0.800000000000001,
23.9409250399138));
#1200=CARTESIAN_POINT('Ctrl Pts',(-103.548832272523,-0.8,23.4295479169799));
#1201=CARTESIAN_POINT('Ctrl Pts',(-103.0783271885,-0.8,23.0483947233697));
#1202=CARTESIAN_POINT('Ctrl Pts',(-102.70214257905,-0.8,22.7267355302611));
#1203=CARTESIAN_POINT('Ctrl Pts',(-102.590286343429,-0.8,22.6290241862741));
#1204=CARTESIAN_POINT('Ctrl Pts',(-102.498772394071,-0.8,22.5475637984012));
#1205=CARTESIAN_POINT('Origin',(-98.3320658020732,-1.,22.5475638023983));
#1206=CARTESIAN_POINT('',(-80.,-1.,29.547563802493));
#1207=CARTESIAN_POINT('',(-86.2686730416572,-1.,22.547563802493));
#1208=CARTESIAN_POINT('Origin',(-85.5186730416572,-1.,22.547563802493));
#1209=CARTESIAN_POINT('',(-89.2686730416572,-1.,22.547563802493));
#1210=CARTESIAN_POINT('Origin',(-88.5186730416572,-1.,22.547563802493));
#1211=CARTESIAN_POINT('Ctrl Pts',(-79.999999999963,-1.,15.547563802493));
#1212=CARTESIAN_POINT('Ctrl Pts',(-79.999999999963,1.,15.547563802493));
#1213=CARTESIAN_POINT('Ctrl Pts',(-80.0540517207739,-1.,15.3815203198097));
#1214=CARTESIAN_POINT('Ctrl Pts',(-80.0540517207739,1.,15.3815203198097));
#1215=CARTESIAN_POINT('Ctrl Pts',(-80.1699963323154,-1.,15.0207298961331));
#1216=CARTESIAN_POINT('Ctrl Pts',(-80.1699963323154,1.,15.0207298961331));
#1217=CARTESIAN_POINT('Ctrl Pts',(-80.3674360975508,-1.,14.3934367236104));
#1218=CARTESIAN_POINT('Ctrl Pts',(-80.3674360975508,1.,14.3934367236104));
#1219=CARTESIAN_POINT('Ctrl Pts',(-80.6751346685013,-1.,13.4022860412034));
#1220=CARTESIAN_POINT('Ctrl Pts',(-80.6751346685013,1.,13.4022860412034));
#1221=CARTESIAN_POINT('Ctrl Pts',(-81.119909221128,-1.,12.0047292137742));
#1222=CARTESIAN_POINT('Ctrl Pts',(-81.119909221128,1.,12.0047292137742));
#1223=CARTESIAN_POINT('Ctrl Pts',(-81.6092122779106,-1.,10.5713445912563));
#1224=CARTESIAN_POINT('Ctrl Pts',(-81.6092122779106,1.,10.5713445912563));
#1225=CARTESIAN_POINT('Ctrl Pts',(-82.1311443164711,-1.,9.21750705297231));
#1226=CARTESIAN_POINT('Ctrl Pts',(-82.1311443164711,1.,9.21750705297231));
#1227=CARTESIAN_POINT('Ctrl Pts',(-82.6836362789931,-1.,8.01739428706307));
#1228=CARTESIAN_POINT('Ctrl Pts',(-82.6836362789931,1.,8.01739428706307));
#1229=CARTESIAN_POINT('Ctrl Pts',(-83.2786685238052,-1.,6.97821730964897));
#1230=CARTESIAN_POINT('Ctrl Pts',(-83.2786685238052,1.,6.97821730964897));
#1231=CARTESIAN_POINT('Ctrl Pts',(-83.9344044445247,-1.,6.06690622660176));
#1232=CARTESIAN_POINT('Ctrl Pts',(-83.9344044445247,1.,6.06690622660176));
#1233=CARTESIAN_POINT('Ctrl Pts',(-84.6682619530667,-1.,5.23199524533511));
#1234=CARTESIAN_POINT('Ctrl Pts',(-84.6682619530667,1.,5.23199524533511));
#1235=CARTESIAN_POINT('Ctrl Pts',(-85.4903564013684,-1.,4.42558814135943));
#1236=CARTESIAN_POINT('Ctrl Pts',(-85.4903564013684,1.,4.42558814135943));
#1237=CARTESIAN_POINT('Ctrl Pts',(-86.3949208354573,-1.,3.62963439018929));
#1238=CARTESIAN_POINT('Ctrl Pts',(-86.3949208354573,1.,3.62963439018929));
#1239=CARTESIAN_POINT('Ctrl Pts',(-87.3648193268198,-1.,2.85190258815498));
#1240=CARTESIAN_POINT('Ctrl Pts',(-87.3648193268198,1.,2.85190258815498));
#1241=CARTESIAN_POINT('Ctrl Pts',(-88.3806794849433,-1.,2.11160814297065));
#1242=CARTESIAN_POINT('Ctrl Pts',(-88.3806794849433,1.,2.11160814297065));
#1243=CARTESIAN_POINT('Ctrl Pts',(-89.4278017993683,-1.,1.42924013156137));
#1244=CARTESIAN_POINT('Ctrl Pts',(-89.4278017993683,1.,1.42924013156137));
#1245=CARTESIAN_POINT('Ctrl Pts',(-90.5055557560791,-1.,0.812990906297838));
#1246=CARTESIAN_POINT('Ctrl Pts',(-90.5055557560791,1.,0.812990906297838));
#1247=CARTESIAN_POINT('Ctrl Pts',(-91.6308788853337,-1.,0.251794190715341));
#1248=CARTESIAN_POINT('Ctrl Pts',(-91.6308788853337,1.,0.251794190715341));
#1249=CARTESIAN_POINT('Ctrl Pts',(-92.8260549583589,-1.,-0.274747529627091));
#1250=CARTESIAN_POINT('Ctrl Pts',(-92.8260549583589,1.,-0.274747529627091));
#1251=CARTESIAN_POINT('Ctrl Pts',(-94.1085724707453,-1.,-0.788928173952717));
#1252=CARTESIAN_POINT('Ctrl Pts',(-94.1085724707453,1.,-0.788928173952717));
#1253=CARTESIAN_POINT('Ctrl Pts',(-95.4816167139723,-1.,-1.30749498715657));
#1254=CARTESIAN_POINT('Ctrl Pts',(-95.4816167139723,1.,-1.30749498715657));
#1255=CARTESIAN_POINT('Ctrl Pts',(-96.9207474356893,-1.,-1.83187499655588));
#1256=CARTESIAN_POINT('Ctrl Pts',(-96.9207474356893,1.,-1.83187499655588));
#1257=CARTESIAN_POINT('Ctrl Pts',(-98.3752687318891,-1.,-2.34803679400002));
#1258=CARTESIAN_POINT('Ctrl Pts',(-98.3752687318891,1.,-2.34803679400002));
#1259=CARTESIAN_POINT('Ctrl Pts',(-99.7875263319679,-1.,-2.83821768919219));
#1260=CARTESIAN_POINT('Ctrl Pts',(-99.7875263319679,1.,-2.83821768919219));
#1261=CARTESIAN_POINT('Ctrl Pts',(-101.108038408063,-1.,-3.28991708790017));
#1262=CARTESIAN_POINT('Ctrl Pts',(-101.108038408063,1.,-3.28991708790017));
#1263=CARTESIAN_POINT('Ctrl Pts',(-102.311352570576,-1.,-3.70530168957174));
#1264=CARTESIAN_POINT('Ctrl Pts',(-102.311352570576,1.,-3.70530168957174));
#1265=CARTESIAN_POINT('Ctrl Pts',(-103.413933827228,-1.,-4.11212330673843));
#1266=CARTESIAN_POINT('Ctrl Pts',(-103.413933827228,1.,-4.11212330673843));
#1267=CARTESIAN_POINT('Ctrl Pts',(-104.484418835412,-1.,-4.56909672103377));
#1268=CARTESIAN_POINT('Ctrl Pts',(-104.484418835412,1.,-4.56909672103377));
#1269=CARTESIAN_POINT('Ctrl Pts',(-105.612168006665,-1.,-5.14139705267476));
#1270=CARTESIAN_POINT('Ctrl Pts',(-105.612168006665,1.,-5.14139705267476));
#1271=CARTESIAN_POINT('Ctrl Pts',(-106.880158016087,-1.,-5.87908892510335));
#1272=CARTESIAN_POINT('Ctrl Pts',(-106.880158016087,1.,-5.87908892510335));
#1273=CARTESIAN_POINT('Ctrl Pts',(-108.338083511261,-1.,-6.7960885451039));
#1274=CARTESIAN_POINT('Ctrl Pts',(-108.338083511261,1.,-6.7960885451039));
#1275=CARTESIAN_POINT('Ctrl Pts',(-109.970858492849,-1.,-7.84485586313176));
#1276=CARTESIAN_POINT('Ctrl Pts',(-109.970858492849,1.,-7.84485586313176));
#1277=CARTESIAN_POINT('Ctrl Pts',(-111.68299752145,-1.,-8.90533151345262));
#1278=CARTESIAN_POINT('Ctrl Pts',(-111.68299752145,1.,-8.90533151345262));
#1279=CARTESIAN_POINT('Ctrl Pts',(-113.335596275371,-1.,-9.82091193086783));
#1280=CARTESIAN_POINT('Ctrl Pts',(-113.335596275371,1.,-9.82091193086783));
#1281=CARTESIAN_POINT('Ctrl Pts',(-114.773540281329,-1.,-10.4256193926915));
#1282=CARTESIAN_POINT('Ctrl Pts',(-114.773540281329,1.,-10.4256193926915));
#1283=CARTESIAN_POINT('Ctrl Pts',(-115.857955065071,-1.,-10.5761554792582));
#1284=CARTESIAN_POINT('Ctrl Pts',(-115.857955065071,1.,-10.5761554792582));
#1285=CARTESIAN_POINT('Ctrl Pts',(-116.493133506416,-1.,-10.1785767768192));
#1286=CARTESIAN_POINT('Ctrl Pts',(-116.493133506416,1.,-10.1785767768192));
#1287=CARTESIAN_POINT('Ctrl Pts',(-116.664131604016,-1.,-9.22564408324502));
#1288=CARTESIAN_POINT('Ctrl Pts',(-116.664131604016,1.,-9.22564408324502));
#1289=CARTESIAN_POINT('Ctrl Pts',(-116.434504004909,-1.,-7.79408831147861));
#1290=CARTESIAN_POINT('Ctrl Pts',(-116.434504004909,1.,-7.79408831147861));
#1291=CARTESIAN_POINT('Ctrl Pts',(-115.913709261603,-1.,-6.01133355552913));
#1292=CARTESIAN_POINT('Ctrl Pts',(-115.913709261603,1.,-6.01133355552913));
#1293=CARTESIAN_POINT('Ctrl Pts',(-115.233248939173,-1.,-4.03103560742518));
#1294=CARTESIAN_POINT('Ctrl Pts',(-115.233248939173,1.,-4.03103560742518));
#1295=CARTESIAN_POINT('Ctrl Pts',(-114.519518112008,-1.,-2.00528835927157));
#1296=CARTESIAN_POINT('Ctrl Pts',(-114.519518112008,1.,-2.00528835927157));
#1297=CARTESIAN_POINT('Ctrl Pts',(-113.8675004945,-1.,-0.0577462474631438));
#1298=CARTESIAN_POINT('Ctrl Pts',(-113.8675004945,1.,-0.0577462474631438));
#1299=CARTESIAN_POINT('Ctrl Pts',(-113.315677184942,-1.,1.74219241262244));
#1300=CARTESIAN_POINT('Ctrl Pts',(-113.315677184942,1.,1.74219241262244));
#1301=CARTESIAN_POINT('Ctrl Pts',(-112.861326043334,-1.,3.36815577183593));
#1302=CARTESIAN_POINT('Ctrl Pts',(-112.861326043334,1.,3.36815577183593));
#1303=CARTESIAN_POINT('Ctrl Pts',(-112.473871644113,-1.,4.82733487315416));
#1304=CARTESIAN_POINT('Ctrl Pts',(-112.473871644113,1.,4.82733487315416));
#1305=CARTESIAN_POINT('Ctrl Pts',(-112.10902665324,-1.,6.1503952214621));
#1306=CARTESIAN_POINT('Ctrl Pts',(-112.10902665324,1.,6.1503952214621));
#1307=CARTESIAN_POINT('Ctrl Pts',(-111.722308710095,-1.,7.38176004407131));
#1308=CARTESIAN_POINT('Ctrl Pts',(-111.722308710095,1.,7.38176004407131));
#1309=CARTESIAN_POINT('Ctrl Pts',(-111.283415981718,-1.,8.56964253527121));
#1310=CARTESIAN_POINT('Ctrl Pts',(-111.283415981718,1.,8.56964253527121));
#1311=CARTESIAN_POINT('Ctrl Pts',(-110.788541112279,-1.,9.75656937851074));
#1312=CARTESIAN_POINT('Ctrl Pts',(-110.788541112279,1.,9.75656937851074));
#1313=CARTESIAN_POINT('Ctrl Pts',(-110.249920056236,-1.,10.9754939041168));
#1314=CARTESIAN_POINT('Ctrl Pts',(-110.249920056236,1.,10.9754939041168));
#1315=CARTESIAN_POINT('Ctrl Pts',(-109.686772564949,-1.,12.2452864151161));
#1316=CARTESIAN_POINT('Ctrl Pts',(-109.686772564949,1.,12.2452864151161));
#1317=CARTESIAN_POINT('Ctrl Pts',(-109.116177494383,-1.,13.566888717714));
#1318=CARTESIAN_POINT('Ctrl Pts',(-109.116177494383,1.,13.566888717714));
#1319=CARTESIAN_POINT('Ctrl Pts',(-108.542938204682,-1.,14.9180966245365));
#1320=CARTESIAN_POINT('Ctrl Pts',(-108.542938204682,1.,14.9180966245365));
#1321=CARTESIAN_POINT('Ctrl Pts',(-107.952976638673,-1.,16.2520488167765));
#1322=CARTESIAN_POINT('Ctrl Pts',(-107.952976638673,1.,16.2520488167765));
#1323=CARTESIAN_POINT('Ctrl Pts',(-107.323977989432,-1.,17.5129763771806));
#1324=CARTESIAN_POINT('Ctrl Pts',(-107.323977989432,1.,17.5129763771806));
#1325=CARTESIAN_POINT('Ctrl Pts',(-106.633923338038,-1.,18.6499915251267));
#1326=CARTESIAN_POINT('Ctrl Pts',(-106.633923338038,1.,18.6499915251267));
#1327=CARTESIAN_POINT('Ctrl Pts',(-105.869993887272,-1.,19.6309123477396));
#1328=CARTESIAN_POINT('Ctrl Pts',(-105.869993887272,1.,19.6309123477396));
#1329=CARTESIAN_POINT('Ctrl Pts',(-105.038375626479,-1.,20.4578074515474));
#1330=CARTESIAN_POINT('Ctrl Pts',(-105.038375626479,1.,20.4578074515474));
#1331=CARTESIAN_POINT('Ctrl Pts',(-104.170622622973,-1.,21.1768248741628));
#1332=CARTESIAN_POINT('Ctrl Pts',(-104.170622622973,1.,21.1768248741628));
#1333=CARTESIAN_POINT('Ctrl Pts',(-103.480029473624,-1.,21.7162717661921));
#1334=CARTESIAN_POINT('Ctrl Pts',(-103.480029473624,1.,21.7162717661921));
#1335=CARTESIAN_POINT('Ctrl Pts',(-102.980344685916,-1.,22.1265512196674));
#1336=CARTESIAN_POINT('Ctrl Pts',(-102.980344685916,1.,22.1265512196674));
#1337=CARTESIAN_POINT('Ctrl Pts',(-102.657571273567,-1.,22.4062037213779));
#1338=CARTESIAN_POINT('Ctrl Pts',(-102.657571273567,1.,22.4062037213779));
#1339=CARTESIAN_POINT('Ctrl Pts',(-102.498772390481,-1.,22.5475638024336));
#1340=CARTESIAN_POINT('Ctrl Pts',(-102.498772390481,1.,22.5475638024336));
#1341=CARTESIAN_POINT('',(-102.498772390481,0.8,22.5475638024336));
#1342=CARTESIAN_POINT('',(-102.498772390481,0.,22.5475638024336));
#1343=CARTESIAN_POINT('',(-79.9999999999631,0.8,15.547563802493));
#1344=CARTESIAN_POINT('Ctrl Pts',(-79.9999999991598,0.8,15.5475638022315));
#1345=CARTESIAN_POINT('Ctrl Pts',(-80.0381351322754,0.8,15.4304127373397));
#1346=CARTESIAN_POINT('Ctrl Pts',(-80.1198421288328,0.8,15.1764055891141));
#1347=CARTESIAN_POINT('Ctrl Pts',(-80.2727708806772,0.8,14.6933338524858));
#1348=CARTESIAN_POINT('Ctrl Pts',(-80.4424613204198,0.8,14.1512452221071));
#1349=CARTESIAN_POINT('Ctrl Pts',(-80.6733030676627,0.8,13.4144154746199));
#1350=CARTESIAN_POINT('Ctrl Pts',(-80.9133264307852,0.8,12.6592417739396));
#1351=CARTESIAN_POINT('Ctrl Pts',(-81.1544167246981,0.8,11.9208552717941));
#1352=CARTESIAN_POINT('Ctrl Pts',(-81.4748393329014,0.8,10.9760409160929));
#1353=CARTESIAN_POINT('Ctrl Pts',(-81.8784356747972,0.8,9.86754290357143));
#1354=CARTESIAN_POINT('Ctrl Pts',(-82.4329491003025,0.8,8.54213329910404));
#1355=CARTESIAN_POINT('Ctrl Pts',(-83.1387044510164,0.8,7.1927244236978));
#1356=CARTESIAN_POINT('Ctrl Pts',(-84.0165638829576,0.8,5.95526426064891));
#1357=CARTESIAN_POINT('Ctrl Pts',(-85.0362844078869,0.8,4.8557452303202));
#1358=CARTESIAN_POINT('Ctrl Pts',(-86.1389466540889,0.8,3.84675628162094));
#1359=CARTESIAN_POINT('Ctrl Pts',(-87.6831426124641,0.8,2.5919224646708));
#1360=CARTESIAN_POINT('Ctrl Pts',(-89.7302665214927,0.8,1.18392088199458));
#1361=CARTESIAN_POINT('Ctrl Pts',(-92.3947725964912,0.8,-0.12483335208143));
#1362=CARTESIAN_POINT('Ctrl Pts',(-95.1510088416238,0.8,-1.18939417081764));
#1363=CARTESIAN_POINT('Ctrl Pts',(-97.9381340255756,0.8,-2.19965842803364));
#1364=CARTESIAN_POINT('Ctrl Pts',(-100.261812930116,0.8,-3.00029232242579));
#1365=CARTESIAN_POINT('Ctrl Pts',(-102.114243938471,0.8,-3.6366576793122));
#1366=CARTESIAN_POINT('Ctrl Pts',(-103.491108902154,0.8,-4.14124549484165));
#1367=CARTESIAN_POINT('Ctrl Pts',(-104.827647074771,0.8,-4.73476446132862));
#1368=CARTESIAN_POINT('Ctrl Pts',(-106.266125584987,0.8,-5.51342587814628));
#1369=CARTESIAN_POINT('Ctrl Pts',(-107.811914137875,0.8,-6.46218422720136));
#1370=CARTESIAN_POINT('Ctrl Pts',(-109.489701292271,0.8,-7.53612548524394));
#1371=CARTESIAN_POINT('Ctrl Pts',(-111.161435111996,0.8,-8.58194890499114));
#1372=CARTESIAN_POINT('Ctrl Pts',(-112.583175146103,0.799999999999999,-9.4053174781253));
#1373=CARTESIAN_POINT('Ctrl Pts',(-113.791602020277,0.799999999999999,-9.99525466149299));
#1374=CARTESIAN_POINT('Ctrl Pts',(-114.580771577389,0.799999999999998,-10.3016488347082));
#1375=CARTESIAN_POINT('Ctrl Pts',(-115.256809897121,0.799999999999997,-10.4537434312198));
#1376=CARTESIAN_POINT('Ctrl Pts',(-115.67472326034,0.799999999999996,-10.4703692771889));
#1377=CARTESIAN_POINT('Ctrl Pts',(-115.970979309868,0.799999999999996,-10.3865816447223));
#1378=CARTESIAN_POINT('Ctrl Pts',(-116.168415338042,0.799999999999996,-10.2923161763263));
#1379=CARTESIAN_POINT('Ctrl Pts',(-116.372003356669,0.799999999999997,-10.0884464260664));
#1380=CARTESIAN_POINT('Ctrl Pts',(-116.491144198387,0.799999999999997,-9.80659750770729));
#1381=CARTESIAN_POINT('Ctrl Pts',(-116.557255354758,0.799999999999997,-9.4876081230506));
#1382=CARTESIAN_POINT('Ctrl Pts',(-116.571421769424,0.799999999999998,-9.13247709927557));
#1383=CARTESIAN_POINT('Ctrl Pts',(-116.537941400587,0.799999999999998,-8.61796591003207));
#1384=CARTESIAN_POINT('Ctrl Pts',(-116.431937595872,0.799999999999999,-7.99276937340717));
#1385=CARTESIAN_POINT('Ctrl Pts',(-116.257942510802,0.799999999999999,-7.26062480812421));
#1386=CARTESIAN_POINT('Ctrl Pts',(-115.851459170945,0.799999999999999,-5.82827566778674));
#1387=CARTESIAN_POINT('Ctrl Pts',(-115.120396902004,0.8,-3.7168031584444));
#1388=CARTESIAN_POINT('Ctrl Pts',(-114.143963169937,0.8,-0.911757583793969));
#1389=CARTESIAN_POINT('Ctrl Pts',(-113.255780353469,0.8,1.90584314236662));
#1390=CARTESIAN_POINT('Ctrl Pts',(-112.623446595434,0.8,4.27581307571063));
#1391=CARTESIAN_POINT('Ctrl Pts',(-112.098588026586,0.8,6.17861511728949));
#1392=CARTESIAN_POINT('Ctrl Pts',(-111.495479887568,0.8,8.0752193361303));
#1393=CARTESIAN_POINT('Ctrl Pts',(-110.723110765745,0.8,9.91136057628524));
#1394=CARTESIAN_POINT('Ctrl Pts',(-109.925407297092,0.8,11.7058523229403));
#1395=CARTESIAN_POINT('Ctrl Pts',(-109.141048114885,0.8,13.4990859391769));
#1396=CARTESIAN_POINT('Ctrl Pts',(-108.195168483522,0.8,15.7605345202103));
#1397=CARTESIAN_POINT('Ctrl Pts',(-107.087460295353,0.8,18.0112151854567));
#1398=CARTESIAN_POINT('Ctrl Pts',(-106.030010671622,0.8,19.4218211857583));
#1399=CARTESIAN_POINT('Ctrl Pts',(-105.334079019924,0.8,20.1537681209104));
#1400=CARTESIAN_POINT('Ctrl Pts',(-104.580210853983,0.8,20.8453606839645));
#1401=CARTESIAN_POINT('Ctrl Pts',(-103.804103308657,0.8,21.4596269612668));
#1402=CARTESIAN_POINT('Ctrl Pts',(-103.151718829405,0.8,21.9871019522812));
#1403=CARTESIAN_POINT('Ctrl Pts',(-102.770576391383,0.8,22.3085024012877));
#1404=CARTESIAN_POINT('Ctrl Pts',(-102.590287934425,0.8,22.4661018891572));
#1405=CARTESIAN_POINT('Ctrl Pts',(-102.498772393963,0.8,22.5475638063455));
#1406=CARTESIAN_POINT('',(-79.999999999963,0.,15.547563802493));
#1407=CARTESIAN_POINT('Ctrl Pts',(-102.330957674073,0.8,22.3981779789789));
#1408=CARTESIAN_POINT('Ctrl Pts',(-102.386895912876,0.8,22.4479732534638));
#1409=CARTESIAN_POINT('Ctrl Pts',(-102.442834151679,0.8,22.4977685279487));
#1410=CARTESIAN_POINT('Ctrl Pts',(-102.590058435278,0.8,22.6288250962212));
#1411=CARTESIAN_POINT('Ctrl Pts',(-102.817268827631,0.8,22.8275595704095));
#1412=CARTESIAN_POINT('Ctrl Pts',(-103.199181132354,0.8,23.1465369574534));
#1413=CARTESIAN_POINT('Ctrl Pts',(-103.851272116375,0.8,23.6729972501574));
#1414=CARTESIAN_POINT('Ctrl Pts',(-104.779273967024,0.8,24.4061330926446));
#1415=CARTESIAN_POINT('Ctrl Pts',(-105.883101139965,0.8,25.4737264758664));
#1416=CARTESIAN_POINT('Ctrl Pts',(-107.08389838928,0.8,27.0828581518868));
#1417=CARTESIAN_POINT('Ctrl Pts',(-108.198063385835,0.8,29.3345633120098));
#1418=CARTESIAN_POINT('Ctrl Pts',(-109.327496316926,0.8,32.0499151846832));
#1419=CARTESIAN_POINT('Ctrl Pts',(-110.526302656963,0.8,34.7250140564092));
#1420=CARTESIAN_POINT('Ctrl Pts',(-111.693279260532,0.800000000000001,37.4809553106278));
#1421=CARTESIAN_POINT('Ctrl Pts',(-112.498502522487,0.799999999999999,40.3476559835356));
#1422=CARTESIAN_POINT('Ctrl Pts',(-113.33986365887,0.800000000000001,43.5047309905029));
#1423=CARTESIAN_POINT('Ctrl Pts',(-114.451084635784,0.799999999999999,46.9431336018956));
#1424=CARTESIAN_POINT('Ctrl Pts',(-115.572073959233,0.8,50.0593089859456));
#1425=CARTESIAN_POINT('Ctrl Pts',(-116.252794450483,0.799999999999999,52.2680979917875));
#1426=CARTESIAN_POINT('Ctrl Pts',(-116.498688358379,0.799999999999999,53.4181709071833));
#1427=CARTESIAN_POINT('Ctrl Pts',(-116.570560097886,0.799999999999999,54.0969247580594));
#1428=CARTESIAN_POINT('Ctrl Pts',(-116.565074978696,0.799999999999999,54.5801570852227));
#1429=CARTESIAN_POINT('Ctrl Pts',(-116.474487067897,0.799999999999999,54.9725239410489));
#1430=CARTESIAN_POINT('Ctrl Pts',(-116.314513839324,0.799999999999999,55.2479303606456));
#1431=CARTESIAN_POINT('Ctrl Pts',(-116.053637480514,0.799999999999999,55.4747615250101));
#1432=CARTESIAN_POINT('Ctrl Pts',(-115.668082751767,0.799999999999999,55.564937676358));
#1433=CARTESIAN_POINT('Ctrl Pts',(-115.126049065544,0.8,55.5330591992461));
#1434=CARTESIAN_POINT('Ctrl Pts',(-114.500999070513,0.8,55.3662889935107));
#1435=CARTESIAN_POINT('Ctrl Pts',(-113.501879752872,0.8,54.9671702114748));
#1436=CARTESIAN_POINT('Ctrl Pts',(-112.385618959021,0.8,54.3861488824328));
#1437=CARTESIAN_POINT('Ctrl Pts',(-110.476977226414,0.8,53.2689278048264));
#1438=CARTESIAN_POINT('Ctrl Pts',(-108.444128792472,0.799999999999999,51.955670715193));
#1439=CARTESIAN_POINT('Ctrl Pts',(-105.918040439498,0.8,50.3794930189017));
#1440=CARTESIAN_POINT('Ctrl Pts',(-103.95199407647,0.8,49.3993794086184));
#1441=CARTESIAN_POINT('Ctrl Pts',(-102.113786320326,0.8,48.7329308599702));
#1442=CARTESIAN_POINT('Ctrl Pts',(-99.3360039534456,0.8,47.7764768257162));
#1443=CARTESIAN_POINT('Ctrl Pts',(-95.1419651785543,0.799999999999999,46.3246023122733));
#1444=CARTESIAN_POINT('Ctrl Pts',(-90.5555801849137,0.800000000000001,44.4766630894397));
#1445=CARTESIAN_POINT('Ctrl Pts',(-87.5790061158279,0.799999999999999,42.433271246621));
#1446=CARTESIAN_POINT('Ctrl Pts',(-86.0447720362676,0.799999999999999,41.1658292870685));
#1447=CARTESIAN_POINT('Ctrl Pts',(-84.5849149971875,0.799999999999999,39.8129623459672));
#1448=CARTESIAN_POINT('Ctrl Pts',(-83.3710667503362,0.799999999999996,38.3590068071945));
#1449=CARTESIAN_POINT('Ctrl Pts',(-82.4339890338445,0.799999999999989,36.5508509656652));
#1450=CARTESIAN_POINT('Ctrl Pts',(-81.9703974332483,0.799999999999967,35.4490381359757));
#1451=CARTESIAN_POINT('Ctrl Pts',(-81.6366101694253,0.799999999999956,34.5632710372816));
#1452=CARTESIAN_POINT('Ctrl Pts',(-81.3945585622956,0.799999999999941,33.8827825798765));
#1453=CARTESIAN_POINT('Ctrl Pts',(-81.1945943541358,0.799999999999917,33.2927998665566));
#1454=CARTESIAN_POINT('Ctrl Pts',(-81.054123473232,0.799999999999905,32.8665945635085));
#1455=CARTESIAN_POINT('Ctrl Pts',(-80.9838692045748,0.799999999999901,32.6508201512596));
#1456=CARTESIAN_POINT('Ctrl Pts',(-80.9487478268303,0.7999999999999,32.5423580140202));
#1457=CARTESIAN_POINT('Ctrl Pts',(-80.9311957465463,0.799999999999899,32.4880103990103));
#1458=CARTESIAN_POINT('Ctrl Pts',(-80.9211655971875,0.799999999999899,32.4569133613557));
#1459=CARTESIAN_POINT('Ctrl Pts',(-80.7558104290225,0.799999999999906,31.9438393063301));
#1460=CARTESIAN_POINT('Ctrl Pts',(-80.5110547588494,0.799999999999986,31.1629678178038));
#1461=CARTESIAN_POINT('Ctrl Pts',(-80.2724829775408,0.799999999999984,30.4008718395714));
#1462=CARTESIAN_POINT('Ctrl Pts',(-80.119929830428,0.799999999999996,29.9189872713495));
#1463=CARTESIAN_POINT('Ctrl Pts',(-80.0380715612676,0.8,29.6645172413332));
#1464=CARTESIAN_POINT('Ctrl Pts',(-79.9366075656677,0.8,29.3528262360585));
#1465=CARTESIAN_POINT('Ctrl Pts',(-79.8732151313355,0.8,29.1580886696241));
#1466=CARTESIAN_POINT('Ctrl Pts',(-79.8098226970032,0.8,28.9633511031896));
#1467=CARTESIAN_POINT('Ctrl Pts',(-102.330957674073,0.852359877559829,22.3981779789789));
#1468=CARTESIAN_POINT('Ctrl Pts',(-102.386895912876,0.852359877559829,22.4479732534638));
#1469=CARTESIAN_POINT('Ctrl Pts',(-102.442834151679,0.852359877559828,22.4977685279487));
#1470=CARTESIAN_POINT('Ctrl Pts',(-102.590058435278,0.852359877559829,22.6288250962212));
#1471=CARTESIAN_POINT('Ctrl Pts',(-102.817268827631,0.852359877559832,22.8275595704095));
#1472=CARTESIAN_POINT('Ctrl Pts',(-103.199181132354,0.852359877559829,23.1465369574534));
#1473=CARTESIAN_POINT('Ctrl Pts',(-103.851272116375,0.852359877559832,23.6729972501574));
#1474=CARTESIAN_POINT('Ctrl Pts',(-104.779273967024,0.852359877559829,24.4061330926446));
#1475=CARTESIAN_POINT('Ctrl Pts',(-105.883101139965,0.852359877559832,25.4737264758664));
#1476=CARTESIAN_POINT('Ctrl Pts',(-107.08389838928,0.85235987755983,27.0828581518868));
#1477=CARTESIAN_POINT('Ctrl Pts',(-108.198063385835,0.852359877559834,29.3345633120098));
#1478=CARTESIAN_POINT('Ctrl Pts',(-109.327496316926,0.852359877559827,32.0499151846832));
#1479=CARTESIAN_POINT('Ctrl Pts',(-110.526302656963,0.852359877559831,34.7250140564092));
#1480=CARTESIAN_POINT('Ctrl Pts',(-111.693279260532,0.852359877559829,37.4809553106278));
#1481=CARTESIAN_POINT('Ctrl Pts',(-112.498502522487,0.852359877559828,40.3476559835356));
#1482=CARTESIAN_POINT('Ctrl Pts',(-113.33986365887,0.852359877559834,43.5047309905029));
#1483=CARTESIAN_POINT('Ctrl Pts',(-114.451084635784,0.852359877559828,46.9431336018956));
#1484=CARTESIAN_POINT('Ctrl Pts',(-115.572073959233,0.852359877559832,50.0593089859456));
#1485=CARTESIAN_POINT('Ctrl Pts',(-116.252794450483,0.852359877559827,52.2680979917875));
#1486=CARTESIAN_POINT('Ctrl Pts',(-116.498688358379,0.852359877559828,53.4181709071833));
#1487=CARTESIAN_POINT('Ctrl Pts',(-116.570560097886,0.852359877559831,54.0969247580594));
#1488=CARTESIAN_POINT('Ctrl Pts',(-116.565074978696,0.852359877559831,54.5801570852227));
#1489=CARTESIAN_POINT('Ctrl Pts',(-116.474487067897,0.852359877559823,54.9725239410489));
#1490=CARTESIAN_POINT('Ctrl Pts',(-116.314513839324,0.852359877559831,55.2479303606456));
#1491=CARTESIAN_POINT('Ctrl Pts',(-116.053637480514,0.852359877559827,55.4747615250101));
#1492=CARTESIAN_POINT('Ctrl Pts',(-115.668082751767,0.85235987755983,55.564937676358));
#1493=CARTESIAN_POINT('Ctrl Pts',(-115.126049065544,0.852359877559829,55.5330591992461));
#1494=CARTESIAN_POINT('Ctrl Pts',(-114.500999070513,0.85235987755983,55.3662889935107));
#1495=CARTESIAN_POINT('Ctrl Pts',(-113.501879752872,0.85235987755983,54.9671702114748));
#1496=CARTESIAN_POINT('Ctrl Pts',(-112.385618959021,0.852359877559829,54.3861488824328));
#1497=CARTESIAN_POINT('Ctrl Pts',(-110.476977226414,0.852359877559828,53.2689278048264));
#1498=CARTESIAN_POINT('Ctrl Pts',(-108.444128792472,0.85235987755983,51.955670715193));
#1499=CARTESIAN_POINT('Ctrl Pts',(-105.918040439498,0.852359877559829,50.3794930189017));
#1500=CARTESIAN_POINT('Ctrl Pts',(-103.95199407647,0.85235987755983,49.3993794086184));
#1501=CARTESIAN_POINT('Ctrl Pts',(-102.113786320326,0.852359877559829,48.7329308599702));
#1502=CARTESIAN_POINT('Ctrl Pts',(-99.3360039534456,0.85235987755983,47.7764768257162));
#1503=CARTESIAN_POINT('Ctrl Pts',(-95.1419651785543,0.852359877559828,46.3246023122733));
#1504=CARTESIAN_POINT('Ctrl Pts',(-90.5555801849137,0.852359877559832,44.4766630894397));
#1505=CARTESIAN_POINT('Ctrl Pts',(-87.5790061158279,0.85235987755983,42.433271246621));
#1506=CARTESIAN_POINT('Ctrl Pts',(-86.0447720362676,0.852359877559828,41.1658292870685));
#1507=CARTESIAN_POINT('Ctrl Pts',(-84.5849149971875,0.852359877559829,39.8129623459672));
#1508=CARTESIAN_POINT('Ctrl Pts',(-83.3710667503362,0.852359877559824,38.3590068071945));
#1509=CARTESIAN_POINT('Ctrl Pts',(-82.4339890338445,0.85235987755982,36.5508509656652));
#1510=CARTESIAN_POINT('Ctrl Pts',(-81.9703974332483,0.852359877559798,35.4490381359757));
#1511=CARTESIAN_POINT('Ctrl Pts',(-81.6366101694253,0.852359877559785,34.5632710372816));
#1512=CARTESIAN_POINT('Ctrl Pts',(-81.3945585622956,0.852359877559772,33.8827825798765));
#1513=CARTESIAN_POINT('Ctrl Pts',(-81.1945943541358,0.852359877559747,33.2927998665566));
#1514=CARTESIAN_POINT('Ctrl Pts',(-81.054123473232,0.852359877559734,32.8665945635085));
#1515=CARTESIAN_POINT('Ctrl Pts',(-80.9838692045748,0.852359877559732,32.6508201512596));
#1516=CARTESIAN_POINT('Ctrl Pts',(-80.9487478268303,0.852359877559729,32.5423580140202));
#1517=CARTESIAN_POINT('Ctrl Pts',(-80.9311957465463,0.852359877559729,32.4880103990103));
#1518=CARTESIAN_POINT('Ctrl Pts',(-80.9211655971875,0.852359877559728,32.4569133613557));
#1519=CARTESIAN_POINT('Ctrl Pts',(-80.7558104290225,0.852359877559734,31.9438393063301));
#1520=CARTESIAN_POINT('Ctrl Pts',(-80.5110547588494,0.852359877559816,31.1629678178038));
#1521=CARTESIAN_POINT('Ctrl Pts',(-80.2724829775408,0.852359877559814,30.4008718395714));
#1522=CARTESIAN_POINT('Ctrl Pts',(-80.119929830428,0.852359877559826,29.9189872713495));
#1523=CARTESIAN_POINT('Ctrl Pts',(-80.0380715612676,0.852359877559831,29.6645172413332));
#1524=CARTESIAN_POINT('Ctrl Pts',(-79.9366075656677,0.852359877559828,29.3528262360585));
#1525=CARTESIAN_POINT('Ctrl Pts',(-79.8732151313355,0.852359877559831,29.1580886696241));
#1526=CARTESIAN_POINT('Ctrl Pts',(-79.8098226970032,0.852359877559829,28.9633511031896));
#1527=CARTESIAN_POINT('Ctrl Pts',(-102.302099365078,0.9565977596653,22.43059637604));
#1528=CARTESIAN_POINT('Ctrl Pts',(-102.358037603881,0.956597759665301,22.4803916505249));
#1529=CARTESIAN_POINT('Ctrl Pts',(-102.413975842683,0.956597759665297,22.5301869250097));
#1530=CARTESIAN_POINT('Ctrl Pts',(-102.561411066595,0.956597759665304,22.6614279168906));
#1531=CARTESIAN_POINT('Ctrl Pts',(-102.789109037656,0.956597759665307,22.8605909364208));
#1532=CARTESIAN_POINT('Ctrl Pts',(-103.171712744045,0.956597759665304,23.1801440484106));
#1533=CARTESIAN_POINT('Ctrl Pts',(-103.824394926472,0.956597759665307,23.707066296071));
#1534=CARTESIAN_POINT('Ctrl Pts',(-104.751258378224,0.956597759665304,24.4393917930156));
#1535=CARTESIAN_POINT('Ctrl Pts',(-105.850366601364,0.956597759665307,25.5025347617338));
#1536=CARTESIAN_POINT('Ctrl Pts',(-107.046045760319,0.956597759665305,27.1046208547605));
#1537=CARTESIAN_POINT('Ctrl Pts',(-108.15817491716,0.956597759665311,29.3516264752282));
#1538=CARTESIAN_POINT('Ctrl Pts',(-109.287519709707,0.956597759665299,32.0668382148661));
#1539=CARTESIAN_POINT('Ctrl Pts',(-110.48693549749,0.956597759665304,34.7433366632363));
#1540=CARTESIAN_POINT('Ctrl Pts',(-111.652226713279,0.9565977596653,37.4953281636051));
#1541=CARTESIAN_POINT('Ctrl Pts',(-112.456348373351,0.956597759665301,40.3580499631049));
#1542=CARTESIAN_POINT('Ctrl Pts',(-113.298243575046,0.95659775966531,43.5171341059937));
#1543=CARTESIAN_POINT('Ctrl Pts',(-114.410119143586,0.956597759665303,46.9574447430749));
#1544=CARTESIAN_POINT('Ctrl Pts',(-115.531138374265,0.956597759665307,50.0737830049025));
#1545=CARTESIAN_POINT('Ctrl Pts',(-116.211001795946,0.9565977596653,52.2798773590705));
#1546=CARTESIAN_POINT('Ctrl Pts',(-116.455934846265,0.956597759665302,53.4258167638674));
#1547=CARTESIAN_POINT('Ctrl Pts',(-116.52720586425,0.956597759665304,54.0994390447363));
#1548=CARTESIAN_POINT('Ctrl Pts',(-116.521685257531,0.956597759665303,54.5762776125975));
#1549=CARTESIAN_POINT('Ctrl Pts',(-116.432981984504,0.956597759665297,54.9581379195232));
#1550=CARTESIAN_POINT('Ctrl Pts',(-116.280301536308,0.956597759665304,55.2201841609211));
#1551=CARTESIAN_POINT('Ctrl Pts',(-116.034513458555,0.956597759665301,55.4336849126708));
#1552=CARTESIAN_POINT('Ctrl Pts',(-115.666095843404,0.956597759665303,55.5210531819437));
#1553=CARTESIAN_POINT('Ctrl Pts',(-115.134364117789,0.956597759665302,55.4902019438681));
#1554=CARTESIAN_POINT('Ctrl Pts',(-114.515261612901,0.956597759665303,55.3251237051235));
#1555=CARTESIAN_POINT('Ctrl Pts',(-113.520596579581,0.956597759665303,54.9279744522637));
#1556=CARTESIAN_POINT('Ctrl Pts',(-112.406741013548,0.956597759665303,54.3482065302437));
#1557=CARTESIAN_POINT('Ctrl Pts',(-110.500156680095,0.9565977596653,53.2322153311532));
#1558=CARTESIAN_POINT('Ctrl Pts',(-108.467598346534,0.956597759665304,51.9192301519316));
#1559=CARTESIAN_POINT('Ctrl Pts',(-105.940194326055,0.956597759665303,50.3420311604069));
#1560=CARTESIAN_POINT('Ctrl Pts',(-103.968690950607,0.956597759665304,49.3592214555823));
#1561=CARTESIAN_POINT('Ctrl Pts',(-102.128027635534,0.956597759665302,48.6919345620499));
#1562=CARTESIAN_POINT('Ctrl Pts',(-99.3500989509247,0.956597759665304,47.7354216410384));
#1563=CARTESIAN_POINT('Ctrl Pts',(-95.1562959366165,0.9565977596653,46.2835974865977));
#1564=CARTESIAN_POINT('Ctrl Pts',(-90.5751503295993,0.956597759665307,44.4376639850676));
#1565=CARTESIAN_POINT('Ctrl Pts',(-87.605155921837,0.956597759665304,42.3984921379625));
#1566=CARTESIAN_POINT('Ctrl Pts',(-86.073291412604,0.9565977596653,41.133080537562));
#1567=CARTESIAN_POINT('Ctrl Pts',(-84.6162331802851,0.956597759665302,39.7827208761596));
#1568=CARTESIAN_POINT('Ctrl Pts',(-83.4075493140162,0.956597759665295,38.3347991253489));
#1569=CARTESIAN_POINT('Ctrl Pts',(-82.4734571402936,0.956597759665292,36.532720792324));
#1570=CARTESIAN_POINT('Ctrl Pts',(-82.0107603825429,0.956597759665266,35.433011716803));
#1571=CARTESIAN_POINT('Ctrl Pts',(-81.6773511576003,0.956597759665253,34.5483276434605));
#1572=CARTESIAN_POINT('Ctrl Pts',(-81.4355872722216,0.956597759665238,33.8685988099556));
#1573=CARTESIAN_POINT('Ctrl Pts',(-81.2357436191893,0.956597759665208,33.2790121823579));
#1574=CARTESIAN_POINT('Ctrl Pts',(-81.0953728226706,0.956597759665194,32.8530866941098));
#1575=CARTESIAN_POINT('Ctrl Pts',(-81.0251451758394,0.956597759665191,32.6374063160466));
#1576=CARTESIAN_POINT('Ctrl Pts',(-80.9900447340818,0.956597759665189,32.5290026525463));
#1577=CARTESIAN_POINT('Ctrl Pts',(-80.9724984762291,0.956597759665188,32.4746758581941));
#1578=CARTESIAN_POINT('Ctrl Pts',(-80.9624734406577,0.956597759665188,32.4435937798958));
#1579=CARTESIAN_POINT('Ctrl Pts',(-80.7971886911109,0.956597759665194,31.930737760471));
#1580=CARTESIAN_POINT('Ctrl Pts',(-80.5524898845759,0.956597759665286,31.1500497184265));
#1581=CARTESIAN_POINT('Ctrl Pts',(-80.3138908118208,0.956597759665283,30.3878659834112));
#1582=CARTESIAN_POINT('Ctrl Pts',(-80.1612830824134,0.956597759665296,29.9058086738532));
#1583=CARTESIAN_POINT('Ctrl Pts',(-80.0793731055867,0.956597759665301,29.6511776364036));
#1584=CARTESIAN_POINT('Ctrl Pts',(-79.9778781707221,0.9565977596653,29.3393915189227));
#1585=CARTESIAN_POINT('Ctrl Pts',(-79.9144857363898,0.956597759665307,29.1446539524883));
#1586=CARTESIAN_POINT('Ctrl Pts',(-79.8510933020576,0.956597759665302,28.9499163860538));
#1587=CARTESIAN_POINT('Ctrl Pts',(-102.232791214448,0.999999999999988,22.5084546853078));
#1588=CARTESIAN_POINT('Ctrl Pts',(-102.288729453251,0.999999999999988,22.5582499597927));
#1589=CARTESIAN_POINT('Ctrl Pts',(-102.344667692053,0.999999999999984,22.6080452342776));
#1590=CARTESIAN_POINT('Ctrl Pts',(-102.492586455581,1.,22.7397163932991));
#1591=CARTESIAN_POINT('Ctrl Pts',(-102.721489137099,1.,22.9399253987578));
#1592=CARTESIAN_POINT('Ctrl Pts',(-103.1057189577,1.,23.2608447910028));
#1593=CARTESIAN_POINT('Ctrl Pts',(-103.759874284993,1.,23.7889065602779));
#1594=CARTESIAN_POINT('Ctrl Pts',(-104.683973709431,1.,24.5192356177769));
#1595=CARTESIAN_POINT('Ctrl Pts',(-105.771754792716,1.,25.5717724022134));
#1596=CARTESIAN_POINT('Ctrl Pts',(-106.95511990161,1.,27.1568269895587));
#1597=CARTESIAN_POINT('Ctrl Pts',(-108.062385152532,1.00000000000001,29.3926454561607));
#1598=CARTESIAN_POINT('Ctrl Pts',(-109.191498364385,0.999999999999997,32.1074400184352));
#1599=CARTESIAN_POINT('Ctrl Pts',(-110.392393182821,1.,34.7873653297651));
#1600=CARTESIAN_POINT('Ctrl Pts',(-111.553635335405,0.999999999999996,37.5298429187903));
#1601=CARTESIAN_POINT('Ctrl Pts',(-112.355095653214,0.999999999999998,40.3829879227143));
#1602=CARTESIAN_POINT('Ctrl Pts',(-113.198312780264,1.,43.5469814253989));
#1603=CARTESIAN_POINT('Ctrl Pts',(-114.311705794792,1.,46.9917728741408));
#1604=CARTESIAN_POINT('Ctrl Pts',(-115.43282945127,1.,50.1085439952824));
#1605=CARTESIAN_POINT('Ctrl Pts',(-116.110584986446,0.999999999999998,52.308072997508));
#1606=CARTESIAN_POINT('Ctrl Pts',(-116.353164628745,0.999999999999999,53.4441497090055));
#1607=CARTESIAN_POINT('Ctrl Pts',(-116.423040103588,0.999999999999999,54.1054128178663));
#1608=CARTESIAN_POINT('Ctrl Pts',(-116.417258349478,0.999999999999996,54.566895680765));
#1609=CARTESIAN_POINT('Ctrl Pts',(-116.333345204848,1.,54.9234860865742));
#1610=CARTESIAN_POINT('Ctrl Pts',(-116.197691296918,0.999999999999998,55.1535393576898));
#1611=CARTESIAN_POINT('Ctrl Pts',(-115.989193614597,0.999999999999998,55.3350483357014));
#1612=CARTESIAN_POINT('Ctrl Pts',(-115.661251949107,0.999999999999998,55.4156598660999));
#1613=CARTESIAN_POINT('Ctrl Pts',(-115.154274901472,1.,55.3873185486922));
#1614=CARTESIAN_POINT('Ctrl Pts',(-114.549544632789,1.,55.2263444577745));
#1615=CARTESIAN_POINT('Ctrl Pts',(-113.565677233486,0.999999999999999,54.8338720986303));
#1616=CARTESIAN_POINT('Ctrl Pts',(-112.457471768496,0.999999999999999,54.2571025818233));
#1617=CARTESIAN_POINT('Ctrl Pts',(-110.555855524551,0.999999999999998,53.1440309237918));
#1618=CARTESIAN_POINT('Ctrl Pts',(-108.52402710936,1.,51.8317405834424));
#1619=CARTESIAN_POINT('Ctrl Pts',(-105.993281813343,1.,50.2520207498974));
#1620=CARTESIAN_POINT('Ctrl Pts',(-104.008997437512,1.,49.2628303636603));
#1621=CARTESIAN_POINT('Ctrl Pts',(-102.162054009057,0.999999999999999,48.593417726904));
#1622=CARTESIAN_POINT('Ctrl Pts',(-99.3842954204348,1.,47.6369550670806));
#1623=CARTESIAN_POINT('Ctrl Pts',(-95.1902735625724,0.999999999999997,46.1849637412286));
#1624=CARTESIAN_POINT('Ctrl Pts',(-90.6221798682287,1.,44.3440008937247));
#1625=CARTESIAN_POINT('Ctrl Pts',(-87.66847134623,1.,42.3152143514732));
#1626=CARTESIAN_POINT('Ctrl Pts',(-86.1415689839831,0.999999999999997,41.0543717713379));
#1627=CARTESIAN_POINT('Ctrl Pts',(-84.6915237770067,0.999999999999998,39.7100322251708));
#1628=CARTESIAN_POINT('Ctrl Pts',(-83.4950086634565,0.999999999999992,38.2765690025445));
#1629=CARTESIAN_POINT('Ctrl Pts',(-82.5683570715493,0.999999999999987,36.4893176055582));
#1630=CARTESIAN_POINT('Ctrl Pts',(-82.1075791765967,0.999999999999958,35.3943374532722));
#1631=CARTESIAN_POINT('Ctrl Pts',(-81.7752689614015,0.999999999999944,34.5125614986893));
#1632=CARTESIAN_POINT('Ctrl Pts',(-81.5340800324155,0.999999999999926,33.834461848314));
#1633=CARTESIAN_POINT('Ctrl Pts',(-81.3346006182793,0.999999999999896,33.2459508306006));
#1634=CARTESIAN_POINT('Ctrl Pts',(-81.1944270102684,0.99999999999988,32.8206235685863));
#1635=CARTESIAN_POINT('Ctrl Pts',(-81.1242843363269,0.999999999999875,32.6052049122391));
#1636=CARTESIAN_POINT('Ctrl Pts',(-81.0892236526782,0.999999999999873,32.4969235864367));
#1637=CARTESIAN_POINT('Ctrl Pts',(-81.0716961537274,0.999999999999873,32.4426550946468));
#1638=CARTESIAN_POINT('Ctrl Pts',(-81.0616817448529,0.999999999999872,32.4116058898177));
#1639=CARTESIAN_POINT('Ctrl Pts',(-80.8965690662223,0.999999999999881,31.8992838476266));
#1640=CARTESIAN_POINT('Ctrl Pts',(-80.6520016448236,0.99999999999998,31.1190191583621));
#1641=CARTESIAN_POINT('Ctrl Pts',(-80.4133390106573,0.999999999999975,30.3566308171896));
#1642=CARTESIAN_POINT('Ctrl Pts',(-80.2606008529396,0.99999999999999,29.874160898314));
#1643=CARTESIAN_POINT('Ctrl Pts',(-80.1785658819312,0.999999999999994,29.6191403679463));
#1644=CARTESIAN_POINT('Ctrl Pts',(-80.0769965671667,0.999999999999993,29.3071257545262));
#1645=CARTESIAN_POINT('Ctrl Pts',(-80.0136041328344,0.999999999999997,29.1123881880917));
#1646=CARTESIAN_POINT('Ctrl Pts',(-79.9502116985022,0.999999999999994,28.9176506216573));
#1647=CARTESIAN_POINT('Ctrl Pts',(-102.197976939564,0.999999999999983,22.5475638024343));
#1648=CARTESIAN_POINT('Ctrl Pts',(-102.253915178367,0.999999999999983,22.5973590769192));
#1649=CARTESIAN_POINT('Ctrl Pts',(-102.30985341717,0.99999999999998,22.6471543514041));
#1650=CARTESIAN_POINT('Ctrl Pts',(-102.458003916728,1.,22.7790354214647));
#1651=CARTESIAN_POINT('Ctrl Pts',(-102.687528031498,1.,22.9797779396894));
#1652=CARTESIAN_POINT('Ctrl Pts',(-103.07255803709,1.,23.3013756922589));
#1653=CARTESIAN_POINT('Ctrl Pts',(-103.727479097076,1.,23.8300243858034));
#1654=CARTESIAN_POINT('Ctrl Pts',(-104.650175632898,1.,24.5593263158333));
#1655=CARTESIAN_POINT('Ctrl Pts',(-105.732269972626,1.,25.6065752488738));
#1656=CARTESIAN_POINT('Ctrl Pts',(-106.909438918998,1.,27.1830213816527));
#1657=CARTESIAN_POINT('Ctrl Pts',(-108.014273305777,1.00000000000001,29.413268554449));
#1658=CARTESIAN_POINT('Ctrl Pts',(-109.143260572203,0.999999999999997,32.1278145914266));
#1659=CARTESIAN_POINT('Ctrl Pts',(-110.344905738736,1.,34.8094929365783));
#1660=CARTESIAN_POINT('Ctrl Pts',(-111.504113364043,0.999999999999996,37.5471780910932));
#1661=CARTESIAN_POINT('Ctrl Pts',(-112.304229290697,0.999999999999998,40.3955024815513));
#1662=CARTESIAN_POINT('Ctrl Pts',(-113.148129421533,1.,43.5620026532744));
#1663=CARTESIAN_POINT('Ctrl Pts',(-114.262258241127,1.,47.0089957349266));
#1664=CARTESIAN_POINT('Ctrl Pts',(-115.383450109463,1.,50.1260044339558));
#1665=CARTESIAN_POINT('Ctrl Pts',(-116.0601229076,0.999999999999998,52.3221902984786));
#1666=CARTESIAN_POINT('Ctrl Pts',(-116.301498293947,0.999999999999999,53.4533441112585));
#1667=CARTESIAN_POINT('Ctrl Pts',(-116.370695583429,0.999999999999999,54.1083822300147));
#1668=CARTESIAN_POINT('Ctrl Pts',(-116.364697616025,0.999999999999996,54.5621517463309));
#1669=CARTESIAN_POINT('Ctrl Pts',(-116.283318148132,1.,54.906031085093));
#1670=CARTESIAN_POINT('Ctrl Pts',(-116.155980821703,0.999999999999998,55.1200592520828));
#1671=CARTESIAN_POINT('Ctrl Pts',(-115.966723686317,0.999999999999998,55.285509749659));
#1672=CARTESIAN_POINT('Ctrl Pts',(-115.658784004492,0.999999999999998,55.3627209456086));
#1673=CARTESIAN_POINT('Ctrl Pts',(-115.164247683326,1.,55.3356610937825));
#1674=CARTESIAN_POINT('Ctrl Pts',(-114.566779447449,1.,55.176768188804));
#1675=CARTESIAN_POINT('Ctrl Pts',(-113.588384118097,0.999999999999999,54.7866193385652));
#1676=CARTESIAN_POINT('Ctrl Pts',(-112.482955632766,0.999999999999999,54.2113502193107));
#1677=CARTESIAN_POINT('Ctrl Pts',(-110.583847917271,0.999999999999998,53.0997285377234));
#1678=CARTESIAN_POINT('Ctrl Pts',(-108.552402193292,1.,51.7878074281506));
#1679=CARTESIAN_POINT('Ctrl Pts',(-106.01989081401,1.,50.2067884635619));
#1680=CARTESIAN_POINT('Ctrl Pts',(-104.029343469378,1.,49.2144386435949));
#1681=CARTESIAN_POINT('Ctrl Pts',(-102.179060491811,0.999999999999999,48.5439039304756));
#1682=CARTESIAN_POINT('Ctrl Pts',(-99.4016394305684,1.,47.5875591762382));
#1683=CARTESIAN_POINT('Ctrl Pts',(-95.2071281582437,0.999999999999997,46.135344607043));
#1684=CARTESIAN_POINT('Ctrl Pts',(-90.6458171178782,1.,44.2969528101533));
#1685=CARTESIAN_POINT('Ctrl Pts',(-87.7005229983709,1.,42.2735038993623));
#1686=CARTESIAN_POINT('Ctrl Pts',(-86.175760898406,0.999999999999997,41.014807878461));
#1687=CARTESIAN_POINT('Ctrl Pts',(-84.7293791820879,0.999999999999998,39.6734915582517));
#1688=CARTESIAN_POINT('Ctrl Pts',(-83.5388632724534,0.999999999999992,38.2472752403825));
#1689=CARTESIAN_POINT('Ctrl Pts',(-82.6160798243876,0.999999999999987,36.4675831296507));
#1690=CARTESIAN_POINT('Ctrl Pts',(-82.1561544945615,0.999999999999958,35.3748219458097));
#1691=CARTESIAN_POINT('Ctrl Pts',(-81.8244886919001,0.999999999999944,34.4946551948987));
#1692=CARTESIAN_POINT('Ctrl Pts',(-81.5835324702267,0.999999999999926,33.8172795533428));
#1693=CARTESIAN_POINT('Ctrl Pts',(-81.3842721287462,0.999999999999896,33.2293689319174));
#1694=CARTESIAN_POINT('Ctrl Pts',(-81.244176697663,0.99999999999988,32.8043064936035));
#1695=CARTESIAN_POINT('Ctrl Pts',(-81.1740868750573,0.999999999999875,32.589036648129));
#1696=CARTESIAN_POINT('Ctrl Pts',(-81.1390410755967,0.999999999999873,32.4808080261665));
#1697=CARTESIAN_POINT('Ctrl Pts',(-81.1215253077797,0.999999999999873,32.4265728316375));
#1698=CARTESIAN_POINT('Ctrl Pts',(-81.1115154368468,0.999999999999872,32.3955386632837));
#1699=CARTESIAN_POINT('Ctrl Pts',(-80.9464906167048,0.999999999999881,31.8834898361248));
#1700=CARTESIAN_POINT('Ctrl Pts',(-80.7019866863786,0.99999999999998,31.1034294753901));
#1701=CARTESIAN_POINT('Ctrl Pts',(-80.4632930834559,0.999999999999975,30.3409413342721));
#1702=CARTESIAN_POINT('Ctrl Pts',(-80.3104897293263,0.99999999999999,29.8582652487322));
#1703=CARTESIAN_POINT('Ctrl Pts',(-80.2283915810617,0.999999999999994,29.6030477151992));
#1704=CARTESIAN_POINT('Ctrl Pts',(-80.1267848686645,0.999999999999991,29.29091829291));
#1705=CARTESIAN_POINT('Ctrl Pts',(-80.0633924343323,0.999999999999991,29.0961807264756));
#1706=CARTESIAN_POINT('Ctrl Pts',(-80.,0.999999999999991,28.9014431600411));
#1707=CARTESIAN_POINT('',(-80.,0.8,29.547563802493));
#1708=CARTESIAN_POINT('Ctrl Pts',(-102.498772386838,0.8,22.5475637923455));
#1709=CARTESIAN_POINT('Ctrl Pts',(-102.590289671273,0.8,22.6290273493364));
#1710=CARTESIAN_POINT('Ctrl Pts',(-102.817390288206,0.8,22.8276610156273));
#1711=CARTESIAN_POINT('Ctrl Pts',(-103.199181132354,0.8,23.1465369574534));
#1712=CARTESIAN_POINT('Ctrl Pts',(-103.851272116375,0.8,23.6729972501574));
#1713=CARTESIAN_POINT('Ctrl Pts',(-104.779273967024,0.8,24.4061330926446));
#1714=CARTESIAN_POINT('Ctrl Pts',(-105.883101139965,0.8,25.4737264758664));
#1715=CARTESIAN_POINT('Ctrl Pts',(-107.08389838928,0.8,27.0828581518868));
#1716=CARTESIAN_POINT('Ctrl Pts',(-108.198063385835,0.8,29.3345633120098));
#1717=CARTESIAN_POINT('Ctrl Pts',(-109.327496316926,0.8,32.0499151846832));
#1718=CARTESIAN_POINT('Ctrl Pts',(-110.526302656963,0.8,34.7250140564092));
#1719=CARTESIAN_POINT('Ctrl Pts',(-111.693279260532,0.800000000000001,37.4809553106278));
#1720=CARTESIAN_POINT('Ctrl Pts',(-112.498502522487,0.799999999999999,40.3476559835356));
#1721=CARTESIAN_POINT('Ctrl Pts',(-113.33986365887,0.800000000000001,43.5047309905029));
#1722=CARTESIAN_POINT('Ctrl Pts',(-114.451084635784,0.799999999999999,46.9431336018956));
#1723=CARTESIAN_POINT('Ctrl Pts',(-115.572073959233,0.8,50.0593089859456));
#1724=CARTESIAN_POINT('Ctrl Pts',(-116.252794450483,0.799999999999999,52.2680979917875));
#1725=CARTESIAN_POINT('Ctrl Pts',(-116.498688358379,0.799999999999999,53.4181709071833));
#1726=CARTESIAN_POINT('Ctrl Pts',(-116.570560097886,0.799999999999999,54.0969247580594));
#1727=CARTESIAN_POINT('Ctrl Pts',(-116.565074978696,0.799999999999999,54.5801570852227));
#1728=CARTESIAN_POINT('Ctrl Pts',(-116.474487067897,0.799999999999999,54.9725239410489));
#1729=CARTESIAN_POINT('Ctrl Pts',(-116.314513839324,0.799999999999999,55.2479303606456));
#1730=CARTESIAN_POINT('Ctrl Pts',(-116.053637480514,0.799999999999999,55.4747615250101));
#1731=CARTESIAN_POINT('Ctrl Pts',(-115.668082751767,0.799999999999999,55.564937676358));
#1732=CARTESIAN_POINT('Ctrl Pts',(-115.126049065544,0.8,55.5330591992461));
#1733=CARTESIAN_POINT('Ctrl Pts',(-114.500999070513,0.8,55.3662889935107));
#1734=CARTESIAN_POINT('Ctrl Pts',(-113.501879752872,0.8,54.9671702114748));
#1735=CARTESIAN_POINT('Ctrl Pts',(-112.385618959021,0.8,54.3861488824328));
#1736=CARTESIAN_POINT('Ctrl Pts',(-110.476977226414,0.8,53.2689278048264));
#1737=CARTESIAN_POINT('Ctrl Pts',(-108.444128792472,0.799999999999999,51.955670715193));
#1738=CARTESIAN_POINT('Ctrl Pts',(-105.918040439498,0.8,50.3794930189017));
#1739=CARTESIAN_POINT('Ctrl Pts',(-103.95199407647,0.8,49.3993794086184));
#1740=CARTESIAN_POINT('Ctrl Pts',(-102.113786320326,0.8,48.7329308599702));
#1741=CARTESIAN_POINT('Ctrl Pts',(-99.3360039534456,0.8,47.7764768257162));
#1742=CARTESIAN_POINT('Ctrl Pts',(-95.1419651785543,0.799999999999999,46.3246023122733));
#1743=CARTESIAN_POINT('Ctrl Pts',(-90.5555801849137,0.800000000000001,44.4766630894397));
#1744=CARTESIAN_POINT('Ctrl Pts',(-87.5790061158279,0.799999999999999,42.433271246621));
#1745=CARTESIAN_POINT('Ctrl Pts',(-86.0447720362676,0.799999999999999,41.1658292870685));
#1746=CARTESIAN_POINT('Ctrl Pts',(-84.5849149971875,0.799999999999999,39.8129623459672));
#1747=CARTESIAN_POINT('Ctrl Pts',(-83.3710667503362,0.799999999999996,38.3590068071945));
#1748=CARTESIAN_POINT('Ctrl Pts',(-82.4339890338445,0.799999999999989,36.5508509656652));
#1749=CARTESIAN_POINT('Ctrl Pts',(-81.9703974332483,0.799999999999967,35.4490381359757));
#1750=CARTESIAN_POINT('Ctrl Pts',(-81.6366101694253,0.799999999999956,34.5632710372816));
#1751=CARTESIAN_POINT('Ctrl Pts',(-81.3945585622956,0.799999999999941,33.8827825798765));
#1752=CARTESIAN_POINT('Ctrl Pts',(-81.1945943541358,0.799999999999917,33.2927998665566));
#1753=CARTESIAN_POINT('Ctrl Pts',(-81.054123473232,0.799999999999905,32.8665945635085));
#1754=CARTESIAN_POINT('Ctrl Pts',(-80.9838692045748,0.799999999999901,32.6508201512596));
#1755=CARTESIAN_POINT('Ctrl Pts',(-80.9487478268303,0.7999999999999,32.5423580140202));
#1756=CARTESIAN_POINT('Ctrl Pts',(-80.9311957465463,0.799999999999899,32.4880103990103));
#1757=CARTESIAN_POINT('Ctrl Pts',(-80.9211655971875,0.799999999999899,32.4569133613557));
#1758=CARTESIAN_POINT('Ctrl Pts',(-80.7558104290225,0.799999999999906,31.9438393063301));
#1759=CARTESIAN_POINT('Ctrl Pts',(-80.5110547588494,0.799999999999986,31.1629678178038));
#1760=CARTESIAN_POINT('Ctrl Pts',(-80.2724829775408,0.799999999999984,30.4008718395714));
#1761=CARTESIAN_POINT('Ctrl Pts',(-80.1199594914709,0.799999999999996,29.9190809645909));
#1762=CARTESIAN_POINT('Ctrl Pts',(-80.0381352235252,0.8,29.6647151466165));
#1763=CARTESIAN_POINT('Ctrl Pts',(-79.9999999991972,0.8,29.5475638027544));
#1764=CARTESIAN_POINT('',(-80.,1.,28.9014431600411));
#1765=CARTESIAN_POINT('Ctrl Pts',(-80.,0.8,29.547563802493));
#1766=CARTESIAN_POINT('Ctrl Pts',(-80.,0.808292730027032,29.547563802493));
#1767=CARTESIAN_POINT('Ctrl Pts',(-80.,0.816325452966058,29.5458980534933));
#1768=CARTESIAN_POINT('Ctrl Pts',(-80.,0.833890688275668,29.5390245066828));
#1769=CARTESIAN_POINT('Ctrl Pts',(-80.,0.842886700168097,29.5331071128526));
#1770=CARTESIAN_POINT('Ctrl Pts',(-80.,0.865125210279221,29.5141850836937));
#1771=CARTESIAN_POINT('Ctrl Pts',(-80.,0.877301593797159,29.4984378164941));
#1772=CARTESIAN_POINT('Ctrl Pts',(-80.,0.913287704105093,29.4420128384332));
#1773=CARTESIAN_POINT('Ctrl Pts',(-80.,0.931245894598429,29.39145438866));
#1774=CARTESIAN_POINT('Ctrl Pts',(-80.,0.979125004080629,29.2355751573336));
#1775=CARTESIAN_POINT('Ctrl Pts',(-80.,0.999999999999995,29.0718835747023));
#1776=CARTESIAN_POINT('Ctrl Pts',(-80.,0.999999999999993,28.9014431600411));
#1777=CARTESIAN_POINT('',(-102.197976939564,1.,22.5475638024344));
#1778=CARTESIAN_POINT('Ctrl Pts',(-80.,0.999999999999991,28.9014431600411));
#1779=CARTESIAN_POINT('Ctrl Pts',(-80.0633924343323,0.999999999999991,29.0961807264756));
#1780=CARTESIAN_POINT('Ctrl Pts',(-80.1267848686645,0.999999999999991,29.29091829291));
#1781=CARTESIAN_POINT('Ctrl Pts',(-80.2283915810617,0.999999999999994,29.6030477151992));
#1782=CARTESIAN_POINT('Ctrl Pts',(-80.3104897293263,0.99999999999999,29.8582652487322));
#1783=CARTESIAN_POINT('Ctrl Pts',(-80.4632930834559,0.999999999999975,30.3409413342721));
#1784=CARTESIAN_POINT('Ctrl Pts',(-80.7019866863786,0.99999999999998,31.1034294753901));
#1785=CARTESIAN_POINT('Ctrl Pts',(-80.9464906167048,0.999999999999881,31.8834898361248));
#1786=CARTESIAN_POINT('Ctrl Pts',(-81.1115154368468,0.999999999999872,32.3955386632837));
#1787=CARTESIAN_POINT('Ctrl Pts',(-81.1215253077797,0.999999999999873,32.4265728316375));
#1788=CARTESIAN_POINT('Ctrl Pts',(-81.1390410755967,0.999999999999873,32.4808080261665));
#1789=CARTESIAN_POINT('Ctrl Pts',(-81.1740868750573,0.999999999999875,32.589036648129));
#1790=CARTESIAN_POINT('Ctrl Pts',(-81.244176697663,0.99999999999988,32.8043064936035));
#1791=CARTESIAN_POINT('Ctrl Pts',(-81.3842721287462,0.999999999999896,33.2293689319174));
#1792=CARTESIAN_POINT('Ctrl Pts',(-81.5835324702267,0.999999999999926,33.8172795533428));
#1793=CARTESIAN_POINT('Ctrl Pts',(-81.8244886919001,0.999999999999944,34.4946551948987));
#1794=CARTESIAN_POINT('Ctrl Pts',(-82.1561544945615,0.999999999999958,35.3748219458097));
#1795=CARTESIAN_POINT('Ctrl Pts',(-82.6160798243876,0.999999999999987,36.4675831296507));
#1796=CARTESIAN_POINT('Ctrl Pts',(-83.5388632724534,0.999999999999992,38.2472752403825));
#1797=CARTESIAN_POINT('Ctrl Pts',(-84.7293791820879,0.999999999999998,39.6734915582517));
#1798=CARTESIAN_POINT('Ctrl Pts',(-86.175760898406,0.999999999999997,41.014807878461));
#1799=CARTESIAN_POINT('Ctrl Pts',(-87.7005229983709,1.,42.2735038993623));
#1800=CARTESIAN_POINT('Ctrl Pts',(-90.6458171178782,1.,44.2969528101533));
#1801=CARTESIAN_POINT('Ctrl Pts',(-95.2071281582437,0.999999999999997,46.135344607043));
#1802=CARTESIAN_POINT('Ctrl Pts',(-99.4016394305684,1.,47.5875591762382));
#1803=CARTESIAN_POINT('Ctrl Pts',(-102.179060491811,0.999999999999999,48.5439039304756));
#1804=CARTESIAN_POINT('Ctrl Pts',(-104.029343469378,1.,49.2144386435949));
#1805=CARTESIAN_POINT('Ctrl Pts',(-106.01989081401,1.,50.2067884635619));
#1806=CARTESIAN_POINT('Ctrl Pts',(-108.552402193292,1.,51.7878074281506));
#1807=CARTESIAN_POINT('Ctrl Pts',(-110.583847917271,0.999999999999998,53.0997285377234));
#1808=CARTESIAN_POINT('Ctrl Pts',(-112.482955632766,0.999999999999999,54.2113502193107));
#1809=CARTESIAN_POINT('Ctrl Pts',(-113.588384118097,0.999999999999999,54.7866193385652));
#1810=CARTESIAN_POINT('Ctrl Pts',(-114.566779447449,1.,55.176768188804));
#1811=CARTESIAN_POINT('Ctrl Pts',(-115.164247683326,1.,55.3356610937825));
#1812=CARTESIAN_POINT('Ctrl Pts',(-115.658784004492,0.999999999999998,55.3627209456086));
#1813=CARTESIAN_POINT('Ctrl Pts',(-115.966723686317,0.999999999999998,55.285509749659));
#1814=CARTESIAN_POINT('Ctrl Pts',(-116.155980821703,0.999999999999998,55.1200592520828));
#1815=CARTESIAN_POINT('Ctrl Pts',(-116.283318148132,1.,54.906031085093));
#1816=CARTESIAN_POINT('Ctrl Pts',(-116.364697616025,0.999999999999996,54.5621517463309));
#1817=CARTESIAN_POINT('Ctrl Pts',(-116.370695583429,0.999999999999999,54.1083822300147));
#1818=CARTESIAN_POINT('Ctrl Pts',(-116.301498293947,0.999999999999999,53.4533441112585));
#1819=CARTESIAN_POINT('Ctrl Pts',(-116.0601229076,0.999999999999998,52.3221902984786));
#1820=CARTESIAN_POINT('Ctrl Pts',(-115.383450109463,1.,50.1260044339558));
#1821=CARTESIAN_POINT('Ctrl Pts',(-114.262258241127,1.,47.0089957349266));
#1822=CARTESIAN_POINT('Ctrl Pts',(-113.148129421533,1.,43.5620026532744));
#1823=CARTESIAN_POINT('Ctrl Pts',(-112.304229290697,0.999999999999998,40.3955024815513));
#1824=CARTESIAN_POINT('Ctrl Pts',(-111.504113364043,0.999999999999996,37.5471780910932));
#1825=CARTESIAN_POINT('Ctrl Pts',(-110.344905738736,1.,34.8094929365783));
#1826=CARTESIAN_POINT('Ctrl Pts',(-109.143260572203,0.999999999999997,32.1278145914266));
#1827=CARTESIAN_POINT('Ctrl Pts',(-108.014273305777,1.00000000000001,29.413268554449));
#1828=CARTESIAN_POINT('Ctrl Pts',(-106.909438918998,1.,27.1830213816527));
#1829=CARTESIAN_POINT('Ctrl Pts',(-105.732269972626,1.,25.6065752488738));
#1830=CARTESIAN_POINT('Ctrl Pts',(-104.650175632898,1.,24.5593263158333));
#1831=CARTESIAN_POINT('Ctrl Pts',(-103.727479097076,1.,23.8300243858034));
#1832=CARTESIAN_POINT('Ctrl Pts',(-103.07255803709,1.,23.3013756922589));
#1833=CARTESIAN_POINT('Ctrl Pts',(-102.687528031498,1.,22.9797779396894));
#1834=CARTESIAN_POINT('Ctrl Pts',(-102.458003916728,1.,22.7790354214647));
#1835=CARTESIAN_POINT('Ctrl Pts',(-102.30985341717,0.99999999999998,22.6471543514041));
#1836=CARTESIAN_POINT('Ctrl Pts',(-102.253915178367,0.999999999999983,22.5973590769192));
#1837=CARTESIAN_POINT('Ctrl Pts',(-102.197976939564,0.999999999999983,22.5475638024343));
#1838=CARTESIAN_POINT('Ctrl Pts',(-102.197976939564,0.999999999999983,22.5475638024344));
#1839=CARTESIAN_POINT('Ctrl Pts',(-102.198707962639,0.999999999999983,22.5475638024344));
#1840=CARTESIAN_POINT('Ctrl Pts',(-102.199438988704,0.999998228093099,22.5475638024359));
#1841=CARTESIAN_POINT('Ctrl Pts',(-102.233751159139,0.999831887428284,22.5475638024177));
#1842=CARTESIAN_POINT('Ctrl Pts',(-102.267614685414,0.995928298343012,22.5475638024342));
#1843=CARTESIAN_POINT('Ctrl Pts',(-102.330872594341,0.98072437687422,22.547563802434));
#1844=CARTESIAN_POINT('Ctrl Pts',(-102.361021429242,0.969735619856007,22.5475638024339));
#1845=CARTESIAN_POINT('Ctrl Pts',(-102.413648153689,0.941064718621125,22.5475638024338));
#1846=CARTESIAN_POINT('Ctrl Pts',(-102.43709277189,0.923803048396107,22.5475638023898));
#1847=CARTESIAN_POINT('Ctrl Pts',(-102.469803011826,0.887460002551066,22.5475638023949));
#1848=CARTESIAN_POINT('Ctrl Pts',(-102.481172229796,0.870219667864441,22.5475638024327));
#1849=CARTESIAN_POINT('Ctrl Pts',(-102.495272326456,0.834824368630942,22.5475638024327));
#1850=CARTESIAN_POINT('Ctrl Pts',(-102.498772390481,0.817623463148717,22.5475638024336));
#1851=CARTESIAN_POINT('Ctrl Pts',(-102.498772390481,0.8,22.5475638024336));
#1852=CARTESIAN_POINT('Ctrl Pts',(-79.8098226970032,0.8,16.1317765016827));
#1853=CARTESIAN_POINT('Ctrl Pts',(-79.8732151313232,0.8,15.9370389352861));
#1854=CARTESIAN_POINT('Ctrl Pts',(-79.9366075656431,0.8,15.7423013688896));
#1855=CARTESIAN_POINT('Ctrl Pts',(-80.0380715612306,0.8,15.4306103636529));
#1856=CARTESIAN_POINT('Ctrl Pts',(-80.119812388943,0.8,15.1764995315549));
#1857=CARTESIAN_POINT('Ctrl Pts',(-80.2727708806772,0.8,14.6933338524858));
#1858=CARTESIAN_POINT('Ctrl Pts',(-80.4424613204198,0.8,14.1512452221071));
#1859=CARTESIAN_POINT('Ctrl Pts',(-80.6733030676627,0.8,13.4144154746199));
#1860=CARTESIAN_POINT('Ctrl Pts',(-80.9133264307852,0.8,12.6592417739396));
#1861=CARTESIAN_POINT('Ctrl Pts',(-81.1544167246981,0.8,11.9208552717941));
#1862=CARTESIAN_POINT('Ctrl Pts',(-81.4748393329014,0.8,10.9760409160929));
#1863=CARTESIAN_POINT('Ctrl Pts',(-81.8784356747972,0.8,9.86754290357143));
#1864=CARTESIAN_POINT('Ctrl Pts',(-82.4329491003025,0.8,8.54213329910404));
#1865=CARTESIAN_POINT('Ctrl Pts',(-83.1387044510164,0.8,7.1927244236978));
#1866=CARTESIAN_POINT('Ctrl Pts',(-84.0165638829576,0.8,5.95526426064891));
#1867=CARTESIAN_POINT('Ctrl Pts',(-85.0362844078869,0.8,4.8557452303202));
#1868=CARTESIAN_POINT('Ctrl Pts',(-86.1389466540889,0.8,3.84675628162094));
#1869=CARTESIAN_POINT('Ctrl Pts',(-87.6831426124641,0.8,2.5919224646708));
#1870=CARTESIAN_POINT('Ctrl Pts',(-89.7302665214927,0.8,1.18392088199458));
#1871=CARTESIAN_POINT('Ctrl Pts',(-92.3947725964912,0.8,-0.12483335208143));
#1872=CARTESIAN_POINT('Ctrl Pts',(-95.1510088416238,0.8,-1.18939417081764));
#1873=CARTESIAN_POINT('Ctrl Pts',(-97.9381340255756,0.8,-2.19965842803364));
#1874=CARTESIAN_POINT('Ctrl Pts',(-100.261812930116,0.8,-3.00029232242579));
#1875=CARTESIAN_POINT('Ctrl Pts',(-102.114243938471,0.8,-3.6366576793122));
#1876=CARTESIAN_POINT('Ctrl Pts',(-103.491108902154,0.8,-4.14124549484165));
#1877=CARTESIAN_POINT('Ctrl Pts',(-104.827647074771,0.8,-4.73476446132862));
#1878=CARTESIAN_POINT('Ctrl Pts',(-106.266125584987,0.8,-5.51342587814628));
#1879=CARTESIAN_POINT('Ctrl Pts',(-107.811914137875,0.8,-6.46218422720136));
#1880=CARTESIAN_POINT('Ctrl Pts',(-109.489701292271,0.8,-7.53612548524394));
#1881=CARTESIAN_POINT('Ctrl Pts',(-111.161435111996,0.8,-8.58194890499114));
#1882=CARTESIAN_POINT('Ctrl Pts',(-112.583175146103,0.799999999999999,-9.4053174781253));
#1883=CARTESIAN_POINT('Ctrl Pts',(-113.791602020277,0.799999999999999,-9.99525466149299));
#1884=CARTESIAN_POINT('Ctrl Pts',(-114.580771577389,0.799999999999998,-10.3016488347082));
#1885=CARTESIAN_POINT('Ctrl Pts',(-115.256809897121,0.799999999999997,-10.4537434312198));
#1886=CARTESIAN_POINT('Ctrl Pts',(-115.67472326034,0.799999999999996,-10.4703692771889));
#1887=CARTESIAN_POINT('Ctrl Pts',(-115.970979309868,0.799999999999996,-10.3865816447223));
#1888=CARTESIAN_POINT('Ctrl Pts',(-116.168415338042,0.799999999999996,-10.2923161763263));
#1889=CARTESIAN_POINT('Ctrl Pts',(-116.372003356669,0.799999999999997,-10.0884464260664));
#1890=CARTESIAN_POINT('Ctrl Pts',(-116.491144198387,0.799999999999997,-9.80659750770729));
#1891=CARTESIAN_POINT('Ctrl Pts',(-116.557255354758,0.799999999999997,-9.4876081230506));
#1892=CARTESIAN_POINT('Ctrl Pts',(-116.571421769424,0.799999999999998,-9.13247709927557));
#1893=CARTESIAN_POINT('Ctrl Pts',(-116.537941400587,0.799999999999998,-8.61796591003207));
#1894=CARTESIAN_POINT('Ctrl Pts',(-116.431937595872,0.799999999999999,-7.99276937340717));
#1895=CARTESIAN_POINT('Ctrl Pts',(-116.257942510802,0.799999999999999,-7.26062480812421));
#1896=CARTESIAN_POINT('Ctrl Pts',(-115.851459170945,0.799999999999999,-5.82827566778674));
#1897=CARTESIAN_POINT('Ctrl Pts',(-115.120396902004,0.8,-3.7168031584444));
#1898=CARTESIAN_POINT('Ctrl Pts',(-114.143963169937,0.8,-0.911757583793969));
#1899=CARTESIAN_POINT('Ctrl Pts',(-113.255780353469,0.8,1.90584314236662));
#1900=CARTESIAN_POINT('Ctrl Pts',(-112.623446595434,0.8,4.27581307571063));
#1901=CARTESIAN_POINT('Ctrl Pts',(-112.098588026586,0.8,6.17861511728949));
#1902=CARTESIAN_POINT('Ctrl Pts',(-111.495479887568,0.8,8.0752193361303));
#1903=CARTESIAN_POINT('Ctrl Pts',(-110.723110765745,0.8,9.91136057628524));
#1904=CARTESIAN_POINT('Ctrl Pts',(-109.925407297092,0.8,11.7058523229403));
#1905=CARTESIAN_POINT('Ctrl Pts',(-109.141048114885,0.8,13.4990859391769));
#1906=CARTESIAN_POINT('Ctrl Pts',(-108.195168483522,0.8,15.7605345202103));
#1907=CARTESIAN_POINT('Ctrl Pts',(-107.087460295353,0.8,18.0112151854567));
#1908=CARTESIAN_POINT('Ctrl Pts',(-106.030010671622,0.8,19.4218211857583));
#1909=CARTESIAN_POINT('Ctrl Pts',(-105.334079019924,0.8,20.1537681209104));
#1910=CARTESIAN_POINT('Ctrl Pts',(-104.580210853983,0.8,20.8453606839645));
#1911=CARTESIAN_POINT('Ctrl Pts',(-103.804103308657,0.8,21.4596269612668));
#1912=CARTESIAN_POINT('Ctrl Pts',(-103.151718829405,0.8,21.9871019522812));
#1913=CARTESIAN_POINT('Ctrl Pts',(-102.770455133463,0.8,22.3086046526938));
#1914=CARTESIAN_POINT('Ctrl Pts',(-102.590058435278,0.8,22.4663025086454));
#1915=CARTESIAN_POINT('Ctrl Pts',(-102.442834151679,0.8,22.5973590769187));
#1916=CARTESIAN_POINT('Ctrl Pts',(-102.386895912877,0.8,22.6471543514039));
#1917=CARTESIAN_POINT('Ctrl Pts',(-102.330957674074,0.8,22.6969496258891));
#1918=CARTESIAN_POINT('Ctrl Pts',(-79.8098226970032,0.852359877559831,16.1317765016827));
#1919=CARTESIAN_POINT('Ctrl Pts',(-79.8732151313232,0.852359877559833,15.9370389352861));
#1920=CARTESIAN_POINT('Ctrl Pts',(-79.9366075656431,0.852359877559829,15.7423013688896));
#1921=CARTESIAN_POINT('Ctrl Pts',(-80.0380715612306,0.852359877559831,15.4306103636529));
#1922=CARTESIAN_POINT('Ctrl Pts',(-80.119812388943,0.852359877559829,15.1764995315549));
#1923=CARTESIAN_POINT('Ctrl Pts',(-80.2727708806772,0.852359877559832,14.6933338524858));
#1924=CARTESIAN_POINT('Ctrl Pts',(-80.4424613204198,0.852359877559826,14.1512452221071));
#1925=CARTESIAN_POINT('Ctrl Pts',(-80.6733030676627,0.852359877559833,13.4144154746199));
#1926=CARTESIAN_POINT('Ctrl Pts',(-80.9133264307852,0.852359877559831,12.6592417739396));
#1927=CARTESIAN_POINT('Ctrl Pts',(-81.1544167246981,0.852359877559828,11.9208552717941));
#1928=CARTESIAN_POINT('Ctrl Pts',(-81.4748393329014,0.852359877559829,10.9760409160929));
#1929=CARTESIAN_POINT('Ctrl Pts',(-81.8784356747972,0.852359877559828,9.86754290357143));
#1930=CARTESIAN_POINT('Ctrl Pts',(-82.4329491003025,0.852359877559833,8.54213329910404));
#1931=CARTESIAN_POINT('Ctrl Pts',(-83.1387044510164,0.852359877559826,7.1927244236978));
#1932=CARTESIAN_POINT('Ctrl Pts',(-84.0165638829576,0.852359877559832,5.95526426064891));
#1933=CARTESIAN_POINT('Ctrl Pts',(-85.0362844078869,0.85235987755983,4.8557452303202));
#1934=CARTESIAN_POINT('Ctrl Pts',(-86.1389466540889,0.852359877559829,3.84675628162094));
#1935=CARTESIAN_POINT('Ctrl Pts',(-87.6831426124641,0.85235987755983,2.5919224646708));
#1936=CARTESIAN_POINT('Ctrl Pts',(-89.7302665214927,0.852359877559831,1.18392088199458));
#1937=CARTESIAN_POINT('Ctrl Pts',(-92.3947725964912,0.852359877559828,-0.12483335208143));
#1938=CARTESIAN_POINT('Ctrl Pts',(-95.1510088416238,0.852359877559831,-1.18939417081764));
#1939=CARTESIAN_POINT('Ctrl Pts',(-97.9381340255756,0.85235987755983,-2.19965842803364));
#1940=CARTESIAN_POINT('Ctrl Pts',(-100.261812930116,0.85235987755983,-3.00029232242579));
#1941=CARTESIAN_POINT('Ctrl Pts',(-102.114243938471,0.852359877559829,-3.6366576793122));
#1942=CARTESIAN_POINT('Ctrl Pts',(-103.491108902154,0.85235987755983,-4.14124549484165));
#1943=CARTESIAN_POINT('Ctrl Pts',(-104.827647074771,0.852359877559828,-4.73476446132862));
#1944=CARTESIAN_POINT('Ctrl Pts',(-106.266125584987,0.85235987755983,-5.51342587814628));
#1945=CARTESIAN_POINT('Ctrl Pts',(-107.811914137875,0.85235987755983,-6.46218422720136));
#1946=CARTESIAN_POINT('Ctrl Pts',(-109.489701292271,0.85235987755983,-7.53612548524394));
#1947=CARTESIAN_POINT('Ctrl Pts',(-111.161435111996,0.852359877559828,-8.58194890499114));
#1948=CARTESIAN_POINT('Ctrl Pts',(-112.583175146103,0.85235987755983,-9.4053174781253));
#1949=CARTESIAN_POINT('Ctrl Pts',(-113.791602020277,0.852359877559827,-9.99525466149299));
#1950=CARTESIAN_POINT('Ctrl Pts',(-114.580771577389,0.852359877559829,-10.3016488347082));
#1951=CARTESIAN_POINT('Ctrl Pts',(-115.256809897121,0.852359877559826,-10.4537434312198));
#1952=CARTESIAN_POINT('Ctrl Pts',(-115.67472326034,0.852359877559826,-10.4703692771889));
#1953=CARTESIAN_POINT('Ctrl Pts',(-115.970979309868,0.852359877559826,-10.3865816447223));
#1954=CARTESIAN_POINT('Ctrl Pts',(-116.168415338042,0.852359877559828,-10.2923161763263));
#1955=CARTESIAN_POINT('Ctrl Pts',(-116.372003356669,0.852359877559823,-10.0884464260664));
#1956=CARTESIAN_POINT('Ctrl Pts',(-116.491144198387,0.85235987755983,-9.80659750770729));
#1957=CARTESIAN_POINT('Ctrl Pts',(-116.557255354758,0.85235987755983,-9.4876081230506));
#1958=CARTESIAN_POINT('Ctrl Pts',(-116.571421769424,0.852359877559826,-9.13247709927557));
#1959=CARTESIAN_POINT('Ctrl Pts',(-116.537941400587,0.852359877559832,-8.61796591003207));
#1960=CARTESIAN_POINT('Ctrl Pts',(-116.431937595872,0.852359877559827,-7.99276937340717));
#1961=CARTESIAN_POINT('Ctrl Pts',(-116.257942510802,0.852359877559827,-7.26062480812421));
#1962=CARTESIAN_POINT('Ctrl Pts',(-115.851459170945,0.852359877559829,-5.82827566778674));
#1963=CARTESIAN_POINT('Ctrl Pts',(-115.120396902004,0.85235987755983,-3.7168031584444));
#1964=CARTESIAN_POINT('Ctrl Pts',(-114.143963169937,0.85235987755983,-0.911757583793969));
#1965=CARTESIAN_POINT('Ctrl Pts',(-113.255780353469,0.852359877559829,1.90584314236662));
#1966=CARTESIAN_POINT('Ctrl Pts',(-112.623446595434,0.852359877559832,4.27581307571063));
#1967=CARTESIAN_POINT('Ctrl Pts',(-112.098588026586,0.852359877559829,6.17861511728949));
#1968=CARTESIAN_POINT('Ctrl Pts',(-111.495479887568,0.852359877559829,8.0752193361303));
#1969=CARTESIAN_POINT('Ctrl Pts',(-110.723110765745,0.852359877559832,9.91136057628524));
#1970=CARTESIAN_POINT('Ctrl Pts',(-109.925407297092,0.852359877559828,11.7058523229403));
#1971=CARTESIAN_POINT('Ctrl Pts',(-109.141048114885,0.852359877559828,13.4990859391769));
#1972=CARTESIAN_POINT('Ctrl Pts',(-108.195168483522,0.852359877559831,15.7605345202103));
#1973=CARTESIAN_POINT('Ctrl Pts',(-107.087460295353,0.852359877559828,18.0112151854567));
#1974=CARTESIAN_POINT('Ctrl Pts',(-106.030010671622,0.852359877559831,19.4218211857583));
#1975=CARTESIAN_POINT('Ctrl Pts',(-105.334079019924,0.852359877559827,20.1537681209104));
#1976=CARTESIAN_POINT('Ctrl Pts',(-104.580210853983,0.852359877559832,20.8453606839645));
#1977=CARTESIAN_POINT('Ctrl Pts',(-103.804103308657,0.85235987755983,21.4596269612668));
#1978=CARTESIAN_POINT('Ctrl Pts',(-103.151718829405,0.85235987755983,21.9871019522812));
#1979=CARTESIAN_POINT('Ctrl Pts',(-102.770455133463,0.852359877559828,22.3086046526938));
#1980=CARTESIAN_POINT('Ctrl Pts',(-102.590058435278,0.852359877559833,22.4663025086454));
#1981=CARTESIAN_POINT('Ctrl Pts',(-102.442834151679,0.852359877559831,22.5973590769187));
#1982=CARTESIAN_POINT('Ctrl Pts',(-102.386895912877,0.852359877559828,22.6471543514039));
#1983=CARTESIAN_POINT('Ctrl Pts',(-102.330957674074,0.85235987755983,22.6969496258891));
#1984=CARTESIAN_POINT('Ctrl Pts',(-79.8510874224466,0.956603942959367,16.1452093048434));
#1985=CARTESIAN_POINT('Ctrl Pts',(-79.9144798567665,0.95660394295937,15.9504717384468));
#1986=CARTESIAN_POINT('Ctrl Pts',(-79.9778722910865,0.956603942959356,15.7557341720503));
#1987=CARTESIAN_POINT('Ctrl Pts',(-80.079367137601,0.956603942959365,15.4439482606034));
#1988=CARTESIAN_POINT('Ctrl Pts',(-80.1611596542186,0.956603942959363,15.1896766614141));
#1989=CARTESIAN_POINT('Ctrl Pts',(-80.3141734599052,0.956603942959367,14.7063354789454));
#1990=CARTESIAN_POINT('Ctrl Pts',(-80.4838809665393,0.956603942959361,14.1641927058542));
#1991=CARTESIAN_POINT('Ctrl Pts',(-80.7146956103584,0.956603942959367,13.4274486924517));
#1992=CARTESIAN_POINT('Ctrl Pts',(-80.9546396503172,0.956603942959365,12.6725272846445));
#1993=CARTESIAN_POINT('Ctrl Pts',(-81.195602084611,0.956603942959362,11.9345301787019));
#1994=CARTESIAN_POINT('Ctrl Pts',(-81.5157853557116,0.956603942959362,10.9904294159152));
#1995=CARTESIAN_POINT('Ctrl Pts',(-81.9189254328984,0.956603942959362,9.88319207348846));
#1996=CARTESIAN_POINT('Ctrl Pts',(-82.4724059629987,0.956603942959367,8.56032043665676));
#1997=CARTESIAN_POINT('Ctrl Pts',(-83.1759746424023,0.956603942959359,7.21521429956299));
#1998=CARTESIAN_POINT('Ctrl Pts',(-84.0501620699544,0.956603942959366,5.98294400983483));
#1999=CARTESIAN_POINT('Ctrl Pts',(-85.066666374015,0.956603942959363,4.88678520791925));
#2000=CARTESIAN_POINT('Ctrl Pts',(-86.1672474098055,0.956603942959362,3.87968234339607));
#2001=CARTESIAN_POINT('Ctrl Pts',(-87.7090655148872,0.956603942959365,2.62678517774966));
#2002=CARTESIAN_POINT('Ctrl Pts',(-89.7523711767401,0.956603942959365,1.22144928327039));
#2003=CARTESIAN_POINT('Ctrl Pts',(-92.4115031254708,0.95660394295936,-0.0847184498071161));
#2004=CARTESIAN_POINT('Ctrl Pts',(-95.1660873302058,0.956603942959367,-1.1487217129218));
#2005=CARTESIAN_POINT('Ctrl Pts',(-97.9525842680288,0.956603942959364,-2.15873268443907));
#2006=CARTESIAN_POINT('Ctrl Pts',(-100.275816649098,0.956603942959364,-2.95921393440743));
#2007=CARTESIAN_POINT('Ctrl Pts',(-102.128523870031,0.956603942959363,-3.59567931069219));
#2008=CARTESIAN_POINT('Ctrl Pts',(-103.507079960075,0.956603942959364,-4.10085415908462));
#2009=CARTESIAN_POINT('Ctrl Pts',(-104.846958606185,0.956603942959362,-4.69585093433983));
#2010=CARTESIAN_POINT('Ctrl Pts',(-106.288162939874,0.956603942959364,-5.47601361740943));
#2011=CARTESIAN_POINT('Ctrl Pts',(-107.835155385521,0.956603942959365,-6.42554526204602));
#2012=CARTESIAN_POINT('Ctrl Pts',(-109.513082141958,0.956603942959363,-7.49952949629668));
#2013=CARTESIAN_POINT('Ctrl Pts',(-111.18396777421,0.956603942959362,-8.54488737779765));
#2014=CARTESIAN_POINT('Ctrl Pts',(-112.604159625969,0.956603942959365,-9.36712805148888));
#2015=CARTESIAN_POINT('Ctrl Pts',(-113.809320787409,0.956603942959361,-9.95556628042718));
#2016=CARTESIAN_POINT('Ctrl Pts',(-114.594643702068,0.956603942959363,-10.2601426703861));
#2017=CARTESIAN_POINT('Ctrl Pts',(-115.263118393197,0.95660394295936,-10.4106739689039));
#2018=CARTESIAN_POINT('Ctrl Pts',(-115.672035722203,0.956603942959359,-10.4260061315716));
#2019=CARTESIAN_POINT('Ctrl Pts',(-115.955569409728,0.956603942959359,-10.3458775617297));
#2020=CARTESIAN_POINT('Ctrl Pts',(-116.142625805379,0.956603942959361,-10.2563325194957));
#2021=CARTESIAN_POINT('Ctrl Pts',(-116.334347530397,0.956603942959357,-10.0645984351309));
#2022=CARTESIAN_POINT('Ctrl Pts',(-116.44943667638,0.956603942959362,-9.79419924399071));
#2023=CARTESIAN_POINT('Ctrl Pts',(-116.513862313536,0.956603942959365,-9.48313157411072));
#2024=CARTESIAN_POINT('Ctrl Pts',(-116.528019976908,0.95660394295936,-9.13339397203965));
#2025=CARTESIAN_POINT('Ctrl Pts',(-116.494819257127,0.956603942959367,-8.62369447442218));
#2026=CARTESIAN_POINT('Ctrl Pts',(-116.389485306978,0.956603942959362,-8.00167649341669));
#2027=CARTESIAN_POINT('Ctrl Pts',(-116.215971036679,0.956603942959361,-7.27170531694701));
#2028=CARTESIAN_POINT('Ctrl Pts',(-115.810260742289,0.956603942959362,-5.8419657258161));
#2029=CARTESIAN_POINT('Ctrl Pts',(-115.079500968359,0.956603942959364,-3.73129076989598));
#2030=CARTESIAN_POINT('Ctrl Pts',(-114.102830804637,0.956603942959363,-0.925621085383779));
#2031=CARTESIAN_POINT('Ctrl Pts',(-113.214083465105,0.956603942959363,1.89375818381863));
#2032=CARTESIAN_POINT('Ctrl Pts',(-112.581456267209,0.956603942959367,4.26488576461732));
#2033=CARTESIAN_POINT('Ctrl Pts',(-112.056897348008,0.956603942959363,6.16651098448064));
#2034=CARTESIAN_POINT('Ctrl Pts',(-111.45481026787,0.956603942959362,8.05992191528767));
#2035=CARTESIAN_POINT('Ctrl Pts',(-110.683445102889,0.956603942959366,9.89375146881211));
#2036=CARTESIAN_POINT('Ctrl Pts',(-109.88570969651,0.956603942959361,11.6883250742219));
#2037=CARTESIAN_POINT('Ctrl Pts',(-109.101125619734,0.956603942959361,13.4820536899788));
#2038=CARTESIAN_POINT('Ctrl Pts',(-108.155267377491,0.956603942959364,15.7435296176204));
#2039=CARTESIAN_POINT('Ctrl Pts',(-107.049601462611,0.956603942959362,17.9894302240756));
#2040=CARTESIAN_POINT('Ctrl Pts',(-105.996660778884,0.956603942959363,19.393907664812));
#2041=CARTESIAN_POINT('Ctrl Pts',(-105.30369822892,0.95660394295936,20.1227182000212));
#2042=CARTESIAN_POINT('Ctrl Pts',(-104.552455876142,0.956603942959364,20.8119605945443));
#2043=CARTESIAN_POINT('Ctrl Pts',(-103.777298708573,0.956603942959362,21.4255027653877));
#2044=CARTESIAN_POINT('Ctrl Pts',(-103.124183907011,0.956603942959362,21.9535607755847));
#2045=CARTESIAN_POINT('Ctrl Pts',(-102.742188130874,0.95660394295936,22.2756692813848));
#2046=CARTESIAN_POINT('Ctrl Pts',(-102.56141431782,0.956603942959364,22.4337063713675));
#2047=CARTESIAN_POINT('Ctrl Pts',(-102.413979953978,0.956603942959361,22.5649452983402));
#2048=CARTESIAN_POINT('Ctrl Pts',(-102.358041715176,0.956603942959368,22.6147405728254));
#2049=CARTESIAN_POINT('Ctrl Pts',(-102.302103476374,0.956603942959365,22.6645358473106));
#2050=CARTESIAN_POINT('Ctrl Pts',(-79.9502116985022,1.,16.177476983215));
#2051=CARTESIAN_POINT('Ctrl Pts',(-80.0136041328221,1.,15.9827394168185));
#2052=CARTESIAN_POINT('Ctrl Pts',(-80.076996567142,0.999999999999988,15.7880018504219));
#2053=CARTESIAN_POINT('Ctrl Pts',(-80.1785657842096,1.,15.4759874583936));
#2054=CARTESIAN_POINT('Ctrl Pts',(-80.2604829695719,1.,15.2213274370867));
#2055=CARTESIAN_POINT('Ctrl Pts',(-80.4136285101663,1.,14.7375692716002));
#2056=CARTESIAN_POINT('Ctrl Pts',(-80.5833782222791,1.,14.1952908137016));
#2057=CARTESIAN_POINT('Ctrl Pts',(-80.8141278590992,1.,13.4587553248298));
#2058=CARTESIAN_POINT('Ctrl Pts',(-81.0538803819297,1.,12.7044380810685));
#2059=CARTESIAN_POINT('Ctrl Pts',(-81.2945376775287,0.999999999999999,11.9673790785329));
#2060=CARTESIAN_POINT('Ctrl Pts',(-81.6141425630093,0.999999999999998,11.0249870215875));
#2061=CARTESIAN_POINT('Ctrl Pts',(-82.0161939945502,0.999999999999999,9.92078578908153));
#2062=CARTESIAN_POINT('Ctrl Pts',(-82.5671794076834,1.,8.6040033776694));
#2063=CARTESIAN_POINT('Ctrl Pts',(-83.2655150433114,0.999999999999999,7.26924339156702));
#2064=CARTESIAN_POINT('Ctrl Pts',(-84.1308521435764,1.,6.04944785651618));
#2065=CARTESIAN_POINT('Ctrl Pts',(-85.1396834810502,1.,4.96132256840915));
#2066=CARTESIAN_POINT('Ctrl Pts',(-86.2351934272523,0.999999999999999,3.95880609594452));
#2067=CARTESIAN_POINT('Ctrl Pts',(-87.7714059819227,1.,2.71047697898965));
#2068=CARTESIAN_POINT('Ctrl Pts',(-89.8054249059675,1.,1.31163059227163));
#2069=CARTESIAN_POINT('Ctrl Pts',(-92.4516870812655,0.999999999999997,0.0116455286901376));
#2070=CARTESIAN_POINT('Ctrl Pts',(-95.2023042753441,1.,-1.05101958774147));
#2071=CARTESIAN_POINT('Ctrl Pts',(-97.9872997403055,1.,-2.0604158742672));
#2072=CARTESIAN_POINT('Ctrl Pts',(-100.309456823773,1.,-2.8605477881568));
#2073=CARTESIAN_POINT('Ctrl Pts',(-102.162806081345,1.,-3.49723407187769));
#2074=CARTESIAN_POINT('Ctrl Pts',(-103.545452713253,1.,-4.00383647280657));
#2075=CARTESIAN_POINT('Ctrl Pts',(-104.893360683338,0.999999999999998,-4.60237407642396));
#2076=CARTESIAN_POINT('Ctrl Pts',(-106.341091027991,0.999999999999999,-5.3861459106504));
#2077=CARTESIAN_POINT('Ctrl Pts',(-107.890985296491,1.,-6.33752707820881));
#2078=CARTESIAN_POINT('Ctrl Pts',(-109.569234257973,0.999999999999999,-7.41164404086231));
#2079=CARTESIAN_POINT('Ctrl Pts',(-111.23810630961,0.999999999999999,-8.45584610833874));
#2080=CARTESIAN_POINT('Ctrl Pts',(-112.654490429159,0.999999999999999,-9.27550605878926));
#2081=CARTESIAN_POINT('Ctrl Pts',(-113.851870296415,0.999999999999998,-9.86029397414186));
#2082=CARTESIAN_POINT('Ctrl Pts',(-114.627881331553,0.999999999999998,-10.1606244576778));
#2083=CARTESIAN_POINT('Ctrl Pts',(-115.278455657141,0.999999999999996,-10.307226404407));
#2084=CARTESIAN_POINT('Ctrl Pts',(-115.665454446686,0.999999999999996,-10.3198135219069));
#2085=CARTESIAN_POINT('Ctrl Pts',(-115.918721054938,0.999999999999995,-10.2478955351227));
#2086=CARTESIAN_POINT('Ctrl Pts',(-116.080657379342,0.999999999999995,-10.1698867674175));
#2087=CARTESIAN_POINT('Ctrl Pts',(-116.244029697828,0.999999999999996,-10.0072188643707));
#2088=CARTESIAN_POINT('Ctrl Pts',(-116.349140569464,0.999999999999995,-9.7643580880135));
#2089=CARTESIAN_POINT('Ctrl Pts',(-116.409640316649,1.,-9.47232833076432));
#2090=CARTESIAN_POINT('Ctrl Pts',(-116.423707827024,0.999999999999998,-9.13554747474846));
#2091=CARTESIAN_POINT('Ctrl Pts',(-116.391252182498,1.,-8.63741937827431));
#2092=CARTESIAN_POINT('Ctrl Pts',(-116.287458869687,0.999999999999999,-8.02303962859771));
#2093=CARTESIAN_POINT('Ctrl Pts',(-116.1151501497,0.999999999999998,-7.2983498166562));
#2094=CARTESIAN_POINT('Ctrl Pts',(-115.711268690513,0.999999999999998,-5.87478110005482));
#2095=CARTESIAN_POINT('Ctrl Pts',(-114.981270420263,1.,-3.76611705483422));
#2096=CARTESIAN_POINT('Ctrl Pts',(-114.004019221953,0.999999999999999,-0.958909163093609));
#2097=CARTESIAN_POINT('Ctrl Pts',(-113.113920910217,0.999999999999999,1.86473787175191));
#2098=CARTESIAN_POINT('Ctrl Pts',(-112.480589006289,1.,4.23862091686199));
#2099=CARTESIAN_POINT('Ctrl Pts',(-111.956750170142,1.,6.13744044940525));
#2100=CARTESIAN_POINT('Ctrl Pts',(-111.357098097915,0.999999999999999,8.02321595074339));
#2101=CARTESIAN_POINT('Ctrl Pts',(-110.588178553875,1.,9.85140951018778));
#2102=CARTESIAN_POINT('Ctrl Pts',(-109.790348052249,0.999999999999997,11.6462316380123));
#2103=CARTESIAN_POINT('Ctrl Pts',(-109.00522785243,0.999999999999997,13.441130976043));
#2104=CARTESIAN_POINT('Ctrl Pts',(-108.059403290731,0.999999999999999,15.7026872884036));
#2105=CARTESIAN_POINT('Ctrl Pts',(-106.958681930954,0.999999999999999,17.9371306317107));
#2106=CARTESIAN_POINT('Ctrl Pts',(-105.916518286367,0.999999999999998,19.3268286694228));
#2107=CARTESIAN_POINT('Ctrl Pts',(-105.230738326967,0.999999999999998,20.0481428528096));
#2108=CARTESIAN_POINT('Ctrl Pts',(-104.485764629104,0.999999999999998,20.7317220343526));
#2109=CARTESIAN_POINT('Ctrl Pts',(-103.712935055432,0.999999999999998,21.3435311561466));
#2110=CARTESIAN_POINT('Ctrl Pts',(-103.05801013114,0.999999999999996,21.8729971474217));
#2111=CARTESIAN_POINT('Ctrl Pts',(-102.674309123015,0.999999999999996,22.1965480773731));
#2112=CARTESIAN_POINT('Ctrl Pts',(-102.492586104061,0.999999999999996,22.355413208513));
#2113=CARTESIAN_POINT('Ctrl Pts',(-102.344667692053,0.999999999999997,22.4870823705904));
#2114=CARTESIAN_POINT('Ctrl Pts',(-102.28872945325,1.00000000000001,22.5368776450756));
#2115=CARTESIAN_POINT('Ctrl Pts',(-102.232791214448,1.00000000000001,22.5866729195607));
#2116=CARTESIAN_POINT('Ctrl Pts',(-80.,1.,16.1936844448312));
#2117=CARTESIAN_POINT('Ctrl Pts',(-80.0633924343199,1.,15.9989468784347));
#2118=CARTESIAN_POINT('Ctrl Pts',(-80.1267848686398,0.999999999999993,15.8042093120381));
#2119=CARTESIAN_POINT('Ctrl Pts',(-80.2283915810247,1.,15.4920798897867));
#2120=CARTESIAN_POINT('Ctrl Pts',(-80.3103716553545,1.,15.2372235733487));
#2121=CARTESIAN_POINT('Ctrl Pts',(-80.4635827540674,1.,14.7532584325666));
#2122=CARTESIAN_POINT('Ctrl Pts',(-80.6333543128381,1.,14.2109088071259));
#2123=CARTESIAN_POINT('Ctrl Pts',(-80.8640713512443,1.,13.47447943818));
#2124=CARTESIAN_POINT('Ctrl Pts',(-81.1037271582739,1.,12.720464645761));
#2125=CARTESIAN_POINT('Ctrl Pts',(-81.3442322603763,0.999999999999999,11.983878289751));
#2126=CARTESIAN_POINT('Ctrl Pts',(-81.6635447782901,0.999999999999998,11.0423415601712));
#2127=CARTESIAN_POINT('Ctrl Pts',(-82.0650533553761,0.999999999999999,9.93966948275924));
#2128=CARTESIAN_POINT('Ctrl Pts',(-82.6147780437117,1.,8.62594162841205));
#2129=CARTESIAN_POINT('Ctrl Pts',(-83.3104957670319,0.999999999999999,7.29638384799585));
#2130=CARTESIAN_POINT('Ctrl Pts',(-84.1713716423207,1.,6.08285837330808));
#2131=CARTESIAN_POINT('Ctrl Pts',(-85.1763773437518,1.,4.99874765373589));
#2132=CARTESIAN_POINT('Ctrl Pts',(-86.269301741198,0.999999999999999,3.99856471263299));
#2133=CARTESIAN_POINT('Ctrl Pts',(-87.8027557777095,1.,2.75248496771587));
#2134=CARTESIAN_POINT('Ctrl Pts',(-89.8320486519027,1.,1.35694430044691));
#2135=CARTESIAN_POINT('Ctrl Pts',(-92.4718678639323,0.999999999999998,0.0600483248573602));
#2136=CARTESIAN_POINT('Ctrl Pts',(-95.2204932770486,1.,-1.00194530216539));
#2137=CARTESIAN_POINT('Ctrl Pts',(-98.004738692231,1.,-2.01102949162624));
#2138=CARTESIAN_POINT('Ctrl Pts',(-100.326354237477,1.,-2.81099523512603));
#2139=CARTESIAN_POINT('Ctrl Pts',(-102.180014470058,1.,-3.44778210168032));
#2140=CARTESIAN_POINT('Ctrl Pts',(-103.564730818999,1.,-3.95511086766444));
#2141=CARTESIAN_POINT('Ctrl Pts',(-104.916674444728,0.999999999999999,-4.55542208752832));
#2142=CARTESIAN_POINT('Ctrl Pts',(-106.367670977489,0.999999999999999,-5.34100827399219));
#2143=CARTESIAN_POINT('Ctrl Pts',(-107.919028077331,1.,-6.29331410611505));
#2144=CARTESIAN_POINT('Ctrl Pts',(-109.597431832508,0.999999999999999,-7.36751354520691));
#2145=CARTESIAN_POINT('Ctrl Pts',(-111.265305309593,0.999999999999999,-8.41111495687255));
#2146=CARTESIAN_POINT('Ctrl Pts',(-112.679729297365,0.999999999999999,-9.22954762793921));
#2147=CARTESIAN_POINT('Ctrl Pts',(-113.873234777969,0.999999999999998,-9.81247547433248));
#2148=CARTESIAN_POINT('Ctrl Pts',(-114.644530221344,0.999999999999998,-10.1107380125645));
#2149=CARTESIAN_POINT('Ctrl Pts',(-115.286257526945,0.999999999999997,-10.2552730108483));
#2150=CARTESIAN_POINT('Ctrl Pts',(-115.662081577846,0.999999999999996,-10.2666757020596));
#2151=CARTESIAN_POINT('Ctrl Pts',(-115.900303189678,0.999999999999995,-10.1985713436758));
#2152=CARTESIAN_POINT('Ctrl Pts',(-116.04952214809,0.999999999999995,-10.126462676596));
#2153=CARTESIAN_POINT('Ctrl Pts',(-116.198738313462,0.999999999999996,-9.97834831193459));
#2154=CARTESIAN_POINT('Ctrl Pts',(-116.298705698078,0.999999999999995,-9.74933801092365));
#2155=CARTESIAN_POINT('Ctrl Pts',(-116.35729947,1.,-9.46687532363264));
#2156=CARTESIAN_POINT('Ctrl Pts',(-116.371284641093,0.999999999999998,-9.13660289069866));
#2157=CARTESIAN_POINT('Ctrl Pts',(-116.339242533937,1.,-8.64429384924053));
#2158=CARTESIAN_POINT('Ctrl Pts',(-116.236186358993,0.999999999999999,-8.03375216901672));
#2159=CARTESIAN_POINT('Ctrl Pts',(-116.064510266256,0.999999999999998,-7.31174754519391));
#2160=CARTESIAN_POINT('Ctrl Pts',(-115.661532313165,0.999999999999998,-5.89122599147337));
#2161=CARTESIAN_POINT('Ctrl Pts',(-114.931935220599,1.,-3.7836229477299));
#2162=CARTESIAN_POINT('Ctrl Pts',(-113.954385163026,0.999999999999999,-0.975621537992703));
#2163=CARTESIAN_POINT('Ctrl Pts',(-113.063611016508,0.999999999999999,1.85016666692173));
#2164=CARTESIAN_POINT('Ctrl Pts',(-112.429925249289,1.,4.22542012391551));
#2165=CARTESIAN_POINT('Ctrl Pts',(-111.906448246688,1.,6.12284178669587));
#2166=CARTESIAN_POINT('Ctrl Pts',(-111.308009728002,0.999999999999999,8.0048010980752));
#2167=CARTESIAN_POINT('Ctrl Pts',(-110.540336778768,1.,9.83011932920522));
#2168=CARTESIAN_POINT('Ctrl Pts',(-109.742448662323,0.999999999999997,11.6250940977615));
#2169=CARTESIAN_POINT('Ctrl Pts',(-108.957061380147,0.999999999999997,13.4205716352399));
#2170=CARTESIAN_POINT('Ctrl Pts',(-108.011244247933,0.999999999999999,15.6821761999155));
#2171=CARTESIAN_POINT('Ctrl Pts',(-106.913027190813,0.999999999999999,17.9108782681435));
#2172=CARTESIAN_POINT('Ctrl Pts',(-105.876247636432,0.999999999999998,19.2931219797865));
#2173=CARTESIAN_POINT('Ctrl Pts',(-105.19410234846,0.999999999999998,20.0106911285206));
#2174=CARTESIAN_POINT('Ctrl Pts',(-104.452256398737,0.999999999999998,20.6914162711308));
#2175=CARTESIAN_POINT('Ctrl Pts',(-103.680619861035,0.999999999999998,21.3023583272603));
#2176=CARTESIAN_POINT('Ctrl Pts',(-103.024755847577,0.999999999999996,21.8325355303303));
#2177=CARTESIAN_POINT('Ctrl Pts',(-102.640226924296,0.999999999999996,22.1568040943511));
#2178=CARTESIAN_POINT('Ctrl Pts',(-102.458003916727,0.999999999999996,22.3160921834026));
#2179=CARTESIAN_POINT('Ctrl Pts',(-102.309853417169,1.,22.4479732534641));
#2180=CARTESIAN_POINT('Ctrl Pts',(-102.253915178367,1.00000000000001,22.4977685279493));
#2181=CARTESIAN_POINT('Ctrl Pts',(-102.197976939564,1.00000000000001,22.5475638024344));
#2182=CARTESIAN_POINT('',(-80.,1.,16.1936844448312));
#2183=CARTESIAN_POINT('Ctrl Pts',(-102.197976939564,1.00000000000001,22.5475638024344));
#2184=CARTESIAN_POINT('Ctrl Pts',(-102.253915178367,1.00000000000001,22.4977685279493));
#2185=CARTESIAN_POINT('Ctrl Pts',(-102.309853417169,1.,22.4479732534641));
#2186=CARTESIAN_POINT('Ctrl Pts',(-102.458003916727,0.999999999999996,22.3160921834026));
#2187=CARTESIAN_POINT('Ctrl Pts',(-102.640226924296,0.999999999999996,22.1568040943511));
#2188=CARTESIAN_POINT('Ctrl Pts',(-103.024755847577,0.999999999999996,21.8325355303303));
#2189=CARTESIAN_POINT('Ctrl Pts',(-103.680619861035,0.999999999999998,21.3023583272603));
#2190=CARTESIAN_POINT('Ctrl Pts',(-104.452256398737,0.999999999999998,20.6914162711308));
#2191=CARTESIAN_POINT('Ctrl Pts',(-105.19410234846,0.999999999999998,20.0106911285206));
#2192=CARTESIAN_POINT('Ctrl Pts',(-105.876247636432,0.999999999999998,19.2931219797865));
#2193=CARTESIAN_POINT('Ctrl Pts',(-106.913027190813,0.999999999999999,17.9108782681435));
#2194=CARTESIAN_POINT('Ctrl Pts',(-108.011244247933,0.999999999999999,15.6821761999155));
#2195=CARTESIAN_POINT('Ctrl Pts',(-108.957061380147,0.999999999999997,13.4205716352399));
#2196=CARTESIAN_POINT('Ctrl Pts',(-109.742448662323,0.999999999999997,11.6250940977615));
#2197=CARTESIAN_POINT('Ctrl Pts',(-110.540336778768,1.,9.83011932920522));
#2198=CARTESIAN_POINT('Ctrl Pts',(-111.308009728002,0.999999999999999,8.0048010980752));
#2199=CARTESIAN_POINT('Ctrl Pts',(-111.906448246688,1.,6.12284178669587));
#2200=CARTESIAN_POINT('Ctrl Pts',(-112.429925249289,1.,4.22542012391551));
#2201=CARTESIAN_POINT('Ctrl Pts',(-113.063611016508,0.999999999999999,1.85016666692173));
#2202=CARTESIAN_POINT('Ctrl Pts',(-113.954385163026,0.999999999999999,-0.975621537992703));
#2203=CARTESIAN_POINT('Ctrl Pts',(-114.931935220599,1.,-3.7836229477299));
#2204=CARTESIAN_POINT('Ctrl Pts',(-115.661532313165,0.999999999999998,-5.89122599147337));
#2205=CARTESIAN_POINT('Ctrl Pts',(-116.064510266256,0.999999999999998,-7.31174754519391));
#2206=CARTESIAN_POINT('Ctrl Pts',(-116.236186358993,0.999999999999999,-8.03375216901672));
#2207=CARTESIAN_POINT('Ctrl Pts',(-116.339242533937,1.,-8.64429384924053));
#2208=CARTESIAN_POINT('Ctrl Pts',(-116.371284641093,0.999999999999998,-9.13660289069866));
#2209=CARTESIAN_POINT('Ctrl Pts',(-116.35729947,1.,-9.46687532363264));
#2210=CARTESIAN_POINT('Ctrl Pts',(-116.298705698078,0.999999999999995,-9.74933801092365));
#2211=CARTESIAN_POINT('Ctrl Pts',(-116.198738313462,0.999999999999996,-9.97834831193459));
#2212=CARTESIAN_POINT('Ctrl Pts',(-116.04952214809,0.999999999999995,-10.126462676596));
#2213=CARTESIAN_POINT('Ctrl Pts',(-115.900303189678,0.999999999999995,-10.1985713436758));
#2214=CARTESIAN_POINT('Ctrl Pts',(-115.662081577846,0.999999999999996,-10.2666757020596));
#2215=CARTESIAN_POINT('Ctrl Pts',(-115.286257526945,0.999999999999997,-10.2552730108483));
#2216=CARTESIAN_POINT('Ctrl Pts',(-114.644530221344,0.999999999999998,-10.1107380125645));
#2217=CARTESIAN_POINT('Ctrl Pts',(-113.873234777969,0.999999999999998,-9.81247547433248));
#2218=CARTESIAN_POINT('Ctrl Pts',(-112.679729297365,0.999999999999999,-9.22954762793921));
#2219=CARTESIAN_POINT('Ctrl Pts',(-111.265305309593,0.999999999999999,-8.41111495687255));
#2220=CARTESIAN_POINT('Ctrl Pts',(-109.597431832508,0.999999999999999,-7.36751354520691));
#2221=CARTESIAN_POINT('Ctrl Pts',(-107.919028077331,1.,-6.29331410611505));
#2222=CARTESIAN_POINT('Ctrl Pts',(-106.367670977489,0.999999999999999,-5.34100827399219));
#2223=CARTESIAN_POINT('Ctrl Pts',(-104.916674444728,0.999999999999999,-4.55542208752832));
#2224=CARTESIAN_POINT('Ctrl Pts',(-103.564730818999,1.,-3.95511086766444));
#2225=CARTESIAN_POINT('Ctrl Pts',(-102.180014470058,1.,-3.44778210168032));
#2226=CARTESIAN_POINT('Ctrl Pts',(-100.326354237477,1.,-2.81099523512603));
#2227=CARTESIAN_POINT('Ctrl Pts',(-98.004738692231,1.,-2.01102949162624));
#2228=CARTESIAN_POINT('Ctrl Pts',(-95.2204932770486,1.,-1.00194530216539));
#2229=CARTESIAN_POINT('Ctrl Pts',(-92.4718678639323,0.999999999999998,0.0600483248573602));
#2230=CARTESIAN_POINT('Ctrl Pts',(-89.8320486519027,1.,1.35694430044691));
#2231=CARTESIAN_POINT('Ctrl Pts',(-87.8027557777095,1.,2.75248496771587));
#2232=CARTESIAN_POINT('Ctrl Pts',(-86.269301741198,0.999999999999999,3.99856471263299));
#2233=CARTESIAN_POINT('Ctrl Pts',(-85.1763773437518,1.,4.99874765373589));
#2234=CARTESIAN_POINT('Ctrl Pts',(-84.1713716423207,1.,6.08285837330808));
#2235=CARTESIAN_POINT('Ctrl Pts',(-83.3104957670319,0.999999999999999,7.29638384799585));
#2236=CARTESIAN_POINT('Ctrl Pts',(-82.6147780437117,1.,8.62594162841205));
#2237=CARTESIAN_POINT('Ctrl Pts',(-82.0650533553761,0.999999999999999,9.93966948275924));
#2238=CARTESIAN_POINT('Ctrl Pts',(-81.6635447782901,0.999999999999998,11.0423415601712));
#2239=CARTESIAN_POINT('Ctrl Pts',(-81.3442322603763,0.999999999999999,11.983878289751));
#2240=CARTESIAN_POINT('Ctrl Pts',(-81.1037271582739,1.,12.720464645761));
#2241=CARTESIAN_POINT('Ctrl Pts',(-80.8640713512443,1.,13.47447943818));
#2242=CARTESIAN_POINT('Ctrl Pts',(-80.6333543128381,1.,14.2109088071259));
#2243=CARTESIAN_POINT('Ctrl Pts',(-80.4635827540674,1.,14.7532584325666));
#2244=CARTESIAN_POINT('Ctrl Pts',(-80.3103716553545,1.,15.2372235733487));
#2245=CARTESIAN_POINT('Ctrl Pts',(-80.2283915810247,1.,15.4920798897867));
#2246=CARTESIAN_POINT('Ctrl Pts',(-80.1267848686398,0.999999999999993,15.8042093120381));
#2247=CARTESIAN_POINT('Ctrl Pts',(-80.0633924343199,1.,15.9989468784347));
#2248=CARTESIAN_POINT('Ctrl Pts',(-80.,1.,16.1936844448312));
#2249=CARTESIAN_POINT('Ctrl Pts',(-80.,1.,16.1936844448312));
#2250=CARTESIAN_POINT('Ctrl Pts',(-80.,1.,16.0223951989067));
#2251=CARTESIAN_POINT('Ctrl Pts',(-80.,0.978916583623001,15.8579569770825));
#2252=CARTESIAN_POINT('Ctrl Pts',(-80.,0.929670514316262,15.6988406386123));
#2253=CARTESIAN_POINT('Ctrl Pts',(-80.,0.90830526142402,15.6392627374757));
#2254=CARTESIAN_POINT('Ctrl Pts',(-80.,0.866168774141838,15.5828714150393));
#2255=CARTESIAN_POINT('Ctrl Pts',(-80.,0.853588865856179,15.5693430650355));
#2256=CARTESIAN_POINT('Ctrl Pts',(-80.,0.832957566660147,15.5560839213093));
#2257=CARTESIAN_POINT('Ctrl Pts',(-80.,0.826473419662761,15.552861205377));
#2258=CARTESIAN_POINT('Ctrl Pts',(-80.,0.813231579637157,15.548647412476));
#2259=CARTESIAN_POINT('Ctrl Pts',(-80.,0.806687978084096,15.5475638023794));
#2260=CARTESIAN_POINT('Ctrl Pts',(-80.,0.8,15.5475638023794));
#2261=CARTESIAN_POINT('Origin',(-98.3320658020732,1.,22.5475638023983));
#2262=CARTESIAN_POINT('',(-80.,1.,29.547563802493));
#2263=CARTESIAN_POINT('',(-86.2686730416572,1.,22.547563802493));
#2264=CARTESIAN_POINT('Origin',(-85.5186730416572,1.,22.547563802493));
#2265=CARTESIAN_POINT('',(-89.2686730416572,1.,22.547563802493));
#2266=CARTESIAN_POINT('Origin',(-88.5186730416572,1.,22.547563802493));
#2267=CARTESIAN_POINT('Ctrl Pts',(-102.498772390481,-1.,22.5475638024336));
#2268=CARTESIAN_POINT('Ctrl Pts',(-102.498772390481,1.,22.5475638024336));
#2269=CARTESIAN_POINT('Ctrl Pts',(-102.657571273568,-1.,22.6889238834884));
#2270=CARTESIAN_POINT('Ctrl Pts',(-102.657571273568,1.,22.6889238834884));
#2271=CARTESIAN_POINT('Ctrl Pts',(-102.980344685918,-1.,22.9685763851972));
#2272=CARTESIAN_POINT('Ctrl Pts',(-102.980344685918,1.,22.9685763851972));
#2273=CARTESIAN_POINT('Ctrl Pts',(-103.480029473628,-1.,23.3788558386699));
#2274=CARTESIAN_POINT('Ctrl Pts',(-103.480029473628,1.,23.3788558386699));
#2275=CARTESIAN_POINT('Ctrl Pts',(-104.17062262298,-1.,23.9183027306958));
#2276=CARTESIAN_POINT('Ctrl Pts',(-104.17062262298,1.,23.9183027306958));
#2277=CARTESIAN_POINT('Ctrl Pts',(-105.03837562649,-1.,24.6373201533065));
#2278=CARTESIAN_POINT('Ctrl Pts',(-105.03837562649,1.,24.6373201533065));
#2279=CARTESIAN_POINT('Ctrl Pts',(-105.869993887287,-1.,25.4642152571098));
#2280=CARTESIAN_POINT('Ctrl Pts',(-105.869993887287,1.,25.4642152571098));
#2281=CARTESIAN_POINT('Ctrl Pts',(-106.633923338059,-1.,26.4451360797185));
#2282=CARTESIAN_POINT('Ctrl Pts',(-106.633923338059,1.,26.4451360797185));
#2283=CARTESIAN_POINT('Ctrl Pts',(-107.323977989459,-1.,27.5821512276609));
#2284=CARTESIAN_POINT('Ctrl Pts',(-107.323977989459,1.,27.5821512276609));
#2285=CARTESIAN_POINT('Ctrl Pts',(-107.952976638706,-1.,28.8430787880618));
#2286=CARTESIAN_POINT('Ctrl Pts',(-107.952976638706,1.,28.8430787880618));
#2287=CARTESIAN_POINT('Ctrl Pts',(-108.542938204722,-1.,30.1770309802987));
#2288=CARTESIAN_POINT('Ctrl Pts',(-108.542938204722,1.,30.1770309802987));
#2289=CARTESIAN_POINT('Ctrl Pts',(-109.116177494431,-1.,31.5282388871182));
#2290=CARTESIAN_POINT('Ctrl Pts',(-109.116177494431,1.,31.5282388871182));
#2291=CARTESIAN_POINT('Ctrl Pts',(-109.686772565003,-1.,32.849841189713));
#2292=CARTESIAN_POINT('Ctrl Pts',(-109.686772565003,1.,32.849841189713));
#2293=CARTESIAN_POINT('Ctrl Pts',(-110.249920056297,-1.,34.1196337007092));
#2294=CARTESIAN_POINT('Ctrl Pts',(-110.249920056297,1.,34.1196337007092));
#2295=CARTESIAN_POINT('Ctrl Pts',(-110.788541112346,-1.,35.3385582263124));
#2296=CARTESIAN_POINT('Ctrl Pts',(-110.788541112346,1.,35.3385582263124));
#2297=CARTESIAN_POINT('Ctrl Pts',(-111.283415981792,-1.,36.5254850695493));
#2298=CARTESIAN_POINT('Ctrl Pts',(-111.283415981792,1.,36.5254850695493));
#2299=CARTESIAN_POINT('Ctrl Pts',(-111.722308710175,-1.,37.7133675607471));
#2300=CARTESIAN_POINT('Ctrl Pts',(-111.722308710175,1.,37.7133675607471));
#2301=CARTESIAN_POINT('Ctrl Pts',(-112.109026653327,-1.,38.9447323833544));
#2302=CARTESIAN_POINT('Ctrl Pts',(-112.109026653327,1.,38.9447323833544));
#2303=CARTESIAN_POINT('Ctrl Pts',(-112.473871644207,-1.,40.2677927316605));
#2304=CARTESIAN_POINT('Ctrl Pts',(-112.473871644207,1.,40.2677927316605));
#2305=CARTESIAN_POINT('Ctrl Pts',(-112.861326043436,-1.,41.7269718329767));
#2306=CARTESIAN_POINT('Ctrl Pts',(-112.861326043436,1.,41.7269718329767));
#2307=CARTESIAN_POINT('Ctrl Pts',(-113.315677185053,-1.,43.3529351921877));
#2308=CARTESIAN_POINT('Ctrl Pts',(-113.315677185053,1.,43.3529351921877));
#2309=CARTESIAN_POINT('Ctrl Pts',(-113.86750049462,-1.,45.1528738522703));
#2310=CARTESIAN_POINT('Ctrl Pts',(-113.86750049462,1.,45.1528738522703));
#2311=CARTESIAN_POINT('Ctrl Pts',(-114.519518112137,-1.,47.1004159640752));
#2312=CARTESIAN_POINT('Ctrl Pts',(-114.519518112137,1.,47.1004159640752));
#2313=CARTESIAN_POINT('Ctrl Pts',(-115.233248939312,-1.,49.1261632122249));
#2314=CARTESIAN_POINT('Ctrl Pts',(-115.233248939312,1.,49.1261632122249));
#2315=CARTESIAN_POINT('Ctrl Pts',(-115.913709261753,-1.,51.1064611603253));
#2316=CARTESIAN_POINT('Ctrl Pts',(-115.913709261753,1.,51.1064611603253));
#2317=CARTESIAN_POINT('Ctrl Pts',(-116.434504005068,-1.,52.889215916272));
#2318=CARTESIAN_POINT('Ctrl Pts',(-116.434504005068,1.,52.889215916272));
#2319=CARTESIAN_POINT('Ctrl Pts',(-116.664131604183,-1.,54.3207716880373));
#2320=CARTESIAN_POINT('Ctrl Pts',(-116.664131604183,1.,54.3207716880373));
#2321=CARTESIAN_POINT('Ctrl Pts',(-116.493133506589,-1.,55.2737043816124));
#2322=CARTESIAN_POINT('Ctrl Pts',(-116.493133506589,1.,55.2737043816124));
#2323=CARTESIAN_POINT('Ctrl Pts',(-115.857955065246,-1.,55.6712830840547));
#2324=CARTESIAN_POINT('Ctrl Pts',(-115.857955065246,1.,55.6712830840547));
#2325=CARTESIAN_POINT('Ctrl Pts',(-114.773540281504,-1.,55.5207469974935));
#2326=CARTESIAN_POINT('Ctrl Pts',(-114.773540281504,1.,55.5207469974935));
#2327=CARTESIAN_POINT('Ctrl Pts',(-113.335596275542,-1.,54.916039535677));
#2328=CARTESIAN_POINT('Ctrl Pts',(-113.335596275542,1.,54.916039535677));
#2329=CARTESIAN_POINT('Ctrl Pts',(-111.682997521616,-1.,54.0004591182705));
#2330=CARTESIAN_POINT('Ctrl Pts',(-111.682997521616,1.,54.0004591182705));
#2331=CARTESIAN_POINT('Ctrl Pts',(-109.970858493009,-1.,52.9399834679588));
#2332=CARTESIAN_POINT('Ctrl Pts',(-109.970858493009,1.,52.9399834679588));
#2333=CARTESIAN_POINT('Ctrl Pts',(-108.338083511416,-1.,51.89121614994));
#2334=CARTESIAN_POINT('Ctrl Pts',(-108.338083511416,1.,51.89121614994));
#2335=CARTESIAN_POINT('Ctrl Pts',(-106.880158016237,-1.,50.9742165299479));
#2336=CARTESIAN_POINT('Ctrl Pts',(-106.880158016237,1.,50.9742165299479));
#2337=CARTESIAN_POINT('Ctrl Pts',(-105.612168006812,-1.,50.2365246575264));
#2338=CARTESIAN_POINT('Ctrl Pts',(-105.612168006812,1.,50.2365246575264));
#2339=CARTESIAN_POINT('Ctrl Pts',(-104.484418835556,-1.,49.6642243258916));
#2340=CARTESIAN_POINT('Ctrl Pts',(-104.484418835556,1.,49.6642243258916));
#2341=CARTESIAN_POINT('Ctrl Pts',(-103.413933827369,-1.,49.2072509116016));
#2342=CARTESIAN_POINT('Ctrl Pts',(-103.413933827369,1.,49.2072509116016));
#2343=CARTESIAN_POINT('Ctrl Pts',(-102.311352570715,-1.,48.8004292944401));
#2344=CARTESIAN_POINT('Ctrl Pts',(-102.311352570715,1.,48.8004292944401));
#2345=CARTESIAN_POINT('Ctrl Pts',(-101.1080384082,-1.,48.385044692774));
#2346=CARTESIAN_POINT('Ctrl Pts',(-101.1080384082,1.,48.385044692774));
#2347=CARTESIAN_POINT('Ctrl Pts',(-99.7875263321015,-1.,47.9333452940723));
#2348=CARTESIAN_POINT('Ctrl Pts',(-99.7875263321015,1.,47.9333452940723));
#2349=CARTESIAN_POINT('Ctrl Pts',(-98.37526873202,-1.,47.4431643988876));
#2350=CARTESIAN_POINT('Ctrl Pts',(-98.37526873202,1.,47.4431643988876));
#2351=CARTESIAN_POINT('Ctrl Pts',(-96.9207474358176,-1.,46.9270026014516));
#2352=CARTESIAN_POINT('Ctrl Pts',(-96.9207474358176,1.,46.9270026014516));
#2353=CARTESIAN_POINT('Ctrl Pts',(-95.4816167140981,-1.,46.4026225920605));
#2354=CARTESIAN_POINT('Ctrl Pts',(-95.4816167140981,1.,46.4026225920605));
#2355=CARTESIAN_POINT('Ctrl Pts',(-94.108572470869,-1.,45.8840557788645));
#2356=CARTESIAN_POINT('Ctrl Pts',(-94.108572470869,1.,45.8840557788645));
#2357=CARTESIAN_POINT('Ctrl Pts',(-92.8260549584802,-1.,45.3698751345461));
#2358=CARTESIAN_POINT('Ctrl Pts',(-92.8260549584802,1.,45.3698751345461));
#2359=CARTESIAN_POINT('Ctrl Pts',(-91.6308788854526,-1.,44.84333341421));
#2360=CARTESIAN_POINT('Ctrl Pts',(-91.6308788854526,1.,44.84333341421));
#2361=CARTESIAN_POINT('Ctrl Pts',(-90.505555756195,-1.,44.2821366986332));
#2362=CARTESIAN_POINT('Ctrl Pts',(-90.505555756195,1.,44.2821366986332));
#2363=CARTESIAN_POINT('Ctrl Pts',(-89.4278017994801,-1.,43.665887473375));
#2364=CARTESIAN_POINT('Ctrl Pts',(-89.4278017994801,1.,43.665887473375));
#2365=CARTESIAN_POINT('Ctrl Pts',(-88.3806794850506,-1.,42.9835194619708));
#2366=CARTESIAN_POINT('Ctrl Pts',(-88.3806794850506,1.,42.9835194619708));
#2367=CARTESIAN_POINT('Ctrl Pts',(-87.3648193269225,-1.,42.2432250167915));
#2368=CARTESIAN_POINT('Ctrl Pts',(-87.3648193269225,1.,42.2432250167915));
#2369=CARTESIAN_POINT('Ctrl Pts',(-86.394920835556,-1.,41.4654932147624));
#2370=CARTESIAN_POINT('Ctrl Pts',(-86.394920835556,1.,41.4654932147624));
#2371=CARTESIAN_POINT('Ctrl Pts',(-85.4903564014636,-1.,40.6695394635974));
#2372=CARTESIAN_POINT('Ctrl Pts',(-85.4903564014636,1.,40.6695394635974));
#2373=CARTESIAN_POINT('Ctrl Pts',(-84.6682619531584,-1.,39.8631323596264));
#2374=CARTESIAN_POINT('Ctrl Pts',(-84.6682619531584,1.,39.8631323596264));
#2375=CARTESIAN_POINT('Ctrl Pts',(-83.9344044446127,-1.,39.0282213783635));
#2376=CARTESIAN_POINT('Ctrl Pts',(-83.9344044446127,1.,39.0282213783635));
#2377=CARTESIAN_POINT('Ctrl Pts',(-83.2786685238886,-1.,38.1169102953197));
#2378=CARTESIAN_POINT('Ctrl Pts',(-83.2786685238886,1.,38.1169102953197));
#2379=CARTESIAN_POINT('Ctrl Pts',(-82.6836362790711,-1.,37.0777333179088));
#2380=CARTESIAN_POINT('Ctrl Pts',(-82.6836362790711,1.,37.0777333179088));
#2381=CARTESIAN_POINT('Ctrl Pts',(-82.131144316542,-1.,35.8776205520024));
#2382=CARTESIAN_POINT('Ctrl Pts',(-82.131144316542,1.,35.8776205520024));
#2383=CARTESIAN_POINT('Ctrl Pts',(-81.6092122779724,-1.,34.5237830137212));
#2384=CARTESIAN_POINT('Ctrl Pts',(-81.6092122779724,1.,34.5237830137212));
#2385=CARTESIAN_POINT('Ctrl Pts',(-81.1199092211802,-1.,33.0903983912062));
#2386=CARTESIAN_POINT('Ctrl Pts',(-81.1199092211802,1.,33.0903983912062));
#2387=CARTESIAN_POINT('Ctrl Pts',(-80.6751346685449,-1.,31.6928415637797));
#2388=CARTESIAN_POINT('Ctrl Pts',(-80.6751346685449,1.,31.6928415637797));
#2389=CARTESIAN_POINT('Ctrl Pts',(-80.3674360975898,-1.,30.7016908813745));
#2390=CARTESIAN_POINT('Ctrl Pts',(-80.3674360975898,1.,30.7016908813745));
#2391=CARTESIAN_POINT('Ctrl Pts',(-80.1699963323527,-1.,30.0743977088527));
#2392=CARTESIAN_POINT('Ctrl Pts',(-80.1699963323527,1.,30.0743977088527));
#2393=CARTESIAN_POINT('Ctrl Pts',(-80.0540517208109,-1.,29.7136072851764));
#2394=CARTESIAN_POINT('Ctrl Pts',(-80.0540517208109,1.,29.7136072851764));
#2395=CARTESIAN_POINT('Ctrl Pts',(-80.,-1.,29.547563802493));
#2396=CARTESIAN_POINT('Ctrl Pts',(-80.,1.,29.547563802493));
#2397=CARTESIAN_POINT('',(-80.,0.,29.547563802493));
#2398=CARTESIAN_POINT('Origin',(-88.5186730416572,-1.,22.547563802493));
#2399=CARTESIAN_POINT('',(-89.2686730416572,-1.,22.547563802493));
#2400=CARTESIAN_POINT('Origin',(-85.5186730416572,-1.,22.547563802493));
#2401=CARTESIAN_POINT('',(-86.2686730416572,-1.,22.547563802493));
#2402=CARTESIAN_POINT('Origin',(-80.,0.,29.547563802493));
#2403=CARTESIAN_POINT('',(0.,0.,-3.));
#2404=UNCERTAINTY_MEASURE_WITH_UNIT(LENGTH_MEASURE(0.01),#2410,
'DISTANCE_ACCURACY_VALUE',
'Maximum model space distance between geometric entities at asserted c
onnectivities');
#2405=UNCERTAINTY_MEASURE_WITH_UNIT(LENGTH_MEASURE(0.01),#2410,
'DISTANCE_ACCURACY_VALUE',
'Maximum model space distance between geometric entities at asserted c
onnectivities');
#2406=UNCERTAINTY_MEASURE_WITH_UNIT(LENGTH_MEASURE(0.01),#2410,
'DISTANCE_ACCURACY_VALUE',
'Maximum model space distance between geometric entities at asserted c
onnectivities');
#2407=(
GEOMETRIC_REPRESENTATION_CONTEXT(3)
GLOBAL_UNCERTAINTY_ASSIGNED_CONTEXT((#2404))
GLOBAL_UNIT_ASSIGNED_CONTEXT((#2410,#2412,#2413))
REPRESENTATION_CONTEXT('','3D')
);
#2408=(
GEOMETRIC_REPRESENTATION_CONTEXT(3)
GLOBAL_UNCERTAINTY_ASSIGNED_CONTEXT((#2405))
GLOBAL_UNIT_ASSIGNED_CONTEXT((#2410,#2412,#2413))
REPRESENTATION_CONTEXT('','3D')
);
#2409=(
GEOMETRIC_REPRESENTATION_CONTEXT(3)
GLOBAL_UNCERTAINTY_ASSIGNED_CONTEXT((#2406))
GLOBAL_UNIT_ASSIGNED_CONTEXT((#2410,#2412,#2413))
REPRESENTATION_CONTEXT('','3D')
);
#2410=(
LENGTH_UNIT()
NAMED_UNIT(*)
SI_UNIT(.MILLI.,.METRE.)
);
#2411=(
LENGTH_UNIT()
NAMED_UNIT(*)
SI_UNIT($,.METRE.)
);
#2412=(
NAMED_UNIT(*)
PLANE_ANGLE_UNIT()
SI_UNIT($,.RADIAN.)
);
#2413=(
NAMED_UNIT(*)
SI_UNIT($,.STERADIAN.)
SOLID_ANGLE_UNIT()
);
#2414=SHAPE_DEFINITION_REPRESENTATION(#2416,#2419);
#2415=SHAPE_DEFINITION_REPRESENTATION(#2417,#2420);
#2416=PRODUCT_DEFINITION_SHAPE('',$,#2422);
#2417=PRODUCT_DEFINITION_SHAPE('',$,#2423);
#2418=PRODUCT_DEFINITION_SHAPE($,$,#14);
#2419=SHAPE_REPRESENTATION('',(#207,#218),#2407);
#2420=SHAPE_REPRESENTATION('',(#208),#2408);
#2421=PRODUCT_DEFINITION_CONTEXT('part definition',#2429,'design');
#2422=PRODUCT_DEFINITION('pez_semana_15_colagrande',
'pez_semana_15_colagrande v10',#2424,#2421);
#2423=PRODUCT_DEFINITION('Component20','Component20',#2425,#2421);
#2424=PRODUCT_DEFINITION_FORMATION('',$,#2431);
#2425=PRODUCT_DEFINITION_FORMATION('',$,#2432);
#2426=PRODUCT_RELATED_PRODUCT_CATEGORY('pez_semana_15_colagrande v10',
'pez_semana_15_colagrande v10',(#2431));
#2427=PRODUCT_RELATED_PRODUCT_CATEGORY('Component20','Component20',(#2432));
#2428=APPLICATION_PROTOCOL_DEFINITION('international standard',
'automotive_design',2009,#2429);
#2429=APPLICATION_CONTEXT(
'Core Data for Automotive Mechanical Design Process');
#2430=PRODUCT_CONTEXT('part definition',#2429,'mechanical');
#2431=PRODUCT('pez_semana_15_colagrande','pez_semana_15_colagrande v10',
$,(#2430));
#2432=PRODUCT('Component20','Component20',$,(#2430));
#2433=PRESENTATION_STYLE_ASSIGNMENT((#2436));
#2434=PRESENTATION_STYLE_ASSIGNMENT((#2437));
#2435=PRESENTATION_STYLE_ASSIGNMENT((#2438));
#2436=SURFACE_STYLE_USAGE(.BOTH.,#2439);
#2437=SURFACE_STYLE_USAGE(.BOTH.,#2440);
#2438=SURFACE_STYLE_USAGE(.BOTH.,#2441);
#2439=SURFACE_SIDE_STYLE('',(#2442));
#2440=SURFACE_SIDE_STYLE('',(#2443));
#2441=SURFACE_SIDE_STYLE('',(#2444));
#2442=SURFACE_STYLE_FILL_AREA(#2445);
#2443=SURFACE_STYLE_FILL_AREA(#2446);
#2444=SURFACE_STYLE_FILL_AREA(#2447);
#2445=FILL_AREA_STYLE('Steel - Satin',(#2448));
#2446=FILL_AREA_STYLE('Glass - Frosted Light',(#2449));
#2447=FILL_AREA_STYLE('Paint - Metallic (Silver)',(#2450));
#2448=FILL_AREA_STYLE_COLOUR('Steel - Satin',#2451);
#2449=FILL_AREA_STYLE_COLOUR('Glass - Frosted Light',#2452);
#2450=FILL_AREA_STYLE_COLOUR('Paint - Metallic (Silver)',#2453);
#2451=COLOUR_RGB('Steel - Satin',0.627450980392157,0.627450980392157,0.627450980392157);
#2452=COLOUR_RGB('Glass - Frosted Light',0.964705882352941,0.964705882352941,
0.952941176470588);
#2453=COLOUR_RGB('Paint - Metallic (Silver)',0.984313725490196,0.980392156862745,
0.96078431372549);
ENDSEC;
END-ISO-10303-21;
