ISO-10303-21;
HEADER;
/* Generated by software containing ST-Developer
 * from STEP Tools, Inc. (www.steptools.com) 
 */

FILE_DESCRIPTION(
/* description */ (''),
/* implementation_level */ '2;1');

FILE_NAME(
/* name */ 'silicone_tail_superior_mold.step',
/* time_stamp */ '2026-08-19T10:25:21-05:00',
/* author */ (''),
/* organization */ (''),
/* preprocessor_version */ 'ST-DEVELOPER v20.1',
/* originating_system */ 'Autodesk Translation Framework v15.8.0.0',
/* authorisation */ '');

FILE_SCHEMA (('AUTOMOTIVE_DESIGN { 1 0 10303 214 3 1 1 }'));
ENDSEC;

DATA;
#10=MECHANICAL_DESIGN_GEOMETRIC_PRESENTATION_REPRESENTATION('',(#13),#7499);
#11=SHAPE_REPRESENTATION_RELATIONSHIP('SRR','None',#7505,#12);
#12=ADVANCED_BREP_SHAPE_REPRESENTATION('',(#14),#7498);
#13=STYLED_ITEM('',(#7514),#14);
#14=MANIFOLD_SOLID_BREP('tapa:molde2',#2188);
#15=(
BOUNDED_SURFACE()
B_SPLINE_SURFACE(1,2,((#6206,#6207,#6208,#6209,#6210),(#6211,#6212,#6213,
#6214,#6215)),.UNSPECIFIED.,.F.,.F.,.F.)
B_SPLINE_SURFACE_WITH_KNOTS((2,2),(3,2,3),(-0.126841265202879,0.0845608434685905),
(-4.21257753040535,-3.1416012471913,-2.07062496397724),.UNSPECIFIED.)
GEOMETRIC_REPRESENTATION_ITEM()
RATIONAL_B_SPLINE_SURFACE(((1.,0.860019652166963,1.,0.860019652166963,1.),
(1.,0.860019652166963,1.,0.860019652166963,1.)))
REPRESENTATION_ITEM('')
SURFACE()
);
#16=(
BOUNDED_SURFACE()
B_SPLINE_SURFACE(1,2,((#6217,#6218,#6219),(#6220,#6221,#6222)),
 .UNSPECIFIED.,.F.,.F.,.F.)
B_SPLINE_SURFACE_WITH_KNOTS((2,2),(3,3),(-0.126841265202879,0.0845608434685859),
(-1.91016890510586,-1.60016503514209),.UNSPECIFIED.)
GEOMETRIC_REPRESENTATION_ITEM()
RATIONAL_B_SPLINE_SURFACE(((1.,0.988011232049695,1.),(1.,0.988011232049695,
1.)))
REPRESENTATION_ITEM('')
SURFACE()
);
#17=(
BOUNDED_SURFACE()
B_SPLINE_SURFACE(1,2,((#7353,#7354,#7355),(#7356,#7357,#7358)),
 .UNSPECIFIED.,.F.,.F.,.F.)
B_SPLINE_SURFACE_WITH_KNOTS((2,2),(3,3),(-0.126841265202879,0.0845608434685859),
(1.60016503514209,1.91026683344326),.UNSPECIFIED.)
GEOMETRIC_REPRESENTATION_ITEM()
RATIONAL_B_SPLINE_SURFACE(((1.,0.98800367167849,1.),(1.,0.98800367167849,
1.)))
REPRESENTATION_ITEM('')
SURFACE()
);
#18=(
BOUNDED_SURFACE()
B_SPLINE_SURFACE(1,2,((#7402,#7403,#7404,#7405,#7406),(#7407,#7408,#7409,
#7410,#7411)),.UNSPECIFIED.,.F.,.F.,.F.)
B_SPLINE_SURFACE_WITH_KNOTS((2,2),(3,2,3),(0.,0.0571428571428572),(-4.65793715050635,
-3.14159265358979,-1.62524815667324),.UNSPECIFIED.)
GEOMETRIC_REPRESENTATION_ITEM()
RATIONAL_B_SPLINE_SURFACE(((1.,0.726093976552563,1.,0.726093976552563,1.),
(1.,0.726093976552563,1.,0.726093976552563,1.)))
REPRESENTATION_ITEM('')
SURFACE()
);
#19=ELLIPSE('',#2218,17.5,15.);
#20=ELLIPSE('',#2220,6.45975652722204,2.);
#21=ELLIPSE('',#2235,82.1051644823346,1.1);
#22=ELLIPSE('',#2237,11.8258044619848,10.3195460979271);
#23=ELLIPSE('',#2238,11.8258044619848,10.3195460979271);
#24=ELLIPSE('',#2239,11.8258044619848,10.3195460979271);
#25=ELLIPSE('',#2240,11.8258044619848,10.3195460979271);
#26=ELLIPSE('',#2241,11.8258044619848,10.3195460979271);
#27=ELLIPSE('',#2243,17.5,15.);
#28=ELLIPSE('',#2244,11.8258044619848,10.3195460979271);
#29=ELLIPSE('',#2259,82.1051644823346,1.1);
#30=ELLIPSE('',#2284,6.45975652722204,2.);
#31=CYLINDRICAL_SURFACE('',#2212,2.5);
#32=CYLINDRICAL_SURFACE('',#2213,2.5);
#33=CYLINDRICAL_SURFACE('',#2234,1.1);
#34=CYLINDRICAL_SURFACE('',#2258,1.1);
#35=B_SPLINE_SURFACE_WITH_KNOTS('',3,3,((#3275,#3276,#3277,#3278,#3279,
#3280,#3281,#3282,#3283),(#3284,#3285,#3286,#3287,#3288,#3289,#3290,#3291,
#3292),(#3293,#3294,#3295,#3296,#3297,#3298,#3299,#3300,#3301),(#3302,#3303,
#3304,#3305,#3306,#3307,#3308,#3309,#3310),(#3311,#3312,#3313,#3314,#3315,
#3316,#3317,#3318,#3319)),.UNSPECIFIED.,.F.,.F.,.F.,(4,1,4),(4,1,1,1,2,
4),(0.,0.5,1.),(1.35783423574393,1.68531732404912,2.0128004123543,2.34028350065949,
2.99524967726987,3.00427332770537),.UNSPECIFIED.);
#36=B_SPLINE_SURFACE_WITH_KNOTS('',3,1,((#3351,#3352),(#3353,#3354),(#3355,
#3356),(#3357,#3358),(#3359,#3360),(#3361,#3362),(#3363,#3364),(#3365,#3366),
(#3367,#3368),(#3369,#3370),(#3371,#3372),(#3373,#3374),(#3375,#3376),(#3377,
#3378),(#3379,#3380),(#3381,#3382),(#3383,#3384),(#3385,#3386),(#3387,#3388),
(#3389,#3390),(#3391,#3392),(#3393,#3394)),.UNSPECIFIED.,.F.,.F.,.F.,(4,
3,3,3,3,3,3,4),(2,2),(-0.384913740370086,-0.381102713237708,-0.303976261943575,
-0.226739257616747,-0.161368702018739,-0.0961499179926945,-0.0476595265671114,
3.13118280064534E-14),(-0.1375,0.1375),.UNSPECIFIED.);
#37=B_SPLINE_SURFACE_WITH_KNOTS('',3,3,((#3506,#3507,#3508,#3509,#3510,
#3511,#3512,#3513,#3514,#3515),(#3516,#3517,#3518,#3519,#3520,#3521,#3522,
#3523,#3524,#3525),(#3526,#3527,#3528,#3529,#3530,#3531,#3532,#3533,#3534,
#3535),(#3536,#3537,#3538,#3539,#3540,#3541,#3542,#3543,#3544,#3545),(#3546,
#3547,#3548,#3549,#3550,#3551,#3552,#3553,#3554,#3555)),.UNSPECIFIED.,.F.,
 .F.,.F.,(4,1,4),(4,2,1,1,1,1,4),(0.,0.5,1.),(-0.0557660120427852,-0.0467355177030789,
0.280747574020994,0.608230665745066,0.935713757469138,1.26319684919321,
1.59067994091728),.UNSPECIFIED.);
#38=B_SPLINE_SURFACE_WITH_KNOTS('',3,3,((#3589,#3590,#3591,#3592),(#3593,
#3594,#3595,#3596),(#3597,#3598,#3599,#3600),(#3601,#3602,#3603,#3604),
(#3605,#3606,#3607,#3608),(#3609,#3610,#3611,#3612),(#3613,#3614,#3615,
#3616),(#3617,#3618,#3619,#3620),(#3621,#3622,#3623,#3624),(#3625,#3626,
#3627,#3628)),.UNSPECIFIED.,.F.,.F.,.F.,(4,1,1,1,1,1,1,4),(4,4),(0.508666277885537,
0.577618769918241,0.646571261950945,0.715523753983648,0.784476246016352,
0.853428738049055,0.922381230081759,0.991333722114463),(0.,1.),
 .UNSPECIFIED.);
#39=B_SPLINE_SURFACE_WITH_KNOTS('',3,1,((#4028,#4029),(#4030,#4031),(#4032,
#4033),(#4034,#4035),(#4036,#4037),(#4038,#4039)),.UNSPECIFIED.,.F.,.F.,
 .F.,(4,2,4),(2,2),(0.0133597349920825,0.239250287504472,0.720340845858429),
(-0.005,0.5),.UNSPECIFIED.);
#40=B_SPLINE_SURFACE_WITH_KNOTS('',3,1,((#4050,#4051),(#4052,#4053),(#4054,
#4055),(#4056,#4057),(#4058,#4059),(#4060,#4061)),.UNSPECIFIED.,.F.,.F.,
 .F.,(4,2,4),(2,2),(0.,0.522584489783452,0.90730292595317),(-0.005,0.5),
 .UNSPECIFIED.);
#41=B_SPLINE_SURFACE_WITH_KNOTS('',3,3,((#4078,#4079,#4080,#4081),(#4082,
#4083,#4084,#4085),(#4086,#4087,#4088,#4089),(#4090,#4091,#4092,#4093)),
 .UNSPECIFIED.,.F.,.F.,.F.,(4,4),(4,4),(0.773551907699568,0.902480121056912),
(0.,0.577120913980834),.UNSPECIFIED.);
#42=B_SPLINE_SURFACE_WITH_KNOTS('',3,3,((#4150,#4151,#4152,#4153,#4154,
#4155,#4156,#4157,#4158,#4159,#4160,#4161,#4162,#4163,#4164,#4165,#4166,
#4167),(#4168,#4169,#4170,#4171,#4172,#4173,#4174,#4175,#4176,#4177,#4178,
#4179,#4180,#4181,#4182,#4183,#4184,#4185),(#4186,#4187,#4188,#4189,#4190,
#4191,#4192,#4193,#4194,#4195,#4196,#4197,#4198,#4199,#4200,#4201,#4202,
#4203),(#4204,#4205,#4206,#4207,#4208,#4209,#4210,#4211,#4212,#4213,#4214,
#4215,#4216,#4217,#4218,#4219,#4220,#4221),(#4222,#4223,#4224,#4225,#4226,
#4227,#4228,#4229,#4230,#4231,#4232,#4233,#4234,#4235,#4236,#4237,#4238,
#4239),(#4240,#4241,#4242,#4243,#4244,#4245,#4246,#4247,#4248,#4249,#4250,
#4251,#4252,#4253,#4254,#4255,#4256,#4257),(#4258,#4259,#4260,#4261,#4262,
#4263,#4264,#4265,#4266,#4267,#4268,#4269,#4270,#4271,#4272,#4273,#4274,
#4275),(#4276,#4277,#4278,#4279,#4280,#4281,#4282,#4283,#4284,#4285,#4286,
#4287,#4288,#4289,#4290,#4291,#4292,#4293),(#4294,#4295,#4296,#4297,#4298,
#4299,#4300,#4301,#4302,#4303,#4304,#4305,#4306,#4307,#4308,#4309,#4310,
#4311),(#4312,#4313,#4314,#4315,#4316,#4317,#4318,#4319,#4320,#4321,#4322,
#4323,#4324,#4325,#4326,#4327,#4328,#4329)),.UNSPECIFIED.,.T.,.F.,.F.,(4,
1,1,1,1,1,1,4),(4,1,1,1,1,1,1,1,1,1,1,1,1,1,1,4),(-3.14159265358979,-2.24399475256414,
-1.34639685153848,-0.448798950512828,0.448798950512828,1.34639685153848,
2.24399475256414,3.14159265358979),(0.218950993050632,0.25717471185581,
0.269915951457536,0.371845868271342,0.422810826678246,0.435552066279972,
0.448293305881697,0.461034545483423,0.467405165284286,0.470590475184718,
0.472183130134933,0.472979457610041,0.473775785085149,0.524740743492053,
0.550223222695504,0.575705701898956),.UNSPECIFIED.);
#43=B_SPLINE_SURFACE_WITH_KNOTS('',3,3,((#4749,#4750,#4751,#4752),(#4753,
#4754,#4755,#4756),(#4757,#4758,#4759,#4760),(#4761,#4762,#4763,#4764)),
 .UNSPECIFIED.,.F.,.F.,.F.,(4,4),(4,4),(-2.86536602282623,-2.25904298771841),
(0.998829253877178,1.),.UNSPECIFIED.);
#44=B_SPLINE_SURFACE_WITH_KNOTS('',3,3,((#4790,#4791,#4792,#4793,#4794,
#4795,#4796,#4797,#4798,#4799,#4800,#4801,#4802,#4803,#4804,#4805,#4806,
#4807),(#4808,#4809,#4810,#4811,#4812,#4813,#4814,#4815,#4816,#4817,#4818,
#4819,#4820,#4821,#4822,#4823,#4824,#4825),(#4826,#4827,#4828,#4829,#4830,
#4831,#4832,#4833,#4834,#4835,#4836,#4837,#4838,#4839,#4840,#4841,#4842,
#4843),(#4844,#4845,#4846,#4847,#4848,#4849,#4850,#4851,#4852,#4853,#4854,
#4855,#4856,#4857,#4858,#4859,#4860,#4861),(#4862,#4863,#4864,#4865,#4866,
#4867,#4868,#4869,#4870,#4871,#4872,#4873,#4874,#4875,#4876,#4877,#4878,
#4879),(#4880,#4881,#4882,#4883,#4884,#4885,#4886,#4887,#4888,#4889,#4890,
#4891,#4892,#4893,#4894,#4895,#4896,#4897),(#4898,#4899,#4900,#4901,#4902,
#4903,#4904,#4905,#4906,#4907,#4908,#4909,#4910,#4911,#4912,#4913,#4914,
#4915),(#4916,#4917,#4918,#4919,#4920,#4921,#4922,#4923,#4924,#4925,#4926,
#4927,#4928,#4929,#4930,#4931,#4932,#4933),(#4934,#4935,#4936,#4937,#4938,
#4939,#4940,#4941,#4942,#4943,#4944,#4945,#4946,#4947,#4948,#4949,#4950,
#4951),(#4952,#4953,#4954,#4955,#4956,#4957,#4958,#4959,#4960,#4961,#4962,
#4963,#4964,#4965,#4966,#4967,#4968,#4969)),.UNSPECIFIED.,.T.,.F.,.F.,(4,
1,1,1,1,1,1,4),(4,1,1,1,1,1,1,1,1,1,1,1,1,1,1,4),(-3.14159265358979,-2.24399475256414,
-1.34639685153848,-0.448798950512828,0.448798950512828,1.34639685153848,
2.24399475256414,3.14159265358979),(0.218950993050629,0.257174711855806,
0.269915951457532,0.37184586827134,0.422810826678244,0.43555206627997,0.448293305881696,
0.461034545483422,0.467405165284285,0.470590475184717,0.472183130134932,
0.47297945761004,0.473775785085148,0.524740743492052,0.550223222695504,
0.575705701898956),.UNSPECIFIED.);
#45=B_SPLINE_SURFACE_WITH_KNOTS('',3,3,((#5158,#5159,#5160,#5161,#5162,
#5163),(#5164,#5165,#5166,#5167,#5168,#5169),(#5170,#5171,#5172,#5173,#5174,
#5175),(#5176,#5177,#5178,#5179,#5180,#5181),(#5182,#5183,#5184,#5185,#5186,
#5187),(#5188,#5189,#5190,#5191,#5192,#5193),(#5194,#5195,#5196,#5197,#5198,
#5199),(#5200,#5201,#5202,#5203,#5204,#5205),(#5206,#5207,#5208,#5209,#5210,
#5211),(#5212,#5213,#5214,#5215,#5216,#5217)),.UNSPECIFIED.,.F.,.F.,.F.,
(4,1,1,1,1,1,1,4),(4,1,1,4),(-4.93170268459264,-4.42024267573469,-3.90878266687673,
-3.39732265801877,-2.88586264916081,-2.37440264030285,-1.86294263144489,
-1.35148262258693),(0.798721845606174,0.851952904788972,0.87856843438037,
0.985030552745965),.UNSPECIFIED.);
#46=B_SPLINE_SURFACE_WITH_KNOTS('',3,3,((#5276,#5277,#5278,#5279),(#5280,
#5281,#5282,#5283),(#5284,#5285,#5286,#5287),(#5288,#5289,#5290,#5291),
(#5292,#5293,#5294,#5295),(#5296,#5297,#5298,#5299),(#5300,#5301,#5302,
#5303)),.UNSPECIFIED.,.F.,.F.,.F.,(4,1,1,1,4),(4,4),(0.276226630763572,
0.831042214777366,1.38585779879116,2.12561191080955,2.86536602282794),(0.168925282686785,
0.26590813989005),.UNSPECIFIED.);
#47=B_SPLINE_SURFACE_WITH_KNOTS('',3,3,((#5471,#5472,#5473,#5474),(#5475,
#5476,#5477,#5478),(#5479,#5480,#5481,#5482),(#5483,#5484,#5485,#5486),
(#5487,#5488,#5489,#5490),(#5491,#5492,#5493,#5494),(#5495,#5496,#5497,
#5498)),.UNSPECIFIED.,.F.,.F.,.F.,(4,1,1,1,4),(4,4),(0.276226630763581,
0.83104221477705,1.38585779879052,2.12561191080848,2.86536602282643),(0.369641080888524,
0.459887100230799),.UNSPECIFIED.);
#48=B_SPLINE_SURFACE_WITH_KNOTS('',3,3,((#5657,#5658,#5659,#5660,#5661),
(#5662,#5663,#5664,#5665,#5666),(#5667,#5668,#5669,#5670,#5671),(#5672,
#5673,#5674,#5675,#5676),(#5677,#5678,#5679,#5680,#5681),(#5682,#5683,#5684,
#5685,#5686),(#5687,#5688,#5689,#5690,#5691)),.UNSPECIFIED.,.F.,.F.,.F.,
(4,1,1,1,4),(4,1,4),(0.276226630763582,0.831042214777004,1.38585779879043,
2.12561191080832,2.86536602282622),(0.583797108636327,0.622536006159031,
0.674187869522637),.UNSPECIFIED.);
#49=B_SPLINE_SURFACE_WITH_KNOTS('',3,3,((#5856,#5857,#5858,#5859),(#5860,
#5861,#5862,#5863),(#5864,#5865,#5866,#5867),(#5868,#5869,#5870,#5871),
(#5872,#5873,#5874,#5875),(#5876,#5877,#5878,#5879),(#5880,#5881,#5882,
#5883)),.UNSPECIFIED.,.F.,.F.,.F.,(4,1,1,1,4),(4,4),(0.276226630763578,
1.01598074278147,1.75573485479937,2.31055043881279,2.86536602282621),(0.,
0.0701104834536999),.UNSPECIFIED.);
#50=B_SPLINE_SURFACE_WITH_KNOTS('',3,3,((#6001,#6002,#6003,#6004,#6005),
(#6006,#6007,#6008,#6009,#6010),(#6011,#6012,#6013,#6014,#6015),(#6016,
#6017,#6018,#6019,#6020),(#6021,#6022,#6023,#6024,#6025),(#6026,#6027,#6028,
#6029,#6030),(#6031,#6032,#6033,#6034,#6035)),.UNSPECIFIED.,.F.,.F.,.F.,
(4,1,1,1,4),(4,1,4),(0.27622663076358,0.831042214777001,1.38585779879042,
2.12561191080832,2.86536602282621),(0.789723208651473,0.827313385760788,
0.877433621906542),.UNSPECIFIED.);
#51=B_SPLINE_SURFACE_WITH_KNOTS('',3,3,((#6349,#6350,#6351,#6352,#6353,
#6354,#6355),(#6356,#6357,#6358,#6359,#6360,#6361,#6362),(#6363,#6364,#6365,
#6366,#6367,#6368,#6369),(#6370,#6371,#6372,#6373,#6374,#6375,#6376),(#6377,
#6378,#6379,#6380,#6381,#6382,#6383),(#6384,#6385,#6386,#6387,#6388,#6389,
#6390),(#6391,#6392,#6393,#6394,#6395,#6396,#6397),(#6398,#6399,#6400,#6401,
#6402,#6403,#6404),(#6405,#6406,#6407,#6408,#6409,#6410,#6411),(#6412,#6413,
#6414,#6415,#6416,#6417,#6418)),.UNSPECIFIED.,.F.,.F.,.F.,(4,1,1,1,1,1,
1,4),(4,1,1,1,4),(1.35148262258694,1.8629426314449,2.37440264030286,2.88586264916082,
3.39732265801878,3.90878266687674,4.4202426757347,4.93170268459266),(0.798721845606182,
0.838645139993278,0.905183963971772,0.93179949356317,0.985030552745965),
 .UNSPECIFIED.);
#52=B_SPLINE_SURFACE_WITH_KNOTS('',3,3,((#6479,#6480,#6481,#6482,#6483),
(#6484,#6485,#6486,#6487,#6488),(#6489,#6490,#6491,#6492,#6493),(#6494,
#6495,#6496,#6497,#6498),(#6499,#6500,#6501,#6502,#6503),(#6504,#6505,#6506,
#6507,#6508),(#6509,#6510,#6511,#6512,#6513)),.UNSPECIFIED.,.F.,.F.,.F.,
(4,1,1,1,4),(4,1,4),(-6.006958676416,-5.4521430924007,-4.89732750838539,
-4.15757339636498,-3.41781928434457),(0.789723208651474,0.827313385760789,
0.877433621906542),.UNSPECIFIED.);
#53=B_SPLINE_SURFACE_WITH_KNOTS('',3,3,((#6669,#6670,#6671,#6672,#6673),
(#6674,#6675,#6676,#6677,#6678),(#6679,#6680,#6681,#6682,#6683),(#6684,
#6685,#6686,#6687,#6688),(#6689,#6690,#6691,#6692,#6693),(#6694,#6695,#6696,
#6697,#6698),(#6699,#6700,#6701,#6702,#6703)),.UNSPECIFIED.,.F.,.F.,.F.,
(4,1,1,1,4),(4,1,4),(-6.00695867641602,-5.45214309240202,-4.89732750838801,
-4.15757339636935,-3.41781928435068),(0.583797108636327,0.635448971999932,
0.674187869522637),.UNSPECIFIED.);
#54=B_SPLINE_SURFACE_WITH_KNOTS('',3,3,((#6859,#6860,#6861,#6862),(#6863,
#6864,#6865,#6866),(#6867,#6868,#6869,#6870),(#6871,#6872,#6873,#6874),
(#6875,#6876,#6877,#6878),(#6879,#6880,#6881,#6882),(#6883,#6884,#6885,
#6886)),.UNSPECIFIED.,.F.,.F.,.F.,(4,1,1,1,4),(4,4),(-6.00695867641605,
-5.45214309240252,-4.897327508389,-4.15757339637097,-3.41781928435293),
(0.369641080888524,0.459887100230799),.UNSPECIFIED.);
#55=B_SPLINE_SURFACE_WITH_KNOTS('',3,3,((#7039,#7040,#7041,#7042),(#7043,
#7044,#7045,#7046),(#7047,#7048,#7049,#7050),(#7051,#7052,#7053,#7054),
(#7055,#7056,#7057,#7058),(#7059,#7060,#7061,#7062),(#7063,#7064,#7065,
#7066)),.UNSPECIFIED.,.F.,.F.,.F.,(4,1,1,1,4),(4,4),(0.2762266307635,0.831042214776941,
1.38585779879038,2.1256119108083,2.86536602282623),(0.,0.0701104834536996),
 .UNSPECIFIED.);
#56=B_SPLINE_SURFACE_WITH_KNOTS('',3,3,((#7146,#7147,#7148,#7149),(#7150,
#7151,#7152,#7153),(#7154,#7155,#7156,#7157),(#7158,#7159,#7160,#7161),
(#7162,#7163,#7164,#7165),(#7166,#7167,#7168,#7169),(#7170,#7171,#7172,
#7173)),.UNSPECIFIED.,.F.,.F.,.F.,(4,1,1,1,4),(4,4),(-6.00695867641601,
-5.45214309240259,-4.89732750838917,-4.15757339637127,-3.41781928435338),
(0.168925282686785,0.26590813989005),.UNSPECIFIED.);
#57=B_SPLINE_SURFACE_WITH_KNOTS('',3,3,((#7337,#7338,#7339,#7340),(#7341,
#7342,#7343,#7344),(#7345,#7346,#7347,#7348),(#7349,#7350,#7351,#7352)),
 .UNSPECIFIED.,.F.,.F.,.F.,(4,4),(4,4),(-2.86536602282623,-2.25904298771841),
(0.998829253877178,1.),.UNSPECIFIED.);
#58=B_SPLINE_SURFACE_WITH_KNOTS('',3,3,((#7424,#7425,#7426,#7427),(#7428,
#7429,#7430,#7431),(#7432,#7433,#7434,#7435),(#7436,#7437,#7438,#7439),
(#7440,#7441,#7442,#7443)),.UNSPECIFIED.,.F.,.F.,.F.,(4,1,4),(4,4),(0.771722368980329,
0.858307191515702,0.973753621562867),(-3.75113714765124E-43,1.),
 .UNSPECIFIED.);
#59=B_SPLINE_SURFACE_WITH_KNOTS('',3,3,((#7444,#7445,#7446,#7447),(#7448,
#7449,#7450,#7451),(#7452,#7453,#7454,#7455),(#7456,#7457,#7458,#7459)),
 .UNSPECIFIED.,.F.,.F.,.F.,(4,4),(4,4),(0.0974780796259308,0.226448092300432),
(0.,0.577308738907324),.UNSPECIFIED.);
#60=B_SPLINE_SURFACE_WITH_KNOTS('',3,3,((#7476,#7477,#7478,#7479),(#7480,
#7481,#7482,#7483),(#7484,#7485,#7486,#7487),(#7488,#7489,#7490,#7491),
(#7492,#7493,#7494,#7495)),.UNSPECIFIED.,.F.,.F.,.F.,(4,1,4),(4,4),(0.0262364200110847,
0.112825510443336,0.228277631019671),(-6.44648648281818E-8,1.),
 .UNSPECIFIED.);
#61=FACE_BOUND('',#358,.T.);
#62=FACE_BOUND('',#359,.T.);
#63=FACE_BOUND('',#371,.T.);
#64=FACE_BOUND('',#372,.T.);
#65=CIRCLE('',#2206,2.5);
#66=CIRCLE('',#2207,2.5);
#67=CIRCLE('',#2215,7.);
#68=CIRCLE('',#2216,7.);
#69=CIRCLE('',#2217,7.);
#70=CIRCLE('',#2228,1.1);
#71=CIRCLE('',#2229,1.1);
#72=CIRCLE('',#2231,1.1);
#73=CIRCLE('',#2233,1.1);
#74=CIRCLE('',#2257,1.1);
#75=CIRCLE('',#2260,1.1);
#76=CIRCLE('',#2261,1.1);
#77=CIRCLE('',#2263,1.1);
#78=B_SPLINE_CURVE_WITH_KNOTS('',3,(#2694,#2695,#2696,#2697,#2698,#2699,
#2700,#2701,#2702,#2703,#2704,#2705,#2706,#2707,#2708,#2709,#2710,#2711,
#2712,#2713,#2714,#2715,#2716,#2717,#2718,#2719,#2720,#2721,#2722,#2723,
#2724,#2725,#2726,#2727,#2728,#2729,#2730,#2731,#2732,#2733,#2734,#2735,
#2736,#2737,#2738,#2739,#2740,#2741,#2742,#2743,#2744,#2745,#2746,#2747,
#2748,#2749,#2750,#2751,#2752,#2753,#2754,#2755,#2756,#2757,#2758,#2759,
#2760,#2761,#2762,#2763,#2764,#2765,#2766,#2767,#2768,#2769,#2770,#2771,
#2772,#2773,#2774,#2775,#2776,#2777,#2778,#2779,#2780,#2781,#2782,#2783,
#2784,#2785,#2786,#2787,#2788,#2789,#2790,#2791,#2792,#2793,#2794,#2795,
#2796),.UNSPECIFIED.,.F.,.F.,(4,3,3,3,3,3,3,3,3,3,3,3,3,3,3,3,3,3,3,3,3,
3,3,3,3,3,3,3,3,3,3,3,3,3,4),(-0.499318910795885,-0.484875928714242,-0.4726824678488,
-0.458219834467433,-0.444031466740937,-0.438097294620645,-0.42971086011949,
-0.415562667259498,-0.401090994280127,-0.386739593097379,-0.372273115043956,
-0.358020942039598,-0.343768769035241,-0.339073347766609,-0.325008321555445,
-0.310559445872445,-0.300798233976139,-0.286386367570837,-0.272033405553185,
-0.257827666121826,-0.243433195319309,-0.240021947874412,-0.225634783601794,
-0.214856761822609,-0.200521039403545,-0.186099225383615,-0.171885413324749,
-0.15743587686524,-0.14327047468606,-0.140957130506948,-0.128913769384201,
-0.114754876108976,-0.100281600489635,-0.0859421482112089,-0.0797798076505722),
 .UNSPECIFIED.);
#79=B_SPLINE_CURVE_WITH_KNOTS('',3,(#2800,#2801,#2802,#2803,#2804,#2805,
#2806,#2807,#2808,#2809,#2810,#2811,#2812,#2813,#2814,#2815,#2816,#2817,
#2818,#2819,#2820,#2821,#2822,#2823,#2824,#2825,#2826,#2827,#2828,#2829,
#2830,#2831,#2832,#2833,#2834,#2835,#2836,#2837,#2838,#2839,#2840,#2841,
#2842,#2843,#2844,#2845,#2846,#2847,#2848,#2849,#2850,#2851,#2852,#2853,
#2854,#2855,#2856,#2857,#2858,#2859,#2860,#2861,#2862,#2863,#2864,#2865,
#2866,#2867,#2868,#2869,#2870,#2871,#2872,#2873,#2874,#2875,#2876,#2877,
#2878,#2879,#2880,#2881,#2882,#2883,#2884,#2885,#2886,#2887,#2888,#2889,
#2890,#2891,#2892,#2893,#2894,#2895,#2896,#2897,#2898,#2899,#2900,#2901,
#2902),.UNSPECIFIED.,.F.,.F.,(4,3,3,3,3,3,3,3,3,3,3,3,3,3,3,3,3,3,3,3,3,
3,3,3,3,3,3,3,3,3,3,3,3,3,4),(-0.61354986539458,-0.601594719705273,-0.587127989301328,
-0.572875520906826,-0.558623052512324,-0.552372620523116,-0.538293810803829,
-0.52384724272846,-0.515651639670494,-0.501252915443506,-0.486887345389196,
-0.472680664296979,-0.458287895506819,-0.453316796726177,-0.43892731993356,
-0.429710057098625,-0.415388166557477,-0.400954903629865,-0.386739535837495,
-0.372285401533261,-0.358119639282158,-0.354253969294275,-0.343768767336622,
-0.32962453267459,-0.315152991104406,-0.300797563024409,-0.286331292117621,
-0.272078639397433,-0.257825986677245,-0.255226300515496,-0.241155703727133,
-0.22669771943066,-0.214854316625168,-0.200421829660858,-0.19401944777203),
 .UNSPECIFIED.);
#80=B_SPLINE_CURVE_WITH_KNOTS('',3,(#2918,#2919,#2920,#2921),
 .UNSPECIFIED.,.F.,.F.,(4,4),(0.,0.495733852752383),.UNSPECIFIED.);
#81=B_SPLINE_CURVE_WITH_KNOTS('',3,(#2925,#2926,#2927,#2928),
 .UNSPECIFIED.,.F.,.F.,(4,4),(1.03465921709345,1.04879415297686),
 .UNSPECIFIED.);
#82=B_SPLINE_CURVE_WITH_KNOTS('',3,(#2932,#2933,#2934,#2935,#2936,#2937),
 .UNSPECIFIED.,.F.,.F.,(4,2,4),(0.,0.003169643694408,0.00633717550776926),
 .UNSPECIFIED.);
#83=B_SPLINE_CURVE_WITH_KNOTS('',3,(#2939,#2940,#2941,#2942),
 .UNSPECIFIED.,.F.,.F.,(4,4),(0.,0.40463230698696),.UNSPECIFIED.);
#84=B_SPLINE_CURVE_WITH_KNOTS('',3,(#2946,#2947,#2948,#2949),
 .UNSPECIFIED.,.F.,.F.,(4,4),(0.782622758983418,1.18776197255681),
 .UNSPECIFIED.);
#85=B_SPLINE_CURVE_WITH_KNOTS('',3,(#2953,#2954,#2955,#2956),
 .UNSPECIFIED.,.F.,.F.,(4,4),(3.18753531113234,7.38727600296525),
 .UNSPECIFIED.);
#86=B_SPLINE_CURVE_WITH_KNOTS('',3,(#2960,#2961,#2962,#2963),
 .UNSPECIFIED.,.F.,.F.,(4,4),(1.47519832970038,1.88016239881259),
 .UNSPECIFIED.);
#87=B_SPLINE_CURVE_WITH_KNOTS('',3,(#2967,#2968,#2969,#2970),
 .UNSPECIFIED.,.F.,.F.,(4,4),(12.667422786624,15.0706852406296),
 .UNSPECIFIED.);
#88=B_SPLINE_CURVE_WITH_KNOTS('',3,(#2974,#2975,#2976,#2977),
 .UNSPECIFIED.,.F.,.F.,(4,4),(2.16503254909745,2.5834355710851),
 .UNSPECIFIED.);
#89=B_SPLINE_CURVE_WITH_KNOTS('',3,(#2981,#2982,#2983,#2984,#2985,#2986,
#2987),.UNSPECIFIED.,.F.,.F.,(4,3,4),(18.4768119579349,19.6223532866352,
20.3997425167681),.UNSPECIFIED.);
#90=B_SPLINE_CURVE_WITH_KNOTS('',3,(#2991,#2992,#2993,#2994),
 .UNSPECIFIED.,.F.,.F.,(4,4),(2.89197686771804,3.37527338008291),
 .UNSPECIFIED.);
#91=B_SPLINE_CURVE_WITH_KNOTS('',3,(#2998,#2999,#3000,#3001,#3002,#3003,
#3004),.UNSPECIFIED.,.F.,.F.,(4,3,4),(22.7866278300194,23.6577196895774,
24.6716389520315),.UNSPECIFIED.);
#92=B_SPLINE_CURVE_WITH_KNOTS('',3,(#3008,#3009,#3010,#3011),
 .UNSPECIFIED.,.F.,.F.,(4,4),(3.76972760950312,4.36722371382945),
 .UNSPECIFIED.);
#93=B_SPLINE_CURVE_WITH_KNOTS('',3,(#3013,#3014,#3015,#3016,#3017,#3018,
#3019,#3020,#3021,#3022,#3023,#3024,#3025,#3026,#3027,#3028),
 .UNSPECIFIED.,.F.,.F.,(4,2,2,2,2,2,2,4),(0.,2.59143209459766E-5,0.000132843207026121,
0.000883307576918529,0.00823354602390849,0.0218395827971633,0.0287315269533143,
0.0346566994483433),.UNSPECIFIED.);
#94=B_SPLINE_CURVE_WITH_KNOTS('',3,(#3030,#3031,#3032,#3033,#3034,#3035),
 .UNSPECIFIED.,.F.,.F.,(4,2,4),(0.,0.522490469448376,0.638835830431161),
 .UNSPECIFIED.);
#95=B_SPLINE_CURVE_WITH_KNOTS('',3,(#3098,#3099,#3100,#3101,#3102,#3103,
#3104,#3105,#3106,#3107,#3108,#3109,#3110,#3111,#3112,#3113,#3114,#3115,
#3116,#3117,#3118,#3119,#3120,#3121,#3122,#3123,#3124,#3125),
 .UNSPECIFIED.,.F.,.F.,(4,3,3,3,3,3,3,3,3,4),(-0.240422857045707,-0.216876339439229,
-0.191678008399262,-0.177991521237545,-0.156231679653266,-0.135002358282441,
-0.107097216080729,-0.0758050159332777,-0.0331119103191424,-0.000172285523118959),
 .UNSPECIFIED.);
#96=B_SPLINE_CURVE_WITH_KNOTS('',3,(#3132,#3133,#3134,#3135),
 .UNSPECIFIED.,.F.,.F.,(4,4),(0.0610025657192241,0.198042379164357),
 .UNSPECIFIED.);
#97=B_SPLINE_CURVE_WITH_KNOTS('',3,(#3156,#3157,#3158,#3159,#3160,#3161,
#3162,#3163,#3164,#3165,#3166,#3167,#3168,#3169,#3170,#3171,#3172,#3173,
#3174,#3175,#3176,#3177,#3178,#3179,#3180,#3181,#3182,#3183,#3184,#3185,
#3186,#3187,#3188,#3189),.UNSPECIFIED.,.F.,.F.,(4,3,3,3,3,3,3,3,3,3,3,4),
(-0.0535991097945692,-0.0497438645803897,-0.0457601941270424,-0.040993049712269,
-0.0370024740066243,-0.0302656239049983,-0.0280404025964151,-0.0222313348978162,
-0.0153820264809971,-0.00841204875141314,-0.00169534836226613,-3.00380342821456E-9),
 .UNSPECIFIED.);
#98=B_SPLINE_CURVE_WITH_KNOTS('',3,(#3191,#3192,#3193,#3194,#3195,#3196),
 .UNSPECIFIED.,.F.,.F.,(4,2,4),(-0.19,-0.0950000000000001,0.),
 .UNSPECIFIED.);
#99=B_SPLINE_CURVE_WITH_KNOTS('',3,(#3197,#3198,#3199,#3200,#3201,#3202,
#3203,#3204,#3205,#3206,#3207,#3208),.UNSPECIFIED.,.F.,.F.,(4,2,2,2,2,4),
(-0.0436742659619722,-0.0302388041578387,-0.0181870821049986,-0.0100349566820068,
-0.00457050601255413,0.),.UNSPECIFIED.);
#100=B_SPLINE_CURVE_WITH_KNOTS('',3,(#3221,#3222,#3223,#3224,#3225,#3226,
#3227,#3228,#3229),.UNSPECIFIED.,.F.,.F.,(4,2,1,1,1,4),(-3.00376557600587,
-2.99524967726987,-2.34028350065949,-2.0128004123543,-1.68531732404912,
-1.35783423632178),.UNSPECIFIED.);
#101=B_SPLINE_CURVE_WITH_KNOTS('',3,(#3231,#3232,#3233,#3234,#3235,#3236,
#3237,#3238,#3239,#3240,#3241,#3242,#3243,#3244,#3245,#3246,#3247,#3248),
 .UNSPECIFIED.,.F.,.F.,(4,2,2,2,2,2,2,2,4),(-0.500388250995669,-0.500283294069657,
-0.498489806222901,-0.491452295831327,-0.465349166923701,-0.385110177211432,
-0.236864966568163,-0.0878027946106706,0.),.UNSPECIFIED.);
#102=B_SPLINE_CURVE_WITH_KNOTS('',3,(#3250,#3251,#3252,#3253,#3254,#3255,
#3256,#3257,#3258,#3259),.UNSPECIFIED.,.F.,.F.,(4,2,2,2,4),(-2.21838556873165,
-1.83126972493623,-1.58943837989154,-1.37362503811071,-1.24807346583124),
 .UNSPECIFIED.);
#103=B_SPLINE_CURVE_WITH_KNOTS('',3,(#3261,#3262,#3263,#3264,#3265,#3266),
 .UNSPECIFIED.,.F.,.F.,(4,2,4),(-0.505,-0.2525,-0.00499999999999692),
 .UNSPECIFIED.);
#104=B_SPLINE_CURVE_WITH_KNOTS('',3,(#3321,#3322,#3323,#3324,#3325,#3326,
#3327),.UNSPECIFIED.,.F.,.F.,(4,1,1,1,4),(1.38682197067862,1.68531732404912,
2.0128004123543,2.34028350065949,2.94862014284932),.UNSPECIFIED.);
#105=B_SPLINE_CURVE_WITH_KNOTS('',3,(#3329,#3330,#3331,#3332,#3333,#3334,
#3335,#3336,#3337,#3338,#3339,#3340),.UNSPECIFIED.,.F.,.F.,(4,2,2,2,2,4),
(0.00672217926856458,0.0523980209982601,0.0692840177505386,0.074788211427807,
0.0770686736616976,0.0791788051147137),.UNSPECIFIED.);
#106=B_SPLINE_CURVE_WITH_KNOTS('',3,(#3341,#3342,#3343,#3344,#3345,#3346,
#3347,#3348,#3349,#3350),.UNSPECIFIED.,.F.,.F.,(4,3,3,4),(-0.00341195768759226,
-0.00319718437038207,-0.00174593029365564,0.),.UNSPECIFIED.);
#107=B_SPLINE_CURVE_WITH_KNOTS('',3,(#3396,#3397,#3398,#3399,#3400,#3401,
#3402,#3403),.UNSPECIFIED.,.F.,.F.,(4,1,1,1,1,4),(2.31307659139477E-5,0.280747574020994,
0.608230665745066,0.935713757469138,1.26319684919321,1.56169138862826),
 .UNSPECIFIED.);
#108=B_SPLINE_CURVE_WITH_KNOTS('',3,(#3404,#3405,#3406,#3407,#3408,#3409),
 .UNSPECIFIED.,.F.,.F.,(4,2,4),(0.0425,0.1375,0.2325),.UNSPECIFIED.);
#109=B_SPLINE_CURVE_WITH_KNOTS('',3,(#3414,#3415,#3416,#3417,#3418,#3419,
#3420,#3421,#3422,#3423,#3424,#3425,#3426,#3427,#3428,#3429,#3430,#3431,
#3432,#3433,#3434,#3435,#3436,#3437,#3438,#3439,#3440,#3441,#3442,#3443,
#3444,#3445,#3446,#3447,#3448,#3449,#3450,#3451,#3452,#3453,#3454,#3455),
 .UNSPECIFIED.,.F.,.F.,(4,2,2,2,2,2,2,2,2,2,2,2,2,2,2,2,2,2,2,2,4),(-1.61106384674695,
-1.55181086636199,-1.48787994132095,-1.37526259007269,-1.30175006994694,
-1.24583350857022,-1.19134700226761,-1.12080382157674,-1.0235676030522,
-0.92457323089748,-0.827807265004262,-0.736080271079017,-0.637765186243823,
-0.563310911818379,-0.507107704054874,-0.451853541546484,-0.381529876663935,
-0.274721791059315,-0.174748081755403,-0.0874213198083759,-0.0684327357863933),
 .UNSPECIFIED.);
#110=B_SPLINE_CURVE_WITH_KNOTS('',3,(#3456,#3457,#3458,#3459),
 .UNSPECIFIED.,.F.,.F.,(4,4),(-0.0684327357863933,0.),.UNSPECIFIED.);
#111=B_SPLINE_CURVE_WITH_KNOTS('',3,(#3464,#3465,#3466,#3467,#3468,#3469,
#3470,#3471,#3472,#3473,#3474,#3475,#3476,#3477,#3478,#3479,#3480,#3481,
#3482,#3483,#3484,#3485,#3486,#3487,#3488,#3489,#3490,#3491,#3492,#3493,
#3494,#3495,#3496,#3497),.UNSPECIFIED.,.F.,.F.,(4,2,2,2,2,2,2,2,2,2,2,2,
2,2,2,2,4),(-1.59842553677374,-1.57035387223151,-1.47123119525322,-1.38735250647017,
-1.30856426213025,-1.22198107467944,-1.12353708705413,-1.02373091860873,
-0.927575866888454,-0.83436315020065,-0.740668669644443,-0.660075993703835,
-0.579263214762763,-0.486944278034552,-0.382520026855006,-0.287007442706768,
-0.210227200410982),.UNSPECIFIED.);
#112=B_SPLINE_CURVE_WITH_KNOTS('',3,(#3498,#3499,#3500,#3501,#3502,#3503,
#3504,#3505),.UNSPECIFIED.,.F.,.F.,(4,2,2,4),(-0.210227200410982,-0.195387123808829,
-0.100539113340196,0.),.UNSPECIFIED.);
#113=B_SPLINE_CURVE_WITH_KNOTS('',3,(#3557,#3558,#3559,#3560,#3561,#3562,
#3563,#3564,#3565,#3566),.UNSPECIFIED.,.F.,.F.,(4,1,1,1,1,2,4),(-1.59067994033943,
-1.26319684919321,-0.935713757469138,-0.608230665745066,-0.280747574020994,
0.0467355177030789,0.0552587988404031),.UNSPECIFIED.);
#114=B_SPLINE_CURVE_WITH_KNOTS('',3,(#3568,#3569,#3570,#3571,#3572,#3573,
#3574),.UNSPECIFIED.,.F.,.F.,(4,3,4),(-0.00611624150366982,-0.00427585125977811,
-0.00356418897536984),.UNSPECIFIED.);
#115=B_SPLINE_CURVE_WITH_KNOTS('',3,(#3575,#3576,#3577,#3578,#3579,#3580,
#3581,#3582,#3583,#3584,#3585,#3586),.UNSPECIFIED.,.F.,.F.,(4,2,2,2,2,4),
(0.,0.00243724865751075,0.00554649042469849,0.0110443278109575,0.0253328867907063,
0.0685086157662715),.UNSPECIFIED.);
#116=B_SPLINE_CURVE_WITH_KNOTS('',3,(#3633,#3634,#3635,#3636,#3637,#3638,
#3639,#3640,#3641,#3642),.UNSPECIFIED.,.F.,.F.,(4,3,3,4),(-1.98905344960425,
-1.70869976270321,-1.38517181744183,-1.11608605837824),.UNSPECIFIED.);
#117=B_SPLINE_CURVE_WITH_KNOTS('',3,(#3644,#3645,#3646,#3647),
 .UNSPECIFIED.,.F.,.F.,(4,4),(-0.395438976454069,-0.0503599927561822),
 .UNSPECIFIED.);
#118=B_SPLINE_CURVE_WITH_KNOTS('',3,(#3648,#3649,#3650,#3651,#3652,#3653,
#3654,#3655,#3656,#3657),.UNSPECIFIED.,.F.,.F.,(4,3,3,4),(-1.03389765381162,
-0.729501051524244,-0.375498134757335,-0.051440066161043),.UNSPECIFIED.);
#119=B_SPLINE_CURVE_WITH_KNOTS('',3,(#3659,#3660,#3661,#3662,#3663,#3664,
#3665,#3666,#3667,#3668),.UNSPECIFIED.,.F.,.F.,(4,3,3,4),(-2.5740720019128,
-2.17633104603203,-1.7714446037926,-1.40838741705335),.UNSPECIFIED.);
#120=B_SPLINE_CURVE_WITH_KNOTS('',3,(#3670,#3671,#3672,#3673),
 .UNSPECIFIED.,.F.,.F.,(4,4),(-0.409365424133824,-0.0516020340381258),
 .UNSPECIFIED.);
#121=B_SPLINE_CURVE_WITH_KNOTS('',3,(#3674,#3675,#3676,#3677,#3678,#3679,
#3680,#3681,#3682,#3683,#3684,#3685,#3686),.UNSPECIFIED.,.F.,.F.,(4,3,3,
3,4),(-1.35459531190263,-0.947679180284143,-0.50446635224877,-0.0612535242133968,
-0.0510697297482401),.UNSPECIFIED.);
#122=B_SPLINE_CURVE_WITH_KNOTS('',3,(#3688,#3689,#3690,#3691,#3692,#3693,
#3694,#3695,#3696,#3697,#3698,#3699,#3700),.UNSPECIFIED.,.F.,.F.,(4,3,3,
3,4),(-3.24466566816681,-3.20897319425934,-2.71092878705235,-2.21288437984536,
-1.74328199680356),.UNSPECIFIED.);
#123=B_SPLINE_CURVE_WITH_KNOTS('',3,(#3702,#3703,#3704,#3705,#3706,#3707,
#3708,#3709,#3710,#3711),.UNSPECIFIED.,.F.,.F.,(4,3,3,4),(-0.417057077675611,
-0.234567448167561,-0.0836173584945772,-0.0520778186595121),
 .UNSPECIFIED.);
#124=B_SPLINE_CURVE_WITH_KNOTS('',3,(#3712,#3713,#3714,#3715,#3716,#3717,
#3718,#3719,#3720,#3721,#3722,#3723,#3724),.UNSPECIFIED.,.F.,.F.,(4,3,3,
3,4),(-1.69050164112291,-1.1772363345954,-0.640816342451608,-0.104396350307814,
-0.0508180564107019),.UNSPECIFIED.);
#125=B_SPLINE_CURVE_WITH_KNOTS('',3,(#3726,#3727,#3728,#3729,#3730,#3731,
#3732,#3733,#3734,#3735,#3736,#3737,#3738),.UNSPECIFIED.,.F.,.F.,(4,3,3,
3,4),(-3.89615432377341,-3.81788137034218,-3.22949286178244,-2.6411043532227,
-2.06870135586697),.UNSPECIFIED.);
#126=B_SPLINE_CURVE_WITH_KNOTS('',3,(#3740,#3741,#3742,#3743,#3744,#3745,
#3746,#3747,#3748,#3749),.UNSPECIFIED.,.F.,.F.,(4,3,3,4),(-0.410915941639354,
-0.229915688779878,-0.0633397618664719,-0.0516701727613655),
 .UNSPECIFIED.);
#127=B_SPLINE_CURVE_WITH_KNOTS('',3,(#3750,#3751,#3752,#3753,#3754,#3755,
#3756,#3757,#3758,#3759,#3760,#3761,#3762),.UNSPECIFIED.,.F.,.F.,(4,3,3,
3,4),(-2.00179931112169,-1.3905176225198,-0.76785471392279,-0.145191805325779,
-0.0506582408199856),.UNSPECIFIED.);
#128=B_SPLINE_CURVE_WITH_KNOTS('',3,(#3764,#3765,#3766,#3767,#3768,#3769,
#3770,#3771,#3772,#3773,#3774,#3775,#3776),.UNSPECIFIED.,.F.,.F.,(4,3,3,
3,4),(-4.45120868160955,-4.3361832294396,-3.67090858168601,-3.00563393393241,
-2.34598581667635),.UNSPECIFIED.);
#129=B_SPLINE_CURVE_WITH_KNOTS('',3,(#3778,#3779,#3780,#3781),
 .UNSPECIFIED.,.F.,.F.,(4,4),(-0.401859216766712,-0.0508628469936795),
 .UNSPECIFIED.);
#130=B_SPLINE_CURVE_WITH_KNOTS('',3,(#3782,#3783,#3784,#3785,#3786,#3787,
#3788,#3789,#3790,#3791,#3792,#3793,#3794),.UNSPECIFIED.,.F.,.F.,(4,3,3,
3,4),(-2.24234608024035,-1.55555592739442,-0.866311914331467,-0.17706790126852,
-0.0505658499147259),.UNSPECIFIED.);
#131=B_SPLINE_CURVE_WITH_KNOTS('',3,(#3798,#3799,#3800,#3801),
 .UNSPECIFIED.,.F.,.F.,(4,4),(2.71138096081035,3.15878172676378),
 .UNSPECIFIED.);
#132=B_SPLINE_CURVE_WITH_KNOTS('',3,(#3803,#3804,#3805,#3806,#3807,#3808,
#3809,#3810,#3811,#3812,#3813,#3814,#3815),.UNSPECIFIED.,.F.,.F.,(4,3,3,
3,4),(-4.62304747135063,-4.49658136112301,-3.80751465778842,-3.11844795445382,
-2.43183448007605),.UNSPECIFIED.);
#133=B_SPLINE_CURVE_WITH_KNOTS('',3,(#3817,#3818,#3819,#3820),
 .UNSPECIFIED.,.F.,.F.,(4,4),(-0.401822723811709,-0.0503883108531454),
 .UNSPECIFIED.);
#134=B_SPLINE_CURVE_WITH_KNOTS('',3,(#3822,#3823,#3824,#3825,#3826,#3827,
#3828,#3829,#3830,#3831,#3832,#3833,#3834),.UNSPECIFIED.,.F.,.F.,(4,3,3,
3,4),(-2.15644182447326,-1.49659756300491,-0.831125098007818,-0.165652633010723,
-0.0505963719907645),.UNSPECIFIED.);
#135=B_SPLINE_CURVE_WITH_KNOTS('',3,(#3836,#3837,#3838,#3839),
 .UNSPECIFIED.,.F.,.F.,(4,4),(2.13389547507336,2.46352848297491),
 .UNSPECIFIED.);
#136=B_SPLINE_CURVE_WITH_KNOTS('',3,(#3841,#3842,#3843,#3844,#3845,#3846,
#3847,#3848,#3849,#3850,#3851,#3852,#3853),.UNSPECIFIED.,.F.,.F.,(4,3,3,
3,4),(-4.1418560477147,-4.04736091668564,-3.42492888326437,-2.8024968498431,
-2.19144181644726),.UNSPECIFIED.);
#137=B_SPLINE_CURVE_WITH_KNOTS('',3,(#3855,#3856,#3857,#3858,#3859,#3860,
#3861),.UNSPECIFIED.,.F.,.F.,(4,3,4),(-0.410904886702921,-0.244030876061618,
-0.0513949115909171),.UNSPECIFIED.);
#138=B_SPLINE_CURVE_WITH_KNOTS('',3,(#3863,#3864,#3865,#3866,#3867,#3868,
#3869,#3870,#3871,#3872,#3873,#3874,#3875),.UNSPECIFIED.,.F.,.F.,(4,3,3,
3,4),(-1.87895213720711,-1.30630244783934,-0.717660357796086,-0.12901826775283,
-0.0507149541129199),.UNSPECIFIED.);
#139=B_SPLINE_CURVE_WITH_KNOTS('',3,(#3877,#3878,#3879,#3880),
 .UNSPECIFIED.,.F.,.F.,(4,4),(1.60162832102809,1.91261239960195),
 .UNSPECIFIED.);
#140=B_SPLINE_CURVE_WITH_KNOTS('',3,(#3882,#3883,#3884,#3885,#3886,#3887,
#3888,#3889,#3890,#3891,#3892,#3893,#3894),.UNSPECIFIED.,.F.,.F.,(4,3,3,
3,4),(-3.51926112718796,-3.46571412840771,-2.92957386324863,-2.39343359808955,
-1.88043594414463),.UNSPECIFIED.);
#141=B_SPLINE_CURVE_WITH_KNOTS('',3,(#3896,#3897,#3898,#3899,#3900,#3901,
#3902,#3903,#3904,#3905),.UNSPECIFIED.,.F.,.F.,(4,3,3,4),(-0.415815931298206,
-0.265330447523638,-0.0855367551373399,-0.051958905937679),
 .UNSPECIFIED.);
#142=B_SPLINE_CURVE_WITH_KNOTS('',3,(#3907,#3908,#3909,#3910,#3911,#3912,
#3913,#3914,#3915,#3916,#3917,#3918,#3919),.UNSPECIFIED.,.F.,.F.,(4,3,3,
3,4),(-1.55316649439858,-1.08328963558684,-0.584954128562251,-0.0866186215376657,
-0.050908629826711),.UNSPECIFIED.);
#143=B_SPLINE_CURVE_WITH_KNOTS('',3,(#3921,#3922,#3923,#3924),
 .UNSPECIFIED.,.F.,.F.,(4,4),(1.06262345486027,1.38316768291214),
 .UNSPECIFIED.);
#144=B_SPLINE_CURVE_WITH_KNOTS('',3,(#3926,#3927,#3928,#3929,#3930,#3931,
#3932,#3933,#3934,#3935,#3936,#3937,#3938),.UNSPECIFIED.,.F.,.F.,(4,3,3,
3,4),(-2.84768921227367,-2.83751545678159,-2.39459508130482,-1.95167470582806,
-1.54502707592062),.UNSPECIFIED.);
#145=B_SPLINE_CURVE_WITH_KNOTS('',3,(#3940,#3941,#3942,#3943),
 .UNSPECIFIED.,.F.,.F.,(4,4),(-0.399106373921994,-0.0515277869590495),
 .UNSPECIFIED.);
#146=B_SPLINE_CURVE_WITH_KNOTS('',3,(#3945,#3946,#3947,#3948,#3949,#3950,
#3951,#3952,#3953,#3954),.UNSPECIFIED.,.F.,.F.,(4,3,3,4),(-1.21766502525268,
-0.854366194000896,-0.449210267669008,-0.0512078869122474),
 .UNSPECIFIED.);
#147=B_SPLINE_CURVE_WITH_KNOTS('',3,(#3956,#3957,#3958,#3959),
 .UNSPECIFIED.,.F.,.F.,(4,4),(0.554015394532701,0.847529777708737),
 .UNSPECIFIED.);
#148=B_SPLINE_CURVE_WITH_KNOTS('',3,(#3961,#3962,#3963,#3964,#3965,#3966,
#3967,#3968,#3969,#3970),.UNSPECIFIED.,.F.,.F.,(4,3,3,4),(-2.20685918797803,
-1.88303289632502,-1.52928317403753,-1.22510428469106),.UNSPECIFIED.);
#149=B_SPLINE_CURVE_WITH_KNOTS('',3,(#3972,#3973,#3974,#3975),
 .UNSPECIFIED.,.F.,.F.,(4,4),(-0.391294258425941,-0.0509024028030656),
 .UNSPECIFIED.);
#150=B_SPLINE_CURVE_WITH_KNOTS('',3,(#3977,#3978,#3979,#3980,#3981,#3982,
#3983,#3984,#3985,#3986),.UNSPECIFIED.,.F.,.F.,(4,3,3,4),(-0.924516444048153,
-0.655449841204914,-0.331944934534933,-0.0516112117641411),
 .UNSPECIFIED.);
#151=B_SPLINE_CURVE_WITH_KNOTS('',3,(#3987,#3988,#3989,#3990),
 .UNSPECIFIED.,.F.,.F.,(4,4),(0.,0.322273448997996),.UNSPECIFIED.);
#152=B_SPLINE_CURVE_WITH_KNOTS('',3,(#3993,#3994,#3995,#3996,#3997,#3998),
 .UNSPECIFIED.,.F.,.F.,(4,2,4),(-0.505,-0.2525,-0.00499999999999692),
 .UNSPECIFIED.);
#153=B_SPLINE_CURVE_WITH_KNOTS('',3,(#4000,#4001,#4002,#4003,#4004,#4005,
#4006,#4007,#4008,#4009),.UNSPECIFIED.,.F.,.F.,(4,2,2,2,4),(-2.21802641976046,
-1.83102954141284,-1.58918267789913,-1.37337529972534,-1.24786218849968),
 .UNSPECIFIED.);
#154=B_SPLINE_CURVE_WITH_KNOTS('',3,(#4010,#4011,#4012,#4013,#4014,#4015,
#4016,#4017,#4018,#4019,#4020,#4021,#4022,#4023,#4024,#4025,#4026,#4027),
 .UNSPECIFIED.,.F.,.F.,(4,2,2,2,2,2,2,2,4),(-0.500383894969406,-0.500287934109407,
-0.498491222729662,-0.491441024443531,-0.465296652361029,-0.384950646358571,
-0.2367346607874,-0.0877267807808027,0.),.UNSPECIFIED.);
#155=B_SPLINE_CURVE_WITH_KNOTS('',3,(#4040,#4041,#4042,#4043),
 .UNSPECIFIED.,.F.,.F.,(4,4),(0.638835830431159,0.833793035498894),
 .UNSPECIFIED.);
#156=B_SPLINE_CURVE_WITH_KNOTS('',3,(#4044,#4045,#4046,#4047,#4048,#4049),
 .UNSPECIFIED.,.F.,.F.,(4,2,4),(-0.505,-0.2525,-0.00499999999999692),
 .UNSPECIFIED.);
#157=B_SPLINE_CURVE_WITH_KNOTS('',3,(#4063,#4064,#4065,#4066),
 .UNSPECIFIED.,.F.,.F.,(4,4),(0.0609687559626182,0.198149561354974),
 .UNSPECIFIED.);
#158=B_SPLINE_CURVE_WITH_KNOTS('',3,(#4068,#4069,#4070,#4071,#4072,#4073),
 .UNSPECIFIED.,.F.,.F.,(4,2,4),(-0.5,-0.2525,0.),.UNSPECIFIED.);
#159=B_SPLINE_CURVE_WITH_KNOTS('',3,(#4074,#4075,#4076,#4077),
 .UNSPECIFIED.,.F.,.F.,(4,4),(0.638801052252443,0.83395579279809),
 .UNSPECIFIED.);
#160=B_SPLINE_CURVE_WITH_KNOTS('',3,(#4097,#4098,#4099,#4100,#4101,#4102,
#4103),.UNSPECIFIED.,.F.,.F.,(4,3,4),(-4.86896890231789,-4.39422388277355,
-4.34960689113429),.UNSPECIFIED.);
#161=B_SPLINE_CURVE_WITH_KNOTS('',3,(#4108,#4109,#4110,#4111,#4112,#4113,
#4114,#4115,#4116,#4117,#4118,#4119,#4120,#4121,#4122,#4123,#4124,#4125,
#4126,#4127,#4128,#4129,#4130,#4131,#4132,#4133,#4134,#4135),
 .UNSPECIFIED.,.F.,.F.,(4,3,3,3,3,3,3,3,3,4),(-0.240422862673316,-0.216876344794562,
-0.191678238553324,-0.177991526085231,-0.156231680543598,-0.135002362844662,
-0.107095893471407,-0.075802383285471,-0.033121546946272,-0.000172289961786115),
 .UNSPECIFIED.);
#162=B_SPLINE_CURVE_WITH_KNOTS('',3,(#4137,#4138,#4139,#4140,#4141,#4142,
#4143),.UNSPECIFIED.,.F.,.F.,(4,3,4),(-4.8689685054077,-4.39422360782768,
-4.34960662760427),.UNSPECIFIED.);
#163=B_SPLINE_CURVE_WITH_KNOTS('',3,(#4331,#4332,#4333,#4334,#4335,#4336,
#4337,#4338,#4339,#4340,#4341,#4342,#4343,#4344,#4345,#4346,#4347,#4348,
#4349,#4350,#4351,#4352,#4353,#4354,#4355,#4356,#4357,#4358,#4359,#4360,
#4361,#4362,#4363,#4364),.UNSPECIFIED.,.F.,.F.,(4,3,3,3,3,3,3,3,3,3,3,4),
(0.0573197279082795,0.071694678778672,0.085941745998475,0.100298374981448,
0.114705139809219,0.128912618564026,0.143279147880109,0.1563849813218,0.170767648392223,
0.17188351853043,0.186117509933107,0.194587171886256),.UNSPECIFIED.);
#164=B_SPLINE_CURVE_WITH_KNOTS('',3,(#4366,#4367,#4368,#4369,#4370,#4371,
#4372,#4373,#4374,#4375,#4376,#4377,#4378,#4379,#4380,#4381,#4382,#4383,
#4384,#4385,#4386,#4387,#4388,#4389,#4390,#4391,#4392,#4393,#4394,#4395,
#4396,#4397,#4398,#4399,#4400,#4401,#4402,#4403,#4404,#4405,#4406,#4407,
#4408,#4409,#4410,#4411,#4412,#4413,#4414,#4415,#4416,#4417,#4418,#4419,
#4420),.UNSPECIFIED.,.F.,.F.,(4,3,3,3,3,3,3,3,3,3,3,3,3,3,3,3,3,3,4),(0.218976009826703,
0.235734548719956,0.246551620109215,0.256339688087485,0.265455798610183,
0.274097125785069,0.282494252520369,0.290816431306879,0.299511300961703,
0.308701734999999,0.318421795041679,0.329178697648155,0.343557824623379,
0.355363804447003,0.365382586900593,0.375169726100591,0.386214758585235,
0.396882425216955,0.3991013807327),.UNSPECIFIED.);
#165=B_SPLINE_CURVE_WITH_KNOTS('',3,(#4422,#4423,#4424,#4425,#4426,#4427,
#4428,#4429,#4430,#4431,#4432,#4433,#4434,#4435,#4436,#4437,#4438,#4439,
#4440,#4441,#4442,#4443,#4444,#4445,#4446,#4447,#4448,#4449,#4450,#4451,
#4452,#4453,#4454,#4455,#4456,#4457,#4458,#4459,#4460,#4461,#4462,#4463,
#4464,#4465,#4466,#4467,#4468,#4469,#4470,#4471,#4472,#4473,#4474,#4475,
#4476,#4477,#4478,#4479,#4480,#4481,#4482,#4483,#4484,#4485,#4486,#4487,
#4488,#4489,#4490,#4491,#4492,#4493,#4494,#4495,#4496,#4497,#4498,#4499,
#4500),.UNSPECIFIED.,.F.,.F.,(4,3,3,3,3,3,3,3,3,3,3,3,3,3,3,3,3,3,3,3,3,
3,3,3,3,3,4),(0.313988613508643,0.328157207949639,0.338537294132622,0.343781106995711,
0.357856608751654,0.372322042727167,0.386751430637508,0.401209265345969,
0.415467446790027,0.429725628234085,0.43756487805132,0.451702481438339,
0.466161842554304,0.472702737174532,0.487112212942294,0.501476637744676,
0.515680133166552,0.530059385040524,0.536630366023201,0.551003636257072,
0.558655070657814,0.572940630976307,0.587380628824553,0.601626250600171,
0.616077703335149,0.630253185373572,0.635692669679402),.UNSPECIFIED.);
#166=B_SPLINE_CURVE_WITH_KNOTS('',3,(#4502,#4503,#4504,#4505,#4506,#4507,
#4508,#4509,#4510,#4511,#4512,#4513,#4514,#4515,#4516,#4517,#4518,#4519,
#4520,#4521,#4522,#4523,#4524,#4525,#4526,#4527,#4528,#4529,#4530,#4531,
#4532,#4533,#4534,#4535,#4536,#4537,#4538,#4539,#4540,#4541,#4542,#4543,
#4544,#4545,#4546,#4547,#4548,#4549,#4550,#4551,#4552,#4553,#4554,#4555,
#4556,#4557,#4558,#4559,#4560,#4561,#4562,#4563,#4564,#4565,#4566,#4567,
#4568,#4569,#4570,#4571,#4572,#4573,#4574,#4575,#4576,#4577,#4578,#4579,
#4580,#4581,#4582,#4583,#4584,#4585,#4586),.UNSPECIFIED.,.F.,.F.,(4,3,3,
3,3,3,3,3,3,3,3,3,3,3,3,3,3,3,3,3,3,3,3,3,3,3,3,3,4),(0.,0.0101488771229518,
0.0205327013832187,0.0273508116553411,0.0373855794532891,0.0461744682872353,
0.054225088600358,0.0615774173119702,0.0636150130949973,0.0752994267366533,
0.0870353260457798,0.0978912043420388,0.100844662198896,0.11163060057197,
0.123877207818003,0.124759820555954,0.125641711759752,0.127403159253079,
0.130915544539204,0.137889294378455,0.146377106280439,0.151568073284315,
0.161354910959017,0.16478866730882,0.174816426133015,0.177468464353568,
0.189029032136717,0.19881505098387,0.200589599919867),.UNSPECIFIED.);
#167=B_SPLINE_CURVE_WITH_KNOTS('',3,(#4588,#4589,#4590,#4591,#4592,#4593,
#4594,#4595,#4596,#4597,#4598,#4599,#4600,#4601,#4602,#4603,#4604,#4605,
#4606,#4607),.UNSPECIFIED.,.F.,.F.,(4,2,2,2,2,2,2,2,2,4),(0.815086811991644,
0.850735458051606,0.894224135468353,0.942937683695144,0.998233159642018,
1.05780337325777,1.10561642305792,1.14183520450192,1.17431217389083,1.19814891386003),
 .UNSPECIFIED.);
#168=B_SPLINE_CURVE_WITH_KNOTS('',3,(#4609,#4610,#4611,#4612,#4613,#4614),
 .UNSPECIFIED.,.F.,.F.,(4,2,4),(0.,0.201994809654143,0.339817496781415),
 .UNSPECIFIED.);
#169=B_SPLINE_CURVE_WITH_KNOTS('',3,(#4615,#4616,#4617,#4618,#4619,#4620,
#4621,#4622,#4623,#4624,#4625,#4626,#4627,#4628,#4629,#4630,#4631,#4632,
#4633),.UNSPECIFIED.,.F.,.F.,(4,3,3,3,3,3,4),(0.635692669679402,0.644594512350067,
0.658887114925208,0.668922451200329,0.683343901438262,0.693250604955655,
0.695111599202757),.UNSPECIFIED.);
#170=B_SPLINE_CURVE_WITH_KNOTS('',3,(#4634,#4635,#4636,#4637,#4638,#4639,
#4640,#4641,#4642,#4643,#4644,#4645,#4646,#4647,#4648,#4649,#4650,#4651,
#4652,#4653,#4654,#4655,#4656,#4657,#4658,#4659,#4660,#4661,#4662,#4663,
#4664,#4665,#4666,#4667,#4668,#4669,#4670),.UNSPECIFIED.,.F.,.F.,(4,3,3,
3,3,3,3,3,3,3,3,3,4),(0.613388716345801,0.62783105988315,0.641878276578885,
0.644563593830274,0.65159262291416,0.665831441818336,0.668893361917283,
0.683260661893091,0.693223126636343,0.707658669338933,0.721969102854387,
0.736194007837307,0.750542854544622),.UNSPECIFIED.);
#171=B_SPLINE_CURVE_WITH_KNOTS('',3,(#4673,#4674,#4675,#4676,#4677,#4678,
#4679,#4680,#4681,#4682,#4683,#4684,#4685,#4686,#4687,#4688,#4689,#4690,
#4691,#4692,#4693,#4694,#4695,#4696,#4697,#4698,#4699,#4700,#4701,#4702,
#4703,#4704,#4705,#4706,#4707,#4708,#4709),.UNSPECIFIED.,.F.,.F.,(4,3,3,
3,3,3,3,3,3,3,3,3,4),(1.19197144015624,1.20618393695154,1.20887407542645,
1.2232518215959,1.23017333082891,1.24454727033285,1.25184500211818,1.26612619158013,
1.28057410564861,1.29481589682081,1.30927283171463,1.32345808211434,1.32923317864955),
 .UNSPECIFIED.);
#172=B_SPLINE_CURVE_WITH_KNOTS('',3,(#4710,#4711,#4712,#4713,#4714,#4715,
#4716,#4717,#4718,#4719,#4720,#4721,#4722,#4723,#4724,#4725,#4726,#4727,
#4728,#4729,#4730,#4731,#4732,#4733,#4734,#4735,#4736,#4737,#4738,#4739,
#4740,#4741,#4742,#4743,#4744,#4745,#4746),.UNSPECIFIED.,.F.,.F.,(4,3,3,
3,3,3,3,3,3,3,3,3,4),(0.636010056306103,0.644563643991336,0.658863956067782,
0.668893382206475,0.683320040041934,0.69322312234345,0.707685082755132,
0.721846274297675,0.734943768380442,0.736194011785592,0.750191416931151,
0.764628539989323,0.773160816512066),.UNSPECIFIED.);
#173=B_SPLINE_CURVE_WITH_KNOTS('',3,(#4767,#4768,#4769,#4770,#4771,#4772),
 .UNSPECIFIED.,.F.,.F.,(4,2,4),(0.,0.00316753168197392,0.00633717524490699),
 .UNSPECIFIED.);
#174=B_SPLINE_CURVE_WITH_KNOTS('',3,(#4776,#4777,#4778,#4779),
 .UNSPECIFIED.,.F.,.F.,(4,4),(0.,0.00632722581249499),.UNSPECIFIED.);
#175=B_SPLINE_CURVE_WITH_KNOTS('',3,(#4784,#4785,#4786,#4787,#4788,#4789),
 .UNSPECIFIED.,.F.,.F.,(4,2,4),(0.0881938115515402,0.109642293451019,0.143403087369952),
 .UNSPECIFIED.);
#176=B_SPLINE_CURVE_WITH_KNOTS('',3,(#4971,#4972,#4973,#4974,#4975,#4976,
#4977,#4978,#4979,#4980,#4981,#4982,#4983,#4984,#4985,#4986,#4987,#4988,
#4989,#4990,#4991,#4992,#4993,#4994,#4995,#4996,#4997,#4998,#4999,#5000,
#5001,#5002,#5003,#5004,#5005,#5006,#5007,#5008,#5009,#5010,#5011,#5012,
#5013,#5014,#5015,#5016,#5017,#5018,#5019,#5020,#5021,#5022,#5023,#5024,
#5025),.UNSPECIFIED.,.F.,.F.,(4,3,3,3,3,3,3,3,3,3,3,3,3,3,3,3,3,3,4),(0.218976009826703,
0.235734548719956,0.246551620109215,0.256339688087485,0.265455798610183,
0.274097125785069,0.282494252520369,0.290816431306879,0.299511300961703,
0.308701734999999,0.318421795041679,0.329178697648155,0.343557824623379,
0.355363804447003,0.365382586900593,0.375169726100591,0.386214758585235,
0.396882425216955,0.3991013807327),.UNSPECIFIED.);
#177=B_SPLINE_CURVE_WITH_KNOTS('',3,(#5027,#5028,#5029,#5030,#5031,#5032,
#5033,#5034,#5035,#5036,#5037,#5038,#5039,#5040,#5041,#5042),
 .UNSPECIFIED.,.F.,.F.,(4,3,3,3,3,4),(0.691432489739838,0.693251111163382,
0.707683220625771,0.721985477292628,0.736220773300432,0.750916175181552),
 .UNSPECIFIED.);
#178=B_SPLINE_CURVE_WITH_KNOTS('',3,(#5044,#5045,#5046,#5047,#5048,#5049),
 .UNSPECIFIED.,.F.,.F.,(4,2,4),(1.12488774945616E-5,0.111341715311407,0.29305802269698),
 .UNSPECIFIED.);
#179=B_SPLINE_CURVE_WITH_KNOTS('',3,(#5051,#5052,#5053,#5054,#5055,#5056,
#5057,#5058,#5059,#5060,#5061,#5062,#5063,#5064,#5065,#5066,#5067,#5068,
#5069,#5070,#5071,#5072),.UNSPECIFIED.,.F.,.F.,(4,2,2,2,2,2,2,2,2,2,4),
(0.327370501327106,0.334778437591722,0.370997219036429,0.403474188425931,
0.439444179275167,0.48814936687267,0.55054356573776,0.611994169443384,0.664316776145875,
0.709798491063641,0.726401886590383),.UNSPECIFIED.);
#180=B_SPLINE_CURVE_WITH_KNOTS('',3,(#5074,#5075,#5076,#5077,#5078,#5079,
#5080,#5081),.UNSPECIFIED.,.F.,.F.,(4,2,2,4),(1.044429349081E-5,0.223185871109894,
0.297519088038538,0.353354263730418),.UNSPECIFIED.);
#181=B_SPLINE_CURVE_WITH_KNOTS('',3,(#5082,#5083,#5084,#5085,#5086,#5087,
#5088,#5089,#5090,#5091,#5092,#5093,#5094,#5095,#5096,#5097,#5098,#5099,
#5100,#5101,#5102,#5103,#5104,#5105,#5106,#5107,#5108,#5109,#5110,#5111,
#5112,#5113,#5114,#5115,#5116,#5117,#5118,#5119,#5120,#5121,#5122,#5123,
#5124,#5125,#5126,#5127,#5128,#5129,#5130,#5131,#5132,#5133,#5134,#5135,
#5136,#5137,#5138,#5139,#5140,#5141,#5142,#5143,#5144,#5145,#5146,#5147,
#5148,#5149,#5150,#5151,#5152,#5153,#5154,#5155,#5156,#5157),
 .UNSPECIFIED.,.F.,.F.,(4,3,3,3,3,3,3,3,3,3,3,3,3,3,3,3,3,3,3,3,3,3,3,3,
3,4),(0.0576650640181701,0.0720321464370391,0.0859373913112144,0.100282060374294,
0.114689819787815,0.128905972163804,0.143271852167767,0.156732273323946,
0.171116217650625,0.171877704723061,0.18609111901436,0.200562204214621,
0.214853129543137,0.229321956004491,0.243487500979613,0.255782286418502,
0.257830688355843,0.27189558516372,0.286359512203011,0.300807569613971,
0.31526290497806,0.329523193308215,0.343781290487546,0.354815628787088,
0.369086097994271,0.3793223179814),.UNSPECIFIED.);
#182=B_SPLINE_CURVE_WITH_KNOTS('',3,(#5220,#5221,#5222,#5223,#5224,#5225,
#5226,#5227,#5228,#5229,#5230,#5231),.UNSPECIFIED.,.F.,.F.,(4,2,2,2,2,4),
(0.0554698310452483,0.0952715402175441,0.149735331760113,0.200996686128655,
0.242011543245239,0.26991307499634),.UNSPECIFIED.);
#183=B_SPLINE_CURVE_WITH_KNOTS('',3,(#5232,#5233,#5234,#5235),
 .UNSPECIFIED.,.F.,.F.,(4,4),(0.289632445728987,0.304348221604197),
 .UNSPECIFIED.);
#184=B_SPLINE_CURVE_WITH_KNOTS('',3,(#5237,#5238,#5239,#5240,#5241,#5242,
#5243,#5244,#5245,#5246,#5247,#5248,#5249,#5250),.UNSPECIFIED.,.F.,.F.,
(4,2,2,2,2,2,4),(0.,0.0268119699871419,0.0522747345389564,0.0664472049928473,
0.0842878835344999,0.179979789911477,0.212426334797802),.UNSPECIFIED.);
#185=B_SPLINE_CURVE_WITH_KNOTS('',3,(#5254,#5255,#5256,#5257,#5258,#5259,
#5260,#5261),.UNSPECIFIED.,.F.,.F.,(4,2,2,4),(1.03465921694607,1.16178711091039,
1.26582032635913,1.35373553468581),.UNSPECIFIED.);
#186=B_SPLINE_CURVE_WITH_KNOTS('',3,(#5262,#5263,#5264,#5265,#5266,#5267,
#5268,#5269,#5270,#5271,#5272,#5273,#5274,#5275),.UNSPECIFIED.,.F.,.F.,
(4,2,2,2,2,2,4),(0.26991307499634,0.277841928729399,0.313000020733039,0.353208134829522,
0.40271258822033,0.458565400385881,0.48434781161446),.UNSPECIFIED.);
#187=B_SPLINE_CURVE_WITH_KNOTS('',3,(#5306,#5307,#5308,#5309),
 .UNSPECIFIED.,.F.,.F.,(4,4),(5.30173938429932,5.71290939489508),
 .UNSPECIFIED.);
#188=B_SPLINE_CURVE_WITH_KNOTS('',3,(#5311,#5312,#5313,#5314,#5315,#5316,
#5317,#5318,#5319,#5320,#5321,#5322,#5323,#5324,#5325,#5326,#5327,#5328,
#5329,#5330,#5331,#5332,#5333,#5334,#5335,#5336,#5337,#5338,#5339,#5340,
#5341,#5342,#5343,#5344,#5345,#5346,#5347,#5348,#5349,#5350,#5351,#5352,
#5353,#5354,#5355,#5356,#5357,#5358,#5359,#5360,#5361,#5362,#5363,#5364,
#5365,#5366,#5367,#5368,#5369,#5370,#5371,#5372,#5373,#5374,#5375,#5376,
#5377,#5378,#5379,#5380,#5381,#5382,#5383,#5384,#5385,#5386),
 .UNSPECIFIED.,.F.,.F.,(4,3,3,3,3,3,3,3,3,3,3,3,3,3,3,3,3,3,3,3,3,3,3,3,
3,4),(0.0507454554304316,0.0647967481682931,0.0791920333891971,0.0825112130536013,
0.0967482131262345,0.111320222753735,0.11288502718655,0.125546628964223,
0.140058992803033,0.15549531911822,0.170931645433407,0.176479363315356,
0.191311077673129,0.206438555154465,0.218145523624756,0.233116036284795,
0.247618999954053,0.262026109625748,0.265399928452256,0.280080163969844,
0.295374690080561,0.309574589047191,0.310669216191279,0.325075624340634,
0.339018771023997,0.345409986526216),.UNSPECIFIED.);
#189=B_SPLINE_CURVE_WITH_KNOTS('',3,(#5388,#5389,#5390,#5391),
 .UNSPECIFIED.,.F.,.F.,(4,4),(4.04964476802544,8.69145355292321),
 .UNSPECIFIED.);
#190=B_SPLINE_CURVE_WITH_KNOTS('',3,(#5392,#5393,#5394,#5395,#5396,#5397,
#5398,#5399,#5400,#5401,#5402,#5403,#5404,#5405,#5406,#5407,#5408,#5409,
#5410,#5411,#5412,#5413,#5414,#5415,#5416,#5417,#5418,#5419,#5420,#5421,
#5422,#5423,#5424,#5425,#5426,#5427,#5428,#5429,#5430,#5431,#5432,#5433,
#5434,#5435,#5436,#5437,#5438,#5439,#5440,#5441,#5442,#5443,#5444,#5445,
#5446,#5447,#5448,#5449,#5450,#5451,#5452,#5453,#5454,#5455,#5456,#5457,
#5458,#5459,#5460,#5461,#5462,#5463,#5464,#5465,#5466,#5467,#5468,#5469,
#5470),.UNSPECIFIED.,.F.,.F.,(4,3,3,3,3,3,3,3,3,3,3,3,3,3,3,3,3,3,3,3,3,
3,3,3,3,3,4),(0.0507354787201234,0.0647070270562333,0.0790970569603094,
0.0829404919645931,0.0972244448686371,0.111835230607941,0.125979015667719,
0.133707622980092,0.148001211591697,0.162781237016556,0.171077739469356,
0.186090690772863,0.201128013719915,0.215812300598432,0.217786523888776,
0.218699201826457,0.2334909698288,0.249023749874986,0.263552867590758,0.264556529921173,
0.279066811167397,0.282201126948739,0.296678426919032,0.309594126277445,
0.324014179654386,0.338100022035743,0.344373186834943),.UNSPECIFIED.);
#191=B_SPLINE_CURVE_WITH_KNOTS('',3,(#5501,#5502,#5503,#5504),
 .UNSPECIFIED.,.F.,.F.,(4,4),(4.32928798618867,4.72203398941027),
 .UNSPECIFIED.);
#192=B_SPLINE_CURVE_WITH_KNOTS('',3,(#5506,#5507,#5508,#5509,#5510,#5511,
#5512,#5513,#5514,#5515,#5516,#5517,#5518,#5519,#5520,#5521,#5522,#5523,
#5524,#5525,#5526,#5527,#5528,#5529,#5530,#5531,#5532,#5533,#5534,#5535,
#5536,#5537,#5538,#5539,#5540,#5541,#5542,#5543,#5544,#5545,#5546,#5547,
#5548,#5549,#5550,#5551,#5552,#5553,#5554,#5555,#5556,#5557,#5558,#5559,
#5560,#5561,#5562,#5563,#5564,#5565,#5566,#5567,#5568,#5569,#5570,#5571,
#5572,#5573,#5574,#5575,#5576,#5577,#5578),.UNSPECIFIED.,.F.,.F.,(4,3,3,
3,3,3,3,3,3,3,3,3,3,3,3,3,3,3,3,3,3,3,3,3,4),(0.0506730191954429,0.0648904431259231,
0.0792808654786268,0.0851261318973236,0.0995504693971437,0.112117942462912,
0.126538157212939,0.12814473969506,0.142547250909996,0.157121206668497,
0.171695162426997,0.173851064594301,0.188158074279462,0.202744954471255,
0.21558112517737,0.230125387267665,0.244402917335846,0.256308213676734,
0.259408102733043,0.273686242023779,0.288251310286817,0.302816378549854,
0.317244278685282,0.331426067854142,0.338286891826578),.UNSPECIFIED.);
#193=B_SPLINE_CURVE_WITH_KNOTS('',3,(#5580,#5581,#5582,#5583),
 .UNSPECIFIED.,.F.,.F.,(4,4),(14.2291483480606,16.8695914660499),
 .UNSPECIFIED.);
#194=B_SPLINE_CURVE_WITH_KNOTS('',3,(#5584,#5585,#5586,#5587,#5588,#5589,
#5590,#5591,#5592,#5593,#5594,#5595,#5596,#5597,#5598,#5599,#5600,#5601,
#5602,#5603,#5604,#5605,#5606,#5607,#5608,#5609,#5610,#5611,#5612,#5613,
#5614,#5615,#5616,#5617,#5618,#5619,#5620,#5621,#5622,#5623,#5624,#5625,
#5626,#5627,#5628,#5629,#5630,#5631,#5632,#5633,#5634,#5635,#5636,#5637,
#5638,#5639,#5640,#5641,#5642,#5643,#5644,#5645,#5646,#5647,#5648,#5649,
#5650,#5651,#5652,#5653,#5654,#5655,#5656),.UNSPECIFIED.,.F.,.F.,(4,3,3,
3,3,3,3,3,3,3,3,3,3,3,3,3,3,3,3,3,3,3,3,3,4),(0.0506826566231424,0.0648038173369221,
0.0792275368951758,0.084835307686719,0.0992296546669799,0.113639950565047,
0.127869564856148,0.132782571569506,0.147002781244464,0.161576415431584,
0.171622617113112,0.18624363115778,0.200880381792422,0.215517132427063,
0.215822520739944,0.230181373208147,0.245056946106023,0.259932519003899,
0.27436849671761,0.277425063018469,0.291857411052581,0.303477217013219,
0.317866979148924,0.332103525968987,0.338932258871147),.UNSPECIFIED.);
#195=B_SPLINE_CURVE_WITH_KNOTS('',3,(#5694,#5695,#5696,#5697,#5698,#5699,
#5700),.UNSPECIFIED.,.F.,.F.,(4,3,4),(3.14343355613873,3.46316248603987,
3.72139109680034),.UNSPECIFIED.);
#196=B_SPLINE_CURVE_WITH_KNOTS('',3,(#5702,#5703,#5704,#5705,#5706,#5707,
#5708,#5709,#5710,#5711,#5712,#5713,#5714,#5715,#5716,#5717,#5718,#5719,
#5720,#5721,#5722,#5723,#5724,#5725,#5726,#5727,#5728,#5729,#5730,#5731,
#5732,#5733,#5734,#5735,#5736,#5737,#5738,#5739,#5740,#5741,#5742,#5743,
#5744,#5745,#5746,#5747,#5748,#5749,#5750,#5751,#5752,#5753,#5754,#5755,
#5756,#5757,#5758,#5759,#5760,#5761,#5762,#5763,#5764,#5765,#5766,#5767,
#5768,#5769,#5770,#5771,#5772,#5773,#5774),.UNSPECIFIED.,.F.,.F.,(4,3,3,
3,3,3,3,3,3,3,3,3,3,3,3,3,3,3,3,3,3,3,3,3,4),(0.0506539886510826,0.0649004707856469,
0.0792783332879499,0.08569418845603,0.100092651541183,0.111956560911969,
0.126343131711425,0.128681768638717,0.143040115251733,0.157434641829101,
0.171829168406468,0.173324395412417,0.187519941474985,0.201999652526307,
0.215073350709449,0.22953372944461,0.243774568855313,0.255207785152256,
0.258296591519364,0.272483309277811,0.286939186289289,0.301395063300767,
0.315812976186823,0.330032332646993,0.336943248061451),.UNSPECIFIED.);
#197=B_SPLINE_CURVE_WITH_KNOTS('',3,(#5776,#5777,#5778,#5779,#5780,#5781,
#5782),.UNSPECIFIED.,.F.,.F.,(4,3,4),(20.6932121355109,21.4635000691334,
22.7349147524035),.UNSPECIFIED.);
#198=B_SPLINE_CURVE_WITH_KNOTS('',3,(#5783,#5784,#5785,#5786,#5787,#5788,
#5789,#5790,#5791,#5792,#5793,#5794,#5795,#5796,#5797,#5798,#5799,#5800,
#5801,#5802,#5803,#5804,#5805,#5806,#5807,#5808,#5809,#5810,#5811,#5812,
#5813,#5814,#5815,#5816,#5817,#5818,#5819,#5820,#5821,#5822,#5823,#5824,
#5825,#5826,#5827,#5828,#5829,#5830,#5831,#5832,#5833,#5834,#5835,#5836,
#5837,#5838,#5839,#5840,#5841,#5842,#5843,#5844,#5845,#5846,#5847,#5848,
#5849,#5850,#5851,#5852,#5853,#5854,#5855),.UNSPECIFIED.,.F.,.F.,(4,3,3,
3,3,3,3,3,3,3,3,3,3,3,3,3,3,3,3,3,3,3,3,3,4),(0.0506652043843973,0.0648190885245057,
0.0792419037614304,0.0853353640652592,0.0997377967930052,0.114077351600779,
0.128346911894739,0.132549256684996,0.14673918482656,0.161247649446395,
0.17174301874419,0.186264614965348,0.200604071931375,0.214761353149378,
0.215357287967677,0.229614424707782,0.244259608901495,0.258904793095209,
0.273310804994052,0.276326626450059,0.290737340551578,0.302156695434186,
0.316529669893311,0.330793231603657,0.337699355931288),.UNSPECIFIED.);
#199=B_SPLINE_CURVE_WITH_KNOTS('',3,(#5886,#5887,#5888,#5889),
 .UNSPECIFIED.,.F.,.F.,(4,4),(0.282336991198661,0.443965362961601),
 .UNSPECIFIED.);
#200=B_SPLINE_CURVE_WITH_KNOTS('',3,(#5891,#5892,#5893,#5894,#5895,#5896,
#5897,#5898,#5899,#5900,#5901,#5902,#5903,#5904,#5905,#5906,#5907,#5908,
#5909),.UNSPECIFIED.,.F.,.F.,(4,2,2,3,2,2,2,2,4),(-0.102908908527725,-0.0864143205581484,
-0.0433928356588771,0.,0.0246898379980673,0.0493982109083851,0.092939847650536,
0.136170403411407,0.136819566964615),.UNSPECIFIED.);
#201=B_SPLINE_CURVE_WITH_KNOTS('',3,(#5910,#5911,#5912,#5913,#5914,#5915,
#5916),.UNSPECIFIED.,.F.,.F.,(4,3,4),(-0.0256627357707436,-0.011789838615748,
-0.00312116537959218),.UNSPECIFIED.);
#202=B_SPLINE_CURVE_WITH_KNOTS('',3,(#5918,#5919,#5920,#5921),
 .UNSPECIFIED.,.F.,.F.,(4,4),(6.01636872688567,6.07681487702006),
 .UNSPECIFIED.);
#203=B_SPLINE_CURVE_WITH_KNOTS('',3,(#5922,#5923,#5924,#5925,#5926,#5927,
#5928,#5929,#5930,#5931,#5932,#5933,#5934,#5935,#5936,#5937,#5938,#5939,
#5940,#5941,#5942,#5943,#5944,#5945,#5946,#5947,#5948,#5949,#5950,#5951,
#5952,#5953,#5954,#5955,#5956,#5957,#5958,#5959,#5960,#5961,#5962,#5963,
#5964,#5965,#5966,#5967,#5968,#5969,#5970,#5971,#5972,#5973,#5974,#5975,
#5976,#5977,#5978,#5979,#5980,#5981,#5982,#5983,#5984,#5985,#5986,#5987,
#5988,#5989,#5990,#5991,#5992,#5993,#5994),.UNSPECIFIED.,.F.,.F.,(4,3,3,
3,3,3,3,3,3,3,3,3,3,3,3,3,3,3,3,3,3,3,3,3,4),(0.0506781187832752,0.0648270742134126,
0.0792506984950383,0.0852515150852564,0.0996522224328467,0.11400544097342,
0.1282655922801,0.13260119146906,0.146795180671338,0.161317062831093,0.17172644346742,
0.186270964809424,0.200635418166549,0.214921820982953,0.215460748065241,
0.229741048944868,0.24443902563263,0.259137002320393,0.273550874300222,
0.276566769552171,0.290984329015059,0.302463257977575,0.316841196156718,
0.331099697833458,0.33797293496668),.UNSPECIFIED.);
#204=B_SPLINE_CURVE_WITH_KNOTS('',3,(#6038,#6039,#6040,#6041,#6042,#6043,
#6044),.UNSPECIFIED.,.F.,.F.,(4,3,4),(1.3264201508744,1.79382680880363,
2.19539145985767),.UNSPECIFIED.);
#205=B_SPLINE_CURVE_WITH_KNOTS('',3,(#6046,#6047,#6048,#6049,#6050,#6051,
#6052,#6053,#6054,#6055,#6056,#6057,#6058,#6059,#6060,#6061,#6062,#6063,
#6064,#6065,#6066,#6067,#6068,#6069,#6070,#6071,#6072,#6073,#6074,#6075,
#6076,#6077,#6078,#6079,#6080,#6081,#6082,#6083,#6084,#6085,#6086,#6087,
#6088,#6089,#6090,#6091,#6092,#6093,#6094,#6095,#6096,#6097,#6098,#6099,
#6100,#6101,#6102,#6103,#6104,#6105,#6106,#6107,#6108,#6109,#6110,#6111,
#6112,#6113,#6114,#6115,#6116,#6117,#6118),.UNSPECIFIED.,.F.,.F.,(4,3,3,
3,3,3,3,3,3,3,3,3,3,3,3,3,3,3,3,3,3,3,3,3,4),(0.0506689059000111,0.0648810608519585,
0.0792732118967236,0.0849951476906988,0.0994257745849106,0.112144341261591,
0.126570487902157,0.128027537027345,0.142438301308848,0.157050766828524,
0.171663232348199,0.17394043200586,0.1882660926663,0.202867113601321,0.215646927402404,
0.230197027168468,0.244472903231332,0.256462429209825,0.259529052500974,
0.273814139335651,0.28837929686131,0.302944454386968,0.317372359102521,
0.331549389227198,0.3384548956112),.UNSPECIFIED.);
#206=B_SPLINE_CURVE_WITH_KNOTS('',3,(#6120,#6121,#6122,#6123,#6124,#6125,
#6126),.UNSPECIFIED.,.F.,.F.,(4,3,4),(25.423702796323,26.2014291878791,
27.5046138968589),.UNSPECIFIED.);
#207=B_SPLINE_CURVE_WITH_KNOTS('',3,(#6127,#6128,#6129,#6130,#6131,#6132,
#6133,#6134,#6135,#6136,#6137,#6138,#6139,#6140,#6141,#6142,#6143,#6144,
#6145,#6146,#6147,#6148,#6149,#6150,#6151,#6152,#6153,#6154,#6155,#6156,
#6157,#6158,#6159,#6160,#6161,#6162,#6163,#6164,#6165,#6166,#6167,#6168,
#6169,#6170,#6171,#6172,#6173,#6174,#6175,#6176,#6177,#6178,#6179,#6180,
#6181,#6182,#6183,#6184,#6185,#6186,#6187,#6188,#6189,#6190,#6191,#6192,
#6193,#6194,#6195,#6196,#6197,#6198,#6199),.UNSPECIFIED.,.F.,.F.,(4,3,3,
3,3,3,3,3,3,3,3,3,3,3,3,3,3,3,3,3,3,3,3,3,4),(0.0506629246012709,0.0648124729225582,
0.0792358153207197,0.0852665816010136,0.0996676458050675,0.114017043593887,
0.128281423917251,0.132576656435281,0.146770355915591,0.161287773178714,
0.171727011282147,0.186262333664674,0.200616160264055,0.21486127642571,
0.215422472473175,0.229693970632741,0.244371101277712,0.259048231922683,
0.273458651102857,0.276474381506271,0.290888187936292,0.302341210879725,
0.316716539415697,0.330976312404474,0.33786595796485),.UNSPECIFIED.);
#208=B_SPLINE_CURVE_WITH_KNOTS('',3,(#6275,#6276,#6277,#6278,#6279,#6280),
 .UNSPECIFIED.,.F.,.F.,(4,2,4),(0.198149561355005,0.238913765535672,0.720372729620548),
 .UNSPECIFIED.);
#209=B_SPLINE_CURVE_WITH_KNOTS('',3,(#6281,#6282,#6283,#6284,#6285,#6286,
#6287,#6288,#6289,#6290,#6291,#6292,#6293,#6294,#6295,#6296,#6297,#6298,
#6299,#6300,#6301,#6302),.UNSPECIFIED.,.F.,.F.,(4,2,2,2,2,2,2,2,2,2,4),
(0.,0.132529407626105,0.542579118641392,0.87679002761762,0.986603302502045,
1.02320653033313,1.0322856154676,1.03462634136059,1.03525521920214,1.03543646819442,
1.03558203436153),.UNSPECIFIED.);
#210=B_SPLINE_CURVE_WITH_KNOTS('',3,(#6317,#6318,#6319,#6320,#6321,#6322,
#6323,#6324,#6325,#6326,#6327,#6328,#6329,#6330,#6331,#6332,#6333,#6334,
#6335),.UNSPECIFIED.,.F.,.F.,(4,2,2,3,2,2,2,2,4),(-0.102908908527725,-0.0864143205581484,
-0.0433928356588771,0.,0.0246898379980673,0.0493982109083851,0.092939847650536,
0.136170403411407,0.136819566964615),.UNSPECIFIED.);
#211=B_SPLINE_CURVE_WITH_KNOTS('',3,(#6341,#6342,#6343,#6344,#6345,#6346,
#6347),.UNSPECIFIED.,.F.,.F.,(4,3,4),(-0.0256627357707436,-0.0118808371890521,
-0.00312116537959218),.UNSPECIFIED.);
#212=B_SPLINE_CURVE_WITH_KNOTS('',3,(#6420,#6421,#6422,#6423,#6424,#6425),
 .UNSPECIFIED.,.F.,.F.,(4,2,4),(0.,0.143096655430211,0.304348221601987),
 .UNSPECIFIED.);
#213=B_SPLINE_CURVE_WITH_KNOTS('',3,(#6427,#6428,#6429,#6430,#6431,#6432,
#6433,#6434,#6435,#6436,#6437,#6438,#6439,#6440),.UNSPECIFIED.,.F.,.F.,
(4,2,2,2,2,2,4),(0.,0.0268119699871419,0.0522747345389564,0.0664472049928473,
0.0842878835344999,0.179979789911477,0.212426334797802),.UNSPECIFIED.);
#214=B_SPLINE_CURVE_WITH_KNOTS('',3,(#6442,#6443,#6444,#6445),
 .UNSPECIFIED.,.F.,.F.,(4,4),(0.,0.00632722581249499),.UNSPECIFIED.);
#215=B_SPLINE_CURVE_WITH_KNOTS('',3,(#6446,#6447,#6448,#6449,#6450,#6451),
 .UNSPECIFIED.,.F.,.F.,(4,2,4),(0.0881938115515402,0.109642293451019,0.143403087369952),
 .UNSPECIFIED.);
#216=B_SPLINE_CURVE_WITH_KNOTS('',3,(#6453,#6454,#6455,#6456,#6457,#6458,
#6459,#6460,#6461,#6462,#6463,#6464,#6465,#6466),.UNSPECIFIED.,.F.,.F.,
(4,2,2,2,2,2,4),(0.26991307503532,0.277841928737143,0.313000020739405,0.353208134828735,
0.402712588210545,0.458565400374614,0.484347811653325),.UNSPECIFIED.);
#217=B_SPLINE_CURVE_WITH_KNOTS('',3,(#6467,#6468,#6469,#6470,#6471,#6472,
#6473,#6474,#6475,#6476,#6477,#6478),.UNSPECIFIED.,.F.,.F.,(4,2,2,2,2,4),
(0.0554698310839362,0.0952715402099364,0.149735331749142,0.200996686126932,
0.242011543250858,0.26991307503532),.UNSPECIFIED.);
#218=B_SPLINE_CURVE_WITH_KNOTS('',3,(#6515,#6516,#6517,#6518,#6519,#6520,
#6521,#6522,#6523,#6524,#6525,#6526,#6527,#6528,#6529,#6530,#6531,#6532,
#6533,#6534,#6535,#6536,#6537,#6538,#6539,#6540,#6541,#6542,#6543,#6544,
#6545,#6546,#6547,#6548,#6549,#6550,#6551,#6552,#6553,#6554,#6555,#6556,
#6557,#6558,#6559,#6560,#6561,#6562,#6563,#6564,#6565,#6566,#6567,#6568,
#6569,#6570,#6571,#6572,#6573,#6574,#6575,#6576,#6577,#6578,#6579,#6580,
#6581,#6582,#6583,#6584,#6585,#6586,#6587),.UNSPECIFIED.,.F.,.F.,(4,3,3,
3,3,3,3,3,3,3,3,3,3,3,3,3,3,3,3,3,3,3,3,3,4),(0.0506646411988769,0.0648008392738843,
0.0792245672498872,0.0851234770498517,0.0995171250352988,0.11389332816952,
0.128136323707733,0.132651102145021,0.146847729656031,0.161388990060164,
0.171699451378338,0.186280981149082,0.200725397923727,0.215169814698372,
0.215650421975491,0.229973432820469,0.244779612144616,0.259585791468762,
0.274015499111689,0.27697506427599,0.291406438502903,0.303078378662593,
0.317463930272141,0.331709424989417,0.338453258628408),.UNSPECIFIED.);
#219=B_SPLINE_CURVE_WITH_KNOTS('',3,(#6589,#6590,#6591,#6592,#6593,#6594,
#6595,#6596,#6597,#6598,#6599,#6600,#6601,#6602,#6603,#6604,#6605,#6606,
#6607,#6608,#6609,#6610,#6611,#6612,#6613,#6614,#6615,#6616,#6617,#6618,
#6619,#6620,#6621,#6622,#6623,#6624,#6625,#6626,#6627,#6628,#6629,#6630,
#6631,#6632,#6633,#6634,#6635,#6636,#6637,#6638,#6639,#6640,#6641,#6642,
#6643,#6644,#6645,#6646,#6647,#6648,#6649,#6650,#6651,#6652,#6653,#6654,
#6655,#6656,#6657,#6658,#6659,#6660,#6661),.UNSPECIFIED.,.F.,.F.,(4,3,3,
3,3,3,3,3,3,3,3,3,3,3,3,3,3,3,3,3,3,3,3,3,4),(0.0506602150490817,0.0648869861278321,
0.079272694383321,0.0853485613955744,0.0997620203708485,0.11205113254189,
0.126459477626444,0.128350753543928,0.142736166509238,0.157242970080346,
0.171749773651454,0.173657809160256,0.187923672764508,0.202473941087632,
0.215424130206404,0.229944784152885,0.244215455055894,0.255945434107055,
0.259083605213035,0.273338292880157,0.287882101444208,0.302425910008258,
0.316851179191075,0.331042718001712,0.337864916479907),.UNSPECIFIED.);
#220=B_SPLINE_CURVE_WITH_KNOTS('',3,(#6662,#6663,#6664,#6665,#6666,#6667,
#6668),.UNSPECIFIED.,.F.,.F.,(4,3,4),(1.19416989582132,1.80167649121118,
2.16422978778019),.UNSPECIFIED.);
#221=B_SPLINE_CURVE_WITH_KNOTS('',3,(#6705,#6706,#6707,#6708,#6709,#6710,
#6711,#6712,#6713,#6714,#6715,#6716,#6717,#6718,#6719,#6720,#6721,#6722,
#6723,#6724,#6725,#6726,#6727,#6728,#6729,#6730,#6731,#6732,#6733,#6734,
#6735,#6736,#6737,#6738,#6739,#6740,#6741,#6742,#6743,#6744,#6745,#6746,
#6747,#6748,#6749,#6750,#6751,#6752,#6753,#6754,#6755,#6756,#6757,#6758,
#6759,#6760,#6761,#6762,#6763,#6764,#6765,#6766,#6767,#6768,#6769,#6770,
#6771,#6772,#6773,#6774,#6775,#6776,#6777),.UNSPECIFIED.,.F.,.F.,(4,3,3,
3,3,3,3,3,3,3,3,3,3,3,3,3,3,3,3,3,3,3,3,3,4),(0.0506536073535876,0.0648303867311214,
0.0792516184256147,0.0857056637861052,0.100106263324648,0.114398796251888,
0.128691329179129,0.132387008202392,0.146551224667756,0.161015498922181,
0.171832224296335,0.186296466652093,0.200581004447872,0.214269218682138,
0.215073599625177,0.229270466053444,0.243786024864547,0.258301583675649,
0.272689113996757,0.27564040076967,0.290039067344185,0.301406934109533,
0.315770272724737,0.330049775554249,0.33694309656864),.UNSPECIFIED.);
#222=B_SPLINE_CURVE_WITH_KNOTS('',3,(#6779,#6780,#6781,#6782,#6783,#6784,
#6785,#6786,#6787,#6788,#6789,#6790,#6791,#6792,#6793,#6794,#6795,#6796,
#6797,#6798,#6799,#6800,#6801,#6802,#6803,#6804,#6805,#6806,#6807,#6808,
#6809,#6810,#6811,#6812,#6813,#6814,#6815,#6816,#6817,#6818,#6819,#6820,
#6821,#6822,#6823,#6824,#6825,#6826,#6827,#6828,#6829,#6830,#6831,#6832,
#6833,#6834,#6835,#6836,#6837,#6838,#6839,#6840,#6841,#6842,#6843,#6844,
#6845,#6846,#6847,#6848,#6849,#6850,#6851),.UNSPECIFIED.,.F.,.F.,(4,3,3,
3,3,3,3,3,3,3,3,3,3,3,3,3,3,3,3,3,3,3,3,3,4),(0.0506623045846655,0.0648927918394179,
0.0792768721252787,0.0854229898913386,0.0998332744467142,0.112034633280783,
0.126438758044429,0.1284208113129,0.142800510474421,0.157283854563113,0.171767198651804,
0.173594080528355,0.187845303343491,0.202381577091227,0.21535909706281,
0.229869142270063,0.244135368315269,0.255808907789024,0.258942531671096,
0.273185943802803,0.287716508877632,0.302247073952461,0.316671075684779,
0.330867345418166,0.33769821669454),.UNSPECIFIED.);
#223=B_SPLINE_CURVE_WITH_KNOTS('',3,(#6852,#6853,#6854,#6855,#6856,#6857,
#6858),.UNSPECIFIED.,.F.,.F.,(4,3,4),(2.99547365689862,3.22435534387926,
3.48554018978433),.UNSPECIFIED.);
#224=B_SPLINE_CURVE_WITH_KNOTS('',3,(#6888,#6889,#6890,#6891,#6892,#6893,
#6894,#6895,#6896,#6897,#6898,#6899,#6900,#6901,#6902,#6903,#6904,#6905,
#6906,#6907,#6908,#6909,#6910,#6911,#6912,#6913,#6914,#6915,#6916,#6917,
#6918,#6919,#6920,#6921,#6922,#6923,#6924,#6925,#6926,#6927,#6928,#6929,
#6930,#6931,#6932,#6933,#6934,#6935,#6936,#6937,#6938,#6939,#6940,#6941,
#6942,#6943,#6944,#6945,#6946,#6947,#6948,#6949,#6950,#6951,#6952,#6953,
#6954,#6955,#6956,#6957,#6958,#6959,#6960),.UNSPECIFIED.,.F.,.F.,(4,3,3,
3,3,3,3,3,3,3,3,3,3,3,3,3,3,3,3,3,3,3,3,3,4),(0.0506724699512832,0.0648131362722438,
0.0792374066276688,0.0851427250215316,0.0995403107098754,0.113910764081659,
0.128158831600016,0.132644818974927,0.146844027163547,0.16138116850398,
0.171699847249177,0.18626942270769,0.200683997048011,0.215098571388331,
0.215581503247884,0.229889435740185,0.244652362762607,0.259415289785028,
0.273838521629126,0.276839968631379,0.291264878959672,0.302833547977423,
0.317216036784572,0.331466517755888,0.338286684009986),.UNSPECIFIED.);
#225=B_SPLINE_CURVE_WITH_KNOTS('',3,(#6962,#6963,#6964,#6965,#6966,#6967,
#6968,#6969,#6970,#6971,#6972,#6973,#6974,#6975,#6976,#6977,#6978,#6979,
#6980,#6981,#6982,#6983,#6984,#6985,#6986,#6987,#6988,#6989,#6990,#6991,
#6992,#6993,#6994,#6995,#6996,#6997,#6998,#6999,#7000,#7001,#7002,#7003,
#7004,#7005,#7006,#7007,#7008,#7009,#7010,#7011,#7012,#7013,#7014,#7015,
#7016,#7017,#7018,#7019,#7020,#7021,#7022,#7023,#7024,#7025,#7026,#7027,
#7028,#7029,#7030,#7031,#7032,#7033,#7034),.UNSPECIFIED.,.F.,.F.,(4,3,3,
3,3,3,3,3,3,3,3,3,3,3,3,3,3,3,3,3,3,3,3,3,4),(0.0506806413456397,0.0648846886282426,
0.0792794911413931,0.0848960514965814,0.0993278884033826,0.112185611225772,
0.126617535257457,0.127921428758735,0.142339657859984,0.156989891280612,
0.17164012470124,0.174083265660188,0.188438409627203,0.203074908398089,
0.21582421390753,0.230410640865696,0.244710199207774,0.256822569974959,
0.259959330665631,0.274282850558896,0.288911736142141,0.303540621725387,
0.31797166139296,0.332133036440239,0.338931544724883),.UNSPECIFIED.);
#226=B_SPLINE_CURVE_WITH_KNOTS('',3,(#7035,#7036,#7037,#7038),
 .UNSPECIFIED.,.F.,.F.,(4,4),(4.03504719485692,4.35159320047735),
 .UNSPECIFIED.);
#227=B_SPLINE_CURVE_WITH_KNOTS('',3,(#7069,#7070,#7071,#7072),
 .UNSPECIFIED.,.F.,.F.,(4,4),(5.4461868591885,5.50815631031136),
 .UNSPECIFIED.);
#228=B_SPLINE_CURVE_WITH_KNOTS('',3,(#7073,#7074,#7075,#7076,#7077,#7078,
#7079,#7080,#7081,#7082,#7083,#7084,#7085,#7086,#7087,#7088,#7089,#7090,
#7091,#7092,#7093,#7094,#7095,#7096,#7097,#7098,#7099,#7100,#7101,#7102,
#7103,#7104,#7105,#7106,#7107,#7108,#7109,#7110,#7111,#7112,#7113,#7114,
#7115,#7116,#7117,#7118,#7119,#7120,#7121,#7122,#7123,#7124,#7125,#7126,
#7127,#7128,#7129,#7130,#7131,#7132,#7133,#7134,#7135,#7136,#7137,#7138,
#7139,#7140,#7141,#7142,#7143,#7144,#7145),.UNSPECIFIED.,.F.,.F.,(4,3,3,
3,3,3,3,3,3,3,3,3,3,3,3,3,3,3,3,3,3,3,3,3,4),(0.0506768785249389,0.064827467132731,
0.0792514541850551,0.0852889170178609,0.0996879238302767,0.114037899880791,
0.128297157700614,0.132588188792627,0.146777260713747,0.161296051588666,
0.171736830917001,0.186280612543901,0.200647370957101,0.214902663283941,
0.215461677084144,0.229743235897574,0.244448307621586,0.259153379345598,
0.273569096519385,0.276558081437496,0.290978168018718,0.302502108617037,
0.316880559109582,0.331138148955632,0.337972468940827),.UNSPECIFIED.);
#229=B_SPLINE_CURVE_WITH_KNOTS('',3,(#7175,#7176,#7177,#7178,#7179,#7180,
#7181,#7182,#7183,#7184,#7185,#7186,#7187,#7188,#7189,#7190,#7191,#7192,
#7193,#7194,#7195,#7196,#7197,#7198,#7199,#7200,#7201,#7202,#7203,#7204,
#7205,#7206,#7207,#7208,#7209,#7210,#7211,#7212,#7213,#7214,#7215,#7216,
#7217,#7218,#7219,#7220,#7221,#7222,#7223,#7224,#7225,#7226,#7227,#7228,
#7229,#7230,#7231,#7232,#7233,#7234,#7235,#7236,#7237,#7238,#7239,#7240,
#7241,#7242,#7243,#7244,#7245,#7246,#7247,#7248,#7249,#7250,#7251,#7252,
#7253),.UNSPECIFIED.,.F.,.F.,(4,3,3,3,3,3,3,3,3,3,3,3,3,3,3,3,3,3,3,3,3,
3,3,3,3,3,4),(0.0507630457885858,0.0646875255452091,0.0790564501622033,
0.0819834239607165,0.0962440161041855,0.110901387699068,0.125060561918163,
0.134109533780445,0.148491630783307,0.163362353110913,0.170740477424646,
0.185858555417062,0.200986323990832,0.215740856263008,0.218121770596607,
0.219639715439676,0.234496745577444,0.249825170161607,0.264328256787155,
0.265153594745769,0.279654050887694,0.28326179096495,0.297709391860138,
0.310097046333811,0.324516160510718,0.338583221091164,0.345414424354468),
 .UNSPECIFIED.);
#230=B_SPLINE_CURVE_WITH_KNOTS('',3,(#7255,#7256,#7257,#7258,#7259,#7260,
#7261,#7262,#7263,#7264,#7265,#7266,#7267,#7268,#7269,#7270,#7271,#7272,
#7273,#7274,#7275,#7276,#7277,#7278,#7279,#7280,#7281,#7282,#7283,#7284,
#7285,#7286,#7287,#7288,#7289,#7290,#7291,#7292,#7293,#7294,#7295,#7296,
#7297,#7298,#7299,#7300,#7301,#7302,#7303,#7304,#7305,#7306,#7307,#7308,
#7309,#7310,#7311,#7312,#7313,#7314,#7315,#7316,#7317,#7318,#7319,#7320,
#7321,#7322,#7323,#7324,#7325,#7326,#7327,#7328,#7329,#7330),
 .UNSPECIFIED.,.F.,.F.,(4,3,3,3,3,3,3,3,3,3,3,3,3,3,3,3,3,3,3,3,3,3,3,3,
3,4),(0.0507548769976301,0.0648192701622651,0.0792162276690114,0.0823583313886314,
0.0966357528683494,0.111217652094303,0.112908219326135,0.125449176795295,
0.139990027066049,0.155431972993225,0.170873918920401,0.176382477295843,
0.191203340010798,0.206276718691668,0.217761796034185,0.232626292382849,
0.247031237781801,0.261382360826354,0.264287770141249,0.278888016764237,
0.293927886346318,0.308141103434584,0.3089677559284,0.323388658436348,0.337382277119212,
0.344378691918357),.UNSPECIFIED.);
#231=B_SPLINE_CURVE_WITH_KNOTS('',3,(#7331,#7332,#7333,#7334),
 .UNSPECIFIED.,.F.,.F.,(4,4),(4.80087594417343,5.10812384654886),
 .UNSPECIFIED.);
#232=FACE_OUTER_BOUND('',#342,.T.);
#233=FACE_OUTER_BOUND('',#343,.T.);
#234=FACE_OUTER_BOUND('',#344,.T.);
#235=FACE_OUTER_BOUND('',#345,.T.);
#236=FACE_OUTER_BOUND('',#346,.T.);
#237=FACE_OUTER_BOUND('',#347,.T.);
#238=FACE_OUTER_BOUND('',#348,.T.);
#239=FACE_OUTER_BOUND('',#349,.T.);
#240=FACE_OUTER_BOUND('',#350,.T.);
#241=FACE_OUTER_BOUND('',#351,.T.);
#242=FACE_OUTER_BOUND('',#352,.T.);
#243=FACE_OUTER_BOUND('',#353,.T.);
#244=FACE_OUTER_BOUND('',#354,.T.);
#245=FACE_OUTER_BOUND('',#355,.T.);
#246=FACE_OUTER_BOUND('',#356,.T.);
#247=FACE_OUTER_BOUND('',#357,.T.);
#248=FACE_OUTER_BOUND('',#360,.T.);
#249=FACE_OUTER_BOUND('',#361,.T.);
#250=FACE_OUTER_BOUND('',#362,.T.);
#251=FACE_OUTER_BOUND('',#363,.T.);
#252=FACE_OUTER_BOUND('',#364,.T.);
#253=FACE_OUTER_BOUND('',#365,.T.);
#254=FACE_OUTER_BOUND('',#366,.T.);
#255=FACE_OUTER_BOUND('',#367,.T.);
#256=FACE_OUTER_BOUND('',#368,.T.);
#257=FACE_OUTER_BOUND('',#369,.T.);
#258=FACE_OUTER_BOUND('',#370,.T.);
#259=FACE_OUTER_BOUND('',#373,.T.);
#260=FACE_OUTER_BOUND('',#374,.T.);
#261=FACE_OUTER_BOUND('',#375,.T.);
#262=FACE_OUTER_BOUND('',#376,.T.);
#263=FACE_OUTER_BOUND('',#377,.T.);
#264=FACE_OUTER_BOUND('',#378,.T.);
#265=FACE_OUTER_BOUND('',#379,.T.);
#266=FACE_OUTER_BOUND('',#380,.T.);
#267=FACE_OUTER_BOUND('',#381,.T.);
#268=FACE_OUTER_BOUND('',#382,.T.);
#269=FACE_OUTER_BOUND('',#383,.T.);
#270=FACE_OUTER_BOUND('',#384,.T.);
#271=FACE_OUTER_BOUND('',#385,.T.);
#272=FACE_OUTER_BOUND('',#386,.T.);
#273=FACE_OUTER_BOUND('',#387,.T.);
#274=FACE_OUTER_BOUND('',#388,.T.);
#275=FACE_OUTER_BOUND('',#389,.T.);
#276=FACE_OUTER_BOUND('',#390,.T.);
#277=FACE_OUTER_BOUND('',#391,.T.);
#278=FACE_OUTER_BOUND('',#392,.T.);
#279=FACE_OUTER_BOUND('',#393,.T.);
#280=FACE_OUTER_BOUND('',#394,.T.);
#281=FACE_OUTER_BOUND('',#395,.T.);
#282=FACE_OUTER_BOUND('',#396,.T.);
#283=FACE_OUTER_BOUND('',#397,.T.);
#284=FACE_OUTER_BOUND('',#398,.T.);
#285=FACE_OUTER_BOUND('',#399,.T.);
#286=FACE_OUTER_BOUND('',#400,.T.);
#287=FACE_OUTER_BOUND('',#401,.T.);
#288=FACE_OUTER_BOUND('',#402,.T.);
#289=FACE_OUTER_BOUND('',#403,.T.);
#290=FACE_OUTER_BOUND('',#404,.T.);
#291=FACE_OUTER_BOUND('',#405,.T.);
#292=FACE_OUTER_BOUND('',#406,.T.);
#293=FACE_OUTER_BOUND('',#407,.T.);
#294=FACE_OUTER_BOUND('',#408,.T.);
#295=FACE_OUTER_BOUND('',#409,.T.);
#296=FACE_OUTER_BOUND('',#410,.T.);
#297=FACE_OUTER_BOUND('',#411,.T.);
#298=FACE_OUTER_BOUND('',#412,.T.);
#299=FACE_OUTER_BOUND('',#413,.T.);
#300=FACE_OUTER_BOUND('',#414,.T.);
#301=FACE_OUTER_BOUND('',#415,.T.);
#302=FACE_OUTER_BOUND('',#416,.T.);
#303=FACE_OUTER_BOUND('',#417,.T.);
#304=FACE_OUTER_BOUND('',#418,.T.);
#305=FACE_OUTER_BOUND('',#419,.T.);
#306=FACE_OUTER_BOUND('',#420,.T.);
#307=FACE_OUTER_BOUND('',#421,.T.);
#308=FACE_OUTER_BOUND('',#422,.T.);
#309=FACE_OUTER_BOUND('',#423,.T.);
#310=FACE_OUTER_BOUND('',#424,.T.);
#311=FACE_OUTER_BOUND('',#425,.T.);
#312=FACE_OUTER_BOUND('',#426,.T.);
#313=FACE_OUTER_BOUND('',#427,.T.);
#314=FACE_OUTER_BOUND('',#428,.T.);
#315=FACE_OUTER_BOUND('',#429,.T.);
#316=FACE_OUTER_BOUND('',#430,.T.);
#317=FACE_OUTER_BOUND('',#431,.T.);
#318=FACE_OUTER_BOUND('',#432,.T.);
#319=FACE_OUTER_BOUND('',#433,.T.);
#320=FACE_OUTER_BOUND('',#434,.T.);
#321=FACE_OUTER_BOUND('',#435,.T.);
#322=FACE_OUTER_BOUND('',#436,.T.);
#323=FACE_OUTER_BOUND('',#437,.T.);
#324=FACE_OUTER_BOUND('',#438,.T.);
#325=FACE_OUTER_BOUND('',#439,.T.);
#326=FACE_OUTER_BOUND('',#440,.T.);
#327=FACE_OUTER_BOUND('',#441,.T.);
#328=FACE_OUTER_BOUND('',#442,.T.);
#329=FACE_OUTER_BOUND('',#443,.T.);
#330=FACE_OUTER_BOUND('',#444,.T.);
#331=FACE_OUTER_BOUND('',#445,.T.);
#332=FACE_OUTER_BOUND('',#446,.T.);
#333=FACE_OUTER_BOUND('',#447,.T.);
#334=FACE_OUTER_BOUND('',#448,.T.);
#335=FACE_OUTER_BOUND('',#449,.T.);
#336=FACE_OUTER_BOUND('',#450,.T.);
#337=FACE_OUTER_BOUND('',#451,.T.);
#338=FACE_OUTER_BOUND('',#452,.T.);
#339=FACE_OUTER_BOUND('',#453,.T.);
#340=FACE_OUTER_BOUND('',#454,.T.);
#341=FACE_OUTER_BOUND('',#455,.T.);
#342=EDGE_LOOP('',(#1330,#1331,#1332,#1333));
#343=EDGE_LOOP('',(#1334,#1335,#1336,#1337));
#344=EDGE_LOOP('',(#1338,#1339,#1340,#1341));
#345=EDGE_LOOP('',(#1342,#1343,#1344,#1345,#1346,#1347,#1348,#1349,#1350,
#1351,#1352,#1353));
#346=EDGE_LOOP('',(#1354,#1355,#1356,#1357,#1358,#1359,#1360,#1361,#1362,
#1363,#1364,#1365,#1366,#1367,#1368,#1369,#1370,#1371,#1372,#1373,#1374,
#1375,#1376,#1377,#1378,#1379,#1380,#1381,#1382,#1383,#1384,#1385,#1386,
#1387));
#347=EDGE_LOOP('',(#1388,#1389,#1390,#1391));
#348=EDGE_LOOP('',(#1392,#1393,#1394,#1395));
#349=EDGE_LOOP('',(#1396,#1397,#1398,#1399));
#350=EDGE_LOOP('',(#1400,#1401,#1402,#1403));
#351=EDGE_LOOP('',(#1404,#1405,#1406,#1407,#1408,#1409,#1410,#1411));
#352=EDGE_LOOP('',(#1412,#1413,#1414,#1415));
#353=EDGE_LOOP('',(#1416,#1417,#1418,#1419));
#354=EDGE_LOOP('',(#1420,#1421,#1422,#1423));
#355=EDGE_LOOP('',(#1424,#1425,#1426,#1427));
#356=EDGE_LOOP('',(#1428,#1429,#1430,#1431,#1432,#1433,#1434,#1435,#1436,
#1437,#1438,#1439,#1440));
#357=EDGE_LOOP('',(#1441,#1442,#1443,#1444,#1445,#1446,#1447,#1448,#1449,
#1450));
#358=EDGE_LOOP('',(#1451));
#359=EDGE_LOOP('',(#1452));
#360=EDGE_LOOP('',(#1453,#1454,#1455,#1456));
#361=EDGE_LOOP('',(#1457,#1458,#1459,#1460,#1461,#1462,#1463));
#362=EDGE_LOOP('',(#1464,#1465,#1466,#1467));
#363=EDGE_LOOP('',(#1468,#1469,#1470,#1471));
#364=EDGE_LOOP('',(#1472,#1473,#1474,#1475,#1476));
#365=EDGE_LOOP('',(#1477,#1478,#1479,#1480));
#366=EDGE_LOOP('',(#1481,#1482,#1483,#1484,#1485));
#367=EDGE_LOOP('',(#1486,#1487,#1488,#1489,#1490));
#368=EDGE_LOOP('',(#1491,#1492,#1493,#1494,#1495));
#369=EDGE_LOOP('',(#1496,#1497,#1498,#1499));
#370=EDGE_LOOP('',(#1500,#1501,#1502,#1503,#1504,#1505,#1506,#1507,#1508,
#1509,#1510,#1511,#1512,#1513,#1514,#1515,#1516,#1517,#1518,#1519,#1520,
#1521,#1522,#1523,#1524,#1525,#1526,#1527,#1528,#1529,#1530,#1531,#1532,
#1533,#1534,#1535,#1536,#1537,#1538,#1539,#1540,#1541,#1542,#1543,#1544,
#1545));
#371=EDGE_LOOP('',(#1546,#1547));
#372=EDGE_LOOP('',(#1548,#1549));
#373=EDGE_LOOP('',(#1550,#1551,#1552,#1553,#1554,#1555,#1556));
#374=EDGE_LOOP('',(#1557,#1558,#1559,#1560));
#375=EDGE_LOOP('',(#1561,#1562,#1563,#1564));
#376=EDGE_LOOP('',(#1565,#1566,#1567,#1568));
#377=EDGE_LOOP('',(#1569,#1570,#1571,#1572,#1573,#1574,#1575,#1576,#1577,
#1578,#1579,#1580,#1581));
#378=EDGE_LOOP('',(#1582,#1583,#1584,#1585));
#379=EDGE_LOOP('',(#1586,#1587,#1588,#1589,#1590,#1591,#1592,#1593));
#380=EDGE_LOOP('',(#1594,#1595,#1596,#1597));
#381=EDGE_LOOP('',(#1598,#1599,#1600,#1601));
#382=EDGE_LOOP('',(#1602,#1603,#1604,#1605,#1606,#1607,#1608,#1609,#1610,
#1611,#1612,#1613));
#383=EDGE_LOOP('',(#1614,#1615,#1616,#1617,#1618,#1619,#1620,#1621,#1622,
#1623));
#384=EDGE_LOOP('',(#1624,#1625,#1626,#1627));
#385=EDGE_LOOP('',(#1628,#1629,#1630,#1631));
#386=EDGE_LOOP('',(#1632,#1633,#1634));
#387=EDGE_LOOP('',(#1635,#1636,#1637,#1638,#1639,#1640,#1641,#1642,#1643,
#1644,#1645,#1646));
#388=EDGE_LOOP('',(#1647,#1648,#1649,#1650,#1651,#1652,#1653,#1654));
#389=EDGE_LOOP('',(#1655,#1656,#1657,#1658));
#390=EDGE_LOOP('',(#1659,#1660,#1661,#1662));
#391=EDGE_LOOP('',(#1663,#1664,#1665,#1666));
#392=EDGE_LOOP('',(#1667,#1668,#1669,#1670,#1671,#1672,#1673));
#393=EDGE_LOOP('',(#1674,#1675,#1676));
#394=EDGE_LOOP('',(#1677,#1678,#1679,#1680));
#395=EDGE_LOOP('',(#1681,#1682,#1683,#1684));
#396=EDGE_LOOP('',(#1685,#1686,#1687,#1688,#1689,#1690,#1691,#1692,#1693,
#1694));
#397=EDGE_LOOP('',(#1695,#1696,#1697,#1698));
#398=EDGE_LOOP('',(#1699,#1700,#1701,#1702));
#399=EDGE_LOOP('',(#1703,#1704,#1705,#1706,#1707,#1708,#1709,#1710,#1711,
#1712));
#400=EDGE_LOOP('',(#1713,#1714,#1715,#1716,#1717));
#401=EDGE_LOOP('',(#1718,#1719,#1720,#1721,#1722));
#402=EDGE_LOOP('',(#1723,#1724,#1725,#1726,#1727));
#403=EDGE_LOOP('',(#1728,#1729,#1730,#1731,#1732));
#404=EDGE_LOOP('',(#1733,#1734,#1735,#1736));
#405=EDGE_LOOP('',(#1737,#1738,#1739,#1740));
#406=EDGE_LOOP('',(#1741,#1742,#1743,#1744));
#407=EDGE_LOOP('',(#1745,#1746,#1747,#1748));
#408=EDGE_LOOP('',(#1749,#1750,#1751,#1752,#1753,#1754,#1755));
#409=EDGE_LOOP('',(#1756,#1757,#1758,#1759,#1760,#1761,#1762,#1763,#1764,
#1765,#1766,#1767,#1768,#1769,#1770,#1771,#1772,#1773,#1774,#1775,#1776,
#1777,#1778,#1779,#1780,#1781,#1782,#1783,#1784,#1785,#1786,#1787,#1788,
#1789));
#410=EDGE_LOOP('',(#1790,#1791,#1792,#1793,#1794));
#411=EDGE_LOOP('',(#1795,#1796,#1797));
#412=EDGE_LOOP('',(#1798,#1799,#1800,#1801));
#413=EDGE_LOOP('',(#1802,#1803,#1804,#1805,#1806,#1807,#1808,#1809));
#414=EDGE_LOOP('',(#1810,#1811,#1812,#1813));
#415=EDGE_LOOP('',(#1814,#1815,#1816,#1817));
#416=EDGE_LOOP('',(#1818,#1819,#1820,#1821));
#417=EDGE_LOOP('',(#1822,#1823,#1824,#1825,#1826,#1827,#1828));
#418=EDGE_LOOP('',(#1829,#1830,#1831,#1832));
#419=EDGE_LOOP('',(#1833,#1834,#1835));
#420=EDGE_LOOP('',(#1836,#1837,#1838,#1839));
#421=EDGE_LOOP('',(#1840,#1841,#1842,#1843));
#422=EDGE_LOOP('',(#1844,#1845,#1846,#1847,#1848));
#423=EDGE_LOOP('',(#1849,#1850,#1851,#1852,#1853));
#424=EDGE_LOOP('',(#1854,#1855,#1856,#1857,#1858));
#425=EDGE_LOOP('',(#1859,#1860,#1861,#1862,#1863));
#426=EDGE_LOOP('',(#1864,#1865,#1866,#1867,#1868));
#427=EDGE_LOOP('',(#1869,#1870,#1871,#1872,#1873,#1874,#1875));
#428=EDGE_LOOP('',(#1876,#1877,#1878,#1879));
#429=EDGE_LOOP('',(#1880,#1881,#1882,#1883));
#430=EDGE_LOOP('',(#1884,#1885,#1886,#1887));
#431=EDGE_LOOP('',(#1888,#1889,#1890,#1891));
#432=EDGE_LOOP('',(#1892,#1893,#1894,#1895));
#433=EDGE_LOOP('',(#1896,#1897,#1898,#1899,#1900,#1901));
#434=EDGE_LOOP('',(#1902,#1903,#1904,#1905));
#435=EDGE_LOOP('',(#1906,#1907,#1908,#1909,#1910,#1911));
#436=EDGE_LOOP('',(#1912,#1913,#1914,#1915));
#437=EDGE_LOOP('',(#1916,#1917,#1918,#1919));
#438=EDGE_LOOP('',(#1920,#1921,#1922,#1923,#1924));
#439=EDGE_LOOP('',(#1925,#1926,#1927,#1928));
#440=EDGE_LOOP('',(#1929,#1930,#1931,#1932,#1933));
#441=EDGE_LOOP('',(#1934,#1935,#1936,#1937));
#442=EDGE_LOOP('',(#1938,#1939,#1940,#1941,#1942));
#443=EDGE_LOOP('',(#1943,#1944,#1945,#1946,#1947));
#444=EDGE_LOOP('',(#1948,#1949,#1950,#1951));
#445=EDGE_LOOP('',(#1952,#1953,#1954,#1955,#1956));
#446=EDGE_LOOP('',(#1957,#1958,#1959,#1960));
#447=EDGE_LOOP('',(#1961,#1962,#1963,#1964,#1965));
#448=EDGE_LOOP('',(#1966,#1967,#1968,#1969));
#449=EDGE_LOOP('',(#1970,#1971,#1972,#1973,#1974));
#450=EDGE_LOOP('',(#1975,#1976,#1977,#1978));
#451=EDGE_LOOP('',(#1979,#1980,#1981,#1982,#1983));
#452=EDGE_LOOP('',(#1984,#1985,#1986,#1987));
#453=EDGE_LOOP('',(#1988,#1989,#1990,#1991));
#454=EDGE_LOOP('',(#1992,#1993,#1994,#1995,#1996));
#455=EDGE_LOOP('',(#1997,#1998,#1999,#2000,#2001));
#456=LINE('',#2668,#613);
#457=LINE('',#2670,#614);
#458=LINE('',#2672,#615);
#459=LINE('',#2673,#616);
#460=LINE('',#2676,#617);
#461=LINE('',#2678,#618);
#462=LINE('',#2679,#619);
#463=LINE('',#2682,#620);
#464=LINE('',#2684,#621);
#465=LINE('',#2685,#622);
#466=LINE('',#2688,#623);
#467=LINE('',#2690,#624);
#468=LINE('',#2692,#625);
#469=LINE('',#2798,#626);
#470=LINE('',#2904,#627);
#471=LINE('',#2906,#628);
#472=LINE('',#2907,#629);
#473=LINE('',#2910,#630);
#474=LINE('',#2912,#631);
#475=LINE('',#2914,#632);
#476=LINE('',#2916,#633);
#477=LINE('',#2923,#634);
#478=LINE('',#2930,#635);
#479=LINE('',#2944,#636);
#480=LINE('',#2951,#637);
#481=LINE('',#2958,#638);
#482=LINE('',#2965,#639);
#483=LINE('',#2972,#640);
#484=LINE('',#2979,#641);
#485=LINE('',#2989,#642);
#486=LINE('',#2996,#643);
#487=LINE('',#3006,#644);
#488=LINE('',#3037,#645);
#489=LINE('',#3038,#646);
#490=LINE('',#3042,#647);
#491=LINE('',#3044,#648);
#492=LINE('',#3046,#649);
#493=LINE('',#3047,#650);
#494=LINE('',#3050,#651);
#495=LINE('',#3052,#652);
#496=LINE('',#3053,#653);
#497=LINE('',#3056,#654);
#498=LINE('',#3058,#655);
#499=LINE('',#3059,#656);
#500=LINE('',#3061,#657);
#501=LINE('',#3064,#658);
#502=LINE('',#3066,#659);
#503=LINE('',#3067,#660);
#504=LINE('',#3068,#661);
#505=LINE('',#3072,#662);
#506=LINE('',#3074,#663);
#507=LINE('',#3076,#664);
#508=LINE('',#3077,#665);
#509=LINE('',#3081,#666);
#510=LINE('',#3083,#667);
#511=LINE('',#3085,#668);
#512=LINE('',#3086,#669);
#513=LINE('',#3088,#670);
#514=LINE('',#3089,#671);
#515=LINE('',#3091,#672);
#516=LINE('',#3095,#673);
#517=LINE('',#3097,#674);
#518=LINE('',#3126,#675);
#519=LINE('',#3128,#676);
#520=LINE('',#3130,#677);
#521=LINE('',#3137,#678);
#522=LINE('',#3138,#679);
#523=LINE('',#3142,#680);
#524=LINE('',#3144,#681);
#525=LINE('',#3146,#682);
#526=LINE('',#3148,#683);
#527=LINE('',#3150,#684);
#528=LINE('',#3152,#685);
#529=LINE('',#3154,#686);
#530=LINE('',#3215,#687);
#531=LINE('',#3217,#688);
#532=LINE('',#3218,#689);
#533=LINE('',#3268,#690);
#534=LINE('',#3269,#691);
#535=LINE('',#3271,#692);
#536=LINE('',#3272,#693);
#537=LINE('',#3274,#694);
#538=LINE('',#3412,#695);
#539=LINE('',#3462,#696);
#540=LINE('',#4104,#697);
#541=LINE('',#4105,#698);
#542=LINE('',#4144,#699);
#543=LINE('',#4146,#700);
#544=LINE('',#4149,#701);
#545=LINE('',#4747,#702);
#546=LINE('',#4783,#703);
#547=LINE('',#5997,#704);
#548=LINE('',#6202,#705);
#549=LINE('',#6224,#706);
#550=LINE('',#6228,#707);
#551=LINE('',#6232,#708);
#552=LINE('',#6234,#709);
#553=LINE('',#6235,#710);
#554=LINE('',#6237,#711);
#555=LINE('',#6239,#712);
#556=LINE('',#6240,#713);
#557=LINE('',#6242,#714);
#558=LINE('',#6244,#715);
#559=LINE('',#6245,#716);
#560=LINE('',#6247,#717);
#561=LINE('',#6249,#718);
#562=LINE('',#6250,#719);
#563=LINE('',#6253,#720);
#564=LINE('',#6254,#721);
#565=LINE('',#6257,#722);
#566=LINE('',#6258,#723);
#567=LINE('',#6261,#724);
#568=LINE('',#6262,#725);
#569=LINE('',#6265,#726);
#570=LINE('',#6266,#727);
#571=LINE('',#6269,#728);
#572=LINE('',#6271,#729);
#573=LINE('',#6272,#730);
#574=LINE('',#6303,#731);
#575=LINE('',#6304,#732);
#576=LINE('',#6305,#733);
#577=LINE('',#6306,#734);
#578=LINE('',#6307,#735);
#579=LINE('',#6308,#736);
#580=LINE('',#6309,#737);
#581=LINE('',#6311,#738);
#582=LINE('',#6315,#739);
#583=LINE('',#7361,#740);
#584=LINE('',#7362,#741);
#585=LINE('',#7365,#742);
#586=LINE('',#7366,#743);
#587=LINE('',#7369,#744);
#588=LINE('',#7370,#745);
#589=LINE('',#7373,#746);
#590=LINE('',#7374,#747);
#591=LINE('',#7377,#748);
#592=LINE('',#7378,#749);
#593=LINE('',#7381,#750);
#594=LINE('',#7382,#751);
#595=LINE('',#7385,#752);
#596=LINE('',#7386,#753);
#597=LINE('',#7389,#754);
#598=LINE('',#7390,#755);
#599=LINE('',#7393,#756);
#600=LINE('',#7394,#757);
#601=LINE('',#7397,#758);
#602=LINE('',#7398,#759);
#603=LINE('',#7400,#760);
#604=LINE('',#7413,#761);
#605=LINE('',#7416,#762);
#606=LINE('',#7419,#763);
#607=LINE('',#7422,#764);
#608=LINE('',#7462,#765);
#609=LINE('',#7465,#766);
#610=LINE('',#7468,#767);
#611=LINE('',#7471,#768);
#612=LINE('',#7474,#769);
#613=VECTOR('',#2299,10.);
#614=VECTOR('',#2300,10.);
#615=VECTOR('',#2301,10.);
#616=VECTOR('',#2302,10.);
#617=VECTOR('',#2305,10.);
#618=VECTOR('',#2306,10.);
#619=VECTOR('',#2307,10.);
#620=VECTOR('',#2310,10.);
#621=VECTOR('',#2311,10.);
#622=VECTOR('',#2312,10.);
#623=VECTOR('',#2315,10.);
#624=VECTOR('',#2316,10.);
#625=VECTOR('',#2317,10.);
#626=VECTOR('',#2318,10.);
#627=VECTOR('',#2319,10.);
#628=VECTOR('',#2320,10.);
#629=VECTOR('',#2321,10.);
#630=VECTOR('',#2324,10.);
#631=VECTOR('',#2325,10.);
#632=VECTOR('',#2326,10.);
#633=VECTOR('',#2327,10.);
#634=VECTOR('',#2328,10.);
#635=VECTOR('',#2329,10.);
#636=VECTOR('',#2330,10.);
#637=VECTOR('',#2331,10.);
#638=VECTOR('',#2332,10.);
#639=VECTOR('',#2333,10.);
#640=VECTOR('',#2334,10.);
#641=VECTOR('',#2335,10.);
#642=VECTOR('',#2336,10.);
#643=VECTOR('',#2337,10.);
#644=VECTOR('',#2338,10.);
#645=VECTOR('',#2339,10.);
#646=VECTOR('',#2340,10.);
#647=VECTOR('',#2343,10.);
#648=VECTOR('',#2344,10.);
#649=VECTOR('',#2345,10.);
#650=VECTOR('',#2346,10.);
#651=VECTOR('',#2349,10.);
#652=VECTOR('',#2350,10.);
#653=VECTOR('',#2351,10.);
#654=VECTOR('',#2354,10.);
#655=VECTOR('',#2355,10.);
#656=VECTOR('',#2356,10.);
#657=VECTOR('',#2359,10.);
#658=VECTOR('',#2362,10.);
#659=VECTOR('',#2363,10.);
#660=VECTOR('',#2364,10.);
#661=VECTOR('',#2365,10.);
#662=VECTOR('',#2368,10.);
#663=VECTOR('',#2369,10.);
#664=VECTOR('',#2370,10.);
#665=VECTOR('',#2371,10.);
#666=VECTOR('',#2374,10.);
#667=VECTOR('',#2375,10.);
#668=VECTOR('',#2376,10.);
#669=VECTOR('',#2377,10.);
#670=VECTOR('',#2380,10.);
#671=VECTOR('',#2381,10.);
#672=VECTOR('',#2384,10.);
#673=VECTOR('',#2387,10.);
#674=VECTOR('',#2388,10.);
#675=VECTOR('',#2389,10.);
#676=VECTOR('',#2390,10.);
#677=VECTOR('',#2391,10.);
#678=VECTOR('',#2392,10.);
#679=VECTOR('',#2393,10.);
#680=VECTOR('',#2396,10.);
#681=VECTOR('',#2397,10.);
#682=VECTOR('',#2398,10.);
#683=VECTOR('',#2399,10.);
#684=VECTOR('',#2400,10.);
#685=VECTOR('',#2401,10.);
#686=VECTOR('',#2402,10.);
#687=VECTOR('',#2409,10.);
#688=VECTOR('',#2410,10.);
#689=VECTOR('',#2411,10.);
#690=VECTOR('',#2414,10.);
#691=VECTOR('',#2415,10.);
#692=VECTOR('',#2418,10.);
#693=VECTOR('',#2419,10.);
#694=VECTOR('',#2422,10.);
#695=VECTOR('',#2425,2.5);
#696=VECTOR('',#2428,2.5);
#697=VECTOR('',#2445,10.);
#698=VECTOR('',#2446,10.);
#699=VECTOR('',#2449,10.);
#700=VECTOR('',#2452,10.);
#701=VECTOR('',#2457,10.);
#702=VECTOR('',#2460,10.);
#703=VECTOR('',#2469,10.);
#704=VECTOR('',#2474,10.);
#705=VECTOR('',#2483,10.);
#706=VECTOR('',#2492,10.);
#707=VECTOR('',#2497,10.);
#708=VECTOR('',#2504,10.);
#709=VECTOR('',#2505,10.);
#710=VECTOR('',#2506,10.);
#711=VECTOR('',#2509,10.);
#712=VECTOR('',#2510,10.);
#713=VECTOR('',#2511,10.);
#714=VECTOR('',#2514,10.);
#715=VECTOR('',#2515,10.);
#716=VECTOR('',#2516,10.);
#717=VECTOR('',#2519,10.);
#718=VECTOR('',#2520,10.);
#719=VECTOR('',#2521,10.);
#720=VECTOR('',#2524,10.);
#721=VECTOR('',#2525,10.);
#722=VECTOR('',#2528,10.);
#723=VECTOR('',#2529,10.);
#724=VECTOR('',#2532,10.);
#725=VECTOR('',#2533,10.);
#726=VECTOR('',#2536,10.);
#727=VECTOR('',#2537,10.);
#728=VECTOR('',#2540,10.);
#729=VECTOR('',#2541,10.);
#730=VECTOR('',#2542,10.);
#731=VECTOR('',#2545,10.);
#732=VECTOR('',#2546,10.);
#733=VECTOR('',#2547,10.);
#734=VECTOR('',#2548,10.);
#735=VECTOR('',#2549,10.);
#736=VECTOR('',#2550,10.);
#737=VECTOR('',#2551,10.);
#738=VECTOR('',#2554,10.);
#739=VECTOR('',#2557,10.);
#740=VECTOR('',#2574,10.);
#741=VECTOR('',#2575,10.);
#742=VECTOR('',#2578,10.);
#743=VECTOR('',#2579,10.);
#744=VECTOR('',#2582,10.);
#745=VECTOR('',#2583,10.);
#746=VECTOR('',#2586,10.);
#747=VECTOR('',#2587,10.);
#748=VECTOR('',#2590,10.);
#749=VECTOR('',#2591,10.);
#750=VECTOR('',#2594,10.);
#751=VECTOR('',#2595,10.);
#752=VECTOR('',#2598,10.);
#753=VECTOR('',#2599,10.);
#754=VECTOR('',#2602,10.);
#755=VECTOR('',#2603,10.);
#756=VECTOR('',#2606,10.);
#757=VECTOR('',#2607,10.);
#758=VECTOR('',#2610,10.);
#759=VECTOR('',#2611,10.);
#760=VECTOR('',#2614,10.);
#761=VECTOR('',#2619,10.);
#762=VECTOR('',#2624,10.);
#763=VECTOR('',#2629,10.);
#764=VECTOR('',#2634,10.);
#765=VECTOR('',#2641,10.);
#766=VECTOR('',#2646,10.);
#767=VECTOR('',#2651,10.);
#768=VECTOR('',#2656,10.);
#769=VECTOR('',#2661,10.);
#770=VERTEX_POINT('',#2666);
#771=VERTEX_POINT('',#2667);
#772=VERTEX_POINT('',#2669);
#773=VERTEX_POINT('',#2671);
#774=VERTEX_POINT('',#2675);
#775=VERTEX_POINT('',#2677);
#776=VERTEX_POINT('',#2681);
#777=VERTEX_POINT('',#2683);
#778=VERTEX_POINT('',#2687);
#779=VERTEX_POINT('',#2689);
#780=VERTEX_POINT('',#2691);
#781=VERTEX_POINT('',#2693);
#782=VERTEX_POINT('',#2797);
#783=VERTEX_POINT('',#2799);
#784=VERTEX_POINT('',#2903);
#785=VERTEX_POINT('',#2905);
#786=VERTEX_POINT('',#2909);
#787=VERTEX_POINT('',#2911);
#788=VERTEX_POINT('',#2913);
#789=VERTEX_POINT('',#2915);
#790=VERTEX_POINT('',#2917);
#791=VERTEX_POINT('',#2922);
#792=VERTEX_POINT('',#2924);
#793=VERTEX_POINT('',#2929);
#794=VERTEX_POINT('',#2931);
#795=VERTEX_POINT('',#2938);
#796=VERTEX_POINT('',#2943);
#797=VERTEX_POINT('',#2945);
#798=VERTEX_POINT('',#2950);
#799=VERTEX_POINT('',#2952);
#800=VERTEX_POINT('',#2957);
#801=VERTEX_POINT('',#2959);
#802=VERTEX_POINT('',#2964);
#803=VERTEX_POINT('',#2966);
#804=VERTEX_POINT('',#2971);
#805=VERTEX_POINT('',#2973);
#806=VERTEX_POINT('',#2978);
#807=VERTEX_POINT('',#2980);
#808=VERTEX_POINT('',#2988);
#809=VERTEX_POINT('',#2990);
#810=VERTEX_POINT('',#2995);
#811=VERTEX_POINT('',#2997);
#812=VERTEX_POINT('',#3005);
#813=VERTEX_POINT('',#3007);
#814=VERTEX_POINT('',#3012);
#815=VERTEX_POINT('',#3029);
#816=VERTEX_POINT('',#3036);
#817=VERTEX_POINT('',#3040);
#818=VERTEX_POINT('',#3041);
#819=VERTEX_POINT('',#3043);
#820=VERTEX_POINT('',#3045);
#821=VERTEX_POINT('',#3049);
#822=VERTEX_POINT('',#3051);
#823=VERTEX_POINT('',#3055);
#824=VERTEX_POINT('',#3057);
#825=VERTEX_POINT('',#3063);
#826=VERTEX_POINT('',#3065);
#827=VERTEX_POINT('',#3070);
#828=VERTEX_POINT('',#3071);
#829=VERTEX_POINT('',#3073);
#830=VERTEX_POINT('',#3075);
#831=VERTEX_POINT('',#3079);
#832=VERTEX_POINT('',#3080);
#833=VERTEX_POINT('',#3082);
#834=VERTEX_POINT('',#3084);
#835=VERTEX_POINT('',#3093);
#836=VERTEX_POINT('',#3094);
#837=VERTEX_POINT('',#3096);
#838=VERTEX_POINT('',#3127);
#839=VERTEX_POINT('',#3129);
#840=VERTEX_POINT('',#3131);
#841=VERTEX_POINT('',#3136);
#842=VERTEX_POINT('',#3140);
#843=VERTEX_POINT('',#3141);
#844=VERTEX_POINT('',#3143);
#845=VERTEX_POINT('',#3145);
#846=VERTEX_POINT('',#3147);
#847=VERTEX_POINT('',#3149);
#848=VERTEX_POINT('',#3151);
#849=VERTEX_POINT('',#3153);
#850=VERTEX_POINT('',#3155);
#851=VERTEX_POINT('',#3190);
#852=VERTEX_POINT('',#3209);
#853=VERTEX_POINT('',#3211);
#854=VERTEX_POINT('',#3214);
#855=VERTEX_POINT('',#3216);
#856=VERTEX_POINT('',#3220);
#857=VERTEX_POINT('',#3230);
#858=VERTEX_POINT('',#3249);
#859=VERTEX_POINT('',#3260);
#860=VERTEX_POINT('',#3267);
#861=VERTEX_POINT('',#3320);
#862=VERTEX_POINT('',#3328);
#863=VERTEX_POINT('',#3395);
#864=VERTEX_POINT('',#3411);
#865=VERTEX_POINT('',#3413);
#866=VERTEX_POINT('',#3461);
#867=VERTEX_POINT('',#3463);
#868=VERTEX_POINT('',#3556);
#869=VERTEX_POINT('',#3567);
#870=VERTEX_POINT('',#3629);
#871=VERTEX_POINT('',#3632);
#872=VERTEX_POINT('',#3643);
#873=VERTEX_POINT('',#3658);
#874=VERTEX_POINT('',#3669);
#875=VERTEX_POINT('',#3687);
#876=VERTEX_POINT('',#3701);
#877=VERTEX_POINT('',#3725);
#878=VERTEX_POINT('',#3739);
#879=VERTEX_POINT('',#3763);
#880=VERTEX_POINT('',#3777);
#881=VERTEX_POINT('',#3795);
#882=VERTEX_POINT('',#3797);
#883=VERTEX_POINT('',#3802);
#884=VERTEX_POINT('',#3816);
#885=VERTEX_POINT('',#3821);
#886=VERTEX_POINT('',#3835);
#887=VERTEX_POINT('',#3840);
#888=VERTEX_POINT('',#3854);
#889=VERTEX_POINT('',#3862);
#890=VERTEX_POINT('',#3876);
#891=VERTEX_POINT('',#3881);
#892=VERTEX_POINT('',#3895);
#893=VERTEX_POINT('',#3906);
#894=VERTEX_POINT('',#3920);
#895=VERTEX_POINT('',#3925);
#896=VERTEX_POINT('',#3939);
#897=VERTEX_POINT('',#3944);
#898=VERTEX_POINT('',#3955);
#899=VERTEX_POINT('',#3960);
#900=VERTEX_POINT('',#3971);
#901=VERTEX_POINT('',#3976);
#902=VERTEX_POINT('',#3992);
#903=VERTEX_POINT('',#3999);
#904=VERTEX_POINT('',#4062);
#905=VERTEX_POINT('',#4067);
#906=VERTEX_POINT('',#4096);
#907=VERTEX_POINT('',#4107);
#908=VERTEX_POINT('',#4136);
#909=VERTEX_POINT('',#4330);
#910=VERTEX_POINT('',#4365);
#911=VERTEX_POINT('',#4421);
#912=VERTEX_POINT('',#4501);
#913=VERTEX_POINT('',#4587);
#914=VERTEX_POINT('',#4608);
#915=VERTEX_POINT('',#4672);
#916=VERTEX_POINT('',#4765);
#917=VERTEX_POINT('',#4766);
#918=VERTEX_POINT('',#4773);
#919=VERTEX_POINT('',#4775);
#920=VERTEX_POINT('',#4782);
#921=VERTEX_POINT('',#4970);
#922=VERTEX_POINT('',#5026);
#923=VERTEX_POINT('',#5043);
#924=VERTEX_POINT('',#5050);
#925=VERTEX_POINT('',#5073);
#926=VERTEX_POINT('',#5218);
#927=VERTEX_POINT('',#5219);
#928=VERTEX_POINT('',#5236);
#929=VERTEX_POINT('',#5251);
#930=VERTEX_POINT('',#5253);
#931=VERTEX_POINT('',#5304);
#932=VERTEX_POINT('',#5305);
#933=VERTEX_POINT('',#5310);
#934=VERTEX_POINT('',#5387);
#935=VERTEX_POINT('',#5499);
#936=VERTEX_POINT('',#5500);
#937=VERTEX_POINT('',#5505);
#938=VERTEX_POINT('',#5579);
#939=VERTEX_POINT('',#5692);
#940=VERTEX_POINT('',#5693);
#941=VERTEX_POINT('',#5701);
#942=VERTEX_POINT('',#5775);
#943=VERTEX_POINT('',#5884);
#944=VERTEX_POINT('',#5885);
#945=VERTEX_POINT('',#5890);
#946=VERTEX_POINT('',#5917);
#947=VERTEX_POINT('',#5996);
#948=VERTEX_POINT('',#6036);
#949=VERTEX_POINT('',#6037);
#950=VERTEX_POINT('',#6045);
#951=VERTEX_POINT('',#6119);
#952=VERTEX_POINT('',#6201);
#953=VERTEX_POINT('',#6223);
#954=VERTEX_POINT('',#6227);
#955=VERTEX_POINT('',#6233);
#956=VERTEX_POINT('',#6238);
#957=VERTEX_POINT('',#6243);
#958=VERTEX_POINT('',#6248);
#959=VERTEX_POINT('',#6252);
#960=VERTEX_POINT('',#6256);
#961=VERTEX_POINT('',#6260);
#962=VERTEX_POINT('',#6264);
#963=VERTEX_POINT('',#6268);
#964=VERTEX_POINT('',#6270);
#965=VERTEX_POINT('',#6274);
#966=VERTEX_POINT('',#6313);
#967=VERTEX_POINT('',#6314);
#968=VERTEX_POINT('',#6316);
#969=VERTEX_POINT('',#6338);
#970=VERTEX_POINT('',#6340);
#971=VERTEX_POINT('',#6419);
#972=VERTEX_POINT('',#6426);
#973=VERTEX_POINT('',#6441);
#974=VERTEX_POINT('',#6452);
#975=VERTEX_POINT('',#6514);
#976=VERTEX_POINT('',#6588);
#977=VERTEX_POINT('',#6704);
#978=VERTEX_POINT('',#6778);
#979=VERTEX_POINT('',#6887);
#980=VERTEX_POINT('',#6961);
#981=VERTEX_POINT('',#7068);
#982=VERTEX_POINT('',#7174);
#983=VERTEX_POINT('',#7254);
#984=VERTEX_POINT('',#7360);
#985=VERTEX_POINT('',#7364);
#986=VERTEX_POINT('',#7368);
#987=VERTEX_POINT('',#7372);
#988=VERTEX_POINT('',#7376);
#989=VERTEX_POINT('',#7380);
#990=VERTEX_POINT('',#7384);
#991=VERTEX_POINT('',#7388);
#992=VERTEX_POINT('',#7392);
#993=VERTEX_POINT('',#7396);
#994=EDGE_CURVE('',#770,#771,#456,.F.);
#995=EDGE_CURVE('',#770,#772,#457,.F.);
#996=EDGE_CURVE('',#773,#772,#458,.F.);
#997=EDGE_CURVE('',#771,#773,#459,.F.);
#998=EDGE_CURVE('',#774,#770,#460,.F.);
#999=EDGE_CURVE('',#774,#775,#461,.F.);
#1000=EDGE_CURVE('',#772,#775,#462,.F.);
#1001=EDGE_CURVE('',#776,#774,#463,.F.);
#1002=EDGE_CURVE('',#777,#776,#464,.F.);
#1003=EDGE_CURVE('',#775,#777,#465,.F.);
#1004=EDGE_CURVE('',#778,#771,#466,.F.);
#1005=EDGE_CURVE('',#778,#779,#467,.T.);
#1006=EDGE_CURVE('',#779,#780,#468,.F.);
#1007=EDGE_CURVE('',#781,#780,#78,.F.);
#1008=EDGE_CURVE('',#781,#782,#469,.F.);
#1009=EDGE_CURVE('',#783,#782,#79,.F.);
#1010=EDGE_CURVE('',#783,#784,#470,.F.);
#1011=EDGE_CURVE('',#785,#784,#471,.T.);
#1012=EDGE_CURVE('',#776,#785,#472,.F.);
#1013=EDGE_CURVE('',#773,#786,#473,.T.);
#1014=EDGE_CURVE('',#786,#787,#474,.T.);
#1015=EDGE_CURVE('',#787,#788,#475,.T.);
#1016=EDGE_CURVE('',#788,#789,#476,.T.);
#1017=EDGE_CURVE('',#789,#790,#80,.T.);
#1018=EDGE_CURVE('',#790,#791,#477,.T.);
#1019=EDGE_CURVE('',#791,#792,#81,.T.);
#1020=EDGE_CURVE('',#792,#793,#478,.T.);
#1021=EDGE_CURVE('',#793,#794,#82,.T.);
#1022=EDGE_CURVE('',#794,#795,#83,.T.);
#1023=EDGE_CURVE('',#795,#796,#479,.T.);
#1024=EDGE_CURVE('',#796,#797,#84,.T.);
#1025=EDGE_CURVE('',#797,#798,#480,.T.);
#1026=EDGE_CURVE('',#798,#799,#85,.T.);
#1027=EDGE_CURVE('',#799,#800,#481,.T.);
#1028=EDGE_CURVE('',#800,#801,#86,.T.);
#1029=EDGE_CURVE('',#801,#802,#482,.T.);
#1030=EDGE_CURVE('',#802,#803,#87,.T.);
#1031=EDGE_CURVE('',#803,#804,#483,.T.);
#1032=EDGE_CURVE('',#804,#805,#88,.T.);
#1033=EDGE_CURVE('',#805,#806,#484,.T.);
#1034=EDGE_CURVE('',#806,#807,#89,.T.);
#1035=EDGE_CURVE('',#807,#808,#485,.T.);
#1036=EDGE_CURVE('',#808,#809,#90,.T.);
#1037=EDGE_CURVE('',#809,#810,#486,.T.);
#1038=EDGE_CURVE('',#810,#811,#91,.T.);
#1039=EDGE_CURVE('',#811,#812,#487,.T.);
#1040=EDGE_CURVE('',#812,#813,#92,.T.);
#1041=EDGE_CURVE('',#813,#814,#93,.T.);
#1042=EDGE_CURVE('',#814,#815,#94,.T.);
#1043=EDGE_CURVE('',#815,#816,#488,.F.);
#1044=EDGE_CURVE('',#816,#778,#489,.F.);
#1045=EDGE_CURVE('',#817,#818,#490,.T.);
#1046=EDGE_CURVE('',#817,#819,#491,.T.);
#1047=EDGE_CURVE('',#820,#819,#492,.T.);
#1048=EDGE_CURVE('',#818,#820,#493,.T.);
#1049=EDGE_CURVE('',#818,#821,#494,.T.);
#1050=EDGE_CURVE('',#822,#820,#495,.T.);
#1051=EDGE_CURVE('',#821,#822,#496,.T.);
#1052=EDGE_CURVE('',#823,#817,#497,.T.);
#1053=EDGE_CURVE('',#823,#824,#498,.T.);
#1054=EDGE_CURVE('',#819,#824,#499,.T.);
#1055=EDGE_CURVE('',#824,#822,#500,.T.);
#1056=EDGE_CURVE('',#821,#825,#501,.F.);
#1057=EDGE_CURVE('',#826,#825,#502,.T.);
#1058=EDGE_CURVE('',#785,#826,#503,.F.);
#1059=EDGE_CURVE('',#784,#823,#504,.F.);
#1060=EDGE_CURVE('',#827,#828,#505,.T.);
#1061=EDGE_CURVE('',#827,#829,#506,.T.);
#1062=EDGE_CURVE('',#829,#830,#507,.T.);
#1063=EDGE_CURVE('',#828,#830,#508,.T.);
#1064=EDGE_CURVE('',#831,#832,#509,.T.);
#1065=EDGE_CURVE('',#831,#833,#510,.T.);
#1066=EDGE_CURVE('',#833,#834,#511,.T.);
#1067=EDGE_CURVE('',#832,#834,#512,.T.);
#1068=EDGE_CURVE('',#832,#827,#513,.T.);
#1069=EDGE_CURVE('',#834,#829,#514,.T.);
#1070=EDGE_CURVE('',#830,#833,#515,.T.);
#1071=EDGE_CURVE('',#835,#836,#516,.T.);
#1072=EDGE_CURVE('',#837,#835,#517,.T.);
#1073=EDGE_CURVE('',#780,#837,#95,.T.);
#1074=EDGE_CURVE('',#828,#779,#518,.F.);
#1075=EDGE_CURVE('',#838,#831,#519,.F.);
#1076=EDGE_CURVE('',#839,#838,#520,.F.);
#1077=EDGE_CURVE('',#840,#839,#96,.T.);
#1078=EDGE_CURVE('',#841,#840,#521,.T.);
#1079=EDGE_CURVE('',#836,#841,#522,.T.);
#1080=EDGE_CURVE('',#842,#843,#523,.T.);
#1081=EDGE_CURVE('',#844,#842,#524,.T.);
#1082=EDGE_CURVE('',#845,#844,#525,.T.);
#1083=EDGE_CURVE('',#846,#845,#526,.T.);
#1084=EDGE_CURVE('',#847,#846,#527,.T.);
#1085=EDGE_CURVE('',#848,#847,#528,.T.);
#1086=EDGE_CURVE('',#849,#848,#529,.T.);
#1087=EDGE_CURVE('',#850,#849,#97,.T.);
#1088=EDGE_CURVE('',#851,#850,#98,.T.);
#1089=EDGE_CURVE('',#843,#851,#99,.T.);
#1090=EDGE_CURVE('',#852,#852,#65,.T.);
#1091=EDGE_CURVE('',#853,#853,#66,.T.);
#1092=EDGE_CURVE('',#854,#844,#530,.T.);
#1093=EDGE_CURVE('',#854,#855,#531,.T.);
#1094=EDGE_CURVE('',#855,#845,#532,.T.);
#1095=EDGE_CURVE('',#856,#843,#100,.T.);
#1096=EDGE_CURVE('',#856,#857,#101,.T.);
#1097=EDGE_CURVE('',#857,#858,#102,.T.);
#1098=EDGE_CURVE('',#858,#859,#103,.F.);
#1099=EDGE_CURVE('',#859,#860,#533,.F.);
#1100=EDGE_CURVE('',#842,#860,#534,.F.);
#1101=EDGE_CURVE('',#836,#847,#535,.T.);
#1102=EDGE_CURVE('',#841,#848,#536,.T.);
#1103=EDGE_CURVE('',#860,#854,#537,.T.);
#1104=EDGE_CURVE('',#851,#861,#104,.T.);
#1105=EDGE_CURVE('',#862,#861,#105,.T.);
#1106=EDGE_CURVE('',#856,#862,#106,.F.);
#1107=EDGE_CURVE('',#863,#850,#107,.T.);
#1108=EDGE_CURVE('',#863,#861,#108,.F.);
#1109=EDGE_CURVE('',#853,#864,#538,.T.);
#1110=EDGE_CURVE('',#865,#864,#109,.T.);
#1111=EDGE_CURVE('',#864,#865,#110,.T.);
#1112=EDGE_CURVE('',#852,#866,#539,.T.);
#1113=EDGE_CURVE('',#867,#866,#111,.T.);
#1114=EDGE_CURVE('',#866,#867,#112,.T.);
#1115=EDGE_CURVE('',#849,#868,#113,.T.);
#1116=EDGE_CURVE('',#868,#869,#114,.T.);
#1117=EDGE_CURVE('',#863,#869,#115,.T.);
#1118=EDGE_CURVE('',#862,#869,#67,.F.);
#1119=EDGE_CURVE('',#862,#870,#68,.T.);
#1120=EDGE_CURVE('',#869,#813,#69,.F.);
#1121=EDGE_CURVE('',#871,#812,#116,.T.);
#1122=EDGE_CURVE('',#872,#871,#117,.T.);
#1123=EDGE_CURVE('',#809,#872,#118,.T.);
#1124=EDGE_CURVE('',#873,#808,#119,.T.);
#1125=EDGE_CURVE('',#874,#873,#120,.T.);
#1126=EDGE_CURVE('',#805,#874,#121,.T.);
#1127=EDGE_CURVE('',#875,#804,#122,.T.);
#1128=EDGE_CURVE('',#876,#875,#123,.T.);
#1129=EDGE_CURVE('',#801,#876,#124,.T.);
#1130=EDGE_CURVE('',#877,#800,#125,.T.);
#1131=EDGE_CURVE('',#878,#877,#126,.T.);
#1132=EDGE_CURVE('',#797,#878,#127,.T.);
#1133=EDGE_CURVE('',#879,#796,#128,.T.);
#1134=EDGE_CURVE('',#880,#879,#129,.T.);
#1135=EDGE_CURVE('',#790,#880,#130,.T.);
#1136=EDGE_CURVE('',#789,#881,#19,.T.);
#1137=EDGE_CURVE('',#882,#881,#131,.T.);
#1138=EDGE_CURVE('',#883,#882,#132,.T.);
#1139=EDGE_CURVE('',#884,#883,#133,.T.);
#1140=EDGE_CURVE('',#885,#884,#134,.T.);
#1141=EDGE_CURVE('',#886,#885,#135,.T.);
#1142=EDGE_CURVE('',#887,#886,#136,.T.);
#1143=EDGE_CURVE('',#888,#887,#137,.T.);
#1144=EDGE_CURVE('',#889,#888,#138,.T.);
#1145=EDGE_CURVE('',#890,#889,#139,.T.);
#1146=EDGE_CURVE('',#891,#890,#140,.T.);
#1147=EDGE_CURVE('',#892,#891,#141,.T.);
#1148=EDGE_CURVE('',#893,#892,#142,.T.);
#1149=EDGE_CURVE('',#894,#893,#143,.T.);
#1150=EDGE_CURVE('',#895,#894,#144,.T.);
#1151=EDGE_CURVE('',#896,#895,#145,.T.);
#1152=EDGE_CURVE('',#897,#896,#146,.T.);
#1153=EDGE_CURVE('',#898,#897,#147,.T.);
#1154=EDGE_CURVE('',#899,#898,#148,.T.);
#1155=EDGE_CURVE('',#900,#899,#149,.T.);
#1156=EDGE_CURVE('',#901,#900,#150,.T.);
#1157=EDGE_CURVE('',#870,#901,#151,.T.);
#1158=EDGE_CURVE('',#840,#902,#152,.T.);
#1159=EDGE_CURVE('',#902,#903,#153,.F.);
#1160=EDGE_CURVE('',#903,#868,#154,.F.);
#1161=EDGE_CURVE('',#815,#902,#155,.T.);
#1162=EDGE_CURVE('',#815,#839,#156,.F.);
#1163=EDGE_CURVE('',#858,#904,#157,.T.);
#1164=EDGE_CURVE('',#904,#905,#158,.T.);
#1165=EDGE_CURVE('',#905,#859,#159,.T.);
#1166=EDGE_CURVE('',#814,#903,#20,.T.);
#1167=EDGE_CURVE('',#906,#783,#160,.T.);
#1168=EDGE_CURVE('',#855,#906,#540,.T.);
#1169=EDGE_CURVE('',#825,#905,#541,.F.);
#1170=EDGE_CURVE('',#782,#907,#161,.T.);
#1171=EDGE_CURVE('',#908,#781,#162,.T.);
#1172=EDGE_CURVE('',#907,#908,#542,.T.);
#1173=EDGE_CURVE('',#816,#838,#543,.F.);
#1174=EDGE_CURVE('',#826,#904,#544,.F.);
#1175=EDGE_CURVE('',#909,#837,#163,.T.);
#1176=EDGE_CURVE('',#909,#910,#164,.T.);
#1177=EDGE_CURVE('',#911,#910,#165,.T.);
#1178=EDGE_CURVE('',#912,#911,#166,.T.);
#1179=EDGE_CURVE('',#913,#912,#167,.T.);
#1180=EDGE_CURVE('',#914,#913,#168,.T.);
#1181=EDGE_CURVE('',#910,#914,#169,.T.);
#1182=EDGE_CURVE('',#908,#909,#170,.T.);
#1183=EDGE_CURVE('',#906,#915,#171,.T.);
#1184=EDGE_CURVE('',#915,#907,#172,.T.);
#1185=EDGE_CURVE('',#846,#835,#545,.T.);
#1186=EDGE_CURVE('',#916,#917,#173,.T.);
#1187=EDGE_CURVE('',#916,#918,#70,.T.);
#1188=EDGE_CURVE('',#918,#919,#174,.T.);
#1189=EDGE_CURVE('',#917,#919,#71,.T.);
#1190=EDGE_CURVE('',#917,#920,#546,.T.);
#1191=EDGE_CURVE('',#919,#920,#175,.T.);
#1192=EDGE_CURVE('',#915,#921,#176,.T.);
#1193=EDGE_CURVE('',#922,#921,#177,.T.);
#1194=EDGE_CURVE('',#923,#922,#178,.T.);
#1195=EDGE_CURVE('',#924,#923,#179,.T.);
#1196=EDGE_CURVE('',#925,#924,#180,.T.);
#1197=EDGE_CURVE('',#921,#925,#181,.T.);
#1198=EDGE_CURVE('',#926,#927,#182,.T.);
#1199=EDGE_CURVE('',#920,#926,#183,.T.);
#1200=EDGE_CURVE('',#928,#918,#184,.T.);
#1201=EDGE_CURVE('',#929,#928,#72,.T.);
#1202=EDGE_CURVE('',#930,#929,#185,.T.);
#1203=EDGE_CURVE('',#927,#930,#186,.T.);
#1204=EDGE_CURVE('',#931,#932,#187,.T.);
#1205=EDGE_CURVE('',#933,#931,#188,.T.);
#1206=EDGE_CURVE('',#934,#933,#189,.T.);
#1207=EDGE_CURVE('',#932,#934,#190,.T.);
#1208=EDGE_CURVE('',#935,#936,#191,.T.);
#1209=EDGE_CURVE('',#937,#935,#192,.T.);
#1210=EDGE_CURVE('',#938,#937,#193,.T.);
#1211=EDGE_CURVE('',#936,#938,#194,.T.);
#1212=EDGE_CURVE('',#939,#940,#195,.T.);
#1213=EDGE_CURVE('',#941,#939,#196,.T.);
#1214=EDGE_CURVE('',#942,#941,#197,.T.);
#1215=EDGE_CURVE('',#940,#942,#198,.T.);
#1216=EDGE_CURVE('',#943,#944,#199,.T.);
#1217=EDGE_CURVE('',#943,#945,#200,.T.);
#1218=EDGE_CURVE('',#945,#928,#201,.T.);
#1219=EDGE_CURVE('',#946,#916,#202,.T.);
#1220=EDGE_CURVE('',#944,#946,#203,.T.);
#1221=EDGE_CURVE('',#947,#943,#547,.T.);
#1222=EDGE_CURVE('',#947,#945,#73,.T.);
#1223=EDGE_CURVE('',#929,#947,#21,.T.);
#1224=EDGE_CURVE('',#948,#949,#204,.T.);
#1225=EDGE_CURVE('',#950,#948,#205,.T.);
#1226=EDGE_CURVE('',#951,#950,#206,.T.);
#1227=EDGE_CURVE('',#949,#951,#207,.T.);
#1228=EDGE_CURVE('',#952,#777,#548,.T.);
#1229=EDGE_CURVE('',#952,#924,#22,.T.);
#1230=EDGE_CURVE('',#923,#913,#23,.T.);
#1231=EDGE_CURVE('',#912,#786,#24,.T.);
#1232=EDGE_CURVE('',#922,#914,#25,.T.);
#1233=EDGE_CURVE('',#953,#952,#549,.T.);
#1234=EDGE_CURVE('',#953,#925,#26,.T.);
#1235=EDGE_CURVE('',#954,#953,#550,.T.);
#1236=EDGE_CURVE('',#788,#954,#27,.T.);
#1237=EDGE_CURVE('',#911,#787,#28,.T.);
#1238=EDGE_CURVE('',#901,#948,#551,.T.);
#1239=EDGE_CURVE('',#900,#955,#552,.T.);
#1240=EDGE_CURVE('',#950,#955,#553,.T.);
#1241=EDGE_CURVE('',#897,#939,#554,.T.);
#1242=EDGE_CURVE('',#896,#956,#555,.T.);
#1243=EDGE_CURVE('',#941,#956,#556,.T.);
#1244=EDGE_CURVE('',#893,#935,#557,.T.);
#1245=EDGE_CURVE('',#892,#957,#558,.T.);
#1246=EDGE_CURVE('',#937,#957,#559,.T.);
#1247=EDGE_CURVE('',#889,#931,#560,.T.);
#1248=EDGE_CURVE('',#888,#958,#561,.T.);
#1249=EDGE_CURVE('',#933,#958,#562,.T.);
#1250=EDGE_CURVE('',#958,#959,#563,.T.);
#1251=EDGE_CURVE('',#959,#934,#564,.T.);
#1252=EDGE_CURVE('',#957,#960,#565,.T.);
#1253=EDGE_CURVE('',#960,#938,#566,.T.);
#1254=EDGE_CURVE('',#956,#961,#567,.T.);
#1255=EDGE_CURVE('',#961,#942,#568,.T.);
#1256=EDGE_CURVE('',#955,#962,#569,.T.);
#1257=EDGE_CURVE('',#962,#951,#570,.T.);
#1258=EDGE_CURVE('',#944,#963,#571,.T.);
#1259=EDGE_CURVE('',#963,#964,#572,.T.);
#1260=EDGE_CURVE('',#964,#930,#573,.T.);
#1261=EDGE_CURVE('',#904,#965,#208,.T.);
#1262=EDGE_CURVE('',#965,#870,#209,.T.);
#1263=EDGE_CURVE('',#949,#898,#574,.T.);
#1264=EDGE_CURVE('',#940,#894,#575,.T.);
#1265=EDGE_CURVE('',#936,#890,#576,.T.);
#1266=EDGE_CURVE('',#932,#886,#577,.T.);
#1267=EDGE_CURVE('',#885,#946,#578,.T.);
#1268=EDGE_CURVE('',#926,#882,#579,.T.);
#1269=EDGE_CURVE('',#881,#954,#580,.T.);
#1270=EDGE_CURVE('',#884,#963,#581,.T.);
#1271=EDGE_CURVE('',#966,#967,#582,.T.);
#1272=EDGE_CURVE('',#966,#968,#210,.T.);
#1273=EDGE_CURVE('',#967,#968,#74,.T.);
#1274=EDGE_CURVE('',#967,#969,#29,.T.);
#1275=EDGE_CURVE('',#968,#970,#211,.T.);
#1276=EDGE_CURVE('',#969,#970,#75,.T.);
#1277=EDGE_CURVE('',#969,#971,#212,.T.);
#1278=EDGE_CURVE('',#970,#972,#213,.T.);
#1279=EDGE_CURVE('',#972,#973,#214,.T.);
#1280=EDGE_CURVE('',#973,#792,#215,.T.);
#1281=EDGE_CURVE('',#974,#791,#216,.T.);
#1282=EDGE_CURVE('',#971,#974,#217,.T.);
#1283=EDGE_CURVE('',#811,#975,#218,.T.);
#1284=EDGE_CURVE('',#976,#810,#219,.T.);
#1285=EDGE_CURVE('',#975,#976,#220,.T.);
#1286=EDGE_CURVE('',#807,#977,#221,.T.);
#1287=EDGE_CURVE('',#978,#806,#222,.T.);
#1288=EDGE_CURVE('',#977,#978,#223,.T.);
#1289=EDGE_CURVE('',#803,#979,#224,.T.);
#1290=EDGE_CURVE('',#980,#802,#225,.T.);
#1291=EDGE_CURVE('',#979,#980,#226,.T.);
#1292=EDGE_CURVE('',#794,#972,#76,.T.);
#1293=EDGE_CURVE('',#981,#966,#227,.T.);
#1294=EDGE_CURVE('',#795,#981,#228,.T.);
#1295=EDGE_CURVE('',#799,#982,#229,.T.);
#1296=EDGE_CURVE('',#983,#798,#230,.T.);
#1297=EDGE_CURVE('',#982,#983,#231,.T.);
#1298=EDGE_CURVE('',#793,#973,#77,.T.);
#1299=EDGE_CURVE('',#878,#984,#583,.T.);
#1300=EDGE_CURVE('',#983,#984,#584,.T.);
#1301=EDGE_CURVE('',#876,#985,#585,.T.);
#1302=EDGE_CURVE('',#980,#985,#586,.T.);
#1303=EDGE_CURVE('',#874,#986,#587,.T.);
#1304=EDGE_CURVE('',#978,#986,#588,.T.);
#1305=EDGE_CURVE('',#872,#987,#589,.T.);
#1306=EDGE_CURVE('',#976,#987,#590,.T.);
#1307=EDGE_CURVE('',#988,#981,#591,.T.);
#1308=EDGE_CURVE('',#879,#988,#592,.T.);
#1309=EDGE_CURVE('',#971,#989,#593,.T.);
#1310=EDGE_CURVE('',#989,#988,#594,.T.);
#1311=EDGE_CURVE('',#987,#990,#595,.T.);
#1312=EDGE_CURVE('',#990,#975,#596,.T.);
#1313=EDGE_CURVE('',#986,#991,#597,.T.);
#1314=EDGE_CURVE('',#991,#977,#598,.T.);
#1315=EDGE_CURVE('',#985,#992,#599,.T.);
#1316=EDGE_CURVE('',#992,#979,#600,.T.);
#1317=EDGE_CURVE('',#984,#993,#601,.T.);
#1318=EDGE_CURVE('',#993,#982,#602,.T.);
#1319=EDGE_CURVE('',#883,#964,#603,.T.);
#1320=EDGE_CURVE('',#880,#989,#604,.T.);
#1321=EDGE_CURVE('',#877,#993,#605,.T.);
#1322=EDGE_CURVE('',#875,#992,#606,.T.);
#1323=EDGE_CURVE('',#873,#991,#607,.T.);
#1324=EDGE_CURVE('',#857,#965,#30,.T.);
#1325=EDGE_CURVE('',#895,#961,#608,.T.);
#1326=EDGE_CURVE('',#899,#962,#609,.T.);
#1327=EDGE_CURVE('',#887,#959,#610,.T.);
#1328=EDGE_CURVE('',#891,#960,#611,.T.);
#1329=EDGE_CURVE('',#871,#990,#612,.T.);
#1330=ORIENTED_EDGE('',*,*,#994,.F.);
#1331=ORIENTED_EDGE('',*,*,#995,.T.);
#1332=ORIENTED_EDGE('',*,*,#996,.F.);
#1333=ORIENTED_EDGE('',*,*,#997,.F.);
#1334=ORIENTED_EDGE('',*,*,#998,.F.);
#1335=ORIENTED_EDGE('',*,*,#999,.T.);
#1336=ORIENTED_EDGE('',*,*,#1000,.F.);
#1337=ORIENTED_EDGE('',*,*,#995,.F.);
#1338=ORIENTED_EDGE('',*,*,#1001,.F.);
#1339=ORIENTED_EDGE('',*,*,#1002,.F.);
#1340=ORIENTED_EDGE('',*,*,#1003,.F.);
#1341=ORIENTED_EDGE('',*,*,#999,.F.);
#1342=ORIENTED_EDGE('',*,*,#1001,.T.);
#1343=ORIENTED_EDGE('',*,*,#998,.T.);
#1344=ORIENTED_EDGE('',*,*,#994,.T.);
#1345=ORIENTED_EDGE('',*,*,#1004,.F.);
#1346=ORIENTED_EDGE('',*,*,#1005,.T.);
#1347=ORIENTED_EDGE('',*,*,#1006,.T.);
#1348=ORIENTED_EDGE('',*,*,#1007,.F.);
#1349=ORIENTED_EDGE('',*,*,#1008,.T.);
#1350=ORIENTED_EDGE('',*,*,#1009,.F.);
#1351=ORIENTED_EDGE('',*,*,#1010,.T.);
#1352=ORIENTED_EDGE('',*,*,#1011,.F.);
#1353=ORIENTED_EDGE('',*,*,#1012,.F.);
#1354=ORIENTED_EDGE('',*,*,#997,.T.);
#1355=ORIENTED_EDGE('',*,*,#1013,.T.);
#1356=ORIENTED_EDGE('',*,*,#1014,.T.);
#1357=ORIENTED_EDGE('',*,*,#1015,.T.);
#1358=ORIENTED_EDGE('',*,*,#1016,.T.);
#1359=ORIENTED_EDGE('',*,*,#1017,.T.);
#1360=ORIENTED_EDGE('',*,*,#1018,.T.);
#1361=ORIENTED_EDGE('',*,*,#1019,.T.);
#1362=ORIENTED_EDGE('',*,*,#1020,.T.);
#1363=ORIENTED_EDGE('',*,*,#1021,.T.);
#1364=ORIENTED_EDGE('',*,*,#1022,.T.);
#1365=ORIENTED_EDGE('',*,*,#1023,.T.);
#1366=ORIENTED_EDGE('',*,*,#1024,.T.);
#1367=ORIENTED_EDGE('',*,*,#1025,.T.);
#1368=ORIENTED_EDGE('',*,*,#1026,.T.);
#1369=ORIENTED_EDGE('',*,*,#1027,.T.);
#1370=ORIENTED_EDGE('',*,*,#1028,.T.);
#1371=ORIENTED_EDGE('',*,*,#1029,.T.);
#1372=ORIENTED_EDGE('',*,*,#1030,.T.);
#1373=ORIENTED_EDGE('',*,*,#1031,.T.);
#1374=ORIENTED_EDGE('',*,*,#1032,.T.);
#1375=ORIENTED_EDGE('',*,*,#1033,.T.);
#1376=ORIENTED_EDGE('',*,*,#1034,.T.);
#1377=ORIENTED_EDGE('',*,*,#1035,.T.);
#1378=ORIENTED_EDGE('',*,*,#1036,.T.);
#1379=ORIENTED_EDGE('',*,*,#1037,.T.);
#1380=ORIENTED_EDGE('',*,*,#1038,.T.);
#1381=ORIENTED_EDGE('',*,*,#1039,.T.);
#1382=ORIENTED_EDGE('',*,*,#1040,.T.);
#1383=ORIENTED_EDGE('',*,*,#1041,.T.);
#1384=ORIENTED_EDGE('',*,*,#1042,.T.);
#1385=ORIENTED_EDGE('',*,*,#1043,.T.);
#1386=ORIENTED_EDGE('',*,*,#1044,.T.);
#1387=ORIENTED_EDGE('',*,*,#1004,.T.);
#1388=ORIENTED_EDGE('',*,*,#1045,.F.);
#1389=ORIENTED_EDGE('',*,*,#1046,.T.);
#1390=ORIENTED_EDGE('',*,*,#1047,.F.);
#1391=ORIENTED_EDGE('',*,*,#1048,.F.);
#1392=ORIENTED_EDGE('',*,*,#1049,.F.);
#1393=ORIENTED_EDGE('',*,*,#1048,.T.);
#1394=ORIENTED_EDGE('',*,*,#1050,.F.);
#1395=ORIENTED_EDGE('',*,*,#1051,.F.);
#1396=ORIENTED_EDGE('',*,*,#1052,.F.);
#1397=ORIENTED_EDGE('',*,*,#1053,.T.);
#1398=ORIENTED_EDGE('',*,*,#1054,.F.);
#1399=ORIENTED_EDGE('',*,*,#1046,.F.);
#1400=ORIENTED_EDGE('',*,*,#1047,.T.);
#1401=ORIENTED_EDGE('',*,*,#1054,.T.);
#1402=ORIENTED_EDGE('',*,*,#1055,.T.);
#1403=ORIENTED_EDGE('',*,*,#1050,.T.);
#1404=ORIENTED_EDGE('',*,*,#1052,.T.);
#1405=ORIENTED_EDGE('',*,*,#1045,.T.);
#1406=ORIENTED_EDGE('',*,*,#1049,.T.);
#1407=ORIENTED_EDGE('',*,*,#1056,.T.);
#1408=ORIENTED_EDGE('',*,*,#1057,.F.);
#1409=ORIENTED_EDGE('',*,*,#1058,.F.);
#1410=ORIENTED_EDGE('',*,*,#1011,.T.);
#1411=ORIENTED_EDGE('',*,*,#1059,.T.);
#1412=ORIENTED_EDGE('',*,*,#1060,.F.);
#1413=ORIENTED_EDGE('',*,*,#1061,.T.);
#1414=ORIENTED_EDGE('',*,*,#1062,.T.);
#1415=ORIENTED_EDGE('',*,*,#1063,.F.);
#1416=ORIENTED_EDGE('',*,*,#1064,.F.);
#1417=ORIENTED_EDGE('',*,*,#1065,.T.);
#1418=ORIENTED_EDGE('',*,*,#1066,.T.);
#1419=ORIENTED_EDGE('',*,*,#1067,.F.);
#1420=ORIENTED_EDGE('',*,*,#1068,.F.);
#1421=ORIENTED_EDGE('',*,*,#1067,.T.);
#1422=ORIENTED_EDGE('',*,*,#1069,.T.);
#1423=ORIENTED_EDGE('',*,*,#1061,.F.);
#1424=ORIENTED_EDGE('',*,*,#1069,.F.);
#1425=ORIENTED_EDGE('',*,*,#1066,.F.);
#1426=ORIENTED_EDGE('',*,*,#1070,.F.);
#1427=ORIENTED_EDGE('',*,*,#1062,.F.);
#1428=ORIENTED_EDGE('',*,*,#1071,.F.);
#1429=ORIENTED_EDGE('',*,*,#1072,.F.);
#1430=ORIENTED_EDGE('',*,*,#1073,.F.);
#1431=ORIENTED_EDGE('',*,*,#1006,.F.);
#1432=ORIENTED_EDGE('',*,*,#1074,.F.);
#1433=ORIENTED_EDGE('',*,*,#1063,.T.);
#1434=ORIENTED_EDGE('',*,*,#1070,.T.);
#1435=ORIENTED_EDGE('',*,*,#1065,.F.);
#1436=ORIENTED_EDGE('',*,*,#1075,.F.);
#1437=ORIENTED_EDGE('',*,*,#1076,.F.);
#1438=ORIENTED_EDGE('',*,*,#1077,.F.);
#1439=ORIENTED_EDGE('',*,*,#1078,.F.);
#1440=ORIENTED_EDGE('',*,*,#1079,.F.);
#1441=ORIENTED_EDGE('',*,*,#1080,.F.);
#1442=ORIENTED_EDGE('',*,*,#1081,.F.);
#1443=ORIENTED_EDGE('',*,*,#1082,.F.);
#1444=ORIENTED_EDGE('',*,*,#1083,.F.);
#1445=ORIENTED_EDGE('',*,*,#1084,.F.);
#1446=ORIENTED_EDGE('',*,*,#1085,.F.);
#1447=ORIENTED_EDGE('',*,*,#1086,.F.);
#1448=ORIENTED_EDGE('',*,*,#1087,.F.);
#1449=ORIENTED_EDGE('',*,*,#1088,.F.);
#1450=ORIENTED_EDGE('',*,*,#1089,.F.);
#1451=ORIENTED_EDGE('',*,*,#1090,.F.);
#1452=ORIENTED_EDGE('',*,*,#1091,.F.);
#1453=ORIENTED_EDGE('',*,*,#1082,.T.);
#1454=ORIENTED_EDGE('',*,*,#1092,.F.);
#1455=ORIENTED_EDGE('',*,*,#1093,.T.);
#1456=ORIENTED_EDGE('',*,*,#1094,.T.);
#1457=ORIENTED_EDGE('',*,*,#1080,.T.);
#1458=ORIENTED_EDGE('',*,*,#1095,.F.);
#1459=ORIENTED_EDGE('',*,*,#1096,.T.);
#1460=ORIENTED_EDGE('',*,*,#1097,.T.);
#1461=ORIENTED_EDGE('',*,*,#1098,.T.);
#1462=ORIENTED_EDGE('',*,*,#1099,.T.);
#1463=ORIENTED_EDGE('',*,*,#1100,.F.);
#1464=ORIENTED_EDGE('',*,*,#1085,.T.);
#1465=ORIENTED_EDGE('',*,*,#1101,.F.);
#1466=ORIENTED_EDGE('',*,*,#1079,.T.);
#1467=ORIENTED_EDGE('',*,*,#1102,.T.);
#1468=ORIENTED_EDGE('',*,*,#1081,.T.);
#1469=ORIENTED_EDGE('',*,*,#1100,.T.);
#1470=ORIENTED_EDGE('',*,*,#1103,.T.);
#1471=ORIENTED_EDGE('',*,*,#1092,.T.);
#1472=ORIENTED_EDGE('',*,*,#1089,.T.);
#1473=ORIENTED_EDGE('',*,*,#1104,.T.);
#1474=ORIENTED_EDGE('',*,*,#1105,.F.);
#1475=ORIENTED_EDGE('',*,*,#1106,.F.);
#1476=ORIENTED_EDGE('',*,*,#1095,.T.);
#1477=ORIENTED_EDGE('',*,*,#1088,.T.);
#1478=ORIENTED_EDGE('',*,*,#1107,.F.);
#1479=ORIENTED_EDGE('',*,*,#1108,.T.);
#1480=ORIENTED_EDGE('',*,*,#1104,.F.);
#1481=ORIENTED_EDGE('',*,*,#1091,.T.);
#1482=ORIENTED_EDGE('',*,*,#1109,.T.);
#1483=ORIENTED_EDGE('',*,*,#1110,.F.);
#1484=ORIENTED_EDGE('',*,*,#1111,.F.);
#1485=ORIENTED_EDGE('',*,*,#1109,.F.);
#1486=ORIENTED_EDGE('',*,*,#1090,.T.);
#1487=ORIENTED_EDGE('',*,*,#1112,.T.);
#1488=ORIENTED_EDGE('',*,*,#1113,.F.);
#1489=ORIENTED_EDGE('',*,*,#1114,.F.);
#1490=ORIENTED_EDGE('',*,*,#1112,.F.);
#1491=ORIENTED_EDGE('',*,*,#1087,.T.);
#1492=ORIENTED_EDGE('',*,*,#1115,.T.);
#1493=ORIENTED_EDGE('',*,*,#1116,.T.);
#1494=ORIENTED_EDGE('',*,*,#1117,.F.);
#1495=ORIENTED_EDGE('',*,*,#1107,.T.);
#1496=ORIENTED_EDGE('',*,*,#1117,.T.);
#1497=ORIENTED_EDGE('',*,*,#1118,.F.);
#1498=ORIENTED_EDGE('',*,*,#1105,.T.);
#1499=ORIENTED_EDGE('',*,*,#1108,.F.);
#1500=ORIENTED_EDGE('',*,*,#1119,.F.);
#1501=ORIENTED_EDGE('',*,*,#1118,.T.);
#1502=ORIENTED_EDGE('',*,*,#1120,.T.);
#1503=ORIENTED_EDGE('',*,*,#1040,.F.);
#1504=ORIENTED_EDGE('',*,*,#1121,.F.);
#1505=ORIENTED_EDGE('',*,*,#1122,.F.);
#1506=ORIENTED_EDGE('',*,*,#1123,.F.);
#1507=ORIENTED_EDGE('',*,*,#1036,.F.);
#1508=ORIENTED_EDGE('',*,*,#1124,.F.);
#1509=ORIENTED_EDGE('',*,*,#1125,.F.);
#1510=ORIENTED_EDGE('',*,*,#1126,.F.);
#1511=ORIENTED_EDGE('',*,*,#1032,.F.);
#1512=ORIENTED_EDGE('',*,*,#1127,.F.);
#1513=ORIENTED_EDGE('',*,*,#1128,.F.);
#1514=ORIENTED_EDGE('',*,*,#1129,.F.);
#1515=ORIENTED_EDGE('',*,*,#1028,.F.);
#1516=ORIENTED_EDGE('',*,*,#1130,.F.);
#1517=ORIENTED_EDGE('',*,*,#1131,.F.);
#1518=ORIENTED_EDGE('',*,*,#1132,.F.);
#1519=ORIENTED_EDGE('',*,*,#1024,.F.);
#1520=ORIENTED_EDGE('',*,*,#1133,.F.);
#1521=ORIENTED_EDGE('',*,*,#1134,.F.);
#1522=ORIENTED_EDGE('',*,*,#1135,.F.);
#1523=ORIENTED_EDGE('',*,*,#1017,.F.);
#1524=ORIENTED_EDGE('',*,*,#1136,.T.);
#1525=ORIENTED_EDGE('',*,*,#1137,.F.);
#1526=ORIENTED_EDGE('',*,*,#1138,.F.);
#1527=ORIENTED_EDGE('',*,*,#1139,.F.);
#1528=ORIENTED_EDGE('',*,*,#1140,.F.);
#1529=ORIENTED_EDGE('',*,*,#1141,.F.);
#1530=ORIENTED_EDGE('',*,*,#1142,.F.);
#1531=ORIENTED_EDGE('',*,*,#1143,.F.);
#1532=ORIENTED_EDGE('',*,*,#1144,.F.);
#1533=ORIENTED_EDGE('',*,*,#1145,.F.);
#1534=ORIENTED_EDGE('',*,*,#1146,.F.);
#1535=ORIENTED_EDGE('',*,*,#1147,.F.);
#1536=ORIENTED_EDGE('',*,*,#1148,.F.);
#1537=ORIENTED_EDGE('',*,*,#1149,.F.);
#1538=ORIENTED_EDGE('',*,*,#1150,.F.);
#1539=ORIENTED_EDGE('',*,*,#1151,.F.);
#1540=ORIENTED_EDGE('',*,*,#1152,.F.);
#1541=ORIENTED_EDGE('',*,*,#1153,.F.);
#1542=ORIENTED_EDGE('',*,*,#1154,.F.);
#1543=ORIENTED_EDGE('',*,*,#1155,.F.);
#1544=ORIENTED_EDGE('',*,*,#1156,.F.);
#1545=ORIENTED_EDGE('',*,*,#1157,.F.);
#1546=ORIENTED_EDGE('',*,*,#1110,.T.);
#1547=ORIENTED_EDGE('',*,*,#1111,.T.);
#1548=ORIENTED_EDGE('',*,*,#1113,.T.);
#1549=ORIENTED_EDGE('',*,*,#1114,.T.);
#1550=ORIENTED_EDGE('',*,*,#1086,.T.);
#1551=ORIENTED_EDGE('',*,*,#1102,.F.);
#1552=ORIENTED_EDGE('',*,*,#1078,.T.);
#1553=ORIENTED_EDGE('',*,*,#1158,.T.);
#1554=ORIENTED_EDGE('',*,*,#1159,.T.);
#1555=ORIENTED_EDGE('',*,*,#1160,.T.);
#1556=ORIENTED_EDGE('',*,*,#1115,.F.);
#1557=ORIENTED_EDGE('',*,*,#1161,.T.);
#1558=ORIENTED_EDGE('',*,*,#1158,.F.);
#1559=ORIENTED_EDGE('',*,*,#1077,.T.);
#1560=ORIENTED_EDGE('',*,*,#1162,.F.);
#1561=ORIENTED_EDGE('',*,*,#1163,.T.);
#1562=ORIENTED_EDGE('',*,*,#1164,.T.);
#1563=ORIENTED_EDGE('',*,*,#1165,.T.);
#1564=ORIENTED_EDGE('',*,*,#1098,.F.);
#1565=ORIENTED_EDGE('',*,*,#1161,.F.);
#1566=ORIENTED_EDGE('',*,*,#1042,.F.);
#1567=ORIENTED_EDGE('',*,*,#1166,.T.);
#1568=ORIENTED_EDGE('',*,*,#1159,.F.);
#1569=ORIENTED_EDGE('',*,*,#1059,.F.);
#1570=ORIENTED_EDGE('',*,*,#1010,.F.);
#1571=ORIENTED_EDGE('',*,*,#1167,.F.);
#1572=ORIENTED_EDGE('',*,*,#1168,.F.);
#1573=ORIENTED_EDGE('',*,*,#1093,.F.);
#1574=ORIENTED_EDGE('',*,*,#1103,.F.);
#1575=ORIENTED_EDGE('',*,*,#1099,.F.);
#1576=ORIENTED_EDGE('',*,*,#1165,.F.);
#1577=ORIENTED_EDGE('',*,*,#1169,.F.);
#1578=ORIENTED_EDGE('',*,*,#1056,.F.);
#1579=ORIENTED_EDGE('',*,*,#1051,.T.);
#1580=ORIENTED_EDGE('',*,*,#1055,.F.);
#1581=ORIENTED_EDGE('',*,*,#1053,.F.);
#1582=ORIENTED_EDGE('',*,*,#1170,.F.);
#1583=ORIENTED_EDGE('',*,*,#1008,.F.);
#1584=ORIENTED_EDGE('',*,*,#1171,.F.);
#1585=ORIENTED_EDGE('',*,*,#1172,.F.);
#1586=ORIENTED_EDGE('',*,*,#1060,.T.);
#1587=ORIENTED_EDGE('',*,*,#1074,.T.);
#1588=ORIENTED_EDGE('',*,*,#1005,.F.);
#1589=ORIENTED_EDGE('',*,*,#1044,.F.);
#1590=ORIENTED_EDGE('',*,*,#1173,.T.);
#1591=ORIENTED_EDGE('',*,*,#1075,.T.);
#1592=ORIENTED_EDGE('',*,*,#1064,.T.);
#1593=ORIENTED_EDGE('',*,*,#1068,.T.);
#1594=ORIENTED_EDGE('',*,*,#1162,.T.);
#1595=ORIENTED_EDGE('',*,*,#1076,.T.);
#1596=ORIENTED_EDGE('',*,*,#1173,.F.);
#1597=ORIENTED_EDGE('',*,*,#1043,.F.);
#1598=ORIENTED_EDGE('',*,*,#1174,.F.);
#1599=ORIENTED_EDGE('',*,*,#1057,.T.);
#1600=ORIENTED_EDGE('',*,*,#1169,.T.);
#1601=ORIENTED_EDGE('',*,*,#1164,.F.);
#1602=ORIENTED_EDGE('',*,*,#1171,.T.);
#1603=ORIENTED_EDGE('',*,*,#1007,.T.);
#1604=ORIENTED_EDGE('',*,*,#1073,.T.);
#1605=ORIENTED_EDGE('',*,*,#1175,.F.);
#1606=ORIENTED_EDGE('',*,*,#1176,.T.);
#1607=ORIENTED_EDGE('',*,*,#1177,.F.);
#1608=ORIENTED_EDGE('',*,*,#1178,.F.);
#1609=ORIENTED_EDGE('',*,*,#1179,.F.);
#1610=ORIENTED_EDGE('',*,*,#1180,.F.);
#1611=ORIENTED_EDGE('',*,*,#1181,.F.);
#1612=ORIENTED_EDGE('',*,*,#1176,.F.);
#1613=ORIENTED_EDGE('',*,*,#1182,.F.);
#1614=ORIENTED_EDGE('',*,*,#1083,.T.);
#1615=ORIENTED_EDGE('',*,*,#1094,.F.);
#1616=ORIENTED_EDGE('',*,*,#1168,.T.);
#1617=ORIENTED_EDGE('',*,*,#1183,.T.);
#1618=ORIENTED_EDGE('',*,*,#1184,.T.);
#1619=ORIENTED_EDGE('',*,*,#1172,.T.);
#1620=ORIENTED_EDGE('',*,*,#1182,.T.);
#1621=ORIENTED_EDGE('',*,*,#1175,.T.);
#1622=ORIENTED_EDGE('',*,*,#1072,.T.);
#1623=ORIENTED_EDGE('',*,*,#1185,.F.);
#1624=ORIENTED_EDGE('',*,*,#1084,.T.);
#1625=ORIENTED_EDGE('',*,*,#1185,.T.);
#1626=ORIENTED_EDGE('',*,*,#1071,.T.);
#1627=ORIENTED_EDGE('',*,*,#1101,.T.);
#1628=ORIENTED_EDGE('',*,*,#1186,.F.);
#1629=ORIENTED_EDGE('',*,*,#1187,.T.);
#1630=ORIENTED_EDGE('',*,*,#1188,.T.);
#1631=ORIENTED_EDGE('',*,*,#1189,.F.);
#1632=ORIENTED_EDGE('',*,*,#1190,.F.);
#1633=ORIENTED_EDGE('',*,*,#1189,.T.);
#1634=ORIENTED_EDGE('',*,*,#1191,.T.);
#1635=ORIENTED_EDGE('',*,*,#1170,.T.);
#1636=ORIENTED_EDGE('',*,*,#1184,.F.);
#1637=ORIENTED_EDGE('',*,*,#1192,.T.);
#1638=ORIENTED_EDGE('',*,*,#1193,.F.);
#1639=ORIENTED_EDGE('',*,*,#1194,.F.);
#1640=ORIENTED_EDGE('',*,*,#1195,.F.);
#1641=ORIENTED_EDGE('',*,*,#1196,.F.);
#1642=ORIENTED_EDGE('',*,*,#1197,.F.);
#1643=ORIENTED_EDGE('',*,*,#1192,.F.);
#1644=ORIENTED_EDGE('',*,*,#1183,.F.);
#1645=ORIENTED_EDGE('',*,*,#1167,.T.);
#1646=ORIENTED_EDGE('',*,*,#1009,.T.);
#1647=ORIENTED_EDGE('',*,*,#1198,.F.);
#1648=ORIENTED_EDGE('',*,*,#1199,.F.);
#1649=ORIENTED_EDGE('',*,*,#1191,.F.);
#1650=ORIENTED_EDGE('',*,*,#1188,.F.);
#1651=ORIENTED_EDGE('',*,*,#1200,.F.);
#1652=ORIENTED_EDGE('',*,*,#1201,.F.);
#1653=ORIENTED_EDGE('',*,*,#1202,.F.);
#1654=ORIENTED_EDGE('',*,*,#1203,.F.);
#1655=ORIENTED_EDGE('',*,*,#1204,.F.);
#1656=ORIENTED_EDGE('',*,*,#1205,.F.);
#1657=ORIENTED_EDGE('',*,*,#1206,.F.);
#1658=ORIENTED_EDGE('',*,*,#1207,.F.);
#1659=ORIENTED_EDGE('',*,*,#1208,.F.);
#1660=ORIENTED_EDGE('',*,*,#1209,.F.);
#1661=ORIENTED_EDGE('',*,*,#1210,.F.);
#1662=ORIENTED_EDGE('',*,*,#1211,.F.);
#1663=ORIENTED_EDGE('',*,*,#1212,.F.);
#1664=ORIENTED_EDGE('',*,*,#1213,.F.);
#1665=ORIENTED_EDGE('',*,*,#1214,.F.);
#1666=ORIENTED_EDGE('',*,*,#1215,.F.);
#1667=ORIENTED_EDGE('',*,*,#1216,.F.);
#1668=ORIENTED_EDGE('',*,*,#1217,.T.);
#1669=ORIENTED_EDGE('',*,*,#1218,.T.);
#1670=ORIENTED_EDGE('',*,*,#1200,.T.);
#1671=ORIENTED_EDGE('',*,*,#1187,.F.);
#1672=ORIENTED_EDGE('',*,*,#1219,.F.);
#1673=ORIENTED_EDGE('',*,*,#1220,.F.);
#1674=ORIENTED_EDGE('',*,*,#1221,.F.);
#1675=ORIENTED_EDGE('',*,*,#1222,.T.);
#1676=ORIENTED_EDGE('',*,*,#1217,.F.);
#1677=ORIENTED_EDGE('',*,*,#1223,.F.);
#1678=ORIENTED_EDGE('',*,*,#1201,.T.);
#1679=ORIENTED_EDGE('',*,*,#1218,.F.);
#1680=ORIENTED_EDGE('',*,*,#1222,.F.);
#1681=ORIENTED_EDGE('',*,*,#1224,.F.);
#1682=ORIENTED_EDGE('',*,*,#1225,.F.);
#1683=ORIENTED_EDGE('',*,*,#1226,.F.);
#1684=ORIENTED_EDGE('',*,*,#1227,.F.);
#1685=ORIENTED_EDGE('',*,*,#1003,.T.);
#1686=ORIENTED_EDGE('',*,*,#1228,.F.);
#1687=ORIENTED_EDGE('',*,*,#1229,.T.);
#1688=ORIENTED_EDGE('',*,*,#1195,.T.);
#1689=ORIENTED_EDGE('',*,*,#1230,.T.);
#1690=ORIENTED_EDGE('',*,*,#1179,.T.);
#1691=ORIENTED_EDGE('',*,*,#1231,.T.);
#1692=ORIENTED_EDGE('',*,*,#1013,.F.);
#1693=ORIENTED_EDGE('',*,*,#996,.T.);
#1694=ORIENTED_EDGE('',*,*,#1000,.T.);
#1695=ORIENTED_EDGE('',*,*,#1194,.T.);
#1696=ORIENTED_EDGE('',*,*,#1232,.T.);
#1697=ORIENTED_EDGE('',*,*,#1180,.T.);
#1698=ORIENTED_EDGE('',*,*,#1230,.F.);
#1699=ORIENTED_EDGE('',*,*,#1196,.T.);
#1700=ORIENTED_EDGE('',*,*,#1229,.F.);
#1701=ORIENTED_EDGE('',*,*,#1233,.F.);
#1702=ORIENTED_EDGE('',*,*,#1234,.T.);
#1703=ORIENTED_EDGE('',*,*,#1193,.T.);
#1704=ORIENTED_EDGE('',*,*,#1197,.T.);
#1705=ORIENTED_EDGE('',*,*,#1234,.F.);
#1706=ORIENTED_EDGE('',*,*,#1235,.F.);
#1707=ORIENTED_EDGE('',*,*,#1236,.F.);
#1708=ORIENTED_EDGE('',*,*,#1015,.F.);
#1709=ORIENTED_EDGE('',*,*,#1237,.F.);
#1710=ORIENTED_EDGE('',*,*,#1177,.T.);
#1711=ORIENTED_EDGE('',*,*,#1181,.T.);
#1712=ORIENTED_EDGE('',*,*,#1232,.F.);
#1713=ORIENTED_EDGE('',*,*,#1225,.T.);
#1714=ORIENTED_EDGE('',*,*,#1238,.F.);
#1715=ORIENTED_EDGE('',*,*,#1156,.T.);
#1716=ORIENTED_EDGE('',*,*,#1239,.T.);
#1717=ORIENTED_EDGE('',*,*,#1240,.F.);
#1718=ORIENTED_EDGE('',*,*,#1213,.T.);
#1719=ORIENTED_EDGE('',*,*,#1241,.F.);
#1720=ORIENTED_EDGE('',*,*,#1152,.T.);
#1721=ORIENTED_EDGE('',*,*,#1242,.T.);
#1722=ORIENTED_EDGE('',*,*,#1243,.F.);
#1723=ORIENTED_EDGE('',*,*,#1209,.T.);
#1724=ORIENTED_EDGE('',*,*,#1244,.F.);
#1725=ORIENTED_EDGE('',*,*,#1148,.T.);
#1726=ORIENTED_EDGE('',*,*,#1245,.T.);
#1727=ORIENTED_EDGE('',*,*,#1246,.F.);
#1728=ORIENTED_EDGE('',*,*,#1205,.T.);
#1729=ORIENTED_EDGE('',*,*,#1247,.F.);
#1730=ORIENTED_EDGE('',*,*,#1144,.T.);
#1731=ORIENTED_EDGE('',*,*,#1248,.T.);
#1732=ORIENTED_EDGE('',*,*,#1249,.F.);
#1733=ORIENTED_EDGE('',*,*,#1206,.T.);
#1734=ORIENTED_EDGE('',*,*,#1249,.T.);
#1735=ORIENTED_EDGE('',*,*,#1250,.T.);
#1736=ORIENTED_EDGE('',*,*,#1251,.T.);
#1737=ORIENTED_EDGE('',*,*,#1210,.T.);
#1738=ORIENTED_EDGE('',*,*,#1246,.T.);
#1739=ORIENTED_EDGE('',*,*,#1252,.T.);
#1740=ORIENTED_EDGE('',*,*,#1253,.T.);
#1741=ORIENTED_EDGE('',*,*,#1214,.T.);
#1742=ORIENTED_EDGE('',*,*,#1243,.T.);
#1743=ORIENTED_EDGE('',*,*,#1254,.T.);
#1744=ORIENTED_EDGE('',*,*,#1255,.T.);
#1745=ORIENTED_EDGE('',*,*,#1226,.T.);
#1746=ORIENTED_EDGE('',*,*,#1240,.T.);
#1747=ORIENTED_EDGE('',*,*,#1256,.T.);
#1748=ORIENTED_EDGE('',*,*,#1257,.T.);
#1749=ORIENTED_EDGE('',*,*,#1216,.T.);
#1750=ORIENTED_EDGE('',*,*,#1258,.T.);
#1751=ORIENTED_EDGE('',*,*,#1259,.T.);
#1752=ORIENTED_EDGE('',*,*,#1260,.T.);
#1753=ORIENTED_EDGE('',*,*,#1202,.T.);
#1754=ORIENTED_EDGE('',*,*,#1223,.T.);
#1755=ORIENTED_EDGE('',*,*,#1221,.T.);
#1756=ORIENTED_EDGE('',*,*,#1002,.T.);
#1757=ORIENTED_EDGE('',*,*,#1012,.T.);
#1758=ORIENTED_EDGE('',*,*,#1058,.T.);
#1759=ORIENTED_EDGE('',*,*,#1174,.T.);
#1760=ORIENTED_EDGE('',*,*,#1261,.T.);
#1761=ORIENTED_EDGE('',*,*,#1262,.T.);
#1762=ORIENTED_EDGE('',*,*,#1157,.T.);
#1763=ORIENTED_EDGE('',*,*,#1238,.T.);
#1764=ORIENTED_EDGE('',*,*,#1224,.T.);
#1765=ORIENTED_EDGE('',*,*,#1263,.T.);
#1766=ORIENTED_EDGE('',*,*,#1153,.T.);
#1767=ORIENTED_EDGE('',*,*,#1241,.T.);
#1768=ORIENTED_EDGE('',*,*,#1212,.T.);
#1769=ORIENTED_EDGE('',*,*,#1264,.T.);
#1770=ORIENTED_EDGE('',*,*,#1149,.T.);
#1771=ORIENTED_EDGE('',*,*,#1244,.T.);
#1772=ORIENTED_EDGE('',*,*,#1208,.T.);
#1773=ORIENTED_EDGE('',*,*,#1265,.T.);
#1774=ORIENTED_EDGE('',*,*,#1145,.T.);
#1775=ORIENTED_EDGE('',*,*,#1247,.T.);
#1776=ORIENTED_EDGE('',*,*,#1204,.T.);
#1777=ORIENTED_EDGE('',*,*,#1266,.T.);
#1778=ORIENTED_EDGE('',*,*,#1141,.T.);
#1779=ORIENTED_EDGE('',*,*,#1267,.T.);
#1780=ORIENTED_EDGE('',*,*,#1219,.T.);
#1781=ORIENTED_EDGE('',*,*,#1186,.T.);
#1782=ORIENTED_EDGE('',*,*,#1190,.T.);
#1783=ORIENTED_EDGE('',*,*,#1199,.T.);
#1784=ORIENTED_EDGE('',*,*,#1268,.T.);
#1785=ORIENTED_EDGE('',*,*,#1137,.T.);
#1786=ORIENTED_EDGE('',*,*,#1269,.T.);
#1787=ORIENTED_EDGE('',*,*,#1235,.T.);
#1788=ORIENTED_EDGE('',*,*,#1233,.T.);
#1789=ORIENTED_EDGE('',*,*,#1228,.T.);
#1790=ORIENTED_EDGE('',*,*,#1220,.T.);
#1791=ORIENTED_EDGE('',*,*,#1267,.F.);
#1792=ORIENTED_EDGE('',*,*,#1140,.T.);
#1793=ORIENTED_EDGE('',*,*,#1270,.T.);
#1794=ORIENTED_EDGE('',*,*,#1258,.F.);
#1795=ORIENTED_EDGE('',*,*,#1271,.F.);
#1796=ORIENTED_EDGE('',*,*,#1272,.T.);
#1797=ORIENTED_EDGE('',*,*,#1273,.F.);
#1798=ORIENTED_EDGE('',*,*,#1274,.F.);
#1799=ORIENTED_EDGE('',*,*,#1273,.T.);
#1800=ORIENTED_EDGE('',*,*,#1275,.T.);
#1801=ORIENTED_EDGE('',*,*,#1276,.F.);
#1802=ORIENTED_EDGE('',*,*,#1277,.F.);
#1803=ORIENTED_EDGE('',*,*,#1276,.T.);
#1804=ORIENTED_EDGE('',*,*,#1278,.T.);
#1805=ORIENTED_EDGE('',*,*,#1279,.T.);
#1806=ORIENTED_EDGE('',*,*,#1280,.T.);
#1807=ORIENTED_EDGE('',*,*,#1019,.F.);
#1808=ORIENTED_EDGE('',*,*,#1281,.F.);
#1809=ORIENTED_EDGE('',*,*,#1282,.F.);
#1810=ORIENTED_EDGE('',*,*,#1283,.F.);
#1811=ORIENTED_EDGE('',*,*,#1038,.F.);
#1812=ORIENTED_EDGE('',*,*,#1284,.F.);
#1813=ORIENTED_EDGE('',*,*,#1285,.F.);
#1814=ORIENTED_EDGE('',*,*,#1286,.F.);
#1815=ORIENTED_EDGE('',*,*,#1034,.F.);
#1816=ORIENTED_EDGE('',*,*,#1287,.F.);
#1817=ORIENTED_EDGE('',*,*,#1288,.F.);
#1818=ORIENTED_EDGE('',*,*,#1289,.F.);
#1819=ORIENTED_EDGE('',*,*,#1030,.F.);
#1820=ORIENTED_EDGE('',*,*,#1290,.F.);
#1821=ORIENTED_EDGE('',*,*,#1291,.F.);
#1822=ORIENTED_EDGE('',*,*,#1022,.F.);
#1823=ORIENTED_EDGE('',*,*,#1292,.T.);
#1824=ORIENTED_EDGE('',*,*,#1278,.F.);
#1825=ORIENTED_EDGE('',*,*,#1275,.F.);
#1826=ORIENTED_EDGE('',*,*,#1272,.F.);
#1827=ORIENTED_EDGE('',*,*,#1293,.F.);
#1828=ORIENTED_EDGE('',*,*,#1294,.F.);
#1829=ORIENTED_EDGE('',*,*,#1295,.F.);
#1830=ORIENTED_EDGE('',*,*,#1026,.F.);
#1831=ORIENTED_EDGE('',*,*,#1296,.F.);
#1832=ORIENTED_EDGE('',*,*,#1297,.F.);
#1833=ORIENTED_EDGE('',*,*,#1020,.F.);
#1834=ORIENTED_EDGE('',*,*,#1280,.F.);
#1835=ORIENTED_EDGE('',*,*,#1298,.F.);
#1836=ORIENTED_EDGE('',*,*,#1021,.F.);
#1837=ORIENTED_EDGE('',*,*,#1298,.T.);
#1838=ORIENTED_EDGE('',*,*,#1279,.F.);
#1839=ORIENTED_EDGE('',*,*,#1292,.F.);
#1840=ORIENTED_EDGE('',*,*,#1178,.T.);
#1841=ORIENTED_EDGE('',*,*,#1237,.T.);
#1842=ORIENTED_EDGE('',*,*,#1014,.F.);
#1843=ORIENTED_EDGE('',*,*,#1231,.F.);
#1844=ORIENTED_EDGE('',*,*,#1296,.T.);
#1845=ORIENTED_EDGE('',*,*,#1025,.F.);
#1846=ORIENTED_EDGE('',*,*,#1132,.T.);
#1847=ORIENTED_EDGE('',*,*,#1299,.T.);
#1848=ORIENTED_EDGE('',*,*,#1300,.F.);
#1849=ORIENTED_EDGE('',*,*,#1290,.T.);
#1850=ORIENTED_EDGE('',*,*,#1029,.F.);
#1851=ORIENTED_EDGE('',*,*,#1129,.T.);
#1852=ORIENTED_EDGE('',*,*,#1301,.T.);
#1853=ORIENTED_EDGE('',*,*,#1302,.F.);
#1854=ORIENTED_EDGE('',*,*,#1287,.T.);
#1855=ORIENTED_EDGE('',*,*,#1033,.F.);
#1856=ORIENTED_EDGE('',*,*,#1126,.T.);
#1857=ORIENTED_EDGE('',*,*,#1303,.T.);
#1858=ORIENTED_EDGE('',*,*,#1304,.F.);
#1859=ORIENTED_EDGE('',*,*,#1284,.T.);
#1860=ORIENTED_EDGE('',*,*,#1037,.F.);
#1861=ORIENTED_EDGE('',*,*,#1123,.T.);
#1862=ORIENTED_EDGE('',*,*,#1305,.T.);
#1863=ORIENTED_EDGE('',*,*,#1306,.F.);
#1864=ORIENTED_EDGE('',*,*,#1294,.T.);
#1865=ORIENTED_EDGE('',*,*,#1307,.F.);
#1866=ORIENTED_EDGE('',*,*,#1308,.F.);
#1867=ORIENTED_EDGE('',*,*,#1133,.T.);
#1868=ORIENTED_EDGE('',*,*,#1023,.F.);
#1869=ORIENTED_EDGE('',*,*,#1293,.T.);
#1870=ORIENTED_EDGE('',*,*,#1271,.T.);
#1871=ORIENTED_EDGE('',*,*,#1274,.T.);
#1872=ORIENTED_EDGE('',*,*,#1277,.T.);
#1873=ORIENTED_EDGE('',*,*,#1309,.T.);
#1874=ORIENTED_EDGE('',*,*,#1310,.T.);
#1875=ORIENTED_EDGE('',*,*,#1307,.T.);
#1876=ORIENTED_EDGE('',*,*,#1285,.T.);
#1877=ORIENTED_EDGE('',*,*,#1306,.T.);
#1878=ORIENTED_EDGE('',*,*,#1311,.T.);
#1879=ORIENTED_EDGE('',*,*,#1312,.T.);
#1880=ORIENTED_EDGE('',*,*,#1288,.T.);
#1881=ORIENTED_EDGE('',*,*,#1304,.T.);
#1882=ORIENTED_EDGE('',*,*,#1313,.T.);
#1883=ORIENTED_EDGE('',*,*,#1314,.T.);
#1884=ORIENTED_EDGE('',*,*,#1291,.T.);
#1885=ORIENTED_EDGE('',*,*,#1302,.T.);
#1886=ORIENTED_EDGE('',*,*,#1315,.T.);
#1887=ORIENTED_EDGE('',*,*,#1316,.T.);
#1888=ORIENTED_EDGE('',*,*,#1297,.T.);
#1889=ORIENTED_EDGE('',*,*,#1300,.T.);
#1890=ORIENTED_EDGE('',*,*,#1317,.T.);
#1891=ORIENTED_EDGE('',*,*,#1318,.T.);
#1892=ORIENTED_EDGE('',*,*,#1259,.F.);
#1893=ORIENTED_EDGE('',*,*,#1270,.F.);
#1894=ORIENTED_EDGE('',*,*,#1139,.T.);
#1895=ORIENTED_EDGE('',*,*,#1319,.T.);
#1896=ORIENTED_EDGE('',*,*,#1203,.T.);
#1897=ORIENTED_EDGE('',*,*,#1260,.F.);
#1898=ORIENTED_EDGE('',*,*,#1319,.F.);
#1899=ORIENTED_EDGE('',*,*,#1138,.T.);
#1900=ORIENTED_EDGE('',*,*,#1268,.F.);
#1901=ORIENTED_EDGE('',*,*,#1198,.T.);
#1902=ORIENTED_EDGE('',*,*,#1269,.F.);
#1903=ORIENTED_EDGE('',*,*,#1136,.F.);
#1904=ORIENTED_EDGE('',*,*,#1016,.F.);
#1905=ORIENTED_EDGE('',*,*,#1236,.T.);
#1906=ORIENTED_EDGE('',*,*,#1281,.T.);
#1907=ORIENTED_EDGE('',*,*,#1018,.F.);
#1908=ORIENTED_EDGE('',*,*,#1135,.T.);
#1909=ORIENTED_EDGE('',*,*,#1320,.T.);
#1910=ORIENTED_EDGE('',*,*,#1309,.F.);
#1911=ORIENTED_EDGE('',*,*,#1282,.T.);
#1912=ORIENTED_EDGE('',*,*,#1310,.F.);
#1913=ORIENTED_EDGE('',*,*,#1320,.F.);
#1914=ORIENTED_EDGE('',*,*,#1134,.T.);
#1915=ORIENTED_EDGE('',*,*,#1308,.T.);
#1916=ORIENTED_EDGE('',*,*,#1317,.F.);
#1917=ORIENTED_EDGE('',*,*,#1299,.F.);
#1918=ORIENTED_EDGE('',*,*,#1131,.T.);
#1919=ORIENTED_EDGE('',*,*,#1321,.T.);
#1920=ORIENTED_EDGE('',*,*,#1295,.T.);
#1921=ORIENTED_EDGE('',*,*,#1318,.F.);
#1922=ORIENTED_EDGE('',*,*,#1321,.F.);
#1923=ORIENTED_EDGE('',*,*,#1130,.T.);
#1924=ORIENTED_EDGE('',*,*,#1027,.F.);
#1925=ORIENTED_EDGE('',*,*,#1315,.F.);
#1926=ORIENTED_EDGE('',*,*,#1301,.F.);
#1927=ORIENTED_EDGE('',*,*,#1128,.T.);
#1928=ORIENTED_EDGE('',*,*,#1322,.T.);
#1929=ORIENTED_EDGE('',*,*,#1289,.T.);
#1930=ORIENTED_EDGE('',*,*,#1316,.F.);
#1931=ORIENTED_EDGE('',*,*,#1322,.F.);
#1932=ORIENTED_EDGE('',*,*,#1127,.T.);
#1933=ORIENTED_EDGE('',*,*,#1031,.F.);
#1934=ORIENTED_EDGE('',*,*,#1313,.F.);
#1935=ORIENTED_EDGE('',*,*,#1303,.F.);
#1936=ORIENTED_EDGE('',*,*,#1125,.T.);
#1937=ORIENTED_EDGE('',*,*,#1323,.T.);
#1938=ORIENTED_EDGE('',*,*,#1286,.T.);
#1939=ORIENTED_EDGE('',*,*,#1314,.F.);
#1940=ORIENTED_EDGE('',*,*,#1323,.F.);
#1941=ORIENTED_EDGE('',*,*,#1124,.T.);
#1942=ORIENTED_EDGE('',*,*,#1035,.F.);
#1943=ORIENTED_EDGE('',*,*,#1160,.F.);
#1944=ORIENTED_EDGE('',*,*,#1166,.F.);
#1945=ORIENTED_EDGE('',*,*,#1041,.F.);
#1946=ORIENTED_EDGE('',*,*,#1120,.F.);
#1947=ORIENTED_EDGE('',*,*,#1116,.F.);
#1948=ORIENTED_EDGE('',*,*,#1163,.F.);
#1949=ORIENTED_EDGE('',*,*,#1097,.F.);
#1950=ORIENTED_EDGE('',*,*,#1324,.T.);
#1951=ORIENTED_EDGE('',*,*,#1261,.F.);
#1952=ORIENTED_EDGE('',*,*,#1215,.T.);
#1953=ORIENTED_EDGE('',*,*,#1255,.F.);
#1954=ORIENTED_EDGE('',*,*,#1325,.F.);
#1955=ORIENTED_EDGE('',*,*,#1150,.T.);
#1956=ORIENTED_EDGE('',*,*,#1264,.F.);
#1957=ORIENTED_EDGE('',*,*,#1254,.F.);
#1958=ORIENTED_EDGE('',*,*,#1242,.F.);
#1959=ORIENTED_EDGE('',*,*,#1151,.T.);
#1960=ORIENTED_EDGE('',*,*,#1325,.T.);
#1961=ORIENTED_EDGE('',*,*,#1227,.T.);
#1962=ORIENTED_EDGE('',*,*,#1257,.F.);
#1963=ORIENTED_EDGE('',*,*,#1326,.F.);
#1964=ORIENTED_EDGE('',*,*,#1154,.T.);
#1965=ORIENTED_EDGE('',*,*,#1263,.F.);
#1966=ORIENTED_EDGE('',*,*,#1256,.F.);
#1967=ORIENTED_EDGE('',*,*,#1239,.F.);
#1968=ORIENTED_EDGE('',*,*,#1155,.T.);
#1969=ORIENTED_EDGE('',*,*,#1326,.T.);
#1970=ORIENTED_EDGE('',*,*,#1207,.T.);
#1971=ORIENTED_EDGE('',*,*,#1251,.F.);
#1972=ORIENTED_EDGE('',*,*,#1327,.F.);
#1973=ORIENTED_EDGE('',*,*,#1142,.T.);
#1974=ORIENTED_EDGE('',*,*,#1266,.F.);
#1975=ORIENTED_EDGE('',*,*,#1250,.F.);
#1976=ORIENTED_EDGE('',*,*,#1248,.F.);
#1977=ORIENTED_EDGE('',*,*,#1143,.T.);
#1978=ORIENTED_EDGE('',*,*,#1327,.T.);
#1979=ORIENTED_EDGE('',*,*,#1211,.T.);
#1980=ORIENTED_EDGE('',*,*,#1253,.F.);
#1981=ORIENTED_EDGE('',*,*,#1328,.F.);
#1982=ORIENTED_EDGE('',*,*,#1146,.T.);
#1983=ORIENTED_EDGE('',*,*,#1265,.F.);
#1984=ORIENTED_EDGE('',*,*,#1252,.F.);
#1985=ORIENTED_EDGE('',*,*,#1245,.F.);
#1986=ORIENTED_EDGE('',*,*,#1147,.T.);
#1987=ORIENTED_EDGE('',*,*,#1328,.T.);
#1988=ORIENTED_EDGE('',*,*,#1311,.F.);
#1989=ORIENTED_EDGE('',*,*,#1305,.F.);
#1990=ORIENTED_EDGE('',*,*,#1122,.T.);
#1991=ORIENTED_EDGE('',*,*,#1329,.T.);
#1992=ORIENTED_EDGE('',*,*,#1283,.T.);
#1993=ORIENTED_EDGE('',*,*,#1312,.F.);
#1994=ORIENTED_EDGE('',*,*,#1329,.F.);
#1995=ORIENTED_EDGE('',*,*,#1121,.T.);
#1996=ORIENTED_EDGE('',*,*,#1039,.F.);
#1997=ORIENTED_EDGE('',*,*,#1119,.T.);
#1998=ORIENTED_EDGE('',*,*,#1262,.F.);
#1999=ORIENTED_EDGE('',*,*,#1324,.F.);
#2000=ORIENTED_EDGE('',*,*,#1096,.F.);
#2001=ORIENTED_EDGE('',*,*,#1106,.T.);
#2002=PLANE('',#2190);
#2003=PLANE('',#2191);
#2004=PLANE('',#2192);
#2005=PLANE('',#2193);
#2006=PLANE('',#2194);
#2007=PLANE('',#2195);
#2008=PLANE('',#2196);
#2009=PLANE('',#2197);
#2010=PLANE('',#2198);
#2011=PLANE('',#2199);
#2012=PLANE('',#2200);
#2013=PLANE('',#2201);
#2014=PLANE('',#2202);
#2015=PLANE('',#2203);
#2016=PLANE('',#2204);
#2017=PLANE('',#2205);
#2018=PLANE('',#2208);
#2019=PLANE('',#2209);
#2020=PLANE('',#2210);
#2021=PLANE('',#2211);
#2022=PLANE('',#2214);
#2023=PLANE('',#2219);
#2024=PLANE('',#2221);
#2025=PLANE('',#2222);
#2026=PLANE('',#2223);
#2027=PLANE('',#2224);
#2028=PLANE('',#2225);
#2029=PLANE('',#2226);
#2030=PLANE('',#2227);
#2031=PLANE('',#2230);
#2032=PLANE('',#2232);
#2033=PLANE('',#2236);
#2034=PLANE('',#2242);
#2035=PLANE('',#2245);
#2036=PLANE('',#2246);
#2037=PLANE('',#2247);
#2038=PLANE('',#2248);
#2039=PLANE('',#2249);
#2040=PLANE('',#2250);
#2041=PLANE('',#2251);
#2042=PLANE('',#2252);
#2043=PLANE('',#2253);
#2044=PLANE('',#2254);
#2045=PLANE('',#2255);
#2046=PLANE('',#2256);
#2047=PLANE('',#2262);
#2048=PLANE('',#2264);
#2049=PLANE('',#2265);
#2050=PLANE('',#2266);
#2051=PLANE('',#2267);
#2052=PLANE('',#2268);
#2053=PLANE('',#2269);
#2054=PLANE('',#2270);
#2055=PLANE('',#2271);
#2056=PLANE('',#2272);
#2057=PLANE('',#2273);
#2058=PLANE('',#2274);
#2059=PLANE('',#2275);
#2060=PLANE('',#2276);
#2061=PLANE('',#2277);
#2062=PLANE('',#2278);
#2063=PLANE('',#2279);
#2064=PLANE('',#2280);
#2065=PLANE('',#2281);
#2066=PLANE('',#2282);
#2067=PLANE('',#2283);
#2068=PLANE('',#2285);
#2069=PLANE('',#2286);
#2070=PLANE('',#2287);
#2071=PLANE('',#2288);
#2072=PLANE('',#2289);
#2073=PLANE('',#2290);
#2074=PLANE('',#2291);
#2075=PLANE('',#2292);
#2076=PLANE('',#2293);
#2077=PLANE('',#2294);
#2078=ADVANCED_FACE('',(#232),#2002,.F.);
#2079=ADVANCED_FACE('',(#233),#2003,.F.);
#2080=ADVANCED_FACE('',(#234),#2004,.F.);
#2081=ADVANCED_FACE('',(#235),#2005,.F.);
#2082=ADVANCED_FACE('',(#236),#2006,.F.);
#2083=ADVANCED_FACE('',(#237),#2007,.T.);
#2084=ADVANCED_FACE('',(#238),#2008,.T.);
#2085=ADVANCED_FACE('',(#239),#2009,.T.);
#2086=ADVANCED_FACE('',(#240),#2010,.T.);
#2087=ADVANCED_FACE('',(#241),#2011,.F.);
#2088=ADVANCED_FACE('',(#242),#2012,.F.);
#2089=ADVANCED_FACE('',(#243),#2013,.F.);
#2090=ADVANCED_FACE('',(#244),#2014,.F.);
#2091=ADVANCED_FACE('',(#245),#2015,.F.);
#2092=ADVANCED_FACE('',(#246),#2016,.F.);
#2093=ADVANCED_FACE('',(#247,#61,#62),#2017,.T.);
#2094=ADVANCED_FACE('',(#248),#2018,.T.);
#2095=ADVANCED_FACE('',(#249),#2019,.T.);
#2096=ADVANCED_FACE('',(#250),#2020,.T.);
#2097=ADVANCED_FACE('',(#251),#2021,.T.);
#2098=ADVANCED_FACE('',(#252),#35,.T.);
#2099=ADVANCED_FACE('',(#253),#36,.F.);
#2100=ADVANCED_FACE('',(#254),#31,.F.);
#2101=ADVANCED_FACE('',(#255),#32,.F.);
#2102=ADVANCED_FACE('',(#256),#37,.T.);
#2103=ADVANCED_FACE('',(#257),#2022,.F.);
#2104=ADVANCED_FACE('',(#258,#63,#64),#38,.T.);
#2105=ADVANCED_FACE('',(#259),#2023,.F.);
#2106=ADVANCED_FACE('',(#260),#39,.F.);
#2107=ADVANCED_FACE('',(#261),#40,.F.);
#2108=ADVANCED_FACE('',(#262),#41,.T.);
#2109=ADVANCED_FACE('',(#263),#2024,.F.);
#2110=ADVANCED_FACE('',(#264),#2025,.F.);
#2111=ADVANCED_FACE('',(#265),#2026,.F.);
#2112=ADVANCED_FACE('',(#266),#2027,.F.);
#2113=ADVANCED_FACE('',(#267),#2028,.F.);
#2114=ADVANCED_FACE('',(#268),#42,.F.);
#2115=ADVANCED_FACE('',(#269),#2029,.T.);
#2116=ADVANCED_FACE('',(#270),#2030,.T.);
#2117=ADVANCED_FACE('',(#271),#43,.T.);
#2118=ADVANCED_FACE('',(#272),#2031,.T.);
#2119=ADVANCED_FACE('',(#273),#44,.T.);
#2120=ADVANCED_FACE('',(#274),#45,.T.);
#2121=ADVANCED_FACE('',(#275),#46,.T.);
#2122=ADVANCED_FACE('',(#276),#47,.T.);
#2123=ADVANCED_FACE('',(#277),#48,.T.);
#2124=ADVANCED_FACE('',(#278),#49,.T.);
#2125=ADVANCED_FACE('',(#279),#2032,.T.);
#2126=ADVANCED_FACE('',(#280),#33,.F.);
#2127=ADVANCED_FACE('',(#281),#50,.T.);
#2128=ADVANCED_FACE('',(#282),#2033,.F.);
#2129=ADVANCED_FACE('',(#283),#15,.F.);
#2130=ADVANCED_FACE('',(#284),#16,.F.);
#2131=ADVANCED_FACE('',(#285),#2034,.F.);
#2132=ADVANCED_FACE('',(#286),#2035,.T.);
#2133=ADVANCED_FACE('',(#287),#2036,.T.);
#2134=ADVANCED_FACE('',(#288),#2037,.T.);
#2135=ADVANCED_FACE('',(#289),#2038,.T.);
#2136=ADVANCED_FACE('',(#290),#2039,.F.);
#2137=ADVANCED_FACE('',(#291),#2040,.F.);
#2138=ADVANCED_FACE('',(#292),#2041,.F.);
#2139=ADVANCED_FACE('',(#293),#2042,.F.);
#2140=ADVANCED_FACE('',(#294),#2043,.F.);
#2141=ADVANCED_FACE('',(#295),#2044,.F.);
#2142=ADVANCED_FACE('',(#296),#2045,.T.);
#2143=ADVANCED_FACE('',(#297),#2046,.F.);
#2144=ADVANCED_FACE('',(#298),#34,.F.);
#2145=ADVANCED_FACE('',(#299),#51,.F.);
#2146=ADVANCED_FACE('',(#300),#52,.F.);
#2147=ADVANCED_FACE('',(#301),#53,.F.);
#2148=ADVANCED_FACE('',(#302),#54,.F.);
#2149=ADVANCED_FACE('',(#303),#55,.F.);
#2150=ADVANCED_FACE('',(#304),#56,.F.);
#2151=ADVANCED_FACE('',(#305),#2047,.F.);
#2152=ADVANCED_FACE('',(#306),#57,.F.);
#2153=ADVANCED_FACE('',(#307),#17,.F.);
#2154=ADVANCED_FACE('',(#308),#2048,.T.);
#2155=ADVANCED_FACE('',(#309),#2049,.T.);
#2156=ADVANCED_FACE('',(#310),#2050,.T.);
#2157=ADVANCED_FACE('',(#311),#2051,.T.);
#2158=ADVANCED_FACE('',(#312),#2052,.T.);
#2159=ADVANCED_FACE('',(#313),#2053,.F.);
#2160=ADVANCED_FACE('',(#314),#2054,.F.);
#2161=ADVANCED_FACE('',(#315),#2055,.F.);
#2162=ADVANCED_FACE('',(#316),#2056,.F.);
#2163=ADVANCED_FACE('',(#317),#2057,.F.);
#2164=ADVANCED_FACE('',(#318),#2058,.T.);
#2165=ADVANCED_FACE('',(#319),#2059,.T.);
#2166=ADVANCED_FACE('',(#320),#18,.T.);
#2167=ADVANCED_FACE('',(#321),#2060,.T.);
#2168=ADVANCED_FACE('',(#322),#2061,.T.);
#2169=ADVANCED_FACE('',(#323),#2062,.T.);
#2170=ADVANCED_FACE('',(#324),#2063,.T.);
#2171=ADVANCED_FACE('',(#325),#2064,.T.);
#2172=ADVANCED_FACE('',(#326),#2065,.T.);
#2173=ADVANCED_FACE('',(#327),#2066,.T.);
#2174=ADVANCED_FACE('',(#328),#2067,.T.);
#2175=ADVANCED_FACE('',(#329),#58,.T.);
#2176=ADVANCED_FACE('',(#330),#59,.T.);
#2177=ADVANCED_FACE('',(#331),#2068,.T.);
#2178=ADVANCED_FACE('',(#332),#2069,.T.);
#2179=ADVANCED_FACE('',(#333),#2070,.T.);
#2180=ADVANCED_FACE('',(#334),#2071,.T.);
#2181=ADVANCED_FACE('',(#335),#2072,.T.);
#2182=ADVANCED_FACE('',(#336),#2073,.T.);
#2183=ADVANCED_FACE('',(#337),#2074,.T.);
#2184=ADVANCED_FACE('',(#338),#2075,.T.);
#2185=ADVANCED_FACE('',(#339),#2076,.T.);
#2186=ADVANCED_FACE('',(#340),#2077,.T.);
#2187=ADVANCED_FACE('',(#341),#60,.T.);
#2188=CLOSED_SHELL('',(#2078,#2079,#2080,#2081,#2082,#2083,#2084,#2085,
#2086,#2087,#2088,#2089,#2090,#2091,#2092,#2093,#2094,#2095,#2096,#2097,
#2098,#2099,#2100,#2101,#2102,#2103,#2104,#2105,#2106,#2107,#2108,#2109,
#2110,#2111,#2112,#2113,#2114,#2115,#2116,#2117,#2118,#2119,#2120,#2121,
#2122,#2123,#2124,#2125,#2126,#2127,#2128,#2129,#2130,#2131,#2132,#2133,
#2134,#2135,#2136,#2137,#2138,#2139,#2140,#2141,#2142,#2143,#2144,#2145,
#2146,#2147,#2148,#2149,#2150,#2151,#2152,#2153,#2154,#2155,#2156,#2157,
#2158,#2159,#2160,#2161,#2162,#2163,#2164,#2165,#2166,#2167,#2168,#2169,
#2170,#2171,#2172,#2173,#2174,#2175,#2176,#2177,#2178,#2179,#2180,#2181,
#2182,#2183,#2184,#2185,#2186,#2187));
#2189=AXIS2_PLACEMENT_3D('',#2664,#2295,#2296);
#2190=AXIS2_PLACEMENT_3D('',#2665,#2297,#2298);
#2191=AXIS2_PLACEMENT_3D('',#2674,#2303,#2304);
#2192=AXIS2_PLACEMENT_3D('',#2680,#2308,#2309);
#2193=AXIS2_PLACEMENT_3D('',#2686,#2313,#2314);
#2194=AXIS2_PLACEMENT_3D('',#2908,#2322,#2323);
#2195=AXIS2_PLACEMENT_3D('',#3039,#2341,#2342);
#2196=AXIS2_PLACEMENT_3D('',#3048,#2347,#2348);
#2197=AXIS2_PLACEMENT_3D('',#3054,#2352,#2353);
#2198=AXIS2_PLACEMENT_3D('',#3060,#2357,#2358);
#2199=AXIS2_PLACEMENT_3D('',#3062,#2360,#2361);
#2200=AXIS2_PLACEMENT_3D('',#3069,#2366,#2367);
#2201=AXIS2_PLACEMENT_3D('',#3078,#2372,#2373);
#2202=AXIS2_PLACEMENT_3D('',#3087,#2378,#2379);
#2203=AXIS2_PLACEMENT_3D('',#3090,#2382,#2383);
#2204=AXIS2_PLACEMENT_3D('',#3092,#2385,#2386);
#2205=AXIS2_PLACEMENT_3D('',#3139,#2394,#2395);
#2206=AXIS2_PLACEMENT_3D('',#3210,#2403,#2404);
#2207=AXIS2_PLACEMENT_3D('',#3212,#2405,#2406);
#2208=AXIS2_PLACEMENT_3D('',#3213,#2407,#2408);
#2209=AXIS2_PLACEMENT_3D('',#3219,#2412,#2413);
#2210=AXIS2_PLACEMENT_3D('',#3270,#2416,#2417);
#2211=AXIS2_PLACEMENT_3D('',#3273,#2420,#2421);
#2212=AXIS2_PLACEMENT_3D('',#3410,#2423,#2424);
#2213=AXIS2_PLACEMENT_3D('',#3460,#2426,#2427);
#2214=AXIS2_PLACEMENT_3D('',#3587,#2429,#2430);
#2215=AXIS2_PLACEMENT_3D('',#3588,#2431,#2432);
#2216=AXIS2_PLACEMENT_3D('',#3630,#2433,#2434);
#2217=AXIS2_PLACEMENT_3D('',#3631,#2435,#2436);
#2218=AXIS2_PLACEMENT_3D('',#3796,#2437,#2438);
#2219=AXIS2_PLACEMENT_3D('',#3991,#2439,#2440);
#2220=AXIS2_PLACEMENT_3D('',#4094,#2441,#2442);
#2221=AXIS2_PLACEMENT_3D('',#4095,#2443,#2444);
#2222=AXIS2_PLACEMENT_3D('',#4106,#2447,#2448);
#2223=AXIS2_PLACEMENT_3D('',#4145,#2450,#2451);
#2224=AXIS2_PLACEMENT_3D('',#4147,#2453,#2454);
#2225=AXIS2_PLACEMENT_3D('',#4148,#2455,#2456);
#2226=AXIS2_PLACEMENT_3D('',#4671,#2458,#2459);
#2227=AXIS2_PLACEMENT_3D('',#4748,#2461,#2462);
#2228=AXIS2_PLACEMENT_3D('',#4774,#2463,#2464);
#2229=AXIS2_PLACEMENT_3D('',#4780,#2465,#2466);
#2230=AXIS2_PLACEMENT_3D('',#4781,#2467,#2468);
#2231=AXIS2_PLACEMENT_3D('',#5252,#2470,#2471);
#2232=AXIS2_PLACEMENT_3D('',#5995,#2472,#2473);
#2233=AXIS2_PLACEMENT_3D('',#5998,#2475,#2476);
#2234=AXIS2_PLACEMENT_3D('',#5999,#2477,#2478);
#2235=AXIS2_PLACEMENT_3D('',#6000,#2479,#2480);
#2236=AXIS2_PLACEMENT_3D('',#6200,#2481,#2482);
#2237=AXIS2_PLACEMENT_3D('',#6203,#2484,#2485);
#2238=AXIS2_PLACEMENT_3D('',#6204,#2486,#2487);
#2239=AXIS2_PLACEMENT_3D('',#6205,#2488,#2489);
#2240=AXIS2_PLACEMENT_3D('',#6216,#2490,#2491);
#2241=AXIS2_PLACEMENT_3D('',#6225,#2493,#2494);
#2242=AXIS2_PLACEMENT_3D('',#6226,#2495,#2496);
#2243=AXIS2_PLACEMENT_3D('',#6229,#2498,#2499);
#2244=AXIS2_PLACEMENT_3D('',#6230,#2500,#2501);
#2245=AXIS2_PLACEMENT_3D('',#6231,#2502,#2503);
#2246=AXIS2_PLACEMENT_3D('',#6236,#2507,#2508);
#2247=AXIS2_PLACEMENT_3D('',#6241,#2512,#2513);
#2248=AXIS2_PLACEMENT_3D('',#6246,#2517,#2518);
#2249=AXIS2_PLACEMENT_3D('',#6251,#2522,#2523);
#2250=AXIS2_PLACEMENT_3D('',#6255,#2526,#2527);
#2251=AXIS2_PLACEMENT_3D('',#6259,#2530,#2531);
#2252=AXIS2_PLACEMENT_3D('',#6263,#2534,#2535);
#2253=AXIS2_PLACEMENT_3D('',#6267,#2538,#2539);
#2254=AXIS2_PLACEMENT_3D('',#6273,#2543,#2544);
#2255=AXIS2_PLACEMENT_3D('',#6310,#2552,#2553);
#2256=AXIS2_PLACEMENT_3D('',#6312,#2555,#2556);
#2257=AXIS2_PLACEMENT_3D('',#6336,#2558,#2559);
#2258=AXIS2_PLACEMENT_3D('',#6337,#2560,#2561);
#2259=AXIS2_PLACEMENT_3D('',#6339,#2562,#2563);
#2260=AXIS2_PLACEMENT_3D('',#6348,#2564,#2565);
#2261=AXIS2_PLACEMENT_3D('',#7067,#2566,#2567);
#2262=AXIS2_PLACEMENT_3D('',#7335,#2568,#2569);
#2263=AXIS2_PLACEMENT_3D('',#7336,#2570,#2571);
#2264=AXIS2_PLACEMENT_3D('',#7359,#2572,#2573);
#2265=AXIS2_PLACEMENT_3D('',#7363,#2576,#2577);
#2266=AXIS2_PLACEMENT_3D('',#7367,#2580,#2581);
#2267=AXIS2_PLACEMENT_3D('',#7371,#2584,#2585);
#2268=AXIS2_PLACEMENT_3D('',#7375,#2588,#2589);
#2269=AXIS2_PLACEMENT_3D('',#7379,#2592,#2593);
#2270=AXIS2_PLACEMENT_3D('',#7383,#2596,#2597);
#2271=AXIS2_PLACEMENT_3D('',#7387,#2600,#2601);
#2272=AXIS2_PLACEMENT_3D('',#7391,#2604,#2605);
#2273=AXIS2_PLACEMENT_3D('',#7395,#2608,#2609);
#2274=AXIS2_PLACEMENT_3D('',#7399,#2612,#2613);
#2275=AXIS2_PLACEMENT_3D('',#7401,#2615,#2616);
#2276=AXIS2_PLACEMENT_3D('',#7412,#2617,#2618);
#2277=AXIS2_PLACEMENT_3D('',#7414,#2620,#2621);
#2278=AXIS2_PLACEMENT_3D('',#7415,#2622,#2623);
#2279=AXIS2_PLACEMENT_3D('',#7417,#2625,#2626);
#2280=AXIS2_PLACEMENT_3D('',#7418,#2627,#2628);
#2281=AXIS2_PLACEMENT_3D('',#7420,#2630,#2631);
#2282=AXIS2_PLACEMENT_3D('',#7421,#2632,#2633);
#2283=AXIS2_PLACEMENT_3D('',#7423,#2635,#2636);
#2284=AXIS2_PLACEMENT_3D('',#7460,#2637,#2638);
#2285=AXIS2_PLACEMENT_3D('',#7461,#2639,#2640);
#2286=AXIS2_PLACEMENT_3D('',#7463,#2642,#2643);
#2287=AXIS2_PLACEMENT_3D('',#7464,#2644,#2645);
#2288=AXIS2_PLACEMENT_3D('',#7466,#2647,#2648);
#2289=AXIS2_PLACEMENT_3D('',#7467,#2649,#2650);
#2290=AXIS2_PLACEMENT_3D('',#7469,#2652,#2653);
#2291=AXIS2_PLACEMENT_3D('',#7470,#2654,#2655);
#2292=AXIS2_PLACEMENT_3D('',#7472,#2657,#2658);
#2293=AXIS2_PLACEMENT_3D('',#7473,#2659,#2660);
#2294=AXIS2_PLACEMENT_3D('',#7475,#2662,#2663);
#2295=DIRECTION('axis',(0.,0.,1.));
#2296=DIRECTION('refdir',(1.,0.,0.));
#2297=DIRECTION('center_axis',(0.,1.,-1.08676365028976E-17));
#2298=DIRECTION('ref_axis',(2.42936233749109E-15,-1.08676365028974E-17,
-1.));
#2299=DIRECTION('',(0.,1.08676365028976E-17,1.));
#2300=DIRECTION('',(1.,3.94454707533534E-32,3.62962735667837E-15));
#2301=DIRECTION('',(0.,-1.08676365028976E-17,-1.));
#2302=DIRECTION('',(1.,0.,0.));
#2303=DIRECTION('center_axis',(-3.62962735667837E-15,1.08676365028941E-17,
1.));
#2304=DIRECTION('ref_axis',(-2.83106871279415E-15,1.,-1.08676365029044E-17));
#2305=DIRECTION('',(0.,-1.,1.08676365028941E-17));
#2306=DIRECTION('',(1.,3.94454707533534E-32,3.62962735667837E-15));
#2307=DIRECTION('',(0.,1.,-1.08676365028941E-17));
#2308=DIRECTION('center_axis',(0.,-1.,1.08676365028976E-17));
#2309=DIRECTION('ref_axis',(-2.4293862489755E-15,1.08676365028975E-17,1.));
#2310=DIRECTION('',(0.,-1.08676365028976E-17,-1.));
#2311=DIRECTION('',(-1.,0.,0.));
#2312=DIRECTION('',(0.,1.08676365028976E-17,1.));
#2313=DIRECTION('center_axis',(-1.,0.,0.));
#2314=DIRECTION('ref_axis',(0.,-1.,0.));
#2315=DIRECTION('',(0.,1.,0.));
#2316=DIRECTION('',(0.,0.,1.));
#2317=DIRECTION('',(0.,1.,0.));
#2318=DIRECTION('',(0.,1.,0.));
#2319=DIRECTION('',(0.,1.,0.));
#2320=DIRECTION('',(0.,0.,1.));
#2321=DIRECTION('',(0.,1.,0.));
#2322=DIRECTION('center_axis',(0.,0.,1.));
#2323=DIRECTION('ref_axis',(1.,0.,0.));
#2324=DIRECTION('',(0.,1.,0.));
#2325=DIRECTION('',(1.,0.,0.));
#2326=DIRECTION('',(0.,1.,0.));
#2327=DIRECTION('',(-1.,0.,0.));
#2328=DIRECTION('',(0.,-1.,0.));
#2329=DIRECTION('',(-0.104967143805716,0.994475690362148,0.));
#2330=DIRECTION('',(0.,1.,0.));
#2331=DIRECTION('',(0.,-1.,0.));
#2332=DIRECTION('',(0.,1.,0.));
#2333=DIRECTION('',(0.,-1.,0.));
#2334=DIRECTION('',(0.,1.,0.));
#2335=DIRECTION('',(0.,-1.,0.));
#2336=DIRECTION('',(0.,1.,0.));
#2337=DIRECTION('',(0.,-1.,0.));
#2338=DIRECTION('',(0.,1.,0.));
#2339=DIRECTION('',(0.,-1.,0.));
#2340=DIRECTION('',(-1.,0.,0.));
#2341=DIRECTION('center_axis',(0.,0.,1.));
#2342=DIRECTION('ref_axis',(1.,0.,0.));
#2343=DIRECTION('',(-1.,0.,0.));
#2344=DIRECTION('',(0.,1.,0.));
#2345=DIRECTION('',(1.,0.,0.));
#2346=DIRECTION('',(0.,1.,0.));
#2347=DIRECTION('center_axis',(1.,0.,0.));
#2348=DIRECTION('ref_axis',(0.,0.,-1.));
#2349=DIRECTION('',(0.,0.,1.));
#2350=DIRECTION('',(0.,0.,-1.));
#2351=DIRECTION('',(0.,1.,0.));
#2352=DIRECTION('center_axis',(-1.,0.,0.));
#2353=DIRECTION('ref_axis',(0.,0.,1.));
#2354=DIRECTION('',(0.,0.,-1.));
#2355=DIRECTION('',(0.,1.,0.));
#2356=DIRECTION('',(0.,0.,1.));
#2357=DIRECTION('center_axis',(0.,-1.,0.));
#2358=DIRECTION('ref_axis',(0.,0.,-1.));
#2359=DIRECTION('',(-1.,0.,0.));
#2360=DIRECTION('center_axis',(0.,1.,0.));
#2361=DIRECTION('ref_axis',(-1.,0.,0.));
#2362=DIRECTION('',(1.,0.,0.));
#2363=DIRECTION('',(0.,0.,1.));
#2364=DIRECTION('',(1.,0.,0.));
#2365=DIRECTION('',(1.,0.,0.));
#2366=DIRECTION('center_axis',(1.,0.,0.));
#2367=DIRECTION('ref_axis',(0.,0.,1.));
#2368=DIRECTION('',(0.,0.,1.));
#2369=DIRECTION('',(0.,-1.,0.));
#2370=DIRECTION('',(0.,0.,1.));
#2371=DIRECTION('',(0.,-1.,0.));
#2372=DIRECTION('center_axis',(-1.,0.,0.));
#2373=DIRECTION('ref_axis',(0.,0.,-1.));
#2374=DIRECTION('',(0.,0.,-1.));
#2375=DIRECTION('',(0.,-1.,0.));
#2376=DIRECTION('',(0.,0.,-1.));
#2377=DIRECTION('',(0.,-1.,0.));
#2378=DIRECTION('center_axis',(0.,0.,-1.));
#2379=DIRECTION('ref_axis',(1.,0.,0.));
#2380=DIRECTION('',(1.,0.,0.));
#2381=DIRECTION('',(1.,0.,0.));
#2382=DIRECTION('center_axis',(0.,-1.,0.));
#2383=DIRECTION('ref_axis',(0.,0.,-1.));
#2384=DIRECTION('',(-1.,0.,0.));
#2385=DIRECTION('center_axis',(0.,0.,1.));
#2386=DIRECTION('ref_axis',(-1.,0.,0.));
#2387=DIRECTION('',(-1.,0.,0.));
#2388=DIRECTION('',(0.,1.,0.));
#2389=DIRECTION('',(-1.,0.,0.));
#2390=DIRECTION('',(-1.,0.,0.));
#2391=DIRECTION('',(0.,-1.,0.));
#2392=DIRECTION('',(1.,0.,0.));
#2393=DIRECTION('',(0.,-1.,0.));
#2394=DIRECTION('center_axis',(0.,0.,1.));
#2395=DIRECTION('ref_axis',(1.,0.,0.));
#2396=DIRECTION('',(1.,0.,0.));
#2397=DIRECTION('',(0.,1.,0.));
#2398=DIRECTION('',(-1.,0.,0.));
#2399=DIRECTION('',(0.,-1.,0.));
#2400=DIRECTION('',(1.,0.,0.));
#2401=DIRECTION('',(0.,1.,0.));
#2402=DIRECTION('',(-1.,0.,0.));
#2403=DIRECTION('center_axis',(0.,0.,1.));
#2404=DIRECTION('ref_axis',(-1.,0.,0.));
#2405=DIRECTION('center_axis',(0.,0.,1.));
#2406=DIRECTION('ref_axis',(-1.,0.,0.));
#2407=DIRECTION('center_axis',(0.,-1.,0.));
#2408=DIRECTION('ref_axis',(1.,0.,0.));
#2409=DIRECTION('',(0.,0.,1.));
#2410=DIRECTION('',(1.,0.,0.));
#2411=DIRECTION('',(0.,0.,1.));
#2412=DIRECTION('center_axis',(0.,1.,0.));
#2413=DIRECTION('ref_axis',(1.,0.,0.));
#2414=DIRECTION('',(1.,0.,0.));
#2415=DIRECTION('',(0.,0.,1.));
#2416=DIRECTION('center_axis',(-1.,0.,0.));
#2417=DIRECTION('ref_axis',(0.,-1.,0.));
#2418=DIRECTION('',(0.,0.,1.));
#2419=DIRECTION('',(0.,0.,1.));
#2420=DIRECTION('center_axis',(-1.,0.,0.));
#2421=DIRECTION('ref_axis',(0.,-1.,0.));
#2422=DIRECTION('',(0.,-1.,0.));
#2423=DIRECTION('center_axis',(0.,0.,-1.));
#2424=DIRECTION('ref_axis',(-1.,0.,0.));
#2425=DIRECTION('',(0.,0.,-1.));
#2426=DIRECTION('center_axis',(0.,0.,-1.));
#2427=DIRECTION('ref_axis',(-1.,0.,0.));
#2428=DIRECTION('',(0.,0.,-1.));
#2429=DIRECTION('center_axis',(1.,0.,0.));
#2430=DIRECTION('ref_axis',(0.,0.,-1.));
#2431=DIRECTION('center_axis',(1.,0.,0.));
#2432=DIRECTION('ref_axis',(0.,1.,4.53034369736952E-17));
#2433=DIRECTION('center_axis',(1.,0.,0.));
#2434=DIRECTION('ref_axis',(0.,1.,4.53034369736952E-17));
#2435=DIRECTION('center_axis',(1.,0.,0.));
#2436=DIRECTION('ref_axis',(0.,1.,4.53034369736952E-17));
#2437=DIRECTION('center_axis',(1.,0.,0.));
#2438=DIRECTION('ref_axis',(0.,-1.99951400577333E-18,-1.));
#2439=DIRECTION('center_axis',(0.,1.,0.));
#2440=DIRECTION('ref_axis',(1.,0.,0.));
#2441=DIRECTION('center_axis',(1.,0.,0.));
#2442=DIRECTION('ref_axis',(0.,0.,-1.));
#2443=DIRECTION('center_axis',(0.,0.,1.));
#2444=DIRECTION('ref_axis',(-1.,0.,0.));
#2445=DIRECTION('',(0.,1.,0.));
#2446=DIRECTION('',(0.,-1.,0.));
#2447=DIRECTION('center_axis',(0.,0.,1.));
#2448=DIRECTION('ref_axis',(-1.,0.,0.));
#2449=DIRECTION('',(0.,1.,0.));
#2450=DIRECTION('center_axis',(0.,-1.,0.));
#2451=DIRECTION('ref_axis',(1.,0.,0.));
#2452=DIRECTION('',(0.,0.,-1.));
#2453=DIRECTION('center_axis',(1.,0.,0.));
#2454=DIRECTION('ref_axis',(0.,1.,0.));
#2455=DIRECTION('center_axis',(1.,0.,0.));
#2456=DIRECTION('ref_axis',(0.,1.,0.));
#2457=DIRECTION('',(0.,-1.,0.));
#2458=DIRECTION('center_axis',(1.,0.,0.));
#2459=DIRECTION('ref_axis',(0.,1.,0.));
#2460=DIRECTION('',(0.,0.,-1.));
#2461=DIRECTION('center_axis',(0.,1.,0.));
#2462=DIRECTION('ref_axis',(-1.,0.,0.));
#2463=DIRECTION('center_axis',(-0.994427764324366,0.105420214099782,0.));
#2464=DIRECTION('ref_axis',(0.105420214099782,0.994427764324366,0.));
#2465=DIRECTION('center_axis',(-0.994475690362148,0.104967143805716,0.));
#2466=DIRECTION('ref_axis',(0.104967143805716,0.994475690362148,0.));
#2467=DIRECTION('center_axis',(-0.994475690362148,0.104967143805716,0.));
#2468=DIRECTION('ref_axis',(0.104967143805716,0.994475690362148,0.));
#2469=DIRECTION('',(0.104967143805716,0.994475690362148,0.));
#2470=DIRECTION('center_axis',(0.99991025011245,-4.06539679175633E-19,0.0133974519987211));
#2471=DIRECTION('ref_axis',(0.0133974519987211,-5.42061256025249E-21,-0.99991025011245));
#2472=DIRECTION('center_axis',(0.99991025011245,-4.06539679175633E-19,0.0133974519987211));
#2473=DIRECTION('ref_axis',(0.0133974519987211,-5.42061256025249E-21,-0.99991025011245));
#2474=DIRECTION('',(-4.06576169341112E-19,-1.,0.));
#2475=DIRECTION('center_axis',(0.99991025011245,-4.06539679175633E-19,0.0133974519987211));
#2476=DIRECTION('ref_axis',(0.0133974519987211,-5.42061256025249E-21,-0.99991025011245));
#2477=DIRECTION('center_axis',(0.99991025011245,0.,0.0133974519987311));
#2478=DIRECTION('ref_axis',(-0.0131249125223197,0.200677470758861,0.979569440826483));
#2479=DIRECTION('center_axis',(0.,0.,1.));
#2480=DIRECTION('ref_axis',(1.,-7.26223965797017E-23,0.));
#2481=DIRECTION('center_axis',(1.,0.,0.));
#2482=DIRECTION('ref_axis',(0.,1.,0.));
#2483=DIRECTION('',(0.,1.,0.));
#2484=DIRECTION('center_axis',(-1.,0.,0.));
#2485=DIRECTION('ref_axis',(0.,1.19881246810675E-16,-1.));
#2486=DIRECTION('center_axis',(-1.,0.,0.));
#2487=DIRECTION('ref_axis',(0.,1.19881246810675E-16,-1.));
#2488=DIRECTION('center_axis',(-1.,0.,0.));
#2489=DIRECTION('ref_axis',(0.,1.19881246810675E-16,-1.));
#2490=DIRECTION('center_axis',(-1.,0.,0.));
#2491=DIRECTION('ref_axis',(0.,1.19881246810675E-16,-1.));
#2492=DIRECTION('',(-1.,0.,0.));
#2493=DIRECTION('center_axis',(-1.,0.,0.));
#2494=DIRECTION('ref_axis',(0.,1.19881246810675E-16,-1.));
#2495=DIRECTION('center_axis',(1.,0.,0.));
#2496=DIRECTION('ref_axis',(0.,0.,-1.));
#2497=DIRECTION('',(0.,1.,0.));
#2498=DIRECTION('center_axis',(1.,0.,0.));
#2499=DIRECTION('ref_axis',(0.,-1.99951400577333E-18,-1.));
#2500=DIRECTION('center_axis',(-1.,0.,0.));
#2501=DIRECTION('ref_axis',(0.,1.19881246810675E-16,-1.));
#2502=DIRECTION('center_axis',(-1.,0.,0.));
#2503=DIRECTION('ref_axis',(0.,1.,0.));
#2504=DIRECTION('',(0.,1.,0.));
#2505=DIRECTION('',(0.,0.,-1.));
#2506=DIRECTION('',(0.,1.,0.));
#2507=DIRECTION('center_axis',(-1.,0.,0.));
#2508=DIRECTION('ref_axis',(0.,1.,0.));
#2509=DIRECTION('',(0.,1.,0.));
#2510=DIRECTION('',(0.,0.,-1.));
#2511=DIRECTION('',(0.,1.,0.));
#2512=DIRECTION('center_axis',(-1.,0.,0.));
#2513=DIRECTION('ref_axis',(0.,1.,0.));
#2514=DIRECTION('',(0.,1.,0.));
#2515=DIRECTION('',(0.,0.,-1.));
#2516=DIRECTION('',(0.,1.,0.));
#2517=DIRECTION('center_axis',(-1.,0.,0.));
#2518=DIRECTION('ref_axis',(0.,1.,0.));
#2519=DIRECTION('',(0.,1.,0.));
#2520=DIRECTION('',(0.,0.,-1.));
#2521=DIRECTION('',(0.,1.,0.));
#2522=DIRECTION('center_axis',(0.,0.,1.));
#2523=DIRECTION('ref_axis',(1.,0.,0.));
#2524=DIRECTION('',(1.,7.93016446160827E-17,0.));
#2525=DIRECTION('',(0.,-1.,0.));
#2526=DIRECTION('center_axis',(0.,0.,1.));
#2527=DIRECTION('ref_axis',(1.,0.,0.));
#2528=DIRECTION('',(1.,7.93016446160827E-17,0.));
#2529=DIRECTION('',(0.,-1.,0.));
#2530=DIRECTION('center_axis',(0.,0.,1.));
#2531=DIRECTION('ref_axis',(1.,0.,0.));
#2532=DIRECTION('',(1.,0.,0.));
#2533=DIRECTION('',(0.,-1.,0.));
#2534=DIRECTION('center_axis',(0.,0.,1.));
#2535=DIRECTION('ref_axis',(1.,0.,0.));
#2536=DIRECTION('',(1.,0.,0.));
#2537=DIRECTION('',(0.,-1.,0.));
#2538=DIRECTION('center_axis',(0.,0.,1.));
#2539=DIRECTION('ref_axis',(1.,0.,0.));
#2540=DIRECTION('',(0.,1.,0.));
#2541=DIRECTION('',(1.,-1.58603289232165E-16,0.));
#2542=DIRECTION('',(0.,-1.,0.));
#2543=DIRECTION('center_axis',(0.,0.,1.));
#2544=DIRECTION('ref_axis',(1.,0.,0.));
#2545=DIRECTION('',(0.,-1.,0.));
#2546=DIRECTION('',(0.,-1.,0.));
#2547=DIRECTION('',(0.,-1.,0.));
#2548=DIRECTION('',(0.,-1.,0.));
#2549=DIRECTION('',(0.,1.,0.));
#2550=DIRECTION('',(0.,-1.,0.));
#2551=DIRECTION('',(1.,0.,0.));
#2552=DIRECTION('center_axis',(-1.,0.,0.));
#2553=DIRECTION('ref_axis',(0.,1.,0.));
#2554=DIRECTION('',(0.,0.,-1.));
#2555=DIRECTION('center_axis',(-0.99991025011245,-4.06539679175633E-19,
-0.0133974519987211));
#2556=DIRECTION('ref_axis',(0.0133974519987211,5.42061256025249E-21,-0.99991025011245));
#2557=DIRECTION('',(4.06576169341112E-19,-1.,0.));
#2558=DIRECTION('center_axis',(-0.99991025011245,-4.06539679175633E-19,
-0.0133974519987211));
#2559=DIRECTION('ref_axis',(0.0133974519987211,5.42061256025249E-21,-0.99991025011245));
#2560=DIRECTION('center_axis',(-0.99991025011245,0.,-0.0133974519987311));
#2561=DIRECTION('ref_axis',(-0.0131249125223197,-0.200677470758861,0.979569440826483));
#2562=DIRECTION('center_axis',(0.,0.,1.));
#2563=DIRECTION('ref_axis',(1.,7.26223965797017E-23,0.));
#2564=DIRECTION('center_axis',(-0.99991025011245,-4.06539679175633E-19,
-0.0133974519987211));
#2565=DIRECTION('ref_axis',(0.0133974519987211,5.42061256025249E-21,-0.99991025011245));
#2566=DIRECTION('center_axis',(0.994427764324366,0.105420214099782,0.));
#2567=DIRECTION('ref_axis',(0.105420214099782,-0.994427764324366,0.));
#2568=DIRECTION('center_axis',(0.994475690362148,0.104967143805716,0.));
#2569=DIRECTION('ref_axis',(0.104967143805716,-0.994475690362148,0.));
#2570=DIRECTION('center_axis',(0.994475690362148,0.104967143805716,0.));
#2571=DIRECTION('ref_axis',(0.104967143805716,-0.994475690362148,0.));
#2572=DIRECTION('center_axis',(1.,0.,0.));
#2573=DIRECTION('ref_axis',(0.,-1.,0.));
#2574=DIRECTION('',(0.,0.,-1.));
#2575=DIRECTION('',(0.,-1.,0.));
#2576=DIRECTION('center_axis',(1.,0.,0.));
#2577=DIRECTION('ref_axis',(0.,-1.,0.));
#2578=DIRECTION('',(0.,0.,-1.));
#2579=DIRECTION('',(0.,-1.,0.));
#2580=DIRECTION('center_axis',(1.,0.,0.));
#2581=DIRECTION('ref_axis',(0.,-1.,0.));
#2582=DIRECTION('',(0.,0.,-1.));
#2583=DIRECTION('',(0.,-1.,0.));
#2584=DIRECTION('center_axis',(1.,0.,0.));
#2585=DIRECTION('ref_axis',(0.,-1.,0.));
#2586=DIRECTION('',(0.,0.,-1.));
#2587=DIRECTION('',(0.,-1.,0.));
#2588=DIRECTION('center_axis',(-1.,0.,0.));
#2589=DIRECTION('ref_axis',(0.,1.,0.));
#2590=DIRECTION('',(0.,1.,0.));
#2591=DIRECTION('',(0.,0.,-1.));
#2592=DIRECTION('center_axis',(0.,0.,1.));
#2593=DIRECTION('ref_axis',(1.,0.,0.));
#2594=DIRECTION('',(0.,-1.,0.));
#2595=DIRECTION('',(-1.,0.,0.));
#2596=DIRECTION('center_axis',(0.,0.,1.));
#2597=DIRECTION('ref_axis',(1.,0.,0.));
#2598=DIRECTION('',(-1.,0.,0.));
#2599=DIRECTION('',(0.,1.,0.));
#2600=DIRECTION('center_axis',(0.,0.,1.));
#2601=DIRECTION('ref_axis',(1.,0.,0.));
#2602=DIRECTION('',(-1.,0.,0.));
#2603=DIRECTION('',(0.,1.,0.));
#2604=DIRECTION('center_axis',(0.,0.,1.));
#2605=DIRECTION('ref_axis',(1.,0.,0.));
#2606=DIRECTION('',(-1.,7.93016446160827E-17,0.));
#2607=DIRECTION('',(0.,1.,0.));
#2608=DIRECTION('center_axis',(0.,0.,1.));
#2609=DIRECTION('ref_axis',(1.,0.,0.));
#2610=DIRECTION('',(-1.,7.93016446160827E-17,0.));
#2611=DIRECTION('',(0.,1.,0.));
#2612=DIRECTION('center_axis',(1.58603289232165E-16,1.,0.));
#2613=DIRECTION('ref_axis',(1.,-1.58603289232165E-16,0.));
#2614=DIRECTION('',(0.,0.,-1.));
#2615=DIRECTION('center_axis',(1.,0.,0.));
#2616=DIRECTION('ref_axis',(0.,-1.,0.));
#2617=DIRECTION('center_axis',(1.,0.,0.));
#2618=DIRECTION('ref_axis',(0.,-1.,0.));
#2619=DIRECTION('',(0.,0.,-1.));
#2620=DIRECTION('center_axis',(0.,-1.,0.));
#2621=DIRECTION('ref_axis',(-1.,0.,0.));
#2622=DIRECTION('center_axis',(-7.93016446160827E-17,-1.,0.));
#2623=DIRECTION('ref_axis',(-1.,7.93016446160827E-17,0.));
#2624=DIRECTION('',(0.,0.,-1.));
#2625=DIRECTION('center_axis',(-1.,0.,0.));
#2626=DIRECTION('ref_axis',(0.,1.,0.));
#2627=DIRECTION('center_axis',(-7.93016446160827E-17,-1.,0.));
#2628=DIRECTION('ref_axis',(-1.,7.93016446160827E-17,0.));
#2629=DIRECTION('',(0.,0.,-1.));
#2630=DIRECTION('center_axis',(-1.,0.,0.));
#2631=DIRECTION('ref_axis',(0.,1.,0.));
#2632=DIRECTION('center_axis',(0.,-1.,0.));
#2633=DIRECTION('ref_axis',(-1.,0.,0.));
#2634=DIRECTION('',(0.,0.,-1.));
#2635=DIRECTION('center_axis',(-1.,0.,0.));
#2636=DIRECTION('ref_axis',(0.,1.,0.));
#2637=DIRECTION('center_axis',(1.,0.,0.));
#2638=DIRECTION('ref_axis',(0.,0.,-1.));
#2639=DIRECTION('center_axis',(1.,0.,0.));
#2640=DIRECTION('ref_axis',(0.,-1.,0.));
#2641=DIRECTION('',(0.,0.,-1.));
#2642=DIRECTION('center_axis',(0.,1.,0.));
#2643=DIRECTION('ref_axis',(1.,0.,0.));
#2644=DIRECTION('center_axis',(1.,0.,0.));
#2645=DIRECTION('ref_axis',(0.,-1.,0.));
#2646=DIRECTION('',(0.,0.,-1.));
#2647=DIRECTION('center_axis',(0.,1.,0.));
#2648=DIRECTION('ref_axis',(1.,0.,0.));
#2649=DIRECTION('center_axis',(1.,0.,0.));
#2650=DIRECTION('ref_axis',(0.,-1.,0.));
#2651=DIRECTION('',(0.,0.,-1.));
#2652=DIRECTION('center_axis',(-7.93016446160827E-17,1.,0.));
#2653=DIRECTION('ref_axis',(1.,7.93016446160827E-17,0.));
#2654=DIRECTION('center_axis',(1.,0.,0.));
#2655=DIRECTION('ref_axis',(0.,-1.,0.));
#2656=DIRECTION('',(0.,0.,-1.));
#2657=DIRECTION('center_axis',(-7.93016446160827E-17,1.,0.));
#2658=DIRECTION('ref_axis',(1.,7.93016446160827E-17,0.));
#2659=DIRECTION('center_axis',(0.,-1.,0.));
#2660=DIRECTION('ref_axis',(-1.,0.,0.));
#2661=DIRECTION('',(0.,0.,-1.));
#2662=DIRECTION('center_axis',(-1.,0.,0.));
#2663=DIRECTION('ref_axis',(0.,1.,0.));
#2664=CARTESIAN_POINT('',(0.,0.,0.));
#2665=CARTESIAN_POINT('Origin',(-23.151875238317,0.829692055128092,24.3825273924585));
#2666=CARTESIAN_POINT('',(-29.1038485495494,0.829692055128092,24.8325273924585));
#2667=CARTESIAN_POINT('',(-29.1038485495494,0.829692055128092,23.5));
#2668=CARTESIAN_POINT('',(-29.1038485495494,0.829692055128088,23.9412636962292));
#2669=CARTESIAN_POINT('',(-34.5,0.829692055128092,24.8325273924585));
#2670=CARTESIAN_POINT('',(-23.151875238317,0.829692055128092,24.8325273924585));
#2671=CARTESIAN_POINT('',(-34.5,0.829692055128092,23.5));
#2672=CARTESIAN_POINT('',(-34.5,0.829692055128092,23.7676343574596));
#2673=CARTESIAN_POINT('',(-43.5046409185884,0.829692055128092,23.5));
#2674=CARTESIAN_POINT('Origin',(-23.151875238317,-0.319057958706707,24.8325273924585));
#2675=CARTESIAN_POINT('',(-29.1038485495494,-0.569057958706711,24.8325273924585));
#2676=CARTESIAN_POINT('',(-29.1038485495494,9.29121455474301,24.8325273924585));
#2677=CARTESIAN_POINT('',(-34.5,-0.56905795870671,24.8325273924585));
#2678=CARTESIAN_POINT('',(-23.1518752383171,-0.569057958706711,24.8325273924585));
#2679=CARTESIAN_POINT('',(-34.5,-0.159646488308912,24.8325273924585));
#2680=CARTESIAN_POINT('Origin',(-23.151875238317,-0.569057958706711,20.1385096455577));
#2681=CARTESIAN_POINT('',(-29.1038485495494,-0.569057958706711,23.5));
#2682=CARTESIAN_POINT('',(-29.1038485495494,-0.569057958706716,21.8192548227788));
#2683=CARTESIAN_POINT('',(-34.5,-0.56905795870671,23.5));
#2684=CARTESIAN_POINT('',(-43.5046409185883,-0.569057958706711,23.5));
#2685=CARTESIAN_POINT('',(-34.5,-0.569057958706711,21.6456254840092));
#2686=CARTESIAN_POINT('Origin',(-29.1038485495494,18.9014870681927,23.5));
#2687=CARTESIAN_POINT('',(-29.1038485495494,18.7014870681927,23.5));
#2688=CARTESIAN_POINT('',(-29.1038485495494,9.45063609711419,23.5));
#2689=CARTESIAN_POINT('',(-29.1038485495494,18.7014870681927,28.5));
#2690=CARTESIAN_POINT('',(-29.1038485495494,18.7014870681927,23.5));
#2691=CARTESIAN_POINT('',(-29.1038485495494,10.5270286313408,28.5));
#2692=CARTESIAN_POINT('',(-29.1038485495494,9.45063609711419,28.5));
#2693=CARTESIAN_POINT('',(-29.1038485495493,8.44589449400164,28.5));
#2694=CARTESIAN_POINT('Ctrl Pts',(-29.1025922434276,10.5261242753864,28.5001513605391));
#2695=CARTESIAN_POINT('Ctrl Pts',(-29.102579711904,10.5414585505065,28.4546967473454));
#2696=CARTESIAN_POINT('Ctrl Pts',(-29.102566016293,10.5539188638292,28.4082666253121));
#2697=CARTESIAN_POINT('Ctrl Pts',(-29.1025515084604,10.5634346544751,28.361172444086));
#2698=CARTESIAN_POINT('Ctrl Pts',(-29.1025392602497,10.5714683430989,28.3214132688322));
#2699=CARTESIAN_POINT('Ctrl Pts',(-29.1025264292773,10.577402579789,28.2811800528832));
#2700=CARTESIAN_POINT('Ctrl Pts',(-29.1025132109428,10.581166040084,28.2406578332143));
#2701=CARTESIAN_POINT('Ctrl Pts',(-29.1024975327585,10.5856298569602,28.1925946801998));
#2702=CARTESIAN_POINT('Ctrl Pts',(-29.1024813962676,10.5870124647095,28.1444309912526));
#2703=CARTESIAN_POINT('Ctrl Pts',(-29.1024651094457,10.5852632883265,28.09648070024));
#2704=CARTESIAN_POINT('Ctrl Pts',(-29.1024491314829,10.5835472828739,28.0494397261974));
#2705=CARTESIAN_POINT('Ctrl Pts',(-29.1024330031267,10.5788172184134,28.002603017762));
#2706=CARTESIAN_POINT('Ctrl Pts',(-29.1024169962101,10.57097607442,27.956264658179));
#2707=CARTESIAN_POINT('Ctrl Pts',(-29.1024103014444,10.5676965782177,27.9368840072939));
#2708=CARTESIAN_POINT('Ctrl Pts',(-29.1024036281755,10.56387226544,27.9175905971624));
#2709=CARTESIAN_POINT('Ctrl Pts',(-29.1023969988623,10.5594933540426,27.8984065193369));
#2710=CARTESIAN_POINT('Ctrl Pts',(-29.1023876300237,10.5533048827821,27.8712947320669));
#2711=CARTESIAN_POINT('Ctrl Pts',(-29.1023783483311,10.5460089105691,27.8444011754319));
#2712=CARTESIAN_POINT('Ctrl Pts',(-29.1023691482176,10.5376423139469,27.8177752134862));
#2713=CARTESIAN_POINT('Ctrl Pts',(-29.1023536273214,10.5235275882459,27.7728563335214));
#2714=CARTESIAN_POINT('Ctrl Pts',(-29.1023384159583,10.5064565803106,27.7289775696966));
#2715=CARTESIAN_POINT('Ctrl Pts',(-29.1023235193323,10.4866780109103,27.6863530268333));
#2716=CARTESIAN_POINT('Ctrl Pts',(-29.1023082821142,10.4664472301177,27.6427539289614));
#2717=CARTESIAN_POINT('Ctrl Pts',(-29.1022933691914,10.4433831083264,27.6004660678227));
#2718=CARTESIAN_POINT('Ctrl Pts',(-29.1022788661149,10.417699898616,27.5597358137515));
#2719=CARTESIAN_POINT('Ctrl Pts',(-29.1022644835712,10.3922301380196,27.5193440624117));
#2720=CARTESIAN_POINT('Ctrl Pts',(-29.1022504994966,10.3641838672808,27.4804832298385));
#2721=CARTESIAN_POINT('Ctrl Pts',(-29.1022371465186,10.3337299492417,27.4434244813399));
#2722=CARTESIAN_POINT('Ctrl Pts',(-29.1022236864696,10.3030318361207,27.4060685768525));
#2723=CARTESIAN_POINT('Ctrl Pts',(-29.1022109418067,10.2700829109052,27.370781745396));
#2724=CARTESIAN_POINT('Ctrl Pts',(-29.1021992829188,10.2351054644882,27.3378007386285));
#2725=CARTESIAN_POINT('Ctrl Pts',(-29.1021877967446,10.2006461706819,27.305308309402));
#2726=CARTESIAN_POINT('Ctrl Pts',(-29.1021773602378,10.1642171907271,27.2750530733679));
#2727=CARTESIAN_POINT('Ctrl Pts',(-29.1021684874005,10.1259941939648,27.2472944188119));
#2728=CARTESIAN_POINT('Ctrl Pts',(-29.1021596145633,10.0877711972026,27.2195357642559));
#2729=CARTESIAN_POINT('Ctrl Pts',(-29.1021523007857,10.0477534935825,27.194272780016));
#2730=CARTESIAN_POINT('Ctrl Pts',(-29.1021472870254,10.006090681221,27.1718111069308));
#2731=CARTESIAN_POINT('Ctrl Pts',(-29.102145635227,9.99236474236143,27.1644110411653));
#2732=CARTESIAN_POINT('Ctrl Pts',(-29.1021442375962,9.9784883440278,27.1573307127455));
#2733=CARTESIAN_POINT('Ctrl Pts',(-29.1021431235818,9.9644683322332,27.1505784153354));
#2734=CARTESIAN_POINT('Ctrl Pts',(-29.1021397865774,9.92247170997286,27.13035206404));
#2735=CARTESIAN_POINT('Ctrl Pts',(-29.1021389765968,9.8791884649525,27.1130655262276));
#2736=CARTESIAN_POINT('Ctrl Pts',(-29.1021397525414,9.83493260502049,27.0986549098627));
#2737=CARTESIAN_POINT('Ctrl Pts',(-29.1021405496624,9.78946895576725,27.0838510125045));
#2738=CARTESIAN_POINT('Ctrl Pts',(-29.1021430202597,9.74297780383435,27.0720819453277));
#2739=CARTESIAN_POINT('Ctrl Pts',(-29.1021463922825,9.69578000104922,27.0633297213197));
#2740=CARTESIAN_POINT('Ctrl Pts',(-29.1021486703165,9.66389463057933,27.0574169904622));
#2741=CARTESIAN_POINT('Ctrl Pts',(-29.1021513649277,9.63168635004712,27.0528821968947));
#2742=CARTESIAN_POINT('Ctrl Pts',(-29.1021543000432,9.5992531472795,27.0497332020951));
#2743=CARTESIAN_POINT('Ctrl Pts',(-29.102158633572,9.55136739391727,27.0450838928859));
#2744=CARTESIAN_POINT('Ctrl Pts',(-29.1021634499696,9.50329523542147,27.0434824922255));
#2745=CARTESIAN_POINT('Ctrl Pts',(-29.1021683706929,9.45535892196444,27.0448825162039));
#2746=CARTESIAN_POINT('Ctrl Pts',(-29.1021732713041,9.40761853449722,27.0462768179841));
#2747=CARTESIAN_POINT('Ctrl Pts',(-29.1021782765167,9.36001170353488,27.0506481255454));
#2748=CARTESIAN_POINT('Ctrl Pts',(-29.1021832466815,9.31285294393977,27.0580011061144));
#2749=CARTESIAN_POINT('Ctrl Pts',(-29.1021881658658,9.26617790572184,27.065278664982));
#2750=CARTESIAN_POINT('Ctrl Pts',(-29.1021930518577,9.21994068436201,27.0754771225094));
#2751=CARTESIAN_POINT('Ctrl Pts',(-29.1021979820704,9.17445945580468,27.088649500366));
#2752=CARTESIAN_POINT('Ctrl Pts',(-29.1022029777839,9.1283739831199,27.1019968807943));
#2753=CARTESIAN_POINT('Ctrl Pts',(-29.1022079921928,9.08335689929627,27.1183133922502));
#2754=CARTESIAN_POINT('Ctrl Pts',(-29.1022133301896,9.03971979334291,27.1375908512427));
#2755=CARTESIAN_POINT('Ctrl Pts',(-29.1022145952051,9.02937853326963,27.1421592847498));
#2756=CARTESIAN_POINT('Ctrl Pts',(-29.1022158793971,9.01911481759776,27.1468942335786));
#2757=CARTESIAN_POINT('Ctrl Pts',(-29.1022171886684,9.00893290347998,27.1517960079696));
#2758=CARTESIAN_POINT('Ctrl Pts',(-29.102222710608,8.96598999963365,27.1724695693364));
#2759=CARTESIAN_POINT('Ctrl Pts',(-29.1022286628356,8.92450000824272,27.1961069087041));
#2760=CARTESIAN_POINT('Ctrl Pts',(-29.1022347807669,8.88464579523323,27.2224428968032));
#2761=CARTESIAN_POINT('Ctrl Pts',(-29.1022393639632,8.85478935044194,27.2421722783499));
#2762=CARTESIAN_POINT('Ctrl Pts',(-29.1022440449841,8.82585131601266,27.2634173360917));
#2763=CARTESIAN_POINT('Ctrl Pts',(-29.1022487775848,8.79792073653411,27.2860813333604));
#2764=CARTESIAN_POINT('Ctrl Pts',(-29.1022550723625,8.76077059501359,27.3162264546458));
#2765=CARTESIAN_POINT('Ctrl Pts',(-29.1022614228076,8.72563580920145,27.3486900588421));
#2766=CARTESIAN_POINT('Ctrl Pts',(-29.1022678755775,8.69268175291392,27.3831896446796));
#2767=CARTESIAN_POINT('Ctrl Pts',(-29.1022743670987,8.65952979467364,27.4178964139773));
#2768=CARTESIAN_POINT('Ctrl Pts',(-29.1022809653526,8.62858406006415,27.4546645859423));
#2769=CARTESIAN_POINT('Ctrl Pts',(-29.1022878938342,8.60004654362039,27.4932463990933));
#2770=CARTESIAN_POINT('Ctrl Pts',(-29.1022947223881,8.57192061613319,27.5312717570864));
#2771=CARTESIAN_POINT('Ctrl Pts',(-29.1023018751186,8.54613330679297,27.5710597520113));
#2772=CARTESIAN_POINT('Ctrl Pts',(-29.1023096867097,8.52292085266226,27.6123980295871));
#2773=CARTESIAN_POINT('Ctrl Pts',(-29.1023176278496,8.49932343904181,27.6544218685496));
#2774=CARTESIAN_POINT('Ctrl Pts',(-29.1023262140701,8.47853723559801,27.6977805110163));
#2775=CARTESIAN_POINT('Ctrl Pts',(-29.1023358894884,8.46075273364998,27.7422199455178));
#2776=CARTESIAN_POINT('Ctrl Pts',(-29.1023453746502,8.44331794441946,27.7857855272991));
#2777=CARTESIAN_POINT('Ctrl Pts',(-29.1023559101234,8.42876741386183,27.8303907690889));
#2778=CARTESIAN_POINT('Ctrl Pts',(-29.1023680244519,8.41732513958192,27.8758183185681));
#2779=CARTESIAN_POINT('Ctrl Pts',(-29.1023700028363,8.41545650794926,27.883237067138));
#2780=CARTESIAN_POINT('Ctrl Pts',(-29.1023720235059,8.41367088203013,27.8906777772915));
#2781=CARTESIAN_POINT('Ctrl Pts',(-29.1023740889518,8.41196936892053,27.8981395330653));
#2782=CARTESIAN_POINT('Ctrl Pts',(-29.1023848417446,8.40311122449955,27.9369857281993));
#2783=CARTESIAN_POINT('Ctrl Pts',(-29.1023968079532,8.39653071583026,27.9764023309593));
#2784=CARTESIAN_POINT('Ctrl Pts',(-29.1024096127734,8.39218492414282,28.0162098634008));
#2785=CARTESIAN_POINT('Ctrl Pts',(-29.1024246668834,8.38707575236995,28.0630099715803));
#2786=CARTESIAN_POINT('Ctrl Pts',(-29.102440798075,8.38508557984232,28.1100586340849));
#2787=CARTESIAN_POINT('Ctrl Pts',(-29.1024573912094,8.38607626582044,28.1570559247158));
#2788=CARTESIAN_POINT('Ctrl Pts',(-29.1024743527757,8.38708894886953,28.2050967374715));
#2789=CARTESIAN_POINT('Ctrl Pts',(-29.1024918036905,8.39121643777084,28.2530850135966));
#2790=CARTESIAN_POINT('Ctrl Pts',(-29.1025091238579,8.39836552269552,28.3007056813261));
#2791=CARTESIAN_POINT('Ctrl Pts',(-29.1025262838789,8.40544850548449,28.3478860370614));
#2792=CARTESIAN_POINT('Ctrl Pts',(-29.1025433222697,8.41549780721265,28.3947066958724));
#2793=CARTESIAN_POINT('Ctrl Pts',(-29.1025595711816,8.42847175712058,28.4408491695666));
#2794=CARTESIAN_POINT('Ctrl Pts',(-29.1025665540315,8.43404721622965,28.4606785566922));
#2795=CARTESIAN_POINT('Ctrl Pts',(-29.1025733714967,8.44014830658853,28.4803288056727));
#2796=CARTESIAN_POINT('Ctrl Pts',(-29.1025799706493,8.44676579408895,28.4997761381248));
#2797=CARTESIAN_POINT('',(-29.1038485495493,-8.44589449400164,28.5));
#2798=CARTESIAN_POINT('',(-29.1038485495494,9.45063609711419,28.5));
#2799=CARTESIAN_POINT('',(-29.1038485495493,-10.5270286313408,28.5));
#2800=CARTESIAN_POINT('Ctrl Pts',(-29.1025799679496,-8.44676579409922,28.499776138166));
#2801=CARTESIAN_POINT('Ctrl Pts',(-29.1025671862864,-8.4339465241875,28.4621031385897));
#2802=CARTESIAN_POINT('Ctrl Pts',(-29.1025535906116,-8.4230726406402,28.4236953009345));
#2803=CARTESIAN_POINT('Ctrl Pts',(-29.1025395734973,-8.41420875607632,28.3847272383559));
#2804=CARTESIAN_POINT('Ctrl Pts',(-29.1025226114536,-8.40348261134952,28.3375721704025));
#2805=CARTESIAN_POINT('Ctrl Pts',(-29.1025051361206,-8.39576674574782,28.2898973166686));
#2806=CARTESIAN_POINT('Ctrl Pts',(-29.1024878108229,-8.39110877948076,28.242026582571));
#2807=CARTESIAN_POINT('Ctrl Pts',(-29.1024707421245,-8.38651980082766,28.1948648462494));
#2808=CARTESIAN_POINT('Ctrl Pts',(-29.1024538122753,-8.38489867573198,28.147511828651));
#2809=CARTESIAN_POINT('Ctrl Pts',(-29.1024376082819,-8.38633954541157,28.1002681924353));
#2810=CARTESIAN_POINT('Ctrl Pts',(-29.1024214042886,-8.38778041509115,28.0530245562197));
#2811=CARTESIAN_POINT('Ctrl Pts',(-29.1024059196424,-8.3922829910575,28.0058891895413));
#2812=CARTESIAN_POINT('Ctrl Pts',(-29.1023917923088,-8.39999373258428,27.9591704836283));
#2813=CARTESIAN_POINT('Ctrl Pts',(-29.1023855967547,-8.40337528475935,27.9386819558976));
#2814=CARTESIAN_POINT('Ctrl Pts',(-29.1023796771838,-8.40736531764782,27.9183299776615));
#2815=CARTESIAN_POINT('Ctrl Pts',(-29.1023740871488,-8.41196936892038,27.8981395330721));
#2816=CARTESIAN_POINT('Ctrl Pts',(-29.1023614958526,-8.422339782024,27.8526614880324));
#2817=CARTESIAN_POINT('Ctrl Pts',(-29.1023505713298,-8.43582178456332,27.8080022545572));
#2818=CARTESIAN_POINT('Ctrl Pts',(-29.1023407787282,-8.45217175067023,27.7643691125075));
#2819=CARTESIAN_POINT('Ctrl Pts',(-29.1023307303299,-8.4689488009396,27.71959621128));
#2820=CARTESIAN_POINT('Ctrl Pts',(-29.102321870143,-8.48874612436584,27.6759027340669));
#2821=CARTESIAN_POINT('Ctrl Pts',(-29.1023137165406,-8.51135212614206,27.6335302222517));
#2822=CARTESIAN_POINT('Ctrl Pts',(-29.1023090909653,-8.52417661264425,27.6094921056835));
#2823=CARTESIAN_POINT('Ctrl Pts',(-29.1023046948296,-8.53790591675176,27.5858795192821));
#2824=CARTESIAN_POINT('Ctrl Pts',(-29.1023004603894,-8.55250748529133,27.5627408561327));
#2825=CARTESIAN_POINT('Ctrl Pts',(-29.1022930209689,-8.57816074804647,27.5220889080926));
#2826=CARTESIAN_POINT('Ctrl Pts',(-29.1022861049159,-8.6063413357087,27.4831556154901));
#2827=CARTESIAN_POINT('Ctrl Pts',(-29.1022794186479,-8.63680964160492,27.4461630723036));
#2828=CARTESIAN_POINT('Ctrl Pts',(-29.1022727477756,-8.6672077918777,27.4092557072998));
#2829=CARTESIAN_POINT('Ctrl Pts',(-29.1022663024631,-8.69988391809983,27.3742792719944));
#2830=CARTESIAN_POINT('Ctrl Pts',(-29.102259924624,-8.73464260700032,27.3414824029914));
#2831=CARTESIAN_POINT('Ctrl Pts',(-29.1022536173263,-8.76901685087132,27.3090482805036));
#2832=CARTESIAN_POINT('Ctrl Pts',(-29.1022473731509,-8.80542860833919,27.2787449624186));
#2833=CARTESIAN_POINT('Ctrl Pts',(-29.1022412143083,-8.84371899282262,27.2508530023764));
#2834=CARTESIAN_POINT('Ctrl Pts',(-29.1022349747934,-8.8825109279114,27.2225956965788));
#2835=CARTESIAN_POINT('Ctrl Pts',(-29.1022288528342,-8.92298533664229,27.1969926167829));
#2836=CARTESIAN_POINT('Ctrl Pts',(-29.1022230558576,-8.96493905718174,27.174281520125));
#2837=CARTESIAN_POINT('Ctrl Pts',(-29.1022210536478,-8.97942939549382,27.1664373654283));
#2838=CARTESIAN_POINT('Ctrl Pts',(-29.1022190917013,-8.99409650986106,27.1589385406644));
#2839=CARTESIAN_POINT('Ctrl Pts',(-29.1022171836652,-9.00893290347982,27.1517960079891));
#2840=CARTESIAN_POINT('Ctrl Pts',(-29.1022116606122,-9.05187872915815,27.1311210399976));
#2841=CARTESIAN_POINT('Ctrl Pts',(-29.1022065730299,-9.09624162420062,27.1134276461667));
#2842=CARTESIAN_POINT('Ctrl Pts',(-29.1022015592551,-9.14170269223197,27.0986965583528));
#2843=CARTESIAN_POINT('Ctrl Pts',(-29.1021983476526,-9.17082304308565,27.0892604745964));
#2844=CARTESIAN_POINT('Ctrl Pts',(-29.1021951706693,-9.20039445779512,27.081040877095));
#2845=CARTESIAN_POINT('Ctrl Pts',(-29.1021919820446,-9.23033529659532,27.0740436765572));
#2846=CARTESIAN_POINT('Ctrl Pts',(-29.1021870275224,-9.27685772127669,27.0631713447173));
#2847=CARTESIAN_POINT('Ctrl Pts',(-29.1021820608614,-9.32397831304024,27.055316100559));
#2848=CARTESIAN_POINT('Ctrl Pts',(-29.1021770941169,-9.37137426734448,27.0504288286477));
#2849=CARTESIAN_POINT('Ctrl Pts',(-29.1021720887492,-9.41913879034602,27.0455035514789));
#2850=CARTESIAN_POINT('Ctrl Pts',(-29.10216708219,-9.46718415332929,27.04359252424));
#2851=CARTESIAN_POINT('Ctrl Pts',(-29.1021623137293,-9.51519092639711,27.0446967246021));
#2852=CARTESIAN_POINT('Ctrl Pts',(-29.1021576172568,-9.56247295396819,27.0457842551447));
#2853=CARTESIAN_POINT('Ctrl Pts',(-29.1021531513938,-9.60971867362344,27.049796754812));
#2854=CARTESIAN_POINT('Ctrl Pts',(-29.1021493735688,-9.65661634602533,27.0567841370841));
#2855=CARTESIAN_POINT('Ctrl Pts',(-29.1021455322901,-9.70430172886972,27.0638888819821));
#2856=CARTESIAN_POINT('Ctrl Pts',(-29.102142430685,-9.75132373069391,27.0740241491064));
#2857=CARTESIAN_POINT('Ctrl Pts',(-29.102140769675,-9.79736546989836,27.0871780406826));
#2858=CARTESIAN_POINT('Ctrl Pts',(-29.1021391418035,-9.84248863794631,27.1000695011341));
#2859=CARTESIAN_POINT('Ctrl Pts',(-29.1021388976225,-9.88667135913354,27.1158605076838));
#2860=CARTESIAN_POINT('Ctrl Pts',(-29.102140925404,-9.92960549292087,27.1345883181572));
#2861=CARTESIAN_POINT('Ctrl Pts',(-29.1021414787617,-9.9413217133046,27.1396989174743));
#2862=CARTESIAN_POINT('Ctrl Pts',(-29.1021422026446,-9.95294484475598,27.1450284903069));
#2863=CARTESIAN_POINT('Ctrl Pts',(-29.1021431181514,-9.96446833223303,27.1505784153565));
#2864=CARTESIAN_POINT('Ctrl Pts',(-29.1021456013621,-9.99572451649915,27.1656319727417));
#2865=CARTESIAN_POINT('Ctrl Pts',(-29.1021494905012,-10.0262482908952,27.1823058779206));
#2866=CARTESIAN_POINT('Ctrl Pts',(-29.1021544736423,-10.0559643912764,27.2005057626971));
#2867=CARTESIAN_POINT('Ctrl Pts',(-29.1021611957557,-10.0960505525853,27.2250568817066));
#2868=CARTESIAN_POINT('Ctrl Pts',(-29.1021698653824,-10.1344187353667,27.2522300930393));
#2869=CARTESIAN_POINT('Ctrl Pts',(-29.1021798369752,-10.1709212824566,27.2817324217413));
#2870=CARTESIAN_POINT('Ctrl Pts',(-29.1021900393173,-10.2082685225337,27.3119174537654));
#2871=CARTESIAN_POINT('Ctrl Pts',(-29.1022016085285,-10.2436636130468,27.3445414200663));
#2872=CARTESIAN_POINT('Ctrl Pts',(-29.1022140801906,-10.2769192202045,27.3793368571874));
#2873=CARTESIAN_POINT('Ctrl Pts',(-29.1022264517855,-10.3099079985247,27.4138531105306));
#2874=CARTESIAN_POINT('Ctrl Pts',(-29.1022397163136,-10.3407921825467,27.4505070991828));
#2875=CARTESIAN_POINT('Ctrl Pts',(-29.1022535729404,-10.3693493001415,27.4890693297766));
#2876=CARTESIAN_POINT('Ctrl Pts',(-29.1022675365586,-10.3981269163256,27.5279293116198));
#2877=CARTESIAN_POINT('Ctrl Pts',(-29.1022820243569,-10.424358074705,27.5684795285812));
#2878=CARTESIAN_POINT('Ctrl Pts',(-29.1022968528052,-10.44786669382,27.6104470371825));
#2879=CARTESIAN_POINT('Ctrl Pts',(-29.1023114622872,-10.4710281696652,27.6517948267737));
#2880=CARTESIAN_POINT('Ctrl Pts',(-29.1023264074495,-10.4915475168771,27.6945193546076));
#2881=CARTESIAN_POINT('Ctrl Pts',(-29.1023416471903,-10.5092154804797,27.7383875192819));
#2882=CARTESIAN_POINT('Ctrl Pts',(-29.1023568869311,-10.5268834440824,27.7822556839563));
#2883=CARTESIAN_POINT('Ctrl Pts',(-29.1023724257592,-10.5417007413454,27.8272683755031));
#2884=CARTESIAN_POINT('Ctrl Pts',(-29.1023882876692,-10.5534070154099,27.8732067184694));
#2885=CARTESIAN_POINT('Ctrl Pts',(-29.1023911808842,-10.555542241693,27.8815858796577));
#2886=CARTESIAN_POINT('Ctrl Pts',(-29.1023940822666,-10.5575713764022,27.8899863059179));
#2887=CARTESIAN_POINT('Ctrl Pts',(-29.1023969919747,-10.5594933540424,27.8984065193641));
#2888=CARTESIAN_POINT('Ctrl Pts',(-29.1024127405411,-10.5698959067849,27.9439802620785));
#2889=CARTESIAN_POINT('Ctrl Pts',(-29.1024287263772,-10.5771635616546,27.990132248921));
#2890=CARTESIAN_POINT('Ctrl Pts',(-29.1024446549253,-10.5814276292532,28.0365680906086));
#2891=CARTESIAN_POINT('Ctrl Pts',(-29.1024610220134,-10.5858090938993,28.084282390152));
#2892=CARTESIAN_POINT('Ctrl Pts',(-29.1024773342323,-10.5870192848816,28.1322974856668));
#2893=CARTESIAN_POINT('Ctrl Pts',(-29.1024933105526,-10.5851462324539,28.180303022598));
#2894=CARTESIAN_POINT('Ctrl Pts',(-29.1025063977156,-10.5836119027767,28.2196272395228));
#2895=CARTESIAN_POINT('Ctrl Pts',(-29.1025192616945,-10.5800075756449,28.258945503339));
#2896=CARTESIAN_POINT('Ctrl Pts',(-29.1025317251626,-10.5743558745224,28.2980834792094));
#2897=CARTESIAN_POINT('Ctrl Pts',(-29.1025469132588,-10.5674686598611,28.3457773744433));
#2898=CARTESIAN_POINT('Ctrl Pts',(-29.1025614236828,-10.5575863215355,28.3929007993958));
#2899=CARTESIAN_POINT('Ctrl Pts',(-29.1025749167286,-10.5448174373354,28.4391482253753));
#2900=CARTESIAN_POINT('Ctrl Pts',(-29.1025809023658,-10.5391530446951,28.4596640022631));
#2901=CARTESIAN_POINT('Ctrl Pts',(-29.1025866877272,-10.5329199124058,28.4800073987532));
#2902=CARTESIAN_POINT('Ctrl Pts',(-29.1025922407275,-10.5261242753965,28.500151360519));
#2903=CARTESIAN_POINT('',(-29.1038485495494,-18.7019168161214,28.5));
#2904=CARTESIAN_POINT('',(-29.1038485495494,9.45063609711419,28.5));
#2905=CARTESIAN_POINT('',(-29.1038485495494,-18.7019168161214,23.5));
#2906=CARTESIAN_POINT('',(-29.1038485495494,-18.7019168161214,23.5));
#2907=CARTESIAN_POINT('',(-29.1038485495494,9.45063609711419,23.5));
#2908=CARTESIAN_POINT('Origin',(-63.8574065988597,-0.0002148739643415,23.5));
#2909=CARTESIAN_POINT('',(-34.5,10.3148609871234,23.5));
#2910=CARTESIAN_POINT('',(-34.5,-0.000224945937729037,23.5));
#2911=CARTESIAN_POINT('',(-32.,10.3148609871234,23.5));
#2912=CARTESIAN_POINT('',(-33.,10.3148609871234,23.5));
#2913=CARTESIAN_POINT('',(-32.,14.9775531066866,23.5));
#2914=CARTESIAN_POINT('',(-32.,-0.00021487396434211,23.5));
#2915=CARTESIAN_POINT('',(-33.,14.9775531066866,23.5));
#2916=CARTESIAN_POINT('',(-33.,14.9775531066866,23.5));
#2917=CARTESIAN_POINT('',(-38.5,14.6099355001216,23.5));
#2918=CARTESIAN_POINT('Ctrl Pts',(-33.,14.9775531066866,23.5));
#2919=CARTESIAN_POINT('Ctrl Pts',(-34.6524461758413,14.9775531066866,23.5));
#2920=CARTESIAN_POINT('Ctrl Pts',(-36.5270882710894,14.8378200787991,23.5));
#2921=CARTESIAN_POINT('Ctrl Pts',(-38.5,14.6099355001216,23.5));
#2922=CARTESIAN_POINT('',(-38.5,10.5601132511939,23.5));
#2923=CARTESIAN_POINT('',(-38.5,7.54416103326359,23.5));
#2924=CARTESIAN_POINT('',(-38.5754155527243,10.5664183775893,23.5000000000001));
#2925=CARTESIAN_POINT('Ctrl Pts',(-38.4994217221425,10.5601132511939,23.5000300115115));
#2926=CARTESIAN_POINT('Ctrl Pts',(-38.5244079496729,10.5623919362554,23.5000833516652));
#2927=CARTESIAN_POINT('Ctrl Pts',(-38.5496434929554,10.5644861679898,23.5001287888635));
#2928=CARTESIAN_POINT('Ctrl Pts',(-38.5751497114844,10.5664091199093,23.500164443029));
#2929=CARTESIAN_POINT('',(-38.6110867833569,10.9043733835389,23.5));
#2930=CARTESIAN_POINT('',(-38.1254765313974,6.3036233482876,23.5));
#2931=CARTESIAN_POINT('',(-38.6741069469354,10.8977070840426,23.5));
#2932=CARTESIAN_POINT('Ctrl Pts',(-38.611086783337,10.904373383541,23.5));
#2933=CARTESIAN_POINT('Ctrl Pts',(-38.621593895341,10.9032643553894,23.5));
#2934=CARTESIAN_POINT('Ctrl Pts',(-38.6321008862629,10.9021541319904,23.5));
#2935=CARTESIAN_POINT('Ctrl Pts',(-38.653107603815,10.8999320325743,23.5));
#2936=CARTESIAN_POINT('Ctrl Pts',(-38.6636073420857,10.8988201569383,23.5));
#2937=CARTESIAN_POINT('Ctrl Pts',(-38.6741069469154,10.8977070840447,23.5));
#2938=CARTESIAN_POINT('',(-42.,10.4994044956696,23.5));
#2939=CARTESIAN_POINT('Ctrl Pts',(-38.6741069469154,10.8977070840447,23.5));
#2940=CARTESIAN_POINT('Ctrl Pts',(-39.8252598939005,10.7756722872638,23.5));
#2941=CARTESIAN_POINT('Ctrl Pts',(-40.9313806365233,10.6454710027706,23.5));
#2942=CARTESIAN_POINT('Ctrl Pts',(-41.9999663339913,10.4994578935612,23.5));
#2943=CARTESIAN_POINT('',(-42.,14.1360924573675,23.4999999999921));
#2944=CARTESIAN_POINT('',(-42.,0.999777383315431,23.5));
#2945=CARTESIAN_POINT('',(-47.,13.282832810666,23.5));
#2946=CARTESIAN_POINT('Ctrl Pts',(-41.9999999999999,14.1360924573667,23.5));
#2947=CARTESIAN_POINT('Ctrl Pts',(-43.6714430667142,13.8809850656248,23.5));
#2948=CARTESIAN_POINT('Ctrl Pts',(-45.3606976109613,13.5874214233522,23.5));
#2949=CARTESIAN_POINT('Ctrl Pts',(-47.,13.282832810666,23.5));
#2950=CARTESIAN_POINT('',(-47.,9.50197208797816,23.5));
#2951=CARTESIAN_POINT('',(-47.,7.54416103326359,23.5));
#2952=CARTESIAN_POINT('',(-50.5,8.2857581960933,23.5));
#2953=CARTESIAN_POINT('Ctrl Pts',(-47.,9.50197208797816,23.5));
#2954=CARTESIAN_POINT('Ctrl Pts',(-48.2349254150358,9.13404790111401,23.5));
#2955=CARTESIAN_POINT('Ctrl Pts',(-49.3861241516044,8.67375743168213,23.5));
#2956=CARTESIAN_POINT('Ctrl Pts',(-50.4980020882987,8.28742317548813,23.5));
#2957=CARTESIAN_POINT('',(-50.5,12.6048086687209,23.4999999994923));
#2958=CARTESIAN_POINT('',(-50.5,0.99977738331543,23.5));
#2959=CARTESIAN_POINT('',(-55.5,11.564157260061,23.5));
#2960=CARTESIAN_POINT('Ctrl Pts',(-50.4999999999886,12.6048086686641,23.5));
#2961=CARTESIAN_POINT('Ctrl Pts',(-52.1581874881076,12.2719330986724,23.5));
#2962=CARTESIAN_POINT('Ctrl Pts',(-53.8326454365205,11.9211981892441,23.5));
#2963=CARTESIAN_POINT('Ctrl Pts',(-55.5,11.564157260061,23.5));
#2964=CARTESIAN_POINT('',(-55.5,7.04771172017161,23.5));
#2965=CARTESIAN_POINT('',(-55.5,7.54416103326359,23.5));
#2966=CARTESIAN_POINT('',(-59.,6.48934120061575,23.5));
#2967=CARTESIAN_POINT('Ctrl Pts',(-55.4999999999999,7.04771172017161,23.5));
#2968=CARTESIAN_POINT('Ctrl Pts',(-56.6932487990294,6.83500713447749,23.5));
#2969=CARTESIAN_POINT('Ctrl Pts',(-57.8670457404335,6.66122009172331,23.5));
#2970=CARTESIAN_POINT('Ctrl Pts',(-58.9996729653814,6.48949142981711,23.5));
#2971=CARTESIAN_POINT('',(-59.,10.8053061647717,23.4999999995179));
#2972=CARTESIAN_POINT('',(-59.,0.999777383315429,23.5));
#2973=CARTESIAN_POINT('',(-64.,9.7070077808515,23.5));
#2974=CARTESIAN_POINT('Ctrl Pts',(-58.9999999999856,10.805306164706,23.5));
#2975=CARTESIAN_POINT('Ctrl Pts',(-60.7004073130887,10.4331118506404,23.5));
#2976=CARTESIAN_POINT('Ctrl Pts',(-62.3756745240914,10.062800864507,23.5));
#2977=CARTESIAN_POINT('Ctrl Pts',(-64.,9.7070077808515,23.5));
#2978=CARTESIAN_POINT('',(-64.,5.67435702240933,23.5));
#2979=CARTESIAN_POINT('',(-64.,7.54416103326359,23.5));
#2980=CARTESIAN_POINT('',(-67.5,5.36021075672722,23.5));
#2981=CARTESIAN_POINT('Ctrl Pts',(-64.,5.67435702240933,23.5));
#2982=CARTESIAN_POINT('Ctrl Pts',(-64.5869653459886,5.59719457147017,23.5));
#2983=CARTESIAN_POINT('Ctrl Pts',(-65.1949178345599,5.54048770629075,23.5));
#2984=CARTESIAN_POINT('Ctrl Pts',(-65.914431420797,5.48339320142047,23.5));
#2985=CARTESIAN_POINT('Ctrl Pts',(-66.4027089703375,5.44464763015741,23.5));
#2986=CARTESIAN_POINT('Ctrl Pts',(-66.9423634669006,5.4057235401788,23.5));
#2987=CARTESIAN_POINT('Ctrl Pts',(-67.500074132306,5.36019625927639,23.5));
#2988=CARTESIAN_POINT('',(-67.5,8.9486500027615,23.500000011287));
#2989=CARTESIAN_POINT('',(-67.5,0.999777383315429,23.5));
#2990=CARTESIAN_POINT('',(-72.5,7.92880231678731,23.5));
#2991=CARTESIAN_POINT('Ctrl Pts',(-67.5000000004288,8.94865000477144,23.5));
#2992=CARTESIAN_POINT('Ctrl Pts',(-69.2732695401364,8.57034888328928,23.5));
#2993=CARTESIAN_POINT('Ctrl Pts',(-70.9531493967259,8.22385363108294,23.5));
#2994=CARTESIAN_POINT('Ctrl Pts',(-72.5,7.92880231678732,23.5));
#2995=CARTESIAN_POINT('',(-72.5,4.72237370727345,23.5));
#2996=CARTESIAN_POINT('',(-72.5,7.54417651870405,23.5));
#2997=CARTESIAN_POINT('',(-76.,4.29126516554663,23.5));
#2998=CARTESIAN_POINT('Ctrl Pts',(-72.5,4.72237370727345,23.5));
#2999=CARTESIAN_POINT('Ctrl Pts',(-72.9406441793576,4.66122150132244,23.5));
#3000=CARTESIAN_POINT('Ctrl Pts',(-73.4016474979979,4.60934778987616,23.5));
#3001=CARTESIAN_POINT('Ctrl Pts',(-73.9242756609609,4.55169449827235,23.5));
#3002=CARTESIAN_POINT('Ctrl Pts',(-74.5325958463866,4.48458816240251,23.5));
#3003=CARTESIAN_POINT('Ctrl Pts',(-75.224406072449,4.40965158553947,23.5));
#3004=CARTESIAN_POINT('Ctrl Pts',(-76.0001546702304,4.29121387327605,23.5));
#3005=CARTESIAN_POINT('',(-76.,7.32003616938574,23.5000000343361));
#3006=CARTESIAN_POINT('',(-76.,0.999792868755887,23.5));
#3007=CARTESIAN_POINT('',(-80.,6.93468709287545,23.5));
#3008=CARTESIAN_POINT('Ctrl Pts',(-76.0000000012838,7.32003617784508,23.5));
#3009=CARTESIAN_POINT('Ctrl Pts',(-77.6111726036837,7.07552262721602,23.5));
#3010=CARTESIAN_POINT('Ctrl Pts',(-78.9695416213091,6.93468709287545,23.5));
#3011=CARTESIAN_POINT('Ctrl Pts',(-80.,6.93468709287545,23.5));
#3012=CARTESIAN_POINT('',(-92.,1.97792668196814,23.5));
#3013=CARTESIAN_POINT('Ctrl Pts',(-80.,6.93468709287545,23.5));
#3014=CARTESIAN_POINT('Ctrl Pts',(-80.0000863810698,6.93468709287545,23.5));
#3015=CARTESIAN_POINT('Ctrl Pts',(-80.0001954014125,6.93466737643619,23.5));
#3016=CARTESIAN_POINT('Ctrl Pts',(-80.0007084479097,6.93454884380198,23.5));
#3017=CARTESIAN_POINT('Ctrl Pts',(-80.0013585795128,6.93430445379236,23.5));
#3018=CARTESIAN_POINT('Ctrl Pts',(-80.0071087639203,6.93191362142378,23.5));
#3019=CARTESIAN_POINT('Ctrl Pts',(-80.0201004400243,6.92522829903287,23.5));
#3020=CARTESIAN_POINT('Ctrl Pts',(-80.1853966632019,6.8380915878885,23.5));
#3021=CARTESIAN_POINT('Ctrl Pts',(-80.8164020278984,6.48880324249856,23.5000000010212));
#3022=CARTESIAN_POINT('Ctrl Pts',(-83.3998682994864,5.12849035426496,23.5000000010212));
#3023=CARTESIAN_POINT('Ctrl Pts',(-85.2735505844876,4.20028362655638,23.5));
#3024=CARTESIAN_POINT('Ctrl Pts',(-87.8955342798598,3.0792147429075,23.5));
#3025=CARTESIAN_POINT('Ctrl Pts',(-88.8821693971237,2.6900266989743,23.5000000000042));
#3026=CARTESIAN_POINT('Ctrl Pts',(-90.588010599487,2.16210498985082,23.5000000000042));
#3027=CARTESIAN_POINT('Ctrl Pts',(-91.381958743056,1.97792668196814,23.5));
#3028=CARTESIAN_POINT('Ctrl Pts',(-92.,1.97792668196814,23.5));
#3029=CARTESIAN_POINT('',(-98.6109646481699,1.475463788536,23.5));
#3030=CARTESIAN_POINT('Ctrl Pts',(-92.,1.97792668196814,23.5));
#3031=CARTESIAN_POINT('Ctrl Pts',(-93.7408343156873,1.9251251306767,23.5));
#3032=CARTESIAN_POINT('Ctrl Pts',(-95.7552571331795,1.82491253997013,23.5));
#3033=CARTESIAN_POINT('Ctrl Pts',(-97.8827494153825,1.5799503892386,23.5));
#3034=CARTESIAN_POINT('Ctrl Pts',(-98.2562896481382,1.530448465923,23.5));
#3035=CARTESIAN_POINT('Ctrl Pts',(-98.6109646481699,1.475463788536,23.5));
#3036=CARTESIAN_POINT('',(-98.61096464817,18.7014870681927,23.5));
#3037=CARTESIAN_POINT('',(-98.61096464817,0.72166201588173,23.5));
#3038=CARTESIAN_POINT('',(-81.3341856235148,18.7014870681927,23.5));
#3039=CARTESIAN_POINT('Origin',(-73.8574065988597,-20.9997851260357,26.5));
#3040=CARTESIAN_POINT('',(-53.8574065988597,-18.7019168161214,26.5));
#3041=CARTESIAN_POINT('',(-73.8574065988597,-18.7019168161214,26.5));
#3042=CARTESIAN_POINT('',(-51.3806275742045,-18.7019168161214,26.5));
#3043=CARTESIAN_POINT('',(-53.8574065988597,-16.9997851260357,26.5));
#3044=CARTESIAN_POINT('',(-53.8574065988597,-20.9997851260357,26.5));
#3045=CARTESIAN_POINT('',(-73.8574065988597,-16.9997851260357,26.5));
#3046=CARTESIAN_POINT('',(-73.8574065988597,-16.9997851260357,26.5));
#3047=CARTESIAN_POINT('',(-73.8574065988597,-20.9997851260357,26.5));
#3048=CARTESIAN_POINT('Origin',(-73.8574065988597,-20.9997851260357,28.5));
#3049=CARTESIAN_POINT('',(-73.8574065988597,-18.7019168161214,28.5));
#3050=CARTESIAN_POINT('',(-73.8574065988597,-18.7019168161214,26.));
#3051=CARTESIAN_POINT('',(-73.8574065988597,-16.9997851260357,28.5));
#3052=CARTESIAN_POINT('',(-73.8574065988597,-16.9997851260357,28.5));
#3053=CARTESIAN_POINT('',(-73.8574065988597,-20.9997851260357,28.5));
#3054=CARTESIAN_POINT('Origin',(-53.8574065988597,-20.9997851260357,26.5));
#3055=CARTESIAN_POINT('',(-53.8574065988597,-18.7019168161214,28.5));
#3056=CARTESIAN_POINT('',(-53.8574065988597,-18.7019168161214,25.));
#3057=CARTESIAN_POINT('',(-53.8574065988597,-16.9997851260357,28.5));
#3058=CARTESIAN_POINT('',(-53.8574065988597,-20.9997851260357,28.5));
#3059=CARTESIAN_POINT('',(-53.8574065988597,-16.9997851260357,26.5));
#3060=CARTESIAN_POINT('Origin',(-63.8574065988597,-16.9997851260357,27.5));
#3061=CARTESIAN_POINT('',(-53.8574065988597,-16.9997851260357,28.5));
#3062=CARTESIAN_POINT('Origin',(-28.9038485495494,-18.7019168161214,23.5));
#3063=CARTESIAN_POINT('',(-98.61096464817,-18.7019168161214,28.5));
#3064=CARTESIAN_POINT('',(-46.3806275742045,-18.7019168161214,28.5));
#3065=CARTESIAN_POINT('',(-98.61096464817,-18.7019168161214,23.5));
#3066=CARTESIAN_POINT('',(-98.61096464817,-18.7019168161214,23.5));
#3067=CARTESIAN_POINT('',(-46.3806275742045,-18.7019168161214,23.5));
#3068=CARTESIAN_POINT('',(-46.3806275742045,-18.7019168161214,28.5));
#3069=CARTESIAN_POINT('Origin',(-53.8574065988597,20.9997851260357,26.5));
#3070=CARTESIAN_POINT('',(-53.8574065988597,18.7014870681927,26.5));
#3071=CARTESIAN_POINT('',(-53.8574065988597,18.7014870681927,28.5));
#3072=CARTESIAN_POINT('',(-53.8574065988596,18.7014870681927,25.));
#3073=CARTESIAN_POINT('',(-53.8574065988597,16.9997851260357,26.5));
#3074=CARTESIAN_POINT('',(-53.8574065988597,20.9997851260357,26.5));
#3075=CARTESIAN_POINT('',(-53.8574065988597,16.9997851260357,28.5));
#3076=CARTESIAN_POINT('',(-53.8574065988597,16.9997851260357,26.5));
#3077=CARTESIAN_POINT('',(-53.8574065988597,20.9997851260357,28.5));
#3078=CARTESIAN_POINT('Origin',(-73.8574065988597,20.9997851260357,28.5));
#3079=CARTESIAN_POINT('',(-73.8574065988597,18.7014870681927,28.5));
#3080=CARTESIAN_POINT('',(-73.8574065988597,18.7014870681927,26.5));
#3081=CARTESIAN_POINT('',(-73.8574065988597,18.7014870681927,26.));
#3082=CARTESIAN_POINT('',(-73.8574065988597,16.9997851260357,28.5));
#3083=CARTESIAN_POINT('',(-73.8574065988597,20.9997851260357,28.5));
#3084=CARTESIAN_POINT('',(-73.8574065988597,16.9997851260357,26.5));
#3085=CARTESIAN_POINT('',(-73.8574065988597,16.9997851260357,28.5));
#3086=CARTESIAN_POINT('',(-73.8574065988597,20.9997851260357,26.5));
#3087=CARTESIAN_POINT('Origin',(-73.8574065988597,20.9997851260357,26.5));
#3088=CARTESIAN_POINT('',(-86.3341856235148,18.7014870681927,26.5));
#3089=CARTESIAN_POINT('',(-73.8574065988597,16.9997851260357,26.5));
#3090=CARTESIAN_POINT('Origin',(-63.8574065988597,16.9997851260357,27.5));
#3091=CARTESIAN_POINT('',(-53.8574065988597,16.9997851260357,28.5));
#3092=CARTESIAN_POINT('Origin',(-63.8574065988597,-0.0002148739643415,28.5));
#3093=CARTESIAN_POINT('',(-26.8055504917064,20.9997851260357,28.5));
#3094=CARTESIAN_POINT('',(-100.909262706013,20.9997851260357,28.5));
#3095=CARTESIAN_POINT('',(-45.331478545283,20.9997851260357,28.5));
#3096=CARTESIAN_POINT('',(-26.8055504917064,10.5281959870224,28.5));
#3097=CARTESIAN_POINT('',(-26.8055504917064,-10.5002148739643,28.5));
#3098=CARTESIAN_POINT('Ctrl Pts',(-29.1025922434276,10.5261242753864,28.5001513605391));
#3099=CARTESIAN_POINT('Ctrl Pts',(-29.0355860075394,10.5262238238789,28.5001294636294));
#3100=CARTESIAN_POINT('Ctrl Pts',(-28.9692029131106,10.5263187823427,28.5001142469896));
#3101=CARTESIAN_POINT('Ctrl Pts',(-28.9038300335548,10.5264073506101,28.5001053764715));
#3102=CARTESIAN_POINT('Ctrl Pts',(-28.8338711764698,10.5265021320364,28.500095883677));
#3103=CARTESIAN_POINT('Ctrl Pts',(-28.7613048564152,10.5265948764352,28.5000929714229));
#3104=CARTESIAN_POINT('Ctrl Pts',(-28.6856634522361,10.5266832680736,28.5000969971479));
#3105=CARTESIAN_POINT('Ctrl Pts',(-28.644578782559,10.5267312780399,28.5000991837226));
#3106=CARTESIAN_POINT('Ctrl Pts',(-28.6025860914751,10.526778004243,28.5001033798686));
#3107=CARTESIAN_POINT('Ctrl Pts',(-28.5596039121931,10.5268230778667,28.5001093242833));
#3108=CARTESIAN_POINT('Ctrl Pts',(-28.4912675011717,10.5268947394186,28.5001187751759));
#3109=CARTESIAN_POINT('Ctrl Pts',(-28.4204252816193,10.5269622234525,28.5001328028405));
#3110=CARTESIAN_POINT('Ctrl Pts',(-28.3469976910545,10.5270240540778,28.5001468274289));
#3111=CARTESIAN_POINT('Ctrl Pts',(-28.2753603166946,10.5270843772291,28.5001605100879));
#3112=CARTESIAN_POINT('Ctrl Pts',(-28.2041562126301,10.5271367097541,28.5001739242445));
#3113=CARTESIAN_POINT('Ctrl Pts',(-28.1334212191758,10.5271816107922,28.5001812776083));
#3114=CARTESIAN_POINT('Ctrl Pts',(-28.0404427383048,10.5272406315131,28.5001909433276));
#3115=CARTESIAN_POINT('Ctrl Pts',(-27.9482726252754,10.52728681277,28.5001904401989));
#3116=CARTESIAN_POINT('Ctrl Pts',(-27.8566136241956,10.5273213972303,28.5001859683163));
#3117=CARTESIAN_POINT('Ctrl Pts',(-27.7538292776271,10.5273601794678,28.5001809536475));
#3118=CARTESIAN_POINT('Ctrl Pts',(-27.6516868679589,10.5273843788354,28.5001709412895));
#3119=CARTESIAN_POINT('Ctrl Pts',(-27.5497022514658,10.5273957117986,28.5001610174307));
#3120=CARTESIAN_POINT('Ctrl Pts',(-27.4105608685514,10.5274111737791,28.5001474779433));
#3121=CARTESIAN_POINT('Ctrl Pts',(-27.2717115550446,10.5274026872732,28.5001342267956));
#3122=CARTESIAN_POINT('Ctrl Pts',(-27.1318223624005,10.5273745344969,28.5001263861653));
#3123=CARTESIAN_POINT('Ctrl Pts',(-27.0238916449596,10.5273528133812,28.5001203367712));
#3124=CARTESIAN_POINT('Ctrl Pts',(-26.9153380896485,10.5273193831488,28.5001172806251));
#3125=CARTESIAN_POINT('Ctrl Pts',(-26.8055503534434,10.5272761905793,28.5001176093037));
#3126=CARTESIAN_POINT('',(-81.3341856235148,18.7014870681927,28.5));
#3127=CARTESIAN_POINT('',(-98.61096464817,18.7014870681927,28.5));
#3128=CARTESIAN_POINT('',(-81.3341856235148,18.7014870681927,28.5));
#3129=CARTESIAN_POINT('',(-98.6109646481704,1.47546378853757,28.5));
#3130=CARTESIAN_POINT('',(-98.61096464817,0.72166201588173,28.5));
#3131=CARTESIAN_POINT('',(-100.211732786075,1.15,28.5));
#3132=CARTESIAN_POINT('Ctrl Pts',(-100.211745076264,1.15004541240681,28.5));
#3133=CARTESIAN_POINT('Ctrl Pts',(-99.716716987618,1.28401736050439,28.5000000000001));
#3134=CARTESIAN_POINT('Ctrl Pts',(-99.1610279942334,1.3903005913635,28.5000000000002));
#3135=CARTESIAN_POINT('Ctrl Pts',(-98.6109709576956,1.47550452138536,28.5000000000002));
#3136=CARTESIAN_POINT('',(-100.909262706013,1.15,28.5));
#3137=CARTESIAN_POINT('',(-81.0947362004664,1.15,28.5));
#3138=CARTESIAN_POINT('',(-100.909262706013,10.4997851260357,28.5));
#3139=CARTESIAN_POINT('Origin',(-63.8574065988597,-0.0002148739643415,43.));
#3140=CARTESIAN_POINT('',(-100.909262706013,-1.15,43.));
#3141=CARTESIAN_POINT('',(-88.5221440712875,-1.15,42.9999999897715));
#3142=CARTESIAN_POINT('',(-81.0947362004664,-1.15,43.));
#3143=CARTESIAN_POINT('',(-100.909262706013,-21.0002148739643,43.));
#3144=CARTESIAN_POINT('',(-100.909262706013,10.4997851260357,43.));
#3145=CARTESIAN_POINT('',(-26.8055504917064,-21.0002148739643,43.));
#3146=CARTESIAN_POINT('',(-82.3833346524363,-21.0002148739643,43.));
#3147=CARTESIAN_POINT('',(-26.8055504917064,20.9997851260357,43.));
#3148=CARTESIAN_POINT('',(-26.8055504917064,-10.5002148739643,43.));
#3149=CARTESIAN_POINT('',(-100.909262706013,20.9997851260357,43.));
#3150=CARTESIAN_POINT('',(-45.331478545283,20.9997851260357,43.));
#3151=CARTESIAN_POINT('',(-100.909262706013,1.15,43.));
#3152=CARTESIAN_POINT('',(-100.909262706013,10.4997851260357,43.));
#3153=CARTESIAN_POINT('',(-88.5221440712874,1.15,42.9999999897715));
#3154=CARTESIAN_POINT('',(-81.0947362004664,1.15,43.));
#3155=CARTESIAN_POINT('',(-88.1699556252627,0.95,42.9999999947311));
#3156=CARTESIAN_POINT('Ctrl Pts',(-88.1700054268261,0.95,43.0001500214677));
#3157=CARTESIAN_POINT('Ctrl Pts',(-88.1700054268261,0.95896854803352,43.0001500214677));
#3158=CARTESIAN_POINT('Ctrl Pts',(-88.171074077549,0.967842453901442,43.0001212027033));
#3159=CARTESIAN_POINT('Ctrl Pts',(-88.173135223292,0.976568967551131,43.0000865368489));
#3160=CARTESIAN_POINT('Ctrl Pts',(-88.1752650295535,0.985586177263016,43.0000507162117));
#3161=CARTESIAN_POINT('Ctrl Pts',(-88.1784191606009,0.994297896382084,43.0000093439422));
#3162=CARTESIAN_POINT('Ctrl Pts',(-88.1824207273222,1.00266076662143,42.999976036275));
#3163=CARTESIAN_POINT('Ctrl Pts',(-88.1872092876885,1.01266837408291,42.9999361779428));
#3164=CARTESIAN_POINT('Ctrl Pts',(-88.1931626816002,1.02208734082596,42.9999046250106));
#3165=CARTESIAN_POINT('Ctrl Pts',(-88.1999502464872,1.03088053856801,42.9998930767117));
#3166=CARTESIAN_POINT('Ctrl Pts',(-88.2056321157955,1.03824132276737,42.999883409633));
#3167=CARTESIAN_POINT('Ctrl Pts',(-88.2118989931145,1.0451646304305,42.9998870424019));
#3168=CARTESIAN_POINT('Ctrl Pts',(-88.2185679684093,1.05164854243287,42.9998947409398));
#3169=CARTESIAN_POINT('Ctrl Pts',(-88.229826465981,1.06259461800043,42.9999077375347));
#3170=CARTESIAN_POINT('Ctrl Pts',(-88.2428321318111,1.07286763252798,42.9999407961597));
#3171=CARTESIAN_POINT('Ctrl Pts',(-88.2574324424764,1.08232422131727,42.9999651476395));
#3172=CARTESIAN_POINT('Ctrl Pts',(-88.2622550111716,1.08544778834978,42.9999731910768));
#3173=CARTESIAN_POINT('Ctrl Pts',(-88.2672517569013,1.08848208579478,42.999979970607));
#3174=CARTESIAN_POINT('Ctrl Pts',(-88.2724177298356,1.09142122327725,42.999983573812));
#3175=CARTESIAN_POINT('Ctrl Pts',(-88.2859037981148,1.09909401004471,42.9999929801849));
#3176=CARTESIAN_POINT('Ctrl Pts',(-88.3005426410813,1.10612003344068,42.9999816169899));
#3177=CARTESIAN_POINT('Ctrl Pts',(-88.3162087396611,1.11245569496399,42.999968724901));
#3178=CARTESIAN_POINT('Ctrl Pts',(-88.3346801960856,1.11992589535573,42.9999535242015));
#3179=CARTESIAN_POINT('Ctrl Pts',(-88.3542922907361,1.1263219537305,42.9999359377048));
#3180=CARTESIAN_POINT('Ctrl Pts',(-88.3747470988448,1.13162321503236,42.9999331084679));
#3181=CARTESIAN_POINT('Ctrl Pts',(-88.3955622743785,1.13701787256041,42.9999302293862));
#3182=CARTESIAN_POINT('Ctrl Pts',(-88.4172510216467,1.14127956581533,42.9999413567361));
#3183=CARTESIAN_POINT('Ctrl Pts',(-88.4395167794186,1.14434371296214,42.9999571907539));
#3184=CARTESIAN_POINT('Ctrl Pts',(-88.46097343677,1.14729651412333,42.9999724493901));
#3185=CARTESIAN_POINT('Ctrl Pts',(-88.4829667775947,1.149137557642,42.9999908665155));
#3186=CARTESIAN_POINT('Ctrl Pts',(-88.505234423096,1.14976234120211,42.9999974279988));
#3187=CARTESIAN_POINT('Ctrl Pts',(-88.5108549431814,1.14992004124042,42.9999990841662));
#3188=CARTESIAN_POINT('Ctrl Pts',(-88.5164929201401,1.14999999971659,42.9999999999968));
#3189=CARTESIAN_POINT('Ctrl Pts',(-88.5221440712874,1.15,43.));
#3190=CARTESIAN_POINT('',(-88.1699556252627,-0.95,42.999999994731));
#3191=CARTESIAN_POINT('Ctrl Pts',(-88.1699556403439,-0.950000000000001,
43.));
#3192=CARTESIAN_POINT('Ctrl Pts',(-88.1699556403439,-0.633333333333334,
43.));
#3193=CARTESIAN_POINT('Ctrl Pts',(-88.1699556403439,-0.316666666666667,
43.));
#3194=CARTESIAN_POINT('Ctrl Pts',(-88.1699556403439,0.316666666666667,43.));
#3195=CARTESIAN_POINT('Ctrl Pts',(-88.1699556403439,0.633333333333334,43.));
#3196=CARTESIAN_POINT('Ctrl Pts',(-88.1699556403439,0.95,43.));
#3197=CARTESIAN_POINT('Ctrl Pts',(-88.5221440712874,-1.15,43.));
#3198=CARTESIAN_POINT('Ctrl Pts',(-88.4766852259288,-1.1499999978367,43.));
#3199=CARTESIAN_POINT('Ctrl Pts',(-88.4304367540548,-1.14508916255007,43.0000000000055));
#3200=CARTESIAN_POINT('Ctrl Pts',(-88.346685834136,-1.12536721434948,43.0000000000055));
#3201=CARTESIAN_POINT('Ctrl Pts',(-88.3070387718775,-1.11120557990731,43.0000000000002));
#3202=CARTESIAN_POINT('Ctrl Pts',(-88.248196819122,-1.07752106710576,43.0000000000002));
#3203=CARTESIAN_POINT('Ctrl Pts',(-88.2256124318667,-1.06065872435266,43.));
#3204=CARTESIAN_POINT('Ctrl Pts',(-88.1954656934845,-1.02657331733704,43.));
#3205=CARTESIAN_POINT('Ctrl Pts',(-88.1853206041486,-1.01118589542307,43.));
#3206=CARTESIAN_POINT('Ctrl Pts',(-88.1729922946969,-0.980067180549534,
43.));
#3207=CARTESIAN_POINT('Ctrl Pts',(-88.1699556403439,-0.965235021074136,
43.));
#3208=CARTESIAN_POINT('Ctrl Pts',(-88.1699556403439,-0.95,43.));
#3209=CARTESIAN_POINT('',(-41.9371723649345,0.141329565816166,43.));
#3210=CARTESIAN_POINT('Origin',(-44.4371723649345,0.141329565816166,43.));
#3211=CARTESIAN_POINT('',(-67.5105539849129,0.0447822418661527,43.));
#3212=CARTESIAN_POINT('Origin',(-70.0105539849129,0.0447822418661524,43.));
#3213=CARTESIAN_POINT('Origin',(-100.909262706013,-21.0002148739643,0.));
#3214=CARTESIAN_POINT('',(-100.909262706013,-21.0002148739643,28.5));
#3215=CARTESIAN_POINT('',(-100.909262706013,-21.0002148739643,0.));
#3216=CARTESIAN_POINT('',(-26.8055504917064,-21.0002148739643,28.5));
#3217=CARTESIAN_POINT('',(-82.3833346524363,-21.0002148739643,28.5));
#3218=CARTESIAN_POINT('',(-26.8055504917064,-21.0002148739643,0.));
#3219=CARTESIAN_POINT('Origin',(-98.3320658020732,-1.15,22.5475638023983));
#3220=CARTESIAN_POINT('',(-80.0211843124653,-1.15,29.451110515793));
#3221=CARTESIAN_POINT('Ctrl Pts',(-80.0211839290154,-1.15,29.4511106405515));
#3222=CARTESIAN_POINT('Ctrl Pts',(-80.0299670702617,-1.15,29.4781059598163));
#3223=CARTESIAN_POINT('Ctrl Pts',(-80.0387237634545,-1.15,29.5051252987019));
#3224=CARTESIAN_POINT('Ctrl Pts',(-80.7272216895755,-1.15,31.6045612035838));
#3225=CARTESIAN_POINT('Ctrl Pts',(-81.5852138179209,-1.15,34.7762806889729));
#3226=CARTESIAN_POINT('Ctrl Pts',(-83.5657950197981,-1.15,38.7081523221875));
#3227=CARTESIAN_POINT('Ctrl Pts',(-85.908866824944,-1.15,41.0492954382046));
#3228=CARTESIAN_POINT('Ctrl Pts',(-87.6231670647872,-1.15,42.3877621323702));
#3229=CARTESIAN_POINT('Ctrl Pts',(-88.5221440760462,-1.15,42.9999999827839));
#3230=CARTESIAN_POINT('',(-92.,-1.14999999999883,27.8331233123759));
#3231=CARTESIAN_POINT('Ctrl Pts',(-80.0211843124653,-1.15,29.451110515793));
#3232=CARTESIAN_POINT('Ctrl Pts',(-80.0224994229924,-1.15,29.4510181502758));
#3233=CARTESIAN_POINT('Ctrl Pts',(-80.0237502152373,-1.15,29.4509299448235));
#3234=CARTESIAN_POINT('Ctrl Pts',(-80.044336895391,-1.15,29.4494747489559));
#3235=CARTESIAN_POINT('Ctrl Pts',(-80.0726224979506,-1.15,29.4474120178185));
#3236=CARTESIAN_POINT('Ctrl Pts',(-80.1642749485138,-1.15,29.4407036672006));
#3237=CARTESIAN_POINT('Ctrl Pts',(-80.2635389330093,-1.15000000002244,29.4333260682682));
#3238=CARTESIAN_POINT('Ctrl Pts',(-80.6239684909227,-1.15000000002244,29.4064457241294));
#3239=CARTESIAN_POINT('Ctrl Pts',(-80.9372733353971,-1.15,29.3827659519452));
#3240=CARTESIAN_POINT('Ctrl Pts',(-82.1894603109684,-1.15,29.2865235610575));
#3241=CARTESIAN_POINT('Ctrl Pts',(-83.248192308218,-1.15,29.2013641476345));
#3242=CARTESIAN_POINT('Ctrl Pts',(-86.0119445267716,-1.15,28.9446088005031));
#3243=CARTESIAN_POINT('Ctrl Pts',(-87.3285479133547,-1.14999999999999,28.7796701256655));
#3244=CARTESIAN_POINT('Ctrl Pts',(-89.6636199944873,-1.14999999999999,28.3429018544786));
#3245=CARTESIAN_POINT('Ctrl Pts',(-90.3984343039373,-1.15,28.1221597350086));
#3246=CARTESIAN_POINT('Ctrl Pts',(-91.3859554423237,-1.15,27.891310115947));
#3247=CARTESIAN_POINT('Ctrl Pts',(-91.7073240179644,-1.15,27.8331233123652));
#3248=CARTESIAN_POINT('Ctrl Pts',(-92.,-1.15,27.8331233123652));
#3249=CARTESIAN_POINT('',(-100.213320977958,-1.15,23.5));
#3250=CARTESIAN_POINT('Ctrl Pts',(-92.,-1.15,27.8331233123652));
#3251=CARTESIAN_POINT('Ctrl Pts',(-93.3765226525644,-1.15,27.6701564655807));
#3252=CARTESIAN_POINT('Ctrl Pts',(-94.8357448750951,-1.15,27.3994817862812));
#3253=CARTESIAN_POINT('Ctrl Pts',(-96.9649559109983,-1.15,26.6593832870733));
#3254=CARTESIAN_POINT('Ctrl Pts',(-97.7871861439702,-1.15,26.2813727267556));
#3255=CARTESIAN_POINT('Ctrl Pts',(-99.1156019438869,-1.15,25.3200256492385));
#3256=CARTESIAN_POINT('Ctrl Pts',(-99.5389903721237,-1.15,24.8425853135972));
#3257=CARTESIAN_POINT('Ctrl Pts',(-99.9917550250323,-1.15,24.0981517829722));
#3258=CARTESIAN_POINT('Ctrl Pts',(-100.123272909713,-1.15,23.806768676552));
#3259=CARTESIAN_POINT('Ctrl Pts',(-100.213320977958,-1.15,23.5));
#3260=CARTESIAN_POINT('',(-100.213320977958,-1.15,28.5));
#3261=CARTESIAN_POINT('Ctrl Pts',(-100.213320977958,-1.15,28.5));
#3262=CARTESIAN_POINT('Ctrl Pts',(-100.213320977958,-1.15,27.6583333333333));
#3263=CARTESIAN_POINT('Ctrl Pts',(-100.213320977958,-1.15,26.8166666666667));
#3264=CARTESIAN_POINT('Ctrl Pts',(-100.213320977958,-1.15,25.15));
#3265=CARTESIAN_POINT('Ctrl Pts',(-100.213320977958,-1.15,24.325));
#3266=CARTESIAN_POINT('Ctrl Pts',(-100.213320977958,-1.15,23.5));
#3267=CARTESIAN_POINT('',(-100.909262706013,-1.15,28.5));
#3268=CARTESIAN_POINT('',(-81.0947362004664,-1.15,28.5));
#3269=CARTESIAN_POINT('',(-100.909262706013,-1.15,11.2737819011991));
#3270=CARTESIAN_POINT('Origin',(-100.909262706013,20.9997851260357,0.));
#3271=CARTESIAN_POINT('',(-100.909262706013,20.9997851260357,0.));
#3272=CARTESIAN_POINT('',(-100.909262706013,1.15,11.2737819011991));
#3273=CARTESIAN_POINT('Origin',(-100.909262706013,20.9997851260357,0.));
#3274=CARTESIAN_POINT('',(-100.909262706013,10.4997851260357,28.5));
#3275=CARTESIAN_POINT('Ctrl Pts',(-88.522144080805,-1.15,42.9999999860248));
#3276=CARTESIAN_POINT('Ctrl Pts',(-87.6231670678121,-1.15,42.387762134732));
#3277=CARTESIAN_POINT('Ctrl Pts',(-85.9088668263221,-1.15,41.0492954395816));
#3278=CARTESIAN_POINT('Ctrl Pts',(-83.5657950197981,-1.15,38.7081523221875));
#3279=CARTESIAN_POINT('Ctrl Pts',(-81.5852138179209,-1.15,34.7762806889729));
#3280=CARTESIAN_POINT('Ctrl Pts',(-80.7272216895755,-1.15,31.6045612035838));
#3281=CARTESIAN_POINT('Ctrl Pts',(-80.0381968675441,-1.15,29.5035186356309));
#3282=CARTESIAN_POINT('Ctrl Pts',(-80.0289231380445,-1.15,29.474883700657));
#3283=CARTESIAN_POINT('Ctrl Pts',(-80.0196125670437,-1.15,29.446282212831));
#3284=CARTESIAN_POINT('Ctrl Pts',(-88.4926708754369,-1.15,43.04327684986));
#3285=CARTESIAN_POINT('Ctrl Pts',(-87.5909012560345,-1.15,42.4287573069468));
#3286=CARTESIAN_POINT('Ctrl Pts',(-85.875811682776,-1.15,41.0904216849005));
#3287=CARTESIAN_POINT('Ctrl Pts',(-83.5227412798445,-1.15,38.7392273328944));
#3288=CARTESIAN_POINT('Ctrl Pts',(-81.5339307050844,-1.15,34.7907350766484));
#3289=CARTESIAN_POINT('Ctrl Pts',(-80.6778325608475,-1.15,31.6206133598235));
#3290=CARTESIAN_POINT('Ctrl Pts',(-79.9883559309809,-1.15,29.5196553675242));
#3291=CARTESIAN_POINT('Ctrl Pts',(-79.9791901668138,-1.15,29.4911686471721));
#3292=CARTESIAN_POINT('Ctrl Pts',(-79.9698242655458,-1.15,29.4624896744472));
#3293=CARTESIAN_POINT('Ctrl Pts',(-88.4339592629577,-1.10666250777458,43.129485812444));
#3294=CARTESIAN_POINT('Ctrl Pts',(-87.5283399193699,-1.10666250777458,42.5123925770456));
#3295=CARTESIAN_POINT('Ctrl Pts',(-85.8094153517836,-1.10666250777458,41.1716702409224));
#3296=CARTESIAN_POINT('Ctrl Pts',(-83.43788777276,-1.10666250777458,38.8023716680755));
#3297=CARTESIAN_POINT('Ctrl Pts',(-81.4317000416305,-1.10666250777458,34.819366455249));
#3298=CARTESIAN_POINT('Ctrl Pts',(-80.5791419354949,-1.10666250777458,31.653271455891));
#3299=CARTESIAN_POINT('Ctrl Pts',(-79.8891775015688,-1.10666250777458,29.5519466635222));
#3300=CARTESIAN_POINT('Ctrl Pts',(-79.8800031927474,-1.10666250777458,29.5234446375015));
#3301=CARTESIAN_POINT('Ctrl Pts',(-79.8706443009973,-1.10666250777458,29.4947754809551));
#3302=CARTESIAN_POINT('Ctrl Pts',(-88.4095647290507,-1.00235987755983,43.1653054292461));
#3303=CARTESIAN_POINT('Ctrl Pts',(-87.5030094518625,-1.00235987755983,42.5479064891596));
#3304=CARTESIAN_POINT('Ctrl Pts',(-85.7816150364413,-1.00235987755983,41.205166857531));
#3305=CARTESIAN_POINT('Ctrl Pts',(-83.4029842111506,-1.00235987755983,38.8290890223442));
#3306=CARTESIAN_POINT('Ctrl Pts',(-81.3891951762911,-1.00235987755983,34.8311998789288));
#3307=CARTESIAN_POINT('Ctrl Pts',(-80.5380177571318,-1.00235987755983,31.667104855944));
#3308=CARTESIAN_POINT('Ctrl Pts',(-79.8480103106589,-1.00235987755983,29.5654203212734));
#3309=CARTESIAN_POINT('Ctrl Pts',(-79.8387458350477,-1.00235987755983,29.5367916438055));
#3310=CARTESIAN_POINT('Ctrl Pts',(-79.8294352640469,-1.00235987755983,29.5081901559796));
#3311=CARTESIAN_POINT('Ctrl Pts',(-88.4095647290507,-0.95,43.1653054292461));
#3312=CARTESIAN_POINT('Ctrl Pts',(-87.5030094518625,-0.95,42.5479064891596));
#3313=CARTESIAN_POINT('Ctrl Pts',(-85.7816150364413,-0.95,41.205166857531));
#3314=CARTESIAN_POINT('Ctrl Pts',(-83.4029842111506,-0.95,38.8290890223442));
#3315=CARTESIAN_POINT('Ctrl Pts',(-81.3891951762911,-0.95,34.8311998789288));
#3316=CARTESIAN_POINT('Ctrl Pts',(-80.5380177571318,-0.950000000000001,
31.667104855944));
#3317=CARTESIAN_POINT('Ctrl Pts',(-79.8480103106589,-0.95,29.5654203212734));
#3318=CARTESIAN_POINT('Ctrl Pts',(-79.8387458350477,-0.95,29.5367916438055));
#3319=CARTESIAN_POINT('Ctrl Pts',(-79.8294352640469,-0.95,29.5081901559796));
#3320=CARTESIAN_POINT('',(-80.,-0.95,30.037654227898));
#3321=CARTESIAN_POINT('Ctrl Pts',(-88.1698984162326,-0.95,43.0000819784709));
#3322=CARTESIAN_POINT('Ctrl Pts',(-87.3509029254212,-0.95,42.4285788728954));
#3323=CARTESIAN_POINT('Ctrl Pts',(-85.711432155418,-0.95,41.1350593039603));
#3324=CARTESIAN_POINT('Ctrl Pts',(-83.4029842111506,-0.95,38.8290890223442));
#3325=CARTESIAN_POINT('Ctrl Pts',(-81.4608798284686,-0.95,34.9735123494652));
#3326=CARTESIAN_POINT('Ctrl Pts',(-80.6203007308837,-0.950000000000001,
31.9670835871293));
#3327=CARTESIAN_POINT('Ctrl Pts',(-80.0011831055589,-0.95,30.0372746663421));
#3328=CARTESIAN_POINT('',(-80.,-1.14893362276665,29.4526666428677));
#3329=CARTESIAN_POINT('Ctrl Pts',(-80.,-1.14893362276665,29.4526666428677));
#3330=CARTESIAN_POINT('Ctrl Pts',(-80.,-1.14413810713881,29.602090991072));
#3331=CARTESIAN_POINT('Ctrl Pts',(-80.,-1.12338544899956,29.7402611271595));
#3332=CARTESIAN_POINT('Ctrl Pts',(-80.,-1.07970918374893,29.8834927785266));
#3333=CARTESIAN_POINT('Ctrl Pts',(-79.9999999998181,-1.0583066299118,29.9441167940946));
#3334=CARTESIAN_POINT('Ctrl Pts',(-79.9999999998181,-1.01625348055654,30.0015213504507));
#3335=CARTESIAN_POINT('Ctrl Pts',(-80.,-1.00366068867861,30.0153728261163));
#3336=CARTESIAN_POINT('Ctrl Pts',(-80.,-0.982993516441468,30.028936332623));
#3337=CARTESIAN_POINT('Ctrl Pts',(-80.,-0.976504528106071,30.0322349763222));
#3338=CARTESIAN_POINT('Ctrl Pts',(-80.,-0.963247025231311,30.0365443443907));
#3339=CARTESIAN_POINT('Ctrl Pts',(-80.,-0.956699015028979,30.037654227898));
#3340=CARTESIAN_POINT('Ctrl Pts',(-80.,-0.95,30.037654227898));
#3341=CARTESIAN_POINT('Ctrl Pts',(-80.0000078969932,-1.14888983643347,29.4526640721791));
#3342=CARTESIAN_POINT('Ctrl Pts',(-80.0001396203653,-1.1489033571343,29.4526619580252));
#3343=CARTESIAN_POINT('Ctrl Pts',(-80.0003411239103,-1.14892406821823,29.4526514874156));
#3344=CARTESIAN_POINT('Ctrl Pts',(-80.0004895611583,-1.14893915778173,29.4526431201064));
#3345=CARTESIAN_POINT('Ctrl Pts',(-80.0014925726902,-1.14904112010188,29.4525865810121));
#3346=CARTESIAN_POINT('Ctrl Pts',(-80.0036565297797,-1.1492610181679,29.4524206073672));
#3347=CARTESIAN_POINT('Ctrl Pts',(-80.0067168333069,-1.14948042614481,29.452185609534));
#3348=CARTESIAN_POINT('Ctrl Pts',(-80.0103985295182,-1.14974438477182,29.4519028955403));
#3349=CARTESIAN_POINT('Ctrl Pts',(-80.0153795392254,-1.15,29.4515195814346));
#3350=CARTESIAN_POINT('Ctrl Pts',(-80.0211839849891,-1.15,29.4511108125888));
#3351=CARTESIAN_POINT('Ctrl Pts',(-101.149276225394,-1.375,48.5590573233325));
#3352=CARTESIAN_POINT('Ctrl Pts',(-101.149276225394,1.375,48.5590573233325));
#3353=CARTESIAN_POINT('Ctrl Pts',(-101.053977419982,-1.375,48.5261640072405));
#3354=CARTESIAN_POINT('Ctrl Pts',(-101.053977419982,1.375,48.5261640072405));
#3355=CARTESIAN_POINT('Ctrl Pts',(-100.957697916652,-1.375,48.4929980164518));
#3356=CARTESIAN_POINT('Ctrl Pts',(-100.957697916652,1.375,48.4929980164518));
#3357=CARTESIAN_POINT('Ctrl Pts',(-100.860451324739,-1.375,48.459531613757));
#3358=CARTESIAN_POINT('Ctrl Pts',(-100.860451324739,1.375,48.459531613757));
#3359=CARTESIAN_POINT('Ctrl Pts',(-98.892403269921,-1.375,47.782248354473));
#3360=CARTESIAN_POINT('Ctrl Pts',(-98.892403269921,1.375,47.782248354473));
#3361=CARTESIAN_POINT('Ctrl Pts',(-96.4779061126883,-1.375,46.9487054265217));
#3362=CARTESIAN_POINT('Ctrl Pts',(-96.4779061126883,1.375,46.9487054265217));
#3363=CARTESIAN_POINT('Ctrl Pts',(-94.3961363871046,-1.375,46.1484823563456));
#3364=CARTESIAN_POINT('Ctrl Pts',(-94.3961363871046,1.375,46.1484823563456));
#3365=CARTESIAN_POINT('Ctrl Pts',(-92.311382653406,-1.375,45.3471122466551));
#3366=CARTESIAN_POINT('Ctrl Pts',(-92.311382653406,1.375,45.3471122466551));
#3367=CARTESIAN_POINT('Ctrl Pts',(-90.5697880226628,-1.375,44.5623608710704));
#3368=CARTESIAN_POINT('Ctrl Pts',(-90.5697880226628,1.375,44.5623608710704));
#3369=CARTESIAN_POINT('Ctrl Pts',(-88.9365170818398,-1.375,43.5138849396628));
#3370=CARTESIAN_POINT('Ctrl Pts',(-88.9365170818398,1.375,43.5138849396628));
#3371=CARTESIAN_POINT('Ctrl Pts',(-87.5541767156614,-1.375,42.6264935297469));
#3372=CARTESIAN_POINT('Ctrl Pts',(-87.5541767156614,1.375,42.6264935297469));
#3373=CARTESIAN_POINT('Ctrl Pts',(-86.2386532976892,-1.375,41.5820536918263));
#3374=CARTESIAN_POINT('Ctrl Pts',(-86.2386532976892,1.375,41.5820536918263));
#3375=CARTESIAN_POINT('Ctrl Pts',(-85.1367347622788,-1.375,40.5190691563557));
#3376=CARTESIAN_POINT('Ctrl Pts',(-85.1367347622788,1.375,40.5190691563557));
#3377=CARTESIAN_POINT('Ctrl Pts',(-84.0373745638256,-1.375,39.458552564326));
#3378=CARTESIAN_POINT('Ctrl Pts',(-84.0373745638256,1.375,39.458552564326));
#3379=CARTESIAN_POINT('Ctrl Pts',(-83.1722673049775,-1.375,38.3636265852691));
#3380=CARTESIAN_POINT('Ctrl Pts',(-83.1722673049775,1.375,38.3636265852691));
#3381=CARTESIAN_POINT('Ctrl Pts',(-82.427860459359,-1.375,36.8406772114201));
#3382=CARTESIAN_POINT('Ctrl Pts',(-82.427860459359,1.375,36.8406772114201));
#3383=CARTESIAN_POINT('Ctrl Pts',(-81.8743913957607,-1.375,35.7083590861726));
#3384=CARTESIAN_POINT('Ctrl Pts',(-81.8743913957607,1.375,35.7083590861726));
#3385=CARTESIAN_POINT('Ctrl Pts',(-81.3699909348293,-1.375,34.3087994403293));
#3386=CARTESIAN_POINT('Ctrl Pts',(-81.3699909348293,1.375,34.3087994403293));
#3387=CARTESIAN_POINT('Ctrl Pts',(-80.9235853201906,-1.375,32.9492532920583));
#3388=CARTESIAN_POINT('Ctrl Pts',(-80.9235853201906,1.375,32.9492532920583));
#3389=CARTESIAN_POINT('Ctrl Pts',(-80.4848287000621,-1.375,31.6130024624023));
#3390=CARTESIAN_POINT('Ctrl Pts',(-80.4848287000621,1.375,31.6130024624023));
#3391=CARTESIAN_POINT('Ctrl Pts',(-80.1142507044567,-1.375,30.3831252540318));
#3392=CARTESIAN_POINT('Ctrl Pts',(-80.1142507044567,1.375,30.3831252540318));
#3393=CARTESIAN_POINT('Ctrl Pts',(-79.8573670227519,-1.375,29.5939947598529));
#3394=CARTESIAN_POINT('Ctrl Pts',(-79.8573670227519,1.375,29.5939947598529));
#3395=CARTESIAN_POINT('',(-80.,0.95,30.037654227898));
#3396=CARTESIAN_POINT('Ctrl Pts',(-80.0000928330226,0.949999999999999,30.0376245494038));
#3397=CARTESIAN_POINT('Ctrl Pts',(-80.2842779633771,0.949999999999997,30.9265410651517));
#3398=CARTESIAN_POINT('Ctrl Pts',(-80.8830097672513,0.950000000000001,32.8651556212133));
#3399=CARTESIAN_POINT('Ctrl Pts',(-81.8895673770778,0.949999999999999,35.8314650880617));
#3400=CARTESIAN_POINT('Ctrl Pts',(-83.4020468548138,0.95,38.8260873733475));
#3401=CARTESIAN_POINT('Ctrl Pts',(-85.7122708182615,0.949999999999999,41.1350191265598));
#3402=CARTESIAN_POINT('Ctrl Pts',(-87.3509736897934,0.95,42.4285759948419));
#3403=CARTESIAN_POINT('Ctrl Pts',(-88.1699015273028,0.95,43.0000775139542));
#3404=CARTESIAN_POINT('Ctrl Pts',(-80.,-0.95,30.037654227898));
#3405=CARTESIAN_POINT('Ctrl Pts',(-80.,-0.633333333333334,30.037654227898));
#3406=CARTESIAN_POINT('Ctrl Pts',(-80.,-0.316666666666667,30.037654227898));
#3407=CARTESIAN_POINT('Ctrl Pts',(-80.,0.316666666666667,30.037654227898));
#3408=CARTESIAN_POINT('Ctrl Pts',(-80.,0.633333333333333,30.037654227898));
#3409=CARTESIAN_POINT('Ctrl Pts',(-80.,0.95,30.037654227898));
#3410=CARTESIAN_POINT('Origin',(-70.0105539849129,0.0447822418661524,55.));
#3411=CARTESIAN_POINT('',(-67.5105539849129,0.0447822418661519,32.1604359351189));
#3412=CARTESIAN_POINT('',(-67.5105539849129,0.0447822418661521,55.));
#3413=CARTESIAN_POINT('',(-67.6015471688628,0.71312808065347,32.1049222785559));
#3414=CARTESIAN_POINT('Ctrl Pts',(-67.6015471688628,0.71312808065347,32.1049222785559));
#3415=CARTESIAN_POINT('Ctrl Pts',(-67.6537140485623,0.901160026802854,32.0743808613995));
#3416=CARTESIAN_POINT('Ctrl Pts',(-67.7270864657611,1.08026155619711,32.0322482381777));
#3417=CARTESIAN_POINT('Ctrl Pts',(-67.9180297497011,1.4281711134116,31.9266190442307));
#3418=CARTESIAN_POINT('Ctrl Pts',(-68.0379179521085,1.59374565290623,31.8621196430273));
#3419=CARTESIAN_POINT('Ctrl Pts',(-68.4155137780376,2.0022730406107,31.6694222248623));
#3420=CARTESIAN_POINT('Ctrl Pts',(-68.7080384284582,2.20753598382205,31.5306079093209));
#3421=CARTESIAN_POINT('Ctrl Pts',(-69.2437241052812,2.43535328683168,31.313649091372));
#3422=CARTESIAN_POINT('Ctrl Pts',(-69.4685780885562,2.49652912522592,31.2312747242554));
#3423=CARTESIAN_POINT('Ctrl Pts',(-69.8775613662061,2.54758450142761,31.1016298861396));
#3424=CARTESIAN_POINT('Ctrl Pts',(-70.0576600653588,2.55091482746592,31.0509511523699));
#3425=CARTESIAN_POINT('Ctrl Pts',(-70.4144044446671,2.5182741130432,30.9643407801204));
#3426=CARTESIAN_POINT('Ctrl Pts',(-70.5894699243369,2.48344993288269,30.9284480667363));
#3427=CARTESIAN_POINT('Ctrl Pts',(-70.9825273525178,2.3598018032179,30.8622760487339));
#3428=CARTESIAN_POINT('Ctrl Pts',(-71.1944403456099,2.25918261461852,30.8374142849079));
#3429=CARTESIAN_POINT('Ctrl Pts',(-71.6602422641017,1.95090999674498,30.8017100841751));
#3430=CARTESIAN_POINT('Ctrl Pts',(-71.8931854324615,1.72133605308994,30.7999867931398));
#3431=CARTESIAN_POINT('Ctrl Pts',(-72.2618945813739,1.18075567690572,30.809428432799));
#3432=CARTESIAN_POINT('Ctrl Pts',(-72.3921135380922,0.873858570980163,30.820152370764));
#3433=CARTESIAN_POINT('Ctrl Pts',(-72.5242297733451,0.233903476565893,30.833218589602));
#3434=CARTESIAN_POINT('Ctrl Pts',(-72.5276313945563,-0.0919813648053074,
30.8354490864359));
#3435=CARTESIAN_POINT('Ctrl Pts',(-72.4132259252505,-0.710838254126485,
30.8308649612917));
#3436=CARTESIAN_POINT('Ctrl Pts',(-72.3027604964559,-0.998972936891555,
30.8247618750404));
#3437=CARTESIAN_POINT('Ctrl Pts',(-71.9718824541226,-1.53975540707658,30.8192888146715));
#3438=CARTESIAN_POINT('Ctrl Pts',(-71.7474233625951,-1.78292858158402,30.8209228516163));
#3439=CARTESIAN_POINT('Ctrl Pts',(-71.2823087583107,-2.12181507144543,30.8543150180192));
#3440=CARTESIAN_POINT('Ctrl Pts',(-71.0623975511851,-2.2364453767848,30.8786014621955));
#3441=CARTESIAN_POINT('Ctrl Pts',(-70.6550428986567,-2.3778272932932,30.9446875622864));
#3442=CARTESIAN_POINT('Ctrl Pts',(-70.4751159221585,-2.41846212948974,30.9803358221682));
#3443=CARTESIAN_POINT('Ctrl Pts',(-70.1150688330588,-2.45948394370599,31.0652646567977));
#3444=CARTESIAN_POINT('Ctrl Pts',(-69.9366466449784,-2.46034846689256,31.1139063989811));
#3445=CARTESIAN_POINT('Ctrl Pts',(-69.5375769476373,-2.42032184203428,31.23640291312));
#3446=CARTESIAN_POINT('Ctrl Pts',(-69.3202164045825,-2.36812873052506,31.3130589528647));
#3447=CARTESIAN_POINT('Ctrl Pts',(-68.8012925050711,-2.16882091421327,31.5150350108709));
#3448=CARTESIAN_POINT('Ctrl Pts',(-68.5152810261877,-1.98678685256843,31.6446618377105));
#3449=CARTESIAN_POINT('Ctrl Pts',(-68.0470227246796,-1.53434617372638,31.8726994244569));
#3450=CARTESIAN_POINT('Ctrl Pts',(-67.8601110894193,-1.2710975997818,31.9719178505934));
#3451=CARTESIAN_POINT('Ctrl Pts',(-67.6116434772211,-0.714206354484194,
32.106175248229));
#3452=CARTESIAN_POINT('Ctrl Pts',(-67.5396849471694,-0.434159235726689,
32.146260948048));
#3453=CARTESIAN_POINT('Ctrl Pts',(-67.512925081435,-0.0811100248033365,
32.1597446667891));
#3454=CARTESIAN_POINT('Ctrl Pts',(-67.5105539849129,-0.0180880086150805,
32.1607723632229));
#3455=CARTESIAN_POINT('Ctrl Pts',(-67.5105539849129,0.0447822418661607,
32.1604359351189));
#3456=CARTESIAN_POINT('Ctrl Pts',(-67.5105539849129,0.0447822418661602,
32.1604359351189));
#3457=CARTESIAN_POINT('Ctrl Pts',(-67.5105539849129,0.271359601980341,32.1592234858112));
#3458=CARTESIAN_POINT('Ctrl Pts',(-67.5412983464056,0.495965325182883,32.1401953182786));
#3459=CARTESIAN_POINT('Ctrl Pts',(-67.6015471688628,0.713128080653475,32.1049222785559));
#3460=CARTESIAN_POINT('Origin',(-44.4371723649345,0.141329565816166,55.));
#3461=CARTESIAN_POINT('',(-41.9371723649345,0.141329565816166,38.9570618955809));
#3462=CARTESIAN_POINT('',(-41.9371723649345,0.141329565816166,55.));
#3463=CARTESIAN_POINT('',(-42.7411071645273,1.9780012392428,38.6322493273114));
#3464=CARTESIAN_POINT('Ctrl Pts',(-42.7411071645273,1.9780012392428,38.6322493273114));
#3465=CARTESIAN_POINT('Ctrl Pts',(-42.807549336145,2.03935692776932,38.6082352322313));
#3466=CARTESIAN_POINT('Ctrl Pts',(-42.8771741076878,2.09697181032282,38.5836020020005));
#3467=CARTESIAN_POINT('Ctrl Pts',(-43.2055562661102,2.34008011845981,38.4703430617002));
#3468=CARTESIAN_POINT('Ctrl Pts',(-43.49568791739,2.47916959336261,38.3781812489411));
#3469=CARTESIAN_POINT('Ctrl Pts',(-44.0658161011114,2.62830653495892,38.2197678640248));
#3470=CARTESIAN_POINT('Ctrl Pts',(-44.3380940246319,2.65430373974157,38.1524243754409));
#3471=CARTESIAN_POINT('Ctrl Pts',(-44.8674007545345,2.61740493489279,38.0397527544841));
#3472=CARTESIAN_POINT('Ctrl Pts',(-45.1208947821733,2.56004825718158,37.9940711881686));
#3473=CARTESIAN_POINT('Ctrl Pts',(-45.6281415461262,2.3579311267908,37.9180369281735));
#3474=CARTESIAN_POINT('Ctrl Pts',(-45.8744225106961,2.20705341816998,37.8903537047039));
#3475=CARTESIAN_POINT('Ctrl Pts',(-46.3359760899492,1.80015941697112,37.8508936773208));
#3476=CARTESIAN_POINT('Ctrl Pts',(-46.5369319432436,1.53725302484718,37.8420071087956));
#3477=CARTESIAN_POINT('Ctrl Pts',(-46.8279669573632,0.944256679235627,37.8352291838186));
#3478=CARTESIAN_POINT('Ctrl Pts',(-46.9134868964016,0.619367199322053,37.8372566368074));
#3479=CARTESIAN_POINT('Ctrl Pts',(-46.9516185277302,-0.0326426586471696,
37.8441584202016));
#3480=CARTESIAN_POINT('Ctrl Pts',(-46.9086242389846,-0.353203670263257,
37.848856031288));
#3481=CARTESIAN_POINT('Ctrl Pts',(-46.7071937046695,-0.95112423900028,37.8638078636144));
#3482=CARTESIAN_POINT('Ctrl Pts',(-46.5541105221339,-1.22422654333456,37.8739459874574));
#3483=CARTESIAN_POINT('Ctrl Pts',(-46.1552733898433,-1.70130338442849,37.9095649644551));
#3484=CARTESIAN_POINT('Ctrl Pts',(-45.9129358738387,-1.90030251151652,37.9350535794675));
#3485=CARTESIAN_POINT('Ctrl Pts',(-45.4074638383766,-2.17808122852641,38.0052688545017));
#3486=CARTESIAN_POINT('Ctrl Pts',(-45.1560823542759,-2.26758828385536,38.0463142173997));
#3487=CARTESIAN_POINT('Ctrl Pts',(-44.6362860687546,-2.36475340025872,38.1467681821006));
#3488=CARTESIAN_POINT('Ctrl Pts',(-44.3716953465911,-2.37147059818393,38.2054904027191));
#3489=CARTESIAN_POINT('Ctrl Pts',(-43.8159309783269,-2.29862763375067,38.3441131447488));
#3490=CARTESIAN_POINT('Ctrl Pts',(-43.5298699815912,-2.20708842364829,38.4249373995248));
#3491=CARTESIAN_POINT('Ctrl Pts',(-42.9703241814539,-1.9108122598485,38.5965002225588));
#3492=CARTESIAN_POINT('Ctrl Pts',(-42.7064238318995,-1.69440676832904,38.6860514753));
#3493=CARTESIAN_POINT('Ctrl Pts',(-42.2975320564337,-1.18851948298468,38.8300612428206));
#3494=CARTESIAN_POINT('Ctrl Pts',(-42.1472397841293,-0.910462206177524,
38.8856353041352));
#3495=CARTESIAN_POINT('Ctrl Pts',(-41.9760498706824,-0.366149115916776,
38.9471046003791));
#3496=CARTESIAN_POINT('Ctrl Pts',(-41.9371723649345,-0.113368321369132,
38.9600085654522));
#3497=CARTESIAN_POINT('Ctrl Pts',(-41.9371723649345,0.141329565816173,38.9570618955809));
#3498=CARTESIAN_POINT('Ctrl Pts',(-41.9371723649345,0.141329565816185,38.9570618955809));
#3499=CARTESIAN_POINT('Ctrl Pts',(-41.9371723649345,0.190557544827706,38.9564923635593));
#3500=CARTESIAN_POINT('Ctrl Pts',(-41.9386262953442,0.23985719202977,38.9553350533043));
#3501=CARTESIAN_POINT('Ctrl Pts',(-41.9602177218034,0.604335197769191,38.9424097978461));
#3502=CARTESIAN_POINT('Ctrl Pts',(-42.0381430626001,0.910470106522412,38.9071741762317));
#3503=CARTESIAN_POINT('Ctrl Pts',(-42.3079002957665,1.49229176404842,38.7955321228673));
#3504=CARTESIAN_POINT('Ctrl Pts',(-42.5031434694002,1.75825486426201,38.7182561910437));
#3505=CARTESIAN_POINT('Ctrl Pts',(-42.7411071645273,1.9780012392428,38.6322493273114));
#3506=CARTESIAN_POINT('Ctrl Pts',(-80.0195914072991,1.15,29.4462172114281));
#3507=CARTESIAN_POINT('Ctrl Pts',(-80.0289090319017,1.15,29.4748403674746));
#3508=CARTESIAN_POINT('Ctrl Pts',(-80.0382568750722,1.15,29.5034695455901));
#3509=CARTESIAN_POINT('Ctrl Pts',(-80.3838527730922,1.15,30.5697744726449));
#3510=CARTESIAN_POINT('Ctrl Pts',(-81.0219080490645,1.15,32.6546848646005));
#3511=CARTESIAN_POINT('Ctrl Pts',(-82.0781090320607,1.15,35.7613785090094));
#3512=CARTESIAN_POINT('Ctrl Pts',(-83.5657167395634,1.15,38.7063376429465));
#3513=CARTESIAN_POINT('Ctrl Pts',(-85.9097058242288,1.15,41.0494240842608));
#3514=CARTESIAN_POINT('Ctrl Pts',(-87.6231670584268,1.15,42.3877621283404));
#3515=CARTESIAN_POINT('Ctrl Pts',(-88.522144080805,1.15,42.9999999860248));
#3516=CARTESIAN_POINT('Ctrl Pts',(-79.9698031058013,1.14999999999999,29.4624246730443));
#3517=CARTESIAN_POINT('Ctrl Pts',(-79.9790979224045,1.15,29.4910131095237));
#3518=CARTESIAN_POINT('Ctrl Pts',(-79.9884936211596,1.15,29.5197183612679));
#3519=CARTESIAN_POINT('Ctrl Pts',(-80.3335868864934,1.15,30.5848651093349));
#3520=CARTESIAN_POINT('Ctrl Pts',(-80.9724108216266,1.15,32.6710147542201));
#3521=CARTESIAN_POINT('Ctrl Pts',(-82.0285074951435,1.15,35.7794135127247));
#3522=CARTESIAN_POINT('Ctrl Pts',(-83.522849112251,1.15,38.7377098225651));
#3523=CARTESIAN_POINT('Ctrl Pts',(-85.8765859219589,1.15,41.0904154922945));
#3524=CARTESIAN_POINT('Ctrl Pts',(-87.5910513471619,1.15,42.4289625638802));
#3525=CARTESIAN_POINT('Ctrl Pts',(-88.4926708754369,1.15,43.04327684986));
#3526=CARTESIAN_POINT('Ctrl Pts',(-79.8706231412527,1.10666250777457,29.4947104795522));
#3527=CARTESIAN_POINT('Ctrl Pts',(-79.8799208472886,1.10666250777458,29.5233033144818));
#3528=CARTESIAN_POINT('Ctrl Pts',(-79.8893225603263,1.10666250777458,29.5520339304572));
#3529=CARTESIAN_POINT('Ctrl Pts',(-80.233840881218,1.10666250777458,30.6154716712604));
#3530=CARTESIAN_POINT('Ctrl Pts',(-80.8737370043524,1.10666250777458,32.703467758668));
#3531=CARTESIAN_POINT('Ctrl Pts',(-81.9302111302792,1.10666250777458,35.8160043163517));
#3532=CARTESIAN_POINT('Ctrl Pts',(-83.4374955158144,1.10666250777458,38.8001581234284));
#3533=CARTESIAN_POINT('Ctrl Pts',(-85.8102286908274,1.10666250777458,41.1716385603239));
#3534=CARTESIAN_POINT('Ctrl Pts',(-87.5284709949621,1.10666250777458,42.5125718301541));
#3535=CARTESIAN_POINT('Ctrl Pts',(-88.4339592629577,1.10666250777458,43.129485812444));
#3536=CARTESIAN_POINT('Ctrl Pts',(-79.8294141043024,1.00235987755983,29.5081251545767));
#3537=CARTESIAN_POINT('Ctrl Pts',(-79.838731728905,1.00235987755983,29.5367483106231));
#3538=CARTESIAN_POINT('Ctrl Pts',(-79.8481013447856,1.00235987755983,29.5654405911978));
#3539=CARTESIAN_POINT('Ctrl Pts',(-80.1925459098062,1.00235987755983,30.6283999246883));
#3540=CARTESIAN_POINT('Ctrl Pts',(-80.8327097299329,1.00235987755983,32.7169222012641));
#3541=CARTESIAN_POINT('Ctrl Pts',(-81.8895673770778,1.00235987755983,35.8314650880617));
#3542=CARTESIAN_POINT('Ctrl Pts',(-83.4020468548138,1.00235987755983,38.8260873733475));
#3543=CARTESIAN_POINT('Ctrl Pts',(-85.7825097348278,1.00235987755983,41.2052187553997));
#3544=CARTESIAN_POINT('Ctrl Pts',(-87.5030094423981,1.00235987755983,42.5479064827142));
#3545=CARTESIAN_POINT('Ctrl Pts',(-88.4095647290507,1.00235987755983,43.1653054292461));
#3546=CARTESIAN_POINT('Ctrl Pts',(-79.8294141043024,0.95,29.5081251545767));
#3547=CARTESIAN_POINT('Ctrl Pts',(-79.838731728905,0.95,29.5367483106231));
#3548=CARTESIAN_POINT('Ctrl Pts',(-79.8481013447856,0.95,29.5654405911978));
#3549=CARTESIAN_POINT('Ctrl Pts',(-80.1925459098062,0.949999999999996,30.6283999246883));
#3550=CARTESIAN_POINT('Ctrl Pts',(-80.8327097299329,0.950000000000001,32.7169222012641));
#3551=CARTESIAN_POINT('Ctrl Pts',(-81.8895673770778,0.949999999999999,35.8314650880617));
#3552=CARTESIAN_POINT('Ctrl Pts',(-83.4020468548138,0.95,38.8260873733475));
#3553=CARTESIAN_POINT('Ctrl Pts',(-85.7825097348278,0.949999999999999,41.2052187553997));
#3554=CARTESIAN_POINT('Ctrl Pts',(-87.5030094423981,0.95,42.5479064827142));
#3555=CARTESIAN_POINT('Ctrl Pts',(-88.4095647290507,0.95,43.1653054292461));
#3556=CARTESIAN_POINT('',(-80.0211614697388,1.15,29.4510403443755));
#3557=CARTESIAN_POINT('Ctrl Pts',(-88.5221440760462,1.15,42.9999999827839));
#3558=CARTESIAN_POINT('Ctrl Pts',(-87.6231670554034,1.15,42.3877621259789));
#3559=CARTESIAN_POINT('Ctrl Pts',(-85.9097058228501,1.15,41.0494240828827));
#3560=CARTESIAN_POINT('Ctrl Pts',(-83.5657167395634,1.15,38.7063376429465));
#3561=CARTESIAN_POINT('Ctrl Pts',(-82.0781090320607,1.15,35.7613785090094));
#3562=CARTESIAN_POINT('Ctrl Pts',(-81.0219080490645,1.15,32.6546848646005));
#3563=CARTESIAN_POINT('Ctrl Pts',(-80.3838527730922,1.15,30.5697744726449));
#3564=CARTESIAN_POINT('Ctrl Pts',(-80.038777777673,1.15,29.5050767435136));
#3565=CARTESIAN_POINT('Ctrl Pts',(-80.0299588749374,1.15,29.4780563358166));
#3566=CARTESIAN_POINT('Ctrl Pts',(-80.0211616959895,1.15,29.4510402707514));
#3567=CARTESIAN_POINT('',(-80.,1.14893592867709,29.4525947533859));
#3568=CARTESIAN_POINT('Ctrl Pts',(-80.0211617372145,1.15,29.4510403973529));
#3569=CARTESIAN_POINT('Ctrl Pts',(-80.0154551453054,1.15,29.4514406604503));
#3570=CARTESIAN_POINT('Ctrl Pts',(-80.0098333384653,1.1497580467493,29.4518757978335));
#3571=CARTESIAN_POINT('Ctrl Pts',(-80.0042479619655,1.14929038898085,29.4523018675686));
#3572=CARTESIAN_POINT('Ctrl Pts',(-80.0020881473379,1.14910954994715,29.4524666248855));
#3573=CARTESIAN_POINT('Ctrl Pts',(-80.0004770380512,1.14894033992572,29.4525844981904));
#3574=CARTESIAN_POINT('Ctrl Pts',(-80.0000078824518,1.14889222335425,29.452592187431));
#3575=CARTESIAN_POINT('Ctrl Pts',(-80.,0.95,30.037654227898));
#3576=CARTESIAN_POINT('Ctrl Pts',(-80.,0.958124162191702,30.037654227898));
#3577=CARTESIAN_POINT('Ctrl Pts',(-80.,0.965992721585562,30.0360221038357));
#3578=CARTESIAN_POINT('Ctrl Pts',(-80.,0.983214237116362,30.0292853569162));
#3579=CARTESIAN_POINT('Ctrl Pts',(-80.,0.99204154337853,30.0234801266463));
#3580=CARTESIAN_POINT('Ctrl Pts',(-80.,1.01391451826572,30.004888980526));
#3581=CARTESIAN_POINT('Ctrl Pts',(-80.,1.02592207078835,29.9893800730884));
#3582=CARTESIAN_POINT('Ctrl Pts',(-80.,1.06150970280221,29.9337446155714));
#3583=CARTESIAN_POINT('Ctrl Pts',(-80.0000000000237,1.07945568755941,29.8836758632922));
#3584=CARTESIAN_POINT('Ctrl Pts',(-80.0000000000237,1.12285537800979,29.7438148080977));
#3585=CARTESIAN_POINT('Ctrl Pts',(-80.,1.14408331712769,29.6039632259862));
#3586=CARTESIAN_POINT('Ctrl Pts',(-80.,1.14893592867709,29.4525947533859));
#3587=CARTESIAN_POINT('Origin',(-80.,0.,29.547563802493));
#3588=CARTESIAN_POINT('Origin',(-80.,-0.000214873964342719,22.547563802493));
#3589=CARTESIAN_POINT('Ctrl Pts',(-33.,14.9775531066866,23.5));
#3590=CARTESIAN_POINT('Ctrl Pts',(-45.5333333333333,14.9775531066866,23.5));
#3591=CARTESIAN_POINT('Ctrl Pts',(-72.1666666666667,6.98941018367277,22.9285382814958));
#3592=CARTESIAN_POINT('Ctrl Pts',(-80.,6.98941018367277,22.9285382814958));
#3593=CARTESIAN_POINT('Ctrl Pts',(-33.,14.8596574832781,26.0234951170614));
#3594=CARTESIAN_POINT('Ctrl Pts',(-45.5333333333333,14.8596574832781,26.0234951170614));
#3595=CARTESIAN_POINT('Ctrl Pts',(-72.1666666666667,6.93439222608214,23.9379363283204));
#3596=CARTESIAN_POINT('Ctrl Pts',(-80.,6.93439222608214,23.9379363283204));
#3597=CARTESIAN_POINT('Ctrl Pts',(-33.,13.6730333634839,31.0099753303859));
#3598=CARTESIAN_POINT('Ctrl Pts',(-45.5333333333333,13.6730333634839,31.0099753303859));
#3599=CARTESIAN_POINT('Ctrl Pts',(-72.1666666666667,6.38063430351153,25.9325284136502));
#3600=CARTESIAN_POINT('Ctrl Pts',(-80.,6.38063430351153,25.9325284136502));
#3601=CARTESIAN_POINT('Ctrl Pts',(-33.,9.36344284962146,36.9223742988579));
#3602=CARTESIAN_POINT('Ctrl Pts',(-45.5333333333333,9.36344284962146,36.9223742988579));
#3603=CARTESIAN_POINT('Ctrl Pts',(-72.1666666666667,4.36949206370903,28.297488001039));
#3604=CARTESIAN_POINT('Ctrl Pts',(-80.,4.36949206370903,28.297488001039));
#3605=CARTESIAN_POINT('Ctrl Pts',(-33.,3.32626285104124,40.184579129196));
#3606=CARTESIAN_POINT('Ctrl Pts',(-45.5333333333333,3.32626285104124,40.184579129196));
#3607=CARTESIAN_POINT('Ctrl Pts',(-72.1666666666667,1.55214139770493,29.6023699331742));
#3608=CARTESIAN_POINT('Ctrl Pts',(-80.,1.55214139770493,29.6023699331742));
#3609=CARTESIAN_POINT('Ctrl Pts',(-33.,-3.32667471784356,40.1806193046026));
#3610=CARTESIAN_POINT('Ctrl Pts',(-45.5333333333333,-3.32667471784356,40.1806193046026));
#3611=CARTESIAN_POINT('Ctrl Pts',(-72.1666666666667,-1.55256280110798,29.6007860033369));
#3612=CARTESIAN_POINT('Ctrl Pts',(-80.,-1.55256280110798,29.6007860033369));
#3613=CARTESIAN_POINT('Ctrl Pts',(-33.,-9.36622007251004,36.9258922374479));
#3614=CARTESIAN_POINT('Ctrl Pts',(-45.5333333333333,-9.36622007251004,36.9258922374479));
#3615=CARTESIAN_POINT('Ctrl Pts',(-72.1666666666667,-4.37101729995233,28.298895176475));
#3616=CARTESIAN_POINT('Ctrl Pts',(-80.,-4.37101729995233,28.298895176475));
#3617=CARTESIAN_POINT('Ctrl Pts',(-33.,-13.6723460927735,31.0078895227752));
#3618=CARTESIAN_POINT('Ctrl Pts',(-45.5333333333333,-13.6723460927735,31.0078895227752));
#3619=CARTESIAN_POINT('Ctrl Pts',(-72.1666666666667,-6.38054277607529,25.9316940906059));
#3620=CARTESIAN_POINT('Ctrl Pts',(-80.,-6.38054277607529,25.9316940906059));
#3621=CARTESIAN_POINT('Ctrl Pts',(-33.,-14.8600872312068,26.0234951170614));
#3622=CARTESIAN_POINT('Ctrl Pts',(-45.5333333333333,-14.8600872312068,26.0234951170614));
#3623=CARTESIAN_POINT('Ctrl Pts',(-72.1666666666667,-6.93482197401083,23.9379363283204));
#3624=CARTESIAN_POINT('Ctrl Pts',(-80.,-6.93482197401083,23.9379363283204));
#3625=CARTESIAN_POINT('Ctrl Pts',(-33.,-14.9779828546153,23.5));
#3626=CARTESIAN_POINT('Ctrl Pts',(-45.5333333333333,-14.9779828546153,23.5));
#3627=CARTESIAN_POINT('Ctrl Pts',(-72.1666666666667,-6.98983993160145,22.9285382814958));
#3628=CARTESIAN_POINT('Ctrl Pts',(-80.,-6.98983993160145,22.9285382814958));
#3629=CARTESIAN_POINT('',(-80.,-6.93511684080414,23.5));
#3630=CARTESIAN_POINT('Origin',(-80.,-0.000214873964342719,22.547563802493));
#3631=CARTESIAN_POINT('Origin',(-80.,-0.000214873964342719,22.547563802493));
#3632=CARTESIAN_POINT('',(-76.,1.99980061147611,29.7657232867896));
#3633=CARTESIAN_POINT('Ctrl Pts',(-76.000000000003,1.99960622321349,29.766277586203));
#3634=CARTESIAN_POINT('Ctrl Pts',(-76.000000000003,2.88824868715753,29.5113670308227));
#3635=CARTESIAN_POINT('Ctrl Pts',(-76.000000000003,3.72983991102468,29.0857074235006));
#3636=CARTESIAN_POINT('Ctrl Pts',(-76.000000000003,4.46505491169073,28.5179236980685));
#3637=CARTESIAN_POINT('Ctrl Pts',(-76.000000000003,5.31349247325841,27.8627017030508));
#3638=CARTESIAN_POINT('Ctrl Pts',(-76.000000000003,6.02026729976869,27.0182109909907));
#3639=CARTESIAN_POINT('Ctrl Pts',(-76.000000000003,6.51960988910774,26.0617870069013));
#3640=CARTESIAN_POINT('Ctrl Pts',(-76.000000000003,6.93492479977651,25.2663068095495));
#3641=CARTESIAN_POINT('Ctrl Pts',(-76.000000000003,7.20674559869218,24.3933952270645));
#3642=CARTESIAN_POINT('Ctrl Pts',(-76.000000000003,7.31984070723455,23.4999946531575));
#3643=CARTESIAN_POINT('',(-72.5,1.99980061147611,30.5718699002565));
#3644=CARTESIAN_POINT('Ctrl Pts',(-72.5,1.99980061147612,30.5718699002565));
#3645=CARTESIAN_POINT('Ctrl Pts',(-73.6290226906517,1.99980061147612,30.2866345368833));
#3646=CARTESIAN_POINT('Ctrl Pts',(-74.8472808952721,1.99980061147612,29.997309886742));
#3647=CARTESIAN_POINT('Ctrl Pts',(-76.,1.99980061147612,29.7657232867896));
#3648=CARTESIAN_POINT('Ctrl Pts',(-72.500000000002,7.92864513761592,23.4999944947445));
#3649=CARTESIAN_POINT('Ctrl Pts',(-72.500000000002,7.81421921037312,24.522438734321));
#3650=CARTESIAN_POINT('Ctrl Pts',(-72.500000000002,7.51571123802328,25.5229534386737));
#3651=CARTESIAN_POINT('Ctrl Pts',(-72.500000000002,7.05132472817012,26.4319889068714));
#3652=CARTESIAN_POINT('Ctrl Pts',(-72.5000000000021,6.51125897921009,27.4891663023101));
#3653=CARTESIAN_POINT('Ctrl Pts',(-72.5000000000021,5.74684415825398,28.4226189407838));
#3654=CARTESIAN_POINT('Ctrl Pts',(-72.5000000000021,4.82921350363592,29.146864561607));
#3655=CARTESIAN_POINT('Ctrl Pts',(-72.5000000000021,3.98920455586761,29.8098467743435));
#3656=CARTESIAN_POINT('Ctrl Pts',(-72.5000000000021,3.02080429328505,30.2975183587816));
#3657=CARTESIAN_POINT('Ctrl Pts',(-72.5000000000021,1.99965249105941,30.5725795167902));
#3658=CARTESIAN_POINT('',(-67.5,1.9997696405952,31.9226832179406));
#3659=CARTESIAN_POINT('Ctrl Pts',(-67.5000000000008,1.99968751395929,31.9235841155195));
#3660=CARTESIAN_POINT('Ctrl Pts',(-67.5000000000008,3.24317863465806,31.6201051618671));
#3661=CARTESIAN_POINT('Ctrl Pts',(-67.5000000000008,4.42540178318163,31.0289352603163));
#3662=CARTESIAN_POINT('Ctrl Pts',(-67.5000000000008,5.44103797897578,30.203550913009));
#3663=CARTESIAN_POINT('Ctrl Pts',(-67.5000000000008,6.47492025799343,29.3633383904607));
#3664=CARTESIAN_POINT('Ctrl Pts',(-67.5000000000008,7.33617629082934,28.2804204224377));
#3665=CARTESIAN_POINT('Ctrl Pts',(-67.5000000000008,7.94466120199065,27.0539667709915));
#3666=CARTESIAN_POINT('Ctrl Pts',(-67.5000000000008,8.49028288000394,25.9542193704676));
#3667=CARTESIAN_POINT('Ctrl Pts',(-67.5000000000008,8.83266367985773,24.739061957309));
#3668=CARTESIAN_POINT('Ctrl Pts',(-67.5000000000008,8.94854493630908,23.4999953690306));
#3669=CARTESIAN_POINT('',(-64.,1.9997696405952,32.9268220182865));
#3670=CARTESIAN_POINT('Ctrl Pts',(-64.,1.9997696405952,32.9268220182865));
#3671=CARTESIAN_POINT('Ctrl Pts',(-65.1350750456287,1.9997696405952,32.5976895083525));
#3672=CARTESIAN_POINT('Ctrl Pts',(-66.3378588131197,1.9997696405952,32.2510259059772));
#3673=CARTESIAN_POINT('Ctrl Pts',(-67.5,1.9997696405952,31.9226832179406));
#3674=CARTESIAN_POINT('Ctrl Pts',(-64.0000000000313,9.70693261820586,23.4999963001226));
#3675=CARTESIAN_POINT('Ctrl Pts',(-64.0000000000313,9.59036294518391,24.9003694554521));
#3676=CARTESIAN_POINT('Ctrl Pts',(-64.0000000000313,9.21581831436267,26.275626456746));
#3677=CARTESIAN_POINT('Ctrl Pts',(-64.0000000000313,8.6103558692575,27.5174509781593));
#3678=CARTESIAN_POINT('Ctrl Pts',(-64.0000000000313,7.95088650514817,28.8700455677867));
#3679=CARTESIAN_POINT('Ctrl Pts',(-64.0000000000313,7.01746653385317,30.0643418078695));
#3680=CARTESIAN_POINT('Ctrl Pts',(-64.0000000000313,5.89695610442211,30.9909703117643));
#3681=CARTESIAN_POINT('Ctrl Pts',(-64.0000000000313,4.77644567499105,31.9175988156592));
#3682=CARTESIAN_POINT('Ctrl Pts',(-64.0000000000314,3.46884478742393,32.5765595833659));
#3683=CARTESIAN_POINT('Ctrl Pts',(-64.0000000000314,2.09456002214852,32.9056400277321));
#3684=CARTESIAN_POINT('Ctrl Pts',(-64.0000000000314,2.06298279175065,32.9132013783879));
#3685=CARTESIAN_POINT('Ctrl Pts',(-64.0000000000314,2.03137035545256,32.9205885679998));
#3686=CARTESIAN_POINT('Ctrl Pts',(-64.0000000000314,1.99972432801359,32.9278016154329));
#3687=CARTESIAN_POINT('',(-59.,1.9997696405952,34.3801934576731));
#3688=CARTESIAN_POINT('Ctrl Pts',(-59.0000000000025,1.99976232365455,34.3812118473309));
#3689=CARTESIAN_POINT('Ctrl Pts',(-59.0000000000025,2.1100015272448,34.358284463781));
#3690=CARTESIAN_POINT('Ctrl Pts',(-59.0000000000025,2.21991433376162,34.3334343351935));
#3691=CARTESIAN_POINT('Ctrl Pts',(-59.0000000000025,2.32944625568542,34.3066608117581));
#3692=CARTESIAN_POINT('Ctrl Pts',(-59.0000000000025,3.85782899727403,33.9330693469912));
#3693=CARTESIAN_POINT('Ctrl Pts',(-59.0000000000025,5.31205062581914,33.1849783478265));
#3694=CARTESIAN_POINT('Ctrl Pts',(-59.0000000000025,6.55820342135659,32.1330152002394));
#3695=CARTESIAN_POINT('Ctrl Pts',(-59.0000000000025,7.80435621689403,31.0810520526523));
#3696=CARTESIAN_POINT('Ctrl Pts',(-59.0000000000025,8.84244017942381,29.7252167566429));
#3697=CARTESIAN_POINT('Ctrl Pts',(-59.0000000000025,9.5758555676888,28.1896718689852));
#3698=CARTESIAN_POINT('Ctrl Pts',(-59.0000000000025,10.2673875056142,26.7418179666482));
#3699=CARTESIAN_POINT('Ctrl Pts',(-59.0000000000025,10.6880549310421,25.1341938909336));
#3700=CARTESIAN_POINT('Ctrl Pts',(-59.0000000000025,10.8052631989479,23.4999976431572));
#3701=CARTESIAN_POINT('',(-55.5,1.9997696405952,35.3837004055662));
#3702=CARTESIAN_POINT('Ctrl Pts',(-55.5,1.99978146287372,35.384712645347));
#3703=CARTESIAN_POINT('Ctrl Pts',(-56.0834321573744,1.9997770291204,35.2195481258449));
#3704=CARTESIAN_POINT('Ctrl Pts',(-56.6664783899824,1.99977187349313,35.053203030514));
#3705=CARTESIAN_POINT('Ctrl Pts',(-57.2496516832465,1.99976891986688,34.8858825821413));
#3706=CARTESIAN_POINT('Ctrl Pts',(-57.7320355926797,1.99976647671355,34.7474799959008));
#3707=CARTESIAN_POINT('Ctrl Pts',(-58.2145070558299,1.99976522873447,34.608409149197));
#3708=CARTESIAN_POINT('Ctrl Pts',(-58.6973181216261,1.99976350433941,34.4687947764751));
#3709=CARTESIAN_POINT('Ctrl Pts',(-58.798196755587,1.99976314404398,34.4396237234498));
#3710=CARTESIAN_POINT('Ctrl Pts',(-58.8990900458285,1.99976275754801,34.4104289995317));
#3711=CARTESIAN_POINT('Ctrl Pts',(-58.9999999999998,1.9997623236542,34.3812118473318));
#3712=CARTESIAN_POINT('Ctrl Pts',(-55.5000000001139,11.5641301867085,23.4999984327382));
#3713=CARTESIAN_POINT('Ctrl Pts',(-55.5000000001139,11.4466442237484,25.2958478844281));
#3714=CARTESIAN_POINT('Ctrl Pts',(-55.5000000001139,10.9943354362588,27.0642739651735));
#3715=CARTESIAN_POINT('Ctrl Pts',(-55.5000000001139,10.2436411570049,28.6546118627108));
#3716=CARTESIAN_POINT('Ctrl Pts',(-55.5000000001139,9.4590811755323,30.3166938925182));
#3717=CARTESIAN_POINT('Ctrl Pts',(-55.5000000001139,8.34860661031206,31.7842572955739));
#3718=CARTESIAN_POINT('Ctrl Pts',(-55.5000000001139,7.01555356858112,32.9229078538725));
#3719=CARTESIAN_POINT('Ctrl Pts',(-55.5000000001139,5.68250052685018,34.061558412171));
#3720=CARTESIAN_POINT('Ctrl Pts',(-55.5000000001139,4.12686900860854,34.8712961257125));
#3721=CARTESIAN_POINT('Ctrl Pts',(-55.5000000001139,2.49190476513865,35.2756735327616));
#3722=CARTESIAN_POINT('Ctrl Pts',(-55.5000000001139,2.328602509386,35.316063249546));
#3723=CARTESIAN_POINT('Ctrl Pts',(-55.5000000001139,2.16450880957539,35.3524089856783));
#3724=CARTESIAN_POINT('Ctrl Pts',(-55.5000000001139,1.99978146287205,35.3847126453151));
#3725=CARTESIAN_POINT('',(-50.5,1.9997696405952,36.7589788121931));
#3726=CARTESIAN_POINT('Ctrl Pts',(-50.5000000000034,1.99980138708775,36.7599558811906));
#3727=CARTESIAN_POINT('Ctrl Pts',(-50.5000000000034,2.239410070305,36.7163826906444));
#3728=CARTESIAN_POINT('Ctrl Pts',(-50.5000000000034,2.47789538425036,36.6648914033965));
#3729=CARTESIAN_POINT('Ctrl Pts',(-50.5000000000034,2.71485116480979,36.6054770506589));
#3730=CARTESIAN_POINT('Ctrl Pts',(-50.5000000000034,4.49608021272698,36.1588512257499));
#3731=CARTESIAN_POINT('Ctrl Pts',(-50.5000000000034,6.19087938599009,35.264513985424));
#3732=CARTESIAN_POINT('Ctrl Pts',(-50.5000000000034,7.64318808927168,34.0068998457162));
#3733=CARTESIAN_POINT('Ctrl Pts',(-50.5000000000034,9.09549679255326,32.7492857060085));
#3734=CARTESIAN_POINT('Ctrl Pts',(-50.5000000000034,10.3053150258533,31.128394666919));
#3735=CARTESIAN_POINT('Ctrl Pts',(-50.5000000000034,11.1600621766941,29.2926621440604));
#3736=CARTESIAN_POINT('Ctrl Pts',(-50.5000000000034,11.9915873067823,27.5068033396459));
#3737=CARTESIAN_POINT('Ctrl Pts',(-50.5000000000034,12.4870726208927,25.5176182261157));
#3738=CARTESIAN_POINT('Ctrl Pts',(-50.5000000000034,12.6047965745555,23.4999992573625));
#3739=CARTESIAN_POINT('',(-47.,1.9997696405952,37.6545101617236));
#3740=CARTESIAN_POINT('Ctrl Pts',(-47.0000000000001,1.99981148396219,37.6554532771635));
#3741=CARTESIAN_POINT('Ctrl Pts',(-47.5878778778475,1.99981297833271,37.5112192394135));
#3742=CARTESIAN_POINT('Ctrl Pts',(-48.177235673706,1.99981603818251,37.3631322010228));
#3743=CARTESIAN_POINT('Ctrl Pts',(-48.7657769265071,1.9998142846146,37.21232573018));
#3744=CARTESIAN_POINT('Ctrl Pts',(-49.3074159748692,1.99981267079255,37.073537373433));
#3745=CARTESIAN_POINT('Ctrl Pts',(-49.8483621228365,1.9998070948866,36.9324468513429));
#3746=CARTESIAN_POINT('Ctrl Pts',(-50.3868616993661,1.99980235574749,36.7899291424696));
#3747=CARTESIAN_POINT('Ctrl Pts',(-50.4245866510311,1.9998020237439,36.779944968084));
#3748=CARTESIAN_POINT('Ctrl Pts',(-50.4622996156668,1.99980169972282,36.7699537819458));
#3749=CARTESIAN_POINT('Ctrl Pts',(-50.5000000000001,1.99980138708723,36.7599558811916));
#3750=CARTESIAN_POINT('Ctrl Pts',(-47.0000000001567,13.2828269333756,23.499999628571));
#3751=CARTESIAN_POINT('Ctrl Pts',(-47.0000000001567,13.1650119001369,25.6621490952247));
#3752=CARTESIAN_POINT('Ctrl Pts',(-47.0000000001567,12.6414984128946,27.7952850352379));
#3753=CARTESIAN_POINT('Ctrl Pts',(-47.0000000001567,11.7574573744708,29.7085934309133));
#3754=CARTESIAN_POINT('Ctrl Pts',(-47.0000000001567,10.8569567140256,31.6575249839246));
#3755=CARTESIAN_POINT('Ctrl Pts',(-47.0000000001567,9.5823784752637,33.3783670187738));
#3756=CARTESIAN_POINT('Ctrl Pts',(-47.0000000001567,8.05232956525682,34.7135309644302));
#3757=CARTESIAN_POINT('Ctrl Pts',(-47.0000000001567,6.52228065524994,36.0486949100865));
#3758=CARTESIAN_POINT('Ctrl Pts',(-47.0000000001567,4.73676107399806,36.9981807665501));
#3759=CARTESIAN_POINT('Ctrl Pts',(-47.0000000001567,2.86018513867512,37.4723474284771));
#3760=CARTESIAN_POINT('Ctrl Pts',(-47.0000000001568,2.57528072284668,37.5443360825352));
#3761=CARTESIAN_POINT('Ctrl Pts',(-47.0000000001568,2.28827748151558,37.6053687516148));
#3762=CARTESIAN_POINT('Ctrl Pts',(-47.0000000001568,1.99981148396005,37.6554532771255));
#3763=CARTESIAN_POINT('',(-42.,1.9997696405952,38.7809631234284));
#3764=CARTESIAN_POINT('Ctrl Pts',(-42.0000000000031,1.99982178620085,38.7818554109269));
#3765=CARTESIAN_POINT('Ctrl Pts',(-42.0000000000031,2.3498265680859,38.7243617935668));
#3766=CARTESIAN_POINT('Ctrl Pts',(-42.0000000000031,2.69793475194088,38.6516323625112));
#3767=CARTESIAN_POINT('Ctrl Pts',(-42.0000000000031,3.04314677280248,38.5636546891537));
#3768=CARTESIAN_POINT('Ctrl Pts',(-42.0000000000031,5.03975536026276,38.0548167359102));
#3769=CARTESIAN_POINT('Ctrl Pts',(-42.0000000000031,6.93948329660788,37.0359040230824));
#3770=CARTESIAN_POINT('Ctrl Pts',(-42.0000000000031,8.56739972431601,35.6031122561723));
#3771=CARTESIAN_POINT('Ctrl Pts',(-42.0000000000031,10.1953161520241,34.1703204892622));
#3772=CARTESIAN_POINT('Ctrl Pts',(-42.0000000000031,11.5514210710953,32.3236496682698));
#3773=CARTESIAN_POINT('Ctrl Pts',(-42.0000000000031,12.5095210433989,30.2322113153166));
#3774=CARTESIAN_POINT('Ctrl Pts',(-42.0000000000031,13.4595179281551,28.1584612084379));
#3775=CARTESIAN_POINT('Ctrl Pts',(-42.0000000000031,14.0182136154035,25.8440662825811));
#3776=CARTESIAN_POINT('Ctrl Pts',(-42.0000000000031,14.1360910906309,23.4999999108188));
#3777=CARTESIAN_POINT('',(-38.5,1.9997696405952,39.4062839121181));
#3778=CARTESIAN_POINT('Ctrl Pts',(-38.5,1.9997696405952,39.4062839121181));
#3779=CARTESIAN_POINT('Ctrl Pts',(-39.6649734681928,1.9997696405952,39.2287275036079));
#3780=CARTESIAN_POINT('Ctrl Pts',(-40.8457268529217,1.9997696405952,39.0134855267606));
#3781=CARTESIAN_POINT('Ctrl Pts',(-42.,1.9997696405952,38.7809631234284));
#3782=CARTESIAN_POINT('Ctrl Pts',(-38.5000000001045,14.6099352472587,23.4999999832325));
#3783=CARTESIAN_POINT('Ctrl Pts',(-38.5000000001045,14.4920429918915,25.945103306984));
#3784=CARTESIAN_POINT('Ctrl Pts',(-38.5000000001045,13.9138455243615,28.3601993508926));
#3785=CARTESIAN_POINT('Ctrl Pts',(-38.5000000001045,12.9272753938543,30.5230692017207));
#3786=CARTESIAN_POINT('Ctrl Pts',(-38.5000000001045,11.9371803071658,32.6936668574095));
#3787=CARTESIAN_POINT('Ctrl Pts',(-38.5000000001045,10.5357891619618,34.6102327218612));
#3788=CARTESIAN_POINT('Ctrl Pts',(-38.5000000001045,8.85350954270866,36.0972545343635));
#3789=CARTESIAN_POINT('Ctrl Pts',(-38.5000000001045,7.17122992345554,37.5842763468659));
#3790=CARTESIAN_POINT('Ctrl Pts',(-38.5000000001045,5.20806183015328,38.6417541074188));
#3791=CARTESIAN_POINT('Ctrl Pts',(-38.5000000001045,3.1447778205196,39.1698511784496));
#3792=CARTESIAN_POINT('Ctrl Pts',(-38.5000000001045,2.76608804622002,39.2667767396923));
#3793=CARTESIAN_POINT('Ctrl Pts',(-38.5000000001045,2.38402576959333,39.3458695958791));
#3794=CARTESIAN_POINT('Ctrl Pts',(-38.5000000001045,1.99982657349386,39.407145176496));
#3795=CARTESIAN_POINT('',(-33.,-14.9779828546153,23.5));
#3796=CARTESIAN_POINT('Origin',(-33.,-0.000214873964342719,22.547563802493));
#3797=CARTESIAN_POINT('',(-38.5,-14.6103652480503,23.5));
#3798=CARTESIAN_POINT('Ctrl Pts',(-38.5,-14.6103652480503,23.5));
#3799=CARTESIAN_POINT('Ctrl Pts',(-36.4780585602529,-14.8439130882073,23.5));
#3800=CARTESIAN_POINT('Ctrl Pts',(-34.6209504013773,-14.9779828546153,23.5));
#3801=CARTESIAN_POINT('Ctrl Pts',(-33.,-14.9779828546153,23.5));
#3802=CARTESIAN_POINT('',(-38.5,-2.00023035940481,39.406278942467));
#3803=CARTESIAN_POINT('Ctrl Pts',(-38.5,-2.00048154287888,39.4060457637536));
#3804=CARTESIAN_POINT('Ctrl Pts',(-38.5,-2.38471497567357,39.3446204583461));
#3805=CARTESIAN_POINT('Ctrl Pts',(-38.5,-2.76682452498373,39.2654320406783));
#3806=CARTESIAN_POINT('Ctrl Pts',(-38.5,-3.14557470755045,39.1684959389924));
#3807=CARTESIAN_POINT('Ctrl Pts',(-38.5,-5.20924330002078,38.64032724698));
#3808=CARTESIAN_POINT('Ctrl Pts',(-38.5,-7.17318055899454,37.5852734814467));
#3809=CARTESIAN_POINT('Ctrl Pts',(-38.5,-8.85528146967189,36.09855541003));
#3810=CARTESIAN_POINT('Ctrl Pts',(-38.5,-10.5373823803492,34.6118373386132));
#3811=CARTESIAN_POINT('Ctrl Pts',(-38.5,-11.9376469427302,32.693454961313));
#3812=CARTESIAN_POINT('Ctrl Pts',(-38.5,-12.927451161807,30.5224561514369));
#3813=CARTESIAN_POINT('Ctrl Pts',(-38.5,-13.9137314602531,28.3591865746233));
#3814=CARTESIAN_POINT('Ctrl Pts',(-38.5,-14.492468870868,25.9450961033553));
#3815=CARTESIAN_POINT('Ctrl Pts',(-38.5,-14.6103649745429,23.4999999447926));
#3816=CARTESIAN_POINT('',(-42.,-2.00023035940481,38.780958006555));
#3817=CARTESIAN_POINT('Ctrl Pts',(-42.,-2.00023035940481,38.780958006555));
#3818=CARTESIAN_POINT('Ctrl Pts',(-40.8457269624014,-2.00023035940481,39.013480444177));
#3819=CARTESIAN_POINT('Ctrl Pts',(-39.6649734896312,-2.00023035940481,39.2287224900738));
#3820=CARTESIAN_POINT('Ctrl Pts',(-38.5,-2.00023035940481,39.406278942467));
#3821=CARTESIAN_POINT('',(-42.,-14.1365222052954,23.5));
#3822=CARTESIAN_POINT('Ctrl Pts',(-42.0000000000709,-14.1365207262188,23.4999997025452));
#3823=CARTESIAN_POINT('Ctrl Pts',(-42.0000000000709,-14.0186345029366,25.8440498505828));
#3824=CARTESIAN_POINT('Ctrl Pts',(-42.0000000000709,-13.4594228158338,28.157487259892));
#3825=CARTESIAN_POINT('Ctrl Pts',(-42.0000000000709,-12.5097050187443,30.2316206222871));
#3826=CARTESIAN_POINT('Ctrl Pts',(-42.0000000000709,-11.5518865146106,32.3234454997731));
#3827=CARTESIAN_POINT('Ctrl Pts',(-42.0000000000709,-10.1968717726227,34.1718665873904));
#3828=CARTESIAN_POINT('Ctrl Pts',(-42.0000000000709,-8.56912827849062,35.6043656903149));
#3829=CARTESIAN_POINT('Ctrl Pts',(-42.0000000000709,-6.94138478435857,37.0368647932393));
#3830=CARTESIAN_POINT('Ctrl Pts',(-42.0000000000709,-5.04091253808245,38.0534419114707));
#3831=CARTESIAN_POINT('Ctrl Pts',(-42.0000000000709,-3.04393179565745,38.5623488737568));
#3832=CARTESIAN_POINT('Ctrl Pts',(-42.0000000000709,-2.69866561315164,38.6503358835393));
#3833=CARTESIAN_POINT('Ctrl Pts',(-42.0000000000709,-2.35051456308347,38.723147429775));
#3834=CARTESIAN_POINT('Ctrl Pts',(-42.0000000000709,-2.00047812197474,38.7807710849574));
#3835=CARTESIAN_POINT('',(-47.,-13.2832625585745,23.5000000001852));
#3836=CARTESIAN_POINT('Ctrl Pts',(-47.0000000000036,-13.283262558594,23.5));
#3837=CARTESIAN_POINT('Ctrl Pts',(-45.2843175590318,-13.6020428751482,23.5));
#3838=CARTESIAN_POINT('Ctrl Pts',(-43.6081442091723,-13.8910759302073,23.5));
#3839=CARTESIAN_POINT('Ctrl Pts',(-42.,-14.1365222052954,23.5));
#3840=CARTESIAN_POINT('',(-47.,-2.00023035940481,37.6545047567437));
#3841=CARTESIAN_POINT('Ctrl Pts',(-47.,-2.00047099510276,37.6543996036372));
#3842=CARTESIAN_POINT('Ctrl Pts',(-47.,-2.28896354390398,37.6042187147959));
#3843=CARTESIAN_POINT('Ctrl Pts',(-47.,-2.57600148020948,37.5431264297317));
#3844=CARTESIAN_POINT('Ctrl Pts',(-47.,-2.86094880302484,37.4711305890125));
#3845=CARTESIAN_POINT('Ctrl Pts',(-47.,-4.7378745200057,36.9968996201918));
#3846=CARTESIAN_POINT('Ctrl Pts',(-47.,-6.52409366456912,36.0495902151598));
#3847=CARTESIAN_POINT('Ctrl Pts',(-47.,-8.05398003747163,34.7146989918937));
#3848=CARTESIAN_POINT('Ctrl Pts',(-47.,-9.58386641037412,33.3798077686277));
#3849=CARTESIAN_POINT('Ctrl Pts',(-47.,-10.8574200116157,31.6573347271277));
#3850=CARTESIAN_POINT('Ctrl Pts',(-47.,-11.7576561252727,29.7080429866547));
#3851=CARTESIAN_POINT('Ctrl Pts',(-47.,-12.6414374523216,27.7943809872461));
#3852=CARTESIAN_POINT('Ctrl Pts',(-47.,-13.1654237865731,25.6621162304598));
#3853=CARTESIAN_POINT('Ctrl Pts',(-47.,-13.2832561923019,23.4999987295636));
#3854=CARTESIAN_POINT('',(-50.5,-2.00023035940481,36.7589731543378));
#3855=CARTESIAN_POINT('Ctrl Pts',(-50.5000000000001,-2.00046418328141,36.7589303669175));
#3856=CARTESIAN_POINT('Ctrl Pts',(-49.9612842976735,-2.00046812275258,36.9017895154243));
#3857=CARTESIAN_POINT('Ctrl Pts',(-49.4199955874937,-2.00047354702328,37.043279450042));
#3858=CARTESIAN_POINT('Ctrl Pts',(-48.877889717194,-2.00047505440983,37.1825236184845));
#3859=CARTESIAN_POINT('Ctrl Pts',(-48.2520937243423,-2.0004767945062,37.3432642549788));
#3860=CARTESIAN_POINT('Ctrl Pts',(-47.6252101591481,-2.00047300350944,37.5010107325785));
#3861=CARTESIAN_POINT('Ctrl Pts',(-47.0000000000001,-2.0004709951027,37.6543996036372));
#3862=CARTESIAN_POINT('',(-50.5,-12.6052384165905,23.5));
#3863=CARTESIAN_POINT('Ctrl Pts',(-50.5000000000683,-12.6052253047588,23.4999974002407));
#3864=CARTESIAN_POINT('Ctrl Pts',(-50.5000000000683,-12.4874773430976,25.5175725036501));
#3865=CARTESIAN_POINT('Ctrl Pts',(-50.5000000000683,-11.9915535107999,27.5059548173727));
#3866=CARTESIAN_POINT('Ctrl Pts',(-50.5000000000683,-11.1602726641858,29.2921436710159));
#3867=CARTESIAN_POINT('Ctrl Pts',(-50.5000000000683,-10.3057766187866,31.1282154607017));
#3868=CARTESIAN_POINT('Ctrl Pts',(-50.5000000000683,-9.09693096223538,32.7506427733138));
#3869=CARTESIAN_POINT('Ctrl Pts',(-50.5000000000683,-7.64477653772024,34.0080000310547));
#3870=CARTESIAN_POINT('Ctrl Pts',(-50.5000000000683,-6.1926221132051,35.2653572887955));
#3871=CARTESIAN_POINT('Ctrl Pts',(-50.5000000000683,-4.49715892072608,36.1576444916651));
#3872=CARTESIAN_POINT('Ctrl Pts',(-50.5000000000683,-2.7155978632019,36.6043308883539));
#3873=CARTESIAN_POINT('Ctrl Pts',(-50.5000000000683,-2.47860812594795,36.6637507389052));
#3874=CARTESIAN_POINT('Ctrl Pts',(-50.5000000000683,-2.24009486210064,36.715285554469));
#3875=CARTESIAN_POINT('Ctrl Pts',(-50.5000000000683,-2.00046418328166,36.7589303668994));
#3876=CARTESIAN_POINT('',(-55.5,-11.5645870079396,23.5000000003842));
#3877=CARTESIAN_POINT('Ctrl Pts',(-55.5000000000103,-11.5645870079875,23.5));
#3878=CARTESIAN_POINT('Ctrl Pts',(-53.8311825453321,-11.9219411950969,23.5));
#3879=CARTESIAN_POINT('Ctrl Pts',(-52.1565318943805,-12.2726952014822,23.5));
#3880=CARTESIAN_POINT('Ctrl Pts',(-50.5,-12.6052384165905,23.5));
#3881=CARTESIAN_POINT('',(-55.5,-2.0002303594048,35.3836943107029));
#3882=CARTESIAN_POINT('Ctrl Pts',(-55.5,-2.00045091188882,35.3837386409759));
#3883=CARTESIAN_POINT('Ctrl Pts',(-55.5,-2.16519221370894,35.3513967056611));
#3884=CARTESIAN_POINT('Ctrl Pts',(-55.5,-2.32930297801259,35.3150284545148));
#3885=CARTESIAN_POINT('Ctrl Pts',(-55.5,-2.49262543729693,35.2746357913358));
#3886=CARTESIAN_POINT('Ctrl Pts',(-55.5,-4.12789442756267,34.8702035422724));
#3887=CARTESIAN_POINT('Ctrl Pts',(-55.5,-5.68413543939241,34.0623219435891));
#3888=CARTESIAN_POINT('Ctrl Pts',(-55.5,-7.01704687089106,32.9239039675911));
#3889=CARTESIAN_POINT('Ctrl Pts',(-55.5,-8.34995830238971,31.785485991593));
#3890=CARTESIAN_POINT('Ctrl Pts',(-55.5,-9.45954015355726,30.3165316382802));
#3891=CARTESIAN_POINT('Ctrl Pts',(-55.5,-10.2438696489987,28.6541424344696));
#3892=CARTESIAN_POINT('Ctrl Pts',(-55.5,-10.9943433910927,27.0635106223912));
#3893=CARTESIAN_POINT('Ctrl Pts',(-55.5,-11.4470379329838,25.2957828598653));
#3894=CARTESIAN_POINT('Ctrl Pts',(-55.5,-11.5645576092836,23.4999942421625));
#3895=CARTESIAN_POINT('',(-59.,-2.0002303594048,34.380186999801));
#3896=CARTESIAN_POINT('Ctrl Pts',(-58.9999999999998,-2.00043814289493,34.3802834602787));
#3897=CARTESIAN_POINT('Ctrl Pts',(-58.5170405353567,-2.00043919640617,34.5201111177273));
#3898=CARTESIAN_POINT('Ctrl Pts',(-58.0344670434167,-2.00043932776358,34.6594237522133));
#3899=CARTESIAN_POINT('Ctrl Pts',(-57.552037780141,-2.00044048905983,34.7980930937275));
#3900=CARTESIAN_POINT('Ctrl Pts',(-56.975651697019,-2.00044187652749,34.9637693590141));
#3901=CARTESIAN_POINT('Ctrl Pts',(-56.3994707376595,-2.00044514914382,35.1285285212271));
#3902=CARTESIAN_POINT('Ctrl Pts',(-55.8230090488711,-2.00044888261489,35.2921717758203));
#3903=CARTESIAN_POINT('Ctrl Pts',(-55.7153504130279,-2.00044957986921,35.3227334070563));
#3904=CARTESIAN_POINT('Ctrl Pts',(-55.6076818402505,-2.00045027075093,35.3532561289563));
#3905=CARTESIAN_POINT('Ctrl Pts',(-55.5,-2.00045091188873,35.3837386409759));
#3906=CARTESIAN_POINT('',(-59.,-10.8057359126315,23.5));
#3907=CARTESIAN_POINT('Ctrl Pts',(-59.0000000000333,-10.8056891885609,23.4999909445807));
#3908=CARTESIAN_POINT('Ctrl Pts',(-59.0000000000332,-10.6884406009265,25.1341152103108));
#3909=CARTESIAN_POINT('Ctrl Pts',(-59.0000000000332,-10.2674259606054,26.741116695144));
#3910=CARTESIAN_POINT('Ctrl Pts',(-59.0000000000333,-9.57609717930726,28.1892381790994));
#3911=CARTESIAN_POINT('Ctrl Pts',(-59.0000000000333,-8.84289725194728,29.7250668550742));
#3912=CARTESIAN_POINT('Ctrl Pts',(-59.0000000000333,-7.8056478084361,31.082187205919));
#3913=CARTESIAN_POINT('Ctrl Pts',(-59.0000000000333,-6.55962739172068,32.1339354780898));
#3914=CARTESIAN_POINT('Ctrl Pts',(-59.0000000000333,-5.31360697500525,33.1856837502605));
#3915=CARTESIAN_POINT('Ctrl Pts',(-59.0000000000332,-3.85881558508559,33.9320599437573));
#3916=CARTESIAN_POINT('Ctrl Pts',(-59.0000000000332,-2.3301479628102,34.3057020753211));
#3917=CARTESIAN_POINT('Ctrl Pts',(-59.0000000000333,-2.22060588252338,34.3324767225877));
#3918=CARTESIAN_POINT('Ctrl Pts',(-59.0000000000333,-2.11068445181349,34.3573374007796));
#3919=CARTESIAN_POINT('Ctrl Pts',(-59.0000000000333,-2.00043814289612,34.3802834602688));
#3920=CARTESIAN_POINT('',(-64.,-9.70743752928485,23.4999999969554));
#3921=CARTESIAN_POINT('Ctrl Pts',(-63.9999999998945,-9.70743752880329,23.5));
#3922=CARTESIAN_POINT('Ctrl Pts',(-62.3748960144774,-10.0634011375802,23.5));
#3923=CARTESIAN_POINT('Ctrl Pts',(-60.6994863856201,-10.4337431761351,23.5));
#3924=CARTESIAN_POINT('Ctrl Pts',(-59.,-10.8057359126315,23.5));
#3925=CARTESIAN_POINT('',(-64.,-2.0002303594048,32.9268149530701));
#3926=CARTESIAN_POINT('Ctrl Pts',(-64.,-2.00041233272854,32.9269555479091));
#3927=CARTESIAN_POINT('Ctrl Pts',(-64.,-2.03205363055622,32.9197421109948));
#3928=CARTESIAN_POINT('Ctrl Pts',(-64.,-2.06366149377537,32.9123554282736));
#3929=CARTESIAN_POINT('Ctrl Pts',(-64.,-2.09523430920606,32.9047955185922));
#3930=CARTESIAN_POINT('Ctrl Pts',(-64.,-3.46977523230103,32.5756704440515));
#3931=CARTESIAN_POINT('Ctrl Pts',(-64.,-4.77788843550626,31.9182201739445));
#3932=CARTESIAN_POINT('Ctrl Pts',(-64.,-5.89827983310639,30.9917809444406));
#3933=CARTESIAN_POINT('Ctrl Pts',(-64.,-7.01867123070652,30.0653417149367));
#3934=CARTESIAN_POINT('Ctrl Pts',(-64.,-7.95134082270155,28.8699135260358));
#3935=CARTESIAN_POINT('Ctrl Pts',(-64.,-8.61061644958141,27.5170689596421));
#3936=CARTESIAN_POINT('Ctrl Pts',(-64.,-9.21590102434918,26.275014931387));
#3937=CARTESIAN_POINT('Ctrl Pts',(-64.,-9.59073698761608,24.9002718527155));
#3938=CARTESIAN_POINT('Ctrl Pts',(-64.,-9.70735557000972,23.499984409744));
#3939=CARTESIAN_POINT('',(-67.5,-2.0002303594048,31.9226756640339));
#3940=CARTESIAN_POINT('Ctrl Pts',(-67.5,-2.0002303594048,31.9226756640339));
#3941=CARTESIAN_POINT('Ctrl Pts',(-66.3378588231989,-2.0002303594048,32.2510185197094));
#3942=CARTESIAN_POINT('Ctrl Pts',(-65.1350749039333,-2.0002303594048,32.5976823341089));
#3943=CARTESIAN_POINT('Ctrl Pts',(-64.,-2.0002303594048,32.9268149530701));
#3944=CARTESIAN_POINT('',(-67.5,-8.94907975279161,23.5));
#3945=CARTESIAN_POINT('Ctrl Pts',(-67.5000000000068,-8.94896489917362,23.4999785223507));
#3946=CARTESIAN_POINT('Ctrl Pts',(-67.5000000000068,-8.83302972465185,24.7389520792885));
#3947=CARTESIAN_POINT('Ctrl Pts',(-67.5000000000068,-8.49039624921723,25.9536697276766));
#3948=CARTESIAN_POINT('Ctrl Pts',(-67.5000000000068,-7.94493486088022,27.0536203789424));
#3949=CARTESIAN_POINT('Ctrl Pts',(-67.5000000000068,-7.33662870886622,28.2803006946963));
#3950=CARTESIAN_POINT('Ctrl Pts',(-67.5000000000068,-6.47606504251009,29.3642450476909));
#3951=CARTESIAN_POINT('Ctrl Pts',(-67.5000000000068,-5.44229259281521,30.2042859472926));
#3952=CARTESIAN_POINT('Ctrl Pts',(-67.5000000000068,-4.42677271664221,31.0294948514335));
#3953=CARTESIAN_POINT('Ctrl Pts',(-67.5000000000067,-3.24410650508781,31.6193371209519));
#3954=CARTESIAN_POINT('Ctrl Pts',(-67.5000000000068,-2.00038659309584,31.9228099684811));
#3955=CARTESIAN_POINT('',(-72.5,-7.92923206799581,23.499999985278));
#3956=CARTESIAN_POINT('Ctrl Pts',(-72.4999999993964,-7.92923206483114,23.5));
#3957=CARTESIAN_POINT('Ctrl Pts',(-70.914218884922,-8.23170911143878,23.5));
#3958=CARTESIAN_POINT('Ctrl Pts',(-69.1758283221901,-8.59156628994612,23.5));
#3959=CARTESIAN_POINT('Ctrl Pts',(-67.5,-8.9490797527916,23.5));
#3960=CARTESIAN_POINT('',(-72.5,-2.0002303594048,30.5718699002565));
#3961=CARTESIAN_POINT('Ctrl Pts',(-72.5,-2.0003397998747,30.5719353336643));
#3962=CARTESIAN_POINT('Ctrl Pts',(-72.5,-3.02171136215251,30.2970157564172));
#3963=CARTESIAN_POINT('Ctrl Pts',(-72.5,-3.99045565442524,29.8103449368803));
#3964=CARTESIAN_POINT('Ctrl Pts',(-72.5,-4.83037536803661,29.1474981457873));
#3965=CARTESIAN_POINT('Ctrl Pts',(-72.5,-5.74790854274308,28.4234004603543));
#3966=CARTESIAN_POINT('Ctrl Pts',(-72.5,-6.51170884817956,27.4890630995023));
#3967=CARTESIAN_POINT('Ctrl Pts',(-72.5,-7.05161593799958,26.431690324171));
#3968=CARTESIAN_POINT('Ctrl Pts',(-72.5,-7.51586602382231,25.5224868501847));
#3969=CARTESIAN_POINT('Ctrl Pts',(-72.5,-7.81457462024281,24.5223138231192));
#3970=CARTESIAN_POINT('Ctrl Pts',(-72.5,-7.92905945175407,23.4999686370318));
#3971=CARTESIAN_POINT('',(-76.,-2.0002303594048,29.7657232867896));
#3972=CARTESIAN_POINT('Ctrl Pts',(-76.,-2.0002303594048,29.7657232867896));
#3973=CARTESIAN_POINT('Ctrl Pts',(-74.8472811128115,-2.0002303594048,29.9973098430373));
#3974=CARTESIAN_POINT('Ctrl Pts',(-73.6290240704522,-2.0002303594048,30.2866341882916));
#3975=CARTESIAN_POINT('Ctrl Pts',(-72.5,-2.0002303594048,30.5718699002565));
#3976=CARTESIAN_POINT('',(-76.,-7.32046593094729,23.4999999802466));
#3977=CARTESIAN_POINT('Ctrl Pts',(-76.0000000000005,-7.3202504364381,23.4999617359799));
#3978=CARTESIAN_POINT('Ctrl Pts',(-76.0000000000005,-7.2070948123412,24.3932624501777));
#3979=CARTESIAN_POINT('Ctrl Pts',(-76.0000000000005,-6.9351044542971,25.265889651811));
#3980=CARTESIAN_POINT('Ctrl Pts',(-76.0000000000005,-6.51991154527479,26.0615168803765));
#3981=CARTESIAN_POINT('Ctrl Pts',(-76.0000000000005,-6.02071565152965,27.0181176238405));
#3982=CARTESIAN_POINT('Ctrl Pts',(-76.0000000000005,-5.3145090035631,27.8634087405494));
#3983=CARTESIAN_POINT('Ctrl Pts',(-76.0000000000005,-4.4661615715242,28.5184968990361));
#3984=CARTESIAN_POINT('Ctrl Pts',(-76.0000000000005,-3.7310246727534,29.0861646481964));
#3985=CARTESIAN_POINT('Ctrl Pts',(-76.0000000000005,-2.88915257812229,29.5110067464956));
#3986=CARTESIAN_POINT('Ctrl Pts',(-76.0000000000005,-2.00030754948201,29.7657217118395));
#3987=CARTESIAN_POINT('Ctrl Pts',(-80.,-6.93511684080414,23.5));
#3988=CARTESIAN_POINT('Ctrl Pts',(-78.9257551700067,-6.93511684080414,23.5));
#3989=CARTESIAN_POINT('Ctrl Pts',(-77.5335508376868,-7.08773235048571,23.5));
#3990=CARTESIAN_POINT('Ctrl Pts',(-75.9999999992614,-7.32046592608068,23.5));
#3991=CARTESIAN_POINT('Origin',(-98.3320658020732,1.15,22.5475638023983));
#3992=CARTESIAN_POINT('',(-100.211732786075,1.15,23.5));
#3993=CARTESIAN_POINT('Ctrl Pts',(-100.211732786075,1.15,28.5));
#3994=CARTESIAN_POINT('Ctrl Pts',(-100.211732786075,1.15,27.6583333333333));
#3995=CARTESIAN_POINT('Ctrl Pts',(-100.211732786075,1.15,26.8166666666667));
#3996=CARTESIAN_POINT('Ctrl Pts',(-100.211732786075,1.15,25.15));
#3997=CARTESIAN_POINT('Ctrl Pts',(-100.211732786075,1.15,24.325));
#3998=CARTESIAN_POINT('Ctrl Pts',(-100.211732786075,1.15,23.5));
#3999=CARTESIAN_POINT('',(-92.,1.14999999999882,27.8321477993966));
#4000=CARTESIAN_POINT('Ctrl Pts',(-92.,1.15,27.8321477993859));
#4001=CARTESIAN_POINT('Ctrl Pts',(-93.3759951768317,1.15,27.6692133508959));
#4002=CARTESIAN_POINT('Ctrl Pts',(-94.8345931988434,1.15,27.3986348690783));
#4003=CARTESIAN_POINT('Ctrl Pts',(-96.9633307756614,1.15,26.6588218033175));
#4004=CARTESIAN_POINT('Ctrl Pts',(-97.7855831313719,1.15,26.2808608939355));
#4005=CARTESIAN_POINT('Ctrl Pts',(-99.1139908142414,1.15,25.3196589124198));
#4006=CARTESIAN_POINT('Ctrl Pts',(-99.5374154952051,1.15,24.8422788045161));
#4007=CARTESIAN_POINT('Ctrl Pts',(-99.9901792911256,1.15,24.0979590191786));
#4008=CARTESIAN_POINT('Ctrl Pts',(-100.121683710553,1.15,23.8066707513313));
#4009=CARTESIAN_POINT('Ctrl Pts',(-100.211732786075,1.15,23.5));
#4010=CARTESIAN_POINT('Ctrl Pts',(-80.0211614697387,1.15,29.4510403443755));
#4011=CARTESIAN_POINT('Ctrl Pts',(-80.0225950906636,1.15,29.4509396451314));
#4012=CARTESIAN_POINT('Ctrl Pts',(-80.0238798153335,1.15000000000001,29.4508489835221));
#4013=CARTESIAN_POINT('Ctrl Pts',(-80.0443938133946,1.15000000000001,29.4493986422437));
#4014=CARTESIAN_POINT('Ctrl Pts',(-80.0727159301225,1.15,29.4473328885022));
#4015=CARTESIAN_POINT('Ctrl Pts',(-80.1644924251643,1.15,29.4406142993435));
#4016=CARTESIAN_POINT('Ctrl Pts',(-80.2638581772185,1.1500000000227,29.4332279081724));
#4017=CARTESIAN_POINT('Ctrl Pts',(-80.6248025521152,1.1500000000227,29.4063045026481));
#4018=CARTESIAN_POINT('Ctrl Pts',(-80.9384650515755,1.15000000000001,29.382593066183));
#4019=CARTESIAN_POINT('Ctrl Pts',(-82.1919511823739,1.15000000000001,29.2862273217677));
#4020=CARTESIAN_POINT('Ctrl Pts',(-83.2519659266991,1.15,29.2009351963408));
#4021=CARTESIAN_POINT('Ctrl Pts',(-86.0158365874998,1.15,28.9439644332927));
#4022=CARTESIAN_POINT('Ctrl Pts',(-87.3316054894148,1.14999999999999,28.7789281010434));
#4023=CARTESIAN_POINT('Ctrl Pts',(-89.6652090786205,1.14999999999999,28.341926371106));
#4024=CARTESIAN_POINT('Ctrl Pts',(-90.399717072867,1.15,28.1210753031649));
#4025=CARTESIAN_POINT('Ctrl Pts',(-91.3865104922411,1.15,27.8902845875791));
#4026=CARTESIAN_POINT('Ctrl Pts',(-91.7075773973973,1.15,27.8321477993859));
#4027=CARTESIAN_POINT('Ctrl Pts',(-92.,1.15,27.8321477993859));
#4028=CARTESIAN_POINT('Ctrl Pts',(-100.703261131979,0.999999999999996,23.45));
#4029=CARTESIAN_POINT('Ctrl Pts',(-100.703261131979,0.999999999999996,28.5));
#4030=CARTESIAN_POINT('Ctrl Pts',(-99.9700110633967,1.2538845670729,23.45));
#4031=CARTESIAN_POINT('Ctrl Pts',(-99.9700110633967,1.2538845670729,28.5));
#4032=CARTESIAN_POINT('Ctrl Pts',(-99.0093204020909,1.42629358598859,23.4500000000003));
#4033=CARTESIAN_POINT('Ctrl Pts',(-99.0093204020909,1.42629358598859,28.5000000000003));
#4034=CARTESIAN_POINT('Ctrl Pts',(-96.2200070857722,1.80353828815873,23.4500000000003));
#4035=CARTESIAN_POINT('Ctrl Pts',(-96.2200070857722,1.80353828815873,28.5000000000003));
#4036=CARTESIAN_POINT('Ctrl Pts',(-93.8958902069663,1.92042210321301,23.45));
#4037=CARTESIAN_POINT('Ctrl Pts',(-93.8958902069663,1.92042210321301,28.5));
#4038=CARTESIAN_POINT('Ctrl Pts',(-92.,1.97792668196814,23.45));
#4039=CARTESIAN_POINT('Ctrl Pts',(-92.,1.97792668196814,28.5));
#4040=CARTESIAN_POINT('Ctrl Pts',(-98.6109709576953,1.47550452138541,23.5000000000002));
#4041=CARTESIAN_POINT('Ctrl Pts',(-99.1610279942332,1.39030059136354,23.5000000000002));
#4042=CARTESIAN_POINT('Ctrl Pts',(-99.7167169876179,1.28401736050441,23.5000000000001));
#4043=CARTESIAN_POINT('Ctrl Pts',(-100.211745076264,1.15004541240682,23.5));
#4044=CARTESIAN_POINT('Ctrl Pts',(-98.61096464817,1.47546378853599,28.5));
#4045=CARTESIAN_POINT('Ctrl Pts',(-98.61096464817,1.47546378853599,27.6583333333333));
#4046=CARTESIAN_POINT('Ctrl Pts',(-98.61096464817,1.47546378853599,26.8166666666667));
#4047=CARTESIAN_POINT('Ctrl Pts',(-98.61096464817,1.47546378853599,25.15));
#4048=CARTESIAN_POINT('Ctrl Pts',(-98.61096464817,1.47546378853599,24.325));
#4049=CARTESIAN_POINT('Ctrl Pts',(-98.61096464817,1.47546378853599,23.5));
#4050=CARTESIAN_POINT('Ctrl Pts',(-92.,-1.97835642989682,23.45));
#4051=CARTESIAN_POINT('Ctrl Pts',(-92.,-1.97835642989682,28.5));
#4052=CARTESIAN_POINT('Ctrl Pts',(-93.7411475727422,-1.92554537715065,23.45));
#4053=CARTESIAN_POINT('Ctrl Pts',(-93.7411475727422,-1.92554537715065,28.5));
#4054=CARTESIAN_POINT('Ctrl Pts',(-95.7561221821434,-1.82530197226453,23.45));
#4055=CARTESIAN_POINT('Ctrl Pts',(-95.7561221821434,-1.82530197226453,28.5));
#4056=CARTESIAN_POINT('Ctrl Pts',(-98.7776868916133,-1.47729222361574,23.45));
#4057=CARTESIAN_POINT('Ctrl Pts',(-98.7776868916133,-1.47729222361574,28.5));
#4058=CARTESIAN_POINT('Ctrl Pts',(-99.9067144929721,-1.27642783796576,23.45));
#4059=CARTESIAN_POINT('Ctrl Pts',(-99.9067144929721,-1.27642783796576,28.5));
#4060=CARTESIAN_POINT('Ctrl Pts',(-100.704501871005,-0.999999994017071,
23.45));
#4061=CARTESIAN_POINT('Ctrl Pts',(-100.704501871005,-0.999999994017071,
28.5));
#4062=CARTESIAN_POINT('',(-98.61096464817,-1.47589353646468,23.5));
#4063=CARTESIAN_POINT('Ctrl Pts',(-100.213325953681,-1.15001837986217,23.5));
#4064=CARTESIAN_POINT('Ctrl Pts',(-99.747867145114,-1.27603591186127,23.5));
#4065=CARTESIAN_POINT('Ctrl Pts',(-99.2059576748342,-1.38370170120936,23.5));
#4066=CARTESIAN_POINT('Ctrl Pts',(-98.6109690308084,-1.47592181412669,23.5));
#4067=CARTESIAN_POINT('',(-98.61096464817,-1.47589353646468,28.5));
#4068=CARTESIAN_POINT('Ctrl Pts',(-98.61096464817,-1.47589353646468,23.5));
#4069=CARTESIAN_POINT('Ctrl Pts',(-98.61096464817,-1.47589353646468,24.325));
#4070=CARTESIAN_POINT('Ctrl Pts',(-98.61096464817,-1.47589353646468,25.15));
#4071=CARTESIAN_POINT('Ctrl Pts',(-98.61096464817,-1.47589353646468,26.8166666666667));
#4072=CARTESIAN_POINT('Ctrl Pts',(-98.61096464817,-1.47589353646468,27.6583333333333));
#4073=CARTESIAN_POINT('Ctrl Pts',(-98.61096464817,-1.47589353646468,28.5));
#4074=CARTESIAN_POINT('Ctrl Pts',(-98.6109690308084,-1.47592181412669,28.5));
#4075=CARTESIAN_POINT('Ctrl Pts',(-99.2059576748342,-1.38370170120936,28.5));
#4076=CARTESIAN_POINT('Ctrl Pts',(-99.747867145114,-1.27603591186127,28.5));
#4077=CARTESIAN_POINT('Ctrl Pts',(-100.213325953681,-1.15001837986216,28.5));
#4078=CARTESIAN_POINT('Ctrl Pts',(-92.,1.97792668196814,23.5));
#4079=CARTESIAN_POINT('Ctrl Pts',(-95.8474727598722,1.86376510515059,23.4450358954092));
#4080=CARTESIAN_POINT('Ctrl Pts',(-98.5847170218975,1.59586538046563,23.3160390776238));
#4081=CARTESIAN_POINT('Ctrl Pts',(-100.211732786076,1.1742348984164,23.113029399465));
#4082=CARTESIAN_POINT('Ctrl Pts',(-92.,1.89830042213112,25.2252423022407));
#4083=CARTESIAN_POINT('Ctrl Pts',(-95.8474727598722,1.78859799170527,25.0704787030613));
#4084=CARTESIAN_POINT('Ctrl Pts',(-98.5847170218975,1.53213646861718,24.7089489251888));
#4085=CARTESIAN_POINT('Ctrl Pts',(-100.211732786076,1.12693999519771,24.1372795759502));
#4086=CARTESIAN_POINT('Ctrl Pts',(-92.,1.5918056133997,26.8289843244311));
#4087=CARTESIAN_POINT('Ctrl Pts',(-95.8474727598722,1.49985052155158,26.5817474076205));
#4088=CARTESIAN_POINT('Ctrl Pts',(-98.5847170218975,1.28466669333545,26.0028004235505));
#4089=CARTESIAN_POINT('Ctrl Pts',(-100.211732786076,0.944874177219071,25.089128692975));
#4090=CARTESIAN_POINT('Ctrl Pts',(-92.,1.14999999999549,27.8321477993961));
#4091=CARTESIAN_POINT('Ctrl Pts',(-95.8474727598722,1.08364031586234,27.5272368001574));
#4092=CARTESIAN_POINT('Ctrl Pts',(-98.5847170218975,0.927794870828333,26.8113043534502));
#4093=CARTESIAN_POINT('Ctrl Pts',(-100.211732786076,0.682607695726374,25.6848393732056));
#4094=CARTESIAN_POINT('Origin',(-92.,-0.000214873964342719,22.547563802493));
#4095=CARTESIAN_POINT('Origin',(-63.8574065988597,-0.0002148739643415,28.5));
#4096=CARTESIAN_POINT('',(-26.8055504917064,-10.5281959870224,28.5));
#4097=CARTESIAN_POINT('Ctrl Pts',(-26.8055504917064,-10.5281959870224,28.5));
#4098=CARTESIAN_POINT('Ctrl Pts',(-27.5049813315253,-10.5284748177371,28.5));
#4099=CARTESIAN_POINT('Ctrl Pts',(-28.204416216972,-10.5282706070271,28.5));
#4100=CARTESIAN_POINT('Ctrl Pts',(-28.9038485495494,-10.5273155216401,28.5));
#4101=CARTESIAN_POINT('Ctrl Pts',(-28.969581870069,-10.5272257618005,28.5));
#4102=CARTESIAN_POINT('Ctrl Pts',(-29.0363958305918,-10.5271295238075,28.5));
#4103=CARTESIAN_POINT('Ctrl Pts',(-29.1038485495494,-10.5270286313408,28.5));
#4104=CARTESIAN_POINT('',(-26.8055504917064,-10.5002148739643,28.5));
#4105=CARTESIAN_POINT('',(-98.61096464817,-9.45106584504288,28.5));
#4106=CARTESIAN_POINT('Origin',(-63.8574065988597,-0.0002148739643415,28.5));
#4107=CARTESIAN_POINT('',(-26.8055504917064,-8.44472713832009,28.5));
#4108=CARTESIAN_POINT('Ctrl Pts',(-29.102579970649,-8.4467657940888,28.4997761381243));
#4109=CARTESIAN_POINT('Ctrl Pts',(-29.0355742014671,-8.44666531949738,28.4997538700452));
#4110=CARTESIAN_POINT('Ctrl Pts',(-28.9691915499935,-8.44656947624592,28.4997383039593));
#4111=CARTESIAN_POINT('Ctrl Pts',(-28.9038190875813,-8.44648008169933,28.4997291097706));
#4112=CARTESIAN_POINT('Ctrl Pts',(-28.8338613018231,-8.44638441688409,28.4997192706875));
#4113=CARTESIAN_POINT('Ctrl Pts',(-28.7612960942546,-8.44629080678934,28.499716022409));
#4114=CARTESIAN_POINT('Ctrl Pts',(-28.6856558524224,-8.4462015889602,28.4997197295948));
#4115=CARTESIAN_POINT('Ctrl Pts',(-28.6445707712237,-8.4461531290179,28.4997217432059));
#4116=CARTESIAN_POINT('Ctrl Pts',(-28.6025776372513,-8.44610596455987,28.4997257716677));
#4117=CARTESIAN_POINT('Ctrl Pts',(-28.5595949788432,-8.44606046793036,28.4997315549528));
#4118=CARTESIAN_POINT('Ctrl Pts',(-28.491258918587,-8.44598813502841,28.4997407495194));
#4119=CARTESIAN_POINT('Ctrl Pts',(-28.4204170386638,-8.44592001805197,28.499754537721));
#4120=CARTESIAN_POINT('Ctrl Pts',(-28.3469898122826,-8.44585760700906,28.4997683260455));
#4121=CARTESIAN_POINT('Ctrl Pts',(-28.275352818646,-8.4457967176128,28.4997817781963));
#4122=CARTESIAN_POINT('Ctrl Pts',(-28.2041491058545,-8.44574389334535,28.4997949739009));
#4123=CARTESIAN_POINT('Ctrl Pts',(-28.133414546803,-8.44569857015764,28.4998021042429));
#4124=CARTESIAN_POINT('Ctrl Pts',(-28.0404321988164,-8.4456389916932,28.4998114772559));
#4125=CARTESIAN_POINT('Ctrl Pts',(-27.948258369233,-8.44559237417463,28.499810673263));
#4126=CARTESIAN_POINT('Ctrl Pts',(-27.8565957004433,-8.44555746354864,28.4998059139673));
#4127=CARTESIAN_POINT('Ctrl Pts',(-27.7538078263817,-8.44551831577917,28.4998005770303));
#4128=CARTESIAN_POINT('Ctrl Pts',(-27.6516619433982,-8.44549388915608,28.4997902592238));
#4129=CARTESIAN_POINT('Ctrl Pts',(-27.549673773213,-8.44548245112181,28.499780071854));
#4130=CARTESIAN_POINT('Ctrl Pts',(-27.4105733535303,-8.44546685092656,28.4997661774248));
#4131=CARTESIAN_POINT('Ctrl Pts',(-27.2717646599071,-8.44547541074294,28.4997526481303));
#4132=CARTESIAN_POINT('Ctrl Pts',(-27.131916720253,-8.4455038116002,28.4997446626773));
#4133=CARTESIAN_POINT('Ctrl Pts',(-27.0239552532895,-8.44552573682999,28.4997384979727));
#4134=CARTESIAN_POINT('Ctrl Pts',(-26.9153706060847,-8.44555948891276,28.4997354095542));
#4135=CARTESIAN_POINT('Ctrl Pts',(-26.8055508022768,-8.44560310071233,28.4997358225311));
#4136=CARTESIAN_POINT('',(-26.8055504917064,8.44472716422093,28.5000000381902));
#4137=CARTESIAN_POINT('Ctrl Pts',(-26.8055504916961,8.44472713832009,28.5));
#4138=CARTESIAN_POINT('Ctrl Pts',(-27.504981331515,8.44444830760536,28.5));
#4139=CARTESIAN_POINT('Ctrl Pts',(-28.2044162169809,8.44465251831544,28.5));
#4140=CARTESIAN_POINT('Ctrl Pts',(-28.9038485495494,8.44560760370238,28.5));
#4141=CARTESIAN_POINT('Ctrl Pts',(-28.9695818701367,8.44569736354203,28.5));
#4142=CARTESIAN_POINT('Ctrl Pts',(-29.036395830656,8.44579360153503,28.5));
#4143=CARTESIAN_POINT('Ctrl Pts',(-29.1038485495493,8.44589449400164,28.5));
#4144=CARTESIAN_POINT('',(-26.8055504917064,-10.5002148739643,28.5));
#4145=CARTESIAN_POINT('Origin',(-98.8109646481699,18.7014870681927,23.5));
#4146=CARTESIAN_POINT('',(-98.61096464817,18.7014870681927,23.5));
#4147=CARTESIAN_POINT('Origin',(-98.61096464817,-18.9019168161214,23.5));
#4148=CARTESIAN_POINT('Origin',(-98.61096464817,-18.9019168161214,23.5));
#4149=CARTESIAN_POINT('',(-98.61096464817,-9.45106584504288,23.5));
#4150=CARTESIAN_POINT('Ctrl Pts',(-26.8046726068659,9.48646156267124,29.2467440677054));
#4151=CARTESIAN_POINT('Ctrl Pts',(-27.2517833239948,9.48646156267124,29.2472696968075));
#4152=CARTESIAN_POINT('Ctrl Pts',(-27.8501638254356,9.48646156267153,29.2474019167396));
#4153=CARTESIAN_POINT('Ctrl Pts',(-29.568036959612,9.48646156267188,29.2426454076714));
#4154=CARTESIAN_POINT('Ctrl Pts',(-31.009295493789,9.48646156267301,29.2306825313676));
#4155=CARTESIAN_POINT('Ctrl Pts',(-32.2482810916382,9.48646156267386,29.2602370590253));
#4156=CARTESIAN_POINT('Ctrl Pts',(-32.8209743189872,9.48646156267408,29.2531485375709));
#4157=CARTESIAN_POINT('Ctrl Pts',(-33.1121856686688,9.48646156267414,29.2402402756605));
#4158=CARTESIAN_POINT('Ctrl Pts',(-33.3646635918588,9.48646156267426,29.2172516172393));
#4159=CARTESIAN_POINT('Ctrl Pts',(-33.5473087651109,9.4864615626743,29.1910984120766));
#4160=CARTESIAN_POINT('Ctrl Pts',(-33.6398830969556,9.48646156267431,29.1751321761766));
#4161=CARTESIAN_POINT('Ctrl Pts',(-33.6864712863949,9.48646156267431,29.1663944191192));
#4162=CARTESIAN_POINT('Ctrl Pts',(-33.7131365905267,9.48646156267431,29.1611566377938));
#4163=CARTESIAN_POINT('Ctrl Pts',(-34.155091090372,9.48646156267408,29.0730872154573));
#4164=CARTESIAN_POINT('Ctrl Pts',(-34.8253069214526,9.48646156267236,28.8058747801517));
#4165=CARTESIAN_POINT('Ctrl Pts',(-35.6085213541116,9.48646156267194,28.2622061382247));
#4166=CARTESIAN_POINT('Ctrl Pts',(-35.9548398443192,9.48646156267124,27.9475183316502));
#4167=CARTESIAN_POINT('Ctrl Pts',(-36.1077307679097,9.48646156267124,27.7844390758718));
#4168=CARTESIAN_POINT('Ctrl Pts',(-26.8046726068659,9.81558079304732,29.2467440677054));
#4169=CARTESIAN_POINT('Ctrl Pts',(-27.2517853724644,9.81558079304732,29.2472696992157));
#4170=CARTESIAN_POINT('Ctrl Pts',(-27.8500674176673,9.81558079304762,29.2474398078175));
#4171=CARTESIAN_POINT('Ctrl Pts',(-29.5678512822344,9.81558079304797,29.2427263407587));
#4172=CARTESIAN_POINT('Ctrl Pts',(-31.0086689510577,9.81558079304914,29.2309124633545));
#4173=CARTESIAN_POINT('Ctrl Pts',(-32.2473230412295,9.81558079305002,29.2605788332032));
#4174=CARTESIAN_POINT('Ctrl Pts',(-32.8200791065827,9.81558079305025,29.2535173218734));
#4175=CARTESIAN_POINT('Ctrl Pts',(-33.1113865936689,9.81558079305031,29.2406116317694));
#4176=CARTESIAN_POINT('Ctrl Pts',(-33.3639661754031,9.81558079305044,29.2176268950951));
#4177=CARTESIAN_POINT('Ctrl Pts',(-33.5467242147593,9.81558079305048,29.1914607275448));
#4178=CARTESIAN_POINT('Ctrl Pts',(-33.6393623170818,9.81558079305048,29.1754841555367));
#4179=CARTESIAN_POINT('Ctrl Pts',(-33.6859828128459,9.81558079305049,29.166740903244));
#4180=CARTESIAN_POINT('Ctrl Pts',(-33.7126696605016,9.81558079305049,29.1614984006089));
#4181=CARTESIAN_POINT('Ctrl Pts',(-34.1548775439582,9.81558079305024,29.0734001191586));
#4182=CARTESIAN_POINT('Ctrl Pts',(-34.8250093022496,9.81558079304848,28.806255122473));
#4183=CARTESIAN_POINT('Ctrl Pts',(-35.6084615355074,9.81558079304803,28.2623797120123));
#4184=CARTESIAN_POINT('Ctrl Pts',(-35.954734035608,9.81558079304731,27.9476311912332));
#4185=CARTESIAN_POINT('Ctrl Pts',(-36.1077307679097,9.81558079304731,27.7844390758718));
#4186=CARTESIAN_POINT('Ctrl Pts',(-26.8050429949699,10.4716828599132,28.93168447508));
#4187=CARTESIAN_POINT('Ctrl Pts',(-27.2519375844739,10.4716828599132,28.9322098500997));
#4188=CARTESIAN_POINT('Ctrl Pts',(-27.8500478681212,10.4716828599136,28.9323472142931));
#4189=CARTESIAN_POINT('Ctrl Pts',(-29.5653216583741,10.4716828599139,28.9275662737504));
#4190=CARTESIAN_POINT('Ctrl Pts',(-31.0114206746819,10.4716828599152,28.9156919450381));
#4191=CARTESIAN_POINT('Ctrl Pts',(-32.2543244652166,10.4716828599161,28.9451225690526));
#4192=CARTESIAN_POINT('Ctrl Pts',(-32.8125415806914,10.4716828599164,28.9381181878757));
#4193=CARTESIAN_POINT('Ctrl Pts',(-33.0916165333843,10.4716828599164,28.925706326393));
#4194=CARTESIAN_POINT('Ctrl Pts',(-33.3289241016385,10.4716828599166,28.9040312780144));
#4195=CARTESIAN_POINT('Ctrl Pts',(-33.4984602857903,10.4716828599166,28.8797429865268));
#4196=CARTESIAN_POINT('Ctrl Pts',(-33.5840057430943,10.4716828599166,28.8649880569952));
#4197=CARTESIAN_POINT('Ctrl Pts',(-33.6269636185501,10.4716828599166,28.856930839495));
#4198=CARTESIAN_POINT('Ctrl Pts',(-33.6515460622678,10.4716828599166,28.8521024676988));
#4199=CARTESIAN_POINT('Ctrl Pts',(-34.0581463098837,10.4716828599164,28.7710654827643));
#4200=CARTESIAN_POINT('Ctrl Pts',(-34.6737219062056,10.4716828599145,28.5266339003885));
#4201=CARTESIAN_POINT('Ctrl Pts',(-35.4134790908104,10.471682859914,28.0141405238666));
#4202=CARTESIAN_POINT('Ctrl Pts',(-35.736158435642,10.4716828599132,27.7201254161959));
#4203=CARTESIAN_POINT('Ctrl Pts',(-35.8778858130108,10.4716828599132,27.5689536220699));
#4204=CARTESIAN_POINT('Ctrl Pts',(-26.8062945691838,10.7130116113381,27.8670702021584));
#4205=CARTESIAN_POINT('Ctrl Pts',(-27.2524610822581,10.7130116113381,27.867594721242));
#4206=CARTESIAN_POINT('Ctrl Pts',(-27.8495507122746,10.7130116113385,27.8677908618487));
#4207=CARTESIAN_POINT('Ctrl Pts',(-29.5559435618011,10.7130116113389,27.8629743887284));
#4208=CARTESIAN_POINT('Ctrl Pts',(-31.0179173491488,10.7130116113401,27.8515620519677));
#4209=CARTESIAN_POINT('Ctrl Pts',(-32.2736988866144,10.7130116113411,27.8806961825631));
#4210=CARTESIAN_POINT('Ctrl Pts',(-32.7830685884346,10.7130116113413,27.8740056274891));
#4211=CARTESIAN_POINT('Ctrl Pts',(-33.0212386110399,10.7130116113414,27.8632739567323));
#4212=CARTESIAN_POINT('Ctrl Pts',(-33.2073952684047,10.7130116113415,27.8460419975748));
#4213=CARTESIAN_POINT('Ctrl Pts',(-33.3327583237278,10.7130116113416,27.8280412531461));
#4214=CARTESIAN_POINT('Ctrl Pts',(-33.3946222607682,10.7130116113416,27.817368142904));
#4215=CARTESIAN_POINT('Ctrl Pts',(-33.4253482784518,10.7130116113416,27.8116045252901));
#4216=CARTESIAN_POINT('Ctrl Pts',(-33.4429160886929,10.7130116113416,27.8081544265138));
#4217=CARTESIAN_POINT('Ctrl Pts',(-33.7303280086242,10.7130116113413,27.7508491418482));
#4218=CARTESIAN_POINT('Ctrl Pts',(-34.1611775616079,10.7130116113394,27.5834697564738));
#4219=CARTESIAN_POINT('Ctrl Pts',(-34.7543486533416,10.7130116113389,27.176094468091));
#4220=CARTESIAN_POINT('Ctrl Pts',(-34.997098987537,10.7130116113381,26.9518679108282));
#4221=CARTESIAN_POINT('Ctrl Pts',(-35.1012193496753,10.7130116113381,26.8408091849722));
#4222=CARTESIAN_POINT('Ctrl Pts',(-26.8073013265052,10.0332308189856,27.0107021164605));
#4223=CARTESIAN_POINT('Ctrl Pts',(-27.2528826644217,10.0332308189856,27.0112259476047));
#4224=CARTESIAN_POINT('Ctrl Pts',(-27.8491280108868,10.0332308189859,27.0114783252016));
#4225=CARTESIAN_POINT('Ctrl Pts',(-29.5483559902051,10.0332308189863,27.0066434459522));
#4226=CARTESIAN_POINT('Ctrl Pts',(-31.0229950998351,10.0332308189875,26.9956379586256));
#4227=CARTESIAN_POINT('Ctrl Pts',(-32.2890570293009,10.0332308189884,27.0245600338483));
#4228=CARTESIAN_POINT('Ctrl Pts',(-32.7591490781162,10.0332308189886,27.0181283039929));
#4229=CARTESIAN_POINT('Ctrl Pts',(-32.9644381972009,10.0332308189887,27.0087487746337));
#4230=CARTESIAN_POINT('Ctrl Pts',(-33.1094734628842,10.0332308189888,26.9950917317619));
#4231=CARTESIAN_POINT('Ctrl Pts',(-33.19933065407,10.0332308189888,26.9821455805163));
#4232=CARTESIAN_POINT('Ctrl Pts',(-33.2421604227145,10.0332308189888,26.9747534127661));
#4233=CARTESIAN_POINT('Ctrl Pts',(-33.2630548596168,10.0332308189888,26.9708334512637));
#4234=CARTESIAN_POINT('Ctrl Pts',(-33.2749852423331,10.0332308189888,26.9684909092044));
#4235=CARTESIAN_POINT('Ctrl Pts',(-33.4665828314231,10.0332308189886,26.9302684111394));
#4236=CARTESIAN_POINT('Ctrl Pts',(-33.7488202034589,10.0332308189868,26.8248852042971));
#4237=CARTESIAN_POINT('Ctrl Pts',(-34.2241347143863,10.0332308189863,26.502017267746));
#4238=CARTESIAN_POINT('Ctrl Pts',(-34.4025798526664,10.0332308189856,26.3339137658122));
#4239=CARTESIAN_POINT('Ctrl Pts',(-34.4764744168395,10.0332308189856,26.255095022041));
#4240=CARTESIAN_POINT('Ctrl Pts',(-26.8072979421281,8.94087510611479,27.0135809358467));
#4241=CARTESIAN_POINT('Ctrl Pts',(-27.2528795088162,8.94087510611479,27.0141047672599));
#4242=CARTESIAN_POINT('Ctrl Pts',(-27.8492112462171,8.94087510611507,27.0143248024134));
#4243=CARTESIAN_POINT('Ctrl Pts',(-29.54853906811,8.94087510611539,27.0094534583758));
#4244=CARTESIAN_POINT('Ctrl Pts',(-31.0235097319916,8.94087510611645,26.9983201586904));
#4245=CARTESIAN_POINT('Ctrl Pts',(-32.2898184290278,8.94087510611726,27.0271480343336));
#4246=CARTESIAN_POINT('Ctrl Pts',(-32.7599891899032,8.94087510611747,27.0206925128419));
#4247=CARTESIAN_POINT('Ctrl Pts',(-32.9653072585333,8.94087510611752,27.0113062555339));
#4248=CARTESIAN_POINT('Ctrl Pts',(-33.1103944900964,8.94087510611764,26.9976338668997));
#4249=CARTESIAN_POINT('Ctrl Pts',(-33.2002752586094,8.94087510611767,26.9846817240719));
#4250=CARTESIAN_POINT('Ctrl Pts',(-33.2431148962535,8.94087510611768,26.9772872984173));
#4251=CARTESIAN_POINT('Ctrl Pts',(-33.2640149675412,8.94087510611768,26.9733658025794));
#4252=CARTESIAN_POINT('Ctrl Pts',(-33.275946018937,8.94087510611769,26.9710235439262));
#4253=CARTESIAN_POINT('Ctrl Pts',(-33.467650674868,8.94087510611746,26.9327613866554));
#4254=CARTESIAN_POINT('Ctrl Pts',(-33.75045897725,8.94087510611585,26.8271125393487));
#4255=CARTESIAN_POINT('Ctrl Pts',(-34.2259678777794,8.94087510611545,26.5041359873198));
#4256=CARTESIAN_POINT('Ctrl Pts',(-34.4046682168451,8.94087510611479,26.3358953424737));
#4257=CARTESIAN_POINT('Ctrl Pts',(-34.4785745976545,8.94087510611479,26.2570639946302));
#4258=CARTESIAN_POINT('Ctrl Pts',(-26.8062959362306,8.25686617743158,27.8659073645612));
#4259=CARTESIAN_POINT('Ctrl Pts',(-27.2524625499472,8.25686617743158,27.8664318837632));
#4260=CARTESIAN_POINT('Ctrl Pts',(-27.8495080055818,8.25686617743184,27.866644659073));
#4261=CARTESIAN_POINT('Ctrl Pts',(-29.5558521129802,8.25686617743213,27.8618469714446));
#4262=CARTESIAN_POINT('Ctrl Pts',(-31.0176504285033,8.25686617743311,27.8505003035532));
#4263=CARTESIAN_POINT('Ctrl Pts',(-32.2733010478835,8.25686617743386,27.8796830241703));
#4264=CARTESIAN_POINT('Ctrl Pts',(-32.7826448775611,8.25686617743405,27.8730046246793));
#4265=CARTESIAN_POINT('Ctrl Pts',(-33.0208122666958,8.2568661774341,27.862275913903));
#4266=CARTESIAN_POINT('Ctrl Pts',(-33.2069575139505,8.25686617743421,27.8450505229277));
#4267=CARTESIAN_POINT('Ctrl Pts',(-33.3323216823244,8.25686617743424,27.8270509770829));
#4268=CARTESIAN_POINT('Ctrl Pts',(-33.394187642783,8.25686617743424,27.8163778047885));
#4269=CARTESIAN_POINT('Ctrl Pts',(-33.4249144291556,8.25686617743425,27.8106142890605));
#4270=CARTESIAN_POINT('Ctrl Pts',(-33.4424839995801,8.25686617743425,27.8071636308677));
#4271=CARTESIAN_POINT('Ctrl Pts',(-33.7298765512588,8.25686617743404,27.749871645981));
#4272=CARTESIAN_POINT('Ctrl Pts',(-34.1604875660254,8.25686617743255,27.5826059158771));
#4273=CARTESIAN_POINT('Ctrl Pts',(-34.7536025487846,8.25686617743218,27.1752550143347));
#4274=CARTESIAN_POINT('Ctrl Pts',(-34.9962454659231,8.25686617743157,26.9510781312577));
#4275=CARTESIAN_POINT('Ctrl Pts',(-35.1003710264967,8.25686617743157,26.8400138605536));
#4276=CARTESIAN_POINT('Ctrl Pts',(-26.8050428569192,8.50347639767875,28.9318019037553));
#4277=CARTESIAN_POINT('Ctrl Pts',(-27.251937055675,8.50347639767875,28.9323272783156));
#4278=CARTESIAN_POINT('Ctrl Pts',(-27.8500700924261,8.50347639767901,28.9324559233292));
#4279=CARTESIAN_POINT('Ctrl Pts',(-29.565365390272,8.50347639767932,28.9276650889718));
#4280=CARTESIAN_POINT('Ctrl Pts',(-31.0115640348489,8.50347639768033,28.915756446229));
#4281=CARTESIAN_POINT('Ctrl Pts',(-32.2545426368626,8.5034763976811,28.9451613842535));
#4282=CARTESIAN_POINT('Ctrl Pts',(-32.81275069036,8.5034763976813,28.9381507573424));
#4283=CARTESIAN_POINT('Ctrl Pts',(-33.0918080476364,8.50347639768135,28.9257381191317));
#4284=CARTESIAN_POINT('Ctrl Pts',(-33.3290978810076,8.50347639768146,28.9040616788471));
#4285=CARTESIAN_POINT('Ctrl Pts',(-33.4986129833792,8.50347639768149,28.8797756746013));
#4286=CARTESIAN_POINT('Ctrl Pts',(-33.5841463884398,8.5034763976815,28.8650226716803));
#4287=CARTESIAN_POINT('Ctrl Pts',(-33.6270981840819,8.5034763976815,28.8569664648503));
#4288=CARTESIAN_POINT('Ctrl Pts',(-33.6516764474796,8.5034763976815,28.852139026718));
#4289=CARTESIAN_POINT('Ctrl Pts',(-34.058231574881,8.50347639768129,28.771106060442));
#4290=CARTESIAN_POINT('Ctrl Pts',(-34.6738468797594,8.50347639767976,28.5266504712229));
#4291=CARTESIAN_POINT('Ctrl Pts',(-35.4135655495622,8.50347639767937,28.014193047506));
#4292=CARTESIAN_POINT('Ctrl Pts',(-35.7362642863573,8.50347639767875,27.7201842035925));
#4293=CARTESIAN_POINT('Ctrl Pts',(-35.8779714805773,8.50347639767875,27.5690339375784));
#4294=CARTESIAN_POINT('Ctrl Pts',(-26.8046726068659,9.15734233229517,29.2467440677054));
#4295=CARTESIAN_POINT('Ctrl Pts',(-27.2517856395685,9.15734233229517,29.2472696995297));
#4296=CARTESIAN_POINT('Ctrl Pts',(-27.8500548468654,9.15734233229545,29.247444748511));
#4297=CARTESIAN_POINT('Ctrl Pts',(-29.5678270713892,9.15734233229578,29.2427368937861));
#4298=CARTESIAN_POINT('Ctrl Pts',(-31.0085872548962,9.15734233229687,29.2309424446468));
#4299=CARTESIAN_POINT('Ctrl Pts',(-32.2471981191181,9.1573423322977,29.2606233978227));
#4300=CARTESIAN_POINT('Ctrl Pts',(-32.8199623780445,9.15734233229791,29.2535654083972));
#4301=CARTESIAN_POINT('Ctrl Pts',(-33.1112824006793,9.15734233229797,29.2406600536362));
#4302=CARTESIAN_POINT('Ctrl Pts',(-33.3638752378747,9.15734233229809,29.2176758283263));
#4303=CARTESIAN_POINT('Ctrl Pts',(-33.5466479940683,9.15734233229812,29.1915079705844));
#4304=CARTESIAN_POINT('Ctrl Pts',(-33.639294411551,9.15734233229813,29.1755300508304));
#4305=CARTESIAN_POINT('Ctrl Pts',(-33.6859191198016,9.15734233229813,29.166786082003));
#4306=CARTESIAN_POINT('Ctrl Pts',(-33.7126087765605,9.15734233229813,29.1615429637469));
#4307=CARTESIAN_POINT('Ctrl Pts',(-34.1548496992136,9.1573423322979,29.0734409192989));
#4308=CARTESIAN_POINT('Ctrl Pts',(-34.8249704950857,9.15734233229625,28.8063047160701));
#4309=CARTESIAN_POINT('Ctrl Pts',(-35.6084537356397,9.15734233229584,28.2624023446461));
#4310=CARTESIAN_POINT('Ctrl Pts',(-35.9547202389982,9.15734233229517,27.9476459072203));
#4311=CARTESIAN_POINT('Ctrl Pts',(-36.1077307679097,9.15734233229517,27.7844390758718));
#4312=CARTESIAN_POINT('Ctrl Pts',(-26.8046726068659,9.48646156267124,29.2467440677054));
#4313=CARTESIAN_POINT('Ctrl Pts',(-27.2517833239948,9.48646156267124,29.2472696968075));
#4314=CARTESIAN_POINT('Ctrl Pts',(-27.8501638254356,9.48646156267153,29.2474019167396));
#4315=CARTESIAN_POINT('Ctrl Pts',(-29.568036959612,9.48646156267188,29.2426454076714));
#4316=CARTESIAN_POINT('Ctrl Pts',(-31.009295493789,9.48646156267301,29.2306825313676));
#4317=CARTESIAN_POINT('Ctrl Pts',(-32.2482810916382,9.48646156267386,29.2602370590253));
#4318=CARTESIAN_POINT('Ctrl Pts',(-32.8209743189872,9.48646156267408,29.2531485375709));
#4319=CARTESIAN_POINT('Ctrl Pts',(-33.1121856686688,9.48646156267414,29.2402402756605));
#4320=CARTESIAN_POINT('Ctrl Pts',(-33.3646635918588,9.48646156267426,29.2172516172393));
#4321=CARTESIAN_POINT('Ctrl Pts',(-33.5473087651109,9.4864615626743,29.1910984120766));
#4322=CARTESIAN_POINT('Ctrl Pts',(-33.6398830969556,9.48646156267431,29.1751321761766));
#4323=CARTESIAN_POINT('Ctrl Pts',(-33.6864712863949,9.48646156267431,29.1663944191192));
#4324=CARTESIAN_POINT('Ctrl Pts',(-33.7131365905267,9.48646156267431,29.1611566377938));
#4325=CARTESIAN_POINT('Ctrl Pts',(-34.155091090372,9.48646156267408,29.0730872154573));
#4326=CARTESIAN_POINT('Ctrl Pts',(-34.8253069214526,9.48646156267236,28.8058747801517));
#4327=CARTESIAN_POINT('Ctrl Pts',(-35.6085213541116,9.48646156267194,28.2622061382247));
#4328=CARTESIAN_POINT('Ctrl Pts',(-35.9548398443192,9.48646156267124,27.9475183316502));
#4329=CARTESIAN_POINT('Ctrl Pts',(-36.1077307679097,9.48646156267124,27.7844390758718));
#4330=CARTESIAN_POINT('',(-26.8055504917064,9.48646156267124,29.2467450991682));
#4331=CARTESIAN_POINT('Ctrl Pts',(-26.8055504881711,9.48646156267125,29.2467450992033));
#4332=CARTESIAN_POINT('Ctrl Pts',(-26.8055504887873,9.53417752990592,29.2467450992093));
#4333=CARTESIAN_POINT('Ctrl Pts',(-26.8055507262183,9.58182107544808,29.2434385143317));
#4334=CARTESIAN_POINT('Ctrl Pts',(-26.8055510212826,9.6291190918811,29.2369975662855));
#4335=CARTESIAN_POINT('Ctrl Pts',(-26.805551313722,9.67599633171031,29.2306139187446));
#4336=CARTESIAN_POINT('Ctrl Pts',(-26.8055516634211,9.72253517463595,29.2211508807474));
#4337=CARTESIAN_POINT('Ctrl Pts',(-26.8055519543857,9.76845861584603,29.2087268572599));
#4338=CARTESIAN_POINT('Ctrl Pts',(-26.8055522475867,9.814735048418,29.1962073362911));
#4339=CARTESIAN_POINT('Ctrl Pts',(-26.8055524798046,9.86009412606997,29.1807605963422));
#4340=CARTESIAN_POINT('Ctrl Pts',(-26.8055525916211,9.90426860197649,29.162570021839));
#4341=CARTESIAN_POINT('Ctrl Pts',(-26.8055527038281,9.94859734283411,29.1443159226867));
#4342=CARTESIAN_POINT('Ctrl Pts',(-26.805552695381,9.99173426034583,29.1232982933233));
#4343=CARTESIAN_POINT('Ctrl Pts',(-26.8055525649483,10.0333945390038,29.099652795586));
#4344=CARTESIAN_POINT('Ctrl Pts',(-26.80555243632,10.0744785388489,29.0763343815795));
#4345=CARTESIAN_POINT('Ctrl Pts',(-26.8055521897282,10.1141274292403,29.0504597303311));
#4346=CARTESIAN_POINT('Ctrl Pts',(-26.8055518712976,10.1520387694801,29.0221188675945));
#4347=CARTESIAN_POINT('Ctrl Pts',(-26.8055515493023,10.1903745214011,28.993460733215));
#4348=CARTESIAN_POINT('Ctrl Pts',(-26.8055511580528,10.2266909837968,28.9624620010422));
#4349=CARTESIAN_POINT('Ctrl Pts',(-26.8055507951347,10.2607153445902,28.9292668170452));
#4350=CARTESIAN_POINT('Ctrl Pts',(-26.8055504640635,10.2917539897429,28.8989845865245));
#4351=CARTESIAN_POINT('Ctrl Pts',(-26.8055501575682,10.3208855294428,28.8668736303223));
#4352=CARTESIAN_POINT('Ctrl Pts',(-26.8055499841422,10.3478788017676,28.8330141206314));
#4353=CARTESIAN_POINT('Ctrl Pts',(-26.8055497938202,10.3775018891291,28.795855853878));
#4354=CARTESIAN_POINT('Ctrl Pts',(-26.8055497643517,10.4045507446402,28.7565912427089));
#4355=CARTESIAN_POINT('Ctrl Pts',(-26.8055498059576,10.4289605138634,28.7155246012692));
#4356=CARTESIAN_POINT('Ctrl Pts',(-26.8055498091856,10.4308543303874,28.7123384718376));
#4357=CARTESIAN_POINT('Ctrl Pts',(-26.8055498128534,10.4327322376108,28.7091414850675));
#4358=CARTESIAN_POINT('Ctrl Pts',(-26.8055498169245,10.4345941931163,28.7059337784115));
#4359=CARTESIAN_POINT('Ctrl Pts',(-26.8055498688556,10.4583452402965,28.6650163709316));
#4360=CARTESIAN_POINT('Ctrl Pts',(-26.8055499872893,10.4793560502599,28.6226128473705));
#4361=CARTESIAN_POINT('Ctrl Pts',(-26.8055501162069,10.4976156134761,28.5790501410127));
#4362=CARTESIAN_POINT('Ctrl Pts',(-26.8055501929169,10.5084806142674,28.5531289930945));
#4363=CARTESIAN_POINT('Ctrl Pts',(-26.8055502741711,10.5183707072509,28.5267967079982));
#4364=CARTESIAN_POINT('Ctrl Pts',(-26.8055503534434,10.5272761905793,28.5001176093037));
#4365=CARTESIAN_POINT('',(-31.9999999999838,9.48646156267124,29.2524795002737));
#4366=CARTESIAN_POINT('Ctrl Pts',(-26.8055504917064,9.48646156267124,29.2467450991774));
#4367=CARTESIAN_POINT('Ctrl Pts',(-27.0015811116247,9.48646156267124,29.2469752917868));
#4368=CARTESIAN_POINT('Ctrl Pts',(-27.1984619357835,9.48646156267124,29.247116748179));
#4369=CARTESIAN_POINT('Ctrl Pts',(-27.3941615883253,9.48646156267124,29.2471250823769));
#4370=CARTESIAN_POINT('Ctrl Pts',(-27.5204791107467,9.48646156267124,29.2471304618204));
#4371=CARTESIAN_POINT('Ctrl Pts',(-27.646302508211,9.48646156267124,29.2470806432881));
#4372=CARTESIAN_POINT('Ctrl Pts',(-27.7711093322743,9.48646156267124,29.2469691239031));
#4373=CARTESIAN_POINT('Ctrl Pts',(-27.8840435668857,9.48646156267124,29.2468682131037));
#4374=CARTESIAN_POINT('Ctrl Pts',(-27.9961447549172,9.48646156267124,29.246716787203));
#4375=CARTESIAN_POINT('Ctrl Pts',(-28.1070629881629,9.48646156267124,29.246514339312));
#4376=CARTESIAN_POINT('Ctrl Pts',(-28.2103666100314,9.48646156267124,29.2463257896049));
#4377=CARTESIAN_POINT('Ctrl Pts',(-28.3126437903733,9.48646156267124,29.2460929770456));
#4378=CARTESIAN_POINT('Ctrl Pts',(-28.4136523210378,9.48646156267124,29.2458194205645));
#4379=CARTESIAN_POINT('Ctrl Pts',(-28.5094001466871,9.48646156267124,29.2455601113944));
#4380=CARTESIAN_POINT('Ctrl Pts',(-28.6040076423437,9.48646156267124,29.245264177647));
#4381=CARTESIAN_POINT('Ctrl Pts',(-28.6973115687105,9.48646156267124,29.2449384627016));
#4382=CARTESIAN_POINT('Ctrl Pts',(-28.7879787635461,9.48646156267124,29.2446219523299));
#4383=CARTESIAN_POINT('Ctrl Pts',(-28.8774147941255,9.48646156267124,29.2442773313653));
#4384=CARTESIAN_POINT('Ctrl Pts',(-28.9655173162474,9.48646156267124,29.2439146792371));
#4385=CARTESIAN_POINT('Ctrl Pts',(-29.052833485665,9.48646156267124,29.2435552639343));
#4386=CARTESIAN_POINT('Ctrl Pts',(-29.1388394758439,9.48646156267124,29.2431781569982));
#4387=CARTESIAN_POINT('Ctrl Pts',(-29.2234862947912,9.48646156267124,29.2427967765205));
#4388=CARTESIAN_POINT('Ctrl Pts',(-29.311923839372,9.48646156267124,29.2423983167387));
#4389=CARTESIAN_POINT('Ctrl Pts',(-29.3988779694459,9.48646156267124,29.2419952907403));
#4390=CARTESIAN_POINT('Ctrl Pts',(-29.4843527294972,9.48646156267124,29.2416060432614));
#4391=CARTESIAN_POINT('Ctrl Pts',(-29.5746991263238,9.48646156267124,29.2411946106095));
#4392=CARTESIAN_POINT('Ctrl Pts',(-29.663393178353,9.48646156267124,29.2407987027148));
#4393=CARTESIAN_POINT('Ctrl Pts',(-29.750499424187,9.48646156267124,29.2404414461034));
#4394=CARTESIAN_POINT('Ctrl Pts',(-29.8426254256342,9.48646156267124,29.2400636015209));
#4395=CARTESIAN_POINT('Ctrl Pts',(-29.932975720903,9.48646156267124,29.2397291646434));
#4396=CARTESIAN_POINT('Ctrl Pts',(-30.0216854409269,9.48646156267124,29.2394647081968));
#4397=CARTESIAN_POINT('Ctrl Pts',(-30.1198578611026,9.48646156267124,29.2391720420786));
#4398=CARTESIAN_POINT('Ctrl Pts',(-30.2160216811263,9.48646156267124,29.238965426997));
#4399=CARTESIAN_POINT('Ctrl Pts',(-30.3104236338472,9.48646156267124,29.2388757647094));
#4400=CARTESIAN_POINT('Ctrl Pts',(-30.4366140173193,9.48646156267124,29.2387559100017));
#4401=CARTESIAN_POINT('Ctrl Pts',(-30.5596584691375,9.48646156267124,29.2388469987485));
#4402=CARTESIAN_POINT('Ctrl Pts',(-30.6802391432843,9.48646156267124,29.2391947909978));
#4403=CARTESIAN_POINT('Ctrl Pts',(-30.7792418858394,9.48646156267124,29.2394803457666));
#4404=CARTESIAN_POINT('Ctrl Pts',(-30.8765884549102,9.48646156267124,29.2399386718042));
#4405=CARTESIAN_POINT('Ctrl Pts',(-30.9726474472981,9.48646156267124,29.2405713509909));
#4406=CARTESIAN_POINT('Ctrl Pts',(-31.0541649631521,9.48646156267124,29.2411082547658));
#4407=CARTESIAN_POINT('Ctrl Pts',(-31.1347562970319,9.48646156267124,29.2417705122016));
#4408=CARTESIAN_POINT('Ctrl Pts',(-31.2146090240797,9.48646156267124,29.242543142379));
#4409=CARTESIAN_POINT('Ctrl Pts',(-31.2926154843195,9.48646156267124,29.2432979086524));
#4410=CARTESIAN_POINT('Ctrl Pts',(-31.3699180454823,9.48646156267124,29.2441581544992));
#4411=CARTESIAN_POINT('Ctrl Pts',(-31.4466374246222,9.48646156267124,29.2450932451874));
#4412=CARTESIAN_POINT('Ctrl Pts',(-31.5332171715212,9.48646156267124,29.2461485185227));
#4413=CARTESIAN_POINT('Ctrl Pts',(-31.6190518665073,9.48646156267124,29.24730017408));
#4414=CARTESIAN_POINT('Ctrl Pts',(-31.7042493118994,9.48646156267124,29.2484729438061));
#4415=CARTESIAN_POINT('Ctrl Pts',(-31.7865358915523,9.48646156267124,29.2496056445466));
#4416=CARTESIAN_POINT('Ctrl Pts',(-31.8682240937571,9.48646156267124,29.250758479741));
#4417=CARTESIAN_POINT('Ctrl Pts',(-31.9494054557502,9.48646156267124,29.2518260313215));
#4418=CARTESIAN_POINT('Ctrl Pts',(-31.9662917943647,9.48646156267124,29.2520480901418));
#4419=CARTESIAN_POINT('Ctrl Pts',(-31.9831562985519,9.48646156267124,29.2522663111542));
#4420=CARTESIAN_POINT('Ctrl Pts',(-31.9999999999836,9.48646156267124,29.2524795002832));
#4421=CARTESIAN_POINT('',(-32.,9.7335203400697,27.0804049838023));
#4422=CARTESIAN_POINT('Ctrl Pts',(-31.9981197830589,9.73448411080524,27.0809925544));
#4423=CARTESIAN_POINT('Ctrl Pts',(-31.998115627271,9.78036611332272,27.0912074152877));
#4424=CARTESIAN_POINT('Ctrl Pts',(-31.9981160401908,9.8254811520671,27.1043224582397));
#4425=CARTESIAN_POINT('Ctrl Pts',(-31.9981207662882,9.86952382346835,27.1203658015606));
#4426=CARTESIAN_POINT('Ctrl Pts',(-31.9981242286851,9.90179002508612,27.1321193517825));
#4427=CARTESIAN_POINT('Ctrl Pts',(-31.9981299947148,9.93348061265268,27.1454455698473));
#4428=CARTESIAN_POINT('Ctrl Pts',(-31.9981377967697,9.96446833223509,27.1603718876798));
#4429=CARTESIAN_POINT('Ctrl Pts',(-31.9981417382125,9.98012271117564,27.1679123662528));
#4430=CARTESIAN_POINT('Ctrl Pts',(-31.9981461970201,9.99559758146045,27.1758614385781));
#4431=CARTESIAN_POINT('Ctrl Pts',(-31.9981512275947,10.0108834205437,27.1842075355007));
#4432=CARTESIAN_POINT('Ctrl Pts',(-31.9981647306699,10.0519136907518,27.2066101402942));
#4433=CARTESIAN_POINT('Ctrl Pts',(-31.9981822733473,10.0913300406908,27.2317311462006));
#4434=CARTESIAN_POINT('Ctrl Pts',(-31.9982043589297,10.1289884168392,27.2592765343087));
#4435=CARTESIAN_POINT('Ctrl Pts',(-31.9982270563468,10.1676900392214,27.2875850095529));
#4436=CARTESIAN_POINT('Ctrl Pts',(-31.9982545449754,10.2045357732348,27.3184547772996));
#4437=CARTESIAN_POINT('Ctrl Pts',(-31.9982868606263,10.2393418553368,27.351614957407));
#4438=CARTESIAN_POINT('Ctrl Pts',(-31.9983190957505,10.2740612050043,27.3846925064633));
#4439=CARTESIAN_POINT('Ctrl Pts',(-31.9983561245203,10.3067517989696,27.4200500244225));
#4440=CARTESIAN_POINT('Ctrl Pts',(-31.9983976080685,10.3371926043377,27.4574529330986));
#4441=CARTESIAN_POINT('Ctrl Pts',(-31.9984391733994,10.3676934221922,27.4949295796906));
#4442=CARTESIAN_POINT('Ctrl Pts',(-31.9984848943257,10.3957414249699,27.5342210654932));
#4443=CARTESIAN_POINT('Ctrl Pts',(-31.9985339128924,10.4211636387937,27.5750509018758));
#4444=CARTESIAN_POINT('Ctrl Pts',(-31.9985822545447,10.4462347884311,27.6153169048572));
#4445=CARTESIAN_POINT('Ctrl Pts',(-31.9986337935244,10.4687527790042,27.6570800598783));
#4446=CARTESIAN_POINT('Ctrl Pts',(-31.9986873592452,10.4885123815244,27.7001051327781));
#4447=CARTESIAN_POINT('Ctrl Pts',(-31.9987409249661,10.5082719840446,27.7431302056778));
#4448=CARTESIAN_POINT('Ctrl Pts',(-31.9987965087757,10.5252739163918,27.7874180867246));
#4449=CARTESIAN_POINT('Ctrl Pts',(-31.998852726536,10.5392633398303,27.8327497858523));
#4450=CARTESIAN_POINT('Ctrl Pts',(-31.9988836354614,10.54695482458,27.8576734772428));
#4451=CARTESIAN_POINT('Ctrl Pts',(-31.998914607789,10.5537081709269,27.8828271385984));
#4452=CARTESIAN_POINT('Ctrl Pts',(-31.9989454018414,10.5594933540446,27.9081704644393));
#4453=CARTESIAN_POINT('Ctrl Pts',(-31.9990009370149,10.5699265748688,27.9538755889855));
#4454=CARTESIAN_POINT('Ctrl Pts',(-31.9990559027139,10.5772141576494,28.0001969391707));
#4455=CARTESIAN_POINT('Ctrl Pts',(-31.9991093629681,10.5814748807123,28.0468396794199));
#4456=CARTESIAN_POINT('Ctrl Pts',(-31.9991640399244,10.5858325735753,28.0945439618388));
#4457=CARTESIAN_POINT('Ctrl Pts',(-31.9992171315687,10.5870240084375,28.1425855513633));
#4458=CARTESIAN_POINT('Ctrl Pts',(-31.9992675097581,10.5851225897727,28.1906542129294));
#4459=CARTESIAN_POINT('Ctrl Pts',(-31.9992902990381,10.584262456395,28.2123987455763));
#4460=CARTESIAN_POINT('Ctrl Pts',(-31.9993125323437,10.582768709923,28.234148782991));
#4461=CARTESIAN_POINT('Ctrl Pts',(-31.9993341061609,10.5806447040395,28.2558749717647));
#4462=CARTESIAN_POINT('Ctrl Pts',(-31.9993816329004,10.5759655564478,28.3037373833823));
#4463=CARTESIAN_POINT('Ctrl Pts',(-31.9994256127176,10.5682608342432,28.3511813326547));
#4464=CARTESIAN_POINT('Ctrl Pts',(-31.9994651455575,10.5576435803659,28.3979019909306));
#4465=CARTESIAN_POINT('Ctrl Pts',(-31.9995045547987,10.5470595211409,28.4444765779135));
#4466=CARTESIAN_POINT('Ctrl Pts',(-31.9995395335116,10.5335808137465,28.4903335323772));
#4467=CARTESIAN_POINT('Ctrl Pts',(-31.9995691757552,10.5172689722293,28.5351645989766));
#4468=CARTESIAN_POINT('Ctrl Pts',(-31.999598485907,10.5011398776433,28.5794934083764));
#4469=CARTESIAN_POINT('Ctrl Pts',(-31.999622567877,10.4822404607167,28.6228202522049));
#4470=CARTESIAN_POINT('Ctrl Pts',(-31.999640694234,10.4605854122393,28.6648246407476));
#4471=CARTESIAN_POINT('Ctrl Pts',(-31.9996590448896,10.4386624005333,28.7073487986909));
#4472=CARTESIAN_POINT('Ctrl Pts',(-31.9996711539274,10.4140536676465,28.7482482930918));
#4473=CARTESIAN_POINT('Ctrl Pts',(-31.9996767560049,10.3868323379156,28.7872219295352));
#4474=CARTESIAN_POINT('Ctrl Pts',(-31.9996793160229,10.3743928284368,28.8050319676471));
#4475=CARTESIAN_POINT('Ctrl Pts',(-31.9996805187359,10.3614070717151,28.8224395932235));
#4476=CARTESIAN_POINT('Ctrl Pts',(-31.9996803512169,10.3478788017702,28.8394143862792));
#4477=CARTESIAN_POINT('Ctrl Pts',(-31.9996799847884,10.3182872567289,28.8765448068961));
#4478=CARTESIAN_POINT('Ctrl Pts',(-31.9996730310082,10.2861023631348,28.9116068874519));
#4479=CARTESIAN_POINT('Ctrl Pts',(-31.9996630385573,10.2516160802808,28.944480636973));
#4480=CARTESIAN_POINT('Ctrl Pts',(-31.9996577191984,10.2332577299062,28.9619805749742));
#4481=CARTESIAN_POINT('Ctrl Pts',(-31.9996515457314,10.2142465488284,28.9788597399926));
#4482=CARTESIAN_POINT('Ctrl Pts',(-31.9996451198712,10.1946230123174,28.9950952197173));
#4483=CARTESIAN_POINT('Ctrl Pts',(-31.9996331225112,10.1579850174254,29.02540756545));
#4484=CARTESIAN_POINT('Ctrl Pts',(-31.9996202940839,10.1194447599215,29.0532881934487));
#4485=CARTESIAN_POINT('Ctrl Pts',(-31.9996109164191,10.0793140740401,29.0786466369062));
#4486=CARTESIAN_POINT('Ctrl Pts',(-31.9996014373748,10.0387495456032,29.104279223994));
#4487=CARTESIAN_POINT('Ctrl Pts',(-31.999595462194,9.99655899941385,29.1273353728503));
#4488=CARTESIAN_POINT('Ctrl Pts',(-31.9995979697852,9.95303128908322,29.1476805166562));
#4489=CARTESIAN_POINT('Ctrl Pts',(-31.9996004436219,9.91008950303551,29.1677517955217));
#4490=CARTESIAN_POINT('Ctrl Pts',(-31.9996111544836,9.86584524692379,29.1851849730544));
#4491=CARTESIAN_POINT('Ctrl Pts',(-31.999635722082,9.82055939214557,29.1998039582726));
#4492=CARTESIAN_POINT('Ctrl Pts',(-31.9996606447228,9.77461908178618,29.2146342120319));
#4493=CARTESIAN_POINT('Ctrl Pts',(-31.9996996866855,9.7278993109635,29.2264738504943));
#4494=CARTESIAN_POINT('Ctrl Pts',(-31.999758977603,9.6806919128066,29.2352010957874));
#4495=CARTESIAN_POINT('Ctrl Pts',(-31.9998171362775,9.63438600592472,29.2437616821287));
#4496=CARTESIAN_POINT('Ctrl Pts',(-31.9998947610274,9.58760985578479,29.2493279318626));
#4497=CARTESIAN_POINT('Ctrl Pts',(-31.9999985329767,9.54062573618064,29.2517373389839));
#4498=CARTESIAN_POINT('Ctrl Pts',(-32.0000383528494,9.52259676330217,29.2526618882999));
#4499=CARTESIAN_POINT('Ctrl Pts',(-32.0000820335883,9.5045371107457,29.2531210790141));
#4500=CARTESIAN_POINT('Ctrl Pts',(-32.0001299967458,9.48646156267368,29.2531036599055));
#4501=CARTESIAN_POINT('',(-34.5,9.92015202194494,26.4099653487537));
#4502=CARTESIAN_POINT('Ctrl Pts',(-34.4989731177029,9.92102585016765,26.4088873172682));
#4503=CARTESIAN_POINT('Ctrl Pts',(-34.4737051960085,9.91562203054663,26.4305713625115));
#4504=CARTESIAN_POINT('Ctrl Pts',(-34.4475789110357,9.91010292753151,26.4521939820657));
#4505=CARTESIAN_POINT('Ctrl Pts',(-34.4205474131547,9.90450874895262,26.4737546913934));
#4506=CARTESIAN_POINT('Ctrl Pts',(-34.3928901344145,9.89878506479131,26.4958145324845));
#4507=CARTESIAN_POINT('Ctrl Pts',(-34.364285206688,9.89298278816686,26.5178105381021));
#4508=CARTESIAN_POINT('Ctrl Pts',(-34.3346286242392,9.88714635249111,26.5397495315745));
#4509=CARTESIAN_POINT('Ctrl Pts',(-34.3151558515533,9.88331409753033,26.554154867509));
#4510=CARTESIAN_POINT('Ctrl Pts',(-34.2952285775662,9.87946714394199,26.5685357439038));
#4511=CARTESIAN_POINT('Ctrl Pts',(-34.2748052473079,9.87561837460008,26.5828926451318));
#4512=CARTESIAN_POINT('Ctrl Pts',(-34.2447465699585,9.86995382751703,26.6040228651445));
#4513=CARTESIAN_POINT('Ctrl Pts',(-34.213611587732,9.86428530675156,26.625103483045));
#4514=CARTESIAN_POINT('Ctrl Pts',(-34.1816578761932,9.85865474446096,26.645994562719));
#4515=CARTESIAN_POINT('Ctrl Pts',(-34.1536714170941,9.85372325157133,26.6642918846475));
#4516=CARTESIAN_POINT('Ctrl Pts',(-34.1250554301603,9.8488208968591,26.6824442365982));
#4517=CARTESIAN_POINT('Ctrl Pts',(-34.0959988764073,9.8439764161673,26.7003270777066));
#4518=CARTESIAN_POINT('Ctrl Pts',(-34.0693830793148,9.83953887287817,26.7167077563799));
#4519=CARTESIAN_POINT('Ctrl Pts',(-34.0423968191833,9.83514989853689,26.732862587568));
#4520=CARTESIAN_POINT('Ctrl Pts',(-34.0152141305096,9.83083190024833,26.7486637506873));
#4521=CARTESIAN_POINT('Ctrl Pts',(-33.9903892034082,9.82688843483091,26.7630943586107));
#4522=CARTESIAN_POINT('Ctrl Pts',(-33.9654000603611,9.82300417270636,26.7772300792167));
#4523=CARTESIAN_POINT('Ctrl Pts',(-33.9404120033523,9.81919636129419,26.7909432297289));
#4524=CARTESIAN_POINT('Ctrl Pts',(-33.9334869104213,9.81814107924951,26.794743638926));
#4525=CARTESIAN_POINT('Ctrl Pts',(-33.9265621274075,9.8170916698361,26.7985113954706));
#4526=CARTESIAN_POINT('Ctrl Pts',(-33.9196417340323,9.81604850206953,26.8022433021394));
#4527=CARTESIAN_POINT('Ctrl Pts',(-33.8799573474465,9.81006654834552,26.8236435923999));
#4528=CARTESIAN_POINT('Ctrl Pts',(-33.8404186962911,9.80428979303876,26.8438689719948));
#4529=CARTESIAN_POINT('Ctrl Pts',(-33.8007758829547,9.79878821299483,26.8629265047945));
#4530=CARTESIAN_POINT('Ctrl Pts',(-33.7609583893333,9.79326239103946,26.8820680118378));
#4531=CARTESIAN_POINT('Ctrl Pts',(-33.7210374146584,9.78801420053233,26.9000303827327));
#4532=CARTESIAN_POINT('Ctrl Pts',(-33.6807385226576,9.78311492715343,26.9167734941803));
#4533=CARTESIAN_POINT('Ctrl Pts',(-33.6434614588799,9.77858302771049,26.9322611168489));
#4534=CARTESIAN_POINT('Ctrl Pts',(-33.6058621498032,9.77434969890288,26.9467041185951));
#4535=CARTESIAN_POINT('Ctrl Pts',(-33.5676865911482,9.77047136767968,26.9600478782169));
#4536=CARTESIAN_POINT('Ctrl Pts',(-33.5573005219078,9.76941622616924,26.9636781908107));
#4537=CARTESIAN_POINT('Ctrl Pts',(-33.5468715228954,9.76838735972036,26.9672270645392));
#4538=CARTESIAN_POINT('Ctrl Pts',(-33.5363937812171,9.76738590211852,26.9706932786255));
#4539=CARTESIAN_POINT('Ctrl Pts',(-33.4981293869008,9.76372860937891,26.9833517871719));
#4540=CARTESIAN_POINT('Ctrl Pts',(-33.4605786668404,9.76043765136048,26.9944251002663));
#4541=CARTESIAN_POINT('Ctrl Pts',(-33.4233583419343,9.75748218626482,27.0041548372371));
#4542=CARTESIAN_POINT('Ctrl Pts',(-33.3810975126092,9.75412648192053,27.0152022086542));
#4543=CARTESIAN_POINT('Ctrl Pts',(-33.3392640277345,9.75120329101992,27.0245172829438));
#4544=CARTESIAN_POINT('Ctrl Pts',(-33.2973123811432,9.74866597262786,27.032388650489));
#4545=CARTESIAN_POINT('Ctrl Pts',(-33.294288926817,9.74848310814236,27.0329559397897));
#4546=CARTESIAN_POINT('Ctrl Pts',(-33.2912648744986,9.74830224734571,27.0335157025888));
#4547=CARTESIAN_POINT('Ctrl Pts',(-33.2882019273282,9.74812337252618,27.0340788534771));
#4548=CARTESIAN_POINT('Ctrl Pts',(-33.2851414841111,9.74794464393646,27.0346415439906));
#4549=CARTESIAN_POINT('Ctrl Pts',(-33.2820421770494,9.74776789807807,27.0352076262696));
#4550=CARTESIAN_POINT('Ctrl Pts',(-33.2789410977951,9.74759311725285,27.03576555987));
#4551=CARTESIAN_POINT('Ctrl Pts',(-33.2727471497712,9.7472440183559,27.0368799498736));
#4552=CARTESIAN_POINT('Ctrl Pts',(-33.2665462403879,9.74690275882278,27.0379618021011));
#4553=CARTESIAN_POINT('Ctrl Pts',(-33.2602931407761,9.74656919728472,27.0390236791072));
#4554=CARTESIAN_POINT('Ctrl Pts',(-33.2478242507567,9.74590406440807,27.0411410974157));
#4555=CARTESIAN_POINT('Ctrl Pts',(-33.2351477145323,9.7452695404726,27.0431791596274));
#4556=CARTESIAN_POINT('Ctrl Pts',(-33.2222537955922,9.74466449947462,27.0451355808289));
#4557=CARTESIAN_POINT('Ctrl Pts',(-33.1966532541336,9.74346320627395,27.0490200043556));
#4558=CARTESIAN_POINT('Ctrl Pts',(-33.1701980268969,9.74237814329617,27.0525827101999));
#4559=CARTESIAN_POINT('Ctrl Pts',(-33.1425122523902,9.74140042624393,27.0558472638356));
#4560=CARTESIAN_POINT('Ctrl Pts',(-33.1088156541769,9.7402104382713,27.0598205806082));
#4561=CARTESIAN_POINT('Ctrl Pts',(-33.0732962501202,9.73917946989833,27.063352423899));
#4562=CARTESIAN_POINT('Ctrl Pts',(-33.035603528262,9.73829134752947,27.0664588896993));
#4563=CARTESIAN_POINT('Ctrl Pts',(-33.0125514533914,9.73774819059275,27.0683587387598));
#4564=CARTESIAN_POINT('Ctrl Pts',(-32.9886856099034,9.73725845902185,27.0700993556462));
#4565=CARTESIAN_POINT('Ctrl Pts',(-32.9639161153195,9.73681842816968,27.0716834121694));
#4566=CARTESIAN_POINT('Ctrl Pts',(-32.9172167195044,9.73598881193076,27.0746699277932));
#4567=CARTESIAN_POINT('Ctrl Pts',(-32.8673071588078,9.73533586980747,27.0771002029795));
#4568=CARTESIAN_POINT('Ctrl Pts',(-32.8138970328795,9.73483450047252,27.0789895611154));
#4569=CARTESIAN_POINT('Ctrl Pts',(-32.7951578481556,9.73465859276926,27.0796524509795));
#4570=CARTESIAN_POINT('Ctrl Pts',(-32.7759872797974,9.73450134209102,27.0802487089306));
#4571=CARTESIAN_POINT('Ctrl Pts',(-32.7563712722747,9.73436166019281,27.0807788796821));
#4572=CARTESIAN_POINT('Ctrl Pts',(-32.6990857305845,9.73395374063048,27.0823271620557));
#4573=CARTESIAN_POINT('Ctrl Pts',(-32.6379976559986,9.73369566219369,27.083309895904));
#4574=CARTESIAN_POINT('Ctrl Pts',(-32.5731765566493,9.73356024607897,27.0838525135454));
#4575=CARTESIAN_POINT('Ctrl Pts',(-32.5560333409032,9.73352443262173,27.0839960194622));
#4576=CARTESIAN_POINT('Ctrl Pts',(-32.5386292522537,9.73349719818465,27.0841088770225));
#4577=CARTESIAN_POINT('Ctrl Pts',(-32.5209661663699,9.73347803905636,27.0841937333942));
#4578=CARTESIAN_POINT('Ctrl Pts',(-32.443970555961,9.73339452200915,27.0845636329792));
#4579=CARTESIAN_POINT('Ctrl Pts',(-32.3620515814662,9.73346445732912,27.0843986998552));
#4580=CARTESIAN_POINT('Ctrl Pts',(-32.2749793360728,9.73364606875221,27.0838180846652));
#4581=CARTESIAN_POINT('Ctrl Pts',(-32.2012726937637,9.73379980279388,27.0833265939964));
#4582=CARTESIAN_POINT('Ctrl Pts',(-32.1238725217671,9.73403355670783,27.0825372389639));
#4583=CARTESIAN_POINT('Ctrl Pts',(-32.0426697793977,9.73432197099845,27.0815488988232));
#4584=CARTESIAN_POINT('Ctrl Pts',(-32.0279448700835,9.73437427063945,27.0813696780417));
#4585=CARTESIAN_POINT('Ctrl Pts',(-32.0130950339813,9.73442836764299,27.0811839952674));
#4586=CARTESIAN_POINT('Ctrl Pts',(-31.998119783059,9.73448411080524,27.0809925544));
#4587=CARTESIAN_POINT('',(-34.5,9.0569513658119,28.820377100609));
#4588=CARTESIAN_POINT('Ctrl Pts',(-34.5,9.0569513658119,28.820377100609));
#4589=CARTESIAN_POINT('Ctrl Pts',(-34.5,8.94811981861062,28.7699275715216));
#4590=CARTESIAN_POINT('Ctrl Pts',(-34.499999999991,8.84835466120006,28.7009050218656));
#4591=CARTESIAN_POINT('Ctrl Pts',(-34.499999999991,8.65449452639053,28.5132795663074));
#4592=CARTESIAN_POINT('Ctrl Pts',(-34.4999999999798,8.56909288180219,28.3897331195885));
#4593=CARTESIAN_POINT('Ctrl Pts',(-34.4999999999798,8.43745124085722,28.1000222955239));
#4594=CARTESIAN_POINT('Ctrl Pts',(-34.5000000000156,8.39849668595212,27.9336356404257));
#4595=CARTESIAN_POINT('Ctrl Pts',(-34.5000000000156,8.37790100271936,27.5708430065134));
#4596=CARTESIAN_POINT('Ctrl Pts',(-34.5,8.40480062889557,27.3748906562756));
#4597=CARTESIAN_POINT('Ctrl Pts',(-34.5,8.53091035602359,26.9894461825755));
#4598=CARTESIAN_POINT('Ctrl Pts',(-34.5,8.63355176563861,26.807661452445));
#4599=CARTESIAN_POINT('Ctrl Pts',(-34.5,8.8636562864039,26.5408656608736));
#4600=CARTESIAN_POINT('Ctrl Pts',(-34.5,8.98261156797599,26.4433633423313));
#4601=CARTESIAN_POINT('Ctrl Pts',(-34.5,9.2092174767364,26.327181601268));
#4602=CARTESIAN_POINT('Ctrl Pts',(-34.5,9.31445264755403,26.2942063066596));
#4603=CARTESIAN_POINT('Ctrl Pts',(-34.5,9.52430275671059,26.2771122838826));
#4604=CARTESIAN_POINT('Ctrl Pts',(-34.5000000000019,9.62259873830163,26.2887516597194));
#4605=CARTESIAN_POINT('Ctrl Pts',(-34.5000000000019,9.78902467086251,26.3405201119787));
#4606=CARTESIAN_POINT('Ctrl Pts',(-34.5,9.85649656717839,26.3717118462186));
#4607=CARTESIAN_POINT('Ctrl Pts',(-34.5,9.92015202194487,26.4099653487537));
#4608=CARTESIAN_POINT('',(-32.,8.92131292527407,29.0961867381084));
#4609=CARTESIAN_POINT('Ctrl Pts',(-32.,8.92131292527408,29.0961867381084));
#4610=CARTESIAN_POINT('Ctrl Pts',(-32.6732760061053,8.91799153306436,29.1027340389159));
#4611=CARTESIAN_POINT('Ctrl Pts',(-33.1511333568227,8.91875801905881,29.1016660929316));
#4612=CARTESIAN_POINT('Ctrl Pts',(-33.9198805285713,8.97197181905377,28.9953948808391));
#4613=CARTESIAN_POINT('Ctrl Pts',(-34.2105652825833,9.00712575618589,28.9249415824039));
#4614=CARTESIAN_POINT('Ctrl Pts',(-34.5,9.05695136581189,28.820377100609));
#4615=CARTESIAN_POINT('Ctrl Pts',(-32.0001299967458,9.48646156267368,29.2531036599055));
#4616=CARTESIAN_POINT('Ctrl Pts',(-32.000041252228,9.45688092243103,29.2531358830509));
#4617=CARTESIAN_POINT('Ctrl Pts',(-31.9999659706599,9.42728386891345,29.251891779403));
#4618=CARTESIAN_POINT('Ctrl Pts',(-31.9999021596092,9.39773466884124,29.2494019133199));
#4619=CARTESIAN_POINT('Ctrl Pts',(-31.9997997048555,9.35029059793893,29.2454041948471));
#4620=CARTESIAN_POINT('Ctrl Pts',(-31.9997272712288,9.30320370510279,29.2382176407769));
#4621=CARTESIAN_POINT('Ctrl Pts',(-31.9996766391147,9.25673656117802,29.2280205131992));
#4622=CARTESIAN_POINT('Ctrl Pts',(-31.9996410885361,9.22411035383909,29.2208607531944));
#4623=CARTESIAN_POINT('Ctrl Pts',(-31.9996163151256,9.19178959134832,29.212215590822));
#4624=CARTESIAN_POINT('Ctrl Pts',(-31.9995997814432,9.15986830977146,29.2021317860752));
#4625=CARTESIAN_POINT('Ctrl Pts',(-31.9995760214345,9.11399529055505,29.1876406833978));
#4626=CARTESIAN_POINT('Ctrl Pts',(-31.9995693156739,9.069112551442,29.1702331941358));
#4627=CARTESIAN_POINT('Ctrl Pts',(-31.9995725228946,9.02549267401387,29.1500691577926));
#4628=CARTESIAN_POINT('Ctrl Pts',(-31.99957472607,8.99552833713955,29.1362176292383));
#4629=CARTESIAN_POINT('Ctrl Pts',(-31.9995816312825,8.96616008462662,29.1210641851265));
#4630=CARTESIAN_POINT('Ctrl Pts',(-31.9995911471945,8.93748226887847,29.104647724354));
#4631=CARTESIAN_POINT('Ctrl Pts',(-31.9995929347683,8.93209511172714,29.101563875332));
#4632=CARTESIAN_POINT('Ctrl Pts',(-31.9995948133773,8.92673579034538,29.0984374060288));
#4633=CARTESIAN_POINT('Ctrl Pts',(-31.9995967700744,8.92140485803447,29.0952687052444));
#4634=CARTESIAN_POINT('Ctrl Pts',(-26.8055508022767,8.44560311494346,28.4997358647947));
#4635=CARTESIAN_POINT('Ctrl Pts',(-26.8055506309504,8.46094607918998,28.5453014734419));
#4636=CARTESIAN_POINT('Ctrl Pts',(-26.8055504491027,8.47912966960616,28.5898046244731));
#4637=CARTESIAN_POINT('Ctrl Pts',(-26.8055502982839,8.50008540438976,28.6329273366279));
#4638=CARTESIAN_POINT('Ctrl Pts',(-26.8055501515915,8.52046781301772,28.6748702581892));
#4639=CARTESIAN_POINT('Ctrl Pts',(-26.8055500331148,8.54347320503887,28.7155082063694));
#4640=CARTESIAN_POINT('Ctrl Pts',(-26.8055500100625,8.56908070902629,28.7545235974888));
#4641=CARTESIAN_POINT('Ctrl Pts',(-26.8055500056557,8.57397593302061,28.7619819221599));
#4642=CARTESIAN_POINT('Ctrl Pts',(-26.8055500048518,8.57896636318747,28.7693808534506));
#4643=CARTESIAN_POINT('Ctrl Pts',(-26.8055500082982,8.58405201546076,28.7767180202177));
#4644=CARTESIAN_POINT('Ctrl Pts',(-26.8055500173194,8.59736406261273,28.7959235625391));
#4645=CARTESIAN_POINT('Ctrl Pts',(-26.8055500547095,8.61129613350489,28.8146595331424));
#4646=CARTESIAN_POINT('Ctrl Pts',(-26.8055501324592,8.62584117795833,28.8328888144267));
#4647=CARTESIAN_POINT('Ctrl Pts',(-26.8055502899582,8.65530531183146,28.8698161669619));
#4648=CARTESIAN_POINT('Ctrl Pts',(-26.8055506102348,8.68728239123335,28.9046667190336));
#4649=CARTESIAN_POINT('Ctrl Pts',(-26.8055509549319,8.72148397469411,28.9373344543412));
#4650=CARTESIAN_POINT('Ctrl Pts',(-26.8055510290557,8.72883869396675,28.9443593344242));
#4651=CARTESIAN_POINT('Ctrl Pts',(-26.8055511044682,8.73629641555582,28.9512831402702));
#4652=CARTESIAN_POINT('Ctrl Pts',(-26.8055511800659,8.74385447793791,28.9581045861448));
#4653=CARTESIAN_POINT('Ctrl Pts',(-26.8055515347891,8.77931880945873,28.9901125275615));
#4654=CARTESIAN_POINT('Ctrl Pts',(-26.8055518881133,8.81686176387548,29.0197547199423));
#4655=CARTESIAN_POINT('Ctrl Pts',(-26.8055521533637,8.85618509425637,29.0469248090863));
#4656=CARTESIAN_POINT('Ctrl Pts',(-26.8055523372916,8.8834523813017,29.0657648872934));
#4657=CARTESIAN_POINT('Ctrl Pts',(-26.8055524797332,8.91157664220907,29.0834155962864));
#4658=CARTESIAN_POINT('Ctrl Pts',(-26.8055525658738,8.94046694699247,29.0998295386539));
#4659=CARTESIAN_POINT('Ctrl Pts',(-26.8055526906909,8.98232879936933,29.1236132279385));
#4660=CARTESIAN_POINT('Ctrl Pts',(-26.805552693522,9.0255890404904,29.1446835834455));
#4661=CARTESIAN_POINT('Ctrl Pts',(-26.8055525786605,9.06994974710713,29.1629380586643));
#4662=CARTESIAN_POINT('Ctrl Pts',(-26.8055524647945,9.11392599073139,29.1810343269765));
#4663=CARTESIAN_POINT('Ctrl Pts',(-26.8055522347715,9.1589847754475,29.1963637321815));
#4664=CARTESIAN_POINT('Ctrl Pts',(-26.8055519451548,9.20485947181713,29.2087821397713));
#4665=CARTESIAN_POINT('Ctrl Pts',(-26.805551657269,9.25045999092604,29.221126326816));
#4666=CARTESIAN_POINT('Ctrl Pts',(-26.805551309967,9.29686769416477,29.2305946584295));
#4667=CARTESIAN_POINT('Ctrl Pts',(-26.8055510184548,9.34382884236389,29.2369951889777));
#4668=CARTESIAN_POINT('Ctrl Pts',(-26.8055507244047,9.39119882501517,29.2434514412768));
#4669=CARTESIAN_POINT('Ctrl Pts',(-26.8055504888788,9.43883275820236,29.2467450992101));
#4670=CARTESIAN_POINT('Ctrl Pts',(-26.805550488171,9.48646156267125,29.2467450992033));
#4671=CARTESIAN_POINT('Origin',(-26.8055504917064,-21.0002148739643,0.));
#4672=CARTESIAN_POINT('',(-26.8055504917064,-9.48646156267124,29.2467450991682));
#4673=CARTESIAN_POINT('Ctrl Pts',(-26.8055503534434,-10.5272761905793,28.5001176093037));
#4674=CARTESIAN_POINT('Ctrl Pts',(-26.8055502206105,-10.5123294576947,28.5448951185173));
#4675=CARTESIAN_POINT('Ctrl Pts',(-26.8055500794084,-10.4945988341479,28.5887350818509));
#4676=CARTESIAN_POINT('Ctrl Pts',(-26.805549968405,-10.4741075566172,28.6313217600931));
#4677=CARTESIAN_POINT('Ctrl Pts',(-26.8055499473943,-10.470228971814,28.6393825578057));
#4678=CARTESIAN_POINT('Ctrl Pts',(-26.8055499275615,-10.4662513566878,28.6473983714529));
#4679=CARTESIAN_POINT('Ctrl Pts',(-26.8055499093163,-10.4621746962039,28.6553669321769));
#4680=CARTESIAN_POINT('Ctrl Pts',(-26.8055498118026,-10.4403864302335,28.6979559878855));
#4681=CARTESIAN_POINT('Ctrl Pts',(-26.8055497542633,-10.4159101321862,28.7389281546059));
#4682=CARTESIAN_POINT('Ctrl Pts',(-26.805549811287,-10.3888193004267,28.7779820412748));
#4683=CARTESIAN_POINT('Ctrl Pts',(-26.8055498387385,-10.3757776567683,28.7967827513428));
#4684=CARTESIAN_POINT('Ctrl Pts',(-26.8055498930296,-10.3621293760231,28.8151386496145));
#4685=CARTESIAN_POINT('Ctrl Pts',(-26.8055499848007,-10.3478788017676,28.8330141206321));
#4686=CARTESIAN_POINT('Ctrl Pts',(-26.8055501753823,-10.318284549221,28.8701362179034));
#4687=CARTESIAN_POINT('Ctrl Pts',(-26.8055505245884,-10.2860950699967,28.9051889362307));
#4688=CARTESIAN_POINT('Ctrl Pts',(-26.8055508924049,-10.2516017799322,28.9380534984799));
#4689=CARTESIAN_POINT('Ctrl Pts',(-26.8055510791474,-10.2340893381124,28.9547390258172));
#4690=CARTESIAN_POINT('Ctrl Pts',(-26.8055512713984,-10.2159824484048,28.9708599172123));
#4691=CARTESIAN_POINT('Ctrl Pts',(-26.8055514556656,-10.1973162101698,28.9863965180055));
#4692=CARTESIAN_POINT('Ctrl Pts',(-26.8055518162646,-10.160787588316,29.0168006416494));
#4693=CARTESIAN_POINT('Ctrl Pts',(-26.8055521385365,-10.1223484745702,29.044778844891));
#4694=CARTESIAN_POINT('Ctrl Pts',(-26.8055523556647,-10.0823108003338,29.0702428307881));
#4695=CARTESIAN_POINT('Ctrl Pts',(-26.8055525753278,-10.0418057094651,29.0960040939562));
#4696=CARTESIAN_POINT('Ctrl Pts',(-26.8055526866977,-9.99966350301691,29.1191926687171));
#4697=CARTESIAN_POINT('Ctrl Pts',(-26.8055526691736,-9.95617372451311,29.1396760178557));
#4698=CARTESIAN_POINT('Ctrl Pts',(-26.8055526518995,-9.91330439814251,29.1598671388409));
#4699=CARTESIAN_POINT('Ctrl Pts',(-26.8055525089115,-9.86912461086087,29.1774300707159));
#4700=CARTESIAN_POINT('Ctrl Pts',(-26.805552275652,-9.82389505838272,29.1921911814372));
#4701=CARTESIAN_POINT('Ctrl Pts',(-26.8055520388681,-9.77798211822006,29.2071753224721));
#4702=CARTESIAN_POINT('Ctrl Pts',(-26.8055517096098,-9.73127971859808,29.2191768837903));
#4703=CARTESIAN_POINT('Ctrl Pts',(-26.8055513854179,-9.68408022716411,29.2280760902998));
#4704=CARTESIAN_POINT('Ctrl Pts',(-26.8055510673185,-9.63776774048235,29.2368080569043));
#4705=CARTESIAN_POINT('Ctrl Pts',(-26.8055507537198,-9.5909756048663,29.2425534958065));
#4706=CARTESIAN_POINT('Ctrl Pts',(-26.80555059314,-9.54396667382732,29.2451517319993));
#4707=CARTESIAN_POINT('Ctrl Pts',(-26.8055505277648,-9.52482840646383,29.2462095254405));
#4708=CARTESIAN_POINT('Ctrl Pts',(-26.8055504884418,-9.50565413836376,29.2467450992057));
#4709=CARTESIAN_POINT('Ctrl Pts',(-26.8055504881712,-9.48646156267172,29.2467450992033));
#4710=CARTESIAN_POINT('Ctrl Pts',(-26.8055504881712,-9.48646156267172,29.2467450992033));
#4711=CARTESIAN_POINT('Ctrl Pts',(-26.8055504885626,-9.45803552896786,29.2467450992073));
#4712=CARTESIAN_POINT('Ctrl Pts',(-26.805550573786,-9.42959350360707,29.2455709255735));
#4713=CARTESIAN_POINT('Ctrl Pts',(-26.8055507039246,-9.40119250302336,29.2432491403804));
#4714=CARTESIAN_POINT('Ctrl Pts',(-26.8055509214992,-9.35370977280863,29.2393674215089));
#4715=CARTESIAN_POINT('Ctrl Pts',(-26.8055512600399,-9.30657569423314,29.2323001768336));
#4716=CARTESIAN_POINT('Ctrl Pts',(-26.8055515784624,-9.26005326536187,29.2222237794966));
#4717=CARTESIAN_POINT('Ctrl Pts',(-26.8055518017858,-9.22742507783262,29.2151567670918));
#4718=CARTESIAN_POINT('Ctrl Pts',(-26.8055520166446,-9.19509766046372,29.206608398286));
#4719=CARTESIAN_POINT('Ctrl Pts',(-26.8055521920287,-9.16316484389482,29.1966246194273));
#4720=CARTESIAN_POINT('Ctrl Pts',(-26.8055524443071,-9.11723162578328,29.1822636221471));
#4721=CARTESIAN_POINT('Ctrl Pts',(-26.805552611529,-9.07228036666209,29.1649868037277));
#4722=CARTESIAN_POINT('Ctrl Pts',(-26.8055526528191,-9.0285839086995,29.1449519506939));
#4723=CARTESIAN_POINT('Ctrl Pts',(-26.8055526811624,-8.99858876883941,29.1311991604943));
#4724=CARTESIAN_POINT('Ctrl Pts',(-26.805552651501,-8.96918504771947,29.1161456437891));
#4725=CARTESIAN_POINT('Ctrl Pts',(-26.8055525658738,-8.94046694699247,29.0998295386539));
#4726=CARTESIAN_POINT('Ctrl Pts',(-26.8055524408283,-8.89852848549458,29.0760023241206));
#4727=CARTESIAN_POINT('Ctrl Pts',(-26.8055521958522,-8.85826065018503,29.0496035082103));
#4728=CARTESIAN_POINT('Ctrl Pts',(-26.8055518832523,-8.81993078513787,29.0207916836968));
#4729=CARTESIAN_POINT('Ctrl Pts',(-26.8055515771536,-8.78239807551338,28.9925790656276));
#4730=CARTESIAN_POINT('Ctrl Pts',(-26.8055512069743,-8.74672267503748,28.9620521199575));
#4731=CARTESIAN_POINT('Ctrl Pts',(-26.8055508703495,-8.71318145766735,28.9293185707812));
#4732=CARTESIAN_POINT('Ctrl Pts',(-26.8055505590098,-8.68215964042024,28.8990437548975));
#4733=CARTESIAN_POINT('Ctrl Pts',(-26.8055502771951,-8.65296310312491,28.866880680482));
#4734=CARTESIAN_POINT('Ctrl Pts',(-26.8055501324905,-8.62584117795833,28.8328888144268));
#4735=CARTESIAN_POINT('Ctrl Pts',(-26.8055501186774,-8.623252208812,28.829644063477));
#4736=CARTESIAN_POINT('Ctrl Pts',(-26.8055501061332,-8.62068217007953,28.826382632095));
#4737=CARTESIAN_POINT('Ctrl Pts',(-26.8055500947821,-8.6181311185505,28.8231047160594));
#4738=CARTESIAN_POINT('Ctrl Pts',(-26.8055499676977,-8.58957014856818,28.7864059428547));
#4739=CARTESIAN_POINT('Ctrl Pts',(-26.8055499909976,-8.56356123527259,28.7478692848936));
#4740=CARTESIAN_POINT('Ctrl Pts',(-26.8055500777062,-8.54011380326591,28.7078201991912));
#4741=CARTESIAN_POINT('Ctrl Pts',(-26.8055501671388,-8.5159297878889,28.6665130017041));
#4742=CARTESIAN_POINT('Ctrl Pts',(-26.8055503251765,-8.49447023155165,28.6235958869874));
#4743=CARTESIAN_POINT('Ctrl Pts',(-26.8055504950436,-8.47578968780816,28.5793927469288));
#4744=CARTESIAN_POINT('Ctrl Pts',(-26.8055505954343,-8.46474956823776,28.5532688846721));
#4745=CARTESIAN_POINT('Ctrl Pts',(-26.8055507005996,-8.45468095847293,28.5266952914327));
#4746=CARTESIAN_POINT('Ctrl Pts',(-26.8055508022769,-8.44560310071234,28.4997358225311));
#4747=CARTESIAN_POINT('',(-26.8055504917064,20.9997851260357,0.));
#4748=CARTESIAN_POINT('Origin',(-26.8055504917064,20.9997851260357,0.));
#4749=CARTESIAN_POINT('Ctrl Pts',(-38.6741069469154,-10.8977070840447,23.5));
#4750=CARTESIAN_POINT('Ctrl Pts',(-38.6531147323656,-10.8999324882738,23.5));
#4751=CARTESIAN_POINT('Ctrl Pts',(-38.6321080116701,-10.9021545879296,23.5));
#4752=CARTESIAN_POINT('Ctrl Pts',(-38.611086783337,-10.904373383541,23.5));
#4753=CARTESIAN_POINT('Ctrl Pts',(-38.667715076498,-10.8374126380187,23.7138906620087));
#4754=CARTESIAN_POINT('Ctrl Pts',(-38.6467319737468,-10.8396370762975,23.7138906620087));
#4755=CARTESIAN_POINT('Ctrl Pts',(-38.6257345246698,-10.8418581952019,23.7138906620087));
#4756=CARTESIAN_POINT('Ctrl Pts',(-38.6047223836151,-10.8440760316489,23.7138906620087));
#4757=CARTESIAN_POINT('Ctrl Pts',(-38.6542997424626,-10.7108659339883,23.908383875371));
#4758=CARTESIAN_POINT('Ctrl Pts',(-38.633335887737,-10.713088331766,23.908383875371));
#4759=CARTESIAN_POINT('Ctrl Pts',(-38.6123576502305,-10.7153074184715,23.908383875371));
#4760=CARTESIAN_POINT('Ctrl Pts',(-38.5913647054039,-10.7175232287521,23.908383875371));
#4761=CARTESIAN_POINT('Ctrl Pts',(-38.6361980297019,-10.5401126690216,24.0495969839053));
#4762=CARTESIAN_POINT('Ctrl Pts',(-38.6152601961614,-10.5423323082693,24.0495969839053));
#4763=CARTESIAN_POINT('Ctrl Pts',(-38.594307783043,-10.5445486632725,24.0495969839053));
#4764=CARTESIAN_POINT('Ctrl Pts',(-38.573340789377,-10.5467617344019,24.0495969839053));
#4765=CARTESIAN_POINT('',(-38.6741069469354,-10.8977070840426,23.5));
#4766=CARTESIAN_POINT('',(-38.6110867833569,-10.9043733835389,23.5));
#4767=CARTESIAN_POINT('Ctrl Pts',(-38.6741069469154,-10.8977070840447,23.5));
#4768=CARTESIAN_POINT('Ctrl Pts',(-38.6636073420857,-10.8988201569383,23.5));
#4769=CARTESIAN_POINT('Ctrl Pts',(-38.653107603815,-10.8999320325743,23.5));
#4770=CARTESIAN_POINT('Ctrl Pts',(-38.6321008862629,-10.9021541319904,23.5));
#4771=CARTESIAN_POINT('Ctrl Pts',(-38.621593895341,-10.9032643553894,23.5));
#4772=CARTESIAN_POINT('Ctrl Pts',(-38.611086783337,-10.904373383541,23.5));
#4773=CARTESIAN_POINT('',(-38.6361980297218,-10.5401126690195,24.0495969839053));
#4774=CARTESIAN_POINT('Origin',(-38.5625406790685,-9.84530365955452,23.2));
#4775=CARTESIAN_POINT('',(-38.5735265222737,-10.5485213977016,24.0481387167664));
#4776=CARTESIAN_POINT('Ctrl Pts',(-38.636198029702,-10.5401126690223,24.0495969839047));
#4777=CARTESIAN_POINT('Ctrl Pts',(-38.6153192553325,-10.543038009329,24.0490147341966));
#4778=CARTESIAN_POINT('Ctrl Pts',(-38.5944420864673,-10.5458419218145,24.0485262048786));
#4779=CARTESIAN_POINT('Ctrl Pts',(-38.5735265161755,-10.5485213401175,24.0481386736801));
#4780=CARTESIAN_POINT('Origin',(-38.5000000000198,-9.85191923889991,23.2));
#4781=CARTESIAN_POINT('Origin',(-38.5000000000198,-9.85191923889991,23.2));
#4782=CARTESIAN_POINT('',(-38.5754155527243,-10.5664183775893,23.5000000000001));
#4783=CARTESIAN_POINT('',(-38.1254989615045,-6.30383585474885,23.5));
#4784=CARTESIAN_POINT('Ctrl Pts',(-38.5735265222736,-10.5485213977016,24.0481387167664));
#4785=CARTESIAN_POINT('Ctrl Pts',(-38.5752691017436,-10.5650308773215,23.9783474814264));
#4786=CARTESIAN_POINT('Ctrl Pts',(-38.5764655464324,-10.57636618755,23.9073437520378));
#4787=CARTESIAN_POINT('Ctrl Pts',(-38.5780244298833,-10.591135301387,23.7233207369132));
#4788=CARTESIAN_POINT('Ctrl Pts',(-38.5775063809625,-10.5862272223402,23.6103711423749));
#4789=CARTESIAN_POINT('Ctrl Pts',(-38.5754155527244,-10.5664183775893,23.5000000000002));
#4790=CARTESIAN_POINT('Ctrl Pts',(-26.8046726068659,-9.48646156267124,29.2467440677054));
#4791=CARTESIAN_POINT('Ctrl Pts',(-27.2517833239942,-9.48646156267123,29.2472696968075));
#4792=CARTESIAN_POINT('Ctrl Pts',(-27.850163825435,-9.48646156267146,29.2474019167393));
#4793=CARTESIAN_POINT('Ctrl Pts',(-29.5680369596124,-9.4864615626717,29.2426454076709));
#4794=CARTESIAN_POINT('Ctrl Pts',(-31.0092954937858,-9.48646156267258,29.2306825313662));
#4795=CARTESIAN_POINT('Ctrl Pts',(-32.2482810916348,-9.48646156267322,29.2602370590233));
#4796=CARTESIAN_POINT('Ctrl Pts',(-32.8209743189841,-9.48646156267338,29.2531485375688));
#4797=CARTESIAN_POINT('Ctrl Pts',(-33.1121856686666,-9.48646156267342,29.2402402756583));
#4798=CARTESIAN_POINT('Ctrl Pts',(-33.3646635918561,-9.48646156267352,29.2172516172371));
#4799=CARTESIAN_POINT('Ctrl Pts',(-33.5473087651081,-9.48646156267355,29.1910984120744));
#4800=CARTESIAN_POINT('Ctrl Pts',(-33.6398830969529,-9.48646156267356,29.1751321761743));
#4801=CARTESIAN_POINT('Ctrl Pts',(-33.6864712863922,-9.48646156267356,29.1663944191169));
#4802=CARTESIAN_POINT('Ctrl Pts',(-33.713136590524,-9.48646156267357,29.1611566377915));
#4803=CARTESIAN_POINT('Ctrl Pts',(-34.1550910903698,-9.48646156267337,29.073087215455));
#4804=CARTESIAN_POINT('Ctrl Pts',(-34.825306921451,-9.4864615626721,28.8058747801515));
#4805=CARTESIAN_POINT('Ctrl Pts',(-35.6085213541118,-9.48646156267177,28.2622061382235));
#4806=CARTESIAN_POINT('Ctrl Pts',(-35.9548398443192,-9.48646156267124,27.9475183316502));
#4807=CARTESIAN_POINT('Ctrl Pts',(-36.1077307679097,-9.48646156267124,27.7844390758718));
#4808=CARTESIAN_POINT('Ctrl Pts',(-26.8046726068659,-9.81558079304732,29.2467440677054));
#4809=CARTESIAN_POINT('Ctrl Pts',(-27.2517853724638,-9.81558079304731,29.2472696992157));
#4810=CARTESIAN_POINT('Ctrl Pts',(-27.8500674176667,-9.81558079304754,29.2474398078172));
#4811=CARTESIAN_POINT('Ctrl Pts',(-29.5678512822349,-9.81558079304779,29.2427263407582));
#4812=CARTESIAN_POINT('Ctrl Pts',(-31.0086689510544,-9.8155807930487,29.2309124633531));
#4813=CARTESIAN_POINT('Ctrl Pts',(-32.2473230412262,-9.81558079304936,29.2605788332012));
#4814=CARTESIAN_POINT('Ctrl Pts',(-32.8200791065797,-9.81558079304953,29.2535173218713));
#4815=CARTESIAN_POINT('Ctrl Pts',(-33.1113865936668,-9.81558079304958,29.2406116317672));
#4816=CARTESIAN_POINT('Ctrl Pts',(-33.3639661754003,-9.81558079304968,29.2176268950928));
#4817=CARTESIAN_POINT('Ctrl Pts',(-33.5467242147565,-9.81558079304971,29.1914607275426));
#4818=CARTESIAN_POINT('Ctrl Pts',(-33.6393623170791,-9.81558079304972,29.1754841555344));
#4819=CARTESIAN_POINT('Ctrl Pts',(-33.6859828128433,-9.81558079304972,29.1667409032417));
#4820=CARTESIAN_POINT('Ctrl Pts',(-33.7126696604989,-9.81558079304973,29.1614984006067));
#4821=CARTESIAN_POINT('Ctrl Pts',(-34.1548775439561,-9.81558079304952,29.0734001191563));
#4822=CARTESIAN_POINT('Ctrl Pts',(-34.8250093022481,-9.8155807930482,28.8062551224728));
#4823=CARTESIAN_POINT('Ctrl Pts',(-35.6084615355076,-9.81558079304786,28.262379712011));
#4824=CARTESIAN_POINT('Ctrl Pts',(-35.954734035608,-9.81558079304731,27.9476311912332));
#4825=CARTESIAN_POINT('Ctrl Pts',(-36.1077307679097,-9.81558079304731,27.7844390758718));
#4826=CARTESIAN_POINT('Ctrl Pts',(-26.8050429949698,-10.4716828599132,28.93168447508));
#4827=CARTESIAN_POINT('Ctrl Pts',(-27.2519375844734,-10.4716828599132,28.9322098500996));
#4828=CARTESIAN_POINT('Ctrl Pts',(-27.8500478681206,-10.4716828599135,28.9323472142929));
#4829=CARTESIAN_POINT('Ctrl Pts',(-29.5653216583741,-10.4716828599138,28.9275662737499));
#4830=CARTESIAN_POINT('Ctrl Pts',(-31.011420674679,-10.4716828599147,28.9156919450367));
#4831=CARTESIAN_POINT('Ctrl Pts',(-32.2543244652138,-10.4716828599154,28.9451225690506));
#4832=CARTESIAN_POINT('Ctrl Pts',(-32.8125415806885,-10.4716828599156,28.9381181878736));
#4833=CARTESIAN_POINT('Ctrl Pts',(-33.0916165333822,-10.4716828599157,28.9257063263908));
#4834=CARTESIAN_POINT('Ctrl Pts',(-33.3289241016358,-10.4716828599158,28.9040312780122));
#4835=CARTESIAN_POINT('Ctrl Pts',(-33.4984602857877,-10.4716828599158,28.8797429865245));
#4836=CARTESIAN_POINT('Ctrl Pts',(-33.5840057430917,-10.4716828599158,28.8649880569929));
#4837=CARTESIAN_POINT('Ctrl Pts',(-33.6269636185475,-10.4716828599158,28.8569308394927));
#4838=CARTESIAN_POINT('Ctrl Pts',(-33.6515460622652,-10.4716828599158,28.8521024676965));
#4839=CARTESIAN_POINT('Ctrl Pts',(-34.0581463098816,-10.4716828599156,28.771065482762));
#4840=CARTESIAN_POINT('Ctrl Pts',(-34.6737219062042,-10.4716828599142,28.5266339003882));
#4841=CARTESIAN_POINT('Ctrl Pts',(-35.4134790908105,-10.4716828599138,28.0141405238655));
#4842=CARTESIAN_POINT('Ctrl Pts',(-35.736158435642,-10.4716828599132,27.7201254161959));
#4843=CARTESIAN_POINT('Ctrl Pts',(-35.8778858130108,-10.4716828599132,27.5689536220699));
#4844=CARTESIAN_POINT('Ctrl Pts',(-26.8062945691837,-10.7130116113381,27.8670702021584));
#4845=CARTESIAN_POINT('Ctrl Pts',(-27.252461082258,-10.7130116113381,27.867594721242));
#4846=CARTESIAN_POINT('Ctrl Pts',(-27.8495507122744,-10.7130116113384,27.8677908618484));
#4847=CARTESIAN_POINT('Ctrl Pts',(-29.5559435618001,-10.7130116113387,27.8629743887279));
#4848=CARTESIAN_POINT('Ctrl Pts',(-31.0179173491476,-10.7130116113397,27.8515620519663));
#4849=CARTESIAN_POINT('Ctrl Pts',(-32.2736988866126,-10.7130116113404,27.8806961825611));
#4850=CARTESIAN_POINT('Ctrl Pts',(-32.7830685884323,-10.7130116113406,27.8740056274871));
#4851=CARTESIAN_POINT('Ctrl Pts',(-33.0212386110375,-10.7130116113406,27.8632739567301));
#4852=CARTESIAN_POINT('Ctrl Pts',(-33.2073952684021,-10.7130116113407,27.8460419975726));
#4853=CARTESIAN_POINT('Ctrl Pts',(-33.3327583237254,-10.7130116113407,27.8280412531438));
#4854=CARTESIAN_POINT('Ctrl Pts',(-33.3946222607656,-10.7130116113408,27.8173681429017));
#4855=CARTESIAN_POINT('Ctrl Pts',(-33.4253482784493,-10.7130116113408,27.8116045252879));
#4856=CARTESIAN_POINT('Ctrl Pts',(-33.4429160886904,-10.7130116113408,27.8081544265116));
#4857=CARTESIAN_POINT('Ctrl Pts',(-33.7303280086219,-10.7130116113405,27.7508491418461));
#4858=CARTESIAN_POINT('Ctrl Pts',(-34.1611775616069,-10.7130116113391,27.583469756473));
#4859=CARTESIAN_POINT('Ctrl Pts',(-34.7543486533409,-10.7130116113387,27.1760944680905));
#4860=CARTESIAN_POINT('Ctrl Pts',(-34.997098987537,-10.7130116113381,26.9518679108282));
#4861=CARTESIAN_POINT('Ctrl Pts',(-35.1012193496753,-10.7130116113381,26.8408091849722));
#4862=CARTESIAN_POINT('Ctrl Pts',(-26.8073013265049,-10.0332308189856,27.0107021164605));
#4863=CARTESIAN_POINT('Ctrl Pts',(-27.252882664422,-10.0332308189856,27.0112259476047));
#4864=CARTESIAN_POINT('Ctrl Pts',(-27.8491280108867,-10.0332308189858,27.0114783252014));
#4865=CARTESIAN_POINT('Ctrl Pts',(-29.5483559902033,-10.0332308189861,27.0066434459517));
#4866=CARTESIAN_POINT('Ctrl Pts',(-31.0229950998353,-10.033230818987,26.9956379586242));
#4867=CARTESIAN_POINT('Ctrl Pts',(-32.2890570292998,-10.0332308189877,27.0245600338464));
#4868=CARTESIAN_POINT('Ctrl Pts',(-32.7591490781143,-10.0332308189879,27.0181283039908));
#4869=CARTESIAN_POINT('Ctrl Pts',(-32.9644381971981,-10.0332308189879,27.0087487746316));
#4870=CARTESIAN_POINT('Ctrl Pts',(-33.1094734628818,-10.033230818988,26.9950917317597));
#4871=CARTESIAN_POINT('Ctrl Pts',(-33.1993306540676,-10.033230818988,26.9821455805141));
#4872=CARTESIAN_POINT('Ctrl Pts',(-33.2421604227119,-10.033230818988,26.9747534127639));
#4873=CARTESIAN_POINT('Ctrl Pts',(-33.2630548596142,-10.033230818988,26.9708334512615));
#4874=CARTESIAN_POINT('Ctrl Pts',(-33.2749852423306,-10.0332308189881,26.9684909092022));
#4875=CARTESIAN_POINT('Ctrl Pts',(-33.4665828314203,-10.0332308189878,26.9302684111374));
#4876=CARTESIAN_POINT('Ctrl Pts',(-33.7488202034585,-10.0332308189865,26.8248852042958));
#4877=CARTESIAN_POINT('Ctrl Pts',(-34.2241347143848,-10.0332308189861,26.5020172677461));
#4878=CARTESIAN_POINT('Ctrl Pts',(-34.4025798526664,-10.0332308189856,26.3339137658122));
#4879=CARTESIAN_POINT('Ctrl Pts',(-34.4764744168395,-10.0332308189856,26.255095022041));
#4880=CARTESIAN_POINT('Ctrl Pts',(-26.8072979421279,-8.94087510611479,27.0135809358467));
#4881=CARTESIAN_POINT('Ctrl Pts',(-27.2528795088166,-8.94087510611478,27.0141047672599));
#4882=CARTESIAN_POINT('Ctrl Pts',(-27.849211246217,-8.94087510611499,27.0143248024131));
#4883=CARTESIAN_POINT('Ctrl Pts',(-29.5485390681083,-8.94087510611522,27.0094534583753));
#4884=CARTESIAN_POINT('Ctrl Pts',(-31.023509731992,-8.94087510611606,26.9983201586891));
#4885=CARTESIAN_POINT('Ctrl Pts',(-32.2898184290265,-8.94087510611666,27.0271480343317));
#4886=CARTESIAN_POINT('Ctrl Pts',(-32.7599891899013,-8.94087510611681,27.0206925128398));
#4887=CARTESIAN_POINT('Ctrl Pts',(-32.9653072585303,-8.94087510611685,27.0113062555319));
#4888=CARTESIAN_POINT('Ctrl Pts',(-33.1103944900939,-8.94087510611694,26.9976338668976));
#4889=CARTESIAN_POINT('Ctrl Pts',(-33.2002752586068,-8.94087510611697,26.9846817240698));
#4890=CARTESIAN_POINT('Ctrl Pts',(-33.2431148962508,-8.94087510611698,26.9772872984152));
#4891=CARTESIAN_POINT('Ctrl Pts',(-33.2640149675385,-8.94087510611698,26.9733658025773));
#4892=CARTESIAN_POINT('Ctrl Pts',(-33.2759460189343,-8.94087510611699,26.971023543924));
#4893=CARTESIAN_POINT('Ctrl Pts',(-33.467650674865,-8.9408751061168,26.9327613866536));
#4894=CARTESIAN_POINT('Ctrl Pts',(-33.7504589772497,-8.9408751061156,26.8271125393474));
#4895=CARTESIAN_POINT('Ctrl Pts',(-34.2259678777778,-8.94087510611529,26.5041359873201));
#4896=CARTESIAN_POINT('Ctrl Pts',(-34.4046682168451,-8.94087510611479,26.3358953424737));
#4897=CARTESIAN_POINT('Ctrl Pts',(-34.4785745976545,-8.94087510611479,26.2570639946302));
#4898=CARTESIAN_POINT('Ctrl Pts',(-26.8062959362305,-8.25686617743158,27.8659073645612));
#4899=CARTESIAN_POINT('Ctrl Pts',(-27.2524625499473,-8.25686617743157,27.8664318837631));
#4900=CARTESIAN_POINT('Ctrl Pts',(-27.8495080055814,-8.25686617743177,27.8666446590727));
#4901=CARTESIAN_POINT('Ctrl Pts',(-29.5558521129794,-8.25686617743198,27.8618469714441));
#4902=CARTESIAN_POINT('Ctrl Pts',(-31.0176504285024,-8.25686617743275,27.8505003035518));
#4903=CARTESIAN_POINT('Ctrl Pts',(-32.2733010478812,-8.2568661774333,27.8796830241684));
#4904=CARTESIAN_POINT('Ctrl Pts',(-32.7826448775588,-8.25686617743344,27.8730046246772));
#4905=CARTESIAN_POINT('Ctrl Pts',(-33.020812266693,-8.25686617743348,27.862275913901));
#4906=CARTESIAN_POINT('Ctrl Pts',(-33.2069575139478,-8.25686617743357,27.8450505229256));
#4907=CARTESIAN_POINT('Ctrl Pts',(-33.3323216823216,-8.25686617743359,27.8270509770808));
#4908=CARTESIAN_POINT('Ctrl Pts',(-33.3941876427802,-8.2568661774336,27.8163778047863));
#4909=CARTESIAN_POINT('Ctrl Pts',(-33.4249144291528,-8.2568661774336,27.8106142890584));
#4910=CARTESIAN_POINT('Ctrl Pts',(-33.4424839995772,-8.2568661774336,27.8071636308655));
#4911=CARTESIAN_POINT('Ctrl Pts',(-33.7298765512559,-8.25686617743343,27.749871645979));
#4912=CARTESIAN_POINT('Ctrl Pts',(-34.1604875660247,-8.25686617743233,27.5826059158762));
#4913=CARTESIAN_POINT('Ctrl Pts',(-34.7536025487835,-8.25686617743204,27.1752550143346));
#4914=CARTESIAN_POINT('Ctrl Pts',(-34.9962454659231,-8.25686617743157,26.9510781312577));
#4915=CARTESIAN_POINT('Ctrl Pts',(-35.1003710264967,-8.25686617743157,26.8400138605536));
#4916=CARTESIAN_POINT('Ctrl Pts',(-26.8050428569191,-8.50347639767875,28.9318019037554));
#4917=CARTESIAN_POINT('Ctrl Pts',(-27.2519370556747,-8.50347639767874,28.9323272783156));
#4918=CARTESIAN_POINT('Ctrl Pts',(-27.8500700924256,-8.50347639767894,28.932455923329));
#4919=CARTESIAN_POINT('Ctrl Pts',(-29.5653653902722,-8.50347639767916,28.9276650889713));
#4920=CARTESIAN_POINT('Ctrl Pts',(-31.0115640348463,-8.50347639767996,28.9157564462276));
#4921=CARTESIAN_POINT('Ctrl Pts',(-32.2545426368593,-8.50347639768052,28.9451613842516));
#4922=CARTESIAN_POINT('Ctrl Pts',(-32.812750690357,-8.50347639768067,28.9381507573404));
#4923=CARTESIAN_POINT('Ctrl Pts',(-33.091808047634,-8.50347639768071,28.9257381191296));
#4924=CARTESIAN_POINT('Ctrl Pts',(-33.3290978810047,-8.5034763976808,28.904061678845));
#4925=CARTESIAN_POINT('Ctrl Pts',(-33.4986129833762,-8.50347639768083,28.8797756745991));
#4926=CARTESIAN_POINT('Ctrl Pts',(-33.584146388437,-8.50347639768083,28.8650226716781));
#4927=CARTESIAN_POINT('Ctrl Pts',(-33.627098184079,-8.50347639768083,28.8569664648481));
#4928=CARTESIAN_POINT('Ctrl Pts',(-33.6516764474768,-8.50347639768084,28.8521390267158));
#4929=CARTESIAN_POINT('Ctrl Pts',(-34.0582315748785,-8.50347639768066,28.7711060604399));
#4930=CARTESIAN_POINT('Ctrl Pts',(-34.6738468797581,-8.50347639767952,28.5266504712224));
#4931=CARTESIAN_POINT('Ctrl Pts',(-35.413565549562,-8.50347639767923,28.0141930475052));
#4932=CARTESIAN_POINT('Ctrl Pts',(-35.7362642863573,-8.50347639767875,27.7201842035925));
#4933=CARTESIAN_POINT('Ctrl Pts',(-35.8779714805773,-8.50347639767875,27.5690339375784));
#4934=CARTESIAN_POINT('Ctrl Pts',(-26.8046726068659,-9.15734233229517,29.2467440677054));
#4935=CARTESIAN_POINT('Ctrl Pts',(-27.2517856395679,-9.15734233229516,29.2472696995297));
#4936=CARTESIAN_POINT('Ctrl Pts',(-27.8500548468647,-9.15734233229538,29.2474447485107));
#4937=CARTESIAN_POINT('Ctrl Pts',(-29.5678270713897,-9.15734233229561,29.2427368937856));
#4938=CARTESIAN_POINT('Ctrl Pts',(-31.008587254893,-9.15734233229647,29.2309424446454));
#4939=CARTESIAN_POINT('Ctrl Pts',(-32.2471981191147,-9.15734233229708,29.2606233978208));
#4940=CARTESIAN_POINT('Ctrl Pts',(-32.8199623780414,-9.15734233229724,29.2535654083951));
#4941=CARTESIAN_POINT('Ctrl Pts',(-33.1112824006772,-9.15734233229728,29.240660053634));
#4942=CARTESIAN_POINT('Ctrl Pts',(-33.3638752378719,-9.15734233229737,29.2176758283241));
#4943=CARTESIAN_POINT('Ctrl Pts',(-33.5466479940654,-9.1573423322974,29.1915079705821));
#4944=CARTESIAN_POINT('Ctrl Pts',(-33.6392944115483,-9.15734233229741,29.1755300508282));
#4945=CARTESIAN_POINT('Ctrl Pts',(-33.6859191197988,-9.15734233229741,29.1667860820007));
#4946=CARTESIAN_POINT('Ctrl Pts',(-33.7126087765577,-9.15734233229742,29.1615429637446));
#4947=CARTESIAN_POINT('Ctrl Pts',(-34.1548496992114,-9.15734233229723,29.0734409192966));
#4948=CARTESIAN_POINT('Ctrl Pts',(-34.8249704950842,-9.157342332296,28.8063047160698));
#4949=CARTESIAN_POINT('Ctrl Pts',(-35.6084537356398,-9.15734233229568,28.262402344645));
#4950=CARTESIAN_POINT('Ctrl Pts',(-35.9547202389982,-9.15734233229517,27.9476459072203));
#4951=CARTESIAN_POINT('Ctrl Pts',(-36.1077307679097,-9.15734233229517,27.7844390758718));
#4952=CARTESIAN_POINT('Ctrl Pts',(-26.8046726068659,-9.48646156267124,29.2467440677054));
#4953=CARTESIAN_POINT('Ctrl Pts',(-27.2517833239942,-9.48646156267123,29.2472696968075));
#4954=CARTESIAN_POINT('Ctrl Pts',(-27.850163825435,-9.48646156267146,29.2474019167393));
#4955=CARTESIAN_POINT('Ctrl Pts',(-29.5680369596124,-9.4864615626717,29.2426454076709));
#4956=CARTESIAN_POINT('Ctrl Pts',(-31.0092954937858,-9.48646156267258,29.2306825313662));
#4957=CARTESIAN_POINT('Ctrl Pts',(-32.2482810916348,-9.48646156267322,29.2602370590233));
#4958=CARTESIAN_POINT('Ctrl Pts',(-32.8209743189841,-9.48646156267338,29.2531485375688));
#4959=CARTESIAN_POINT('Ctrl Pts',(-33.1121856686666,-9.48646156267342,29.2402402756583));
#4960=CARTESIAN_POINT('Ctrl Pts',(-33.3646635918561,-9.48646156267352,29.2172516172371));
#4961=CARTESIAN_POINT('Ctrl Pts',(-33.5473087651081,-9.48646156267355,29.1910984120744));
#4962=CARTESIAN_POINT('Ctrl Pts',(-33.6398830969529,-9.48646156267356,29.1751321761743));
#4963=CARTESIAN_POINT('Ctrl Pts',(-33.6864712863922,-9.48646156267356,29.1663944191169));
#4964=CARTESIAN_POINT('Ctrl Pts',(-33.713136590524,-9.48646156267357,29.1611566377915));
#4965=CARTESIAN_POINT('Ctrl Pts',(-34.1550910903698,-9.48646156267337,29.073087215455));
#4966=CARTESIAN_POINT('Ctrl Pts',(-34.825306921451,-9.4864615626721,28.8058747801515));
#4967=CARTESIAN_POINT('Ctrl Pts',(-35.6085213541118,-9.48646156267177,28.2622061382235));
#4968=CARTESIAN_POINT('Ctrl Pts',(-35.9548398443192,-9.48646156267124,27.9475183316502));
#4969=CARTESIAN_POINT('Ctrl Pts',(-36.1077307679097,-9.48646156267124,27.7844390758718));
#4970=CARTESIAN_POINT('',(-31.9999999999838,-9.48646156267124,29.2524795002737));
#4971=CARTESIAN_POINT('Ctrl Pts',(-26.8055504917064,-9.48646156267124,29.2467450991774));
#4972=CARTESIAN_POINT('Ctrl Pts',(-27.0015811116247,-9.48646156267124,29.2469752917868));
#4973=CARTESIAN_POINT('Ctrl Pts',(-27.1984619357835,-9.48646156267124,29.247116748179));
#4974=CARTESIAN_POINT('Ctrl Pts',(-27.3941615883253,-9.48646156267124,29.2471250823769));
#4975=CARTESIAN_POINT('Ctrl Pts',(-27.5204791107467,-9.48646156267124,29.2471304618204));
#4976=CARTESIAN_POINT('Ctrl Pts',(-27.646302508211,-9.48646156267124,29.2470806432881));
#4977=CARTESIAN_POINT('Ctrl Pts',(-27.7711093322743,-9.48646156267124,29.2469691239031));
#4978=CARTESIAN_POINT('Ctrl Pts',(-27.8840435668857,-9.48646156267124,29.2468682131037));
#4979=CARTESIAN_POINT('Ctrl Pts',(-27.9961447549172,-9.48646156267124,29.246716787203));
#4980=CARTESIAN_POINT('Ctrl Pts',(-28.1070629881629,-9.48646156267124,29.246514339312));
#4981=CARTESIAN_POINT('Ctrl Pts',(-28.2103666100314,-9.48646156267124,29.2463257896049));
#4982=CARTESIAN_POINT('Ctrl Pts',(-28.3126437903733,-9.48646156267124,29.2460929770456));
#4983=CARTESIAN_POINT('Ctrl Pts',(-28.4136523210378,-9.48646156267124,29.2458194205645));
#4984=CARTESIAN_POINT('Ctrl Pts',(-28.5094001466871,-9.48646156267124,29.2455601113944));
#4985=CARTESIAN_POINT('Ctrl Pts',(-28.6040076423437,-9.48646156267124,29.245264177647));
#4986=CARTESIAN_POINT('Ctrl Pts',(-28.6973115687105,-9.48646156267124,29.2449384627016));
#4987=CARTESIAN_POINT('Ctrl Pts',(-28.7879787635461,-9.48646156267124,29.2446219523299));
#4988=CARTESIAN_POINT('Ctrl Pts',(-28.8774147941255,-9.48646156267124,29.2442773313653));
#4989=CARTESIAN_POINT('Ctrl Pts',(-28.9655173162474,-9.48646156267124,29.2439146792371));
#4990=CARTESIAN_POINT('Ctrl Pts',(-29.052833485665,-9.48646156267124,29.2435552639343));
#4991=CARTESIAN_POINT('Ctrl Pts',(-29.1388394758439,-9.48646156267124,29.2431781569982));
#4992=CARTESIAN_POINT('Ctrl Pts',(-29.2234862947912,-9.48646156267124,29.2427967765205));
#4993=CARTESIAN_POINT('Ctrl Pts',(-29.311923839372,-9.48646156267124,29.2423983167387));
#4994=CARTESIAN_POINT('Ctrl Pts',(-29.3988779694459,-9.48646156267124,29.2419952907403));
#4995=CARTESIAN_POINT('Ctrl Pts',(-29.4843527294972,-9.48646156267124,29.2416060432614));
#4996=CARTESIAN_POINT('Ctrl Pts',(-29.5746991263238,-9.48646156267124,29.2411946106095));
#4997=CARTESIAN_POINT('Ctrl Pts',(-29.663393178353,-9.48646156267124,29.2407987027148));
#4998=CARTESIAN_POINT('Ctrl Pts',(-29.750499424187,-9.48646156267124,29.2404414461034));
#4999=CARTESIAN_POINT('Ctrl Pts',(-29.8426254256342,-9.48646156267124,29.2400636015209));
#5000=CARTESIAN_POINT('Ctrl Pts',(-29.932975720903,-9.48646156267124,29.2397291646434));
#5001=CARTESIAN_POINT('Ctrl Pts',(-30.0216854409269,-9.48646156267124,29.2394647081968));
#5002=CARTESIAN_POINT('Ctrl Pts',(-30.1198578611026,-9.48646156267124,29.2391720420786));
#5003=CARTESIAN_POINT('Ctrl Pts',(-30.2160216811263,-9.48646156267124,29.238965426997));
#5004=CARTESIAN_POINT('Ctrl Pts',(-30.3104236338472,-9.48646156267124,29.2388757647094));
#5005=CARTESIAN_POINT('Ctrl Pts',(-30.4366140173193,-9.48646156267124,29.2387559100017));
#5006=CARTESIAN_POINT('Ctrl Pts',(-30.5596584691375,-9.48646156267124,29.2388469987485));
#5007=CARTESIAN_POINT('Ctrl Pts',(-30.6802391432843,-9.48646156267124,29.2391947909978));
#5008=CARTESIAN_POINT('Ctrl Pts',(-30.7792418858394,-9.48646156267124,29.2394803457666));
#5009=CARTESIAN_POINT('Ctrl Pts',(-30.8765884549102,-9.48646156267124,29.2399386718042));
#5010=CARTESIAN_POINT('Ctrl Pts',(-30.9726474472981,-9.48646156267124,29.2405713509909));
#5011=CARTESIAN_POINT('Ctrl Pts',(-31.0541649631521,-9.48646156267124,29.2411082547658));
#5012=CARTESIAN_POINT('Ctrl Pts',(-31.1347562970319,-9.48646156267124,29.2417705122016));
#5013=CARTESIAN_POINT('Ctrl Pts',(-31.2146090240797,-9.48646156267124,29.242543142379));
#5014=CARTESIAN_POINT('Ctrl Pts',(-31.2926154843195,-9.48646156267124,29.2432979086524));
#5015=CARTESIAN_POINT('Ctrl Pts',(-31.3699180454823,-9.48646156267124,29.2441581544992));
#5016=CARTESIAN_POINT('Ctrl Pts',(-31.4466374246222,-9.48646156267124,29.2450932451874));
#5017=CARTESIAN_POINT('Ctrl Pts',(-31.5332171715212,-9.48646156267124,29.2461485185227));
#5018=CARTESIAN_POINT('Ctrl Pts',(-31.6190518665073,-9.48646156267124,29.24730017408));
#5019=CARTESIAN_POINT('Ctrl Pts',(-31.7042493118994,-9.48646156267124,29.2484729438061));
#5020=CARTESIAN_POINT('Ctrl Pts',(-31.7865358915523,-9.48646156267124,29.2496056445466));
#5021=CARTESIAN_POINT('Ctrl Pts',(-31.8682240937571,-9.48646156267124,29.250758479741));
#5022=CARTESIAN_POINT('Ctrl Pts',(-31.9494054557502,-9.48646156267124,29.2518260313215));
#5023=CARTESIAN_POINT('Ctrl Pts',(-31.9662917943647,-9.48646156267124,29.2520480901418));
#5024=CARTESIAN_POINT('Ctrl Pts',(-31.9831562985519,-9.48646156267124,29.2522663111542));
#5025=CARTESIAN_POINT('Ctrl Pts',(-31.9999999999836,-9.48646156267124,29.2524795002832));
#5026=CARTESIAN_POINT('',(-32.,-8.9216734670826,29.0964025731509));
#5027=CARTESIAN_POINT('Ctrl Pts',(-31.9995966375555,-8.92176629628344,29.0954834532252));
#5028=CARTESIAN_POINT('Ctrl Pts',(-31.9995947283448,-8.92697891029063,29.0985792142874));
#5029=CARTESIAN_POINT('Ctrl Pts',(-31.9995928940718,-8.93221774804496,29.1016340778284));
#5030=CARTESIAN_POINT('Ctrl Pts',(-31.9995911471913,-8.93748226887792,29.1046477243522));
#5031=CARTESIAN_POINT('Ctrl Pts',(-31.9995772843879,-8.97926017969284,29.1285632638086));
#5032=CARTESIAN_POINT('Ctrl Pts',(-31.9995689689484,-9.02244503047969,29.149767596292));
#5033=CARTESIAN_POINT('Ctrl Pts',(-31.9995726720452,-9.06673890215736,29.1681560623485));
#5034=CARTESIAN_POINT('Ctrl Pts',(-31.9995763418234,-9.11063424006024,29.186379078321));
#5035=CARTESIAN_POINT('Ctrl Pts',(-31.9995917917221,-9.15561979870249,29.2018370941361));
#5036=CARTESIAN_POINT('Ctrl Pts',(-31.9996260456585,-9.20142933144652,29.2143841241205));
#5037=CARTESIAN_POINT('Ctrl Pts',(-31.9996601392239,-9.24702439198698,29.2268724111096));
#5038=CARTESIAN_POINT('Ctrl Pts',(-31.9997128378283,-9.29343672541702,29.2364773741022));
#5039=CARTESIAN_POINT('Ctrl Pts',(-31.9997921353204,-9.34041210093007,29.2430044900883));
#5040=CARTESIAN_POINT('Ctrl Pts',(-31.9998739952673,-9.38890545989658,29.2497425262417));
#5041=CARTESIAN_POINT('Ctrl Pts',(-31.9999836693881,-9.4376849617505,29.2531567939155));
#5042=CARTESIAN_POINT('Ctrl Pts',(-32.0001299967424,-9.48646156267308,29.2531036599037));
#5043=CARTESIAN_POINT('',(-34.5,-9.05733639675069,28.8205554889933));
#5044=CARTESIAN_POINT('Ctrl Pts',(-34.5,-9.05733639675068,28.8205554889933));
#5045=CARTESIAN_POINT('Ctrl Pts',(-34.1554811537239,-8.99801754682732,28.9450374856148));
#5046=CARTESIAN_POINT('Ctrl Pts',(-33.8458839972052,-8.96630153892278,29.0076950003286));
#5047=CARTESIAN_POINT('Ctrl Pts',(-33.126446874121,-8.91907492184053,29.1019032456989));
#5048=CARTESIAN_POINT('Ctrl Pts',(-32.6571577044219,-8.91843082162094,29.1027943337138));
#5049=CARTESIAN_POINT('Ctrl Pts',(-32.,-8.9216734670826,29.0964025731509));
#5050=CARTESIAN_POINT('',(-34.5,-9.92056062982568,26.4102110285382));
#5051=CARTESIAN_POINT('Ctrl Pts',(-34.5,-9.92056062982568,26.4102110285382));
#5052=CARTESIAN_POINT('Ctrl Pts',(-34.5,-9.90108852248507,26.3984970978087));
#5053=CARTESIAN_POINT('Ctrl Pts',(-34.5,-9.88135240063081,26.3874995539439));
#5054=CARTESIAN_POINT('Ctrl Pts',(-34.5,-9.76370564860674,26.3271816012683));
#5055=CARTESIAN_POINT('Ctrl Pts',(-34.5,-9.65847047778889,26.2942063066596));
#5056=CARTESIAN_POINT('Ctrl Pts',(-34.5,-9.44862036863175,26.2771122838826));
#5057=CARTESIAN_POINT('Ctrl Pts',(-34.5000000000018,-9.35032438704033,26.2887516597197));
#5058=CARTESIAN_POINT('Ctrl Pts',(-34.5000000000018,-9.14804062135947,26.3516740499105));
#5059=CARTESIAN_POINT('Ctrl Pts',(-34.4999999999999,-9.04851501802028,26.4058806739561));
#5060=CARTESIAN_POINT('Ctrl Pts',(-34.4999999999999,-8.8369452294075,26.5652257655025));
#5061=CARTESIAN_POINT('Ctrl Pts',(-34.5000000000001,-8.73169650427979,26.6823132966237));
#5062=CARTESIAN_POINT('Ctrl Pts',(-34.5000000000001,-8.53796366733978,26.9771773366872));
#5063=CARTESIAN_POINT('Ctrl Pts',(-34.5,-8.460090171754,27.1661136223074));
#5064=CARTESIAN_POINT('Ctrl Pts',(-34.5,-8.37907248415346,27.5564642656846));
#5065=CARTESIAN_POINT('Ctrl Pts',(-34.5000000000933,-8.37462489196792,27.7585511717488));
#5066=CARTESIAN_POINT('Ctrl Pts',(-34.5000000000933,-8.4446723980064,28.1214274690807));
#5067=CARTESIAN_POINT('Ctrl Pts',(-34.5000000000948,-8.50722681968564,28.2819333481734));
#5068=CARTESIAN_POINT('Ctrl Pts',(-34.5000000000948,-8.68428163910316,28.5487358357498));
#5069=CARTESIAN_POINT('Ctrl Pts',(-34.5000000000068,-8.78924474414663,28.6566576994095));
#5070=CARTESIAN_POINT('Ctrl Pts',(-34.5000000000068,-8.9596488669207,28.7705460944493));
#5071=CARTESIAN_POINT('Ctrl Pts',(-34.5,-9.00751307117323,28.7974841817933));
#5072=CARTESIAN_POINT('Ctrl Pts',(-34.5,-9.05733639675069,28.8205554889933));
#5073=CARTESIAN_POINT('',(-32.,-9.73395925913023,27.0805062523155));
#5074=CARTESIAN_POINT('Ctrl Pts',(-32.,-9.73395925913023,27.0805062523155));
#5075=CARTESIAN_POINT('Ctrl Pts',(-32.7438226248428,-9.73119572767148,27.0894999474047));
#5076=CARTESIAN_POINT('Ctrl Pts',(-33.103573249186,-9.73243895094896,27.0863601022128));
#5077=CARTESIAN_POINT('Ctrl Pts',(-33.5196346100881,-9.76450471079778,26.9797512803399));
#5078=CARTESIAN_POINT('Ctrl Pts',(-33.7007817683964,-9.78184326278022,26.9238480834971));
#5079=CARTESIAN_POINT('Ctrl Pts',(-34.1413855238952,-9.85000746527612,26.6818704154536));
#5080=CARTESIAN_POINT('Ctrl Pts',(-34.3353305471987,-9.88545929234576,26.5505923748303));
#5081=CARTESIAN_POINT('Ctrl Pts',(-34.4999999999999,-9.92056062982569,26.4102110285383));
#5082=CARTESIAN_POINT('Ctrl Pts',(-32.0001299967424,-9.48646156267308,29.2531036599037));
#5083=CARTESIAN_POINT('Ctrl Pts',(-32.0000034582745,-9.53414890984406,29.2531496154046));
#5084=CARTESIAN_POINT('Ctrl Pts',(-31.9999065285892,-9.58176634980038,29.2498821932769));
#5085=CARTESIAN_POINT('Ctrl Pts',(-31.9998319773607,-9.62904116255602,29.2434743181125));
#5086=CARTESIAN_POINT('Ctrl Pts',(-31.9997598226214,-9.67479630118352,29.2372724275208));
#5087=CARTESIAN_POINT('Ctrl Pts',(-31.999708653895,-9.72023137363517,29.2281280518501));
#5088=CARTESIAN_POINT('Ctrl Pts',(-31.9996727908975,-9.76508881285918,29.2161526710244));
#5089=CARTESIAN_POINT('Ctrl Pts',(-31.9996357947126,-9.81136364283947,29.2037988960154));
#5090=CARTESIAN_POINT('Ctrl Pts',(-31.9996153001095,-9.85673149348582,29.1885109557461));
#5091=CARTESIAN_POINT('Ctrl Pts',(-31.9996052719988,-9.90092580255926,29.1704741883945));
#5092=CARTESIAN_POINT('Ctrl Pts',(-31.9995951997828,-9.9453144858936,29.1523580922016));
#5093=CARTESIAN_POINT('Ctrl Pts',(-31.9995957071192,-9.98852034961565,29.1314684405183));
#5094=CARTESIAN_POINT('Ctrl Pts',(-31.999601600799,-10.0302587233808,29.1079431963918));
#5095=CARTESIAN_POINT('Ctrl Pts',(-31.9996074160995,-10.0714420235971,29.0847308116216));
#5096=CARTESIAN_POINT('Ctrl Pts',(-31.9996184967782,-10.1111975711439,29.0589518985763));
#5097=CARTESIAN_POINT('Ctrl Pts',(-31.9996304329114,-10.1492227320928,29.0306987128482));
#5098=CARTESIAN_POINT('Ctrl Pts',(-31.9996424947586,-10.1876483823585,29.0021479583849));
#5099=CARTESIAN_POINT('Ctrl Pts',(-31.999655340384,-10.2240637899545,28.971251023765));
#5100=CARTESIAN_POINT('Ctrl Pts',(-31.9996649132321,-10.2581963713228,28.9381542857988));
#5101=CARTESIAN_POINT('Ctrl Pts',(-31.9996738827187,-10.2901776297098,28.9071435832314));
#5102=CARTESIAN_POINT('Ctrl Pts',(-31.9996800005352,-10.3201552942422,28.874200859615));
#5103=CARTESIAN_POINT('Ctrl Pts',(-31.9996803505763,-10.3478788017696,28.8394143862689));
#5104=CARTESIAN_POINT('Ctrl Pts',(-31.9996807246338,-10.3775044267175,28.8022412034891));
#5105=CARTESIAN_POINT('Ctrl Pts',(-31.9996745227897,-10.4045567797387,28.7629619482091));
#5106=CARTESIAN_POINT('Ctrl Pts',(-31.999661870642,-10.4289702206495,28.7218802107594));
#5107=CARTESIAN_POINT('Ctrl Pts',(-31.9996612008363,-10.4302626700101,28.719705340552));
#5108=CARTESIAN_POINT('Ctrl Pts',(-31.9996605129862,-10.4315477123031,28.7175254138615));
#5109=CARTESIAN_POINT('Ctrl Pts',(-31.9996598071198,-10.4328253340204,28.7153404742943));
#5110=CARTESIAN_POINT('Ctrl Pts',(-31.9996466318852,-10.4566725763876,28.674557836749));
#5111=CARTESIAN_POINT('Ctrl Pts',(-31.9996272696782,-10.4777895129979,28.6322856295489));
#5112=CARTESIAN_POINT('Ctrl Pts',(-31.9996023483423,-10.4961655207314,28.588849271412));
#5113=CARTESIAN_POINT('Ctrl Pts',(-31.9995769752147,-10.5148746618359,28.544625468003));
#5114=CARTESIAN_POINT('Ctrl Pts',(-31.9995458505167,-10.5307429745835,28.4991938370912));
#5115=CARTESIAN_POINT('Ctrl Pts',(-31.9995098235887,-10.5437123167749,28.4528711651468));
#5116=CARTESIAN_POINT('Ctrl Pts',(-31.9994742451831,-10.5565201952617,28.4071251940179));
#5117=CARTESIAN_POINT('Ctrl Pts',(-31.9994338970791,-10.5665010034102,28.3605090793488));
#5118=CARTESIAN_POINT('Ctrl Pts',(-31.999389610691,-10.5735496580321,28.3133190690555));
#5119=CARTESIAN_POINT('Ctrl Pts',(-31.999344773002,-10.5806860581018,28.2655416121066));
#5120=CARTESIAN_POINT('Ctrl Pts',(-31.9992962239265,-10.5847714034467,28.2174801378418));
#5121=CARTESIAN_POINT('Ctrl Pts',(-31.9992450922296,-10.5857603296072,28.1694512409721));
#5122=CARTESIAN_POINT('Ctrl Pts',(-31.9991950323056,-10.586728526858,28.1224290791866));
#5123=CARTESIAN_POINT('Ctrl Pts',(-31.9991425074659,-10.5847288086566,28.0754370225161));
#5124=CARTESIAN_POINT('Ctrl Pts',(-31.9990885544559,-10.5796702619312,28.0287669654833));
#5125=CARTESIAN_POINT('Ctrl Pts',(-31.9990417267001,-10.5752797674793,27.9882603461724));
#5126=CARTESIAN_POINT('Ctrl Pts',(-31.9989938267932,-10.5685843802623,27.9479957971255));
#5127=CARTESIAN_POINT('Ctrl Pts',(-31.9989454274844,-10.5594933540439,27.9081704647808));
#5128=CARTESIAN_POINT('Ctrl Pts',(-31.9989373638025,-10.5579787220228,27.9015352706706));
#5129=CARTESIAN_POINT('Ctrl Pts',(-31.9989292859279,-10.5563975231985,27.8949122928726));
#5130=CARTESIAN_POINT('Ctrl Pts',(-31.9989211981365,-10.5547502771324,27.8883022541253));
#5131=CARTESIAN_POINT('Ctrl Pts',(-31.9988656651134,-10.5434398279896,27.842915891624));
#5132=CARTESIAN_POINT('Ctrl Pts',(-31.9988100820952,-10.529089712304,27.7984187462427));
#5133=CARTESIAN_POINT('Ctrl Pts',(-31.9987558691705,-10.5119509689054,27.7550209337603));
#5134=CARTESIAN_POINT('Ctrl Pts',(-31.9987001181901,-10.4943259882567,27.7103918972318));
#5135=CARTESIAN_POINT('Ctrl Pts',(-31.998645825997,-10.4737514112023,27.6669244707579));
#5136=CARTESIAN_POINT('Ctrl Pts',(-31.9985943348789,-10.450446597975,27.6248617704968));
#5137=CARTESIAN_POINT('Ctrl Pts',(-31.9985429002561,-10.4271673544787,27.5828452208709));
#5138=CARTESIAN_POINT('Ctrl Pts',(-31.9984942699835,-10.401163120151,27.542229353094));
#5139=CARTESIAN_POINT('Ctrl Pts',(-31.9984494386215,-10.3726094942388,27.5032855034633));
#5140=CARTESIAN_POINT('Ctrl Pts',(-31.9984045846765,-10.3440414849431,27.4643220365579));
#5141=CARTESIAN_POINT('Ctrl Pts',(-31.9983638729708,-10.3131034020729,27.4272802602748));
#5142=CARTESIAN_POINT('Ctrl Pts',(-31.9983278274903,-10.2800226489805,27.3923942777735));
#5143=CARTESIAN_POINT('Ctrl Pts',(-31.9982922683745,-10.2473882572217,27.3579790147153));
#5144=CARTESIAN_POINT('Ctrl Pts',(-31.9982612584535,-10.2126678099902,27.3256609265996));
#5145=CARTESIAN_POINT('Ctrl Pts',(-31.9982349611399,-10.1760408079241,27.2956954069127));
#5146=CARTESIAN_POINT('Ctrl Pts',(-31.998208667867,-10.1394194337446,27.2657344915487));
#5147=CARTESIAN_POINT('Ctrl Pts',(-31.9981870946355,-10.1008913989856,27.2381245110655));
#5148=CARTESIAN_POINT('Ctrl Pts',(-31.9981699358386,-10.0606081441153,27.2131646666532));
#5149=CARTESIAN_POINT('Ctrl Pts',(-31.998156656618,-10.0294328683429,27.1938482028944));
#5150=CARTESIAN_POINT('Ctrl Pts',(-31.9981460969564,-9.99735706637353,27.1762138958573));
#5151=CARTESIAN_POINT('Ctrl Pts',(-31.9981378163539,-9.96446833223447,27.1603718879444));
#5152=CARTESIAN_POINT('Ctrl Pts',(-31.9981271072312,-9.92193404924858,27.1398837644189));
#5153=CARTESIAN_POINT('Ctrl Pts',(-31.9981202309397,-9.87804053232749,27.1223912332393));
#5154=CARTESIAN_POINT('Ctrl Pts',(-31.998117855644,-9.83310771100075,27.1078448416276));
#5155=CARTESIAN_POINT('Ctrl Pts',(-31.9981161518423,-9.80087735914159,27.0974107022595));
#5156=CARTESIAN_POINT('Ctrl Pts',(-31.9981167541701,-9.76811156897489,27.0884934422507));
#5157=CARTESIAN_POINT('Ctrl Pts',(-31.9981197432172,-9.73492345372061,27.0810904607514));
#5158=CARTESIAN_POINT('Ctrl Pts',(-37.6971232226976,-8.41280987414854,23.9853347724987));
#5159=CARTESIAN_POINT('Ctrl Pts',(-37.9450939994257,-8.41280987414854,23.7996145429112));
#5160=CARTESIAN_POINT('Ctrl Pts',(-38.3257917196376,-8.41280987414854,23.5574331330866));
#5161=CARTESIAN_POINT('Ctrl Pts',(-39.2871146936896,-8.41280987414854,23.1901323384511));
#5162=CARTESIAN_POINT('Ctrl Pts',(-40.0984833547402,-8.41280987414854,23.101666609767));
#5163=CARTESIAN_POINT('Ctrl Pts',(-40.6971569145087,-8.41280987414854,23.0936451895655));
#5164=CARTESIAN_POINT('Ctrl Pts',(-37.806851677087,-8.37200972056077,24.1318425068719));
#5165=CARTESIAN_POINT('Ctrl Pts',(-38.0471845663585,-8.37200972056077,23.9518427506028));
#5166=CARTESIAN_POINT('Ctrl Pts',(-38.4109485126959,-8.37200972056077,23.7214394307711));
#5167=CARTESIAN_POINT('Ctrl Pts',(-39.3184010951732,-8.37200972056077,23.3738390987293));
#5168=CARTESIAN_POINT('Ctrl Pts',(-40.1156669008315,-8.37200972056077,23.2844961036669));
#5169=CARTESIAN_POINT('Ctrl Pts',(-40.6996092283437,-8.37200972056077,23.2766720621572));
#5170=CARTESIAN_POINT('Ctrl Pts',(-38.0389978476355,-8.38616181766795,24.4418004815806));
#5171=CARTESIAN_POINT('Ctrl Pts',(-38.2631560361211,-8.38616181766795,24.2739149316027));
#5172=CARTESIAN_POINT('Ctrl Pts',(-38.591123032197,-8.38616181766796,24.0684320763043));
#5173=CARTESIAN_POINT('Ctrl Pts',(-39.3844893584196,-8.38616181766795,23.7625530358251));
#5174=CARTESIAN_POINT('Ctrl Pts',(-40.152051347358,-8.38616181766796,23.6712975281141));
#5175=CARTESIAN_POINT('Ctrl Pts',(-40.7047974474699,-8.38616181766796,23.6638914740779));
#5176=CARTESIAN_POINT('Ctrl Pts',(-38.336456258226,-8.68880148670335,24.838962348558));
#5177=CARTESIAN_POINT('Ctrl Pts',(-38.5398946571512,-8.68880148670335,24.6865950952315));
#5178=CARTESIAN_POINT('Ctrl Pts',(-38.8219833848519,-8.68880148670335,24.5130430648749));
#5179=CARTESIAN_POINT('Ctrl Pts',(-39.4692070992424,-8.68880148670335,24.2606083739247));
#5180=CARTESIAN_POINT('Ctrl Pts',(-40.1986615884969,-8.68880148670335,24.1669222018343));
#5181=CARTESIAN_POINT('Ctrl Pts',(-40.7114453254489,-8.68880148670335,24.1600515896961));
#5182=CARTESIAN_POINT('Ctrl Pts',(-38.5071893033222,-9.19579972552662,25.0669224684637));
#5183=CARTESIAN_POINT('Ctrl Pts',(-38.6987453494,-9.19579972552662,24.9234546238819));
#5184=CARTESIAN_POINT('Ctrl Pts',(-38.9544823229299,-9.19579972552662,24.7682285557521));
#5185=CARTESIAN_POINT('Ctrl Pts',(-39.517899865748,-9.19579972552661,24.546441897473));
#5186=CARTESIAN_POINT('Ctrl Pts',(-40.2253948439917,-9.19579972552662,24.4513975620743));
#5187=CARTESIAN_POINT('Ctrl Pts',(-40.7152610267717,-9.19579972552662,24.444834014327));
#5188=CARTESIAN_POINT('Ctrl Pts',(-38.5068866346546,-9.77701845188335,25.0665183499422));
#5189=CARTESIAN_POINT('Ctrl Pts',(-38.6984453872391,-9.77701845188335,24.9230484782949));
#5190=CARTESIAN_POINT('Ctrl Pts',(-38.9542629032155,-9.77701845188335,24.7677925457961));
#5191=CARTESIAN_POINT('Ctrl Pts',(-39.5176933156558,-9.77701845188335,24.5460009697645));
#5192=CARTESIAN_POINT('Ctrl Pts',(-40.2253828596171,-9.77701845188335,24.4508927812008));
#5193=CARTESIAN_POINT('Ctrl Pts',(-40.7152542624501,-9.77701845188335,24.4443291635118));
#5194=CARTESIAN_POINT('Ctrl Pts',(-38.3365889766707,-10.2842137414163,24.8391395521717));
#5195=CARTESIAN_POINT('Ctrl Pts',(-38.5400270302549,-10.2842137414163,24.6867725574918));
#5196=CARTESIAN_POINT('Ctrl Pts',(-38.8220788900872,-10.2842137414163,24.5132335022536));
#5197=CARTESIAN_POINT('Ctrl Pts',(-39.4693031810068,-10.2842137414163,24.2607987028115));
#5198=CARTESIAN_POINT('Ctrl Pts',(-40.1986652206733,-10.2842137414163,24.1671435670468));
#5199=CARTESIAN_POINT('Ctrl Pts',(-40.7114482915645,-10.2842137414163,24.1602729638329));
#5200=CARTESIAN_POINT('Ctrl Pts',(-38.038953330946,-10.5867582652104,24.4417410435856));
#5201=CARTESIAN_POINT('Ctrl Pts',(-38.2631116930308,-10.5867582652104,24.2738553635887));
#5202=CARTESIAN_POINT('Ctrl Pts',(-38.5910909489634,-10.5867582652104,24.0683681478961));
#5203=CARTESIAN_POINT('Ctrl Pts',(-39.3844575087871,-10.5867582652104,23.7624889883246));
#5204=CARTESIAN_POINT('Ctrl Pts',(-40.1520500176357,-10.5867582652104,23.671223278839));
#5205=CARTESIAN_POINT('Ctrl Pts',(-40.7047964525694,-10.5867582652104,23.6638172203165));
#5206=CARTESIAN_POINT('Ctrl Pts',(-37.806851677087,-10.6009134047817,24.1318425068719));
#5207=CARTESIAN_POINT('Ctrl Pts',(-38.0471844736212,-10.6009134047817,23.9518428200593));
#5208=CARTESIAN_POINT('Ctrl Pts',(-38.4109485908391,-10.6009134047817,23.7214395134788));
#5209=CARTESIAN_POINT('Ctrl Pts',(-39.3184004878241,-10.6009134047817,23.373839431055));
#5210=CARTESIAN_POINT('Ctrl Pts',(-40.1156670796943,-10.6009134047817,23.2844961012704));
#5211=CARTESIAN_POINT('Ctrl Pts',(-40.6996092283437,-10.6009134047817,23.2766720621572));
#5212=CARTESIAN_POINT('Ctrl Pts',(-37.6971232226976,-10.5601132511939,23.9853347724987));
#5213=CARTESIAN_POINT('Ctrl Pts',(-37.9450939994257,-10.5601132511939,23.7996145429112));
#5214=CARTESIAN_POINT('Ctrl Pts',(-38.3257917196375,-10.5601132511939,23.5574331330867));
#5215=CARTESIAN_POINT('Ctrl Pts',(-39.2871146936902,-10.5601132511939,23.1901323384509));
#5216=CARTESIAN_POINT('Ctrl Pts',(-40.0984833547402,-10.5601132511939,23.1016666097669));
#5217=CARTESIAN_POINT('Ctrl Pts',(-40.6971569145087,-10.5601132511939,23.0936451895655));
#5218=CARTESIAN_POINT('',(-38.5,-10.5601132511939,23.5));
#5219=CARTESIAN_POINT('',(-38.4999999992688,-9.48646156267124,25.0573215693972));
#5220=CARTESIAN_POINT('Ctrl Pts',(-38.5,-10.5601132511939,23.5));
#5221=CARTESIAN_POINT('Ctrl Pts',(-38.5,-10.5865152122983,23.6299156156819));
#5222=CARTESIAN_POINT('Ctrl Pts',(-38.5000000000005,-10.5928191014864,23.763521409732));
#5223=CARTESIAN_POINT('Ctrl Pts',(-38.5000000000005,-10.56287263962,24.0771447923038));
#5224=CARTESIAN_POINT('Ctrl Pts',(-38.5,-10.5100908384635,24.2553446415377));
#5225=CARTESIAN_POINT('Ctrl Pts',(-38.5,-10.3481110071045,24.5686313279416));
#5226=CARTESIAN_POINT('Ctrl Pts',(-38.4999999999999,-10.2416190346398,24.7071721210496));
#5227=CARTESIAN_POINT('Ctrl Pts',(-38.4999999999999,-10.0067973679737,24.9049159122982));
#5228=CARTESIAN_POINT('Ctrl Pts',(-38.5,-9.88774929809498,24.9737788923871));
#5229=CARTESIAN_POINT('Ctrl Pts',(-38.5,-9.6694839570427,25.0429171505474));
#5230=CARTESIAN_POINT('Ctrl Pts',(-38.4999999999999,-9.57841190139049,25.057321568302));
#5231=CARTESIAN_POINT('Ctrl Pts',(-38.4999999999999,-9.48646156267124,25.057321568302));
#5232=CARTESIAN_POINT('Ctrl Pts',(-38.5754155527244,-10.5664183775893,23.5));
#5233=CARTESIAN_POINT('Ctrl Pts',(-38.5499921678855,-10.5644878764286,23.5));
#5234=CARTESIAN_POINT('Ctrl Pts',(-38.5248668116861,-10.5623901557185,23.5));
#5235=CARTESIAN_POINT('Ctrl Pts',(-38.5,-10.5601132511939,23.5));
#5236=CARTESIAN_POINT('',(-40.7092668407893,-10.3630064126155,23.9974617822454));
#5237=CARTESIAN_POINT('Ctrl Pts',(-40.7092668407894,-10.3630064126155,23.9974617822454));
#5238=CARTESIAN_POINT('Ctrl Pts',(-40.6281124149836,-10.3409164839331,24.0276870870699));
#5239=CARTESIAN_POINT('Ctrl Pts',(-40.5453231949631,-10.3244005354672,24.0493812112129));
#5240=CARTESIAN_POINT('Ctrl Pts',(-40.3748740071115,-10.3046159237679,24.0807914123248));
#5241=CARTESIAN_POINT('Ctrl Pts',(-40.2907692304435,-10.3010761717576,24.0904550770757));
#5242=CARTESIAN_POINT('Ctrl Pts',(-40.1590621007465,-10.3027856619745,24.1002499518132));
#5243=CARTESIAN_POINT('Ctrl Pts',(-40.1117843462516,-10.3048197984531,24.1026892907635));
#5244=CARTESIAN_POINT('Ctrl Pts',(-40.0054496818041,-10.3118929047094,24.1063964439086));
#5245=CARTESIAN_POINT('Ctrl Pts',(-39.9458561946934,-10.3176179023196,24.107218144243));
#5246=CARTESIAN_POINT('Ctrl Pts',(-39.5705370783953,-10.3615145165432,24.1069051496788));
#5247=CARTESIAN_POINT('Ctrl Pts',(-39.2355209446858,-10.4360411705659,24.0809030807532));
#5248=CARTESIAN_POINT('Ctrl Pts',(-38.8369183656417,-10.509124337117,24.0574113134464));
#5249=CARTESIAN_POINT('Ctrl Pts',(-38.7378202689533,-10.5258743029535,24.0524309394855));
#5250=CARTESIAN_POINT('Ctrl Pts',(-38.6361980297019,-10.5401126690223,24.0495969839048));
#5251=CARTESIAN_POINT('',(-40.7026015222289,-8.39922387827715,23.5));
#5252=CARTESIAN_POINT('Origin',(-40.7003631364407,-9.48646156267124,23.3329395101694));
#5253=CARTESIAN_POINT('',(-38.5,-8.41280987414854,23.5));
#5254=CARTESIAN_POINT('Ctrl Pts',(-38.5,-8.41280987414854,23.5));
#5255=CARTESIAN_POINT('Ctrl Pts',(-38.7238239729566,-8.39231565787496,23.5));
#5256=CARTESIAN_POINT('Ctrl Pts',(-38.9673421056732,-8.38650193372962,23.5));
#5257=CARTESIAN_POINT('Ctrl Pts',(-39.4809059637374,-8.38642890417376,23.5));
#5258=CARTESIAN_POINT('Ctrl Pts',(-39.656109342779,-8.38916819067551,23.5));
#5259=CARTESIAN_POINT('Ctrl Pts',(-40.2504016238785,-8.39656213276543,23.5));
#5260=CARTESIAN_POINT('Ctrl Pts',(-40.4555782827965,-8.39871531118421,23.5));
#5261=CARTESIAN_POINT('Ctrl Pts',(-40.7026015222289,-8.39922387827716,23.5));
#5262=CARTESIAN_POINT('Ctrl Pts',(-38.4999999999999,-9.48646156267124,25.057321568302));
#5263=CARTESIAN_POINT('Ctrl Pts',(-38.4999999999999,-9.46033178625202,25.057321568302));
#5264=CARTESIAN_POINT('Ctrl Pts',(-38.5000000000553,-9.43413108485014,25.0561584119252));
#5265=CARTESIAN_POINT('Ctrl Pts',(-38.5000000000553,-9.29159371803201,25.0434118397512));
#5266=CARTESIAN_POINT('Ctrl Pts',(-38.5,-9.17953573821791,25.0102081499743));
#5267=CARTESIAN_POINT('Ctrl Pts',(-38.5,-8.95543165570696,24.8983640814303));
#5268=CARTESIAN_POINT('Ctrl Pts',(-38.5000000000001,-8.8485601901459,24.8153652347945));
#5269=CARTESIAN_POINT('Ctrl Pts',(-38.5000000000001,-8.64473150843312,24.5971896590925));
#5270=CARTESIAN_POINT('Ctrl Pts',(-38.5,-8.55555145216186,24.4542762105245));
#5271=CARTESIAN_POINT('Ctrl Pts',(-38.5,-8.42250225665024,24.129010452219));
#5272=CARTESIAN_POINT('Ctrl Pts',(-38.5,-8.38532618874089,23.9425228792599));
#5273=CARTESIAN_POINT('Ctrl Pts',(-38.5,-8.38702434799236,23.6698903189119));
#5274=CARTESIAN_POINT('Ctrl Pts',(-38.5,-8.39571723795433,23.5841074019471));
#5275=CARTESIAN_POINT('Ctrl Pts',(-38.5,-8.41280987414854,23.5));
#5276=CARTESIAN_POINT('Ctrl Pts',(-46.3956482167207,-7.47348523269732,23.5));
#5277=CARTESIAN_POINT('Ctrl Pts',(-47.7401399061869,-7.07291771212515,23.5));
#5278=CARTESIAN_POINT('Ctrl Pts',(-49.0805060526546,-6.5088001874959,23.5000000000001));
#5279=CARTESIAN_POINT('Ctrl Pts',(-50.5,-6.05493150073494,23.5));
#5280=CARTESIAN_POINT('Ctrl Pts',(-46.4114898316425,-7.52665709141332,23.6957205411738));
#5281=CARTESIAN_POINT('Ctrl Pts',(-47.7594113372727,-7.12506771777385,23.6957205411738));
#5282=CARTESIAN_POINT('Ctrl Pts',(-49.1001969323154,-6.56075282568976,23.6957205411739));
#5283=CARTESIAN_POINT('Ctrl Pts',(-50.5168969577602,-6.10777746691116,23.6957205411738));
#5284=CARTESIAN_POINT('Ctrl Pts',(-46.4749604124059,-7.73969400524023,24.0547728099201));
#5285=CARTESIAN_POINT('Ctrl Pts',(-47.8366788008542,-7.33399409437293,24.0547728099201));
#5286=CARTESIAN_POINT('Ctrl Pts',(-49.1791347360236,-6.76889049907436,24.0547728099201));
#5287=CARTESIAN_POINT('Ctrl Pts',(-50.584595846255,-6.31950866860779,24.0547728099201));
#5288=CARTESIAN_POINT('Ctrl Pts',(-46.6550215568375,-8.34406330592202,24.3708617247038));
#5289=CARTESIAN_POINT('Ctrl Pts',(-48.0559088790726,-7.92669370396375,24.3708617247038));
#5290=CARTESIAN_POINT('Ctrl Pts',(-49.4030982044955,-7.35935367671742,24.3708617247039));
#5291=CARTESIAN_POINT('Ctrl Pts',(-50.7766523737438,-6.92017376463846,24.3708617247038));
#5292=CARTESIAN_POINT('Ctrl Pts',(-46.8789657771363,-9.09572470539278,24.224703715102));
#5293=CARTESIAN_POINT('Ctrl Pts',(-48.3284980873845,-8.66386218957769,24.224703715102));
#5294=CARTESIAN_POINT('Ctrl Pts',(-49.6815873448161,-8.0937380659972,24.2247037151021));
#5295=CARTESIAN_POINT('Ctrl Pts',(-51.0155153968439,-7.66722820004131,24.224703715102));
#5296=CARTESIAN_POINT('Ctrl Pts',(-46.9788778467712,-9.43107627635776,23.7609607215634));
#5297=CARTESIAN_POINT('Ctrl Pts',(-48.4502443323704,-8.99270865414996,23.7609607215634));
#5298=CARTESIAN_POINT('Ctrl Pts',(-49.8059414742394,-8.42134733620796,23.7609607215635));
#5299=CARTESIAN_POINT('Ctrl Pts',(-51.1220834474295,-8.00052438724091,23.7609607215634));
#5300=CARTESIAN_POINT('Ctrl Pts',(-47.0000000000001,-9.50197208797867,23.4999999999982));
#5301=CARTESIAN_POINT('Ctrl Pts',(-48.4758551770553,-9.0622671395373,23.4999999999982));
#5302=CARTESIAN_POINT('Ctrl Pts',(-49.8321272310065,-8.4906395023993,23.4999999999983));
#5303=CARTESIAN_POINT('Ctrl Pts',(-51.1446127244429,-8.07098567547545,23.4999999999982));
#5304=CARTESIAN_POINT('',(-50.5,-8.2857581960933,23.5));
#5305=CARTESIAN_POINT('',(-47.,-9.50197208797816,23.5));
#5306=CARTESIAN_POINT('Ctrl Pts',(-50.4980020882988,-8.28742317548809,23.5));
#5307=CARTESIAN_POINT('Ctrl Pts',(-49.3861241516046,-8.67375743168207,23.5000000000001));
#5308=CARTESIAN_POINT('Ctrl Pts',(-48.2349254150356,-9.13404790111407,23.5));
#5309=CARTESIAN_POINT('Ctrl Pts',(-47.,-9.50197208797817,23.5));
#5310=CARTESIAN_POINT('',(-50.5,-6.05493150073495,23.5));
#5311=CARTESIAN_POINT('Ctrl Pts',(-50.4999999999999,-6.05493150073498,23.5));
#5312=CARTESIAN_POINT('Ctrl Pts',(-50.5000017403057,-6.06823902070996,23.5447163383737));
#5313=CARTESIAN_POINT('Ctrl Pts',(-50.5000238845811,-6.08453830614474,23.5884245884407));
#5314=CARTESIAN_POINT('Ctrl Pts',(-50.5000431265892,-6.10361812085473,23.6309196866208));
#5315=CARTESIAN_POINT('Ctrl Pts',(-50.5000628396648,-6.12316503229102,23.6744551157237));
#5316=CARTESIAN_POINT('Ctrl Pts',(-50.5000796611456,-6.14563065451958,23.7167182202905));
#5317=CARTESIAN_POINT('Ctrl Pts',(-50.5000865553382,-6.17083673495006,23.7574747172214));
#5318=CARTESIAN_POINT('Ctrl Pts',(-50.5000881449603,-6.17664860378769,23.7668721090569));
#5319=CARTESIAN_POINT('Ctrl Pts',(-50.500089275126,-6.18260635430025,23.7761893113457));
#5320=CARTESIAN_POINT('Ctrl Pts',(-50.5000899775216,-6.18870812481835,23.785423266565));
#5321=CARTESIAN_POINT('Ctrl Pts',(-50.5000929902545,-6.21487999526837,23.8250297838905));
#5322=CARTESIAN_POINT('Ctrl Pts',(-50.5000874278726,-6.24351451863637,23.8628287231943));
#5323=CARTESIAN_POINT('Ctrl Pts',(-50.5000760110459,-6.27438625598107,23.8986354124647));
#5324=CARTESIAN_POINT('Ctrl Pts',(-50.5000643255709,-6.30598443337163,23.9352846656862));
#5325=CARTESIAN_POINT('Ctrl Pts',(-50.5000466830118,-6.3399267817469,23.9698477653142));
#5326=CARTESIAN_POINT('Ctrl Pts',(-50.5000414561512,-6.37601997597315,24.0021097529483));
#5327=CARTESIAN_POINT('Ctrl Pts',(-50.5000408948687,-6.37989581683267,24.0055741825329));
#5328=CARTESIAN_POINT('Ctrl Pts',(-50.5000404896151,-6.38379650117122,24.009012053131));
#5329=CARTESIAN_POINT('Ctrl Pts',(-50.5000402721037,-6.3877218185256,24.0124230799511));
#5330=CARTESIAN_POINT('Ctrl Pts',(-50.5000385121122,-6.41948349055943,24.0400233744945));
#5331=CARTESIAN_POINT('Ctrl Pts',(-50.5000485632069,-6.45285621525889,24.0658679268142));
#5332=CARTESIAN_POINT('Ctrl Pts',(-50.5000611547106,-6.48764943962958,24.0898819414263));
#5333=CARTESIAN_POINT('Ctrl Pts',(-50.50007558673,-6.52752843282957,24.1174061143865));
#5334=CARTESIAN_POINT('Ctrl Pts',(-50.5000922004428,-6.56904776606153,24.1423706573975));
#5335=CARTESIAN_POINT('Ctrl Pts',(-50.5001011944689,-6.61189211082009,24.1647092129876));
#5336=CARTESIAN_POINT('Ctrl Pts',(-50.5001107611199,-6.65746423771818,24.1884700032578));
#5337=CARTESIAN_POINT('Ctrl Pts',(-50.5001119828983,-6.7045361680477,24.2092607821994));
#5338=CARTESIAN_POINT('Ctrl Pts',(-50.5001039070336,-6.75277302242268,24.2269587970172));
#5339=CARTESIAN_POINT('Ctrl Pts',(-50.500095831169,-6.80100987679766,24.2446568118349));
#5340=CARTESIAN_POINT('Ctrl Pts',(-50.5000788535145,-6.8504128561101,24.25926271001));
#5341=CARTESIAN_POINT('Ctrl Pts',(-50.5000572000746,-6.90067499488403,24.2706001577024));
#5342=CARTESIAN_POINT('Ctrl Pts',(-50.5000494179655,-6.91873888912723,24.2746747645755));
#5343=CARTESIAN_POINT('Ctrl Pts',(-50.500040845449,-6.93688359934154,24.2783197843802));
#5344=CARTESIAN_POINT('Ctrl Pts',(-50.500031976401,-6.95509404570915,24.2815294261764));
#5345=CARTESIAN_POINT('Ctrl Pts',(-50.5000082651761,-7.00377931496747,24.2901103402252));
#5346=CARTESIAN_POINT('Ctrl Pts',(-50.4999823486618,-7.0529333672467,24.2955832078786));
#5347=CARTESIAN_POINT('Ctrl Pts',(-50.4999546943792,-7.10224844697918,24.2980625357858));
#5348=CARTESIAN_POINT('Ctrl Pts',(-50.4999264886353,-7.15254693170913,24.3005913046239));
#5349=CARTESIAN_POINT('Ctrl Pts',(-50.4998968099536,-7.20301397743673,24.3000059117018));
#5350=CARTESIAN_POINT('Ctrl Pts',(-50.4998648252737,-7.25333043316277,24.2963743557378));
#5351=CARTESIAN_POINT('Ctrl Pts',(-50.4998400727239,-7.29226971841032,24.2935639393137));
#5352=CARTESIAN_POINT('Ctrl Pts',(-50.4998139603849,-7.3311191186927,24.2889280663141));
#5353=CARTESIAN_POINT('Ctrl Pts',(-50.4997836060855,-7.36972748874818,24.2824772180915));
#5354=CARTESIAN_POINT('Ctrl Pts',(-50.4997447899374,-7.41909868968424,24.2742280709932));
#5355=CARTESIAN_POINT('Ctrl Pts',(-50.4996988130631,-7.46786407446798,24.2630481557513));
#5356=CARTESIAN_POINT('Ctrl Pts',(-50.499647782301,-7.51571010692443,24.2489904914238));
#5357=CARTESIAN_POINT('Ctrl Pts',(-50.4995983452974,-7.5620618442491,24.2353718666214));
#5358=CARTESIAN_POINT('Ctrl Pts',(-50.499544421762,-7.60755164517056,24.2190520294916));
#5359=CARTESIAN_POINT('Ctrl Pts',(-50.4994804392644,-7.6518782699879,24.2000353371798));
#5360=CARTESIAN_POINT('Ctrl Pts',(-50.4994168796443,-7.69591192818929,24.1811443313152));
#5361=CARTESIAN_POINT('Ctrl Pts',(-50.499343671179,-7.73879863684985,24.1595918211215));
#5362=CARTESIAN_POINT('Ctrl Pts',(-50.4992438762562,-7.78021364500272,24.1353421502813));
#5363=CARTESIAN_POINT('Ctrl Pts',(-50.4992205065452,-7.78991210204166,24.1296634265205));
#5364=CARTESIAN_POINT('Ctrl Pts',(-50.4991956178721,-7.79952968908863,24.1238366225523));
#5365=CARTESIAN_POINT('Ctrl Pts',(-50.4991694455605,-7.80906361345285,24.1178639719882));
#5366=CARTESIAN_POINT('Ctrl Pts',(-50.499055564016,-7.85054783719772,24.0918756420114));
#5367=CARTESIAN_POINT('Ctrl Pts',(-50.4989209936413,-7.89023055608079,24.0632666245121));
#5368=CARTESIAN_POINT('Ctrl Pts',(-50.4987934138492,-7.92791888515303,24.0322769669445));
#5369=CARTESIAN_POINT('Ctrl Pts',(-50.4986604955142,-7.96718427244018,23.9999905553087));
#5370=CARTESIAN_POINT('Ctrl Pts',(-50.4985355202047,-8.00428596284348,23.9651193095092));
#5371=CARTESIAN_POINT('Ctrl Pts',(-50.498434943124,-8.03896120980625,23.9278974135244));
#5372=CARTESIAN_POINT('Ctrl Pts',(-50.4983415643312,-8.07115475408149,23.8933394835497));
#5373=CARTESIAN_POINT('Ctrl Pts',(-50.4982692534107,-8.10125687045354,23.8567542536848));
#5374=CARTESIAN_POINT('Ctrl Pts',(-50.4982163222004,-8.12901236274745,23.8183121913006));
#5375=CARTESIAN_POINT('Ctrl Pts',(-50.4982122418939,-8.13115194946801,23.8153488093033));
#5376=CARTESIAN_POINT('Ctrl Pts',(-50.4982082687568,-8.13327756739312,23.812374388783));
#5377=CARTESIAN_POINT('Ctrl Pts',(-50.4982043979095,-8.13538908717685,23.8093890059491));
#5378=CARTESIAN_POINT('Ctrl Pts',(-50.4981534527448,-8.16317931392013,23.7700976545214));
#5379=CARTESIAN_POINT('Ctrl Pts',(-50.4981251808797,-8.18833349688035,23.7291871146503));
#5380=CARTESIAN_POINT('Ctrl Pts',(-50.4981062767182,-8.21064575592115,23.6868830824487));
#5381=CARTESIAN_POINT('Ctrl Pts',(-50.4980879804507,-8.23224052801269,23.6459394051511));
#5382=CARTESIAN_POINT('Ctrl Pts',(-50.498078587832,-8.25117357882061,23.6036895157918));
#5383=CARTESIAN_POINT('Ctrl Pts',(-50.4980525526147,-8.26721481128033,23.5603223594712));
#5384=CARTESIAN_POINT('Ctrl Pts',(-50.4980406186741,-8.27456774070864,23.5404438594412));
#5385=CARTESIAN_POINT('Ctrl Pts',(-50.4980249862822,-8.28131242654074,23.5203304707662));
#5386=CARTESIAN_POINT('Ctrl Pts',(-50.4980020882989,-8.28742317548808,23.5));
#5387=CARTESIAN_POINT('',(-47.,-7.28420020914034,23.5));
#5388=CARTESIAN_POINT('Ctrl Pts',(-47.0016290342607,-7.28279874588135,23.5));
#5389=CARTESIAN_POINT('Ctrl Pts',(-48.1446715349965,-6.90590332642972,23.5));
#5390=CARTESIAN_POINT('Ctrl Pts',(-49.2937667985771,-6.44061224286216,23.5000000000001));
#5391=CARTESIAN_POINT('Ctrl Pts',(-50.5,-6.05493150073494,23.5));
#5392=CARTESIAN_POINT('Ctrl Pts',(-47.0000000000001,-9.50197208797812,23.5));
#5393=CARTESIAN_POINT('Ctrl Pts',(-46.9999981430279,-9.48881275945755,23.5444910786546));
#5394=CARTESIAN_POINT('Ctrl Pts',(-46.9999606915365,-9.47264997064163,23.5879847128618));
#5395=CARTESIAN_POINT('Ctrl Pts',(-46.9999184521701,-9.45371884690587,23.6302859047245));
#5396=CARTESIAN_POINT('Ctrl Pts',(-46.9998749476328,-9.43422069035787,23.6738541193017));
#5397=CARTESIAN_POINT('Ctrl Pts',(-46.9998262048824,-9.41178546618698,23.7161583264933));
#5398=CARTESIAN_POINT('Ctrl Pts',(-46.9997882951277,-9.38662055953461,23.7569708283378));
#5399=CARTESIAN_POINT('Ctrl Pts',(-46.9997781698063,-9.37989926126407,23.767871444893));
#5400=CARTESIAN_POINT('Ctrl Pts',(-46.9997687302603,-9.37298298876298,23.7786655239646));
#5401=CARTESIAN_POINT('Ctrl Pts',(-46.9997601019912,-9.36587518046405,23.7893484209465));
#5402=CARTESIAN_POINT('Ctrl Pts',(-46.9997280359844,-9.33945979797028,23.8290502246603));
#5403=CARTESIAN_POINT('Ctrl Pts',(-46.9997084136744,-9.31058640536298,23.8669416496132));
#5404=CARTESIAN_POINT('Ctrl Pts',(-46.9997073215675,-9.27950728434226,23.9028398163954));
#5405=CARTESIAN_POINT('Ctrl Pts',(-46.999706204472,-9.24771703823531,23.9395593734265));
#5406=CARTESIAN_POINT('Ctrl Pts',(-46.9997242712281,-9.21361843274072,23.9741943717271));
#5407=CARTESIAN_POINT('Ctrl Pts',(-46.9997532925503,-9.17743230641351,24.006530180806));
#5408=CARTESIAN_POINT('Ctrl Pts',(-46.9997813862716,-9.14240278766961,24.0378324489733));
#5409=CARTESIAN_POINT('Ctrl Pts',(-46.9998194720711,-9.10541624512662,24.0669808119998));
#5410=CARTESIAN_POINT('Ctrl Pts',(-46.9998501449461,-9.06663812691276,24.0937514491631));
#5411=CARTESIAN_POINT('Ctrl Pts',(-46.9998669055661,-9.04544854811747,24.1083797640918));
#5412=CARTESIAN_POINT('Ctrl Pts',(-46.9998815588542,-9.02378839420417,24.122252593476));
#5413=CARTESIAN_POINT('Ctrl Pts',(-46.9998908831331,-9.00169085370752,24.1353421502813));
#5414=CARTESIAN_POINT('Ctrl Pts',(-46.9999081278192,-8.96082279812891,24.1595504885395));
#5415=CARTESIAN_POINT('Ctrl Pts',(-46.9999075940427,-8.91846083226525,24.1810823713334));
#5416=CARTESIAN_POINT('Ctrl Pts',(-46.9999021442556,-8.87491755608456,24.1999662074037));
#5417=CARTESIAN_POINT('Ctrl Pts',(-46.9998965090024,-8.82989242303228,24.2194926947555));
#5418=CARTESIAN_POINT('Ctrl Pts',(-46.9998853163943,-8.78360333199356,24.2361882416151));
#5419=CARTESIAN_POINT('Ctrl Pts',(-46.9998767665293,-8.73636433972175,24.2500387920601));
#5420=CARTESIAN_POINT('Ctrl Pts',(-46.9998719672158,-8.70984757780931,24.2578135503867));
#5421=CARTESIAN_POINT('Ctrl Pts',(-46.9998679194988,-8.68303102172107,24.2646910243408));
#5422=CARTESIAN_POINT('Ctrl Pts',(-46.9998658426195,-8.65596772318454,24.2706620253023));
#5423=CARTESIAN_POINT('Ctrl Pts',(-46.9998620843987,-8.60699528144145,24.2814668610965));
#5424=CARTESIAN_POINT('Ctrl Pts',(-46.9998666444122,-8.55745086453944,24.2892543394465));
#5425=CARTESIAN_POINT('Ctrl Pts',(-46.9998785460839,-8.50766291205144,24.2940157641249));
#5426=CARTESIAN_POINT('Ctrl Pts',(-46.9998904670764,-8.4577941350669,24.2987849183791));
#5427=CARTESIAN_POINT('Ctrl Pts',(-46.9999094255378,-8.40767992582678,24.3005183791945));
#5428=CARTESIAN_POINT('Ctrl Pts',(-46.999935210686,-8.3576375386084,24.2991570574789));
#5429=CARTESIAN_POINT('Ctrl Pts',(-46.9999603904679,-8.30877001261404,24.2978276959511));
#5430=CARTESIAN_POINT('Ctrl Pts',(-46.9999918001187,-8.25996997564078,24.2935471620652));
#5431=CARTESIAN_POINT('Ctrl Pts',(-47.000034432823,-8.21153620992106,24.2862113561221));
#5432=CARTESIAN_POINT('Ctrl Pts',(-47.0000401645605,-8.2050245509543,24.2852250965191));
#5433=CARTESIAN_POINT('Ctrl Pts',(-47.000046110613,-8.19851953038814,24.2841835374283));
#5434=CARTESIAN_POINT('Ctrl Pts',(-47.0000522946967,-8.19202189403953,24.283086355904));
#5435=CARTESIAN_POINT('Ctrl Pts',(-47.0000551535814,-8.18901805482263,24.2825791319361));
#5436=CARTESIAN_POINT('Ctrl Pts',(-47.0000580635399,-8.18601662125773,24.2820601599359));
#5437=CARTESIAN_POINT('Ctrl Pts',(-47.0000610233571,-8.18301766435006,24.2815294261764));
#5438=CARTESIAN_POINT('Ctrl Pts',(-47.0001089931033,-8.13441358070144,24.2729278260754));
#5439=CARTESIAN_POINT('Ctrl Pts',(-47.00016954721,-8.08645932169682,24.2612411775091));
#5440=CARTESIAN_POINT('Ctrl Pts',(-47.0002302506812,-8.03942779777521,24.2466439392501));
#5441=CARTESIAN_POINT('Ctrl Pts',(-47.0002939951684,-7.99004017107665,24.2313154341571));
#5442=CARTESIAN_POINT('Ctrl Pts',(-47.0003574987018,-7.94166874375266,24.2127772368586));
#5443=CARTESIAN_POINT('Ctrl Pts',(-47.0004166398022,-7.89465013325297,24.1911747062996));
#5444=CARTESIAN_POINT('Ctrl Pts',(-47.0004719594558,-7.85066966583176,24.170968039591));
#5445=CARTESIAN_POINT('Ctrl Pts',(-47.0005233156181,-7.80787219176241,24.1480792984972));
#5446=CARTESIAN_POINT('Ctrl Pts',(-47.0005797617603,-7.76656416723378,24.1225890659577));
#5447=CARTESIAN_POINT('Ctrl Pts',(-47.0005836610244,-7.76371063483255,24.1208282166966));
#5448=CARTESIAN_POINT('Ctrl Pts',(-47.0005875903061,-7.76086422523005,24.1190549402352));
#5449=CARTESIAN_POINT('Ctrl Pts',(-47.0005915552292,-7.7580250465225,24.117269257503));
#5450=CARTESIAN_POINT('Ctrl Pts',(-47.000648877446,-7.71697809247599,24.0914530463369));
#5451=CARTESIAN_POINT('Ctrl Pts',(-47.0007099307363,-7.67765914713483,24.063184386681));
#5452=CARTESIAN_POINT('Ctrl Pts',(-47.0007826178992,-7.64035633073211,24.0325809717043));
#5453=CARTESIAN_POINT('Ctrl Pts',(-47.0007983188024,-7.63229867808185,24.0259704336385));
#5454=CARTESIAN_POINT('Ctrl Pts',(-47.0008146054473,-7.62433521833418,24.0192508163842));
#5455=CARTESIAN_POINT('Ctrl Pts',(-47.0008316331514,-7.61646907463596,24.0124230799511));
#5456=CARTESIAN_POINT('Ctrl Pts',(-47.0009102835481,-7.58013561946645,23.9808859932769));
#5457=CARTESIAN_POINT('Ctrl Pts',(-47.0010036913436,-7.54587504665433,23.9470441068593));
#5458=CARTESIAN_POINT('Ctrl Pts',(-47.0010912889594,-7.51388378789847,23.9111065068961));
#5459=CARTESIAN_POINT('Ctrl Pts',(-47.0011694378181,-7.48534328096446,23.879045332662));
#5460=CARTESIAN_POINT('Ctrl Pts',(-47.0012430438111,-7.45860915537707,23.8453153453059));
#5461=CARTESIAN_POINT('Ctrl Pts',(-47.0013074096154,-7.43385254298345,23.8100536114355));
#5462=CARTESIAN_POINT('Ctrl Pts',(-47.0013792735422,-7.40621197511195,23.770684156002));
#5463=CARTESIAN_POINT('Ctrl Pts',(-47.0014353104051,-7.3812308889638,23.7296821673803));
#5464=CARTESIAN_POINT('Ctrl Pts',(-47.001478365038,-7.35907992186621,23.6872867333924));
#5465=CARTESIAN_POINT('Ctrl Pts',(-47.0015204218014,-7.33744234376748,23.6458738907882));
#5466=CARTESIAN_POINT('Ctrl Pts',(-47.0015499779063,-7.31850484529281,23.6031305067224));
#5467=CARTESIAN_POINT('Ctrl Pts',(-47.0015820097886,-7.30247069159221,23.5592623330634));
#5468=CARTESIAN_POINT('Ctrl Pts',(-47.0015962752668,-7.29532984152046,23.5397255332503));
#5469=CARTESIAN_POINT('Ctrl Pts',(-47.0016112076028,-7.28876546528971,23.5199654975493));
#5470=CARTESIAN_POINT('Ctrl Pts',(-47.0016290342607,-7.28279874588137,23.5));
#5471=CARTESIAN_POINT('Ctrl Pts',(-55.1285569307948,-4.96395788482073,23.5));
#5472=CARTESIAN_POINT('Ctrl Pts',(-56.4738908073148,-4.7241431160498,23.5));
#5473=CARTESIAN_POINT('Ctrl Pts',(-57.7852664299238,-4.53392317510082,23.5));
#5474=CARTESIAN_POINT('Ctrl Pts',(-59.,-4.34850561015935,23.5));
#5475=CARTESIAN_POINT('Ctrl Pts',(-55.138293409168,-5.01857843325746,23.6957205411737));
#5476=CARTESIAN_POINT('Ctrl Pts',(-56.4825980776584,-4.77894712770704,23.6957205411737));
#5477=CARTESIAN_POINT('Ctrl Pts',(-57.7932174367465,-4.58883370212489,23.6957205411737));
#5478=CARTESIAN_POINT('Ctrl Pts',(-59.0083717680795,-4.403351911966,23.6957205411737));
#5479=CARTESIAN_POINT('Ctrl Pts',(-55.177303491623,-5.23742060766315,24.0547693575254));
#5480=CARTESIAN_POINT('Ctrl Pts',(-56.5174680365902,-4.99852730684352,24.0547693575254));
#5481=CARTESIAN_POINT('Ctrl Pts',(-57.8250671167761,-4.80883873216706,24.0547693575254));
#5482=CARTESIAN_POINT('Ctrl Pts',(-59.0419140151379,-4.62309858769516,24.0547693575254));
#5483=CARTESIAN_POINT('Ctrl Pts',(-55.2879711491912,-5.8582537178369,24.3708563867699));
#5484=CARTESIAN_POINT('Ctrl Pts',(-56.6163820084685,-5.62145559016732,24.3708563867699));
#5485=CARTESIAN_POINT('Ctrl Pts',(-57.9154179317688,-5.43297128118872,24.3708563867699));
#5486=CARTESIAN_POINT('Ctrl Pts',(-59.1370699768261,-5.24649767662202,24.3708563867699));
#5487=CARTESIAN_POINT('Ctrl Pts',(-55.4256071471857,-6.63037618418742,24.2246950077932));
#5488=CARTESIAN_POINT('Ctrl Pts',(-56.7394207773782,-6.39618011031191,24.2246950077932));
#5489=CARTESIAN_POINT('Ctrl Pts',(-58.0277945800093,-6.20919592808853,24.2246950077932));
#5490=CARTESIAN_POINT('Ctrl Pts',(-59.2554142703611,-6.02181141903529,24.2246950077932));
#5491=CARTESIAN_POINT('Ctrl Pts',(-55.4870180288357,-6.97488432225609,23.7609607215647));
#5492=CARTESIAN_POINT('Ctrl Pts',(-56.7942797310187,-6.74185617340499,23.7609607215647));
#5493=CARTESIAN_POINT('Ctrl Pts',(-58.0779192636532,-6.55553681728354,23.7609607215647));
#5494=CARTESIAN_POINT('Ctrl Pts',(-59.3082175159518,-6.36774345113936,23.7609607215647));
#5495=CARTESIAN_POINT('Ctrl Pts',(-55.5,-7.04771172017168,23.4999999999998));
#5496=CARTESIAN_POINT('Ctrl Pts',(-56.805914750315,-6.81492367450717,23.4999999999998));
#5497=CARTESIAN_POINT('Ctrl Pts',(-58.0885309596669,-6.6287492729392,23.4999999999998));
#5498=CARTESIAN_POINT('Ctrl Pts',(-59.3193798733911,-6.44087185354816,23.4999999999998));
#5499=CARTESIAN_POINT('',(-59.,-6.48934120061575,23.5));
#5500=CARTESIAN_POINT('',(-55.5,-7.0477117201716,23.5));
#5501=CARTESIAN_POINT('Ctrl Pts',(-58.9996729653813,-6.48949142981712,23.5));
#5502=CARTESIAN_POINT('Ctrl Pts',(-57.8670457404335,-6.66122009172333,23.5));
#5503=CARTESIAN_POINT('Ctrl Pts',(-56.6932487990295,-6.83500713447748,23.5));
#5504=CARTESIAN_POINT('Ctrl Pts',(-55.5,-7.0477117201716,23.5));
#5505=CARTESIAN_POINT('',(-59.,-4.34850561015936,23.5));
#5506=CARTESIAN_POINT('Ctrl Pts',(-59.,-4.34850561015935,23.5));
#5507=CARTESIAN_POINT('Ctrl Pts',(-58.9999999467951,-4.36152935853076,23.5454173907703));
#5508=CARTESIAN_POINT('Ctrl Pts',(-59.0000103119199,-4.37754780887334,23.589853933351));
#5509=CARTESIAN_POINT('Ctrl Pts',(-59.0000194392217,-4.39636229458449,23.6330850153695));
#5510=CARTESIAN_POINT('Ctrl Pts',(-59.0000286775851,-4.4154057160268,23.6768421356504));
#5511=CARTESIAN_POINT('Ctrl Pts',(-59.0000367189679,-4.4373141304959,23.7193652553099));
#5512=CARTESIAN_POINT('Ctrl Pts',(-59.0000385894178,-4.46193000324381,23.7604021195394));
#5513=CARTESIAN_POINT('Ctrl Pts',(-59.0000393491786,-4.47192876011234,23.7770709426308));
#5514=CARTESIAN_POINT('Ctrl Pts',(-59.0000391657164,-4.48237473398582,23.7934942431968));
#5515=CARTESIAN_POINT('Ctrl Pts',(-59.000037993487,-4.4932593207579,23.8096536435465));
#5516=CARTESIAN_POINT('Ctrl Pts',(-59.0000351007986,-4.52011901192995,23.8495298935142));
#5517=CARTESIAN_POINT('Ctrl Pts',(-59.0000264124126,-4.54947161818932,23.8875414622368));
#5518=CARTESIAN_POINT('Ctrl Pts',(-59.0000157758416,-4.58111904586501,23.9234615089376));
#5519=CARTESIAN_POINT('Ctrl Pts',(-59.0000065085308,-4.6086924574633,23.9547575195475));
#5520=CARTESIAN_POINT('Ctrl Pts',(-58.9999959214407,-4.63800894945024,23.9844660075443));
#5521=CARTESIAN_POINT('Ctrl Pts',(-58.9999907365709,-4.66896473513382,24.0124202078241));
#5522=CARTESIAN_POINT('Ctrl Pts',(-58.9999847873292,-4.70448413310482,24.0444955159701));
#5523=CARTESIAN_POINT('Ctrl Pts',(-58.9999859412338,-4.74216180375454,24.0742625416511));
#5524=CARTESIAN_POINT('Ctrl Pts',(-58.9999866666508,-4.78172396967057,24.1015703018349));
#5525=CARTESIAN_POINT('Ctrl Pts',(-58.9999867474708,-4.78613166288577,24.1046127093093));
#5526=CARTESIAN_POINT('Ctrl Pts',(-58.9999868272894,-4.79056277450647,24.1076245452095));
#5527=CARTESIAN_POINT('Ctrl Pts',(-58.9999868986994,-4.79501694456356,24.1106055654201));
#5528=CARTESIAN_POINT('Ctrl Pts',(-58.9999875388678,-4.83494719085616,24.1373294824882));
#5529=CARTESIAN_POINT('Ctrl Pts',(-58.9999876759172,-4.8764834616954,24.1614167698937));
#5530=CARTESIAN_POINT('Ctrl Pts',(-58.9999835099389,-4.91932232707245,24.1827629545503));
#5531=CARTESIAN_POINT('Ctrl Pts',(-58.9999792943696,-4.96267113752864,24.204363239817));
#5532=CARTESIAN_POINT('Ctrl Pts',(-58.9999708218201,-5.00735473327067,24.2231574060482));
#5533=CARTESIAN_POINT('Ctrl Pts',(-58.9999591622445,-5.05308909958821,24.2389934273388));
#5534=CARTESIAN_POINT('Ctrl Pts',(-58.9999475026689,-5.09882346590575,24.2548294486293));
#5535=CARTESIAN_POINT('Ctrl Pts',(-58.9999328154694,-5.14560965477083,24.267707911903));
#5536=CARTESIAN_POINT('Ctrl Pts',(-58.9999188115726,-5.19317836197905,24.277424236314));
#5537=CARTESIAN_POINT('Ctrl Pts',(-58.9999167399984,-5.20021512541276,24.2788615567782));
#5538=CARTESIAN_POINT('Ctrl Pts',(-58.999914696904,-5.20726286980639,24.2802283208337));
#5539=CARTESIAN_POINT('Ctrl Pts',(-58.9999126913024,-5.21432065740385,24.2815241253999));
#5540=CARTESIAN_POINT('Ctrl Pts',(-58.9998993817187,-5.26115758583413,24.2901233507078));
#5541=CARTESIAN_POINT('Ctrl Pts',(-58.9998874969796,-5.30843552517105,24.2956018276305));
#5542=CARTESIAN_POINT('Ctrl Pts',(-58.9998762958203,-5.35585675795888,24.2980732987861));
#5543=CARTESIAN_POINT('Ctrl Pts',(-58.9998648755465,-5.40420563424017,24.3005931163048));
#5544=CARTESIAN_POINT('Ctrl Pts',(-58.9998543332426,-5.45270455892709,24.2999870881757));
#5545=CARTESIAN_POINT('Ctrl Pts',(-58.9998453126789,-5.50104484780493,24.2963221229603));
#5546=CARTESIAN_POINT('Ctrl Pts',(-58.9998373747583,-5.54358336130886,24.2930970248914));
#5547=CARTESIAN_POINT('Ctrl Pts',(-58.9998307133567,-5.58599963372203,24.2875023246386));
#5548=CARTESIAN_POINT('Ctrl Pts',(-58.999825062482,-5.62807717870132,24.2795508068963));
#5549=CARTESIAN_POINT('Ctrl Pts',(-58.9998186596532,-5.67575392407238,24.2705411917465));
#5550=CARTESIAN_POINT('Ctrl Pts',(-58.9998137603785,-5.7227127239661,24.2585602752382));
#5551=CARTESIAN_POINT('Ctrl Pts',(-58.9998084138914,-5.76865062800577,24.2436849782609));
#5552=CARTESIAN_POINT('Ctrl Pts',(-58.9998031654554,-5.81374606166365,24.2290824842637));
#5553=CARTESIAN_POINT('Ctrl Pts',(-58.9997976460802,-5.85785873183252,24.2116904468136));
#5554=CARTESIAN_POINT('Ctrl Pts',(-58.9997882454248,-5.90068920770218,24.1915343780875));
#5555=CARTESIAN_POINT('Ctrl Pts',(-58.9997804067028,-5.93640333368998,24.1747272713887));
#5556=CARTESIAN_POINT('Ctrl Pts',(-58.9997698849209,-5.97122602289723,24.1559974539511));
#5557=CARTESIAN_POINT('Ctrl Pts',(-58.9997524246682,-6.00496892399816,24.1353362324136));
#5558=CARTESIAN_POINT('Ctrl Pts',(-58.9997478783852,-6.01375486656153,24.1299564843839));
#5559=CARTESIAN_POINT('Ctrl Pts',(-58.9997428479191,-6.02246750962463,24.1244456814039));
#5560=CARTESIAN_POINT('Ctrl Pts',(-58.9997374542087,-6.0311048180735,24.1188059814778));
#5561=CARTESIAN_POINT('Ctrl Pts',(-58.999712610691,-6.07088840093394,24.092829432111));
#5562=CARTESIAN_POINT('Ctrl Pts',(-58.9996808882677,-6.10883294016921,24.0642806323148));
#5563=CARTESIAN_POINT('Ctrl Pts',(-58.9996529319306,-6.14478802855779,24.0334383333686));
#5564=CARTESIAN_POINT('Ctrl Pts',(-58.9996244137918,-6.18146565903328,24.0019762373355));
#5565=CARTESIAN_POINT('Ctrl Pts',(-58.9995999394178,-6.21607389061001,23.9681267306662));
#5566=CARTESIAN_POINT('Ctrl Pts',(-58.9995856910557,-6.24841965005103,23.9321428313943));
#5567=CARTESIAN_POINT('Ctrl Pts',(-58.9995714426935,-6.28076540949204,23.8961589321224));
#5568=CARTESIAN_POINT('Ctrl Pts',(-58.9995675364988,-6.31084945505448,23.8580396844204));
#5569=CARTESIAN_POINT('Ctrl Pts',(-58.9995732942006,-6.33843392320298,23.8180091745316));
#5570=CARTESIAN_POINT('Ctrl Pts',(-58.9995789977073,-6.36575874921257,23.7783554566532));
#5571=CARTESIAN_POINT('Ctrl Pts',(-58.9995944745258,-6.39045126729212,23.7370865461866));
#5572=CARTESIAN_POINT('Ctrl Pts',(-58.9996131594518,-6.41233630954563,23.6944600437172));
#5573=CARTESIAN_POINT('Ctrl Pts',(-58.9996315256505,-6.43384803698189,23.652560663672));
#5574=CARTESIAN_POINT('Ctrl Pts',(-58.9996530723508,-6.45264778699385,23.6093486519705));
#5575=CARTESIAN_POINT('Ctrl Pts',(-58.9996649499035,-6.46852667273649,23.5650442815183));
#5576=CARTESIAN_POINT('Ctrl Pts',(-58.9996706959908,-6.47620851306436,23.5436108443642));
#5577=CARTESIAN_POINT('Ctrl Pts',(-58.9996740719393,-6.4832060631539,23.5219214726076));
#5578=CARTESIAN_POINT('Ctrl Pts',(-58.9996729653813,-6.48949142981711,23.5));
#5579=CARTESIAN_POINT('',(-55.5,-4.89871705546019,23.5));
#5580=CARTESIAN_POINT('Ctrl Pts',(-55.4996886543853,-4.89886731585189,23.5000000000001));
#5581=CARTESIAN_POINT('Ctrl Pts',(-56.7148399186715,-4.6891142335141,23.5000000000001));
#5582=CARTESIAN_POINT('Ctrl Pts',(-57.8972429411022,-4.51683102210137,23.5000000000001));
#5583=CARTESIAN_POINT('Ctrl Pts',(-59.,-4.34850561015939,23.5000000000001));
#5584=CARTESIAN_POINT('Ctrl Pts',(-55.5,-7.04771172017161,23.5));
#5585=CARTESIAN_POINT('Ctrl Pts',(-55.5000001383819,-7.03472801664499,23.5450913176994));
#5586=CARTESIAN_POINT('Ctrl Pts',(-55.4999775150722,-7.01872307384992,23.5892003790379));
#5587=CARTESIAN_POINT('Ctrl Pts',(-55.499951037741,-6.99992692100184,23.6321174860461));
#5588=CARTESIAN_POINT('Ctrl Pts',(-55.4999239931086,-6.98072804330689,23.6759541315092));
#5589=CARTESIAN_POINT('Ctrl Pts',(-55.4998928420369,-6.95861654882443,23.7185481704744));
#5590=CARTESIAN_POINT('Ctrl Pts',(-55.4998693957406,-6.93378799045613,23.759657273769));
#5591=CARTESIAN_POINT('Ctrl Pts',(-55.4998602800991,-6.92413494195837,23.7756400046998));
#5592=CARTESIAN_POINT('Ctrl Pts',(-55.4998522483317,-6.91407071283603,23.7913980003281));
#5593=CARTESIAN_POINT('Ctrl Pts',(-55.4998457086596,-6.9036050978123,23.8069157745092));
#5594=CARTESIAN_POINT('Ctrl Pts',(-55.4998289223732,-6.87674154723583,23.8467474051016));
#5595=CARTESIAN_POINT('Ctrl Pts',(-55.4998216805459,-6.84741258516844,23.8847374164947));
#5596=CARTESIAN_POINT('Ctrl Pts',(-55.4998255507858,-6.81585268066935,23.9206732453356));
#5597=CARTESIAN_POINT('Ctrl Pts',(-55.4998294253139,-6.78425780783696,23.9566488910284));
#5598=CARTESIAN_POINT('Ctrl Pts',(-55.4998443174453,-6.75042633919977,23.990566702678));
#5599=CARTESIAN_POINT('Ctrl Pts',(-55.4998640255463,-6.71454982029135,24.022187309717));
#5600=CARTESIAN_POINT('Ctrl Pts',(-55.49988348654,-6.67912313441443,24.053411445918));
#5601=CARTESIAN_POINT('Ctrl Pts',(-55.4999075202371,-6.64170163871211,24.0823964182596));
#5602=CARTESIAN_POINT('Ctrl Pts',(-55.49992440246,-6.60243790691598,24.1088738142828));
#5603=CARTESIAN_POINT('Ctrl Pts',(-55.4999302313232,-6.58888146230972,24.1180155676538));
#5604=CARTESIAN_POINT('Ctrl Pts',(-55.4999350500524,-6.57513305646683,24.1268392021592));
#5605=CARTESIAN_POINT('Ctrl Pts',(-55.4999383595121,-6.56120081134815,24.1353362324136));
#5606=CARTESIAN_POINT('Ctrl Pts',(-55.499947938414,-6.52087531244505,24.1599300420462));
#5607=CARTESIAN_POINT('Ctrl Pts',(-55.4999453502333,-6.47901214943738,24.181790896289));
#5608=CARTESIAN_POINT('Ctrl Pts',(-55.4999390931727,-6.4359263792717,24.2009284528718));
#5609=CARTESIAN_POINT('Ctrl Pts',(-55.4999326806012,-6.39176976924852,24.2205416481233));
#5610=CARTESIAN_POINT('Ctrl Pts',(-55.4999222441287,-6.34632802674442,24.2372948705911));
#5611=CARTESIAN_POINT('Ctrl Pts',(-55.4999115723704,-6.29991354065298,24.251151220113));
#5612=CARTESIAN_POINT('Ctrl Pts',(-55.4999042158912,-6.26791813839216,24.2607029681589));
#5613=CARTESIAN_POINT('Ctrl Pts',(-55.49989663397,-6.23545992929356,24.268877159644));
#5614=CARTESIAN_POINT('Ctrl Pts',(-55.4998893048952,-6.20263800159983,24.2756476936871));
#5615=CARTESIAN_POINT('Ctrl Pts',(-55.499878638326,-6.15486971254931,24.2855013753543));
#5616=CARTESIAN_POINT('Ctrl Pts',(-55.4998683699886,-6.10660771495361,24.2923272129452));
#5617=CARTESIAN_POINT('Ctrl Pts',(-55.4998603961465,-6.05816961468482,24.2961052436824));
#5618=CARTESIAN_POINT('Ctrl Pts',(-55.499852413722,-6.00967938051338,24.2998873407122));
#5619=CARTESIAN_POINT('Ctrl Pts',(-55.499846528958,-5.96101152255118,24.3006152651212));
#5620=CARTESIAN_POINT('Ctrl Pts',(-55.4998422814863,-5.91247569243642,24.2982177733471));
#5621=CARTESIAN_POINT('Ctrl Pts',(-55.4998380340146,-5.86393986232167,24.295820281573));
#5622=CARTESIAN_POINT('Ctrl Pts',(-55.4998352220621,-5.81553491493194,24.2902976006564));
#5623=CARTESIAN_POINT('Ctrl Pts',(-55.4998340467664,-5.76757865595089,24.2815241253999));
#5624=CARTESIAN_POINT('Ctrl Pts',(-55.4998340222445,-5.76657807314478,24.2813410713277));
#5625=CARTESIAN_POINT('Ctrl Pts',(-55.499833998525,-5.76557768633567,24.281156600049));
#5626=CARTESIAN_POINT('Ctrl Pts',(-55.4998339755655,-5.76457749817727,24.2809707126782));
#5627=CARTESIAN_POINT('Ctrl Pts',(-55.4998328960474,-5.71755030819904,24.2722305965064));
#5628=CARTESIAN_POINT('Ctrl Pts',(-55.4998332653031,-5.67122989685649,24.2604142065314));
#5629=CARTESIAN_POINT('Ctrl Pts',(-55.4998316979625,-5.62587222315537,24.2457152413948));
#5630=CARTESIAN_POINT('Ctrl Pts',(-55.4998300742194,-5.57888229947496,24.2304873164686));
#5631=CARTESIAN_POINT('Ctrl Pts',(-55.4998261658208,-5.53292447500303,24.2121653332997));
#5632=CARTESIAN_POINT('Ctrl Pts',(-55.4998182931966,-5.48829855106042,24.1909089791594));
#5633=CARTESIAN_POINT('Ctrl Pts',(-55.4998104205724,-5.44367262711782,24.1696526250192));
#5634=CARTESIAN_POINT('Ctrl Pts',(-55.4997983754121,-5.40037743283722,24.1454612950372));
#5635=CARTESIAN_POINT('Ctrl Pts',(-55.4997856576962,-5.35874540688447,24.1184472237071));
#5636=CARTESIAN_POINT('Ctrl Pts',(-55.4997733158077,-5.31834366888374,24.0922314581459));
#5637=CARTESIAN_POINT('Ctrl Pts',(-55.4997603646013,-5.27975712391242,24.0635184080279));
#5638=CARTESIAN_POINT('Ctrl Pts',(-55.4997542195622,-5.24325711868664,24.0324617655103));
#5639=CARTESIAN_POINT('Ctrl Pts',(-55.4997529184574,-5.23552887968775,24.0258860635509));
#5640=CARTESIAN_POINT('Ctrl Pts',(-55.4997519389639,-5.22789427933168,24.019205139489));
#5641=CARTESIAN_POINT('Ctrl Pts',(-55.4997513809444,-5.22035606686629,24.0124202078241));
#5642=CARTESIAN_POINT('Ctrl Pts',(-55.4997487461147,-5.18476249710634,23.9803834431883));
#5643=CARTESIAN_POINT('Ctrl Pts',(-55.4997549439965,-5.15131468617926,23.9460304033203));
#5644=CARTESIAN_POINT('Ctrl Pts',(-55.4997588825291,-5.12017752505035,23.9096050974619));
#5645=CARTESIAN_POINT('Ctrl Pts',(-55.4997620535297,-5.09510830071984,23.8802782696213));
#5646=CARTESIAN_POINT('Ctrl Pts',(-55.4997638570819,-5.07153744681521,23.849607233763));
#5647=CARTESIAN_POINT('Ctrl Pts',(-55.4997622480218,-5.04957226265967,23.8177075582357));
#5648=CARTESIAN_POINT('Ctrl Pts',(-55.4997602553787,-5.02237080739103,23.77820333233));
#5649=CARTESIAN_POINT('Ctrl Pts',(-55.4997525078244,-4.99781038772752,23.7370768302019));
#5650=CARTESIAN_POINT('Ctrl Pts',(-55.4997403274568,-4.97603257700053,23.6945907093038));
#5651=CARTESIAN_POINT('Ctrl Pts',(-55.49972827678,-4.95448664600255,23.6525569603325));
#5652=CARTESIAN_POINT('Ctrl Pts',(-55.4997117991937,-4.93566389155689,23.60919142764));
#5653=CARTESIAN_POINT('Ctrl Pts',(-55.4997000842783,-4.91974467540174,23.5647243238922));
#5654=CARTESIAN_POINT('Ctrl Pts',(-55.4996944650765,-4.91210882967951,23.5433951365362));
#5655=CARTESIAN_POINT('Ctrl Pts',(-55.4996900672102,-4.90514170569042,23.521812235202));
#5656=CARTESIAN_POINT('Ctrl Pts',(-55.4996886543856,-4.8988673158518,23.5));
#5657=CARTESIAN_POINT('Ctrl Pts',(-63.724125259396,-3.57581154339375,23.5));
#5658=CARTESIAN_POINT('Ctrl Pts',(-64.2005608733935,-3.51317932849046,23.5));
#5659=CARTESIAN_POINT('Ctrl Pts',(-65.3256495933024,-3.3968147684214,23.5));
#5660=CARTESIAN_POINT('Ctrl Pts',(-66.6942625185289,-3.30385327259406,23.5));
#5661=CARTESIAN_POINT('Ctrl Pts',(-67.5,-3.23638436783896,23.5));
#5662=CARTESIAN_POINT('Ctrl Pts',(-63.7313566460291,-3.63081981886212,23.6957205411737));
#5663=CARTESIAN_POINT('Ctrl Pts',(-64.2068467983253,-3.56831189433242,23.6957205411737));
#5664=CARTESIAN_POINT('Ctrl Pts',(-65.3296924016723,-3.45215942353225,23.6957205411737));
#5665=CARTESIAN_POINT('Ctrl Pts',(-66.698340016664,-3.3591875681255,23.6957205411737));
#5666=CARTESIAN_POINT('Ctrl Pts',(-67.5046295789796,-3.29167243455424,23.6957205411737));
#5667=CARTESIAN_POINT('Ctrl Pts',(-63.7603299561596,-3.85121625259632,24.0547657156998));
#5668=CARTESIAN_POINT('Ctrl Pts',(-64.2320168654604,-3.78920830230368,24.0547657156998));
#5669=CARTESIAN_POINT('Ctrl Pts',(-65.3458540917595,-3.67390739088635,24.0547657156998));
#5670=CARTESIAN_POINT('Ctrl Pts',(-66.7146680939408,-3.58089097632166,24.0547657156998));
#5671=CARTESIAN_POINT('Ctrl Pts',(-67.5231784734525,-3.51318988130845,24.0547657156998));
#5672=CARTESIAN_POINT('Ctrl Pts',(-63.8425236765615,-4.47645385128061,24.3708509185039));
#5673=CARTESIAN_POINT('Ctrl Pts',(-64.3034132938199,-4.41586531275255,24.3708509185039));
#5674=CARTESIAN_POINT('Ctrl Pts',(-65.391683780261,-4.30298111696181,24.3708509185039));
#5675=CARTESIAN_POINT('Ctrl Pts',(-66.760984195173,-4.20983669010542,24.3708509185039));
#5676=CARTESIAN_POINT('Ctrl Pts',(-67.5757994076572,-4.14160765617278,24.3708509185039));
#5677=CARTESIAN_POINT('Ctrl Pts',(-63.9447450103078,-5.25403906014251,24.2246860859854));
#5678=CARTESIAN_POINT('Ctrl Pts',(-64.392225170346,-5.19521332855347,24.2246860859854));
#5679=CARTESIAN_POINT('Ctrl Pts',(-65.4487253275168,-5.08533248561043,24.2246860859854));
#5680=CARTESIAN_POINT('Ctrl Pts',(-66.8185967853995,-4.99203263017528,24.2246860859854));
#5681=CARTESIAN_POINT('Ctrl Pts',(-67.6412421452663,-4.92314793421857,24.2246860859854));
#5682=CARTESIAN_POINT('Ctrl Pts',(-63.9903581511559,-5.60101265511817,23.7609607215649));
#5683=CARTESIAN_POINT('Ctrl Pts',(-64.4318195114725,-5.54297815480268,23.7609607215649));
#5684=CARTESIAN_POINT('Ctrl Pts',(-65.474094068013,-5.43444165603924,23.7609607215649));
#5685=CARTESIAN_POINT('Ctrl Pts',(-66.8442840625103,-5.34106534587714,23.7609607215649));
#5686=CARTESIAN_POINT('Ctrl Pts',(-67.6704439635037,-5.27188635773968,23.7609607215649));
#5687=CARTESIAN_POINT('Ctrl Pts',(-64.,-5.67435702240933,23.5));
#5688=CARTESIAN_POINT('Ctrl Pts',(-64.4402240094915,-5.61648518420496,23.5));
#5689=CARTESIAN_POINT('Ctrl Pts',(-65.4795401349786,-5.5082287050277,23.5));
#5690=CARTESIAN_POINT('Ctrl Pts',(-66.8497343116274,-5.41484326904301,23.5));
#5691=CARTESIAN_POINT('Ctrl Pts',(-67.6766167354765,-5.34560378002671,23.5));
#5692=CARTESIAN_POINT('',(-67.5,-5.36021075672722,23.5));
#5693=CARTESIAN_POINT('',(-64.,-5.67435702240933,23.5));
#5694=CARTESIAN_POINT('Ctrl Pts',(-67.5002469396563,-5.36019524208915,23.5));
#5695=CARTESIAN_POINT('Ctrl Pts',(-66.7385109412259,-5.42248594208939,23.5));
#5696=CARTESIAN_POINT('Ctrl Pts',(-66.018591135054,-5.47236194417355,23.5));
#5697=CARTESIAN_POINT('Ctrl Pts',(-65.3918399223673,-5.52642533243532,23.5));
#5698=CARTESIAN_POINT('Ctrl Pts',(-64.8856452061288,-5.57008955027184,23.5));
#5699=CARTESIAN_POINT('Ctrl Pts',(-64.4402240094915,-5.61648518420495,23.5));
#5700=CARTESIAN_POINT('Ctrl Pts',(-64.,-5.67435702240932,23.5));
#5701=CARTESIAN_POINT('',(-67.5,-3.23638436783896,23.5));
#5702=CARTESIAN_POINT('Ctrl Pts',(-67.5,-3.23638436783896,23.5));
#5703=CARTESIAN_POINT('Ctrl Pts',(-67.4999999066826,-3.24934073730863,23.5455463491925));
#5704=CARTESIAN_POINT('Ctrl Pts',(-67.5000056646015,-3.26528962278847,23.5901191961312));
#5705=CARTESIAN_POINT('Ctrl Pts',(-67.5000109451571,-3.28403570328676,23.6334897121057));
#5706=CARTESIAN_POINT('Ctrl Pts',(-67.5000162744097,-3.3029546592308,23.6772601888763));
#5707=CARTESIAN_POINT('Ctrl Pts',(-67.5000211586677,-3.32472316320201,23.7198070274301));
#5708=CARTESIAN_POINT('Ctrl Pts',(-67.5000229158318,-3.34918847436645,23.760874537657));
#5709=CARTESIAN_POINT('Ctrl Pts',(-67.5000236999337,-3.36010566689405,23.779200154395));
#5710=CARTESIAN_POINT('Ctrl Pts',(-67.5000239081031,-3.37156044128106,23.7972308442487));
#5711=CARTESIAN_POINT('Ctrl Pts',(-67.5000235111457,-3.38354185031904,23.8149417969359));
#5712=CARTESIAN_POINT('Ctrl Pts',(-67.5000226202968,-3.41043043920718,23.85468858499));
#5713=CARTESIAN_POINT('Ctrl Pts',(-67.5000188075804,-3.43979689563232,23.8925733583596));
#5714=CARTESIAN_POINT('Ctrl Pts',(-67.500014639748,-3.47145202776123,23.9283626796883));
#5715=CARTESIAN_POINT('Ctrl Pts',(-67.5000112055769,-3.49753492400346,23.9578520260286));
#5716=CARTESIAN_POINT('Ctrl Pts',(-67.5000076212524,-3.52517277081212,23.9859186704439));
#5717=CARTESIAN_POINT('Ctrl Pts',(-67.5000071540906,-3.5542817265141,24.0124172024889));
#5718=CARTESIAN_POINT('Ctrl Pts',(-67.5000065875946,-3.58958021363302,24.044550203124));
#5719=CARTESIAN_POINT('Ctrl Pts',(-67.5000105820375,-3.62704175854278,24.0743789158451));
#5720=CARTESIAN_POINT('Ctrl Pts',(-67.5000149333852,-3.66639594069543,24.101745366948));
#5721=CARTESIAN_POINT('Ctrl Pts',(-67.500015640727,-3.67279323612521,24.1061939734999));
#5722=CARTESIAN_POINT('Ctrl Pts',(-67.5000163622177,-3.67924059772985,24.1105774174997));
#5723=CARTESIAN_POINT('Ctrl Pts',(-67.5000170847971,-3.6857369202896,24.1148949027861));
#5724=CARTESIAN_POINT('Ctrl Pts',(-67.5000215211618,-3.72562188487483,24.1414026302213));
#5725=CARTESIAN_POINT('Ctrl Pts',(-67.5000261465827,-3.7671009127669,24.165262044413));
#5726=CARTESIAN_POINT('Ctrl Pts',(-67.5000290925693,-3.80987405253981,24.1863615317227));
#5727=CARTESIAN_POINT('Ctrl Pts',(-67.5000320459792,-3.85275497148214,24.2075141852302));
#5728=CARTESIAN_POINT('Ctrl Pts',(-67.5000333954954,-3.89693755608663,24.2258935422504));
#5729=CARTESIAN_POINT('Ctrl Pts',(-67.5000338238702,-3.94214760514724,24.2413434325021));
#5730=CARTESIAN_POINT('Ctrl Pts',(-67.5000342522451,-3.98735765420786,24.2567933227537));
#5731=CARTESIAN_POINT('Ctrl Pts',(-67.5000338436633,-4.0335961915494,24.269314319709));
#5732=CARTESIAN_POINT('Ctrl Pts',(-67.5000345807025,-4.08060164103081,24.2786981546593));
#5733=CARTESIAN_POINT('Ctrl Pts',(-67.5000346572622,-4.0854843175894,24.2796728976188));
#5734=CARTESIAN_POINT('Ctrl Pts',(-67.5000347504689,-4.09037214528802,24.2806131155234));
#5735=CARTESIAN_POINT('Ctrl Pts',(-67.5000348617839,-4.09526480719447,24.2815186709452));
#5736=CARTESIAN_POINT('Ctrl Pts',(-67.500035918598,-4.14171528406878,24.2901159298577));
#5737=CARTESIAN_POINT('Ctrl Pts',(-67.5000384737342,-4.18860014756392,24.2955932049332));
#5738=CARTESIAN_POINT('Ctrl Pts',(-67.5000419280282,-4.23562410106364,24.2980653183479));
#5739=CARTESIAN_POINT('Ctrl Pts',(-67.50004545147,-4.28358937525355,24.300586918276));
#5740=CARTESIAN_POINT('Ctrl Pts',(-67.5000500015677,-4.33170046470716,24.2999817968078));
#5741=CARTESIAN_POINT('Ctrl Pts',(-67.5000558308016,-4.37965123728149,24.2963181115416));
#5742=CARTESIAN_POINT('Ctrl Pts',(-67.5000610940038,-4.42294588080464,24.2930101784455));
#5743=CARTESIAN_POINT('Ctrl Pts',(-67.5000674616183,-4.46611052680083,24.2872080544548));
#5744=CARTESIAN_POINT('Ctrl Pts',(-67.5000747681661,-4.50891323978318,24.2789260120818));
#5745=CARTESIAN_POINT('Ctrl Pts',(-67.5000828496934,-4.55625588391851,24.2697655230039));
#5746=CARTESIAN_POINT('Ctrl Pts',(-67.5000921875887,-4.60286095283914,24.2576289817922));
#5747=CARTESIAN_POINT('Ctrl Pts',(-67.5001013159345,-4.6484274486618,24.2425988161912));
#5748=CARTESIAN_POINT('Ctrl Pts',(-67.5001103056925,-4.69330214810111,24.2277968404919));
#5749=CARTESIAN_POINT('Ctrl Pts',(-67.5001191818043,-4.73717063026877,24.210188101419));
#5750=CARTESIAN_POINT('Ctrl Pts',(-67.50012575168,-4.77973359760875,24.1898033704911));
#5751=CARTESIAN_POINT('Ctrl Pts',(-67.5001310262856,-4.81390515153217,24.1734375488474));
#5752=CARTESIAN_POINT('Ctrl Pts',(-67.5001348176871,-4.8472352140585,24.1552814842028));
#5753=CARTESIAN_POINT('Ctrl Pts',(-67.5001350306775,-4.87955636278859,24.1353301689746));
#5754=CARTESIAN_POINT('Ctrl Pts',(-67.5001350882192,-4.88828826878922,24.1299401065539));
#5755=CARTESIAN_POINT('Ctrl Pts',(-67.5001348780645,-4.89694645400253,24.1244189107124));
#5756=CARTESIAN_POINT('Ctrl Pts',(-67.5001344682927,-4.90552893676017,24.1187688112144));
#5757=CARTESIAN_POINT('Ctrl Pts',(-67.5001325862333,-4.9449478080258,24.0928182149777));
#5758=CARTESIAN_POINT('Ctrl Pts',(-67.5001268295552,-4.9825281216302,24.0643126020172));
#5759=CARTESIAN_POINT('Ctrl Pts',(-67.5001226860297,-5.01812671375312,24.0335366852833));
#5760=CARTESIAN_POINT('Ctrl Pts',(-67.5001184638907,-5.05440070455725,24.002176868672));
#5761=CARTESIAN_POINT('Ctrl Pts',(-67.5001159824221,-5.08861785231635,23.9684589862755));
#5762=CARTESIAN_POINT('Ctrl Pts',(-67.5001184349461,-5.12059508734306,23.9326402960286));
#5763=CARTESIAN_POINT('Ctrl Pts',(-67.5001208874701,-5.15257232236977,23.8968216057818));
#5764=CARTESIAN_POINT('Ctrl Pts',(-67.500128335657,-5.18231038258465,23.8589011718404));
#5765=CARTESIAN_POINT('Ctrl Pts',(-67.5001404355247,-5.20958351881143,23.8191059858309));
#5766=CARTESIAN_POINT('Ctrl Pts',(-67.5001525036533,-5.23678511519104,23.779415186112));
#5767=CARTESIAN_POINT('Ctrl Pts',(-67.500169196682,-5.26136011878579,23.7381140226653));
#5768=CARTESIAN_POINT('Ctrl Pts',(-67.500186842415,-5.28313858165826,23.6954650909294));
#5769=CARTESIAN_POINT('Ctrl Pts',(-67.5002042451396,-5.30461712221995,23.6534034993667));
#5770=CARTESIAN_POINT('Ctrl Pts',(-67.5002226218788,-5.32337618526544,23.6100300419189));
#5771=CARTESIAN_POINT('Ctrl Pts',(-67.5002348434145,-5.33921045691673,23.5655705917758));
#5772=CARTESIAN_POINT('Ctrl Pts',(-67.5002407833457,-5.34690625611398,23.5439623354406));
#5773=CARTESIAN_POINT('Ctrl Pts',(-67.5002452103205,-5.35391047666988,23.522097244285));
#5774=CARTESIAN_POINT('Ctrl Pts',(-67.5002469396561,-5.36019524208917,23.5));
#5775=CARTESIAN_POINT('',(-64.,-3.54094865120655,23.5));
#5776=CARTESIAN_POINT('Ctrl Pts',(-63.999749488829,-3.541052248195,23.5000000000009));
#5777=CARTESIAN_POINT('Ctrl Pts',(-64.3875621407758,-3.49416802804694,23.5000000000009));
#5778=CARTESIAN_POINT('Ctrl Pts',(-64.7840130751844,-3.45454992803943,23.5000000000009));
#5779=CARTESIAN_POINT('Ctrl Pts',(-65.209651568986,-3.41773679900654,23.5000000000009));
#5780=CARTESIAN_POINT('Ctrl Pts',(-65.912197989828,-3.35697412735281,23.5000000000009));
#5781=CARTESIAN_POINT('Ctrl Pts',(-66.6942625185289,-3.30385327259432,23.5000000000009));
#5782=CARTESIAN_POINT('Ctrl Pts',(-67.5,-3.23638436783922,23.5000000000009));
#5783=CARTESIAN_POINT('Ctrl Pts',(-64.,-5.67435702240933,23.5));
#5784=CARTESIAN_POINT('Ctrl Pts',(-64.0000005216958,-5.66142579274806,23.5452277160351));
#5785=CARTESIAN_POINT('Ctrl Pts',(-63.9999840029276,-5.64547112249665,23.5894783871876));
#5786=CARTESIAN_POINT('Ctrl Pts',(-63.9999643253359,-5.62672107726663,23.6325384802655));
#5787=CARTESIAN_POINT('Ctrl Pts',(-63.9999442738598,-5.60761477150917,23.676416737315));
#5788=CARTESIAN_POINT('Ctrl Pts',(-63.9999208853207,-5.58560531202482,23.7190597180561));
#5789=CARTESIAN_POINT('Ctrl Pts',(-63.9999034870919,-5.56088470450021,23.7602215810455));
#5790=CARTESIAN_POINT('Ctrl Pts',(-63.9998961365563,-5.55044055485513,23.7776119569213));
#5791=CARTESIAN_POINT('Ctrl Pts',(-63.9998897956817,-5.53951193006312,23.7947376331013));
#5792=CARTESIAN_POINT('Ctrl Pts',(-63.9998849277209,-5.52811110494783,23.8115783673072));
#5793=CARTESIAN_POINT('Ctrl Pts',(-63.9998734219198,-5.50116437505835,23.8513827420958));
#5794=CARTESIAN_POINT('Ctrl Pts',(-63.9998694563134,-5.47175643966132,23.8893408269681));
#5795=CARTESIAN_POINT('Ctrl Pts',(-63.9998738168679,-5.44011582825981,23.9252329004315));
#5796=CARTESIAN_POINT('Ctrl Pts',(-63.999878158385,-5.40861335295442,23.960968276831));
#5797=CARTESIAN_POINT('Ctrl Pts',(-63.9998906723953,-5.37489691363619,23.9946565174496));
#5798=CARTESIAN_POINT('Ctrl Pts',(-63.9999066236212,-5.33914992510574,24.0260530500535));
#5799=CARTESIAN_POINT('Ctrl Pts',(-63.9999224969857,-5.30357742547094,24.0572963292919));
#5800=CARTESIAN_POINT('Ctrl Pts',(-63.9999416970724,-5.26599346148622,24.0862710800474));
#5801=CARTESIAN_POINT('Ctrl Pts',(-63.9999552668722,-5.2265476049705,24.1126958658787));
#5802=CARTESIAN_POINT('Ctrl Pts',(-63.9999592631395,-5.21493091278019,24.1204778899064));
#5803=CARTESIAN_POINT('Ctrl Pts',(-63.9999626361803,-5.20317339723231,24.1280244946902));
#5804=CARTESIAN_POINT('Ctrl Pts',(-63.9999651722762,-5.19128007797666,24.1353301689746));
#5805=CARTESIAN_POINT('Ctrl Pts',(-63.999973735833,-5.1511202733853,24.1599990141778));
#5806=CARTESIAN_POINT('Ctrl Pts',(-63.99997317533,-5.10941456124407,24.1819241024948));
#5807=CARTESIAN_POINT('Ctrl Pts',(-63.999970263849,-5.06647768367891,24.201111126812));
#5808=CARTESIAN_POINT('Ctrl Pts',(-63.9999672870108,-5.02257695614698,24.2207288627646));
#5809=CARTESIAN_POINT('Ctrl Pts',(-63.9999617360979,-4.97738814550123,24.2374845890714));
#5810=CARTESIAN_POINT('Ctrl Pts',(-63.9999561239089,-4.93122189959208,24.2513368211497));
#5811=CARTESIAN_POINT('Ctrl Pts',(-63.9999520640724,-4.89782540915663,24.2613574742698));
#5812=CARTESIAN_POINT('Ctrl Pts',(-63.9999478660047,-4.86391682580442,24.2698577389954));
#5813=CARTESIAN_POINT('Ctrl Pts',(-63.9999435335965,-4.82961036056518,24.2768052858434));
#5814=CARTESIAN_POINT('Ctrl Pts',(-63.9999375391927,-4.78214327085696,24.2864180462133));
#5815=CARTESIAN_POINT('Ctrl Pts',(-63.999930934492,-4.73420159885468,24.293002270999));
#5816=CARTESIAN_POINT('Ctrl Pts',(-63.9999261038904,-4.6861000686253,24.2965367057614));
#5817=CARTESIAN_POINT('Ctrl Pts',(-63.9999213338773,-4.63860185890927,24.3000268093562));
#5818=CARTESIAN_POINT('Ctrl Pts',(-63.9999181481236,-4.5909466612855,24.3005432255527));
#5819=CARTESIAN_POINT('Ctrl Pts',(-63.9999161511415,-4.54342933941495,24.2980165982007));
#5820=CARTESIAN_POINT('Ctrl Pts',(-63.99991417953,-4.49651570174781,24.2955220704066));
#5821=CARTESIAN_POINT('Ctrl Pts',(-63.9999132347856,-4.44973544533726,24.2900614259564));
#5822=CARTESIAN_POINT('Ctrl Pts',(-63.9999123393299,-4.40337999531849,24.2815186709452));
#5823=CARTESIAN_POINT('Ctrl Pts',(-63.9999123016367,-4.40142871482482,24.2811590732882));
#5824=CARTESIAN_POINT('Ctrl Pts',(-63.9999122641149,-4.3994781895177,24.2807940069662));
#5825=CARTESIAN_POINT('Ctrl Pts',(-63.9999122264071,-4.39752843935895,24.2804234804468));
#5826=CARTESIAN_POINT('Ctrl Pts',(-63.9999113242863,-4.35088264225353,24.2715590088785));
#5827=CARTESIAN_POINT('Ctrl Pts',(-63.9999103844295,-4.30495798452071,24.2596266663433));
#5828=CARTESIAN_POINT('Ctrl Pts',(-63.9999079276066,-4.26000698733056,24.2448243941767));
#5829=CARTESIAN_POINT('Ctrl Pts',(-63.9999054039145,-4.21383252428504,24.2296192371864));
#5830=CARTESIAN_POINT('Ctrl Pts',(-63.9999011373665,-4.1686843321206,24.2113854492893));
#5831=CARTESIAN_POINT('Ctrl Pts',(-63.9998940412656,-4.12484973135307,24.1902833165513));
#5832=CARTESIAN_POINT('Ctrl Pts',(-63.9998869451648,-4.08101513058553,24.1691811838133));
#5833=CARTESIAN_POINT('Ctrl Pts',(-63.9998768717981,-4.03849300627128,24.1452101280573));
#5834=CARTESIAN_POINT('Ctrl Pts',(-63.9998654356149,-3.99760089140313,24.1184842878392));
#5835=CARTESIAN_POINT('Ctrl Pts',(-63.9998541861973,-3.95737659066594,24.0921949105876));
#5836=CARTESIAN_POINT('Ctrl Pts',(-63.9998421213072,-3.91898157148845,24.0634044903248));
#5837=CARTESIAN_POINT('Ctrl Pts',(-63.9998348435569,-3.88268358874348,24.0322746260679));
#5838=CARTESIAN_POINT('Ctrl Pts',(-63.9998333199988,-3.8750848004084,24.0257577556663));
#5839=CARTESIAN_POINT('Ctrl Pts',(-63.9998320165421,-3.86757800509295,24.0191382008895));
#5840=CARTESIAN_POINT('Ctrl Pts',(-63.9998310030772,-3.86016581796402,24.0124172024889));
#5841=CARTESIAN_POINT('Ctrl Pts',(-63.9998261603658,-3.82474763716646,23.9803017779383));
#5842=CARTESIAN_POINT('Ctrl Pts',(-63.9998275316191,-3.79148647618073,23.9458728270758));
#5843=CARTESIAN_POINT('Ctrl Pts',(-63.9998272208998,-3.76054037347919,23.9093818668812));
#5844=CARTESIAN_POINT('Ctrl Pts',(-63.9998269746792,-3.73601802666882,23.8804656576265));
#5845=CARTESIAN_POINT('Ctrl Pts',(-63.9998257452824,-3.71294995606132,23.8502537016867));
#5846=CARTESIAN_POINT('Ctrl Pts',(-63.9998221691351,-3.69143457818739,23.8188591919285));
#5847=CARTESIAN_POINT('Ctrl Pts',(-63.9998176679978,-3.66435413073,23.7793443213583));
#5848=CARTESIAN_POINT('Ctrl Pts',(-63.9998095704139,-3.63990747277512,23.7382128494277));
#5849=CARTESIAN_POINT('Ctrl Pts',(-63.9997982681656,-3.6182305887092,23.6957317519106));
#5850=CARTESIAN_POINT('Ctrl Pts',(-63.9997870519544,-3.59671871763189,23.653574037258));
#5851=CARTESIAN_POINT('Ctrl Pts',(-63.9997726097677,-3.57793409330211,23.610086203186));
#5852=CARTESIAN_POINT('Ctrl Pts',(-63.9997615403579,-3.56205263442693,23.5655034898194));
#5853=CARTESIAN_POINT('Ctrl Pts',(-63.9997561807765,-3.55436315744191,23.5439174534825));
#5854=CARTESIAN_POINT('Ctrl Pts',(-63.9997517116812,-3.54735496300547,23.5220744487712));
#5855=CARTESIAN_POINT('Ctrl Pts',(-63.9997494888258,-3.54105224819512,23.5));
#5856=CARTESIAN_POINT('Ctrl Pts',(-38.4509744111819,-8.79290023506851,23.5));
#5857=CARTESIAN_POINT('Ctrl Pts',(-39.6889309498159,-8.66166330863623,23.5));
#5858=CARTESIAN_POINT('Ctrl Pts',(-40.8743964363211,-8.5206116141651,23.5));
#5859=CARTESIAN_POINT('Ctrl Pts',(-42.,-8.36266061676577,23.5));
#5860=CARTESIAN_POINT('Ctrl Pts',(-38.4587729148689,-8.86646343784488,23.7609607215649));
#5861=CARTESIAN_POINT('Ctrl Pts',(-39.6973844426481,-8.73515707540287,23.7609607215649));
#5862=CARTESIAN_POINT('Ctrl Pts',(-40.8835188256809,-8.5940317050661,23.7609607215649));
#5863=CARTESIAN_POINT('Ctrl Pts',(-42.0102799250822,-8.43591827576998,23.7609607215649));
#5864=CARTESIAN_POINT('Ctrl Pts',(-38.4956591250446,-9.21441066819992,24.2247129282766));
#5865=CARTESIAN_POINT('Ctrl Pts',(-39.7374566922271,-9.08276655075139,24.2247129282766));
#5866=CARTESIAN_POINT('Ctrl Pts',(-40.926511374341,-8.94132385273568,24.2247129282766));
#5867=CARTESIAN_POINT('Ctrl Pts',(-42.0589030318205,-8.78242031198909,24.2247129282766));
#5868=CARTESIAN_POINT('Ctrl Pts',(-38.5783436465202,-9.99437288452996,24.3708673770797));
#5869=CARTESIAN_POINT('Ctrl Pts',(-39.8272394826362,-9.86197627297622,24.3708673770797));
#5870=CARTESIAN_POINT('Ctrl Pts',(-41.022960965637,-9.71980681855589,24.3708673770797));
#5871=CARTESIAN_POINT('Ctrl Pts',(-42.1678971055992,-9.55914296575633,24.3708673770797));
#5872=CARTESIAN_POINT('Ctrl Pts',(-38.6448242514689,-10.6214837276901,24.0547763473891));
#5873=CARTESIAN_POINT('Ctrl Pts',(-39.8994356121891,-10.4884812080462,24.0547763473891));
#5874=CARTESIAN_POINT('Ctrl Pts',(-41.1004943518969,-10.3457303681563,24.0547763473891));
#5875=CARTESIAN_POINT('Ctrl Pts',(-42.2555313064306,-10.1836491124739,24.0547763473891));
#5876=CARTESIAN_POINT('Ctrl Pts',(-38.6682580691502,-10.8425346819624,23.6957205411737));
#5877=CARTESIAN_POINT('Ctrl Pts',(-39.9248826688223,-10.7093187369809,23.6957205411737));
#5878=CARTESIAN_POINT('Ctrl Pts',(-41.1278267071648,-10.5663624568944,23.6957205411737));
#5879=CARTESIAN_POINT('Ctrl Pts',(-42.2864215771571,-10.4037819345843,23.6957205411737));
#5880=CARTESIAN_POINT('Ctrl Pts',(-38.6741069469154,-10.8977070840447,23.5));
#5881=CARTESIAN_POINT('Ctrl Pts',(-39.9312320248181,-10.7644380828995,23.5));
#5882=CARTESIAN_POINT('Ctrl Pts',(-41.1346521761201,-10.621429815614,23.5));
#5883=CARTESIAN_POINT('Ctrl Pts',(-42.2941315209687,-10.4587251788374,23.5));
#5884=CARTESIAN_POINT('',(-40.902619474975,-8.50883924878147,23.5000000431929));
#5885=CARTESIAN_POINT('',(-42.,-8.36266061676577,23.5));
#5886=CARTESIAN_POINT('Ctrl Pts',(-40.9027593270268,-8.50914525353446,23.5000000464056));
#5887=CARTESIAN_POINT('Ctrl Pts',(-41.2744593894186,-8.46188878228426,23.5000000464056));
#5888=CARTESIAN_POINT('Ctrl Pts',(-41.6402864694071,-8.41313764768561,23.5000000464056));
#5889=CARTESIAN_POINT('Ctrl Pts',(-42.000000001828,-8.3626606297929,23.5000000464056));
#5890=CARTESIAN_POINT('',(-40.9081305808597,-10.4204375128249,23.9113179447381));
#5891=CARTESIAN_POINT('Ctrl Pts',(-40.9026194744396,-8.50883923743055,23.5000000464242));
#5892=CARTESIAN_POINT('Ctrl Pts',(-40.903324579105,-8.52378714504262,23.5526250815695));
#5893=CARTESIAN_POINT('Ctrl Pts',(-40.9040152469397,-8.54270356139883,23.6041726330995));
#5894=CARTESIAN_POINT('Ctrl Pts',(-40.9064336779183,-8.62488234838651,23.7846706804077));
#5895=CARTESIAN_POINT('Ctrl Pts',(-40.9080079567071,-8.7093445170117,23.9021659696261));
#5896=CARTESIAN_POINT('Ctrl Pts',(-40.9106467288721,-8.91948027389467,24.0991090402727));
#5897=CARTESIAN_POINT('Ctrl Pts',(-40.9116808709114,-9.04343944231798,24.1762915766219));
#5898=CARTESIAN_POINT('Ctrl Pts',(-40.912368069976,-9.17868195154943,24.2275802387217));
#5899=CARTESIAN_POINT('Ctrl Pts',(-40.9127590753879,-9.2556328028288,24.2567626772315));
#5900=CARTESIAN_POINT('Ctrl Pts',(-40.9130344965564,-9.33559367001314,24.2773185522691));
#5901=CARTESIAN_POINT('Ctrl Pts',(-40.9133448619688,-9.49861924920511,24.3004824760584));
#5902=CARTESIAN_POINT('Ctrl Pts',(-40.9133787135923,-9.58120663669767,24.3030089703097));
#5903=CARTESIAN_POINT('Ctrl Pts',(-40.9131356106675,-9.80798749854255,24.2848651392036));
#5904=CARTESIAN_POINT('Ctrl Pts',(-40.9126042964263,-9.94909429395024,24.2452108410695));
#5905=CARTESIAN_POINT('Ctrl Pts',(-40.91085381266,-10.2071369979954,24.1145646061925));
#5906=CARTESIAN_POINT('Ctrl Pts',(-40.9096556134867,-10.3218721205385,24.0251377782193));
#5907=CARTESIAN_POINT('Ctrl Pts',(-40.9081745600642,-10.4176195486828,23.9146003045095));
#5908=CARTESIAN_POINT('Ctrl Pts',(-40.9081525965764,-10.4190310424461,23.9129610736536));
#5909=CARTESIAN_POINT('Ctrl Pts',(-40.9081305808597,-10.4204375128249,23.9113179447381));
#5910=CARTESIAN_POINT('Ctrl Pts',(-40.9078497532541,-10.4207226654704,23.9111636227075));
#5911=CARTESIAN_POINT('Ctrl Pts',(-40.8680843066224,-10.4087094544609,23.931085456202));
#5912=CARTESIAN_POINT('Ctrl Pts',(-40.8277339704468,-10.3967904947025,23.9495311602699));
#5913=CARTESIAN_POINT('Ctrl Pts',(-40.7867123485614,-10.3850949347068,23.9666879066315));
#5914=CARTESIAN_POINT('Ctrl Pts',(-40.7610794161055,-10.3777868009562,23.9774085388356));
#5915=CARTESIAN_POINT('Ctrl Pts',(-40.7351842052021,-10.3705647626819,23.9876257433013));
#5916=CARTESIAN_POINT('Ctrl Pts',(-40.7090041231085,-10.3634504841949,23.9973830680224));
#5917=CARTESIAN_POINT('',(-42.,-10.4994044956696,23.5));
#5918=CARTESIAN_POINT('Ctrl Pts',(-41.9999663339912,-10.4994578935612,23.5));
#5919=CARTESIAN_POINT('Ctrl Pts',(-40.931380636523,-10.6454710027706,23.5));
#5920=CARTESIAN_POINT('Ctrl Pts',(-39.8252598939005,-10.7756722872638,23.5));
#5921=CARTESIAN_POINT('Ctrl Pts',(-38.6741069469154,-10.8977070840447,23.5));
#5922=CARTESIAN_POINT('Ctrl Pts',(-42.,-8.36266061676577,23.5));
#5923=CARTESIAN_POINT('Ctrl Pts',(-41.9999998183765,-8.37560103334207,23.5452064919713));
#5924=CARTESIAN_POINT('Ctrl Pts',(-42.000017608093,-8.39156397962729,23.5894353822568));
#5925=CARTESIAN_POINT('Ctrl Pts',(-42.000038321642,-8.41032149071273,23.6324736017069));
#5926=CARTESIAN_POINT('Ctrl Pts',(-42.000059437296,-8.42944313497056,23.6763473074489));
#5927=CARTESIAN_POINT('Ctrl Pts',(-42.000083660216,-8.45146943381,23.7189846398635));
#5928=CARTESIAN_POINT('Ctrl Pts',(-42.0001014795372,-8.47620819170516,23.7601401664207));
#5929=CARTESIAN_POINT('Ctrl Pts',(-42.0001088931023,-8.48650052502584,23.7772625457702));
#5930=CARTESIAN_POINT('Ctrl Pts',(-42.0001152679139,-8.49726289110376,23.7941281221862));
#5931=CARTESIAN_POINT('Ctrl Pts',(-42.0001201932184,-8.50848354797498,23.8107176144153));
#5932=CARTESIAN_POINT('Ctrl Pts',(-42.00013201286,-8.53541064251769,23.8505287262599));
#5933=CARTESIAN_POINT('Ctrl Pts',(-42.0001357280879,-8.56479964622028,23.8884942403725));
#5934=CARTESIAN_POINT('Ctrl Pts',(-42.0001303787121,-8.59642139172793,23.9243957548851));
#5935=CARTESIAN_POINT('Ctrl Pts',(-42.0001250469769,-8.62793885909607,23.9601788779844));
#5936=CARTESIAN_POINT('Ctrl Pts',(-42.0001108060366,-8.66167510027733,23.9939124734653));
#5937=CARTESIAN_POINT('Ctrl Pts',(-42.0000926572777,-8.69744566392536,24.0253528921203));
#5938=CARTESIAN_POINT('Ctrl Pts',(-42.0000746261966,-8.73298428883406,24.0565894489873));
#5939=CARTESIAN_POINT('Ctrl Pts',(-42.0000528296392,-8.7705316360281,24.0855633184139));
#5940=CARTESIAN_POINT('Ctrl Pts',(-42.0000366578194,-8.80993813823334,24.1119956337315));
#5941=CARTESIAN_POINT('Ctrl Pts',(-42.0000317410042,-8.82191913305776,24.1200320088294));
#5942=CARTESIAN_POINT('Ctrl Pts',(-42.000027450703,-8.83405003001797,24.1278182696904));
#5943=CARTESIAN_POINT('Ctrl Pts',(-42.0000240661083,-8.84632530847508,24.1353484127447));
#5944=CARTESIAN_POINT('Ctrl Pts',(-42.0000129855404,-8.88651241117565,24.1600007767078));
#5945=CARTESIAN_POINT('Ctrl Pts',(-42.0000112216808,-8.92824447037348,24.1819113739836));
#5946=CARTESIAN_POINT('Ctrl Pts',(-42.0000119778589,-8.97120660601812,24.2010870364734));
#5947=CARTESIAN_POINT('Ctrl Pts',(-42.0000127515054,-9.01516120273309,24.2207056727175));
#5948=CARTESIAN_POINT('Ctrl Pts',(-42.0000162986625,-9.06040438149522,24.23746192225));
#5949=CARTESIAN_POINT('Ctrl Pts',(-42.0000195761401,-9.10662503697756,24.2513155754647));
#5950=CARTESIAN_POINT('Ctrl Pts',(-42.0000219254576,-9.1397563068008,24.2612459651986));
#5951=CARTESIAN_POINT('Ctrl Pts',(-42.000024231688,-9.17339041135076,24.2696839804598));
#5952=CARTESIAN_POINT('Ctrl Pts',(-42.0000260564013,-9.2074161753639,24.276598715326));
#5953=CARTESIAN_POINT('Ctrl Pts',(-42.0000286059846,-9.25495872070421,24.2862603380823));
#5954=CARTESIAN_POINT('Ctrl Pts',(-42.0000304837247,-9.30298050444875,24.2928922223436));
#5955=CARTESIAN_POINT('Ctrl Pts',(-42.0000301815421,-9.35116572202637,24.2964737660226));
#5956=CARTESIAN_POINT('Ctrl Pts',(-42.0000298831006,-9.39875438404703,24.3000109685138));
#5957=CARTESIAN_POINT('Ctrl Pts',(-42.0000276152437,-9.44650357341179,24.3005729706192));
#5958=CARTESIAN_POINT('Ctrl Pts',(-42.0000237952572,-9.49411746448042,24.2980910172479));
#5959=CARTESIAN_POINT('Ctrl Pts',(-42.0000199960269,-9.54147264121783,24.2956225497921));
#5960=CARTESIAN_POINT('Ctrl Pts',(-42.0000148081091,-9.5886950356778,24.290143278094));
#5961=CARTESIAN_POINT('Ctrl Pts',(-42.0000082578254,-9.63548594614879,24.2815350113423));
#5962=CARTESIAN_POINT('Ctrl Pts',(-42.0000080107285,-9.63725104329619,24.2812102810274));
#5963=CARTESIAN_POINT('Ctrl Pts',(-42.0000077614914,-9.63901552439892,24.2808810918567));
#5964=CARTESIAN_POINT('Ctrl Pts',(-42.0000075103163,-9.64077937474154,24.2805474500801));
#5965=CARTESIAN_POINT('Ctrl Pts',(-42.0000008547683,-9.6875172627176,24.2717067272594));
#5966=CARTESIAN_POINT('Ctrl Pts',(-41.9999931362536,-9.73353730410378,24.2597963046328));
#5967=CARTESIAN_POINT('Ctrl Pts',(-41.9999868924485,-9.77858602495385,24.2450133696665));
#5968=CARTESIAN_POINT('Ctrl Pts',(-41.9999804660222,-9.82495234835621,24.2297980576542));
#5969=CARTESIAN_POINT('Ctrl Pts',(-41.9999757584257,-9.87029082709913,24.2115394090736));
#5970=CARTESIAN_POINT('Ctrl Pts',(-41.9999741412669,-9.91431119921872,24.1903978210457));
#5971=CARTESIAN_POINT('Ctrl Pts',(-41.999972524108,-9.95833157133831,24.1692562330178));
#5972=CARTESIAN_POINT('Ctrl Pts',(-41.9999741565296,-10.0010349636872,24.1452311213909));
#5973=CARTESIAN_POINT('Ctrl Pts',(-41.999976651842,-10.0421004470118,24.1184364195826));
#5974=CARTESIAN_POINT('Ctrl Pts',(-41.9999790989213,-10.0823721546084,24.0921596462682));
#5975=CARTESIAN_POINT('Ctrl Pts',(-41.9999823794128,-10.1208178059146,24.0633826868439));
#5976=CARTESIAN_POINT('Ctrl Pts',(-41.9999804817699,-10.1571685830891,24.0322652896477));
#5977=CARTESIAN_POINT('Ctrl Pts',(-41.9999800847155,-10.1647744600137,24.0257544221592));
#5978=CARTESIAN_POINT('Ctrl Pts',(-41.9999794488436,-10.1722885330922,24.0191409346162));
#5979=CARTESIAN_POINT('Ctrl Pts',(-41.9999784976271,-10.1797081794977,24.0124260502888));
#5980=CARTESIAN_POINT('Ctrl Pts',(-41.9999739503138,-10.2151779767913,23.9803253849844));
#5981=CARTESIAN_POINT('Ctrl Pts',(-41.9999626369129,-10.24849296954,23.9459101437092));
#5982=CARTESIAN_POINT('Ctrl Pts',(-41.9999535016809,-10.2794932809406,23.9094302659621));
#5983=CARTESIAN_POINT('Ctrl Pts',(-41.9999462284195,-10.304175015273,23.8803858270404));
#5984=CARTESIAN_POINT('Ctrl Pts',(-41.9999402572434,-10.3273889062072,23.850031678245));
#5985=CARTESIAN_POINT('Ctrl Pts',(-41.9999372868707,-10.3490340747534,23.8184819937967));
#5986=CARTESIAN_POINT('Ctrl Pts',(-41.9999335663121,-10.376145864212,23.7789642418134));
#5987=CARTESIAN_POINT('Ctrl Pts',(-41.9999348980036,-10.4006214768193,23.7378287274465));
#5988=CARTESIAN_POINT('Ctrl Pts',(-41.9999402918302,-10.4223234469639,23.6953414268781));
#5989=CARTESIAN_POINT('Ctrl Pts',(-41.9999456408507,-10.4438451403972,23.6532070652716));
#5990=CARTESIAN_POINT('Ctrl Pts',(-41.9999550576706,-10.4626395936064,23.6097423180424));
#5991=CARTESIAN_POINT('Ctrl Pts',(-41.9999612818005,-10.4785296002617,23.5651812726074));
#5992=CARTESIAN_POINT('Ctrl Pts',(-41.9999642821102,-10.4861892959483,23.5437008506723));
#5993=CARTESIAN_POINT('Ctrl Pts',(-41.9999664398095,-10.4931734018266,23.5219653966357));
#5994=CARTESIAN_POINT('Ctrl Pts',(-41.9999663339913,-10.4994578935612,23.5));
#5995=CARTESIAN_POINT('Origin',(-40.9003451864632,-9.48646156267124,23.3302600197696));
#5996=CARTESIAN_POINT('',(-40.9026194738176,-8.39963905336789,23.5));
#5997=CARTESIAN_POINT('',(-40.9026194738176,-4.74333821831779,23.5));
#5998=CARTESIAN_POINT('Origin',(-40.9003451864632,-9.48646156267124,23.3302600197696));
#5999=CARTESIAN_POINT('Origin',(-40.7003631364407,-9.48646156267124,23.3329395101694));
#6000=CARTESIAN_POINT('Origin',(-28.231910464525,-9.48646156267124,23.5));
#6001=CARTESIAN_POINT('Ctrl Pts',(-72.2090484445425,-2.6258653737873,23.5));
#6002=CARTESIAN_POINT('Ctrl Pts',(-72.6797060155974,-2.56054793612248,23.5));
#6003=CARTESIAN_POINT('Ctrl Pts',(-73.8221203650412,-2.43248798995369,23.5));
#6004=CARTESIAN_POINT('Ctrl Pts',(-75.1496883423106,-2.28831248918427,23.5));
#6005=CARTESIAN_POINT('Ctrl Pts',(-76.,-2.14820011506387,23.5));
#6006=CARTESIAN_POINT('Ctrl Pts',(-72.2166750332777,-2.68082025043083,23.6957205411737));
#6007=CARTESIAN_POINT('Ctrl Pts',(-72.6865489739808,-2.61561156428685,23.6957205411737));
#6008=CARTESIAN_POINT('Ctrl Pts',(-73.8272226102691,-2.48773466086588,23.6957205411737));
#6009=CARTESIAN_POINT('Ctrl Pts',(-75.1569775031432,-2.34334112095525,23.6957205411737));
#6010=CARTESIAN_POINT('Ctrl Pts',(-76.0090204814864,-2.20294346385069,23.6957205411737));
#6011=CARTESIAN_POINT('Ctrl Pts',(-72.2472318403348,-2.90100329959615,24.0547621372042));
#6012=CARTESIAN_POINT('Ctrl Pts',(-72.7139535257514,-2.83623208062757,24.0547621372042));
#6013=CARTESIAN_POINT('Ctrl Pts',(-73.8476174989067,-2.70909262331041,24.0547621372042));
#6014=CARTESIAN_POINT('Ctrl Pts',(-75.1861546390938,-2.56382424738393,24.0547621372042));
#6015=CARTESIAN_POINT('Ctrl Pts',(-76.0451620805567,-2.42227900227051,24.0547621372042));
#6016=CARTESIAN_POINT('Ctrl Pts',(-72.3339171947267,-3.52563157349536,24.3708456853964));
#6017=CARTESIAN_POINT('Ctrl Pts',(-72.7916897225523,-3.46210231063041,24.3708456853964));
#6018=CARTESIAN_POINT('Ctrl Pts',(-73.9054495567984,-3.33705703871987,24.3708456853964));
#6019=CARTESIAN_POINT('Ctrl Pts',(-75.2689113606688,-3.18930622047264,24.3708456853964));
#6020=CARTESIAN_POINT('Ctrl Pts',(-76.1476907026681,-3.04450300764821,24.3708456853964));
#6021=CARTESIAN_POINT('Ctrl Pts',(-72.4417226837427,-4.30244510783834,24.2246775497763));
#6022=CARTESIAN_POINT('Ctrl Pts',(-72.8883810039133,-4.24045826479269,24.2246775497763));
#6023=CARTESIAN_POINT('Ctrl Pts',(-73.9774303550473,-4.11801244238217,24.2246775497763));
#6024=CARTESIAN_POINT('Ctrl Pts',(-75.3718649190882,-3.96717586781759,24.2246775497763));
#6025=CARTESIAN_POINT('Ctrl Pts',(-76.2751995341471,-3.81832649430084,24.2246775497763));
#6026=CARTESIAN_POINT('Ctrl Pts',(-72.4898312150197,-4.64910053841542,23.7609607215649));
#6027=CARTESIAN_POINT('Ctrl Pts',(-72.9315009522193,-4.58780600646235,23.7609607215649));
#6028=CARTESIAN_POINT('Ctrl Pts',(-74.0094420831883,-4.46652953400199,23.7609607215649));
#6029=CARTESIAN_POINT('Ctrl Pts',(-75.4177445576391,-4.31431308903018,23.7609607215649));
#6030=CARTESIAN_POINT('Ctrl Pts',(-76.3321007426414,-4.16364760689334,23.7609607215649));
#6031=CARTESIAN_POINT('Ctrl Pts',(-72.5,-4.72237370727345,23.5));
#6032=CARTESIAN_POINT('Ctrl Pts',(-72.9406441793574,-4.66122150132245,23.5));
#6033=CARTESIAN_POINT('Ctrl Pts',(-74.0163185895185,-4.5401828412811,23.5));
#6034=CARTESIAN_POINT('Ctrl Pts',(-75.4275060409911,-4.38767757815995,23.5));
#6035=CARTESIAN_POINT('Ctrl Pts',(-76.3441280512898,-4.2366387386091,23.5));
#6036=CARTESIAN_POINT('',(-76.,-4.29126516554664,23.5));
#6037=CARTESIAN_POINT('',(-72.5,-4.72237370727345,23.5));
#6038=CARTESIAN_POINT('Ctrl Pts',(-76.0001546702362,-4.29121387327503,23.5000000000005));
#6039=CARTESIAN_POINT('Ctrl Pts',(-75.2244060724523,-4.40965158553896,23.5000000000005));
#6040=CARTESIAN_POINT('Ctrl Pts',(-74.5325958463881,-4.4845881624022,23.5000000000005));
#6041=CARTESIAN_POINT('Ctrl Pts',(-73.9242756609609,-4.5516944982722,23.5000000000005));
#6042=CARTESIAN_POINT('Ctrl Pts',(-73.4016474979978,-4.60934778987601,23.5000000000005));
#6043=CARTESIAN_POINT('Ctrl Pts',(-72.9406441793574,-4.6612215013223,23.5000000000005));
#6044=CARTESIAN_POINT('Ctrl Pts',(-72.5,-4.7223737072733,23.5000000000005));
#6045=CARTESIAN_POINT('',(-76.,-2.14820011506387,23.5));
#6046=CARTESIAN_POINT('Ctrl Pts',(-76.,-2.14820011506387,23.5));
#6047=CARTESIAN_POINT('Ctrl Pts',(-75.9999995803901,-2.16124118882647,23.5453922295646));
#6048=CARTESIAN_POINT('Ctrl Pts',(-76.0000104773336,-2.17727795283774,23.5898015481712));
#6049=CARTESIAN_POINT('Ctrl Pts',(-76.0000205398615,-2.19611052607556,23.6330044191014));
#6050=CARTESIAN_POINT('Ctrl Pts',(-76.0000307298307,-2.21518161272757,23.6767544518092));
#6051=CARTESIAN_POINT('Ctrl Pts',(-76.0000401330921,-2.23712026987238,23.7192682600695));
#6052=CARTESIAN_POINT('Ctrl Pts',(-76.0000431344398,-2.2617675552906,23.760294581688));
#6053=CARTESIAN_POINT('Ctrl Pts',(-76.0000443276957,-2.27156665927583,23.7766055540669));
#6054=CARTESIAN_POINT('Ctrl Pts',(-76.0000445802445,-2.28179439476103,23.7926811161319));
#6055=CARTESIAN_POINT('Ctrl Pts',(-76.0000438031486,-2.29244260227897,23.80850411701));
#6056=CARTESIAN_POINT('Ctrl Pts',(-76.000041843338,-2.31929703665709,23.8484092125886));
#6057=CARTESIAN_POINT('Ctrl Pts',(-76.0000340951094,-2.34864757519863,23.8864498716873));
#6058=CARTESIAN_POINT('Ctrl Pts',(-76.0000247053933,-2.38029390957732,23.9224003611826));
#6059=CARTESIAN_POINT('Ctrl Pts',(-76.0000164296801,-2.40818569950569,23.9540856580901));
#6060=CARTESIAN_POINT('Ctrl Pts',(-76.0000070413791,-2.43786189291716,23.9841475428543));
#6061=CARTESIAN_POINT('Ctrl Pts',(-76.000003983204,-2.46921378182887,24.0124142704254));
#6062=CARTESIAN_POINT('Ctrl Pts',(-76.0000005144417,-2.50477493886777,24.0444760559518));
#6063=CARTESIAN_POINT('Ctrl Pts',(-76.0000051563542,-2.5424920121472,24.0742296273955));
#6064=CARTESIAN_POINT('Ctrl Pts',(-76.0000101299916,-2.58209011072157,24.1015250907178));
#6065=CARTESIAN_POINT('Ctrl Pts',(-76.0000106323318,-2.58608954149989,24.104281948245));
#6066=CARTESIAN_POINT('Ctrl Pts',(-76.0000111421887,-2.59010818314409,24.1070136928203));
#6067=CARTESIAN_POINT('Ctrl Pts',(-76.0000116541612,-2.59414576631141,24.1097201440562));
#6068=CARTESIAN_POINT('Ctrl Pts',(-76.0000167177621,-2.6340789835828,24.1364879654873));
#6069=CARTESIAN_POINT('Ctrl Pts',(-76.0000225661223,-2.67562031167994,24.160622869099));
#6070=CARTESIAN_POINT('Ctrl Pts',(-76.0000243666767,-2.71846567140778,24.1820208810457));
#6071=CARTESIAN_POINT('Ctrl Pts',(-76.0000261924328,-2.76191071911458,24.2037183917156));
#6072=CARTESIAN_POINT('Ctrl Pts',(-76.0000240073528,-2.80669754457122,24.2226025091387));
#6073=CARTESIAN_POINT('Ctrl Pts',(-76.0000189596164,-2.85253974144781,24.2385209144605));
#6074=CARTESIAN_POINT('Ctrl Pts',(-76.0000139118801,-2.89838193832439,24.2544393197823));
#6075=CARTESIAN_POINT('Ctrl Pts',(-76.0000061665575,-2.94528056508385,24.2673926041817));
#6076=CARTESIAN_POINT('Ctrl Pts',(-76.0000006115424,-2.99296411245068,24.2771756498508));
#6077=CARTESIAN_POINT('Ctrl Pts',(-75.9999997458515,-3.00039509373126,24.2787002350222));
#6078=CARTESIAN_POINT('Ctrl Pts',(-75.9999989531104,-3.00783836184864,24.2801463208017));
#6079=CARTESIAN_POINT('Ctrl Pts',(-75.9999982381389,-3.01529281519056,24.2815134299579));
#6080=CARTESIAN_POINT('Ctrl Pts',(-75.9999937403167,-3.06218811865074,24.2901137921579));
#6081=CARTESIAN_POINT('Ctrl Pts',(-75.9999920023518,-3.10952483145625,24.2955928527493));
#6082=CARTESIAN_POINT('Ctrl Pts',(-75.9999912666622,-3.15700510971509,24.2980633314008));
#6083=CARTESIAN_POINT('Ctrl Pts',(-75.9999905168316,-3.20539802877762,24.3005812962866));
#6084=CARTESIAN_POINT('Ctrl Pts',(-75.9999909806466,-3.25394117925352,24.2999738623081));
#6085=CARTESIAN_POINT('Ctrl Pts',(-75.9999933571133,-3.30232570436297,24.296306789008));
#6086=CARTESIAN_POINT('Ctrl Pts',(-75.9999954371598,-3.34467515543932,24.2930971152339));
#6087=CARTESIAN_POINT('Ctrl Pts',(-75.9999990978672,-3.38690366328217,24.2875425854706));
#6088=CARTESIAN_POINT('Ctrl Pts',(-76.000004765888,-3.4287979022861,24.2796551195831));
#6089=CARTESIAN_POINT('Ctrl Pts',(-76.0000112190548,-3.47649541702445,24.2706750657771));
#6090=CARTESIAN_POINT('Ctrl Pts',(-76.0000201405928,-3.52347709918149,24.2587252200642));
#6091=CARTESIAN_POINT('Ctrl Pts',(-76.0000285567784,-3.56944055189458,24.2438813448376));
#6092=CARTESIAN_POINT('Ctrl Pts',(-76.0000368143453,-3.61453773781793,24.2293172300593));
#6093=CARTESIAN_POINT('Ctrl Pts',(-76.0000447573443,-3.65865573938428,24.2119667905635));
#6094=CARTESIAN_POINT('Ctrl Pts',(-76.000048524303,-3.70149582146561,24.1918544532615));
#6095=CARTESIAN_POINT('Ctrl Pts',(-76.0000516879652,-3.73747485874312,24.1749632033299));
#6096=CARTESIAN_POINT('Ctrl Pts',(-76.0000519398211,-3.7725526228664,24.1561230210206));
#6097=CARTESIAN_POINT('Ctrl Pts',(-76.0000450884582,-3.8065368935704,24.1353243673817));
#6098=CARTESIAN_POINT('Ctrl Pts',(-76.0000433360495,-3.8152292268837,24.130004587785));
#6099=CARTESIAN_POINT('Ctrl Pts',(-76.0000411065432,-3.82384992966296,24.1245565728399));
#6100=CARTESIAN_POINT('Ctrl Pts',(-76.000038528105,-3.83239702637356,24.1189823966038));
#6101=CARTESIAN_POINT('Ctrl Pts',(-76.0000265171046,-3.87221150865699,24.093016510349));
#6102=CARTESIAN_POINT('Ctrl Pts',(-76.0000072104088,-3.91018672584219,24.0644760618276));
#6103=CARTESIAN_POINT('Ctrl Pts',(-75.9999914076008,-3.94617197988569,24.0336391680736));
#6104=CARTESIAN_POINT('Ctrl Pts',(-75.9999752949661,-3.9828627539643,24.0021976920554));
#6105=CARTESIAN_POINT('Ctrl Pts',(-75.9999629559352,-4.01748558352013,23.9683680312487));
#6106=CARTESIAN_POINT('Ctrl Pts',(-75.9999605959858,-4.04984722029223,23.9324022875949));
#6107=CARTESIAN_POINT('Ctrl Pts',(-75.9999582360364,-4.08220885706433,23.8964365439412));
#6108=CARTESIAN_POINT('Ctrl Pts',(-75.9999659789972,-4.11231006056268,23.8583337626829));
#6109=CARTESIAN_POINT('Ctrl Pts',(-75.9999829424975,-4.13991268454578,23.8183172904979));
#6110=CARTESIAN_POINT('Ctrl Pts',(-75.9999997462303,-4.16725533835241,23.7786777060081));
#6111=CARTESIAN_POINT('Ctrl Pts',(-76.0000254096578,-4.1919659578841,23.7374214522401));
#6112=CARTESIAN_POINT('Ctrl Pts',(-76.0000539681495,-4.21386919612137,23.6948059091605));
#6113=CARTESIAN_POINT('Ctrl Pts',(-76.0000820300618,-4.23539157753708,23.6529313715938));
#6114=CARTESIAN_POINT('Ctrl Pts',(-76.0001129741729,-4.25420389125603,23.609743446131));
#6115=CARTESIAN_POINT('Ctrl Pts',(-76.0001338719876,-4.27009733198256,23.5654620612565));
#6116=CARTESIAN_POINT('Ctrl Pts',(-76.0001440511288,-4.27783888683824,23.5438929890845));
#6117=CARTESIAN_POINT('Ctrl Pts',(-76.0001517280943,-4.28488722123502,23.5220642045017));
#6118=CARTESIAN_POINT('Ctrl Pts',(-76.0001546702305,-4.29121387327605,23.5));
#6119=CARTESIAN_POINT('',(-72.5,-2.5867987781902,23.5));
#6120=CARTESIAN_POINT('Ctrl Pts',(-72.4999885764631,-2.58702813970977,23.5));
#6121=CARTESIAN_POINT('Ctrl Pts',(-72.8811598912393,-2.53800134620846,23.5));
#6122=CARTESIAN_POINT('Ctrl Pts',(-73.2762766736153,-2.49384889627844,23.5));
#6123=CARTESIAN_POINT('Ctrl Pts',(-73.6929261243131,-2.4478222681532,23.5));
#6124=CARTESIAN_POINT('Ctrl Pts',(-74.3910780695852,-2.37069848962394,23.5));
#6125=CARTESIAN_POINT('Ctrl Pts',(-75.1496883423106,-2.28831248918427,23.5));
#6126=CARTESIAN_POINT('Ctrl Pts',(-76.,-2.14820011506387,23.5));
#6127=CARTESIAN_POINT('Ctrl Pts',(-72.5,-4.72237370727345,23.5));
#6128=CARTESIAN_POINT('Ctrl Pts',(-72.5000004839639,-4.70943511025994,23.5452095594207));
#6129=CARTESIAN_POINT('Ctrl Pts',(-72.499983076087,-4.69347299792743,23.5894411392717));
#6130=CARTESIAN_POINT('Ctrl Pts',(-72.4999626007478,-4.67471585379185,23.6324817748125));
#6131=CARTESIAN_POINT('Ctrl Pts',(-72.4999417292103,-4.6555957584972,23.6763552476149));
#6132=CARTESIAN_POINT('Ctrl Pts',(-72.4999176096738,-4.63357087797559,23.7189922151093));
#6133=CARTESIAN_POINT('Ctrl Pts',(-72.4999001794577,-4.60883385582318,23.7601473489467));
#6134=CARTESIAN_POINT('Ctrl Pts',(-72.499892891441,-4.59849067773357,23.7773553570877));
#6135=CARTESIAN_POINT('Ctrl Pts',(-72.4998867098792,-4.58767280073831,23.7943039778931));
#6136=CARTESIAN_POINT('Ctrl Pts',(-72.4998821111072,-4.57639217245126,23.8109736409903));
#6137=CARTESIAN_POINT('Ctrl Pts',(-72.4998711296049,-4.54945492805171,23.850779472499));
#6138=CARTESIAN_POINT('Ctrl Pts',(-72.4998685325224,-4.52005611065792,23.8887395589324));
#6139=CARTESIAN_POINT('Ctrl Pts',(-72.4998753139899,-4.48842519372858,23.9246352432343));
#6140=CARTESIAN_POINT('Ctrl Pts',(-72.4998820711276,-4.45690775841874,23.9604021452945));
#6141=CARTESIAN_POINT('Ctrl Pts',(-72.499898054257,-4.42317347500106,23.9941203109308));
#6142=CARTESIAN_POINT('Ctrl Pts',(-72.4999183654123,-4.38740699786794,24.0255459325919));
#6143=CARTESIAN_POINT('Ctrl Pts',(-72.4999385562279,-4.35185243034098,24.0567853633938));
#6144=CARTESIAN_POINT('Ctrl Pts',(-72.4999629416419,-4.31428898405898,24.0857601875691));
#6145=CARTESIAN_POINT('Ctrl Pts',(-72.4999821391713,-4.27486677935865,24.1121908238971));
#6146=CARTESIAN_POINT('Ctrl Pts',(-72.4999879198537,-4.26299612450209,24.1201495102231));
#6147=CARTESIAN_POINT('Ctrl Pts',(-72.4999930845822,-4.2509784550987,24.1278626424584));
#6148=CARTESIAN_POINT('Ctrl Pts',(-72.4999973873087,-4.23881914353739,24.1353243673816));
#6149=CARTESIAN_POINT('Ctrl Pts',(-72.5000116057722,-4.19863840513402,24.159981817408));
#6150=CARTESIAN_POINT('Ctrl Pts',(-72.5000168461488,-4.15691345770404,24.1818972211701));
#6151=CARTESIAN_POINT('Ctrl Pts',(-72.500020070065,-4.11395901006783,24.2010768284983));
#6152=CARTESIAN_POINT('Ctrl Pts',(-72.5000233675096,-4.07002489405341,24.2206938679399));
#6153=CARTESIAN_POINT('Ctrl Pts',(-72.5000244312447,-4.02480353643884,24.2374492609961));
#6154=CARTESIAN_POINT('Ctrl Pts',(-72.5000257934554,-3.97860576686557,24.2513021673652));
#6155=CARTESIAN_POINT('Ctrl Pts',(-72.5000267729988,-3.94538570384183,24.261263566517));
#6156=CARTESIAN_POINT('Ctrl Pts',(-72.5000277969545,-3.91166016130123,24.2697231585565));
#6157=CARTESIAN_POINT('Ctrl Pts',(-72.5000288571479,-3.87754133648147,24.2766494842063));
#6158=CARTESIAN_POINT('Ctrl Pts',(-72.5000303333336,-3.83003517624695,24.2862935190726));
#6159=CARTESIAN_POINT('Ctrl Pts',(-72.5000314819576,-3.78205222737824,24.2929091764382));
#6160=CARTESIAN_POINT('Ctrl Pts',(-72.5000344852723,-3.73390750394007,24.296475363623));
#6161=CARTESIAN_POINT('Ctrl Pts',(-72.5000374510859,-3.68636394118171,24.2999970214937));
#6162=CARTESIAN_POINT('Ctrl Pts',(-72.500042070455,-3.63866150491941,24.3005449663331));
#6163=CARTESIAN_POINT('Ctrl Pts',(-72.5000477519427,-3.59109533393559,24.2980499979091));
#6164=CARTESIAN_POINT('Ctrl Pts',(-72.5000533904009,-3.54388941108718,24.2955739254295));
#6165=CARTESIAN_POINT('Ctrl Pts',(-72.5000599317896,-3.49681665939696,24.2901009997798));
#6166=CARTESIAN_POINT('Ctrl Pts',(-72.5000663315714,-3.45017331659304,24.2815134299579));
#6167=CARTESIAN_POINT('Ctrl Pts',(-72.5000665836952,-3.44833577035438,24.2811751167995));
#6168=CARTESIAN_POINT('Ctrl Pts',(-72.5000668357041,-3.44649889277669,24.2808319629509));
#6169=CARTESIAN_POINT('Ctrl Pts',(-72.5000670872895,-3.44466270050204,24.2804839754631));
#6170=CARTESIAN_POINT('Ctrl Pts',(-72.5000734852334,-3.39796740607384,24.2716344783698));
#6171=CARTESIAN_POINT('Ctrl Pts',(-72.5000796110358,-3.35199138650832,24.2597159194808));
#6172=CARTESIAN_POINT('Ctrl Pts',(-72.5000836496542,-3.3069876205699,24.2449256653065));
#6173=CARTESIAN_POINT('Ctrl Pts',(-72.5000878030605,-3.26070473248004,24.2297150342739));
#6174=CARTESIAN_POINT('Ctrl Pts',(-72.5000895957217,-3.21544903019951,24.2114668058695));
#6175=CARTESIAN_POINT('Ctrl Pts',(-72.5000878030287,-3.17150952183257,24.1903412016384));
#6176=CARTESIAN_POINT('Ctrl Pts',(-72.5000860103358,-3.12757001346564,24.1692155974072));
#6177=CARTESIAN_POINT('Ctrl Pts',(-72.5000804737803,-3.08494557653561,24.14521203549));
#6178=CARTESIAN_POINT('Ctrl Pts',(-72.500073064356,-3.04395576987553,24.1184444119358));
#6179=CARTESIAN_POINT('Ctrl Pts',(-72.5000657895751,-3.00371082620266,24.0921632071687));
#6180=CARTESIAN_POINT('Ctrl Pts',(-72.5000571466739,-2.96529324376306,24.0633815201308));
#6181=CARTESIAN_POINT('Ctrl Pts',(-72.500053108321,-2.92897127008134,24.0322598515668));
#6182=CARTESIAN_POINT('Ctrl Pts',(-72.5000522631975,-2.92137001442219,24.025746886127));
#6183=CARTESIAN_POINT('Ctrl Pts',(-72.5000516311093,-2.91386062825277,24.0191312823123));
#6184=CARTESIAN_POINT('Ctrl Pts',(-72.5000512870936,-2.90644572987143,24.0124142704254));
#6185=CARTESIAN_POINT('Ctrl Pts',(-72.500049642857,-2.87100592071414,23.9803100382247));
#6186=CARTESIAN_POINT('Ctrl Pts',(-72.5000541438078,-2.83772143109043,23.9458919373781));
#6187=CARTESIAN_POINT('Ctrl Pts',(-72.5000564442396,-2.8067512281704,23.909410406033));
#6188=CARTESIAN_POINT('Ctrl Pts',(-72.5000582721328,-2.78214270811513,23.8804226561603));
#6189=CARTESIAN_POINT('Ctrl Pts',(-72.5000587883649,-2.75899593051305,23.8501311783294));
#6190=CARTESIAN_POINT('Ctrl Pts',(-72.5000565726222,-2.73741065789997,23.8186496539309));
#6191=CARTESIAN_POINT('Ctrl Pts',(-72.5000537915077,-2.71031765952744,23.7791352635137));
#6192=CARTESIAN_POINT('Ctrl Pts',(-72.500046729272,-2.68585931192745,23.7380035943686));
#6193=CARTESIAN_POINT('Ctrl Pts',(-72.5000360009698,-2.66417237831002,23.6955209741591));
#6194=CARTESIAN_POINT('Ctrl Pts',(-72.5000253589066,-2.64265977430702,23.6533798489222));
#6195=CARTESIAN_POINT('Ctrl Pts',(-72.500011036839,-2.62387369285412,23.6099084410065));
#6196=CARTESIAN_POINT('Ctrl Pts',(-72.5000001660461,-2.60799067353928,23.5653412411002));
#6197=CARTESIAN_POINT('Ctrl Pts',(-72.4999949137949,-2.60031675239103,23.5438084851991));
#6198=CARTESIAN_POINT('Ctrl Pts',(-72.4999905717227,-2.59332120397823,23.5220196398099));
#6199=CARTESIAN_POINT('Ctrl Pts',(-72.4999885764631,-2.58702813970977,23.5));
#6200=CARTESIAN_POINT('Origin',(-34.5,-0.000235017911116575,23.1527413224608));
#6201=CARTESIAN_POINT('',(-34.5,-10.3153310229456,23.5));
#6202=CARTESIAN_POINT('',(-34.5,-0.000224945937729037,23.5));
#6203=CARTESIAN_POINT('Origin',(-34.5,-0.000235017911116141,23.1527413224608));
#6204=CARTESIAN_POINT('Origin',(-34.5,-0.000235017911116141,23.1527413224608));
#6205=CARTESIAN_POINT('Origin',(-34.5,-0.000235017911116141,23.1527413224608));
#6206=CARTESIAN_POINT('Ctrl Pts',(-34.5,9.0569513658119,28.820377100609));
#6207=CARTESIAN_POINT('Ctrl Pts',(-34.5,6.1225753781999,34.9784854878246));
#6208=CARTESIAN_POINT('Ctrl Pts',(-34.5,-0.000146335844250303,34.9785457840089));
#6209=CARTESIAN_POINT('Ctrl Pts',(-34.5,-6.12286804988841,34.9786060801933));
#6210=CARTESIAN_POINT('Ctrl Pts',(-34.5,-9.05733639675069,28.8205554889933));
#6211=CARTESIAN_POINT('Ctrl Pts',(-32.,9.0569513658119,28.820377100609));
#6212=CARTESIAN_POINT('Ctrl Pts',(-32.,6.1225753781999,34.9784854878246));
#6213=CARTESIAN_POINT('Ctrl Pts',(-32.,-0.000146335844250303,34.9785457840089));
#6214=CARTESIAN_POINT('Ctrl Pts',(-32.,-6.12286804988841,34.9786060801933));
#6215=CARTESIAN_POINT('Ctrl Pts',(-32.,-9.05733639675069,28.8205554889933));
#6216=CARTESIAN_POINT('Origin',(-32.,-0.000235017911116141,23.1527413224608));
#6217=CARTESIAN_POINT('Ctrl Pts',(-34.5,-9.73119256403946,27.0894986697166));
#6218=CARTESIAN_POINT('Ctrl Pts',(-34.5,-10.2679812587138,25.3470480133943));
#6219=CARTESIAN_POINT('Ctrl Pts',(-34.5,-10.3153310229456,23.5));
#6220=CARTESIAN_POINT('Ctrl Pts',(-32.,-9.73119256403946,27.0894986697166));
#6221=CARTESIAN_POINT('Ctrl Pts',(-32.,-10.2679812587138,25.3470480133943));
#6222=CARTESIAN_POINT('Ctrl Pts',(-32.,-10.3153310229456,23.5));
#6223=CARTESIAN_POINT('',(-32.,-10.3153310229456,23.5));
#6224=CARTESIAN_POINT('',(-33.,-10.3153310229456,23.5));
#6225=CARTESIAN_POINT('Origin',(-32.,-0.000235017911116141,23.1527413224608));
#6226=CARTESIAN_POINT('Origin',(-32.,-0.000214873964342719,22.547563802493));
#6227=CARTESIAN_POINT('',(-32.,-14.9779828546153,23.5));
#6228=CARTESIAN_POINT('',(-32.,-0.00021487396434211,23.5));
#6229=CARTESIAN_POINT('Origin',(-32.,-0.000214873964342719,22.547563802493));
#6230=CARTESIAN_POINT('Origin',(-32.,-0.000235017911116141,23.1527413224608));
#6231=CARTESIAN_POINT('Origin',(-76.,-15.0889976593011,40.));
#6232=CARTESIAN_POINT('',(-76.,-7.54460626663273,23.5));
#6233=CARTESIAN_POINT('',(-76.,-2.0002303594048,23.5));
#6234=CARTESIAN_POINT('',(-76.,-2.0002303594048,40.));
#6235=CARTESIAN_POINT('',(-76.,-7.54460626663273,23.5));
#6236=CARTESIAN_POINT('Origin',(-67.5,-15.0889976593011,40.));
#6237=CARTESIAN_POINT('',(-67.5,-7.54460626663273,23.5));
#6238=CARTESIAN_POINT('',(-67.5,-2.0002303594048,23.5));
#6239=CARTESIAN_POINT('',(-67.5,-2.0002303594048,40.));
#6240=CARTESIAN_POINT('',(-67.5,-7.54460626663273,23.5));
#6241=CARTESIAN_POINT('Origin',(-59.,-15.0889976593011,40.));
#6242=CARTESIAN_POINT('',(-59.,-7.54460626663273,23.5));
#6243=CARTESIAN_POINT('',(-59.,-2.0002303594048,23.5));
#6244=CARTESIAN_POINT('',(-59.,-2.0002303594048,40.));
#6245=CARTESIAN_POINT('',(-59.,-7.54460626663273,23.5));
#6246=CARTESIAN_POINT('Origin',(-50.5,-15.0889976593011,40.));
#6247=CARTESIAN_POINT('',(-50.5,-7.54460626663274,23.5));
#6248=CARTESIAN_POINT('',(-50.5,-2.00023035940481,23.5));
#6249=CARTESIAN_POINT('',(-50.5,-2.00023035940481,40.));
#6250=CARTESIAN_POINT('',(-50.5,-7.54460626663274,23.5));
#6251=CARTESIAN_POINT('Origin',(-63.8574065988597,-0.0002148739643415,23.5));
#6252=CARTESIAN_POINT('',(-47.,-2.00023035940481,23.5));
#6253=CARTESIAN_POINT('',(-57.1787032994298,-2.00023035940481,23.5));
#6254=CARTESIAN_POINT('',(-47.,-1.00022261668457,23.5));
#6255=CARTESIAN_POINT('Origin',(-63.8574065988597,-0.0002148739643415,23.5));
#6256=CARTESIAN_POINT('',(-55.5,-2.0002303594048,23.5));
#6257=CARTESIAN_POINT('',(-61.4287032994298,-2.0002303594048,23.5));
#6258=CARTESIAN_POINT('',(-55.5,-1.00022261668457,23.5));
#6259=CARTESIAN_POINT('Origin',(-63.8574065988597,-0.0002148739643415,23.5));
#6260=CARTESIAN_POINT('',(-64.,-2.0002303594048,23.5));
#6261=CARTESIAN_POINT('',(-65.6787032994298,-2.0002303594048,23.5));
#6262=CARTESIAN_POINT('',(-64.,-1.00022261668457,23.5));
#6263=CARTESIAN_POINT('Origin',(-63.8574065988597,-0.0002148739643415,23.5));
#6264=CARTESIAN_POINT('',(-72.5,-2.0002303594048,23.5));
#6265=CARTESIAN_POINT('',(-69.9287032994298,-2.0002303594048,23.5));
#6266=CARTESIAN_POINT('',(-72.5,-1.00022261668457,23.5));
#6267=CARTESIAN_POINT('Origin',(-63.8574065988597,-0.0002148739643415,23.5));
#6268=CARTESIAN_POINT('',(-42.,-2.00023035940481,23.5));
#6269=CARTESIAN_POINT('',(-42.,-7.54460626663274,23.5));
#6270=CARTESIAN_POINT('',(-38.5,-2.00023035940481,23.5));
#6271=CARTESIAN_POINT('',(-52.9287032994298,-2.00023035940481,23.5));
#6272=CARTESIAN_POINT('',(-38.5,-1.00022261668458,23.5));
#6273=CARTESIAN_POINT('Origin',(-63.8574065988597,-0.0002148739643415,23.5));
#6274=CARTESIAN_POINT('',(-92.,-1.97835642989682,23.5));
#6275=CARTESIAN_POINT('Ctrl Pts',(-98.6109646481696,-1.47589353646474,23.5));
#6276=CARTESIAN_POINT('Ctrl Pts',(-98.4473770896697,-1.50125424451531,23.5));
#6277=CARTESIAN_POINT('Ctrl Pts',(-98.2843025985481,-1.52474747070976,23.5000000000003));
#6278=CARTESIAN_POINT('Ctrl Pts',(-96.2241176769977,-1.8037826064673,23.5000000000003));
#6279=CARTESIAN_POINT('Ctrl Pts',(-93.8971311766568,-1.92081421107212,23.5));
#6280=CARTESIAN_POINT('Ctrl Pts',(-92.,-1.97835642989682,23.5));
#6281=CARTESIAN_POINT('Ctrl Pts',(-92.,-1.97835642989682,23.5));
#6282=CARTESIAN_POINT('Ctrl Pts',(-91.558235307913,-1.97835642989682,23.5));
#6283=CARTESIAN_POINT('Ctrl Pts',(-91.0433221502902,-2.07245488879301,23.4999999999999));
#6284=CARTESIAN_POINT('Ctrl Pts',(-89.0467317034138,-2.56985617158985,23.4999999999999));
#6285=CARTESIAN_POINT('Ctrl Pts',(-87.1396489871484,-3.37409024766946,23.5));
#6286=CARTESIAN_POINT('Ctrl Pts',(-84.2784169065642,-4.69812621361089,23.5));
#6287=CARTESIAN_POINT('Ctrl Pts',(-82.9546800304714,-5.36296536863347,23.4999999998914));
#6288=CARTESIAN_POINT('Ctrl Pts',(-81.2893219202374,-6.24034374914021,23.4999999998914));
#6289=CARTESIAN_POINT('Ctrl Pts',(-80.9199419707798,-6.43797189482847,23.4999999999999));
#6290=CARTESIAN_POINT('Ctrl Pts',(-80.3210315442308,-6.76293390745978,23.4999999999999));
#6291=CARTESIAN_POINT('Ctrl Pts',(-80.2129617327666,-6.82188170150679,23.5));
#6292=CARTESIAN_POINT('Ctrl Pts',(-80.1053054351921,-6.88016059673412,23.5));
#6293=CARTESIAN_POINT('Ctrl Pts',(-80.0612219024631,-6.90399287203805,23.5));
#6294=CARTESIAN_POINT('Ctrl Pts',(-80.027569323203,-6.92171736771666,23.5));
#6295=CARTESIAN_POINT('Ctrl Pts',(-80.0171309786264,-6.92717936449904,23.5));
#6296=CARTESIAN_POINT('Ctrl Pts',(-80.0078282895162,-6.93178418375242,23.5));
#6297=CARTESIAN_POINT('Ctrl Pts',(-80.005077249327,-6.93312541671154,23.5));
#6298=CARTESIAN_POINT('Ctrl Pts',(-80.0024188007283,-6.93429543949201,23.5));
#6299=CARTESIAN_POINT('Ctrl Pts',(-80.00165229306,-6.9346221795261,23.5));
#6300=CARTESIAN_POINT('Ctrl Pts',(-80.0005338962167,-6.93502444364264,23.5));
#6301=CARTESIAN_POINT('Ctrl Pts',(-80.0001867250394,-6.93511684080414,23.5));
#6302=CARTESIAN_POINT('Ctrl Pts',(-80.,-6.93511684080414,23.5));
#6303=CARTESIAN_POINT('',(-72.5,-1.00022261668457,23.5));
#6304=CARTESIAN_POINT('',(-64.,-1.00022261668457,23.5));
#6305=CARTESIAN_POINT('',(-55.5,-1.00022261668457,23.5));
#6306=CARTESIAN_POINT('',(-47.,-1.00022261668457,23.5));
#6307=CARTESIAN_POINT('',(-42.,-7.54460626663274,23.5));
#6308=CARTESIAN_POINT('',(-38.5,-1.00022261668458,23.5));
#6309=CARTESIAN_POINT('',(-33.,-14.9779828546153,23.5));
#6310=CARTESIAN_POINT('Origin',(-42.,-15.0889976593011,40.));
#6311=CARTESIAN_POINT('',(-42.,-2.00023035940481,40.));
#6312=CARTESIAN_POINT('Origin',(-40.9003451864632,9.48646156267124,23.3302600197696));
#6313=CARTESIAN_POINT('',(-40.902619474975,8.50883924878147,23.5000000431929));
#6314=CARTESIAN_POINT('',(-40.9026194738176,8.39963905336789,23.5));
#6315=CARTESIAN_POINT('',(-40.9026194738176,4.74312334435345,23.5));
#6316=CARTESIAN_POINT('',(-40.9081305808597,10.4204375128249,23.9113179447381));
#6317=CARTESIAN_POINT('Ctrl Pts',(-40.9026194744396,8.50883923743055,23.5000000464242));
#6318=CARTESIAN_POINT('Ctrl Pts',(-40.903324579105,8.52378714504262,23.5526250815695));
#6319=CARTESIAN_POINT('Ctrl Pts',(-40.9040152469397,8.54270356139883,23.6041726330995));
#6320=CARTESIAN_POINT('Ctrl Pts',(-40.9064336779183,8.62488234838651,23.7846706804077));
#6321=CARTESIAN_POINT('Ctrl Pts',(-40.9080079567071,8.7093445170117,23.9021659696261));
#6322=CARTESIAN_POINT('Ctrl Pts',(-40.9106467288721,8.91948027389467,24.0991090402727));
#6323=CARTESIAN_POINT('Ctrl Pts',(-40.9116808709114,9.04343944231798,24.1762915766219));
#6324=CARTESIAN_POINT('Ctrl Pts',(-40.912368069976,9.17868195154943,24.2275802387217));
#6325=CARTESIAN_POINT('Ctrl Pts',(-40.9127590753879,9.2556328028288,24.2567626772315));
#6326=CARTESIAN_POINT('Ctrl Pts',(-40.9130344965564,9.33559367001314,24.2773185522691));
#6327=CARTESIAN_POINT('Ctrl Pts',(-40.9133448619688,9.49861924920511,24.3004824760584));
#6328=CARTESIAN_POINT('Ctrl Pts',(-40.9133787135923,9.58120663669767,24.3030089703097));
#6329=CARTESIAN_POINT('Ctrl Pts',(-40.9131356106675,9.80798749854255,24.2848651392036));
#6330=CARTESIAN_POINT('Ctrl Pts',(-40.9126042964263,9.94909429395024,24.2452108410695));
#6331=CARTESIAN_POINT('Ctrl Pts',(-40.91085381266,10.2071369979954,24.1145646061925));
#6332=CARTESIAN_POINT('Ctrl Pts',(-40.9096556134867,10.3218721205385,24.0251377782193));
#6333=CARTESIAN_POINT('Ctrl Pts',(-40.9081745600642,10.4176195486828,23.9146003045095));
#6334=CARTESIAN_POINT('Ctrl Pts',(-40.9081525965764,10.4190310424461,23.9129610736536));
#6335=CARTESIAN_POINT('Ctrl Pts',(-40.9081305808597,10.4204375128249,23.9113179447381));
#6336=CARTESIAN_POINT('Origin',(-40.9003451864632,9.48646156267124,23.3302600197696));
#6337=CARTESIAN_POINT('Origin',(-40.7003631364407,9.48646156267124,23.3329395101694));
#6338=CARTESIAN_POINT('',(-40.7026015222289,8.39922387827715,23.5));
#6339=CARTESIAN_POINT('Origin',(-28.231910464525,9.48646156267124,23.5));
#6340=CARTESIAN_POINT('',(-40.7092668407893,10.3630064126155,23.9974617822454));
#6341=CARTESIAN_POINT('Ctrl Pts',(-40.9077497193401,10.4199435756497,23.9111974687171));
#6342=CARTESIAN_POINT('Ctrl Pts',(-40.8682432705357,10.4079903766646,23.931010652496));
#6343=CARTESIAN_POINT('Ctrl Pts',(-40.8281616166261,10.3961462692008,23.9493724269158));
#6344=CARTESIAN_POINT('Ctrl Pts',(-40.7874200757966,10.3845386458878,23.96646608488));
#6345=CARTESIAN_POINT('Ctrl Pts',(-40.7615250567204,10.3771609272008,23.9773306862194));
#6346=CARTESIAN_POINT('Ctrl Pts',(-40.7353632835996,10.3698775848142,23.9876828460957));
#6347=CARTESIAN_POINT('Ctrl Pts',(-40.7089114194402,10.362710899203,23.997567396728));
#6348=CARTESIAN_POINT('Origin',(-40.7003631364407,9.48646156267124,23.3329395101694));
#6349=CARTESIAN_POINT('Ctrl Pts',(-37.6971232226976,8.41280987414854,23.9853347724986));
#6350=CARTESIAN_POINT('Ctrl Pts',(-37.8831013052435,8.41280987414853,23.8460446003082));
#6351=CARTESIAN_POINT('Ctrl Pts',(-38.3858567342314,8.41280987414853,23.5086376669471));
#6352=CARTESIAN_POINT('Ctrl Pts',(-39.0834016046636,8.41280987414851,23.2713522030668));
#6353=CARTESIAN_POINT('Ctrl Pts',(-39.9352264066633,8.41280987414852,23.1306884687314));
#6354=CARTESIAN_POINT('Ctrl Pts',(-40.3978201346245,8.41280987414854,23.0976558996662));
#6355=CARTESIAN_POINT('Ctrl Pts',(-40.6971569145087,8.41280987414854,23.0936451895655));
#6356=CARTESIAN_POINT('Ctrl Pts',(-37.8068516770871,8.37200972056077,24.1318425068718));
#6357=CARTESIAN_POINT('Ctrl Pts',(-37.9871000781925,8.37200972056076,23.9968436377399));
#6358=CARTESIAN_POINT('Ctrl Pts',(-38.4688585002025,8.37200972056077,23.6744616546472));
#6359=CARTESIAN_POINT('Ctrl Pts',(-39.1258099887604,8.37200972056074,23.4505839465547));
#6360=CARTESIAN_POINT('Ctrl Pts',(-39.9554624916067,8.37200972056075,23.3126492591341));
#6361=CARTESIAN_POINT('Ctrl Pts',(-40.4076396922191,8.37200972056077,23.280584061104));
#6362=CARTESIAN_POINT('Ctrl Pts',(-40.6996092283437,8.37200972056077,23.2766720621572));
#6363=CARTESIAN_POINT('Ctrl Pts',(-38.0390523175616,8.38594289123002,24.4418732089829));
#6364=CARTESIAN_POINT('Ctrl Pts',(-38.2071720828968,8.38594289123001,24.31595820469));
#6365=CARTESIAN_POINT('Ctrl Pts',(-38.6444972154347,8.38594289123002,24.0253764929349));
#6366=CARTESIAN_POINT('Ctrl Pts',(-39.2155396152913,8.38594289122999,23.8298738673329));
#6367=CARTESIAN_POINT('Ctrl Pts',(-39.9982684667265,8.38594289123001,23.6977123420036));
#6368=CARTESIAN_POINT('Ctrl Pts',(-40.4284241695525,8.38594289123002,23.6676853762024));
#6369=CARTESIAN_POINT('Ctrl Pts',(-40.7047986648146,8.38594289123002,23.6639823298205));
#6370=CARTESIAN_POINT('Ctrl Pts',(-38.336381867069,8.68897234628837,24.8388630226362));
#6371=CARTESIAN_POINT('Ctrl Pts',(-38.4889601630213,8.68897234628836,24.7245879595492));
#6372=CARTESIAN_POINT('Ctrl Pts',(-38.8693870952304,8.68897234628837,24.474741396524));
#6373=CARTESIAN_POINT('Ctrl Pts',(-39.330401760816,8.68897234628834,24.3155795204588));
#6374=CARTESIAN_POINT('Ctrl Pts',(-40.0530341909285,8.68897234628836,24.1908050879367));
#6375=CARTESIAN_POINT('Ctrl Pts',(-40.4550524414793,8.68897234628837,24.1633628027738));
#6376=CARTESIAN_POINT('Ctrl Pts',(-40.711443662886,8.68897234628837,24.1599275053746));
#6377=CARTESIAN_POINT('Ctrl Pts',(-38.5071905253004,9.19576572909967,25.06692410003));
#6378=CARTESIAN_POINT('Ctrl Pts',(-38.6508582189035,9.19576572909966,24.9593227229955));
#6379=CARTESIAN_POINT('Ctrl Pts',(-38.9986017567016,9.19576572909967,24.7328527808207));
#6380=CARTESIAN_POINT('Ctrl Pts',(-39.3964442030517,9.19576572909964,24.5945567287131));
#6381=CARTESIAN_POINT('Ctrl Pts',(-40.0845709928008,9.19576572909966,24.4740346304355));
#6382=CARTESIAN_POINT('Ctrl Pts',(-40.4703271152895,9.19576572909967,24.4481178378122));
#6383=CARTESIAN_POINT('Ctrl Pts',(-40.7152610540817,9.19576572909967,24.4448360525846));
#6384=CARTESIAN_POINT('Ctrl Pts',(-38.5069176275424,9.77706832490305,25.0665597311662));
#6385=CARTESIAN_POINT('Ctrl Pts',(-38.6505852937144,9.77706832490304,24.9589583746764));
#6386=CARTESIAN_POINT('Ctrl Pts',(-38.9983784148069,9.77706832490305,24.7324711376926));
#6387=CARTESIAN_POINT('Ctrl Pts',(-39.3962925597462,9.77706832490302,24.5941507140192));
#6388=CARTESIAN_POINT('Ctrl Pts',(-40.0844596410874,9.77706832490304,24.4736148286556));
#6389=CARTESIAN_POINT('Ctrl Pts',(-40.470321051587,9.77706832490305,24.4476626443501));
#6390=CARTESIAN_POINT('Ctrl Pts',(-40.715254955108,9.77706832490305,24.444380859595));
#6391=CARTESIAN_POINT('Ctrl Pts',(-38.3366203500491,10.2842599980003,24.8391814414209));
#6392=CARTESIAN_POINT('Ctrl Pts',(-38.4891991029478,10.2842599980003,24.7249060360994));
#6393=CARTESIAN_POINT('Ctrl Pts',(-38.8695827847116,10.2842599980003,24.4750739781336));
#6394=CARTESIAN_POINT('Ctrl Pts',(-39.3305356808093,10.2842599980003,24.3159331280257));
#6395=CARTESIAN_POINT('Ctrl Pts',(-40.0531333508385,10.2842599980003,24.1911709561963));
#6396=CARTESIAN_POINT('Ctrl Pts',(-40.4550571837768,10.2842599980003,24.1637605998454));
#6397=CARTESIAN_POINT('Ctrl Pts',(-40.711448992726,10.2842599980003,24.1603252945739));
#6398=CARTESIAN_POINT('Ctrl Pts',(-38.0389087315697,10.5866225876285,24.4416814951882));
#6399=CARTESIAN_POINT('Ctrl Pts',(-38.2070271963396,10.5866225876285,24.3157674649669));
#6400=CARTESIAN_POINT('Ctrl Pts',(-38.6443781797458,10.5866225876285,24.0251784616869));
#6401=CARTESIAN_POINT('Ctrl Pts',(-39.2154556683793,10.5866225876285,23.8296638213008));
#6402=CARTESIAN_POINT('Ctrl Pts',(-39.9982043814991,10.5866225876285,23.6974944112894));
#6403=CARTESIAN_POINT('Ctrl Pts',(-40.4284226328308,10.5866225876285,23.6674458526094));
#6404=CARTESIAN_POINT('Ctrl Pts',(-40.704795455821,10.5866225876285,23.6637428286337));
#6405=CARTESIAN_POINT('Ctrl Pts',(-37.8068516770872,10.6009134047817,24.1318425068717));
#6406=CARTESIAN_POINT('Ctrl Pts',(-37.9871015334411,10.6009134047817,23.9968425478166));
#6407=CARTESIAN_POINT('Ctrl Pts',(-38.4688602242182,10.6009134047817,23.674458518771));
#6408=CARTESIAN_POINT('Ctrl Pts',(-39.1258146949943,10.6009134047817,23.4505798959933));
#6409=CARTESIAN_POINT('Ctrl Pts',(-39.9554687116194,10.6009134047817,23.3126459220504));
#6410=CARTESIAN_POINT('Ctrl Pts',(-40.4076378210563,10.6009134047817,23.2805840861751));
#6411=CARTESIAN_POINT('Ctrl Pts',(-40.6996092283437,10.6009134047817,23.2766720621572));
#6412=CARTESIAN_POINT('Ctrl Pts',(-37.6971232226977,10.5601132511939,23.9853347724986));
#6413=CARTESIAN_POINT('Ctrl Pts',(-37.8831013052441,10.5601132511939,23.8460446003078));
#6414=CARTESIAN_POINT('Ctrl Pts',(-38.3858567342317,10.5601132511939,23.5086376669468));
#6415=CARTESIAN_POINT('Ctrl Pts',(-39.0834016046625,10.5601132511939,23.271352203067));
#6416=CARTESIAN_POINT('Ctrl Pts',(-39.935226406663,10.5601132511939,23.1306884687313));
#6417=CARTESIAN_POINT('Ctrl Pts',(-40.3978201346245,10.5601132511939,23.0976558996662));
#6418=CARTESIAN_POINT('Ctrl Pts',(-40.6971569145087,10.5601132511939,23.0936451895655));
#6419=CARTESIAN_POINT('',(-38.5,8.41280987414854,23.5));
#6420=CARTESIAN_POINT('Ctrl Pts',(-40.7026015222289,8.39922387827716,23.5));
#6421=CARTESIAN_POINT('Ctrl Pts',(-40.2256136816705,8.39824186411521,23.5));
#6422=CARTESIAN_POINT('Ctrl Pts',(-39.8056232530874,8.38997356650288,23.5));
#6423=CARTESIAN_POINT('Ctrl Pts',(-39.0760088131915,8.3843859590081,23.5));
#6424=CARTESIAN_POINT('Ctrl Pts',(-38.7724839267036,8.38786015830189,23.5));
#6425=CARTESIAN_POINT('Ctrl Pts',(-38.5,8.41280987414854,23.5));
#6426=CARTESIAN_POINT('',(-38.6361980297218,10.5401126690195,24.0495969839053));
#6427=CARTESIAN_POINT('Ctrl Pts',(-40.7092668407894,10.3630064126155,23.9974617822454));
#6428=CARTESIAN_POINT('Ctrl Pts',(-40.6281124149836,10.3409164839331,24.0276870870699));
#6429=CARTESIAN_POINT('Ctrl Pts',(-40.5453231949631,10.3244005354672,24.0493812112129));
#6430=CARTESIAN_POINT('Ctrl Pts',(-40.3748740071115,10.3046159237679,24.0807914123248));
#6431=CARTESIAN_POINT('Ctrl Pts',(-40.2907692304435,10.3010761717576,24.0904550770757));
#6432=CARTESIAN_POINT('Ctrl Pts',(-40.1590621007465,10.3027856619745,24.1002499518132));
#6433=CARTESIAN_POINT('Ctrl Pts',(-40.1117843462516,10.3048197984531,24.1026892907635));
#6434=CARTESIAN_POINT('Ctrl Pts',(-40.0054496818041,10.3118929047094,24.1063964439086));
#6435=CARTESIAN_POINT('Ctrl Pts',(-39.9458561946934,10.3176179023196,24.107218144243));
#6436=CARTESIAN_POINT('Ctrl Pts',(-39.5705370783953,10.3615145165432,24.1069051496788));
#6437=CARTESIAN_POINT('Ctrl Pts',(-39.2355209446858,10.4360411705659,24.0809030807532));
#6438=CARTESIAN_POINT('Ctrl Pts',(-38.8369183656417,10.509124337117,24.0574113134464));
#6439=CARTESIAN_POINT('Ctrl Pts',(-38.7378202689533,10.5258743029535,24.0524309394855));
#6440=CARTESIAN_POINT('Ctrl Pts',(-38.6361980297019,10.5401126690223,24.0495969839048));
#6441=CARTESIAN_POINT('',(-38.5735265222737,10.5485213977016,24.0481387167664));
#6442=CARTESIAN_POINT('Ctrl Pts',(-38.6340668075834,10.5400616868514,24.0503147355886));
#6443=CARTESIAN_POINT('Ctrl Pts',(-38.6130271251701,10.5429844138353,24.0497694887839));
#6444=CARTESIAN_POINT('Ctrl Pts',(-38.5920104219468,10.5457831221789,24.0493092631655));
#6445=CARTESIAN_POINT('Ctrl Pts',(-38.5709797840656,10.5484555596564,24.0489424619776));
#6446=CARTESIAN_POINT('Ctrl Pts',(-38.5735265222736,10.5485213977016,24.0481387167664));
#6447=CARTESIAN_POINT('Ctrl Pts',(-38.5752691017436,10.5650308773215,23.9783474814264));
#6448=CARTESIAN_POINT('Ctrl Pts',(-38.5764655464324,10.57636618755,23.9073437520378));
#6449=CARTESIAN_POINT('Ctrl Pts',(-38.5780244298833,10.591135301387,23.7233207369132));
#6450=CARTESIAN_POINT('Ctrl Pts',(-38.5775063809625,10.5862272223402,23.6103711423749));
#6451=CARTESIAN_POINT('Ctrl Pts',(-38.5754155527244,10.5664183775893,23.5000000000002));
#6452=CARTESIAN_POINT('',(-38.4999999992688,9.48646156267124,25.0573215693972));
#6453=CARTESIAN_POINT('Ctrl Pts',(-38.5,9.48646156267124,25.0573215683019));
#6454=CARTESIAN_POINT('Ctrl Pts',(-38.5,9.51259133898762,25.0573215683019));
#6455=CARTESIAN_POINT('Ctrl Pts',(-38.5000000000558,9.53879204028629,25.056158411934));
#6456=CARTESIAN_POINT('Ctrl Pts',(-38.5000000000558,9.68132940699809,25.0434118398199));
#6457=CARTESIAN_POINT('Ctrl Pts',(-38.5000000000001,9.79338738681627,25.0102081500853));
#6458=CARTESIAN_POINT('Ctrl Pts',(-38.5000000000001,10.0174914693385,24.8983640816275));
#6459=CARTESIAN_POINT('Ctrl Pts',(-38.5,10.1243629349064,24.8153652350423));
#6460=CARTESIAN_POINT('Ctrl Pts',(-38.5,10.3281916166536,24.5971896594438));
#6461=CARTESIAN_POINT('Ctrl Pts',(-38.5000000000001,10.4173716729539,24.4542762109299));
#6462=CARTESIAN_POINT('Ctrl Pts',(-38.5000000000001,10.5504208685635,24.1290104527016));
#6463=CARTESIAN_POINT('Ctrl Pts',(-38.5,10.5875969365361,23.9425228797576));
#6464=CARTESIAN_POINT('Ctrl Pts',(-38.5,10.5858987773838,23.6698903192451));
#6465=CARTESIAN_POINT('Ctrl Pts',(-38.5,10.5772058874214,23.5841074021106));
#6466=CARTESIAN_POINT('Ctrl Pts',(-38.5,10.5601132511939,23.5));
#6467=CARTESIAN_POINT('Ctrl Pts',(-38.5,8.41280987414854,23.5));
#6468=CARTESIAN_POINT('Ctrl Pts',(-38.5,8.38640791307505,23.6299156155298));
#6469=CARTESIAN_POINT('Ctrl Pts',(-38.5000000000004,8.38010402387058,23.7635214094206));
#6470=CARTESIAN_POINT('Ctrl Pts',(-38.5000000000004,8.41005048561748,24.0771447918376));
#6471=CARTESIAN_POINT('Ctrl Pts',(-38.5,8.46283228671219,24.255344641076));
#6472=CARTESIAN_POINT('Ctrl Pts',(-38.5,8.62481211797046,24.5686313275548));
#6473=CARTESIAN_POINT('Ctrl Pts',(-38.5,8.73130409040867,24.7071721207246));
#6474=CARTESIAN_POINT('Ctrl Pts',(-38.5,8.96612575704825,24.90491591209));
#6475=CARTESIAN_POINT('Ctrl Pts',(-38.5,9.08517382692591,24.9737788922352));
#6476=CARTESIAN_POINT('Ctrl Pts',(-38.5,9.30343916808381,25.0429171505131));
#6477=CARTESIAN_POINT('Ctrl Pts',(-38.5,9.39451122384174,25.0573215683019));
#6478=CARTESIAN_POINT('Ctrl Pts',(-38.5,9.48646156267124,25.0573215683019));
#6479=CARTESIAN_POINT('Ctrl Pts',(-72.2090484445425,2.62586537378729,23.5));
#6480=CARTESIAN_POINT('Ctrl Pts',(-72.6797060155973,2.56054793612249,23.5));
#6481=CARTESIAN_POINT('Ctrl Pts',(-73.8221203650415,2.43248798995367,23.5));
#6482=CARTESIAN_POINT('Ctrl Pts',(-75.1496883423105,2.28831248918428,23.5));
#6483=CARTESIAN_POINT('Ctrl Pts',(-76.,2.14820011506387,23.5));
#6484=CARTESIAN_POINT('Ctrl Pts',(-72.2166750332778,2.68082025043101,23.6957205411743));
#6485=CARTESIAN_POINT('Ctrl Pts',(-72.6865489739808,2.61561156428706,23.6957205411743));
#6486=CARTESIAN_POINT('Ctrl Pts',(-73.8272226102692,2.48773466086606,23.6957205411743));
#6487=CARTESIAN_POINT('Ctrl Pts',(-75.1569775031431,2.34334112095545,23.6957205411743));
#6488=CARTESIAN_POINT('Ctrl Pts',(-76.0090204814864,2.20294346385088,23.6957205411743));
#6489=CARTESIAN_POINT('Ctrl Pts',(-72.247231840335,2.90100329959747,24.054762137206));
#6490=CARTESIAN_POINT('Ctrl Pts',(-72.7139535257515,2.83623208062891,24.054762137206));
#6491=CARTESIAN_POINT('Ctrl Pts',(-73.8476174989069,2.70909262331175,24.054762137206));
#6492=CARTESIAN_POINT('Ctrl Pts',(-75.1861546390939,2.56382424738527,24.054762137206));
#6493=CARTESIAN_POINT('Ctrl Pts',(-76.0451620805568,2.42227900227183,24.054762137206));
#6494=CARTESIAN_POINT('Ctrl Pts',(-72.3339171947273,3.52563157349986,24.3708456853976));
#6495=CARTESIAN_POINT('Ctrl Pts',(-72.791689722553,3.46210231063493,24.3708456853976));
#6496=CARTESIAN_POINT('Ctrl Pts',(-73.9054495567988,3.33705703872441,24.3708456853976));
#6497=CARTESIAN_POINT('Ctrl Pts',(-75.2689113606693,3.18930622047715,24.3708456853976));
#6498=CARTESIAN_POINT('Ctrl Pts',(-76.1476907026688,3.0445030076527,24.3708456853976));
#6499=CARTESIAN_POINT('Ctrl Pts',(-72.4417226837436,4.3024451078451,24.2246775497729));
#6500=CARTESIAN_POINT('Ctrl Pts',(-72.8883810039143,4.24045826479947,24.2246775497729));
#6501=CARTESIAN_POINT('Ctrl Pts',(-73.9774303550478,4.118012442389,24.2246775497729));
#6502=CARTESIAN_POINT('Ctrl Pts',(-75.3718649190891,3.96717586782436,24.2246775497729));
#6503=CARTESIAN_POINT('Ctrl Pts',(-76.2751995341482,3.81832649430759,24.2246775497729));
#6504=CARTESIAN_POINT('Ctrl Pts',(-72.4898312150204,4.64910053842006,23.7609607215571));
#6505=CARTESIAN_POINT('Ctrl Pts',(-72.9315009522201,4.58780600646699,23.7609607215571));
#6506=CARTESIAN_POINT('Ctrl Pts',(-74.0094420831886,4.46652953400668,23.7609607215571));
#6507=CARTESIAN_POINT('Ctrl Pts',(-75.4177445576397,4.31431308903481,23.7609607215571));
#6508=CARTESIAN_POINT('Ctrl Pts',(-76.3321007426421,4.16364760689797,23.7609607215571));
#6509=CARTESIAN_POINT('Ctrl Pts',(-72.5000000000004,4.72237370727607,23.4999999999907));
#6510=CARTESIAN_POINT('Ctrl Pts',(-72.9406441793579,4.66122150132506,23.4999999999907));
#6511=CARTESIAN_POINT('Ctrl Pts',(-74.0163185895187,4.54018284128375,23.4999999999907));
#6512=CARTESIAN_POINT('Ctrl Pts',(-75.4275060409915,4.38767757816256,23.4999999999907));
#6513=CARTESIAN_POINT('Ctrl Pts',(-76.3441280512902,4.23663873861171,23.4999999999907));
#6514=CARTESIAN_POINT('',(-76.,2.14820011506387,23.5));
#6515=CARTESIAN_POINT('Ctrl Pts',(-76.0001546702305,4.29121387327604,23.5));
#6516=CARTESIAN_POINT('Ctrl Pts',(-76.0001486381221,4.27826538760545,23.5451578606755));
#6517=CARTESIAN_POINT('Ctrl Pts',(-76.0001233841554,4.26229534606132,23.5893365891215));
#6518=CARTESIAN_POINT('Ctrl Pts',(-76.000095721071,4.24353215574917,23.6323243395068));
#6519=CARTESIAN_POINT('Ctrl Pts',(-76.0000674953203,4.22438732263433,23.6761864596164));
#6520=CARTESIAN_POINT('Ctrl Pts',(-76.0000366741023,4.20233403322421,23.7188096319279));
#6521=CARTESIAN_POINT('Ctrl Pts',(-76.0000126932868,4.17756566290561,23.7599494451219));
#6522=CARTESIAN_POINT('Ctrl Pts',(-76.0000028857899,4.16743607763857,23.7767745022516));
#6523=CARTESIAN_POINT('Ctrl Pts',(-75.9999941335233,4.15685185355061,23.7933511494092));
#6524=CARTESIAN_POINT('Ctrl Pts',(-75.9999867402024,4.14582423402385,23.8096611686811));
#6525=CARTESIAN_POINT('Ctrl Pts',(-75.9999687002184,4.11891642344828,23.8494582353088));
#6526=CARTESIAN_POINT('Ctrl Pts',(-75.9999593917216,4.0895473316214,23.8874101452072));
#6527=CARTESIAN_POINT('Ctrl Pts',(-75.9999601686856,4.05794772248182,23.9233012466928));
#6528=CARTESIAN_POINT('Ctrl Pts',(-75.999960944708,4.02638641151938,23.9591488487871));
#6529=CARTESIAN_POINT('Ctrl Pts',(-75.999971663957,3.99259926443692,23.9929415264217));
#6530=CARTESIAN_POINT('Ctrl Pts',(-75.9999868676999,3.95677319865385,24.0244375398558));
#6531=CARTESIAN_POINT('Ctrl Pts',(-76.0000019305674,3.92127909145906,24.0556417162732));
#6532=CARTESIAN_POINT('Ctrl Pts',(-76.0000212807873,3.88378296642628,24.0845924152903));
#6533=CARTESIAN_POINT('Ctrl Pts',(-76.0000346600901,3.84443506224955,24.1110154880177));
#6534=CARTESIAN_POINT('Ctrl Pts',(-76.0000389010931,3.8319624704515,24.1193911361512));
#6535=CARTESIAN_POINT('Ctrl Pts',(-76.0000425153684,3.81932765373967,24.1274963162563));
#6536=CARTESIAN_POINT('Ctrl Pts',(-76.0000450995146,3.8065368918606,24.135324367378));
#6537=CARTESIAN_POINT('Ctrl Pts',(-76.000053225309,3.76631660541655,24.159939512386));
#6538=CARTESIAN_POINT('Ctrl Pts',(-76.0000514976725,3.72455690117824,24.1818177212187));
#6539=CARTESIAN_POINT('Ctrl Pts',(-76.0000464928874,3.68157208588262,24.2009681451782));
#6540=CARTESIAN_POINT('Ctrl Pts',(-76.0000413666077,3.63754378464329,24.2205834588453));
#6541=CARTESIAN_POINT('Ctrl Pts',(-76.000032633892,3.59222916430589,24.2373373143886));
#6542=CARTESIAN_POINT('Ctrl Pts',(-76.0000241068433,3.54593915898011,24.2511921652431));
#6543=CARTESIAN_POINT('Ctrl Pts',(-76.0000180607507,3.51311729236984,24.2610159287845));
#6544=CARTESIAN_POINT('Ctrl Pts',(-76.0000120436609,3.47980445199454,24.2693812302766));
#6545=CARTESIAN_POINT('Ctrl Pts',(-76.000007185476,3.44610794009068,24.2762592251762));
#6546=CARTESIAN_POINT('Ctrl Pts',(-76.000000314807,3.39845277934337,24.2859864026804));
#6547=CARTESIAN_POINT('Ctrl Pts',(-75.9999959392258,3.3503130825392,24.2926833102536));
#6548=CARTESIAN_POINT('Ctrl Pts',(-75.9999935257428,3.30200563850011,24.2963309998014));
#6549=CARTESIAN_POINT('Ctrl Pts',(-75.9999911349543,3.25415243887093,24.299944389406));
#6550=CARTESIAN_POINT('Ctrl Pts',(-75.99999049218,3.20613351199115,24.3005657394045));
#6551=CARTESIAN_POINT('Ctrl Pts',(-75.9999910820325,3.15824773828485,24.2981272966179));
#6552=CARTESIAN_POINT('Ctrl Pts',(-75.999991671885,3.11036196457854,24.2956888538313));
#6553=CARTESIAN_POINT('Ctrl Pts',(-75.9999933177289,3.06260825621585,24.2901908320869));
#6554=CARTESIAN_POINT('Ctrl Pts',(-75.9999981456398,3.01529282995323,24.2815134299587));
#6555=CARTESIAN_POINT('Ctrl Pts',(-75.9999983062782,3.01371850967872,24.2812247078404));
#6556=CARTESIAN_POINT('Ctrl Pts',(-75.9999984708303,3.01214467620053,24.2809324608983));
#6557=CARTESIAN_POINT('Ctrl Pts',(-75.9999986392547,3.01057133987756,24.2806366935736));
#6558=CARTESIAN_POINT('Ctrl Pts',(-76.0000036586212,2.96368292538692,24.2718222648267));
#6559=CARTESIAN_POINT('Ctrl Pts',(-76.0000113844874,2.91750565450793,24.2599364383834));
#6560=CARTESIAN_POINT('Ctrl Pts',(-76.0000169226731,2.87229496339258,24.2451753325893));
#6561=CARTESIAN_POINT('Ctrl Pts',(-76.0000226476824,2.8255591473503,24.2299162797424));
#6562=CARTESIAN_POINT('Ctrl Pts',(-76.0000258468989,2.77985507103353,24.211584387197));
#6563=CARTESIAN_POINT('Ctrl Pts',(-76.0000248193142,2.7354791766468,24.1903409560174));
#6564=CARTESIAN_POINT('Ctrl Pts',(-76.0000237917296,2.69110328226008,24.1690975248377));
#6565=CARTESIAN_POINT('Ctrl Pts',(-76.0000183570677,2.64805441925273,24.144941957968));
#6566=CARTESIAN_POINT('Ctrl Pts',(-76.000013225901,2.6066604400851,24.1179884060892));
#6567=CARTESIAN_POINT('Ctrl Pts',(-76.0000082252027,2.56631897153405,24.0917201929982));
#6568=CARTESIAN_POINT('Ctrl Pts',(-76.0000025733694,2.52779645020238,24.0629549444711));
#6569=CARTESIAN_POINT('Ctrl Pts',(-76.0000029699692,2.49136420486216,24.0318488195872));
#6570=CARTESIAN_POINT('Ctrl Pts',(-76.0000030513127,2.48389187022903,24.0254688841178));
#6571=CARTESIAN_POINT('Ctrl Pts',(-76.0000034038278,2.47650755718384,24.01899032615));
#6572=CARTESIAN_POINT('Ctrl Pts',(-76.0000041133657,2.46921376064164,24.0124142704268));
#6573=CARTESIAN_POINT('Ctrl Pts',(-76.0000075732005,2.43364789147104,23.9803482351107));
#6574=CARTESIAN_POINT('Ctrl Pts',(-76.0000189996099,2.40023105180318,23.9459666112931));
#6575=CARTESIAN_POINT('Ctrl Pts',(-76.0000279917942,2.36912699581077,23.9095160323581));
#6576=CARTESIAN_POINT('Ctrl Pts',(-76.0000352645761,2.34397037007584,23.8800351964082));
#6577=CARTESIAN_POINT('Ctrl Pts',(-76.0000410376196,2.32032716980006,23.849200039021));
#6578=CARTESIAN_POINT('Ctrl Pts',(-76.000043288637,2.29830549588272,23.8171287923434));
#6579=CARTESIAN_POINT('Ctrl Pts',(-76.0000460630092,2.2711638480833,23.7776010759182));
#6580=CARTESIAN_POINT('Ctrl Pts',(-76.000042047106,2.2466619481952,23.7364552247444));
#6581=CARTESIAN_POINT('Ctrl Pts',(-76.0000338595868,2.22494062961593,23.6939545068435));
#6582=CARTESIAN_POINT('Ctrl Pts',(-76.0000257517807,2.20343078852871,23.6518675734557));
#6583=CARTESIAN_POINT('Ctrl Pts',(-76.0000134817902,2.18464714772392,23.6084510611997));
#6584=CARTESIAN_POINT('Ctrl Pts',(-76.0000058730175,2.16876989684105,23.5639361029194));
#6585=CARTESIAN_POINT('Ctrl Pts',(-76.0000022710158,2.16125358795016,23.5428626702976));
#6586=CARTESIAN_POINT('Ctrl Pts',(-75.9999998117531,2.15438930525263,23.5215427984294));
#6587=CARTESIAN_POINT('Ctrl Pts',(-76.,2.14820011506387,23.5));
#6588=CARTESIAN_POINT('',(-72.5,2.5867987781902,23.5));
#6589=CARTESIAN_POINT('Ctrl Pts',(-72.499988576463,2.58702813970978,23.5));
#6590=CARTESIAN_POINT('Ctrl Pts',(-72.4999927082099,2.60002074086066,23.5454615462857));
#6591=CARTESIAN_POINT('Ctrl Pts',(-72.5000063037562,2.61600590355915,23.5899451201261));
#6592=CARTESIAN_POINT('Ctrl Pts',(-72.5000187721725,2.63478659329551,23.6332245307703));
#6593=CARTESIAN_POINT('Ctrl Pts',(-72.5000313798821,2.65377709520833,23.6769874458795));
#6594=CARTESIAN_POINT('Ctrl Pts',(-72.500042907311,2.67562644083229,23.7195201146795));
#6595=CARTESIAN_POINT('Ctrl Pts',(-72.5000496876495,2.70017909114261,23.7605689373392));
#6596=CARTESIAN_POINT('Ctrl Pts',(-72.5000525513553,2.71054901074854,23.777906087729));
#6597=CARTESIAN_POINT('Ctrl Pts',(-72.5000546502138,2.72140169402198,23.7949782199511));
#6598=CARTESIAN_POINT('Ctrl Pts',(-72.5000560444174,2.73272762524933,23.8117645292253));
#6599=CARTESIAN_POINT('Ctrl Pts',(-72.500059351797,2.75959540473735,23.8515856129794));
#6600=CARTESIAN_POINT('Ctrl Pts',(-72.5000580616053,2.78894940060066,23.8895422015586));
#6601=CARTESIAN_POINT('Ctrl Pts',(-72.5000553598266,2.82059515128138,23.9254053084565));
#6602=CARTESIAN_POINT('Ctrl Pts',(-72.5000530562532,2.84757675094592,23.9559826836879));
#6603=CARTESIAN_POINT('Ctrl Pts',(-72.5000498788281,2.87622542665948,23.9850382861771));
#6604=CARTESIAN_POINT('Ctrl Pts',(-72.5000512751628,2.90644573142294,24.0124142704268));
#6605=CARTESIAN_POINT('Ctrl Pts',(-72.5000529122927,2.94187746754286,24.0445111886264));
#6606=CARTESIAN_POINT('Ctrl Pts',(-72.5000608502124,2.97946954231674,24.0743007084896));
#6607=CARTESIAN_POINT('Ctrl Pts',(-72.5000683947004,3.01894972007285,24.1016295066736));
#6608=CARTESIAN_POINT('Ctrl Pts',(-72.500069385009,3.02413198833266,24.1052167540331));
#6609=CARTESIAN_POINT('Ctrl Pts',(-72.5000703731594,3.02934682500141,24.1087615399446));
#6610=CARTESIAN_POINT('Ctrl Pts',(-72.5000713477911,3.03459364476668,24.1122634583536));
#6611=CARTESIAN_POINT('Ctrl Pts',(-72.5000787610291,3.07450197774981,24.1388997317913));
#6612=CARTESIAN_POINT('Ctrl Pts',(-72.5000847285144,3.11601089597413,24.1628943852459));
#6613=CARTESIAN_POINT('Ctrl Pts',(-72.5000871525194,3.15881828780744,24.1841410642093));
#6614=CARTESIAN_POINT('Ctrl Pts',(-72.5000895969793,3.20198690772921,24.2055670322371));
#6615=CARTESIAN_POINT('Ctrl Pts',(-72.5000885815627,3.2464770132953,24.2241990558203));
#6616=CARTESIAN_POINT('Ctrl Pts',(-72.5000850199268,3.29200855231229,24.2398844065879));
#6617=CARTESIAN_POINT('Ctrl Pts',(-72.5000814582909,3.33754009132927,24.2555697573555));
#6618=CARTESIAN_POINT('Ctrl Pts',(-72.5000754979054,3.38411410432001,24.2683090163006));
#6619=CARTESIAN_POINT('Ctrl Pts',(-72.5000689110451,3.4314647509197,24.2778971754178));
#6620=CARTESIAN_POINT('Ctrl Pts',(-72.5000680446956,3.43769263665856,24.2791582766638));
#6621=CARTESIAN_POINT('Ctrl Pts',(-72.5000671672009,3.44392904491087,24.2803637880193));
#6622=CARTESIAN_POINT('Ctrl Pts',(-72.5000662905146,3.45017332202834,24.2815134299587));
#6623=CARTESIAN_POINT('Ctrl Pts',(-72.5000597357692,3.49686008716145,24.2901089906943));
#6624=CARTESIAN_POINT('Ctrl Pts',(-72.5000531692199,3.54398540270826,24.295585636119));
#6625=CARTESIAN_POINT('Ctrl Pts',(-72.5000475943497,3.59125258687433,24.2980582341393));
#6626=CARTESIAN_POINT('Ctrl Pts',(-72.5000419083387,3.63946209115488,24.3005801259538));
#6627=CARTESIAN_POINT('Ctrl Pts',(-72.5000374082643,3.68782027036315,24.2999769566156));
#6628=CARTESIAN_POINT('Ctrl Pts',(-72.5000345333571,3.73601969034999,24.2963169404419));
#6629=CARTESIAN_POINT('Ctrl Pts',(-72.5000319746008,3.77891866584536,24.2930594127748));
#6630=CARTESIAN_POINT('Ctrl Pts',(-72.5000307687431,3.82169252430777,24.2873795597917));
#6631=CARTESIAN_POINT('Ctrl Pts',(-72.5000292982032,3.86411841302725,24.2792913438379));
#6632=CARTESIAN_POINT('Ctrl Pts',(-72.5000276493315,3.91168927417972,24.2702222728125));
#6633=CARTESIAN_POINT('Ctrl Pts',(-72.5000261946752,3.95853686973001,24.2581806790791));
#6634=CARTESIAN_POINT('Ctrl Pts',(-72.5000248241267,4.00435851691443,24.2432456242294));
#6635=CARTESIAN_POINT('Ctrl Pts',(-72.500023477173,4.04939131293123,24.2285676866196));
#6636=CARTESIAN_POINT('Ctrl Pts',(-72.5000223405175,4.09343422167259,24.2110947105808));
#6637=CARTESIAN_POINT('Ctrl Pts',(-72.5000181986399,4.13618761234262,24.1908542684681));
#6638=CARTESIAN_POINT('Ctrl Pts',(-72.5000147941652,4.17132936428505,24.1742173518451));
#6639=CARTESIAN_POINT('Ctrl Pts',(-72.500009337201,4.20559993095724,24.1557097672776));
#6640=CARTESIAN_POINT('Ctrl Pts',(-72.4999975062442,4.23881912735052,24.135324367378));
#6641=CARTESIAN_POINT('Ctrl Pts',(-72.4999943410582,4.24770640002428,24.1298705747779));
#6642=CARTESIAN_POINT('Ctrl Pts',(-72.4999907041157,4.25651833044021,24.1242822674565));
#6643=CARTESIAN_POINT('Ctrl Pts',(-72.4999866911822,4.26525281722926,24.118561717073));
#6644=CARTESIAN_POINT('Ctrl Pts',(-72.4999684630134,4.30492795822885,24.0925769456099));
#6645=CARTESIAN_POINT('Ctrl Pts',(-72.4999441006207,4.3427654346761,24.0640256907668));
#6646=CARTESIAN_POINT('Ctrl Pts',(-72.4999233346261,4.37861616184093,24.0331883246201));
#6647=CARTESIAN_POINT('Ctrl Pts',(-72.4999021474449,4.41519403186819,24.0017254991741));
#6648=CARTESIAN_POINT('Ctrl Pts',(-72.4998848025243,4.44970455441595,23.9678820841667));
#6649=CARTESIAN_POINT('Ctrl Pts',(-72.4998767862111,4.48195643144485,23.9319126160685));
#6650=CARTESIAN_POINT('Ctrl Pts',(-72.4998687698979,4.51420830847376,23.8959431479702));
#6651=CARTESIAN_POINT('Ctrl Pts',(-72.499870169321,4.54420229519318,23.8578466744784));
#6652=CARTESIAN_POINT('Ctrl Pts',(-72.4998802924096,4.57170280003002,23.8178483845394));
#6653=CARTESIAN_POINT('Ctrl Pts',(-72.4998903330363,4.59897928777233,23.7781759177353));
#6654=CARTESIAN_POINT('Ctrl Pts',(-72.4999099509448,4.62362485533031,23.7368907880289));
#6655=CARTESIAN_POINT('Ctrl Pts',(-72.4999316500796,4.64546522698001,23.6942515581265));
#6656=CARTESIAN_POINT('Ctrl Pts',(-72.4999529976267,4.66695172251625,23.652303204973));
#6657=CARTESIAN_POINT('Ctrl Pts',(-72.4999764221287,4.68572373565703,23.6090433148444));
#6658=CARTESIAN_POINT('Ctrl Pts',(-72.4999897836456,4.70157270738029,23.5646933111746));
#6659=CARTESIAN_POINT('Ctrl Pts',(-72.4999962068335,4.70919167190655,23.5433732463401));
#6660=CARTESIAN_POINT('Ctrl Pts',(-72.5000002240013,4.7161344505493,23.5218009809057));
#6661=CARTESIAN_POINT('Ctrl Pts',(-72.5,4.72237370727345,23.5));
#6662=CARTESIAN_POINT('Ctrl Pts',(-76.,2.14820011506387,23.5));
#6663=CARTESIAN_POINT('Ctrl Pts',(-75.1496883423105,2.28831248918428,23.5));
#6664=CARTESIAN_POINT('Ctrl Pts',(-74.3910780695853,2.37069848962393,23.5));
#6665=CARTESIAN_POINT('Ctrl Pts',(-73.6929261243132,2.4478222681532,23.5));
#6666=CARTESIAN_POINT('Ctrl Pts',(-73.2762766736154,2.49384889627844,23.5));
#6667=CARTESIAN_POINT('Ctrl Pts',(-72.8811598912394,2.53800134620846,23.5));
#6668=CARTESIAN_POINT('Ctrl Pts',(-72.4999885764632,2.58702813970976,23.5));
#6669=CARTESIAN_POINT('Ctrl Pts',(-63.724125259396,3.57581154339375,23.5));
#6670=CARTESIAN_POINT('Ctrl Pts',(-64.3593727447259,3.49230192352269,23.5));
#6671=CARTESIAN_POINT('Ctrl Pts',(-65.5040286489921,3.38623804938516,23.5));
#6672=CARTESIAN_POINT('Ctrl Pts',(-66.8956968888966,3.28698604640528,23.5));
#6673=CARTESIAN_POINT('Ctrl Pts',(-67.5,3.23638436783896,23.5));
#6674=CARTESIAN_POINT('Ctrl Pts',(-63.7313566460291,3.63081981886218,23.6957205411739));
#6675=CARTESIAN_POINT('Ctrl Pts',(-64.3653435157574,3.54747591948924,23.6957205411739));
#6676=CARTESIAN_POINT('Ctrl Pts',(-65.5078846621491,3.44159101206912,23.6957205411739));
#6677=CARTESIAN_POINT('Ctrl Pts',(-66.8999124072429,3.34230878473274,23.6957205411739));
#6678=CARTESIAN_POINT('Ctrl Pts',(-67.5046295789796,3.29167243455429,23.6957205411739));
#6679=CARTESIAN_POINT('Ctrl Pts',(-63.7603299561596,3.85121625259672,24.0547657157003));
#6680=CARTESIAN_POINT('Ctrl Pts',(-64.3892458352274,3.76853898553986,24.0547657157003));
#6681=CARTESIAN_POINT('Ctrl Pts',(-65.5233074137199,3.66337105753778,24.0547657157003));
#6682=CARTESIAN_POINT('Ctrl Pts',(-66.9167956888187,3.56396570256876,24.0547657157003));
#6683=CARTESIAN_POINT('Ctrl Pts',(-67.5231784734525,3.51318988130885,24.0547657157003));
#6684=CARTESIAN_POINT('Ctrl Pts',(-63.8425236765617,4.47645385128199,24.3708509185043));
#6685=CARTESIAN_POINT('Ctrl Pts',(-64.4570431662395,4.39566913324458,24.3708509185043));
#6686=CARTESIAN_POINT('Ctrl Pts',(-65.5670458022737,4.29253515121783,24.3708509185043));
#6687=CARTESIAN_POINT('Ctrl Pts',(-66.9646879982942,4.19277943162364,24.3708509185043));
#6688=CARTESIAN_POINT('Ctrl Pts',(-67.5757994076573,4.14160765617416,24.3708509185043));
#6689=CARTESIAN_POINT('Ctrl Pts',(-63.9447450103081,5.25403906014457,24.2246860859844));
#6690=CARTESIAN_POINT('Ctrl Pts',(-64.5413852236922,5.1756047513592,24.2246860859844));
#6691=CARTESIAN_POINT('Ctrl Pts',(-65.6214747546615,5.0750003998049,24.2246860859844));
#6692=CARTESIAN_POINT('Ctrl Pts',(-67.0242581253663,4.97481145618819,24.2246860859844));
#6693=CARTESIAN_POINT('Ctrl Pts',(-67.6412421452664,4.92314793422064,24.2246860859844));
#6694=CARTESIAN_POINT('Ctrl Pts',(-63.990358151156,5.6010126551196,23.7609607215625));
#6695=CARTESIAN_POINT('Ctrl Pts',(-64.5789732982447,5.52363332136561,23.7609607215625));
#6696=CARTESIAN_POINT('Ctrl Pts',(-65.6456997447935,5.4241575782431,23.7609607215625));
#6697=CARTESIAN_POINT('Ctrl Pts',(-67.0508240377587,5.32377059884421,23.7609607215625));
#6698=CARTESIAN_POINT('Ctrl Pts',(-67.6704439635038,5.27188635774111,23.7609607215625));
#6699=CARTESIAN_POINT('Ctrl Pts',(-64.0000000000001,5.67435702241013,23.4999999999971));
#6700=CARTESIAN_POINT('Ctrl Pts',(-64.5869653459887,5.59719457147097,23.4999999999971));
#6701=CARTESIAN_POINT('Ctrl Pts',(-65.6508822009885,5.49795755740699,23.4999999999971));
#6702=CARTESIAN_POINT('Ctrl Pts',(-67.0564549175897,5.39753339678974,23.4999999999971));
#6703=CARTESIAN_POINT('Ctrl Pts',(-67.6766167354766,5.34560378002752,23.4999999999971));
#6704=CARTESIAN_POINT('',(-67.5,3.23638436783896,23.5));
#6705=CARTESIAN_POINT('Ctrl Pts',(-67.500074132306,5.36019625927639,23.5));
#6706=CARTESIAN_POINT('Ctrl Pts',(-67.5000727858034,5.34730539417538,23.5453242343148));
#6707=CARTESIAN_POINT('Ctrl Pts',(-67.5000608413801,5.33139009789235,23.5896755917961));
#6708=CARTESIAN_POINT('Ctrl Pts',(-67.5000473277653,5.31267650753619,23.6328375809656));
#6709=CARTESIAN_POINT('Ctrl Pts',(-67.5000335811333,5.29364023595608,23.6767438187389));
#6710=CARTESIAN_POINT('Ctrl Pts',(-67.5000181638758,5.2717077772282,23.7194202919782));
#6711=CARTESIAN_POINT('Ctrl Pts',(-67.5000064041183,5.24706824545769,23.7606184923541));
#6712=CARTESIAN_POINT('Ctrl Pts',(-67.5000011411831,5.23604112523128,23.7790562416136));
#6713=CARTESIAN_POINT('Ctrl Pts',(-67.4999965599966,5.22447121084873,23.7971975454399));
#6714=CARTESIAN_POINT('Ctrl Pts',(-67.4999929125326,5.21237282034301,23.8150180137743));
#6715=CARTESIAN_POINT('Ctrl Pts',(-67.4999847741499,5.1853783567093,23.8547798303699));
#6716=CARTESIAN_POINT('Ctrl Pts',(-67.4999814803351,5.15592816836068,23.892692474024));
#6717=CARTESIAN_POINT('Ctrl Pts',(-67.4999834077134,5.12424587081439,23.9285316072796));
#6718=CARTESIAN_POINT('Ctrl Pts',(-67.4999853206282,5.09280132715641,23.9641017924492));
#6719=CARTESIAN_POINT('Ctrl Pts',(-67.4999923132612,5.05915729230489,23.997630329129));
#6720=CARTESIAN_POINT('Ctrl Pts',(-67.5000013439537,5.02349126109775,24.0288690962432));
#6721=CARTESIAN_POINT('Ctrl Pts',(-67.5000103746461,4.98782522989062,24.0601078633574));
#6722=CARTESIAN_POINT('Ctrl Pts',(-67.5000213872645,4.95013653113259,24.0890577683462));
#6723=CARTESIAN_POINT('Ctrl Pts',(-67.5000288025717,4.91057195920246,24.1154285589329));
#6724=CARTESIAN_POINT('Ctrl Pts',(-67.5000307199783,4.90034158511195,24.1222473627162));
#6725=CARTESIAN_POINT('Ctrl Pts',(-67.5000323719382,4.89000209210986,24.1288825090414));
#6726=CARTESIAN_POINT('Ctrl Pts',(-67.5000336409742,4.87955686851575,24.1353301689734));
#6727=CARTESIAN_POINT('Ctrl Pts',(-67.5000385047358,4.83952406071917,24.1600417444101));
#6728=CARTESIAN_POINT('Ctrl Pts',(-67.5000379430517,4.7979407280327,24.1820026865625));
#6729=CARTESIAN_POINT('Ctrl Pts',(-67.5000356083964,4.75512121594563,24.2012168994114));
#6730=CARTESIAN_POINT('Ctrl Pts',(-67.5000332242833,4.71139460616227,24.2208381502521));
#6731=CARTESIAN_POINT('Ctrl Pts',(-67.5000289035568,4.66637785024662,24.2375954204783));
#6732=CARTESIAN_POINT('Ctrl Pts',(-67.5000246128629,4.6203801953394,24.2514451295875));
#6733=CARTESIAN_POINT('Ctrl Pts',(-67.5000214041808,4.58598206431431,24.2618022686537));
#6734=CARTESIAN_POINT('Ctrl Pts',(-67.5000181636406,4.55103474265825,24.2705324176178));
#6735=CARTESIAN_POINT('Ctrl Pts',(-67.5000154918173,4.51566395485216,24.2775986508549));
#6736=CARTESIAN_POINT('Ctrl Pts',(-67.5000119190262,4.46836575420043,24.2870476944932));
#6737=CARTESIAN_POINT('Ctrl Pts',(-67.5000092515717,4.42060511079959,24.2934645171957));
#6738=CARTESIAN_POINT('Ctrl Pts',(-67.5000076588005,4.37269569910329,24.2968279994344));
#6739=CARTESIAN_POINT('Ctrl Pts',(-67.5000060858179,4.32538151663061,24.3001496935808));
#6740=CARTESIAN_POINT('Ctrl Pts',(-67.5000054680913,4.27792111769982,24.3004935239117));
#6741=CARTESIAN_POINT('Ctrl Pts',(-67.5000055644998,4.23060836411812,24.2977901786551));
#6742=CARTESIAN_POINT('Ctrl Pts',(-67.5000056568837,4.18527073287668,24.2951996874854));
#6743=CARTESIAN_POINT('Ctrl Pts',(-67.5000063328463,4.14006779247119,24.2898109856583));
#6744=CARTESIAN_POINT('Ctrl Pts',(-67.5000081906702,4.09526489621084,24.2815186709455));
#6745=CARTESIAN_POINT('Ctrl Pts',(-67.5000082998443,4.09263207681395,24.2810313772916));
#6746=CARTESIAN_POINT('Ctrl Pts',(-67.5000084135206,4.09000064309136,24.2805340437506));
#6747=CARTESIAN_POINT('Ctrl Pts',(-67.5000085314744,4.08737064440337,24.2800266916129));
#6748=CARTESIAN_POINT('Ctrl Pts',(-67.500010613293,4.04095266247197,24.2710722147664));
#6749=CARTESIAN_POINT('Ctrl Pts',(-67.5000136271532,3.9952639091704,24.2590559284401));
#6750=CARTESIAN_POINT('Ctrl Pts',(-67.5000156309037,3.95055529960752,24.2441788368717));
#6751=CARTESIAN_POINT('Ctrl Pts',(-67.5000176796347,3.90484306763354,24.2289677831726));
#6752=CARTESIAN_POINT('Ctrl Pts',(-67.500018582821,3.86015439967181,24.2107656604273));
#6753=CARTESIAN_POINT('Ctrl Pts',(-67.5000175674806,3.8167699512009,24.1897337945529));
#6754=CARTESIAN_POINT('Ctrl Pts',(-67.5000165521402,3.77338550272999,24.1687019286786));
#6755=CARTESIAN_POINT('Ctrl Pts',(-67.50001352937,3.73130419038533,24.1448397559992));
#6756=CARTESIAN_POINT('Ctrl Pts',(-67.5000103568238,3.69083526355283,24.1182631282823));
#6757=CARTESIAN_POINT('Ctrl Pts',(-67.5000072122596,3.6507232761714,24.0919209087311));
#6758=CARTESIAN_POINT('Ctrl Pts',(-67.5000036059391,3.61244754172146,24.0630772749203));
#6759=CARTESIAN_POINT('Ctrl Pts',(-67.5000033164369,3.57627417605615,24.0318983047902));
#6760=CARTESIAN_POINT('Ctrl Pts',(-67.5000032570519,3.56885400225028,24.0255026218562));
#6761=CARTESIAN_POINT('Ctrl Pts',(-67.5000033445652,3.56152237425166,24.0190085198995));
#6762=CARTESIAN_POINT('Ctrl Pts',(-67.5000036241166,3.55428173249519,24.0124172024893));
#6763=CARTESIAN_POINT('Ctrl Pts',(-67.5000049879853,3.51895626450139,23.9802596424218));
#6764=CARTESIAN_POINT('Ctrl Pts',(-67.5000106618265,3.48579336828338,23.9457909284992));
#6765=CARTESIAN_POINT('Ctrl Pts',(-67.5000151533084,3.45494756375306,23.9092669926869));
#6766=CARTESIAN_POINT('Ctrl Pts',(-67.5000186993707,3.43059454506511,23.880431042225));
#6767=CARTESIAN_POINT('Ctrl Pts',(-67.5000215575298,3.40768640144985,23.8503130577885));
#6768=CARTESIAN_POINT('Ctrl Pts',(-67.5000226327959,3.38631850347388,23.8190267135458));
#6769=CARTESIAN_POINT('Ctrl Pts',(-67.5000239914027,3.35932000580451,23.7794961854111));
#6770=CARTESIAN_POINT('Ctrl Pts',(-67.5000220404223,3.3349514457642,23.7383537063079));
#6771=CARTESIAN_POINT('Ctrl Pts',(-67.5000178816868,3.31334610058477,23.695868361419));
#6772=CARTESIAN_POINT('Ctrl Pts',(-67.5000137472249,3.29186686125974,23.65363099455));
#6773=CARTESIAN_POINT('Ctrl Pts',(-67.5000073884334,3.27311813968367,23.6100654288846));
#6774=CARTESIAN_POINT('Ctrl Pts',(-67.5000033091403,3.25727392966488,23.5654095353997));
#6775=CARTESIAN_POINT('Ctrl Pts',(-67.5000013398927,3.2496252581962,23.5438522436193));
#6776=CARTESIAN_POINT('Ctrl Pts',(-67.4999999569061,3.24265414733174,23.5220405550087));
#6777=CARTESIAN_POINT('Ctrl Pts',(-67.5,3.23638436783896,23.5));
#6778=CARTESIAN_POINT('',(-64.,3.54094865120655,23.5));
#6779=CARTESIAN_POINT('Ctrl Pts',(-64.0001956919207,3.54106375671798,23.5));
#6780=CARTESIAN_POINT('Ctrl Pts',(-64.0001967776218,3.55404853046824,23.5454780984621));
#6781=CARTESIAN_POINT('Ctrl Pts',(-64.0002060940721,3.57002577713592,23.5899793399023));
#6782=CARTESIAN_POINT('Ctrl Pts',(-64.0002137458517,3.58879892305619,23.6332769433749));
#6783=CARTESIAN_POINT('Ctrl Pts',(-64.0002214802189,3.60777469200221,23.6770418681724));
#6784=CARTESIAN_POINT('Ctrl Pts',(-64.0002275830933,3.62960754896759,23.7195780043192));
#6785=CARTESIAN_POINT('Ctrl Pts',(-64.000228775002,3.6541426046776,23.7606312571818));
#6786=CARTESIAN_POINT('Ctrl Pts',(-64.000229284288,3.66462609328401,23.7781727420567));
#6787=CARTESIAN_POINT('Ctrl Pts',(-64.0002289765174,3.67560348050321,23.7954431599181));
#6788=CARTESIAN_POINT('Ctrl Pts',(-64.0002279288343,3.6870649676664,23.8124209144811));
#6789=CARTESIAN_POINT('Ctrl Pts',(-64.0002254724312,3.71393762922383,23.8522270448622));
#6790=CARTESIAN_POINT('Ctrl Pts',(-64.0002182988062,3.74329491112128,23.8901690639284));
#6791=CARTESIAN_POINT('Ctrl Pts',(-64.0002095610152,3.77494349310119,23.9260170909983));
#6792=CARTESIAN_POINT('Ctrl Pts',(-64.0002021626239,3.8017407228049,23.9563700406637));
#6793=CARTESIAN_POINT('Ctrl Pts',(-64.0001937871752,3.83018172428571,23.9852218207338));
#6794=CARTESIAN_POINT('Ctrl Pts',(-64.0001895314213,3.86017357047351,24.0124172024893));
#6795=CARTESIAN_POINT('Ctrl Pts',(-64.0001845073572,3.8955799789118,24.0445222882529));
#6796=CARTESIAN_POINT('Ctrl Pts',(-64.0001852392455,3.93314764040364,24.0743204038383));
#6797=CARTESIAN_POINT('Ctrl Pts',(-64.0001855564005,3.97260475260775,24.1016573239428));
#6798=CARTESIAN_POINT('Ctrl Pts',(-64.000185600042,3.97803417643543,24.105418970883));
#6799=CARTESIAN_POINT('Ctrl Pts',(-64.000185640472,3.9834994162815,24.1091339460575));
#6800=CARTESIAN_POINT('Ctrl Pts',(-64.0001856655979,3.98899979885263,24.112801778727));
#6801=CARTESIAN_POINT('Ctrl Pts',(-64.0001858478853,4.02890480438618,24.1394117246865));
#6802=CARTESIAN_POINT('Ctrl Pts',(-64.0001845838353,4.07040909872642,24.1633785080975));
#6803=CARTESIAN_POINT('Ctrl Pts',(-64.0001801895049,4.11321100029185,24.1845948956384));
#6804=CARTESIAN_POINT('Ctrl Pts',(-64.0001757635013,4.1563214062231,24.2059642050809));
#6805=CARTESIAN_POINT('Ctrl Pts',(-64.0001682974682,4.20074920175589,24.2245439207854));
#6806=CARTESIAN_POINT('Ctrl Pts',(-64.0001587719865,4.2462156020831,24.240180829356));
#6807=CARTESIAN_POINT('Ctrl Pts',(-64.0001492465049,4.29168200241031,24.2558177379267));
#6808=CARTESIAN_POINT('Ctrl Pts',(-64.0001377998189,4.33818804433493,24.2685124185125));
#6809=CARTESIAN_POINT('Ctrl Pts',(-64.0001260438267,4.38546888492342,24.2780594443573));
#6810=CARTESIAN_POINT('Ctrl Pts',(-64.0001245609641,4.39143273624466,24.2792636751195));
#6811=CARTESIAN_POINT('Ctrl Pts',(-64.0001230730263,4.39740437783795,24.2804168326299));
#6812=CARTESIAN_POINT('Ctrl Pts',(-64.0001215905291,4.40338323497491,24.2815186709455));
#6813=CARTESIAN_POINT('Ctrl Pts',(-64.0001100257979,4.45002337429232,24.2901139411398));
#6814=CARTESIAN_POINT('Ctrl Pts',(-64.0000987534032,4.4971012643817,24.295590546776));
#6815=CARTESIAN_POINT('Ctrl Pts',(-64.0000888916082,4.5443204639137,24.2980634958308));
#6816=CARTESIAN_POINT('Ctrl Pts',(-64.000078832559,4.59248413516142,24.3005859084611));
#6817=CARTESIAN_POINT('Ctrl Pts',(-64.0000703864554,4.64079591946845,24.299983263654));
#6818=CARTESIAN_POINT('Ctrl Pts',(-64.0000639600451,4.68894863000919,24.2963239434548));
#6819=CARTESIAN_POINT('Ctrl Pts',(-64.0000582227517,4.73193782886254,24.2930570194967));
#6820=CARTESIAN_POINT('Ctrl Pts',(-64.0000541559884,4.7748008966458,24.2873530015352));
#6821=CARTESIAN_POINT('Ctrl Pts',(-64.0000500873227,4.81731310119626,24.2792260488891));
#6822=CARTESIAN_POINT('Ctrl Pts',(-64.0000455381851,4.86484560442013,24.270139378204));
#6823=CARTESIAN_POINT('Ctrl Pts',(-64.0000415319881,4.91165222126001,24.2580795222719));
#6824=CARTESIAN_POINT('Ctrl Pts',(-64.0000380137075,4.95743043463052,24.2431262534147));
#6825=CARTESIAN_POINT('Ctrl Pts',(-64.0000345545462,5.00243941499971,24.2284242514165));
#6826=CARTESIAN_POINT('Ctrl Pts',(-64.0000316879243,5.04645530706392,24.2109249149373));
#6827=CARTESIAN_POINT('Ctrl Pts',(-64.0000262830914,5.08917841470389,24.1906564951812));
#6828=CARTESIAN_POINT('Ctrl Pts',(-64.000021860511,5.12413719650759,24.1740715765529));
#6829=CARTESIAN_POINT('Ctrl Pts',(-64.000015713178,5.15823042256532,24.1556316942777));
#6830=CARTESIAN_POINT('Ctrl Pts',(-64.0000037035937,5.19128037933057,24.1353301689734));
#6831=CARTESIAN_POINT('Ctrl Pts',(-64.0000004797626,5.20015225011611,24.1298804641364));
#6832=CARTESIAN_POINT('Ctrl Pts',(-63.9999968186793,5.20894885437402,24.1242965012488));
#6833=CARTESIAN_POINT('Ctrl Pts',(-63.9999928085029,5.21766810505573,24.1185805552252));
#6834=CARTESIAN_POINT('Ctrl Pts',(-63.999974580854,5.25730013672674,24.0925995894171));
#6835=CARTESIAN_POINT('Ctrl Pts',(-63.9999507454908,5.29509420747374,24.0640541029383));
#6836=CARTESIAN_POINT('Ctrl Pts',(-63.999930456187,5.33090223605048,24.0332252766197));
#6837=CARTESIAN_POINT('Ctrl Pts',(-63.9999097578427,5.36743216895029,24.0017749287073));
#6838=CARTESIAN_POINT('Ctrl Pts',(-63.9998928420138,5.40189598179728,23.9679474462691));
#6839=CARTESIAN_POINT('Ctrl Pts',(-63.9998848493035,5.43410372883744,23.9319979730664));
#6840=CARTESIAN_POINT('Ctrl Pts',(-63.9998768565932,5.4663114758776,23.8960484998637));
#6841=CARTESIAN_POINT('Ctrl Pts',(-63.9998778679228,5.49626390946202,23.8579760858935));
#6842=CARTESIAN_POINT('Ctrl Pts',(-63.9998872068913,5.52372706252594,23.8180063550072));
#6843=CARTESIAN_POINT('Ctrl Pts',(-63.9998964774108,5.55098892728715,23.7783295780752));
#6844=CARTESIAN_POINT('Ctrl Pts',(-63.9999149771986,5.57562061307234,23.7370407423242));
#6845=CARTESIAN_POINT('Ctrl Pts',(-63.999935468337,5.59744860418545,23.694399060942));
#6846=CARTESIAN_POINT('Ctrl Pts',(-63.999955635953,5.6189319661075,23.6524306237482));
#6847=CARTESIAN_POINT('Ctrl Pts',(-63.9999777906973,5.63770001593721,23.6091507598124));
#6848=CARTESIAN_POINT('Ctrl Pts',(-63.9999903966343,5.65354474058816,23.5647816190844));
#6849=CARTESIAN_POINT('Ctrl Pts',(-63.9999964622794,5.661168804975,23.5434323565916));
#6850=CARTESIAN_POINT('Ctrl Pts',(-64.0000002424006,5.6681153498988,23.5218306112604));
#6851=CARTESIAN_POINT('Ctrl Pts',(-64.,5.67435702240933,23.5));
#6852=CARTESIAN_POINT('Ctrl Pts',(-67.5,3.23638436783896,23.5));
#6853=CARTESIAN_POINT('Ctrl Pts',(-66.8956968888966,3.28698604640528,23.5));
#6854=CARTESIAN_POINT('Ctrl Pts',(-66.2992676432232,3.32952261911094,23.5));
#6855=CARTESIAN_POINT('Ctrl Pts',(-65.7482080102181,3.37331035182515,23.5));
#6856=CARTESIAN_POINT('Ctrl Pts',(-65.1193747154726,3.42327805510611,23.5));
#6857=CARTESIAN_POINT('Ctrl Pts',(-64.5496212090564,3.47487500457463,23.5));
#6858=CARTESIAN_POINT('Ctrl Pts',(-64.0001956919208,3.54106375671797,23.5));
#6859=CARTESIAN_POINT('Ctrl Pts',(-55.1285569307948,4.96395788482072,23.4999999999999));
#6860=CARTESIAN_POINT('Ctrl Pts',(-56.4738908073148,4.72414311604978,23.4999999999999));
#6861=CARTESIAN_POINT('Ctrl Pts',(-57.7852664299235,4.53392317510083,23.4999999999999));
#6862=CARTESIAN_POINT('Ctrl Pts',(-59.,4.34850561015934,23.4999999999999));
#6863=CARTESIAN_POINT('Ctrl Pts',(-55.138293409168,5.01857843325745,23.6957205411737));
#6864=CARTESIAN_POINT('Ctrl Pts',(-56.4825980776584,4.77894712770703,23.6957205411737));
#6865=CARTESIAN_POINT('Ctrl Pts',(-57.7932174367462,4.5888337021249,23.6957205411737));
#6866=CARTESIAN_POINT('Ctrl Pts',(-59.0083717680795,4.40335191196598,23.6957205411737));
#6867=CARTESIAN_POINT('Ctrl Pts',(-55.177303491623,5.23742060766316,24.0547693575254));
#6868=CARTESIAN_POINT('Ctrl Pts',(-56.5174680365902,4.99852730684353,24.0547693575254));
#6869=CARTESIAN_POINT('Ctrl Pts',(-57.8250671167759,4.80883873216709,24.0547693575254));
#6870=CARTESIAN_POINT('Ctrl Pts',(-59.0419140151379,4.62309858769517,24.0547693575254));
#6871=CARTESIAN_POINT('Ctrl Pts',(-55.2879711491912,5.85825371783698,24.37085638677));
#6872=CARTESIAN_POINT('Ctrl Pts',(-56.6163820084685,5.62145559016741,24.37085638677));
#6873=CARTESIAN_POINT('Ctrl Pts',(-57.9154179317686,5.43297128118881,24.37085638677));
#6874=CARTESIAN_POINT('Ctrl Pts',(-59.1370699768261,5.24649767662211,24.37085638677));
#6875=CARTESIAN_POINT('Ctrl Pts',(-55.4256071471858,6.63037618418757,24.2246950077931));
#6876=CARTESIAN_POINT('Ctrl Pts',(-56.7394207773782,6.39618011031207,24.2246950077931));
#6877=CARTESIAN_POINT('Ctrl Pts',(-58.0277945800093,6.20919592808868,24.2246950077931));
#6878=CARTESIAN_POINT('Ctrl Pts',(-59.2554142703612,6.02181141903545,24.2246950077931));
#6879=CARTESIAN_POINT('Ctrl Pts',(-55.4870180288357,6.9748843222562,23.7609607215645));
#6880=CARTESIAN_POINT('Ctrl Pts',(-56.7942797310187,6.7418561734051,23.7609607215645));
#6881=CARTESIAN_POINT('Ctrl Pts',(-58.0779192636532,6.55553681728363,23.7609607215645));
#6882=CARTESIAN_POINT('Ctrl Pts',(-59.3082175159518,6.36774345113948,23.7609607215645));
#6883=CARTESIAN_POINT('Ctrl Pts',(-55.5,7.04771172017174,23.4999999999995));
#6884=CARTESIAN_POINT('Ctrl Pts',(-56.805914750315,6.81492367450723,23.4999999999995));
#6885=CARTESIAN_POINT('Ctrl Pts',(-58.088530959667,6.62874927293924,23.4999999999995));
#6886=CARTESIAN_POINT('Ctrl Pts',(-59.3193798733911,6.44087185354823,23.4999999999995));
#6887=CARTESIAN_POINT('',(-59.,4.34850561015936,23.5));
#6888=CARTESIAN_POINT('Ctrl Pts',(-58.9996729653813,6.48949142981711,23.5));
#6889=CARTESIAN_POINT('Ctrl Pts',(-58.9996752487289,6.47653926849286,23.5451732499717));
#6890=CARTESIAN_POINT('Ctrl Pts',(-58.9996590227993,6.46056444257087,23.5893675258679));
#6891=CARTESIAN_POINT('Ctrl Pts',(-58.9996406742201,6.44179546089408,23.6323706985742));
#6892=CARTESIAN_POINT('Ctrl Pts',(-58.9996219576432,6.42265005007276,23.6762363393563));
#6893=CARTESIAN_POINT('Ctrl Pts',(-58.9996009521978,6.40059675076984,23.7188635939274));
#6894=CARTESIAN_POINT('Ctrl Pts',(-58.9995873961748,6.3758287930626,23.7600078465784));
#6895=CARTESIAN_POINT('Ctrl Pts',(-58.9995818463183,6.3656887532115,23.776852366682));
#6896=CARTESIAN_POINT('Ctrl Pts',(-58.9995774642234,6.35509319099108,23.7934480143406));
#6897=CARTESIAN_POINT('Ctrl Pts',(-58.9995746074094,6.34405337304814,23.8097764941918));
#6898=CARTESIAN_POINT('Ctrl Pts',(-58.9995676423335,6.31713766603011,23.849586261164));
#6899=CARTESIAN_POINT('Ctrl Pts',(-58.999569884738,6.28775935850729,23.8875510509225));
#6900=CARTESIAN_POINT('Ctrl Pts',(-58.9995824448673,6.25614909591676,23.9234543364598));
#6901=CARTESIAN_POINT('Ctrl Pts',(-58.999594981327,6.2245984030117,23.9592899620902));
#6902=CARTESIAN_POINT('Ctrl Pts',(-58.9996176855953,6.19082343418663,23.993072734709));
#6903=CARTESIAN_POINT('Ctrl Pts',(-58.9996450962305,6.15501069095801,24.0245603289621));
#6904=CARTESIAN_POINT('Ctrl Pts',(-58.9996722734232,6.11950294667619,24.0557797593658));
#6905=CARTESIAN_POINT('Ctrl Pts',(-58.9997039692443,6.08199128539316,24.0847437682556));
#6906=CARTESIAN_POINT('Ctrl Pts',(-58.9997300374055,6.0426260144448,24.1111768654854));
#6907=CARTESIAN_POINT('Ctrl Pts',(-58.9997382449355,6.03023190498,24.1194992951974));
#6908=CARTESIAN_POINT('Ctrl Pts',(-58.9997458144777,6.01767749500792,24.1275546106382));
#6909=CARTESIAN_POINT('Ctrl Pts',(-58.9997523825802,6.00496893038655,24.1353362324136));
#6910=CARTESIAN_POINT('Ctrl Pts',(-58.9997731721739,5.96474332568543,24.1599669008483));
#6911=CARTESIAN_POINT('Ctrl Pts',(-58.9997843007673,5.92297580263221,24.1818587666156));
#6912=CARTESIAN_POINT('Ctrl Pts',(-58.9997924804719,5.87998115562594,24.2010199159355));
#6913=CARTESIAN_POINT('Ctrl Pts',(-58.9998008548488,5.83596326025393,24.2206370898095));
#6914=CARTESIAN_POINT('Ctrl Pts',(-58.9998059816848,5.79065812644156,24.2373923912261));
#6915=CARTESIAN_POINT('Ctrl Pts',(-58.9998111971191,5.74437707250548,24.251247051939));
#6916=CARTESIAN_POINT('Ctrl Pts',(-58.9998148991118,5.71152609332244,24.2610812958025));
#6917=CARTESIAN_POINT('Ctrl Pts',(-58.9998185587966,5.67818281618392,24.269453100985));
#6918=CARTESIAN_POINT('Ctrl Pts',(-58.9998229074804,5.64445513789873,24.2763330639036));
#6919=CARTESIAN_POINT('Ctrl Pts',(-58.9998290476537,5.5968329601034,24.286047305559));
#6920=CARTESIAN_POINT('Ctrl Pts',(-58.9998364297415,5.54872761069589,24.2927318109376));
#6921=CARTESIAN_POINT('Ctrl Pts',(-58.9998454606325,5.50045560691218,24.296366644077));
#6922=CARTESIAN_POINT('Ctrl Pts',(-58.9998543954467,5.45269715375218,24.2999628073729));
#6923=CARTESIAN_POINT('Ctrl Pts',(-58.9998647724852,5.40477445562122,24.3005739354664));
#6924=CARTESIAN_POINT('Ctrl Pts',(-58.9998759985251,5.35698530787468,24.2981315457921));
#6925=CARTESIAN_POINT('Ctrl Pts',(-58.999887224565,5.30919616012814,24.2956891561178));
#6926=CARTESIAN_POINT('Ctrl Pts',(-58.9998991325553,5.26153947911737,24.2901934621029));
#6927=CARTESIAN_POINT('Ctrl Pts',(-58.999912657731,5.21432066251121,24.2815241253999));
#6928=CARTESIAN_POINT('Ctrl Pts',(-58.9999131108653,5.21273868926863,24.2812336763865));
#6929=CARTESIAN_POINT('Ctrl Pts',(-58.9999135660986,5.21115720913278,24.2809396600766));
#6930=CARTESIAN_POINT('Ctrl Pts',(-58.9999140233308,5.20957623264908,24.2806420809562));
#6931=CARTESIAN_POINT('Ctrl Pts',(-58.9999275698553,5.16273628131186,24.2718256363962));
#6932=CARTESIAN_POINT('Ctrl Pts',(-58.9999422933828,5.11661043571847,24.2599376232231));
#6933=CARTESIAN_POINT('Ctrl Pts',(-58.9999544461925,5.07145331105098,24.2451743287268));
#6934=CARTESIAN_POINT('Ctrl Pts',(-58.9999669854635,5.02486018263308,24.2299415591163));
#6935=CARTESIAN_POINT('Ctrl Pts',(-58.9999766124001,4.97929722294871,24.2116474163769));
#6936=CARTESIAN_POINT('Ctrl Pts',(-58.9999817874929,4.93505829722644,24.1904524900809));
#6937=CARTESIAN_POINT('Ctrl Pts',(-58.9999869625856,4.89081937150416,24.1692575637848));
#6938=CARTESIAN_POINT('Ctrl Pts',(-58.999987513431,4.84790333744111,24.1451612621424));
#6939=CARTESIAN_POINT('Ctrl Pts',(-58.9999870579249,4.80663524676502,24.1182773225162));
#6940=CARTESIAN_POINT('Ctrl Pts',(-58.9999866129001,4.76631673549144,24.0920119827551));
#6941=CARTESIAN_POINT('Ctrl Pts',(-58.9999847254512,4.7278205401517,24.0632478610448));
#6942=CARTESIAN_POINT('Ctrl Pts',(-58.9999879803839,4.69141672108455,24.0321425249376));
#6943=CARTESIAN_POINT('Ctrl Pts',(-58.9999886577292,4.68384115585821,24.0256695638965));
#6944=CARTESIAN_POINT('Ctrl Pts',(-58.9999895724838,4.67635629232458,24.0190950629642));
#6945=CARTESIAN_POINT('Ctrl Pts',(-58.9999908094468,4.66896472402494,24.0124202078242));
#6946=CARTESIAN_POINT('Ctrl Pts',(-58.9999967542731,4.63344095504691,23.9803409517928));
#6947=CARTESIAN_POINT('Ctrl Pts',(-59.000009649868,4.60006889029848,23.9459464132757));
#6948=CARTESIAN_POINT('Ctrl Pts',(-59.0000197890895,4.56901048738918,23.9094844596874));
#6949=CARTESIAN_POINT('Ctrl Pts',(-59.0000279206684,4.54410188308591,23.8802422485954));
#6950=CARTESIAN_POINT('Ctrl Pts',(-59.0000343678601,4.52068196616602,23.8496693569782));
#6951=CARTESIAN_POINT('Ctrl Pts',(-59.0000373137873,4.49885507645548,23.8178816003441));
#6952=CARTESIAN_POINT('Ctrl Pts',(-59.0000409762639,4.47171914613806,23.778361982093));
#6953=CARTESIAN_POINT('Ctrl Pts',(-59.0000383495029,4.44722159332272,23.7372237865526));
#6954=CARTESIAN_POINT('Ctrl Pts',(-59.0000313848574,4.42550160196391,23.694731534244));
#6955=CARTESIAN_POINT('Ctrl Pts',(-59.000024484136,4.40398096477058,23.6526292916438));
#6956=CARTESIAN_POINT('Ctrl Pts',(-59.0000132524495,4.38518663000535,23.6091967694348));
#6957=CARTESIAN_POINT('Ctrl Pts',(-59.0000059584939,4.36929727380077,23.564666415004));
#6958=CARTESIAN_POINT('Ctrl Pts',(-59.0000024676651,4.36169275496355,23.5433545434129));
#6959=CARTESIAN_POINT('Ctrl Pts',(-58.999999979691,4.35475430943175,23.5217909348939));
#6960=CARTESIAN_POINT('Ctrl Pts',(-59.,4.34850561015935,23.5));
#6961=CARTESIAN_POINT('',(-55.5,4.89871705546019,23.5));
#6962=CARTESIAN_POINT('Ctrl Pts',(-55.4996886543856,4.8988673158518,23.5));
#6963=CARTESIAN_POINT('Ctrl Pts',(-55.4996915922779,4.91191530513172,23.5453599183002));
#6964=CARTESIAN_POINT('Ctrl Pts',(-55.4997067996668,4.92795796920372,23.589736200897));
#6965=CARTESIAN_POINT('Ctrl Pts',(-55.4997209148817,4.94679553244075,23.6329059403478));
#6966=CARTESIAN_POINT('Ctrl Pts',(-55.4997352196589,4.96588607735595,23.6766554338249));
#6967=CARTESIAN_POINT('Ctrl Pts',(-55.4997484903325,4.98784758131824,23.7191667344815));
#6968=CARTESIAN_POINT('Ctrl Pts',(-55.4997556868756,5.01252063595775,23.7601889827566));
#6969=CARTESIAN_POINT('Ctrl Pts',(-55.4997584948209,5.02214756209329,23.7761950330745));
#6970=CARTESIAN_POINT('Ctrl Pts',(-55.4997604653642,5.03218777252734,23.7919741094122));
#6971=CARTESIAN_POINT('Ctrl Pts',(-55.4997616139731,5.04263351593777,23.8075100444249));
#6972=CARTESIAN_POINT('Ctrl Pts',(-55.4997645653207,5.06947382855588,23.8474295921462));
#6973=CARTESIAN_POINT('Ctrl Pts',(-55.4997618301511,5.09881194803597,23.8854832491737));
#6974=CARTESIAN_POINT('Ctrl Pts',(-55.4997575734405,5.13044628682321,23.9214472349421));
#6975=CARTESIAN_POINT('Ctrl Pts',(-55.4997537810192,5.15863019455599,23.9534885449696));
#6976=CARTESIAN_POINT('Ctrl Pts',(-55.4997489630599,5.1886377570553,23.9838714440691));
#6977=CARTESIAN_POINT('Ctrl Pts',(-55.4997512981005,5.22035608123113,24.0124202078242));
#6978=CARTESIAN_POINT('Ctrl Pts',(-55.4997539190256,5.25595775434551,24.0444642637898));
#6979=CARTESIAN_POINT('Ctrl Pts',(-55.4997655820645,5.29371482670537,24.0741988718968));
#6980=CARTESIAN_POINT('Ctrl Pts',(-55.499777826109,5.33335245832228,24.1014763147691));
#6981=CARTESIAN_POINT('Ctrl Pts',(-55.4997789323323,5.33693363364983,24.1039407734521));
#6982=CARTESIAN_POINT('Ctrl Pts',(-55.4997800463804,5.34053017771187,24.1063851450622));
#6983=CARTESIAN_POINT('Ctrl Pts',(-55.4997811637084,5.34414189788717,24.1088093023967));
#6984=CARTESIAN_POINT('Ctrl Pts',(-55.4997935189277,5.38407967569344,24.1356152154499));
#6985=CARTESIAN_POINT('Ctrl Pts',(-55.4998059273933,5.42562714971539,24.1597895561736));
#6986=CARTESIAN_POINT('Ctrl Pts',(-55.4998145576907,5.4684794978563,24.1812315448815));
#6987=CARTESIAN_POINT('Ctrl Pts',(-55.4998233268586,5.51202138489927,24.2030185575143));
#6988=CARTESIAN_POINT('Ctrl Pts',(-55.4998283709524,5.55691145592946,24.221985240923));
#6989=CARTESIAN_POINT('Ctrl Pts',(-55.4998307294616,5.60286159336242,24.2379821592238));
#6990=CARTESIAN_POINT('Ctrl Pts',(-55.4998330879708,5.64881173079539,24.2539790775247));
#6991=CARTESIAN_POINT('Ctrl Pts',(-55.499832950756,5.69582299838584,24.2670068226483));
#6992=CARTESIAN_POINT('Ctrl Pts',(-55.4998336003316,5.74362316067428,24.2768633087777));
#6993=CARTESIAN_POINT('Ctrl Pts',(-55.4998337086579,5.75159453771506,24.2785070221768));
#6994=CARTESIAN_POINT('Ctrl Pts',(-55.4998338456425,5.75958015623457,24.2800608201159));
#6995=CARTESIAN_POINT('Ctrl Pts',(-55.4998340329029,5.76757865837396,24.2815241253999));
#6996=CARTESIAN_POINT('Ctrl Pts',(-55.4998351331873,5.81457539399452,24.2901220566582));
#6997=CARTESIAN_POINT('Ctrl Pts',(-55.4998378016041,5.86201564142911,24.2956000701299));
#6998=CARTESIAN_POINT('Ctrl Pts',(-55.4998419321552,5.90960070854588,24.2980720893386));
#6999=CARTESIAN_POINT('Ctrl Pts',(-55.4998461436635,5.9581184230298,24.3005925590874));
#7000=CARTESIAN_POINT('Ctrl Pts',(-55.4998520697323,6.0067877787023,24.2999880031023));
#7001=CARTESIAN_POINT('Ctrl Pts',(-55.4998600640657,6.05529915505313,24.2963255408729));
#7002=CARTESIAN_POINT('Ctrl Pts',(-55.4998670276299,6.09755559680616,24.2931353072924));
#7003=CARTESIAN_POINT('Ctrl Pts',(-55.4998756495709,6.1396927415799,24.2876239899558));
#7004=CARTESIAN_POINT('Ctrl Pts',(-55.4998846642681,6.1815001810807,24.2798042787671));
#7005=CARTESIAN_POINT('Ctrl Pts',(-55.4998949779453,6.2293318972581,24.2708577799948));
#7006=CARTESIAN_POINT('Ctrl Pts',(-55.4999060738925,6.27645548093599,24.2589424864083));
#7007=CARTESIAN_POINT('Ctrl Pts',(-55.4999165264125,6.32256680447817,24.2441330894566));
#7008=CARTESIAN_POINT('Ctrl Pts',(-55.4999267733646,6.3677712649751,24.2296149462314));
#7009=CARTESIAN_POINT('Ctrl Pts',(-55.4999365765069,6.41200390735535,24.2123150575581));
#7010=CARTESIAN_POINT('Ctrl Pts',(-55.4999416249481,6.45496504471042,24.1922568578134));
#7011=CARTESIAN_POINT('Ctrl Pts',(-55.4999459012055,6.49135506542129,24.175266658087));
#7012=CARTESIAN_POINT('Ctrl Pts',(-55.4999467754885,6.52683291974688,24.15629657536));
#7013=CARTESIAN_POINT('Ctrl Pts',(-55.4999385214235,6.56120078270773,24.1353362324136));
#7014=CARTESIAN_POINT('Ctrl Pts',(-55.4999363838547,6.57010108502097,24.1299080977336));
#7015=CARTESIAN_POINT('Ctrl Pts',(-55.4999336151207,6.57892684583312,24.1243463672389));
#7016=CARTESIAN_POINT('Ctrl Pts',(-55.4999303456632,6.58767594300788,24.1186532329693));
#7017=CARTESIAN_POINT('Ctrl Pts',(-55.4999154162047,6.62762730678373,24.0926564388217));
#7018=CARTESIAN_POINT('Ctrl Pts',(-55.4998914184555,6.66574107076137,24.0640802739883));
#7019=CARTESIAN_POINT('Ctrl Pts',(-55.4998709667006,6.70186276867381,24.0332003198415));
#7020=CARTESIAN_POINT('Ctrl Pts',(-55.4998500789311,6.73875455154363,24.0016620304129));
#7021=CARTESIAN_POINT('Ctrl Pts',(-55.49983303281,6.77356925682929,23.9677198669294));
#7022=CARTESIAN_POINT('Ctrl Pts',(-55.4998270375303,6.80610793750913,23.9316250397646));
#7023=CARTESIAN_POINT('Ctrl Pts',(-55.4998210422506,6.83864661818897,23.8955302125998));
#7024=CARTESIAN_POINT('Ctrl Pts',(-55.4998262279008,6.8689100450792,23.8572817533674));
#7025=CARTESIAN_POINT('Ctrl Pts',(-55.4998416101588,6.89665331365518,23.8171025866424));
#7026=CARTESIAN_POINT('Ctrl Pts',(-55.4998567844746,6.92402154009758,23.7774665743901));
#7027=CARTESIAN_POINT('Ctrl Pts',(-55.4998826768244,6.94875561698625,23.7362142675057));
#7028=CARTESIAN_POINT('Ctrl Pts',(-55.4999109613791,6.97067743617134,23.6936003593565));
#7029=CARTESIAN_POINT('Ctrl Pts',(-55.4999387173964,6.99218961480503,23.6517827530418));
#7030=CARTESIAN_POINT('Ctrl Pts',(-55.4999688636486,7.01099417542662,23.6086529991988));
#7031=CARTESIAN_POINT('Ctrl Pts',(-55.4999863277347,7.02688006748024,23.564428274992));
#7032=CARTESIAN_POINT('Ctrl Pts',(-55.4999947117888,7.03450647158118,23.5431971337433));
#7033=CARTESIAN_POINT('Ctrl Pts',(-55.5000000574282,7.04145952109941,23.5217133707746));
#7034=CARTESIAN_POINT('Ctrl Pts',(-55.5,7.04771172017161,23.5));
#7035=CARTESIAN_POINT('Ctrl Pts',(-59.,4.34850561015935,23.5));
#7036=CARTESIAN_POINT('Ctrl Pts',(-57.897242941102,4.51683102210135,23.5));
#7037=CARTESIAN_POINT('Ctrl Pts',(-56.7148399186717,4.68911423351404,23.5));
#7038=CARTESIAN_POINT('Ctrl Pts',(-55.4996886543856,4.8988673158518,23.5));
#7039=CARTESIAN_POINT('Ctrl Pts',(-38.4509744111819,8.79290023506849,23.4999999999999));
#7040=CARTESIAN_POINT('Ctrl Pts',(-39.6889309498159,8.66166330863621,23.4999999999999));
#7041=CARTESIAN_POINT('Ctrl Pts',(-40.874396436321,8.52061161416513,23.4999999999999));
#7042=CARTESIAN_POINT('Ctrl Pts',(-42.,8.36266061676575,23.4999999999999));
#7043=CARTESIAN_POINT('Ctrl Pts',(-38.4568232889472,8.84807263715075,23.6957205411736));
#7044=CARTESIAN_POINT('Ctrl Pts',(-39.6952803058117,8.71678265455481,23.6957205411736));
#7045=CARTESIAN_POINT('Ctrl Pts',(-40.8812219052762,8.57567897288473,23.6957205411736));
#7046=CARTESIAN_POINT('Ctrl Pts',(-42.0077099438116,8.4176038610189,23.6957205411736));
#7047=CARTESIAN_POINT('Ctrl Pts',(-38.4802571065087,9.06912359029436,24.0547763501812));
#7048=CARTESIAN_POINT('Ctrl Pts',(-39.7207273623252,8.93762018236078,24.0547763501812));
#7049=CARTESIAN_POINT('Ctrl Pts',(-40.9085542603865,8.79631106049872,24.0547763501812));
#7050=CARTESIAN_POINT('Ctrl Pts',(-42.0386002143803,8.63773668200523,24.0547763501812));
#7051=CARTESIAN_POINT('Ctrl Pts',(-38.5467377116879,9.69623443562812,24.370867381623));
#7052=CARTESIAN_POINT('Ctrl Pts',(-39.7929234921086,9.5641251196044,24.370867381623));
#7053=CARTESIAN_POINT('Ctrl Pts',(-40.9860876469503,9.42223461226372,24.370867381623));
#7054=CARTESIAN_POINT('Ctrl Pts',(-42.1262344155155,9.26224283088737,24.370867381623));
#7055=CARTESIAN_POINT('Ctrl Pts',(-38.6294222349189,10.4761966685175,24.2247129356775));
#7056=CARTESIAN_POINT('Ctrl Pts',(-39.8827062842732,10.3433348583885,24.2247129356775));
#7057=CARTESIAN_POINT('Ctrl Pts',(-41.0825372405605,10.2007175945744,24.2247129356775));
#7058=CARTESIAN_POINT('Ctrl Pts',(-42.2352284916083,10.0389655011451,24.2247129356775));
#7059=CARTESIAN_POINT('Ctrl Pts',(-38.6663084432284,10.8241438812684,23.7609607215649));
#7060=CARTESIAN_POINT('Ctrl Pts',(-39.9227785319859,10.6909443161329,23.7609607215649));
#7061=CARTESIAN_POINT('Ctrl Pts',(-41.1255297867606,10.548009724713,23.7609607215649));
#7062=CARTESIAN_POINT('Ctrl Pts',(-42.2838515958865,10.3854675198332,23.7609607215649));
#7063=CARTESIAN_POINT('Ctrl Pts',(-38.6741069469154,10.8977070840447,23.5));
#7064=CARTESIAN_POINT('Ctrl Pts',(-39.9312320248181,10.7644380828996,23.5));
#7065=CARTESIAN_POINT('Ctrl Pts',(-41.1346521761204,10.621429815614,23.5));
#7066=CARTESIAN_POINT('Ctrl Pts',(-42.2941315209687,10.4587251788374,23.5));
#7067=CARTESIAN_POINT('Origin',(-38.5625406790685,9.84530365955452,23.2));
#7068=CARTESIAN_POINT('',(-42.,8.36266061676577,23.5));
#7069=CARTESIAN_POINT('Ctrl Pts',(-42.,8.36266061676578,23.5));
#7070=CARTESIAN_POINT('Ctrl Pts',(-41.6402864676448,8.41313763464927,23.5));
#7071=CARTESIAN_POINT('Ctrl Pts',(-41.2744593877132,8.46188876924031,23.5));
#7072=CARTESIAN_POINT('Ctrl Pts',(-40.9027593253721,8.50914524048401,23.5));
#7073=CARTESIAN_POINT('Ctrl Pts',(-41.9999663339914,10.4994578935612,23.5));
#7074=CARTESIAN_POINT('Ctrl Pts',(-41.9999657910173,10.4865218536732,23.5452140976866));
#7075=CARTESIAN_POINT('Ctrl Pts',(-41.9999482128392,10.4705632327488,23.5894510585059));
#7076=CARTESIAN_POINT('Ctrl Pts',(-41.999928509398,10.4518096398319,23.6324974896691));
#7077=CARTESIAN_POINT('Ctrl Pts',(-41.9999084252736,10.4326937154759,23.6763756054815));
#7078=CARTESIAN_POINT('Ctrl Pts',(-41.9998860563046,10.4106732379323,23.7190177175276));
#7079=CARTESIAN_POINT('Ctrl Pts',(-41.9998700391788,10.385940087779,23.7601780636207));
#7080=CARTESIAN_POINT('Ctrl Pts',(-41.9998633348743,10.3755875081318,23.7774065912685));
#7081=CARTESIAN_POINT('Ctrl Pts',(-41.99985766514,10.3647591264416,23.7943751905701));
#7082=CARTESIAN_POINT('Ctrl Pts',(-41.9998533516529,10.3534668797007,23.811064196465));
#7083=CARTESIAN_POINT('Ctrl Pts',(-41.999843064283,10.3265356478787,23.8508663276923));
#7084=CARTESIAN_POINT('Ctrl Pts',(-41.9998408445266,10.297143466181,23.8888223122678));
#7085=CARTESIAN_POINT('Ctrl Pts',(-41.9998475840019,10.2655189384359,23.9247135903745));
#7086=CARTESIAN_POINT('Ctrl Pts',(-41.9998543005282,10.2340020969161,23.9604826533358));
#7087=CARTESIAN_POINT('Ctrl Pts',(-41.9998698105134,10.2002673528776,23.9942019281706));
#7088=CARTESIAN_POINT('Ctrl Pts',(-41.999889116093,10.1644985694619,24.0256276261984));
#7089=CARTESIAN_POINT('Ctrl Pts',(-41.9999082996259,10.1289559105173,24.0568546560393));
#7090=CARTESIAN_POINT('Ctrl Pts',(-41.999931132105,10.0914041539769,24.0858178656399));
#7091=CARTESIAN_POINT('Ctrl Pts',(-41.9999484117392,10.0519923966823,24.112238062767));
#7092=CARTESIAN_POINT('Ctrl Pts',(-41.9999536116906,10.0401322369125,24.1201886790447));
#7093=CARTESIAN_POINT('Ctrl Pts',(-41.9999582611063,10.028125246076,24.1278940690085));
#7094=CARTESIAN_POINT('Ctrl Pts',(-41.9999620578692,10.0159767795519,24.1353484177758));
#7095=CARTESIAN_POINT('Ctrl Pts',(-41.9999746125539,9.97580567345987,24.1599975728428));
#7096=CARTESIAN_POINT('Ctrl Pts',(-41.9999781618379,9.93409018584048,24.1819050960199));
#7097=CARTESIAN_POINT('Ctrl Pts',(-41.9999786734217,9.89114504176951,24.2010782120356));
#7098=CARTESIAN_POINT('Ctrl Pts',(-41.9999791968935,9.84720195871757,24.2206968638684));
#7099=CARTESIAN_POINT('Ctrl Pts',(-41.9999763941416,9.80197039055239,24.2374529170327));
#7100=CARTESIAN_POINT('Ctrl Pts',(-41.9999735028404,9.75576119834669,24.2513065947764));
#7101=CARTESIAN_POINT('Ctrl Pts',(-41.9999714236426,9.72253115991465,24.2612690767389));
#7102=CARTESIAN_POINT('Ctrl Pts',(-41.9999692251242,9.688794952874,24.2697296499845));
#7103=CARTESIAN_POINT('Ctrl Pts',(-41.9999677978917,9.65466467234014,24.276657249887));
#7104=CARTESIAN_POINT('Ctrl Pts',(-41.9999658097875,9.60712192372539,24.2863072479392));
#7105=CARTESIAN_POINT('Ctrl Pts',(-41.9999652502436,9.55910070650533,24.2929267493202));
#7106=CARTESIAN_POINT('Ctrl Pts',(-41.9999662126436,9.51091702171539,24.2964957418499));
#7107=CARTESIAN_POINT('Ctrl Pts',(-41.9999671633295,9.46331981649096,24.3000212935096));
#7108=CARTESIAN_POINT('Ctrl Pts',(-41.9999694451945,9.41556295805366,24.3005702241793));
#7109=CARTESIAN_POINT('Ctrl Pts',(-41.9999726422643,9.36794239233152,24.2980743192461));
#7110=CARTESIAN_POINT('Ctrl Pts',(-41.9999758145293,9.32069129604282,24.2955977790677));
#7111=CARTESIAN_POINT('Ctrl Pts',(-41.9999797438445,9.27357334654739,24.2901236078751));
#7112=CARTESIAN_POINT('Ctrl Pts',(-41.9999857256363,9.22688501428431,24.2815350158193));
#7113=CARTESIAN_POINT('Ctrl Pts',(-41.9999859602092,9.22505415586029,24.2811982186935));
#7114=CARTESIAN_POINT('Ctrl Pts',(-41.9999861983228,9.22322396023099,24.280856625651));
#7115=CARTESIAN_POINT('Ctrl Pts',(-41.9999864398711,9.22139444379437,24.2805102437026));
#7116=CARTESIAN_POINT('Ctrl Pts',(-41.9999926108917,9.17465436943448,24.2716609556061));
#7117=CARTESIAN_POINT('Ctrl Pts',(-42.0000004004408,9.12863188469807,24.2597424992206));
#7118=CARTESIAN_POINT('Ctrl Pts',(-42.0000062185909,9.08358075712347,24.2449523595252));
#7119=CARTESIAN_POINT('Ctrl Pts',(-42.0000122092754,9.03719365954634,24.2297236251924));
#7120=CARTESIAN_POINT('Ctrl Pts',(-42.0000159532537,8.99183525678491,24.2114500343841));
#7121=CARTESIAN_POINT('Ctrl Pts',(-42.0000160906123,8.94779629543773,24.1902924855459));
#7122=CARTESIAN_POINT('Ctrl Pts',(-42.0000162279709,8.90375733409054,24.1691349367076));
#7123=CARTESIAN_POINT('Ctrl Pts',(-42.0000126054828,8.86103668621257,24.1450928447628));
#7124=CARTESIAN_POINT('Ctrl Pts',(-42.0000087160612,8.81995561988333,24.118280568372));
#7125=CARTESIAN_POINT('Ctrl Pts',(-42.0000049031725,8.77968291366912,24.0919958823473));
#7126=CARTESIAN_POINT('Ctrl Pts',(-42.0000002480677,8.7412356649622,24.0632116058052));
#7127=CARTESIAN_POINT('Ctrl Pts',(-42.0000008041884,8.70488311607837,24.0320872771266));
#7128=CARTESIAN_POINT('Ctrl Pts',(-42.0000009194956,8.69734570264005,24.0256338937891));
#7129=CARTESIAN_POINT('Ctrl Pts',(-42.0000012722281,8.68989843159832,24.0190797559512));
#7130=CARTESIAN_POINT('Ctrl Pts',(-42.0000019393585,8.6825438587458,24.0124260526456));
#7131=CARTESIAN_POINT('Ctrl Pts',(-42.0000051578686,8.64706238921461,23.9803258646616));
#7132=CARTESIAN_POINT('Ctrl Pts',(-42.0000152497296,8.61373529306846,23.9459109850171));
#7133=CARTESIAN_POINT('Ctrl Pts',(-42.0000232054522,8.58272291965267,23.9094312681611));
#7134=CARTESIAN_POINT('Ctrl Pts',(-42.0000295633388,8.55793910528073,23.8802781775937));
#7135=CARTESIAN_POINT('Ctrl Pts',(-42.000034638199,8.53463416387316,23.8498054252465));
#7136=CARTESIAN_POINT('Ctrl Pts',(-42.0000366792604,8.51291039692422,23.8181284252878));
#7137=CARTESIAN_POINT('Ctrl Pts',(-42.0000392259099,8.48580547046344,23.7786047664125));
#7138=CARTESIAN_POINT('Ctrl Pts',(-42.0000361257273,8.4613370057613,23.7374640960577));
#7139=CARTESIAN_POINT('Ctrl Pts',(-42.0000293059818,8.43964288079649,23.6949720109677));
#7140=CARTESIAN_POINT('Ctrl Pts',(-42.0000225435609,8.41813110969309,23.6528371007262));
#7141=CARTESIAN_POINT('Ctrl Pts',(-42.0000120574227,8.39934672118755,23.6093724342696));
#7142=CARTESIAN_POINT('Ctrl Pts',(-42.0000053686416,8.38346740895188,23.5648117306845));
#7143=CARTESIAN_POINT('Ctrl Pts',(-42.0000021624006,8.37585572267565,23.5434517315293));
#7144=CARTESIAN_POINT('Ctrl Pts',(-41.9999999184402,8.36891223202964,23.5218396087016));
#7145=CARTESIAN_POINT('Ctrl Pts',(-42.,8.36266061676577,23.5));
#7146=CARTESIAN_POINT('Ctrl Pts',(-46.3956482167207,7.47348523269732,23.5));
#7147=CARTESIAN_POINT('Ctrl Pts',(-47.7401399061868,7.07291771212519,23.5));
#7148=CARTESIAN_POINT('Ctrl Pts',(-49.0805060526545,6.50880018749592,23.5));
#7149=CARTESIAN_POINT('Ctrl Pts',(-50.5,6.05493150073494,23.5));
#7150=CARTESIAN_POINT('Ctrl Pts',(-46.4114898316425,7.52665709141329,23.6957205411737));
#7151=CARTESIAN_POINT('Ctrl Pts',(-47.7594113372726,7.12506771777386,23.6957205411737));
#7152=CARTESIAN_POINT('Ctrl Pts',(-49.1001969323151,6.56075282568979,23.6957205411737));
#7153=CARTESIAN_POINT('Ctrl Pts',(-50.5168969577601,6.10777746691113,23.6957205411737));
#7154=CARTESIAN_POINT('Ctrl Pts',(-46.4749604124058,7.73969400523998,24.0547728099197));
#7155=CARTESIAN_POINT('Ctrl Pts',(-47.836678800854,7.33399409437271,24.0547728099197));
#7156=CARTESIAN_POINT('Ctrl Pts',(-49.179134736023,6.76889049907428,24.0547728099197));
#7157=CARTESIAN_POINT('Ctrl Pts',(-50.5845958462548,6.31950866860756,24.0547728099197));
#7158=CARTESIAN_POINT('Ctrl Pts',(-46.6550215568372,8.34406330592116,24.3708617247036));
#7159=CARTESIAN_POINT('Ctrl Pts',(-48.0559088790724,7.9266937039629,24.3708617247036));
#7160=CARTESIAN_POINT('Ctrl Pts',(-49.4030982044943,7.35935367671686,24.3708617247036));
#7161=CARTESIAN_POINT('Ctrl Pts',(-50.7766523737435,6.92017376463763,24.3708617247036));
#7162=CARTESIAN_POINT('Ctrl Pts',(-46.8789657771359,9.09572470539149,24.2247037151026));
#7163=CARTESIAN_POINT('Ctrl Pts',(-48.3284980873842,8.66386218957638,24.2247037151026));
#7164=CARTESIAN_POINT('Ctrl Pts',(-49.6815873448147,8.09373806599621,24.2247037151026));
#7165=CARTESIAN_POINT('Ctrl Pts',(-51.0155153968434,7.66722820004005,24.2247037151026));
#7166=CARTESIAN_POINT('Ctrl Pts',(-46.9788778467709,9.43107627635688,23.7609607215649));
#7167=CARTESIAN_POINT('Ctrl Pts',(-48.4502443323703,8.99270865414903,23.7609607215649));
#7168=CARTESIAN_POINT('Ctrl Pts',(-49.8059414742385,8.42134733620726,23.7609607215649));
#7169=CARTESIAN_POINT('Ctrl Pts',(-51.1220834474292,8.00052438724004,23.7609607215649));
#7170=CARTESIAN_POINT('Ctrl Pts',(-47.,9.50197208797817,23.5));
#7171=CARTESIAN_POINT('Ctrl Pts',(-48.4758551770553,9.06226713953675,23.5));
#7172=CARTESIAN_POINT('Ctrl Pts',(-49.832127231006,8.49063950239892,23.5));
#7173=CARTESIAN_POINT('Ctrl Pts',(-51.1446127244427,8.07098567547496,23.5));
#7174=CARTESIAN_POINT('',(-50.5,6.05493150073495,23.5));
#7175=CARTESIAN_POINT('Ctrl Pts',(-50.4980020882987,8.28742317548812,23.5));
#7176=CARTESIAN_POINT('Ctrl Pts',(-50.4980520962358,8.2741146648245,23.5442772740093));
#7177=CARTESIAN_POINT('Ctrl Pts',(-50.4980686654983,8.25779603210066,23.5875471049349));
#7178=CARTESIAN_POINT('Ctrl Pts',(-50.4980841820108,8.2387102173459,23.629621613312));
#7179=CARTESIAN_POINT('Ctrl Pts',(-50.4981001937831,8.21901521701136,23.6730390658658));
#7180=CARTESIAN_POINT('Ctrl Pts',(-50.4981149483443,8.19637317308805,23.7151846045084));
#7181=CARTESIAN_POINT('Ctrl Pts',(-50.4981483105818,8.17100039469272,23.7558386094656));
#7182=CARTESIAN_POINT('Ctrl Pts',(-50.498155106525,8.16583191761192,23.7641198977656));
#7183=CARTESIAN_POINT('Ctrl Pts',(-50.4981626280599,8.16054997916294,23.7723392258608));
#7184=CARTESIAN_POINT('Ctrl Pts',(-50.4981709747773,8.15515618462623,23.7804946174468));
#7185=CARTESIAN_POINT('Ctrl Pts',(-50.4982116401178,8.12887753130037,23.8202278158038));
#7186=CARTESIAN_POINT('Ctrl Pts',(-50.4982699480787,8.1001303569341,23.8581697498712));
#7187=CARTESIAN_POINT('Ctrl Pts',(-50.4983512820564,8.06918010458945,23.8941458678114));
#7188=CARTESIAN_POINT('Ctrl Pts',(-50.4984348790294,8.0373687081897,23.9311229669308));
#7189=CARTESIAN_POINT('Ctrl Pts',(-50.4985426426838,8.00322944582334,23.9660242889969));
#7190=CARTESIAN_POINT('Ctrl Pts',(-50.4986638665465,7.96700017184776,23.9986439421069));
#7191=CARTESIAN_POINT('Ctrl Pts',(-50.4987809700654,7.9320023143717,24.0301548680845));
#7192=CARTESIAN_POINT('Ctrl Pts',(-50.4989103658516,7.89505328245237,24.0595372410231));
#7193=CARTESIAN_POINT('Ctrl Pts',(-50.4990305815816,7.85633161622514,24.0865789093502));
#7194=CARTESIAN_POINT('Ctrl Pts',(-50.4991074101269,7.83158502700115,24.1038609409161));
#7195=CARTESIAN_POINT('Ctrl Pts',(-50.4991791988567,7.80619464692875,24.1201299466494));
#7196=CARTESIAN_POINT('Ctrl Pts',(-50.4992413021183,7.78021452452638,24.135342150282));
#7197=CARTESIAN_POINT('Ctrl Pts',(-50.4993400067167,7.73892269090996,24.1595198570536));
#7198=CARTESIAN_POINT('Ctrl Pts',(-50.4994149085204,7.69614283580506,24.1810304534));
#7199=CARTESIAN_POINT('Ctrl Pts',(-50.4994802047376,7.65219228201836,24.1999005364472));
#7200=CARTESIAN_POINT('Ctrl Pts',(-50.4995477193647,7.60674852778862,24.2194117221414));
#7201=CARTESIAN_POINT('Ctrl Pts',(-50.4996047103547,7.56005230936692,24.236100333456));
#7202=CARTESIAN_POINT('Ctrl Pts',(-50.4996550799427,7.51242438142952,24.249950547148));
#7203=CARTESIAN_POINT('Ctrl Pts',(-50.499680070866,7.48879373556134,24.2568223450432));
#7204=CARTESIAN_POINT('Ctrl Pts',(-50.4997032771699,7.46493336177021,24.262994700311));
#7205=CARTESIAN_POINT('Ctrl Pts',(-50.499724458122,7.44088087854171,24.268461272883));
#7206=CARTESIAN_POINT('Ctrl Pts',(-50.4997678587577,7.3915963582629,24.2796625033015));
#7207=CARTESIAN_POINT('Ctrl Pts',(-50.4998031413162,7.3417190276769,24.2878552166933));
#7208=CARTESIAN_POINT('Ctrl Pts',(-50.4998369913094,7.29157883245791,24.2930234376588));
#7209=CARTESIAN_POINT('Ctrl Pts',(-50.4998708630002,7.24140649772745,24.2981949714176));
#7210=CARTESIAN_POINT('Ctrl Pts',(-50.4999029632008,7.19096986664675,24.3003383256441));
#7211=CARTESIAN_POINT('Ctrl Pts',(-50.4999332749165,7.14058935341162,24.2993870997729));
#7212=CARTESIAN_POINT('Ctrl Pts',(-50.4999628387734,7.09145184150485,24.2984593427975));
#7213=CARTESIAN_POINT('Ctrl Pts',(-50.4999903871493,7.04236673137549,24.2945878199653));
#7214=CARTESIAN_POINT('Ctrl Pts',(-50.5000143329921,6.99363691274426,24.2876619496507));
#7215=CARTESIAN_POINT('Ctrl Pts',(-50.500018197093,6.98577346295727,24.2865443334769));
#7216=CARTESIAN_POINT('Ctrl Pts',(-50.500021969711,6.97791929490366,24.2853470768292));
#7217=CARTESIAN_POINT('Ctrl Pts',(-50.5000256486346,6.97007572178898,24.2840695912898));
#7218=CARTESIAN_POINT('Ctrl Pts',(-50.5000279941214,6.96507507510773,24.2832551341885));
#7219=CARTESIAN_POINT('Ctrl Pts',(-50.5000303157198,6.96008100596637,24.2824084366698));
#7220=CARTESIAN_POINT('Ctrl Pts',(-50.5000326196156,6.95509383252823,24.2815294261763));
#7221=CARTESIAN_POINT('Ctrl Pts',(-50.500055169216,6.90628139615346,24.2729260270125));
#7222=CARTESIAN_POINT('Ctrl Pts',(-50.5000759875495,6.85812857389698,24.2612314431506));
#7223=CARTESIAN_POINT('Ctrl Pts',(-50.5000899727649,6.81090625243608,24.2466098614109));
#7224=CARTESIAN_POINT('Ctrl Pts',(-50.5001044017133,6.7621856274868,24.2315243556996));
#7225=CARTESIAN_POINT('Ctrl Pts',(-50.500111182664,6.7144542777416,24.2133228439079));
#7226=CARTESIAN_POINT('Ctrl Pts',(-50.5001083911912,6.66803272279734,24.1921329149905));
#7227=CARTESIAN_POINT('Ctrl Pts',(-50.5001057500214,6.6241106726902,24.172083928678));
#7228=CARTESIAN_POINT('Ctrl Pts',(-50.5000942879642,6.58136050050617,24.1493588337734));
#7229=CARTESIAN_POINT('Ctrl Pts',(-50.5000800557967,6.54008699439509,24.1240288845785));
#7230=CARTESIAN_POINT('Ctrl Pts',(-50.5000792458761,6.53773821222492,24.1225874142833));
#7231=CARTESIAN_POINT('Ctrl Pts',(-50.5000784297471,6.53539422320713,24.1211374996819));
#7232=CARTESIAN_POINT('Ctrl Pts',(-50.5000776095796,6.53305508765154,24.1196791509037));
#7233=CARTESIAN_POINT('Ctrl Pts',(-50.5000631999631,6.4919585499485,24.0940572559254));
#7234=CARTESIAN_POINT('Ctrl Pts',(-50.5000478731174,6.45258923831639,24.0659798811147));
#7235=CARTESIAN_POINT('Ctrl Pts',(-50.5000429405344,6.41522899522196,24.035561453966));
#7236=CARTESIAN_POINT('Ctrl Pts',(-50.5000417132987,6.40593369823347,24.0279932935138));
#7237=CARTESIAN_POINT('Ctrl Pts',(-50.5000411735895,6.39676293147403,24.0202800318522));
#7238=CARTESIAN_POINT('Ctrl Pts',(-50.5000415933961,6.38772139032642,24.0124230799508));
#7239=CARTESIAN_POINT('Ctrl Pts',(-50.5000432745588,6.3515135219155,23.9809590324047));
#7240=CARTESIAN_POINT('Ctrl Pts',(-50.5000593171153,6.31737471984012,23.9471924157792));
#7241=CARTESIAN_POINT('Ctrl Pts',(-50.5000712665362,6.28549722267488,23.9113274646377));
#7242=CARTESIAN_POINT('Ctrl Pts',(-50.5000815122025,6.25816483557247,23.880576156813));
#7243=CARTESIAN_POINT('Ctrl Pts',(-50.5000888544644,6.23249529609508,23.8482814409494));
#7244=CARTESIAN_POINT('Ctrl Pts',(-50.5000904163172,6.20863753334005,23.8145626219832));
#7245=CARTESIAN_POINT('Ctrl Pts',(-50.5000922343244,6.18086693737568,23.775313690408));
#7246=CARTESIAN_POINT('Ctrl Pts',(-50.500085482978,6.15575011551791,23.7344183019107));
#7247=CARTESIAN_POINT('Ctrl Pts',(-50.5000700199469,6.13345353058266,23.6921170602727));
#7248=CARTESIAN_POINT('Ctrl Pts',(-50.5000549344574,6.11170133366036,23.6508486354965));
#7249=CARTESIAN_POINT('Ctrl Pts',(-50.5000314111938,6.09263298295309,23.6082412413688));
#7250=CARTESIAN_POINT('Ctrl Pts',(-50.5000149393186,6.07644605049694,23.5645012777663));
#7251=CARTESIAN_POINT('Ctrl Pts',(-50.5000069402966,6.0685854014875,23.5432604093994));
#7252=CARTESIAN_POINT('Ctrl Pts',(-50.5000008551529,6.06140494636708,23.5217522805567));
#7253=CARTESIAN_POINT('Ctrl Pts',(-50.5,6.05493150073496,23.5));
#7254=CARTESIAN_POINT('',(-47.,7.28420020914035,23.5));
#7255=CARTESIAN_POINT('Ctrl Pts',(-47.0016290342606,7.28279874588139,23.5));
#7256=CARTESIAN_POINT('Ctrl Pts',(-47.0015889542956,7.29617165756813,23.5447475383335));
#7257=CARTESIAN_POINT('Ctrl Pts',(-47.001562580728,7.31254916867918,23.5884830670768));
#7258=CARTESIAN_POINT('Ctrl Pts',(-47.0015287779187,7.33171477954942,23.6310026328135));
#7259=CARTESIAN_POINT('Ctrl Pts',(-47.0014941758137,7.35133357732191,23.6745276092524));
#7260=CARTESIAN_POINT('Ctrl Pts',(-47.0014519053783,7.37387427839998,23.7167794029703));
#7261=CARTESIAN_POINT('Ctrl Pts',(-47.0013931827907,7.39915469126043,23.7575252805753));
#7262=CARTESIAN_POINT('Ctrl Pts',(-47.0013803667175,7.40467208472673,23.7664179770719));
#7263=CARTESIAN_POINT('Ctrl Pts',(-47.0013668144547,7.41032014852884,23.7752388598068));
#7264=CARTESIAN_POINT('Ctrl Pts',(-47.0013525110634,7.41609726669847,23.783985351859));
#7265=CARTESIAN_POINT('Ctrl Pts',(-47.0012875191423,7.44234740557056,23.8237277674154));
#7266=CARTESIAN_POINT('Ctrl Pts',(-47.001209606216,7.47107769128865,23.8616635598853));
#7267=CARTESIAN_POINT('Ctrl Pts',(-47.0011239222481,7.50205671378653,23.8976047666728));
#7268=CARTESIAN_POINT('Ctrl Pts',(-47.0010364109992,7.53369638939773,23.9343124492315));
#7269=CARTESIAN_POINT('Ctrl Pts',(-47.0009409182313,7.56768218520638,23.968940524426));
#7270=CARTESIAN_POINT('Ctrl Pts',(-47.0008578696396,7.60381573106982,24.0012712715022));
#7271=CARTESIAN_POINT('Ctrl Pts',(-47.0008482413172,7.60800491024738,24.005019569357));
#7272=CARTESIAN_POINT('Ctrl Pts',(-47.0008387951956,7.61222300537622,24.0087369599669));
#7273=CARTESIAN_POINT('Ctrl Pts',(-47.0008295745396,7.61646974376312,24.0124230799508));
#7274=CARTESIAN_POINT('Ctrl Pts',(-47.0007611739153,7.64797287743916,24.0397674369655));
#7275=CARTESIAN_POINT('Ctrl Pts',(-47.0007046315473,7.68105063257873,24.0653927041993));
#7276=CARTESIAN_POINT('Ctrl Pts',(-47.0006529113076,7.71551442864162,24.0892244465178));
#7277=CARTESIAN_POINT('Ctrl Pts',(-47.0005929432977,7.75547412865213,24.1168566107761));
#7278=CARTESIAN_POINT('Ctrl Pts',(-47.0005418344289,7.79708295966034,24.1419312770616));
#7279=CARTESIAN_POINT('Ctrl Pts',(-47.0004872676219,7.84002345323872,24.1643736919568));
#7280=CARTESIAN_POINT('Ctrl Pts',(-47.0004293193131,7.88562496673875,24.1882068620147));
#7281=CARTESIAN_POINT('Ctrl Pts',(-47.0003676452292,7.93272903992521,24.2090724391285));
#7282=CARTESIAN_POINT('Ctrl Pts',(-47.0003035252172,7.98099700755816,24.2268368334571));
#7283=CARTESIAN_POINT('Ctrl Pts',(-47.0002394052053,8.02926497519111,24.2446012277857));
#7284=CARTESIAN_POINT('Ctrl Pts',(-47.0001731811866,8.0786980394169,24.2592650979554));
#7285=CARTESIAN_POINT('Ctrl Pts',(-47.0001174801992,8.12898233000021,24.2706399693498));
#7286=CARTESIAN_POINT('Ctrl Pts',(-47.0000976101554,8.14692009194757,24.2746976926047));
#7287=CARTESIAN_POINT('Ctrl Pts',(-47.0000792224177,8.16493663153371,24.2783295953417));
#7288=CARTESIAN_POINT('Ctrl Pts',(-47.0000623185631,8.18301725391493,24.2815294261763));
#7289=CARTESIAN_POINT('Ctrl Pts',(-47.0000168384773,8.2316634520396,24.2901386212283));
#7290=CARTESIAN_POINT('Ctrl Pts',(-46.999981540208,8.28077269282565,24.2956239150139));
#7291=CARTESIAN_POINT('Ctrl Pts',(-46.9999522793706,8.33003664056275,24.2980909867531));
#7292=CARTESIAN_POINT('Ctrl Pts',(-46.9999225199909,8.38013994114905,24.3006000921456));
#7293=CARTESIAN_POINT('Ctrl Pts',(-46.9998993075598,8.43040433504856,24.2999871918246));
#7294=CARTESIAN_POINT('Ctrl Pts',(-46.9998839925541,8.48050936702013,24.2963103199811));
#7295=CARTESIAN_POINT('Ctrl Pts',(-46.9998723233704,8.51868661842649,24.2935087478589));
#7296=CARTESIAN_POINT('Ctrl Pts',(-46.999865394301,8.55677156218531,24.2889272547183));
#7297=CARTESIAN_POINT('Ctrl Pts',(-46.9998642858739,8.59461798130783,24.2825716906849));
#7298=CARTESIAN_POINT('Ctrl Pts',(-46.9998628512984,8.64360049505845,24.2743460379051));
#7299=CARTESIAN_POINT('Ctrl Pts',(-46.9998694972124,8.69195278770078,24.2631893995326));
#7300=CARTESIAN_POINT('Ctrl Pts',(-46.9998781157926,8.73936958438835,24.2491533519873));
#7301=CARTESIAN_POINT('Ctrl Pts',(-46.9998864679206,8.78532044281344,24.2355512430585));
#7302=CARTESIAN_POINT('Ctrl Pts',(-46.9998969731967,8.83039364829676,24.2192446061682));
#7303=CARTESIAN_POINT('Ctrl Pts',(-46.9999023888379,8.8742940408053,24.2002363541806));
#7304=CARTESIAN_POINT('Ctrl Pts',(-46.9999077842443,8.91803040475153,24.1812991242515));
#7305=CARTESIAN_POINT('Ctrl Pts',(-46.9999084279705,8.96060364331886,24.1596802680896));
#7306=CARTESIAN_POINT('Ctrl Pts',(-46.9998910316964,9.0016908083889,24.135342150282));
#7307=CARTESIAN_POINT('Ctrl Pts',(-46.9998875097911,9.01000897497047,24.1304148568593));
#7308=CARTESIAN_POINT('Ctrl Pts',(-46.9998832194772,9.01826610204371,24.1253759791929));
#7309=CARTESIAN_POINT('Ctrl Pts',(-46.9998783411103,9.02646041774226,24.1202269655655));
#7310=CARTESIAN_POINT('Ctrl Pts',(-46.999853826368,9.06763844711395,24.094352171112));
#7311=CARTESIAN_POINT('Ctrl Pts',(-46.999814018506,9.10699338543607,24.0658502875379));
#7312=CARTESIAN_POINT('Ctrl Pts',(-46.9997805668657,9.1443475148618,24.0349703077878));
#7313=CARTESIAN_POINT('Ctrl Pts',(-46.9997461079747,9.18282640151503,24.0031605116842));
#7314=CARTESIAN_POINT('Ctrl Pts',(-46.9997187160305,9.21918314236641,23.9688264329021));
#7315=CARTESIAN_POINT('Ctrl Pts',(-46.9997105429185,9.25318197739523,23.932202253884));
#7316=CARTESIAN_POINT('Ctrl Pts',(-46.9997028190341,9.28531209796412,23.8975910889251));
#7317=CARTESIAN_POINT('Ctrl Pts',(-46.9997123824098,9.31533665966588,23.8609336026599));
#7318=CARTESIAN_POINT('Ctrl Pts',(-46.999736415086,9.34301220091474,23.8224083847638));
#7319=CARTESIAN_POINT('Ctrl Pts',(-46.9997378128464,9.34462183334694,23.8201677261395));
#7320=CARTESIAN_POINT('Ctrl Pts',(-46.9997392553732,9.34622350594759,23.8179207464384));
#7321=CARTESIAN_POINT('Ctrl Pts',(-46.9997407405178,9.34781716556319,23.815667479785));
#7322=CARTESIAN_POINT('Ctrl Pts',(-46.9997666490919,9.37561880055381,23.7763588994456));
#7323=CARTESIAN_POINT('Ctrl Pts',(-46.999806606665,9.40078784656164,23.7354183529689));
#7324=CARTESIAN_POINT('Ctrl Pts',(-46.9998515393745,9.42312973997016,23.6930815884593));
#7325=CARTESIAN_POINT('Ctrl Pts',(-46.9998951407511,9.44480965472166,23.6519992402161));
#7326=CARTESIAN_POINT('Ctrl Pts',(-46.9999435776282,9.46382786291344,23.6096012741983));
#7327=CARTESIAN_POINT('Ctrl Pts',(-46.9999737386971,9.47996425099688,23.5660852959345));
#7328=CARTESIAN_POINT('Ctrl Pts',(-46.9999888183812,9.48803199008212,23.5443285337115));
#7329=CARTESIAN_POINT('Ctrl Pts',(-46.9999990810787,9.49537864851125,23.5222921010691));
#7330=CARTESIAN_POINT('Ctrl Pts',(-47.0000000000001,9.50197208797813,23.5));
#7331=CARTESIAN_POINT('Ctrl Pts',(-50.5,6.05493150073495,23.5));
#7332=CARTESIAN_POINT('Ctrl Pts',(-49.293766798577,6.44061224286219,23.5));
#7333=CARTESIAN_POINT('Ctrl Pts',(-48.1446715349963,6.90590332642978,23.5));
#7334=CARTESIAN_POINT('Ctrl Pts',(-47.0016290342606,7.28279874588138,23.5));
#7335=CARTESIAN_POINT('Origin',(-38.5000000000198,9.85191923889991,23.2));
#7336=CARTESIAN_POINT('Origin',(-38.5000000000198,9.85191923889991,23.2));
#7337=CARTESIAN_POINT('Ctrl Pts',(-38.6741069469154,10.8977070840447,23.5));
#7338=CARTESIAN_POINT('Ctrl Pts',(-38.6531147323656,10.8999324882738,23.5));
#7339=CARTESIAN_POINT('Ctrl Pts',(-38.6321080116701,10.9021545879296,23.5));
#7340=CARTESIAN_POINT('Ctrl Pts',(-38.611086783337,10.904373383541,23.5));
#7341=CARTESIAN_POINT('Ctrl Pts',(-38.667715076498,10.8374126380187,23.7138906620087));
#7342=CARTESIAN_POINT('Ctrl Pts',(-38.6467319737468,10.8396370762975,23.7138906620087));
#7343=CARTESIAN_POINT('Ctrl Pts',(-38.6257345246698,10.8418581952019,23.7138906620087));
#7344=CARTESIAN_POINT('Ctrl Pts',(-38.6047223836151,10.8440760316489,23.7138906620087));
#7345=CARTESIAN_POINT('Ctrl Pts',(-38.6542997424626,10.7108659339883,23.908383875371));
#7346=CARTESIAN_POINT('Ctrl Pts',(-38.633335887737,10.713088331766,23.908383875371));
#7347=CARTESIAN_POINT('Ctrl Pts',(-38.6123576502305,10.7153074184715,23.908383875371));
#7348=CARTESIAN_POINT('Ctrl Pts',(-38.5913647054039,10.7175232287521,23.908383875371));
#7349=CARTESIAN_POINT('Ctrl Pts',(-38.6361980297019,10.5401126690216,24.0495969839053));
#7350=CARTESIAN_POINT('Ctrl Pts',(-38.6152601961614,10.5423323082693,24.0495969839053));
#7351=CARTESIAN_POINT('Ctrl Pts',(-38.594307783043,10.5445486632725,24.0495969839053));
#7352=CARTESIAN_POINT('Ctrl Pts',(-38.573340789377,10.5467617344019,24.0495969839053));
#7353=CARTESIAN_POINT('Ctrl Pts',(-34.5,10.3148609871234,23.5));
#7354=CARTESIAN_POINT('Ctrl Pts',(-34.5,10.2674960229837,25.3476409405179));
#7355=CARTESIAN_POINT('Ctrl Pts',(-34.5,9.73038606533578,27.0905906795508));
#7356=CARTESIAN_POINT('Ctrl Pts',(-32.,10.3148609871234,23.5));
#7357=CARTESIAN_POINT('Ctrl Pts',(-32.,10.2674960229837,25.3476409405179));
#7358=CARTESIAN_POINT('Ctrl Pts',(-32.,9.73038606533578,27.0905906795508));
#7359=CARTESIAN_POINT('Origin',(-47.,15.0885369404915,40.));
#7360=CARTESIAN_POINT('',(-47.,1.9997696405952,23.5));
#7361=CARTESIAN_POINT('',(-47.,1.9997696405952,40.));
#7362=CARTESIAN_POINT('',(-47.,7.54416103326359,23.5));
#7363=CARTESIAN_POINT('Origin',(-55.5,15.0885369404915,40.));
#7364=CARTESIAN_POINT('',(-55.5,1.9997696405952,23.5));
#7365=CARTESIAN_POINT('',(-55.5,1.9997696405952,40.));
#7366=CARTESIAN_POINT('',(-55.5,7.54416103326359,23.5));
#7367=CARTESIAN_POINT('Origin',(-64.,15.0885369404915,40.));
#7368=CARTESIAN_POINT('',(-64.,1.9997696405952,23.5));
#7369=CARTESIAN_POINT('',(-64.,1.9997696405952,40.));
#7370=CARTESIAN_POINT('',(-64.,7.54416103326359,23.5));
#7371=CARTESIAN_POINT('Origin',(-72.5,15.0885679113724,40.));
#7372=CARTESIAN_POINT('',(-72.5,1.99980061147611,23.5));
#7373=CARTESIAN_POINT('',(-72.5,1.99980061147611,40.));
#7374=CARTESIAN_POINT('',(-72.5,7.54417651870405,23.5));
#7375=CARTESIAN_POINT('Origin',(-42.,1.9997696405952,40.));
#7376=CARTESIAN_POINT('',(-42.,1.9997696405952,23.5));
#7377=CARTESIAN_POINT('',(-42.,0.999777383315431,23.5));
#7378=CARTESIAN_POINT('',(-42.,1.9997696405952,40.));
#7379=CARTESIAN_POINT('Origin',(-63.8574065988597,-0.0002148739643415,23.5));
#7380=CARTESIAN_POINT('',(-38.5,1.9997696405952,23.5));
#7381=CARTESIAN_POINT('',(-38.5,7.54416103326359,23.5));
#7382=CARTESIAN_POINT('',(-51.1787032994298,1.9997696405952,23.5));
#7383=CARTESIAN_POINT('Origin',(-63.8574065988597,-0.0002148739643415,23.5));
#7384=CARTESIAN_POINT('',(-76.,1.99980061147611,23.5));
#7385=CARTESIAN_POINT('',(-68.1787032994298,1.99980061147611,23.5));
#7386=CARTESIAN_POINT('',(-76.,0.999792868755887,23.5));
#7387=CARTESIAN_POINT('Origin',(-63.8574065988597,-0.0002148739643415,23.5));
#7388=CARTESIAN_POINT('',(-67.5,1.9997696405952,23.5));
#7389=CARTESIAN_POINT('',(-63.9287032994298,1.9997696405952,23.5));
#7390=CARTESIAN_POINT('',(-67.5,0.999777383315429,23.5));
#7391=CARTESIAN_POINT('Origin',(-63.8574065988597,-0.0002148739643415,23.5));
#7392=CARTESIAN_POINT('',(-59.,1.9997696405952,23.5));
#7393=CARTESIAN_POINT('',(-59.6787032994298,1.9997696405952,23.5));
#7394=CARTESIAN_POINT('',(-59.,0.999777383315429,23.5));
#7395=CARTESIAN_POINT('Origin',(-63.8574065988597,-0.0002148739643415,23.5));
#7396=CARTESIAN_POINT('',(-50.5,1.9997696405952,23.5));
#7397=CARTESIAN_POINT('',(-55.4287032994298,1.9997696405952,23.5));
#7398=CARTESIAN_POINT('',(-50.5,0.99977738331543,23.5));
#7399=CARTESIAN_POINT('Origin',(-42.,-2.00023035940481,40.));
#7400=CARTESIAN_POINT('',(-38.5,-2.00023035940481,40.));
#7401=CARTESIAN_POINT('Origin',(-38.5,-2.00023035940481,40.));
#7402=CARTESIAN_POINT('Ctrl Pts',(-33.,14.9775531066866,23.5));
#7403=CARTESIAN_POINT('Ctrl Pts',(-33.,14.2044644895554,40.047563802493));
#7404=CARTESIAN_POINT('Ctrl Pts',(-33.,-0.000214873964342684,40.047563802493));
#7405=CARTESIAN_POINT('Ctrl Pts',(-33.,-14.2048942374841,40.047563802493));
#7406=CARTESIAN_POINT('Ctrl Pts',(-33.,-14.9779828546153,23.5));
#7407=CARTESIAN_POINT('Ctrl Pts',(-32.,14.9775531066866,23.5));
#7408=CARTESIAN_POINT('Ctrl Pts',(-32.,14.2044644895554,40.047563802493));
#7409=CARTESIAN_POINT('Ctrl Pts',(-32.,-0.000214873964342684,40.047563802493));
#7410=CARTESIAN_POINT('Ctrl Pts',(-32.,-14.2048942374841,40.047563802493));
#7411=CARTESIAN_POINT('Ctrl Pts',(-32.,-14.9779828546153,23.5));
#7412=CARTESIAN_POINT('Origin',(-38.5,15.0885369404915,40.));
#7413=CARTESIAN_POINT('',(-38.5,1.9997696405952,40.));
#7414=CARTESIAN_POINT('Origin',(-38.5,1.9997696405952,40.));
#7415=CARTESIAN_POINT('Origin',(-47.,1.9997696405952,40.));
#7416=CARTESIAN_POINT('',(-50.5,1.9997696405952,40.));
#7417=CARTESIAN_POINT('Origin',(-50.5,1.9997696405952,40.));
#7418=CARTESIAN_POINT('Origin',(-55.5,1.9997696405952,40.));
#7419=CARTESIAN_POINT('',(-59.,1.9997696405952,40.));
#7420=CARTESIAN_POINT('Origin',(-59.,1.9997696405952,40.));
#7421=CARTESIAN_POINT('Origin',(-64.,1.9997696405952,40.));
#7422=CARTESIAN_POINT('',(-67.5,1.9997696405952,40.));
#7423=CARTESIAN_POINT('Origin',(-67.5,1.9997696405952,40.));
#7424=CARTESIAN_POINT('Ctrl Pts',(-80.,6.93468709287545,23.5));
#7425=CARTESIAN_POINT('Ctrl Pts',(-80.0432630733375,6.93468709287545,23.5));
#7426=CARTESIAN_POINT('Ctrl Pts',(-88.8,1.98118568798988,23.4264932230085));
#7427=CARTESIAN_POINT('Ctrl Pts',(-92.,1.98118568798988,23.4264932230085));
#7428=CARTESIAN_POINT('Ctrl Pts',(-80.,6.76196961908265,24.7575947363703));
#7429=CARTESIAN_POINT('Ctrl Pts',(-80.0430821102813,6.76196961908265,24.7575947363703));
#7430=CARTESIAN_POINT('Ctrl Pts',(-88.8,1.9318378383348,24.5870297668468));
#7431=CARTESIAN_POINT('Ctrl Pts',(-92.,1.9318378383348,24.5870297668468));
#7432=CARTESIAN_POINT('Ctrl Pts',(-80.,5.5422375056579,27.5823066675464));
#7433=CARTESIAN_POINT('Ctrl Pts',(-80.0418984082206,5.5422375056579,27.5823066675464));
#7434=CARTESIAN_POINT('Ctrl Pts',(-88.8,1.58334294878487,27.1937371004092));
#7435=CARTESIAN_POINT('Ctrl Pts',(-92.,1.58334294878487,27.1937371004092));
#7436=CARTESIAN_POINT('Ctrl Pts',(-80.,2.81850638448438,29.1747410778554));
#7437=CARTESIAN_POINT('Ctrl Pts',(-80.0404275328119,2.81850638448438,29.1747410778554));
#7438=CARTESIAN_POINT('Ctrl Pts',(-88.8,0.805134057021008,28.6632711827187));
#7439=CARTESIAN_POINT('Ctrl Pts',(-92.,0.805134057021008,28.6632711827187));
#7440=CARTESIAN_POINT('Ctrl Pts',(-80.,1.14893592867709,29.4525947533859));
#7441=CARTESIAN_POINT('Ctrl Pts',(-80.0401417753531,1.14893592867709,29.4525947533859));
#7442=CARTESIAN_POINT('Ctrl Pts',(-88.8,0.328113926790351,28.9196807675931));
#7443=CARTESIAN_POINT('Ctrl Pts',(-92.,0.328113926790351,28.9196807675931));
#7444=CARTESIAN_POINT('Ctrl Pts',(-92.,-1.14999999999551,27.8331233123754));
#7445=CARTESIAN_POINT('Ctrl Pts',(-95.8487249260488,-1.08364351781588,27.5280567306844));
#7446=CARTESIAN_POINT('Ctrl Pts',(-98.5864985853684,-0.927776486982133,
26.8116253997478));
#7447=CARTESIAN_POINT('Ctrl Pts',(-100.213320977959,-0.682543006312672,
25.6843185012886));
#7448=CARTESIAN_POINT('Ctrl Pts',(-92.,-1.59203043147049,26.8300095331671));
#7449=CARTESIAN_POINT('Ctrl Pts',(-95.8487249260488,-1.50005712107662,26.5826326147338));
#7450=CARTESIAN_POINT('Ctrl Pts',(-98.5864985853684,-1.28479140882614,26.0032518235555));
#7451=CARTESIAN_POINT('Ctrl Pts',(-100.213320977959,-0.944850898101709,
25.0888458651343));
#7452=CARTESIAN_POINT('Ctrl Pts',(-92.,-1.89870435473822,25.2258016363716));
#7453=CARTESIAN_POINT('Ctrl Pts',(-95.8487249260488,-1.78896754211169,25.0709550225711));
#7454=CARTESIAN_POINT('Ctrl Pts',(-98.5864985853684,-1.53237895459742,24.7091659699508));
#7455=CARTESIAN_POINT('Ctrl Pts',(-100.213320977959,-1.12695927166248,24.1370542047542));
#7456=CARTESIAN_POINT('Ctrl Pts',(-92.,-1.97835642989682,23.5));
#7457=CARTESIAN_POINT('Ctrl Pts',(-95.8487249260488,-1.86415769901111,23.4450180072533));
#7458=CARTESIAN_POINT('Ctrl Pts',(-98.5864985853684,-1.59612073532096,23.3159551053401));
#7459=CARTESIAN_POINT('Ctrl Pts',(-100.213320977959,-1.1742529365476,23.1128311664715));
#7460=CARTESIAN_POINT('Origin',(-92.,-0.000214873964342719,22.547563802493));
#7461=CARTESIAN_POINT('Origin',(-64.,-2.0002303594048,40.));
#7462=CARTESIAN_POINT('',(-64.,-2.0002303594048,40.));
#7463=CARTESIAN_POINT('Origin',(-67.5,-2.0002303594048,40.));
#7464=CARTESIAN_POINT('Origin',(-72.5,-2.0002303594048,40.));
#7465=CARTESIAN_POINT('',(-72.5,-2.0002303594048,40.));
#7466=CARTESIAN_POINT('Origin',(-76.,-2.0002303594048,40.));
#7467=CARTESIAN_POINT('Origin',(-47.,-2.00023035940481,40.));
#7468=CARTESIAN_POINT('',(-47.,-2.00023035940481,40.));
#7469=CARTESIAN_POINT('Origin',(-50.5,-2.00023035940481,40.));
#7470=CARTESIAN_POINT('Origin',(-55.5,-2.0002303594048,40.));
#7471=CARTESIAN_POINT('',(-55.5,-2.0002303594048,40.));
#7472=CARTESIAN_POINT('Origin',(-59.,-2.0002303594048,40.));
#7473=CARTESIAN_POINT('Origin',(-72.5,1.99980061147611,40.));
#7474=CARTESIAN_POINT('',(-76.,1.99980061147611,40.));
#7475=CARTESIAN_POINT('Origin',(-76.,1.99980061147611,40.));
#7476=CARTESIAN_POINT('Ctrl Pts',(-79.9999999922369,-1.14893362217674,29.4526666429658));
#7477=CARTESIAN_POINT('Ctrl Pts',(-80.0401405720109,-1.14893372796533,29.452666711675));
#7478=CARTESIAN_POINT('Ctrl Pts',(-88.7999997937124,-0.32842023059646,28.9197471089049));
#7479=CARTESIAN_POINT('Ctrl Pts',(-92.,-0.32842023059646,28.9197471089049));
#7480=CARTESIAN_POINT('Ctrl Pts',(-79.9999999921955,-2.40118622307451,29.2443444682811));
#7481=CARTESIAN_POINT('Ctrl Pts',(-80.0403548289113,-2.40118644402585,29.2443445349351));
#7482=CARTESIAN_POINT('Ctrl Pts',(-88.7999997937124,-0.686206687995827,
28.7275027478071));
#7483=CARTESIAN_POINT('Ctrl Pts',(-92.,-0.686206687995827,28.7275027478071));
#7484=CARTESIAN_POINT('Ctrl Pts',(-79.999999991958,-5.19030277145761,27.9448911997414));
#7485=CARTESIAN_POINT('Ctrl Pts',(-80.0415830068741,-5.19030324933521,27.9448912534395));
#7486=CARTESIAN_POINT('Ctrl Pts',(-88.7999997937124,-1.483097130391,27.528338214483));
#7487=CARTESIAN_POINT('Ctrl Pts',(-92.,-1.483097130391,27.528338214483));
#7488=CARTESIAN_POINT('Ctrl Pts',(-79.9999999916799,-6.70481552440628,25.1768756334896));
#7489=CARTESIAN_POINT('Ctrl Pts',(-80.0430206483345,-6.7048161426334,25.1768756596933));
#7490=CARTESIAN_POINT('Ctrl Pts',(-88.7999997937124,-1.91581505980491,24.9739515542619));
#7491=CARTESIAN_POINT('Ctrl Pts',(-92.,-1.91581505980491,24.9739515542619));
#7492=CARTESIAN_POINT('Ctrl Pts',(-79.9999999916333,-6.93511684080408,23.5));
#7493=CARTESIAN_POINT('Ctrl Pts',(-80.0432619443337,-6.93511747945775,23.5000000094772));
#7494=CARTESIAN_POINT('Ctrl Pts',(-88.7999997937124,-1.98161543591857,23.4264932230085));
#7495=CARTESIAN_POINT('Ctrl Pts',(-92.,-1.98161543591857,23.4264932230085));
#7496=UNCERTAINTY_MEASURE_WITH_UNIT(LENGTH_MEASURE(0.01),#7500,
'DISTANCE_ACCURACY_VALUE',
'Maximum model space distance between geometric entities at asserted c
onnectivities');
#7497=UNCERTAINTY_MEASURE_WITH_UNIT(LENGTH_MEASURE(0.01),#7500,
'DISTANCE_ACCURACY_VALUE',
'Maximum model space distance between geometric entities at asserted c
onnectivities');
#7498=(
GEOMETRIC_REPRESENTATION_CONTEXT(3)
GLOBAL_UNCERTAINTY_ASSIGNED_CONTEXT((#7496))
GLOBAL_UNIT_ASSIGNED_CONTEXT((#7500,#7501,#7502))
REPRESENTATION_CONTEXT('','3D')
);
#7499=(
GEOMETRIC_REPRESENTATION_CONTEXT(3)
GLOBAL_UNCERTAINTY_ASSIGNED_CONTEXT((#7497))
GLOBAL_UNIT_ASSIGNED_CONTEXT((#7500,#7501,#7502))
REPRESENTATION_CONTEXT('','3D')
);
#7500=(
LENGTH_UNIT()
NAMED_UNIT(*)
SI_UNIT(.MILLI.,.METRE.)
);
#7501=(
NAMED_UNIT(*)
PLANE_ANGLE_UNIT()
SI_UNIT($,.RADIAN.)
);
#7502=(
NAMED_UNIT(*)
SI_UNIT($,.STERADIAN.)
SOLID_ANGLE_UNIT()
);
#7503=SHAPE_DEFINITION_REPRESENTATION(#7504,#7505);
#7504=PRODUCT_DEFINITION_SHAPE('',$,#7507);
#7505=SHAPE_REPRESENTATION('',(#2189),#7498);
#7506=PRODUCT_DEFINITION_CONTEXT('part definition',#7511,'design');
#7507=PRODUCT_DEFINITION('pez_semana_15_colagrande',
'pez_semana_15_colagrande v10',#7508,#7506);
#7508=PRODUCT_DEFINITION_FORMATION('',$,#7513);
#7509=PRODUCT_RELATED_PRODUCT_CATEGORY('pez_semana_15_colagrande v10',
'pez_semana_15_colagrande v10',(#7513));
#7510=APPLICATION_PROTOCOL_DEFINITION('international standard',
'automotive_design',2009,#7511);
#7511=APPLICATION_CONTEXT(
'Core Data for Automotive Mechanical Design Process');
#7512=PRODUCT_CONTEXT('part definition',#7511,'mechanical');
#7513=PRODUCT('pez_semana_15_colagrande','pez_semana_15_colagrande v10',
$,(#7512));
#7514=PRESENTATION_STYLE_ASSIGNMENT((#7516));
#7515=PRESENTATION_STYLE_ASSIGNMENT((#7517));
#7516=SURFACE_STYLE_USAGE(.BOTH.,#7518);
#7517=SURFACE_STYLE_USAGE(.BOTH.,#7519);
#7518=SURFACE_SIDE_STYLE('',(#7520));
#7519=SURFACE_SIDE_STYLE('',(#7521));
#7520=SURFACE_STYLE_FILL_AREA(#7522);
#7521=SURFACE_STYLE_FILL_AREA(#7523);
#7522=FILL_AREA_STYLE('Steel - Satin',(#7524));
#7523=FILL_AREA_STYLE('Glass - Frosted Light',(#7525));
#7524=FILL_AREA_STYLE_COLOUR('Steel - Satin',#7526);
#7525=FILL_AREA_STYLE_COLOUR('Glass - Frosted Light',#7527);
#7526=COLOUR_RGB('Steel - Satin',0.627450980392157,0.627450980392157,0.627450980392157);
#7527=COLOUR_RGB('Glass - Frosted Light',0.964705882352941,0.964705882352941,
0.952941176470588);
ENDSEC;
END-ISO-10303-21;
