ISO-10303-21;
HEADER;
/* Generated by software containing ST-Developer
 * from STEP Tools, Inc. (www.steptools.com) 
 */

FILE_DESCRIPTION(
/* description */ (''),
/* implementation_level */ '2;1');

FILE_NAME(
/* name */ 'silicone_tail_inferior_mold.step',
/* time_stamp */ '2026-08-19T10:25:06-05:00',
/* author */ (''),
/* organization */ (''),
/* preprocessor_version */ 'ST-DEVELOPER v20.1',
/* originating_system */ 'Autodesk Translation Framework v15.8.0.0',
/* authorisation */ '');

FILE_SCHEMA (('AUTOMOTIVE_DESIGN { 1 0 10303 214 3 1 1 }'));
ENDSEC;

DATA;
#10=MECHANICAL_DESIGN_GEOMETRIC_PRESENTATION_REPRESENTATION('',(#13),#8056);
#11=SHAPE_REPRESENTATION_RELATIONSHIP('SRR','None',#8062,#12);
#12=ADVANCED_BREP_SHAPE_REPRESENTATION('',(#14),#8055);
#13=STYLED_ITEM('',(#8071),#14);
#14=MANIFOLD_SOLID_BREP('tapa_molde',#2472);
#15=(
BOUNDED_CURVE()
B_SPLINE_CURVE(5,(#7770,#7771,#7772,#7773,#7774,#7775,#7776,#7777),
 .UNSPECIFIED.,.F.,.F.)
B_SPLINE_CURVE_WITH_KNOTS((6,1,1,6),(0.,0.0166666666666667,0.0333333333333333,
0.0465802545112459),.UNSPECIFIED.)
CURVE()
GEOMETRIC_REPRESENTATION_ITEM()
RATIONAL_B_SPLINE_CURVE((1.,1.,1.,1.,1.,1.,1.,1.))
REPRESENTATION_ITEM('')
);
#16=(
BOUNDED_SURFACE()
B_SPLINE_SURFACE(5,1,((#7715,#7716),(#7717,#7718),(#7719,#7720),(#7721,
#7722),(#7723,#7724),(#7725,#7726),(#7727,#7728),(#7729,#7730),(#7731,#7732),
(#7733,#7734),(#7735,#7736),(#7737,#7738),(#7739,#7740),(#7741,#7742),(#7743,
#7744),(#7745,#7746)),.UNSPECIFIED.,.F.,.F.,.F.)
B_SPLINE_SURFACE_WITH_KNOTS((6,1,1,1,1,1,1,1,1,1,1,6),(2,2),(0.,0.0166666666666667,
0.0333333333333333,0.05,0.0666666666666667,0.0833333333333333,0.1,0.116666666666667,
0.133333333333333,0.15,0.166666666666667,0.177732276638539),(0.,0.3),
 .UNSPECIFIED.)
GEOMETRIC_REPRESENTATION_ITEM()
RATIONAL_B_SPLINE_SURFACE(((1.,1.),(1.,1.),(1.,1.),(1.,1.),(1.,1.),(1.,
1.),(1.,1.),(1.,1.),(1.,1.),(1.,1.),(1.,1.),(1.,1.),(1.,1.),(1.,1.),(1.,
1.),(1.,1.)))
REPRESENTATION_ITEM('')
SURFACE()
);
#17=(
BOUNDED_SURFACE()
B_SPLINE_SURFACE(1,2,((#7778,#7779,#7780),(#7781,#7782,#7783)),
 .UNSPECIFIED.,.F.,.F.,.F.)
B_SPLINE_SURFACE_WITH_KNOTS((2,2),(3,3),(0.000148145572603219,0.0686962931114255),
(-3.78410289576091,-2.50726992818482),.UNSPECIFIED.)
GEOMETRIC_REPRESENTATION_ITEM()
RATIONAL_B_SPLINE_SURFACE(((1.,0.803040420515371,1.),(1.,0.803040420515371,
1.)))
REPRESENTATION_ITEM('')
SURFACE()
);
#18=(
BOUNDED_SURFACE()
B_SPLINE_SURFACE(5,1,((#7802,#7803),(#7804,#7805),(#7806,#7807),(#7808,
#7809),(#7810,#7811),(#7812,#7813),(#7814,#7815),(#7816,#7817),(#7818,#7819),
(#7820,#7821),(#7822,#7823),(#7824,#7825),(#7826,#7827),(#7828,#7829),(#7830,
#7831),(#7832,#7833),(#7834,#7835),(#7836,#7837),(#7838,#7839),(#7840,#7841),
(#7842,#7843),(#7844,#7845),(#7846,#7847),(#7848,#7849),(#7850,#7851),(#7852,
#7853),(#7854,#7855),(#7856,#7857),(#7858,#7859),(#7860,#7861),(#7862,#7863),
(#7864,#7865),(#7866,#7867),(#7868,#7869),(#7870,#7871),(#7872,#7873),(#7874,
#7875),(#7876,#7877),(#7878,#7879),(#7880,#7881),(#7882,#7883),(#7884,#7885),
(#7886,#7887),(#7888,#7889),(#7890,#7891),(#7892,#7893),(#7894,#7895),(#7896,
#7897),(#7898,#7899),(#7900,#7901),(#7902,#7903),(#7904,#7905),(#7906,#7907),
(#7908,#7909),(#7910,#7911),(#7912,#7913),(#7914,#7915),(#7916,#7917),(#7918,
#7919),(#7920,#7921),(#7922,#7923),(#7924,#7925),(#7926,#7927),(#7928,#7929),
(#7930,#7931)),.UNSPECIFIED.,.F.,.F.,.F.)
B_SPLINE_SURFACE_WITH_KNOTS((6,1,1,1,1,1,1,1,1,1,1,1,1,1,1,1,1,1,1,1,1,
1,1,1,1,1,1,1,1,1,1,1,1,1,1,1,1,1,1,1,1,1,1,1,1,1,1,1,1,1,1,1,1,1,1,1,1,
1,1,1,6),(2,2),(-0.999989509426445,-0.983333333333335,-0.966666666666668,
-0.950000000000001,-0.933333333333335,-0.916666666666668,-0.900000000000001,
-0.883333333333334,-0.866666666666668,-0.850000000000001,-0.833333333333334,
-0.816666666666668,-0.800000000000001,-0.783333333333334,-0.766666666666667,
-0.750000000000001,-0.733333333333334,-0.716666666666667,-0.700000000000001,
-0.683333333333334,-0.666666666666667,-0.65,-0.633333333333334,-0.616666666666667,
-0.6,-0.583333333333333,-0.566666666666667,-0.55,-0.533333333333333,-0.516666666666667,
-0.5,-0.483333333333333,-0.466666666666667,-0.45,-0.433333333333333,-0.416666666666667,
-0.4,-0.383333333333333,-0.366666666666667,-0.35,-0.333333333333333,-0.316666666666667,
-0.3,-0.283333333333333,-0.266666666666667,-0.25,-0.233333333333333,-0.216666666666667,
-0.2,-0.183333333333333,-0.166666666666667,-0.15,-0.133333333333333,-0.116666666666667,
-0.1,-0.0833333333333333,-0.0666666666666667,-0.05,-0.0333333333333333,
-0.0166666666666667,0.),(-0.0599999999999998,0.36),.UNSPECIFIED.)
GEOMETRIC_REPRESENTATION_ITEM()
RATIONAL_B_SPLINE_SURFACE(((1.,1.),(1.,1.),(1.,1.),(1.,1.),(1.,1.),(1.,
1.),(1.,1.),(1.,1.),(1.,1.),(1.,1.),(1.,1.),(1.,1.),(1.,1.),(1.,1.),(1.,
1.),(1.,1.),(1.,1.),(1.,1.),(1.,1.),(1.,1.),(1.,1.),(1.,1.),(1.,1.),(1.,
1.),(1.,1.),(1.,1.),(1.,1.),(1.,1.),(1.,1.),(1.,1.),(1.,1.),(1.,1.),(1.,
1.),(1.,1.),(1.,1.),(1.,1.),(1.,1.),(1.,1.),(1.,1.),(1.,1.),(1.,1.),(1.,
1.),(1.,1.),(1.,1.),(1.,1.),(1.,1.),(1.,1.),(1.,1.),(1.,1.),(1.,1.),(1.,
1.),(1.,1.),(1.,1.),(1.,1.),(1.,1.),(1.,1.),(1.,1.),(1.,1.),(1.,1.),(1.,
1.),(1.,1.),(1.,1.),(1.,1.),(1.,1.),(1.,1.)))
REPRESENTATION_ITEM('')
SURFACE()
);
#19=(
BOUNDED_SURFACE()
B_SPLINE_SURFACE(1,2,((#8006,#8007,#8008,#8009,#8010,#8011,#8012),(#8013,
#8014,#8015,#8016,#8017,#8018,#8019)),.UNSPECIFIED.,.F.,.F.,.F.)
B_SPLINE_SURFACE_WITH_KNOTS((2,2),(3,2,2,3),(-0.126841265202879,0.0845608434691582),
(-1.60016503514209,-0.533388345047364,0.533388345047364,1.60016503514209),
 .UNSPECIFIED.)
GEOMETRIC_REPRESENTATION_ITEM()
RATIONAL_B_SPLINE_SURFACE(((1.,0.861089199511039,1.,0.861089199511039,1.,
0.861089199511039,1.),(1.,0.861089199511039,1.,0.861089199511039,1.,0.861089199511039,
1.)))
REPRESENTATION_ITEM('')
SURFACE()
);
#20=(
BOUNDED_SURFACE()
B_SPLINE_SURFACE(1,2,((#8022,#8023,#8024,#8025,#8026,#8027,#8028),(#8029,
#8030,#8031,#8032,#8033,#8034,#8035)),.UNSPECIFIED.,.F.,.F.,.F.)
B_SPLINE_SURFACE_WITH_KNOTS((2,2),(3,2,2,3),(0.,0.0571428571428572),(-1.62524815667324,
-0.541749385557747,0.541749385557747,1.62524815667324),.UNSPECIFIED.)
GEOMETRIC_REPRESENTATION_ITEM()
RATIONAL_B_SPLINE_SURFACE(((1.,0.856807947300092,1.,0.856807947300092,1.,
0.856807947300092,1.),(1.,0.856807947300092,1.,0.856807947300092,1.,0.856807947300092,
1.)))
REPRESENTATION_ITEM('')
SURFACE()
);
#21=CYLINDRICAL_SURFACE('',#2510,1.1);
#22=CYLINDRICAL_SURFACE('',#2537,1.1);
#23=CIRCLE('',#2498,7.);
#24=CIRCLE('',#2499,7.);
#25=CIRCLE('',#2501,7.);
#26=CIRCLE('',#2509,1.1);
#27=CIRCLE('',#2512,1.1);
#28=CIRCLE('',#2513,1.1);
#29=CIRCLE('',#2514,1.1);
#30=CIRCLE('',#2515,1.1);
#31=CIRCLE('',#2516,0.65);
#32=CIRCLE('',#2517,0.65);
#33=CIRCLE('',#2518,0.65);
#34=CIRCLE('',#2519,0.65);
#35=CIRCLE('',#2521,1.1);
#36=CIRCLE('',#2533,1.1);
#37=CIRCLE('',#2534,1.1);
#38=CIRCLE('',#2535,1.1);
#39=CIRCLE('',#2536,1.1);
#40=CIRCLE('',#2539,1.1);
#41=CIRCLE('',#2540,0.65);
#42=CIRCLE('',#2541,0.65);
#43=CIRCLE('',#2542,0.65);
#44=CIRCLE('',#2543,0.65);
#45=CIRCLE('',#2545,1.1);
#46=CIRCLE('',#2566,7.);
#47=B_SPLINE_SURFACE_WITH_KNOTS('',3,3,((#3365,#3366,#3367,#3368,#3369,
#3370,#3371,#3372,#3373,#3374,#3375,#3376),(#3377,#3378,#3379,#3380,#3381,
#3382,#3383,#3384,#3385,#3386,#3387,#3388),(#3389,#3390,#3391,#3392,#3393,
#3394,#3395,#3396,#3397,#3398,#3399,#3400),(#3401,#3402,#3403,#3404,#3405,
#3406,#3407,#3408,#3409,#3410,#3411,#3412),(#3413,#3414,#3415,#3416,#3417,
#3418,#3419,#3420,#3421,#3422,#3423,#3424)),.UNSPECIFIED.,.F.,.F.,.F.,(4,
1,4),(4,1,1,1,1,1,1,2,4),(0.,0.5,1.),(1.14824742824159,1.51756933320022,
1.88689123815885,2.07155219063817,2.25621314311749,2.44087409559681,2.62553504807612,
2.99485695303476,3.00388743934963),.UNSPECIFIED.);
#48=B_SPLINE_SURFACE_WITH_KNOTS('',3,1,((#3481,#3482),(#3483,#3484),(#3485,
#3486),(#3487,#3488),(#3489,#3490),(#3491,#3492),(#3493,#3494),(#3495,#3496),
(#3497,#3498),(#3499,#3500),(#3501,#3502),(#3503,#3504),(#3505,#3506),(#3507,
#3508),(#3509,#3510),(#3511,#3512),(#3513,#3514),(#3515,#3516),(#3517,#3518),
(#3519,#3520),(#3521,#3522),(#3523,#3524)),.UNSPECIFIED.,.F.,.F.,.F.,(4,
3,3,3,3,3,3,4),(2,2),(0.,0.050704935098391,0.09712434767208,0.170712095011741,
0.239824224590975,0.310463468915228,0.381102713239482,0.384913740371877),
(-0.1375,0.1375),.UNSPECIFIED.);
#49=B_SPLINE_SURFACE_WITH_KNOTS('',3,3,((#3535,#3536,#3537,#3538,#3539,
#3540,#3541,#3542,#3543,#3544,#3545,#3546),(#3547,#3548,#3549,#3550,#3551,
#3552,#3553,#3554,#3555,#3556,#3557,#3558),(#3559,#3560,#3561,#3562,#3563,
#3564,#3565,#3566,#3567,#3568,#3569,#3570),(#3571,#3572,#3573,#3574,#3575,
#3576,#3577,#3578,#3579,#3580,#3581,#3582),(#3583,#3584,#3585,#3586,#3587,
#3588,#3589,#3590,#3591,#3592,#3593,#3594)),.UNSPECIFIED.,.F.,.F.,.F.,(4,
1,4),(4,2,1,1,1,1,1,1,4),(0.,0.5,1.),(-0.0557594187156991,-0.0467355176936281,
0.137925436495086,0.322586390683801,0.691908299061229,0.876569253249943,
1.06123020743866,1.43055211581609,1.79987402419351),.UNSPECIFIED.);
#50=B_SPLINE_SURFACE_WITH_KNOTS('',3,3,((#3614,#3615,#3616,#3617),(#3618,
#3619,#3620,#3621),(#3622,#3623,#3624,#3625),(#3626,#3627,#3628,#3629),
(#3630,#3631,#3632,#3633),(#3634,#3635,#3636,#3637),(#3638,#3639,#3640,
#3641),(#3642,#3643,#3644,#3645),(#3646,#3647,#3648,#3649),(#3650,#3651,
#3652,#3653)),.UNSPECIFIED.,.F.,.F.,.F.,(4,1,1,1,1,1,1,4),(4,4),(-9.37727450005646E-17,
0.0745317669971897,0.14906353399438,0.223595300991569,0.298127067988759,
0.372658834985949,0.447190601983139,0.521722368980329),(0.,1.),
 .UNSPECIFIED.);
#51=B_SPLINE_SURFACE_WITH_KNOTS('',3,1,((#4056,#4057),(#4058,#4059),(#4060,
#4061),(#4062,#4063)),.UNSPECIFIED.,.F.,.F.,.F.,(4,4),(2,2),(0.0133597349920825,
0.181443622707305),(0.,0.5),.UNSPECIFIED.);
#52=B_SPLINE_SURFACE_WITH_KNOTS('',3,1,((#4068,#4069),(#4070,#4071),(#4072,
#4073),(#4074,#4075)),.UNSPECIFIED.,.F.,.F.,.F.,(4,4),(2,2),(0.660894541933768,
0.90730292595317),(0.,0.5),.UNSPECIFIED.);
#53=B_SPLINE_SURFACE_WITH_KNOTS('',3,3,((#4257,#4258,#4259,#4260),(#4261,
#4262,#4263,#4264),(#4265,#4266,#4267,#4268),(#4269,#4270,#4271,#4272),
(#4273,#4274,#4275,#4276),(#4277,#4278,#4279,#4280),(#4281,#4282,#4283,
#4284),(#4285,#4286,#4287,#4288),(#4289,#4290,#4291,#4292),(#4293,#4294,
#4295,#4296)),.UNSPECIFIED.,.F.,.F.,.F.,(4,1,1,1,1,1,1,4),(4,4),(2.86536602282617,
3.39308687410957,3.92080772539297,4.44852857667637,4.97624942795977,5.50397027924317,
6.03169113052656,6.55941198180996),(0.,0.0702474542667039),
 .UNSPECIFIED.);
#54=B_SPLINE_SURFACE_WITH_KNOTS('',3,3,((#4433,#4434,#4435,#4436,#4437),
(#4438,#4439,#4440,#4441,#4442),(#4443,#4444,#4445,#4446,#4447),(#4448,
#4449,#4450,#4451,#4452),(#4453,#4454,#4455,#4456,#4457),(#4458,#4459,#4460,
#4461,#4462),(#4463,#4464,#4465,#4466,#4467),(#4468,#4469,#4470,#4471,#4472),
(#4473,#4474,#4475,#4476,#4477),(#4478,#4479,#4480,#4481,#4482)),
 .UNSPECIFIED.,.F.,.F.,.F.,(4,1,1,1,1,1,1,4),(4,1,4),(-3.41781928435339,
-2.89009843933668,-2.36237759431996,-1.83465674930325,-1.30693590428654,
-0.779215059269822,-0.251494214253108,0.276226630763606),(0.789559966141571,
0.827285144000374,0.877585381145445),.UNSPECIFIED.);
#55=B_SPLINE_SURFACE_WITH_KNOTS('',3,3,((#4711,#4712,#4713,#4714,#4715),
(#4716,#4717,#4718,#4719,#4720),(#4721,#4722,#4723,#4724,#4725),(#4726,
#4727,#4728,#4729,#4730),(#4731,#4732,#4733,#4734,#4735),(#4736,#4737,#4738,
#4739,#4740),(#4741,#4742,#4743,#4744,#4745),(#4746,#4747,#4748,#4749,#4750),
(#4751,#4752,#4753,#4754,#4755),(#4756,#4757,#4758,#4759,#4760)),
 .UNSPECIFIED.,.F.,.F.,.F.,(4,1,1,1,1,1,1,4),(4,1,4),(-3.41781928436043,
-2.89009843934256,-2.36237759432469,-1.83465674930682,-1.30693590428896,
-0.779215059271087,-0.251494214253219,0.27622663076465),(0.583637412549549,
0.622480942703171,0.674272316241334),.UNSPECIFIED.);
#56=B_SPLINE_SURFACE_WITH_KNOTS('',3,3,((#4989,#4990,#4991,#4992),(#4993,
#4994,#4995,#4996),(#4997,#4998,#4999,#5000),(#5001,#5002,#5003,#5004),
(#5005,#5006,#5007,#5008),(#5009,#5010,#5011,#5012),(#5013,#5014,#5015,
#5016),(#5017,#5018,#5019,#5020),(#5021,#5022,#5023,#5024),(#5025,#5026,
#5027,#5028)),.UNSPECIFIED.,.F.,.F.,.F.,(4,1,1,1,1,1,1,4),(4,4),(-3.4178192843534,
-2.89009843933662,-2.36237759431983,-1.83465674930305,-1.30693590428626,
-0.779215059269478,-0.251494214252693,0.276226630764091),(0.369472410845641,
0.460064533108066),.UNSPECIFIED.);
#57=B_SPLINE_SURFACE_WITH_KNOTS('',3,3,((#5254,#5255,#5256,#5257),(#5258,
#5259,#5260,#5261),(#5262,#5263,#5264,#5265),(#5266,#5267,#5268,#5269),
(#5270,#5271,#5272,#5273),(#5274,#5275,#5276,#5277),(#5278,#5279,#5280,
#5281),(#5282,#5283,#5284,#5285),(#5286,#5287,#5288,#5289),(#5290,#5291,
#5292,#5293)),.UNSPECIFIED.,.F.,.F.,.F.,(4,1,1,1,1,1,1,4),(4,4),(-3.4178192843534,
-2.8900984393361,-2.3623775943188,-1.83465674930149,-1.30693590428419,-0.779215059266888,
-0.251494214249585,0.276226630767717),(0.168664889683674,0.266241804864498),
 .UNSPECIFIED.);
#58=B_SPLINE_SURFACE_WITH_KNOTS('',3,3,((#5525,#5526,#5527,#5528),(#5529,
#5530,#5531,#5532),(#5533,#5534,#5535,#5536),(#5537,#5538,#5539,#5540),
(#5541,#5542,#5543,#5544),(#5545,#5546,#5547,#5548)),.UNSPECIFIED.,.F.,
 .F.,.F.,(4,1,1,4),(4,4),(1.00116768618236,1.91849267221412,2.53004266290196,
3.14159265358979),(0.998829253877178,1.),.UNSPECIFIED.);
#59=B_SPLINE_SURFACE_WITH_KNOTS('',3,3,((#5575,#5576,#5577,#5578),(#5579,
#5580,#5581,#5582),(#5583,#5584,#5585,#5586),(#5587,#5588,#5589,#5590),
(#5591,#5592,#5593,#5594)),.UNSPECIFIED.,.F.,.F.,.F.,(4,1,4),(4,4),(-1.3796069841775,
-0.759215619120307,-0.138824254063113),(0.854095548446531,0.896795691047542),
 .UNSPECIFIED.);
#60=B_SPLINE_SURFACE_WITH_KNOTS('',3,3,((#5650,#5651,#5652,#5653,#5654),
(#5655,#5656,#5657,#5658,#5659),(#5660,#5661,#5662,#5663,#5664),(#5665,
#5666,#5667,#5668,#5669),(#5670,#5671,#5672,#5673,#5674)),.UNSPECIFIED.,
 .F.,.F.,.F.,(4,1,4),(4,1,4),(0.591520148619723,1.15739671084998,1.72327327308023),
(0.854095548446535,0.91956305059625,0.985030552745965),.UNSPECIFIED.);
#61=B_SPLINE_SURFACE_WITH_KNOTS('',3,3,((#5690,#5691,#5692,#5693),(#5694,
#5695,#5696,#5697),(#5698,#5699,#5700,#5701),(#5702,#5703,#5704,#5705),
(#5706,#5707,#5708,#5709),(#5710,#5711,#5712,#5713)),.UNSPECIFIED.,.F.,
 .F.,.F.,(4,1,1,4),(4,4),(-3.14159265358979,-2.32596637102768,-1.78221551598627,
-1.23846466094486),(0.998829253877178,1.),.UNSPECIFIED.);
#62=B_SPLINE_SURFACE_WITH_KNOTS('',3,3,((#5733,#5734,#5735,#5736),(#5737,
#5738,#5739,#5740),(#5741,#5742,#5743,#5744),(#5745,#5746,#5747,#5748),
(#5749,#5750,#5751,#5752),(#5753,#5754,#5755,#5756)),.UNSPECIFIED.,.F.,
 .F.,.F.,(4,1,1,4),(4,4),(-4.99144964650585,-4.18486264451366,-3.64713797651886,
-3.10941330852407),(0.,0.00823904694749017),.UNSPECIFIED.);
#63=B_SPLINE_SURFACE_WITH_KNOTS('',3,3,((#5758,#5759,#5760,#5761),(#5762,
#5763,#5764,#5765),(#5766,#5767,#5768,#5769),(#5770,#5771,#5772,#5773)),
 .UNSPECIFIED.,.F.,.F.,.F.,(4,4),(4,4),(3.054709204055,3.14159265358979),
(0.998829253877178,1.),.UNSPECIFIED.);
#64=B_SPLINE_SURFACE_WITH_KNOTS('',3,3,((#5778,#5779,#5780,#5781),(#5782,
#5783,#5784,#5785),(#5786,#5787,#5788,#5789),(#5790,#5791,#5792,#5793)),
 .UNSPECIFIED.,.F.,.F.,.F.,(4,4),(4,4),(-3.1415926535898,-2.86536602282621),
(0.998829253877178,1.),.UNSPECIFIED.);
#65=B_SPLINE_SURFACE_WITH_KNOTS('',3,3,((#5884,#5885,#5886,#5887),(#5888,
#5889,#5890,#5891),(#5892,#5893,#5894,#5895),(#5896,#5897,#5898,#5899)),
 .UNSPECIFIED.,.F.,.F.,.F.,(4,4),(4,4),(-3.1415926535898,-2.86536602282621),
(0.998829253877178,1.),.UNSPECIFIED.);
#66=B_SPLINE_SURFACE_WITH_KNOTS('',3,3,((#5908,#5909,#5910,#5911),(#5912,
#5913,#5914,#5915),(#5916,#5917,#5918,#5919),(#5920,#5921,#5922,#5923),
(#5924,#5925,#5926,#5927)),.UNSPECIFIED.,.F.,.F.,.F.,(4,1,4),(4,4),(-1.37960698457206,
-0.759215619317586,-0.138824254063113),(0.854095548446522,0.896795691047542),
 .UNSPECIFIED.);
#67=B_SPLINE_SURFACE_WITH_KNOTS('',3,3,((#5985,#5986,#5987,#5988),(#5989,
#5990,#5991,#5992),(#5993,#5994,#5995,#5996),(#5997,#5998,#5999,#6000),
(#6001,#6002,#6003,#6004),(#6005,#6006,#6007,#6008),(#6009,#6010,#6011,
#6012),(#6013,#6014,#6015,#6016),(#6017,#6018,#6019,#6020),(#6021,#6022,
#6023,#6024)),.UNSPECIFIED.,.F.,.F.,.F.,(4,1,1,1,1,1,1,4),(4,4),(-3.41781928435351,
-2.8900984330701,-2.36237758178669,-1.83465673050327,-1.30693587921986,
-0.779215027936448,-0.251494176653036,0.276226674630377),(0.,0.070244127516616),
 .UNSPECIFIED.);
#68=B_SPLINE_SURFACE_WITH_KNOTS('',3,3,((#6183,#6184,#6185,#6186,#6187),
(#6188,#6189,#6190,#6191,#6192),(#6193,#6194,#6195,#6196,#6197),(#6198,
#6199,#6200,#6201,#6202),(#6203,#6204,#6205,#6206,#6207),(#6208,#6209,#6210,
#6211,#6212),(#6213,#6214,#6215,#6216,#6217),(#6218,#6219,#6220,#6221,#6222),
(#6223,#6224,#6225,#6226,#6227),(#6228,#6229,#6230,#6231,#6232)),
 .UNSPECIFIED.,.F.,.F.,.F.,(4,1,1,1,1,1,1,4),(4,1,4),(-3.41781928435388,
-2.89009843933709,-2.36237759432031,-1.83465674930352,-1.30693590428674,
-0.779215059269954,-0.251494214253169,0.276226630763616),(0.78955996783985,
0.827283595350658,0.877581765365067),.UNSPECIFIED.);
#69=B_SPLINE_SURFACE_WITH_KNOTS('',3,3,((#6461,#6462,#6463,#6464),(#6465,
#6466,#6467,#6468),(#6469,#6470,#6471,#6472),(#6473,#6474,#6475,#6476),
(#6477,#6478,#6479,#6480),(#6481,#6482,#6483,#6484),(#6485,#6486,#6487,
#6488),(#6489,#6490,#6491,#6492),(#6493,#6494,#6495,#6496),(#6497,#6498,
#6499,#6500)),.UNSPECIFIED.,.F.,.F.,.F.,(4,1,1,1,1,1,1,4),(4,4),(2.8653660228262,
3.39308686784292,3.92080771285965,4.44852855787637,4.9762494028931,5.50397024790982,
6.03169109292655,6.55941193794328),(0.369472411562215,0.460060208229905),
 .UNSPECIFIED.);
#70=B_SPLINE_SURFACE_WITH_KNOTS('',3,3,((#6726,#6727,#6728,#6729),(#6730,
#6731,#6732,#6733),(#6734,#6735,#6736,#6737),(#6738,#6739,#6740,#6741),
(#6742,#6743,#6744,#6745),(#6746,#6747,#6748,#6749),(#6750,#6751,#6752,
#6753),(#6754,#6755,#6756,#6757),(#6758,#6759,#6760,#6761),(#6762,#6763,
#6764,#6765)),.UNSPECIFIED.,.F.,.F.,.F.,(4,1,1,1,1,1,1,4),(4,4),(2.86536602282612,
3.39308686784285,3.92080771285958,4.44852855787631,4.97624940289304,5.50397024790977,
6.0316910929265,6.55941193794323),(0.168664894320851,0.266232852834628),
 .UNSPECIFIED.);
#71=B_SPLINE_SURFACE_WITH_KNOTS('',3,3,((#7001,#7002,#7003,#7004,#7005),
(#7006,#7007,#7008,#7009,#7010),(#7011,#7012,#7013,#7014,#7015),(#7016,
#7017,#7018,#7019,#7020),(#7021,#7022,#7023,#7024,#7025),(#7026,#7027,#7028,
#7029,#7030),(#7031,#7032,#7033,#7034,#7035),(#7036,#7037,#7038,#7039,#7040),
(#7041,#7042,#7043,#7044,#7045),(#7046,#7047,#7048,#7049,#7050)),
 .UNSPECIFIED.,.F.,.F.,.F.,(4,1,1,1,1,1,1,4),(4,1,4),(2.86536602282619,
3.39308686784303,3.92080771285987,4.4485285578767,4.97624940289354,5.50397024791038,
6.03169109292721,6.55941193794405),(0.583637414420644,0.635427590285998,
0.674270222185014),.UNSPECIFIED.);
#72=B_SPLINE_SURFACE_WITH_KNOTS('',3,3,((#7279,#7280,#7281,#7282,#7283),
(#7284,#7285,#7286,#7287,#7288),(#7289,#7290,#7291,#7292,#7293),(#7294,
#7295,#7296,#7297,#7298),(#7299,#7300,#7301,#7302,#7303)),.UNSPECIFIED.,
 .F.,.F.,.F.,(4,1,4),(4,1,4),(0.591520148619723,1.15739671084998,1.72327327308023),
(0.854095548446532,0.919563050596248,0.985030552745965),.UNSPECIFIED.);
#73=B_SPLINE_SURFACE_WITH_KNOTS('',3,3,((#7319,#7320,#7321,#7322),(#7323,
#7324,#7325,#7326),(#7327,#7328,#7329,#7330),(#7331,#7332,#7333,#7334),
(#7335,#7336,#7337,#7338),(#7339,#7340,#7341,#7342)),.UNSPECIFIED.,.F.,
 .F.,.F.,(4,1,1,4),(4,4),(-4.99144964650585,-4.18486264451366,-3.64713797651886,
-3.10941330852407),(0.,0.00823904694749017),.UNSPECIFIED.);
#74=B_SPLINE_SURFACE_WITH_KNOTS('',3,3,((#7346,#7347,#7348,#7349),(#7350,
#7351,#7352,#7353),(#7354,#7355,#7356,#7357),(#7358,#7359,#7360,#7361),
(#7362,#7363,#7364,#7365),(#7366,#7367,#7368,#7369)),.UNSPECIFIED.,.F.,
 .F.,.F.,(4,1,1,4),(4,4),(-3.14159265358979,-2.32596637102768,-1.78221551598627,
-1.23846466094486),(0.998829253877178,1.),.UNSPECIFIED.);
#75=B_SPLINE_SURFACE_WITH_KNOTS('',3,3,((#7387,#7388,#7389,#7390),(#7391,
#7392,#7393,#7394),(#7395,#7396,#7397,#7398),(#7399,#7400,#7401,#7402)),
 .UNSPECIFIED.,.F.,.F.,.F.,(4,4),(4,4),(3.054709204055,3.14159265358979),
(0.998829253877178,1.),.UNSPECIFIED.);
#76=B_SPLINE_SURFACE_WITH_KNOTS('',3,3,((#7408,#7409,#7410,#7411),(#7412,
#7413,#7414,#7415),(#7416,#7417,#7418,#7419),(#7420,#7421,#7422,#7423),
(#7424,#7425,#7426,#7427),(#7428,#7429,#7430,#7431)),.UNSPECIFIED.,.F.,
 .F.,.F.,(4,1,1,4),(4,4),(1.00116768618237,1.91849267221412,2.53004266290196,
3.14159265358979),(0.998829253877178,1.),.UNSPECIFIED.);
#77=B_SPLINE_SURFACE_WITH_KNOTS('',3,3,((#7525,#7526,#7527,#7528),(#7529,
#7530,#7531,#7532),(#7533,#7534,#7535,#7536),(#7537,#7538,#7539,#7540),
(#7541,#7542,#7543,#7544),(#7545,#7546,#7547,#7548)),.UNSPECIFIED.,.F.,
 .F.,.F.,(4,1,1,4),(4,4),(0.226448092300432,0.25,0.361881799243457,0.473763598486914),
(-6.93350884989821E-5,1.),.UNSPECIFIED.);
#78=B_SPLINE_SURFACE_WITH_KNOTS('',3,3,((#7551,#7552,#7553,#7554),(#7555,
#7556,#7557,#7558),(#7559,#7560,#7561,#7562),(#7563,#7564,#7565,#7566),
(#7567,#7568,#7569,#7570)),.UNSPECIFIED.,.F.,.F.,.F.,(4,1,4),(4,4),(0.210041865608166,
0.25,0.402521920374069),(0.,0.594380255978428),.UNSPECIFIED.);
#79=B_SPLINE_SURFACE_WITH_KNOTS('',3,3,((#7571,#7572,#7573,#7574),(#7575,
#7576,#7577,#7578),(#7579,#7580,#7581,#7582),(#7583,#7584,#7585,#7586),
(#7587,#7588,#7589,#7590)),.UNSPECIFIED.,.F.,.F.,.F.,(4,1,4),(4,4),(0.597519878943088,
0.75,0.789943822969627),(0.,0.594190076594508),.UNSPECIFIED.);
#80=B_SPLINE_SURFACE_WITH_KNOTS('',3,3,((#7592,#7593,#7594,#7595),(#7596,
#7597,#7598,#7599),(#7600,#7601,#7602,#7603),(#7604,#7605,#7606,#7607),
(#7608,#7609,#7610,#7611),(#7612,#7613,#7614,#7615)),.UNSPECIFIED.,.F.,
 .F.,.F.,(4,1,1,4),(4,4),(0.526246378423671,0.638123189211835,0.75,0.773551907699568),
(-6.38513576068381E-8,1.),.UNSPECIFIED.);
#81=B_SPLINE_SURFACE_WITH_KNOTS('',3,3,((#7616,#7617,#7618,#7619),(#7620,
#7621,#7622,#7623),(#7624,#7625,#7626,#7627),(#7628,#7629,#7630,#7631)),
 .UNSPECIFIED.,.F.,.F.,.F.,(4,4),(4,4),(0.988357372791237,1.),(0.360305834197648,
0.450220220675791),.UNSPECIFIED.);
#82=B_SPLINE_SURFACE_WITH_KNOTS('',3,3,((#7632,#7633,#7634,#7635),(#7636,
#7637,#7638,#7639),(#7640,#7641,#7642,#7643),(#7644,#7645,#7646,#7647)),
 .UNSPECIFIED.,.F.,.F.,.F.,(4,4),(4,4),(0.985686891715648,1.),(0.513378735500788,
0.606038924328824),.UNSPECIFIED.);
#83=B_SPLINE_SURFACE_WITH_KNOTS('',3,3,((#7648,#7649,#7650,#7651),(#7652,
#7653,#7654,#7655),(#7656,#7657,#7658,#7659),(#7660,#7661,#7662,#7663)),
 .UNSPECIFIED.,.F.,.F.,.F.,(4,4),(4,4),(0.981671431659221,1.),(0.674303636078303,
0.781136584382791),.UNSPECIFIED.);
#84=B_SPLINE_SURFACE_WITH_KNOTS('',3,3,((#7664,#7665,#7666,#7667),(#7668,
#7669,#7670,#7671),(#7672,#7673,#7674,#7675),(#7676,#7677,#7678,#7679)),
 .UNSPECIFIED.,.F.,.F.,.F.,(4,4),(4,4),(0.978277631019671,1.),(0.868246722917713,
1.),.UNSPECIFIED.);
#85=B_SPLINE_SURFACE_WITH_KNOTS('',3,3,((#7680,#7681,#7682,#7683),(#7684,
#7685,#7686,#7687),(#7688,#7689,#7690,#7691),(#7692,#7693,#7694,#7695)),
 .UNSPECIFIED.,.F.,.F.,.F.,(4,4),(4,4),(0.991088236083457,1.),(0.,0.12934793823916),
 .UNSPECIFIED.);
#86=B_SPLINE_SURFACE_WITH_KNOTS('',3,3,((#7697,#7698,#7699,#7700),(#7701,
#7702,#7703,#7704),(#7705,#7706,#7707,#7708),(#7709,#7710,#7711,#7712)),
 .UNSPECIFIED.,.F.,.F.,.F.,(4,4),(4,4),(0.990073387714098,1.),(0.20101196178026,
0.296323767763194),.UNSPECIFIED.);
#87=B_SPLINE_SURFACE_WITH_KNOTS('',3,3,((#7943,#7944,#7945,#7946),(#7947,
#7948,#7949,#7950),(#7951,#7952,#7953,#7954),(#7955,#7956,#7957,#7958)),
 .UNSPECIFIED.,.F.,.F.,.F.,(4,4),(4,4),(0.,0.0465807431631072),(0.,0.0372312955586508),
 .UNSPECIFIED.);
#88=B_SPLINE_SURFACE_WITH_KNOTS('',3,3,((#7977,#7978,#7979,#7980),(#7981,
#7982,#7983,#7984),(#7985,#7986,#7987,#7988),(#7989,#7990,#7991,#7992)),
 .UNSPECIFIED.,.F.,.F.,.F.,(4,4),(4,4),(0.953419990020115,1.),(0.,0.0372312907945691),
 .UNSPECIFIED.);
#89=FACE_BOUND('',#430,.T.);
#90=B_SPLINE_CURVE_WITH_KNOTS('',3,(#3021,#3022,#3023,#3024,#3025,#3026),
 .UNSPECIFIED.,.F.,.F.,(4,2,4),(0.181443622707306,0.239250287504472,0.720340845858429),
 .UNSPECIFIED.);
#91=B_SPLINE_CURVE_WITH_KNOTS('',3,(#3028,#3029,#3030,#3031,#3032,#3033,
#3034,#3035,#3036,#3037,#3038,#3039,#3040,#3041,#3042,#3043,#3044,#3045,
#3046,#3047,#3048,#3049),.UNSPECIFIED.,.F.,.F.,(4,2,2,2,2,2,2,2,2,2,4),
(0.,0.132529407613912,0.542579118321595,0.876790027314159,0.986603302404912,
1.02320653034522,1.03228561550802,1.03462634140845,1.03525521925194,1.03543646824467,
1.03558203440805),.UNSPECIFIED.);
#92=B_SPLINE_CURVE_WITH_KNOTS('',3,(#3051,#3052,#3053,#3054),
 .UNSPECIFIED.,.F.,.F.,(4,4),(0.,0.322273448856329),.UNSPECIFIED.);
#93=B_SPLINE_CURVE_WITH_KNOTS('',3,(#3058,#3059,#3060,#3061,#3062,#3063,
#3064),.UNSPECIFIED.,.F.,.F.,(4,3,4),(1.32642015087439,1.79414505087027,
2.19539145985767),.UNSPECIFIED.);
#94=B_SPLINE_CURVE_WITH_KNOTS('',3,(#3068,#3069,#3070,#3071),
 .UNSPECIFIED.,.F.,.F.,(4,4),(0.554015394495461,0.847529777683708),
 .UNSPECIFIED.);
#95=B_SPLINE_CURVE_WITH_KNOTS('',3,(#3075,#3076,#3077,#3078,#3079,#3080,
#3081),.UNSPECIFIED.,.F.,.F.,(4,3,4),(3.14343355613873,3.37722881026458,
3.72139109680034),.UNSPECIFIED.);
#96=B_SPLINE_CURVE_WITH_KNOTS('',3,(#3085,#3086,#3087,#3088),
 .UNSPECIFIED.,.F.,.F.,(4,4),(1.06262345485335,1.38316768291311),
 .UNSPECIFIED.);
#97=B_SPLINE_CURVE_WITH_KNOTS('',3,(#3092,#3093,#3094,#3095),
 .UNSPECIFIED.,.F.,.F.,(4,4),(4.32928798618867,4.72203398941027),
 .UNSPECIFIED.);
#98=B_SPLINE_CURVE_WITH_KNOTS('',3,(#3099,#3100,#3101,#3102),
 .UNSPECIFIED.,.F.,.F.,(4,4),(1.60162832102882,1.9126123996028),
 .UNSPECIFIED.);
#99=B_SPLINE_CURVE_WITH_KNOTS('',3,(#3106,#3107,#3108,#3109),
 .UNSPECIFIED.,.F.,.F.,(4,4),(5.30173938429932,5.71290939489508),
 .UNSPECIFIED.);
#100=B_SPLINE_CURVE_WITH_KNOTS('',3,(#3113,#3114,#3115,#3116),
 .UNSPECIFIED.,.F.,.F.,(4,4),(2.13389547507375,2.46352848297512),
 .UNSPECIFIED.);
#101=B_SPLINE_CURVE_WITH_KNOTS('',3,(#3120,#3121,#3122,#3123),
 .UNSPECIFIED.,.F.,.F.,(4,4),(6.01636872688567,6.07681487702006),
 .UNSPECIFIED.);
#102=B_SPLINE_CURVE_WITH_KNOTS('',3,(#3125,#3126,#3127,#3128,#3129,#3130),
 .UNSPECIFIED.,.F.,.F.,(4,2,4),(0.,0.00316753168197392,0.00633717524490699),
 .UNSPECIFIED.);
#103=B_SPLINE_CURVE_WITH_KNOTS('',3,(#3134,#3135,#3136,#3137),
 .UNSPECIFIED.,.F.,.F.,(4,4),(0.289632445728987,0.304348221604197),
 .UNSPECIFIED.);
#104=B_SPLINE_CURVE_WITH_KNOTS('',3,(#3141,#3142,#3143,#3144),
 .UNSPECIFIED.,.F.,.F.,(4,4),(2.71138096081058,3.15878172676407),
 .UNSPECIFIED.);
#105=B_SPLINE_CURVE_WITH_KNOTS('',3,(#3168,#3169,#3170,#3171),
 .UNSPECIFIED.,.F.,.F.,(4,4),(0.660894541933624,0.833955936733575),
 .UNSPECIFIED.);
#106=B_SPLINE_CURVE_WITH_KNOTS('',3,(#3232,#3233,#3234,#3235),
 .UNSPECIFIED.,.F.,.F.,(4,4),(0.061002361858955,0.181443622707305),
 .UNSPECIFIED.);
#107=B_SPLINE_CURVE_WITH_KNOTS('',3,(#3247,#3248,#3249,#3250,#3251,#3252,
#3253,#3254,#3255,#3256,#3257,#3258,#3259,#3260,#3261,#3262,#3263,#3264,
#3265,#3266,#3267,#3268,#3269,#3270,#3271,#3272,#3273,#3274,#3275,#3276,
#3277,#3278,#3279,#3280),.UNSPECIFIED.,.F.,.F.,(4,3,3,3,3,3,3,3,3,3,3,4),
(-0.0623826824541832,-0.0585026114580675,-0.0544694509936274,-0.049316214112663,
-0.0454680846160546,-0.0372506382500517,-0.0326905531440393,-0.0283307374612165,
-0.0201363700745114,-0.0117400595983129,-0.00366847112693841,0.),
 .UNSPECIFIED.);
#108=B_SPLINE_CURVE_WITH_KNOTS('',3,(#3282,#3283,#3284,#3285,#3286,#3287),
 .UNSPECIFIED.,.F.,.F.,(4,2,4),(-0.19,-0.095,0.),.UNSPECIFIED.);
#109=B_SPLINE_CURVE_WITH_KNOTS('',3,(#3289,#3290,#3291,#3292,#3293,#3294,
#3295,#3296,#3297,#3298,#3299,#3300),.UNSPECIFIED.,.F.,.F.,(4,2,2,2,2,4),
(-0.0434618737965734,-0.0295003243549292,-0.0164847477002448,-0.00882787322552754,
-0.00397319694860803,0.),.UNSPECIFIED.);
#110=B_SPLINE_CURVE_WITH_KNOTS('',3,(#3317,#3318,#3319,#3320,#3321,#3322,
#3323,#3324,#3325,#3326,#3327,#3328),.UNSPECIFIED.,.F.,.F.,(4,2,1,1,1,1,
1,1,4),(-3.00338022915383,-2.99485695303476,-2.62553504807612,-2.44087409559681,
-2.25621314311749,-2.07155219063817,-1.88689123815885,-1.51756933320022,
-1.14824742824159),.UNSPECIFIED.);
#111=B_SPLINE_CURVE_WITH_KNOTS('',3,(#3330,#3331,#3332,#3333,#3334,#3335,
#3336,#3337,#3338,#3339),.UNSPECIFIED.,.F.,.F.,(4,2,2,2,4),(-0.0517499259100324,
-0.0366166332769092,-0.0234217512225772,-0.00545283434024632,-0.000493593119028692),
 .UNSPECIFIED.);
#112=B_SPLINE_CURVE_WITH_KNOTS('',3,(#3341,#3342,#3343,#3344,#3345,#3346,
#3347,#3348,#3349,#3350,#3351,#3352,#3353,#3354,#3355,#3356,#3357,#3358),
 .UNSPECIFIED.,.F.,.F.,(4,2,2,2,2,2,2,2,4),(-1.24786218849968,-1.24121114955649,
-1.16562397897794,-1.10370492793971,-1.03663314258776,-0.937824037613159,
-0.74734468424161,-0.514220239120509,0.),.UNSPECIFIED.);
#113=B_SPLINE_CURVE_WITH_KNOTS('',3,(#3359,#3360,#3361,#3362,#3363,#3364),
 .UNSPECIFIED.,.F.,.F.,(4,2,4),(-0.5,-0.25,0.),.UNSPECIFIED.);
#114=B_SPLINE_CURVE_WITH_KNOTS('',3,(#3426,#3427,#3428,#3429,#3430,#3431,
#3432,#3433,#3434,#3435),.UNSPECIFIED.,.F.,.F.,(4,1,1,1,1,1,1,4),(1.18380079957052,
1.51756933320022,1.88689123815885,2.07155219063817,2.25621314311749,2.44087409559681,
2.62553504807612,2.94818695158302),.UNSPECIFIED.);
#115=B_SPLINE_CURVE_WITH_KNOTS('',3,(#3437,#3438,#3439,#3440,#3441,#3442,
#3443,#3444,#3445,#3446,#3447,#3448),.UNSPECIFIED.,.F.,.F.,(4,2,2,2,2,4),
(0.00671485432272711,0.0523980122954604,0.0692840098739593,0.0747882035797844,
0.0770686657542112,0.0791787971059064),.UNSPECIFIED.);
#116=B_SPLINE_CURVE_WITH_KNOTS('',3,(#3449,#3450,#3451,#3452,#3453,#3454,
#3455,#3456,#3457,#3458),.UNSPECIFIED.,.F.,.F.,(4,3,3,4),(-0.00340810183726811,
-0.00319329941104103,-0.0017423246374783,0.),.UNSPECIFIED.);
#117=B_SPLINE_CURVE_WITH_KNOTS('',3,(#3461,#3462,#3463,#3464,#3465,#3466),
 .UNSPECIFIED.,.F.,.F.,(4,2,4),(0.0425,0.1375,0.2325),.UNSPECIFIED.);
#118=B_SPLINE_CURVE_WITH_KNOTS('',3,(#3468,#3469,#3470,#3471,#3472,#3473,
#3474,#3475,#3476,#3477,#3478,#3479),.UNSPECIFIED.,.F.,.F.,(4,2,2,2,2,4),
(0.,0.00243724865671375,0.00554649041739258,0.011044327765915,0.0253328864465572,
0.0685017802253503),.UNSPECIFIED.);
#119=B_SPLINE_CURVE_WITH_KNOTS('',3,(#3525,#3526,#3527,#3528,#3529,#3530,
#3531,#3532,#3533,#3534),.UNSPECIFIED.,.F.,.F.,(4,1,1,1,1,1,1,4),(2.66168042917609E-5,
0.137925436495086,0.322586390683801,0.691908299061229,0.876569253249943,
1.06123020743866,1.43055211581609,1.76432092563471),.UNSPECIFIED.);
#120=B_SPLINE_CURVE_WITH_KNOTS('',3,(#3596,#3597,#3598,#3599,#3600,#3601,
#3602,#3603,#3604,#3605,#3606,#3607),.UNSPECIFIED.,.F.,.F.,(4,1,1,1,1,1,
1,2,4),(-1.79987402419351,-1.43055211581609,-1.06123020743866,-0.876569253249943,
-0.691908299061229,-0.322586390683801,-0.137925436495086,0.0467355176936281,
0.0552514048491242),.UNSPECIFIED.);
#121=B_SPLINE_CURVE_WITH_KNOTS('',3,(#3608,#3609,#3610,#3611,#3612,#3613),
 .UNSPECIFIED.,.F.,.F.,(4,2,4),(-0.00600900296461347,-0.00427453067127655,
-0.00356313839205896),.UNSPECIFIED.);
#122=B_SPLINE_CURVE_WITH_KNOTS('',3,(#3657,#3658,#3659,#3660),
 .UNSPECIFIED.,.F.,.F.,(4,4),(0.868246722937866,1.),.UNSPECIFIED.);
#123=B_SPLINE_CURVE_WITH_KNOTS('',3,(#3662,#3663,#3664,#3665,#3666,#3667,
#3668,#3669,#3670,#3671),.UNSPECIFIED.,.F.,.F.,(4,3,3,4),(-1.98905344960433,
-1.72020704032008,-1.37025805906938,-1.02030907781868),.UNSPECIFIED.);
#124=B_SPLINE_CURVE_WITH_KNOTS('',3,(#3673,#3674,#3675,#3676),
 .UNSPECIFIED.,.F.,.F.,(4,4),(-0.395438976454073,-0.0503599927561812),
 .UNSPECIFIED.);
#125=B_SPLINE_CURVE_WITH_KNOTS('',3,(#3678,#3679,#3680,#3681,#3682,#3683,
#3684,#3685,#3686,#3687),.UNSPECIFIED.,.F.,.F.,(4,3,3,4),(-1.12952710431571,
-0.74633617760546,-0.363145250895209,-0.051440066161043),.UNSPECIFIED.);
#126=B_SPLINE_CURVE_WITH_KNOTS('',3,(#3689,#3690,#3691,#3692),
 .UNSPECIFIED.,.F.,.F.,(4,4),(0.674303636078308,0.781136584382784),
 .UNSPECIFIED.);
#127=B_SPLINE_CURVE_WITH_KNOTS('',3,(#3694,#3695,#3696,#3697,#3698,#3699,
#3700,#3701,#3702,#3703),.UNSPECIFIED.,.F.,.F.,(4,3,3,4),(-2.57406564961588,
-2.19016890176722,-1.75161455330127,-1.31306020483533),.UNSPECIFIED.);
#128=B_SPLINE_CURVE_WITH_KNOTS('',3,(#3705,#3706,#3707,#3708),
 .UNSPECIFIED.,.F.,.F.,(4,4),(-0.409365416352109,-0.0516020343251205),
 .UNSPECIFIED.);
#129=B_SPLINE_CURVE_WITH_KNOTS('',3,(#3710,#3711,#3712,#3713,#3714,#3715,
#3716,#3717,#3718,#3719),.UNSPECIFIED.,.F.,.F.,(4,3,3,4),(-1.44984422670095,
-0.969653090458895,-0.489461954216837,-0.0510697651017176),
 .UNSPECIFIED.);
#130=B_SPLINE_CURVE_WITH_KNOTS('',3,(#3721,#3722,#3723,#3724),
 .UNSPECIFIED.,.F.,.F.,(4,4),(0.513378735500789,0.606038924328696),
 .UNSPECIFIED.);
#131=B_SPLINE_CURVE_WITH_KNOTS('',3,(#3726,#3727,#3728,#3729,#3730,#3731,
#3732,#3733,#3734,#3735),.UNSPECIFIED.,.F.,.F.,(4,3,3,4),(-3.24465934195588,
-2.72763559033885,-2.18794347879057,-1.64825136724229),.UNSPECIFIED.);
#132=B_SPLINE_CURVE_WITH_KNOTS('',3,(#3737,#3738,#3739,#3740,#3741,#3742,
#3743,#3744,#3745,#3746),.UNSPECIFIED.,.F.,.F.,(4,3,3,4),(-0.417057086067976,
-0.234567453101028,-0.0836252587390828,-0.0520778201340803),
 .UNSPECIFIED.);
#133=B_SPLINE_CURVE_WITH_KNOTS('',3,(#3748,#3749,#3750,#3751,#3752,#3753,
#3754,#3755,#3756,#3757),.UNSPECIFIED.,.F.,.F.,(4,3,3,4),(-1.7854907228881,
-1.20418595012657,-0.62288117736504,-0.0508180826173652),.UNSPECIFIED.);
#134=B_SPLINE_CURVE_WITH_KNOTS('',3,(#3759,#3760,#3761,#3762),
 .UNSPECIFIED.,.F.,.F.,(4,4),(0.360305834197648,0.450220220675389),
 .UNSPECIFIED.);
#135=B_SPLINE_CURVE_WITH_KNOTS('',3,(#3764,#3765,#3766,#3767,#3768,#3769,
#3770,#3771,#3772,#3773,#3774,#3775,#3776),.UNSPECIFIED.,.F.,.F.,(4,3,3,
3,4),(-3.89614800992946,-3.88673081397719,-3.24910100153512,-2.61147118909305,
-1.97384137665098),.UNSPECIFIED.);
#136=B_SPLINE_CURVE_WITH_KNOTS('',3,(#3778,#3779,#3780,#3781,#3782,#3783,
#3784,#3785,#3786,#3787),.UNSPECIFIED.,.F.,.F.,(4,3,3,4),(-0.410915950013524,
-0.229915141812172,-0.0633388923228773,-0.0516701738126064),
 .UNSPECIFIED.);
#137=B_SPLINE_CURVE_WITH_KNOTS('',3,(#3789,#3790,#3791,#3792,#3793,#3794,
#3795,#3796,#3797,#3798,#3799,#3800,#3801),.UNSPECIFIED.,.F.,.F.,(4,3,3,
3,4),(-2.09663067083723,-1.42187207790593,-0.747113484974625,-0.0723548920433239,
-0.0506582613859692),.UNSPECIFIED.);
#138=B_SPLINE_CURVE_WITH_KNOTS('',3,(#3803,#3804,#3805,#3806),
 .UNSPECIFIED.,.F.,.F.,(4,4),(0.20101196178026,0.296323767752211),
 .UNSPECIFIED.);
#139=B_SPLINE_CURVE_WITH_KNOTS('',3,(#3808,#3809,#3810,#3811,#3812,#3813,
#3814,#3815,#3816,#3817,#3818,#3819,#3820),.UNSPECIFIED.,.F.,.F.,(4,3,3,
3,4),(-4.45120237270596,-4.4139635724779,-3.69304858210082,-2.97213359172374,
-2.25121860134666),.UNSPECIFIED.);
#140=B_SPLINE_CURVE_WITH_KNOTS('',3,(#3822,#3823,#3824,#3825),
 .UNSPECIFIED.,.F.,.F.,(4,4),(-0.401859220345525,-0.0508628475029308),
 .UNSPECIFIED.);
#141=B_SPLINE_CURVE_WITH_KNOTS('',3,(#3827,#3828,#3829,#3830,#3831,#3832,
#3833,#3834,#3835,#3836,#3837,#3838,#3839),.UNSPECIFIED.,.F.,.F.,(4,3,3,
3,4),(-2.33709233393981,-1.59022682020695,-0.843361306474099,-0.0964957927412447,
-0.0505658672820535),.UNSPECIFIED.);
#142=B_SPLINE_CURVE_WITH_KNOTS('',3,(#3841,#3842,#3843,#3844),
 .UNSPECIFIED.,.F.,.F.,(4,4),(0.,0.129347938238941),.UNSPECIFIED.);
#143=B_SPLINE_CURVE_WITH_KNOTS('',3,(#3847,#3848,#3849,#3850,#3851,#3852,
#3853,#3854,#3855,#3856,#3857,#3858,#3859),.UNSPECIFIED.,.F.,.F.,(4,3,3,
3,4),(-4.62305377939243,-4.35890472280588,-3.61050667194485,-2.86210862108381,
-2.24234608024035),.UNSPECIFIED.);
#144=B_SPLINE_CURVE_WITH_KNOTS('',3,(#3861,#3862,#3863,#3864),
 .UNSPECIFIED.,.F.,.F.,(4,4),(-0.401822720930791,-0.0503883105994889),
 .UNSPECIFIED.);
#145=B_SPLINE_CURVE_WITH_KNOTS('',3,(#3865,#3866,#3867,#3868,#3869,#3870,
#3871,#3872,#3873,#3874,#3875,#3876,#3877),.UNSPECIFIED.,.F.,.F.,(4,3,3,
3,4),(-2.34598581667635,-1.74415988461167,-1.02137564924036,-0.298591413869045,
-0.050596353572665),.UNSPECIFIED.);
#146=B_SPLINE_CURVE_WITH_KNOTS('',3,(#3879,#3880,#3881,#3882,#3883,#3884,
#3885,#3886,#3887,#3888,#3889,#3890,#3891),.UNSPECIFIED.,.F.,.F.,(4,3,3,
3,4),(-4.14186235890323,-3.92307187713246,-3.24698052997722,-2.57088918282197,
-2.00179931112169),.UNSPECIFIED.);
#147=B_SPLINE_CURVE_WITH_KNOTS('',3,(#3893,#3894,#3895,#3896,#3897,#3898,
#3899),.UNSPECIFIED.,.F.,.F.,(4,3,4),(-0.410904879261138,-0.244031994909296,
-0.051394910795825),.UNSPECIFIED.);
#148=B_SPLINE_CURVE_WITH_KNOTS('',3,(#3900,#3901,#3902,#3903,#3904,#3905,
#3906,#3907,#3908,#3909,#3910,#3911,#3912),.UNSPECIFIED.,.F.,.F.,(4,3,3,
3,4),(-2.06870135586697,-1.52525824299748,-0.885883081025131,-0.246507919052779,
-0.050714931561247),.UNSPECIFIED.);
#149=B_SPLINE_CURVE_WITH_KNOTS('',3,(#3914,#3915,#3916,#3917,#3918,#3919,
#3920,#3921,#3922,#3923,#3924,#3925,#3926),.UNSPECIFIED.,.F.,.F.,(4,3,3,
3,4),(-3.5192674470437,-3.35879564732716,-2.77644511225142,-2.19409457717567,
-1.69050164112291),.UNSPECIFIED.);
#150=B_SPLINE_CURVE_WITH_KNOTS('',3,(#3928,#3929,#3930,#3931,#3932,#3933,
#3934,#3935,#3936,#3937),.UNSPECIFIED.,.F.,.F.,(4,3,3,4),(-0.41581592016927,
-0.26533143350297,-0.0855384160835808,-0.0519589046717881),
 .UNSPECIFIED.);
#151=B_SPLINE_CURVE_WITH_KNOTS('',3,(#3938,#3939,#3940,#3941,#3942,#3943,
#3944,#3945,#3946,#3947,#3948,#3949,#3950),.UNSPECIFIED.,.F.,.F.,(4,3,3,
3,4),(-1.74328199680356,-1.26829928405727,-0.727105659794555,-0.185912035531844,
-0.0509086003663457),.UNSPECIFIED.);
#152=B_SPLINE_CURVE_WITH_KNOTS('',3,(#3952,#3953,#3954,#3955,#3956,#3957,
#3958,#3959,#3960,#3961,#3962,#3963,#3964),.UNSPECIFIED.,.F.,.F.,(4,3,3,
3,4),(-2.84769555185535,-2.74940024402419,-2.26853072966855,-1.78766121531291,
-1.35459531190263),.UNSPECIFIED.);
#153=B_SPLINE_CURVE_WITH_KNOTS('',3,(#3966,#3967,#3968,#3969),
 .UNSPECIFIED.,.F.,.F.,(4,4),(-0.399106470713713,-0.0515277886406639),
 .UNSPECIFIED.);
#154=B_SPLINE_CURVE_WITH_KNOTS('',3,(#3970,#3971,#3972,#3973,#3974,#3975,
#3976,#3977,#3978,#3979,#3980,#3981,#3982),.UNSPECIFIED.,.F.,.F.,(4,3,3,
3,4),(-1.40838741705335,-1.00376851476735,-0.564157738728286,-0.124546962689225,
-0.0512078463996581),.UNSPECIFIED.);
#155=B_SPLINE_CURVE_WITH_KNOTS('',3,(#3984,#3985,#3986,#3987,#3988,#3989,
#3990,#3991,#3992,#3993,#3994,#3995,#3996),.UNSPECIFIED.,.F.,.F.,(4,3,3,
3,4),(-2.20685918797809,-2.16664149464796,-1.78324083717004,-1.39984017969212,
-1.03389765381162),.UNSPECIFIED.);
#156=B_SPLINE_CURVE_WITH_KNOTS('',3,(#3998,#3999,#4000,#4001),
 .UNSPECIFIED.,.F.,.F.,(4,4),(-0.391294258425966,-0.050902402803065),
 .UNSPECIFIED.);
#157=B_SPLINE_CURVE_WITH_KNOTS('',3,(#4002,#4003,#4004,#4005,#4006,#4007,
#4008,#4009,#4010,#4011,#4012,#4013,#4014),.UNSPECIFIED.,.F.,.F.,(4,3,3,
3,4),(-1.11608605837824,-0.772778830751578,-0.422645746351597,-0.0725126619516158,
-0.0516112117641403),.UNSPECIFIED.);
#158=B_SPLINE_CURVE_WITH_KNOTS('',3,(#4019,#4020,#4021,#4022,#4023,#4024),
 .UNSPECIFIED.,.F.,.F.,(4,2,4),(-0.5,-0.25,0.),.UNSPECIFIED.);
#159=B_SPLINE_CURVE_WITH_KNOTS('',3,(#4026,#4027,#4028,#4029,#4030,#4031,
#4032,#4033,#4034,#4035,#4036,#4037,#4038,#4039,#4040,#4041,#4042,#4043),
 .UNSPECIFIED.,.F.,.F.,(4,2,2,2,2,2,2,2,4),(-1.24807346583124,-1.2414501366598,
-1.16584749471969,-1.10391298984085,-1.03682667389734,-0.938007844222164,
-0.747498359161895,-0.514329783412125,0.),.UNSPECIFIED.);
#160=B_SPLINE_CURVE_WITH_KNOTS('',3,(#4044,#4045,#4046,#4047,#4048,#4049,
#4050,#4051,#4052,#4053),.UNSPECIFIED.,.F.,.F.,(4,2,2,2,4),(-0.0517333756894077,
-0.0366085361890262,-0.0234192659834056,-0.0054551035603004,-0.00049391785296016),
 .UNSPECIFIED.);
#161=B_SPLINE_CURVE_WITH_KNOTS('',3,(#4064,#4065,#4066,#4067),
 .UNSPECIFIED.,.F.,.F.,(4,4),(0.0610023618589568,0.181443622707305),
 .UNSPECIFIED.);
#162=B_SPLINE_CURVE_WITH_KNOTS('',3,(#4077,#4078,#4079,#4080),
 .UNSPECIFIED.,.F.,.F.,(4,4),(0.660894541933624,0.833955936733575),
 .UNSPECIFIED.);
#163=B_SPLINE_CURVE_WITH_KNOTS('',3,(#4100,#4101,#4102,#4103),
 .UNSPECIFIED.,.F.,.F.,(4,4),(0.,0.495733852752383),.UNSPECIFIED.);
#164=B_SPLINE_CURVE_WITH_KNOTS('',3,(#4107,#4108,#4109,#4110),
 .UNSPECIFIED.,.F.,.F.,(4,4),(1.03465921709345,1.04879415297686),
 .UNSPECIFIED.);
#165=B_SPLINE_CURVE_WITH_KNOTS('',3,(#4114,#4115,#4116,#4117,#4118,#4119),
 .UNSPECIFIED.,.F.,.F.,(4,2,4),(0.,0.003169643694408,0.00633717550776926),
 .UNSPECIFIED.);
#166=B_SPLINE_CURVE_WITH_KNOTS('',3,(#4121,#4122,#4123,#4124),
 .UNSPECIFIED.,.F.,.F.,(4,4),(0.,0.40463230698696),.UNSPECIFIED.);
#167=B_SPLINE_CURVE_WITH_KNOTS('',3,(#4128,#4129,#4130,#4131),
 .UNSPECIFIED.,.F.,.F.,(4,4),(0.782622758983429,1.1877619725571),
 .UNSPECIFIED.);
#168=B_SPLINE_CURVE_WITH_KNOTS('',3,(#4135,#4136,#4137,#4138),
 .UNSPECIFIED.,.F.,.F.,(4,4),(3.18753531113235,7.38727600296526),
 .UNSPECIFIED.);
#169=B_SPLINE_CURVE_WITH_KNOTS('',3,(#4142,#4143,#4144,#4145),
 .UNSPECIFIED.,.F.,.F.,(4,4),(1.47519832970131,1.88016239881341),
 .UNSPECIFIED.);
#170=B_SPLINE_CURVE_WITH_KNOTS('',3,(#4149,#4150,#4151,#4152),
 .UNSPECIFIED.,.F.,.F.,(4,4),(12.667422786624,15.0706852406296),
 .UNSPECIFIED.);
#171=B_SPLINE_CURVE_WITH_KNOTS('',3,(#4156,#4157,#4158,#4159),
 .UNSPECIFIED.,.F.,.F.,(4,4),(2.16503254909863,2.58343557107604),
 .UNSPECIFIED.);
#172=B_SPLINE_CURVE_WITH_KNOTS('',3,(#4163,#4164,#4165,#4166,#4167,#4168,
#4169),.UNSPECIFIED.,.F.,.F.,(4,3,4),(18.4768119579349,19.3347467504163,
20.3997425167681),.UNSPECIFIED.);
#173=B_SPLINE_CURVE_WITH_KNOTS('',3,(#4173,#4174,#4175,#4176),
 .UNSPECIFIED.,.F.,.F.,(4,4),(2.89197686767907,3.37527338002003),
 .UNSPECIFIED.);
#174=B_SPLINE_CURVE_WITH_KNOTS('',3,(#4180,#4181,#4182,#4183),
 .UNSPECIFIED.,.F.,.F.,(4,4),(22.7866278300194,24.6716389520315),
 .UNSPECIFIED.);
#175=B_SPLINE_CURVE_WITH_KNOTS('',3,(#4187,#4188,#4189,#4190),
 .UNSPECIFIED.,.F.,.F.,(4,4),(3.76972760925312,4.36722371382944),
 .UNSPECIFIED.);
#176=B_SPLINE_CURVE_WITH_KNOTS('',3,(#4192,#4193,#4194,#4195,#4196,#4197,
#4198,#4199,#4200,#4201,#4202,#4203,#4204,#4205,#4206,#4207),
 .UNSPECIFIED.,.F.,.F.,(4,2,2,2,2,2,2,4),(0.,2.59143209459832E-5,0.000132843206690151,
0.00088330757067276,0.00823354595957695,0.0218395826350547,0.0287315267371298,
0.0346566991784497),.UNSPECIFIED.);
#177=B_SPLINE_CURVE_WITH_KNOTS('',3,(#4208,#4209,#4210,#4211,#4212,#4213),
 .UNSPECIFIED.,.F.,.F.,(4,2,4),(0.,0.522584489783452,0.660894541933626),
 .UNSPECIFIED.);
#178=B_SPLINE_CURVE_WITH_KNOTS('',3,(#4219,#4220,#4221,#4222,#4223,#4224,
#4225,#4226,#4227,#4228,#4229,#4230,#4231,#4232,#4233,#4234,#4235,#4236,
#4237,#4238,#4239,#4240,#4241,#4242,#4243),.UNSPECIFIED.,.F.,.F.,(4,3,3,
3,3,3,3,3,4),(-0.188191448088262,-0.173978351730807,-0.171807660860106,
-0.161199831584032,-0.146884332900609,-0.132547942308776,-0.129136938681091,
-0.114755813412417,-0.102908908527725),.UNSPECIFIED.);
#179=B_SPLINE_CURVE_WITH_KNOTS('',3,(#4249,#4250,#4251,#4252,#4253,#4254,
#4255),.UNSPECIFIED.,.F.,.F.,(4,3,4),(-0.0282469455990392,-0.0147574741897105,
-0.00375260200613947),.UNSPECIFIED.);
#180=B_SPLINE_CURVE_WITH_KNOTS('',3,(#4298,#4299,#4300,#4301,#4302,#4303,
#4304,#4305,#4306,#4307),.UNSPECIFIED.,.F.,.F.,(4,3,3,4),(0.059562963583104,
0.0739417656338544,0.0858881381515382,0.0900596569816912),.UNSPECIFIED.);
#181=B_SPLINE_CURVE_WITH_KNOTS('',3,(#4313,#4314,#4315,#4316,#4317,#4318),
 .UNSPECIFIED.,.F.,.F.,(4,2,4),(0.129189053716651,0.164596178697368,0.200588513775987),
 .UNSPECIFIED.);
#182=B_SPLINE_CURVE_WITH_KNOTS('',3,(#4319,#4320,#4321,#4322,#4323,#4324,
#4325,#4326,#4327,#4328,#4329,#4330),.UNSPECIFIED.,.F.,.F.,(4,2,2,2,2,4),
(0.00510203788228215,0.130834507284854,0.189612984786749,0.210429049708153,
0.238270866104122,0.269069221710217),.UNSPECIFIED.);
#183=B_SPLINE_CURVE_WITH_KNOTS('',3,(#4332,#4333,#4334,#4335),
 .UNSPECIFIED.,.F.,.F.,(4,4),(5.4461868591885,5.50815631031136),
 .UNSPECIFIED.);
#184=B_SPLINE_CURVE_WITH_KNOTS('',3,(#4336,#4337,#4338,#4339,#4340,#4341,
#4342,#4343,#4344,#4345,#4346,#4347,#4348,#4349,#4350,#4351,#4352,#4353,
#4354,#4355,#4356,#4357,#4358,#4359,#4360,#4361,#4362,#4363,#4364,#4365,
#4366,#4367,#4368,#4369,#4370,#4371,#4372,#4373,#4374,#4375,#4376,#4377,
#4378,#4379,#4380,#4381,#4382,#4383,#4384,#4385,#4386,#4387,#4388,#4389,
#4390,#4391,#4392,#4393,#4394,#4395,#4396,#4397,#4398,#4399,#4400,#4401,
#4402,#4403,#4404,#4405,#4406,#4407,#4408,#4409,#4410,#4411,#4412,#4413,
#4414,#4415,#4416,#4417,#4418,#4419,#4420,#4421,#4422,#4423,#4424,#4425,
#4426,#4427,#4428,#4429,#4430,#4431,#4432),.UNSPECIFIED.,.F.,.F.,(4,3,3,
3,3,3,3,3,3,3,3,3,3,3,3,3,3,3,3,3,3,3,3,3,3,3,3,3,3,3,3,3,4),(0.0900596569816912,
0.104435389737066,0.117849523430713,0.12849539080847,0.142761380908387,
0.157117725469134,0.171277484456993,0.176207225851448,0.190443180585168,
0.204885034222273,0.214457721871926,0.228937863141969,0.2348405182545,0.249328317549531,
0.258042430631989,0.272511397427481,0.286917151310318,0.293609109080598,
0.301805033631032,0.316187933765729,0.330796622944045,0.34540531212236,
0.352221853781934,0.366559197324211,0.380910455906847,0.388590801983283,
0.402969804235514,0.410626406770357,0.425000330330376,0.431354812687059,
0.445679276751121,0.459986137576709,0.468903963436065),.UNSPECIFIED.);
#185=B_SPLINE_CURVE_WITH_KNOTS('',3,(#4484,#4485,#4486,#4487,#4488,#4489,
#4490,#4491,#4492,#4493),.UNSPECIFIED.,.F.,.F.,(4,3,3,4),(0.43824547135998,
0.452627101463748,0.466861912441506,0.46876870087823),.UNSPECIFIED.);
#186=B_SPLINE_CURVE_WITH_KNOTS('',3,(#4495,#4496,#4497,#4498,#4499,#4500,
#4501,#4502,#4503,#4504,#4505,#4506,#4507,#4508,#4509,#4510,#4511,#4512,
#4513,#4514,#4515,#4516,#4517,#4518,#4519,#4520,#4521,#4522,#4523,#4524,
#4525,#4526,#4527,#4528,#4529,#4530,#4531,#4532,#4533,#4534,#4535,#4536,
#4537,#4538,#4539,#4540,#4541,#4542,#4543,#4544,#4545,#4546,#4547,#4548,
#4549,#4550,#4551,#4552,#4553,#4554,#4555,#4556,#4557,#4558,#4559,#4560,
#4561,#4562,#4563,#4564,#4565,#4566,#4567,#4568,#4569,#4570,#4571,#4572,
#4573,#4574,#4575,#4576,#4577,#4578,#4579,#4580,#4581,#4582,#4583,#4584,
#4585,#4586,#4587,#4588,#4589,#4590,#4591,#4592,#4593,#4594),
 .UNSPECIFIED.,.F.,.F.,(4,3,3,3,3,3,3,3,3,3,3,3,3,3,3,3,3,3,3,3,3,3,3,3,
3,3,3,3,3,3,3,3,3,4),(0.0595269303637599,0.0739038881255009,0.0858878950212947,
0.100214911592953,0.114537408117451,0.117810375075214,0.128529189357097,
0.142797161424626,0.157148277558579,0.17132748693661,0.176155305257522,
0.190388263018081,0.204824478344247,0.214486670265003,0.228959452380473,
0.234758728801679,0.249237658674798,0.258022737595797,0.272484078305888,
0.286883630566575,0.293496683662188,0.301738541848744,0.316114951812955,
0.33071552657935,0.345316101345746,0.352092374911826,0.366426813162296,
0.380780001879566,0.388501449310511,0.402880804826233,0.410492028903217,
0.424867196001005,0.431273565239174,0.43824547135998),.UNSPECIFIED.);
#187=B_SPLINE_CURVE_WITH_KNOTS('',3,(#4596,#4597,#4598,#4599,#4600,#4601,
#4602),.UNSPECIFIED.,.F.,.F.,(4,3,4),(1.19416989582132,1.80201880914574,
2.16422978778019),.UNSPECIFIED.);
#188=B_SPLINE_CURVE_WITH_KNOTS('',3,(#4604,#4605,#4606,#4607,#4608,#4609,
#4610,#4611,#4612,#4613,#4614,#4615,#4616,#4617,#4618,#4619,#4620,#4621,
#4622,#4623,#4624,#4625,#4626,#4627,#4628,#4629,#4630,#4631,#4632,#4633,
#4634,#4635,#4636,#4637,#4638,#4639,#4640,#4641,#4642,#4643,#4644,#4645,
#4646,#4647,#4648,#4649,#4650,#4651,#4652,#4653,#4654,#4655,#4656,#4657,
#4658,#4659,#4660,#4661,#4662,#4663,#4664,#4665,#4666,#4667,#4668,#4669,
#4670,#4671,#4672,#4673,#4674,#4675,#4676,#4677,#4678,#4679,#4680,#4681,
#4682,#4683,#4684,#4685,#4686,#4687,#4688,#4689,#4690,#4691,#4692,#4693,
#4694,#4695,#4696,#4697,#4698,#4699,#4700),.UNSPECIFIED.,.F.,.F.,(4,3,3,
3,3,3,3,3,3,3,3,3,3,3,3,3,3,3,3,3,3,3,3,3,3,3,3,3,3,3,3,3,4),(0.0900853515581088,
0.104459746463318,0.117879478442458,0.128381557794768,0.142633062934895,
0.157008678061886,0.171113528101087,0.17627640068046,0.190525388950167,
0.204979586796382,0.214342749211451,0.228849788241817,0.235022154430622,
0.249533727984161,0.258097299199278,0.27259358861452,0.287056325210241,
0.293953059064798,0.302108312337888,0.316545124856407,0.331237799016406,
0.345930473176404,0.352704469906675,0.367055316096085,0.381405976004119,
0.389203292357232,0.403579912000321,0.41116673952114,0.425540564484637,
0.431895603335834,0.446219261217484,0.460529323850228,0.469457250794561),
 .UNSPECIFIED.);
#189=B_SPLINE_CURVE_WITH_KNOTS('',3,(#4701,#4702,#4703,#4704,#4705,#4706,
#4707,#4708,#4709,#4710),.UNSPECIFIED.,.F.,.F.,(4,3,3,4),(0.0595840169305159,
0.0739602879722921,0.0858649435040443,0.0900853515581088),.UNSPECIFIED.);
#190=B_SPLINE_CURVE_WITH_KNOTS('',3,(#4762,#4763,#4764,#4765,#4766,#4767,
#4768,#4769,#4770,#4771),.UNSPECIFIED.,.F.,.F.,(4,3,3,4),(0.438051432364788,
0.452432269255078,0.466665658197239,0.46857268812312),.UNSPECIFIED.);
#191=B_SPLINE_CURVE_WITH_KNOTS('',3,(#4773,#4774,#4775,#4776,#4777,#4778,
#4779,#4780,#4781,#4782,#4783,#4784,#4785,#4786,#4787,#4788,#4789,#4790,
#4791,#4792,#4793,#4794,#4795,#4796,#4797,#4798,#4799,#4800,#4801,#4802,
#4803,#4804,#4805,#4806,#4807,#4808,#4809,#4810,#4811,#4812,#4813,#4814,
#4815,#4816,#4817,#4818,#4819,#4820,#4821,#4822,#4823,#4824,#4825,#4826,
#4827,#4828,#4829,#4830,#4831,#4832,#4833,#4834,#4835,#4836,#4837,#4838,
#4839,#4840,#4841,#4842,#4843,#4844,#4845,#4846,#4847,#4848,#4849,#4850,
#4851,#4852,#4853,#4854,#4855,#4856,#4857,#4858,#4859,#4860,#4861,#4862,
#4863,#4864,#4865,#4866,#4867,#4868,#4869,#4870,#4871,#4872),
 .UNSPECIFIED.,.F.,.F.,(4,3,3,3,3,3,3,3,3,3,3,3,3,3,3,3,3,3,3,3,3,3,3,3,
3,3,3,3,3,3,3,3,3,4),(0.0595138003364302,0.073890148442577,0.0858925112054055,
0.100224639294375,0.114535718043463,0.117793306748196,0.128575383367969,
0.142834719683356,0.157194290985409,0.171395266485178,0.176121495953487,
0.190379209546144,0.204799671196554,0.214530709206416,0.228991164875608,
0.234681013013108,0.249142074804109,0.257998526714354,0.272430765590555,
0.286839286180813,0.29336290192114,0.301628770535162,0.31601271749082,0.330576831670148,
0.345140945849475,0.351916184422242,0.366233483665855,0.380588522472837,
0.388305506968373,0.402681962893395,0.410299580056478,0.42467428830036,
0.431098853046949,0.438051432364788),.UNSPECIFIED.);
#192=B_SPLINE_CURVE_WITH_KNOTS('',3,(#4874,#4875,#4876,#4877,#4878,#4879,
#4880),.UNSPECIFIED.,.F.,.F.,(4,3,4),(2.99547365689862,3.30097457189207,
3.48554018978433),.UNSPECIFIED.);
#193=B_SPLINE_CURVE_WITH_KNOTS('',3,(#4882,#4883,#4884,#4885,#4886,#4887,
#4888,#4889,#4890,#4891,#4892,#4893,#4894,#4895,#4896,#4897,#4898,#4899,
#4900,#4901,#4902,#4903,#4904,#4905,#4906,#4907,#4908,#4909,#4910,#4911,
#4912,#4913,#4914,#4915,#4916,#4917,#4918,#4919,#4920,#4921,#4922,#4923,
#4924,#4925,#4926,#4927,#4928,#4929,#4930,#4931,#4932,#4933,#4934,#4935,
#4936,#4937,#4938,#4939,#4940,#4941,#4942,#4943,#4944,#4945,#4946,#4947,
#4948,#4949,#4950,#4951,#4952,#4953,#4954,#4955,#4956,#4957,#4958,#4959,
#4960,#4961,#4962,#4963,#4964,#4965,#4966,#4967,#4968,#4969,#4970,#4971,
#4972,#4973,#4974,#4975,#4976,#4977,#4978),.UNSPECIFIED.,.F.,.F.,(4,3,3,
3,3,3,3,3,3,3,3,3,3,3,3,3,3,3,3,3,3,3,3,3,3,3,3,3,3,3,3,3,4),(0.0899231869124168,
0.104296908326114,0.117702301719805,0.12876078626324,0.143049916895058,
0.157372842673339,0.17166429402467,0.175965637172387,0.19019715579983,0.204592185630304,
0.214712439061034,0.229126781191344,0.234345509833083,0.248764136778315,
0.257905041871637,0.272293128005276,0.286625577917979,0.29278061336153,
0.301159183351523,0.315465775807242,0.329909943639332,0.344354111471422,
0.351132627455024,0.3654327541687,0.379783481041742,0.38740095591655,0.401777876001851,
0.409434694240799,0.423809696673036,0.430297143938539,0.444620099344986,
0.458927068640799,0.467689755930166),.UNSPECIFIED.);
#194=B_SPLINE_CURVE_WITH_KNOTS('',3,(#4979,#4980,#4981,#4982,#4983,#4984,
#4985,#4986,#4987,#4988),.UNSPECIFIED.,.F.,.F.,(4,3,3,4),(0.0594378209543716,
0.073816724627967,0.0859216124352091,0.0899231869124168),.UNSPECIFIED.);
#195=B_SPLINE_CURVE_WITH_KNOTS('',3,(#5030,#5031,#5032,#5033,#5034,#5035,
#5036,#5037,#5038,#5039),.UNSPECIFIED.,.F.,.F.,(4,3,3,4),(0.43949506145322,
0.453876851359137,0.468118881661079,0.470030667476813),.UNSPECIFIED.);
#196=B_SPLINE_CURVE_WITH_KNOTS('',3,(#5041,#5042,#5043,#5044,#5045,#5046,
#5047,#5048,#5049,#5050,#5051,#5052,#5053,#5054,#5055,#5056,#5057,#5058,
#5059,#5060,#5061,#5062,#5063,#5064,#5065,#5066,#5067,#5068,#5069,#5070,
#5071,#5072,#5073,#5074,#5075,#5076,#5077,#5078,#5079,#5080,#5081,#5082,
#5083,#5084,#5085,#5086,#5087,#5088,#5089,#5090,#5091,#5092,#5093,#5094,
#5095,#5096,#5097,#5098,#5099,#5100,#5101,#5102,#5103,#5104,#5105,#5106,
#5107,#5108,#5109,#5110,#5111,#5112,#5113,#5114,#5115,#5116,#5117,#5118,
#5119,#5120,#5121,#5122,#5123,#5124,#5125,#5126,#5127,#5128,#5129,#5130,
#5131,#5132,#5133,#5134,#5135,#5136,#5137,#5138,#5139,#5140),
 .UNSPECIFIED.,.F.,.F.,(4,3,3,3,3,3,3,3,3,3,3,3,3,3,3,3,3,3,3,3,3,3,3,3,
3,3,3,3,3,3,3,3,3,4),(0.0596556001835082,0.0740330937894995,0.0858606871534702,
0.100182806226449,0.114512964466691,0.117962999919273,0.128249858361097,
0.142491418855938,0.156874533544348,0.170914597236606,0.176410638957155,
0.190648255323674,0.205131215500813,0.214214251690942,0.228755746189223,
0.235284470561331,0.249836589726588,0.258167583079249,0.272714129672811,
0.287186612172101,0.294369422615479,0.302414915621076,0.316864747805684,
0.331634121973924,0.346403496142165,0.353229706012961,0.367606900080697,
0.381950702049735,0.38972235884168,0.404101541291159,0.411731693342985,
0.426104279743643,0.432363445941845,0.43949506145322),.UNSPECIFIED.);
#197=B_SPLINE_CURVE_WITH_KNOTS('',3,(#5142,#5143,#5144,#5145),
 .UNSPECIFIED.,.F.,.F.,(4,4),(4.03504719485692,4.35159320047735),
 .UNSPECIFIED.);
#198=B_SPLINE_CURVE_WITH_KNOTS('',3,(#5147,#5148,#5149,#5150,#5151,#5152,
#5153,#5154,#5155,#5156,#5157,#5158,#5159,#5160,#5161,#5162,#5163,#5164,
#5165,#5166,#5167,#5168,#5169,#5170,#5171,#5172,#5173,#5174,#5175,#5176,
#5177,#5178,#5179,#5180,#5181,#5182,#5183,#5184,#5185,#5186,#5187,#5188,
#5189,#5190,#5191,#5192,#5193,#5194,#5195,#5196,#5197,#5198,#5199,#5200,
#5201,#5202,#5203,#5204,#5205,#5206,#5207,#5208,#5209,#5210,#5211,#5212,
#5213,#5214,#5215,#5216,#5217,#5218,#5219,#5220,#5221,#5222,#5223,#5224,
#5225,#5226,#5227,#5228,#5229,#5230,#5231,#5232,#5233,#5234,#5235,#5236,
#5237,#5238,#5239,#5240,#5241,#5242,#5243),.UNSPECIFIED.,.F.,.F.,(4,3,3,
3,3,3,3,3,3,3,3,3,3,3,3,3,3,3,3,3,3,3,3,3,3,3,3,3,3,3,3,3,4),(0.0900887234032671,
0.104464985037573,0.117882288717594,0.128408130673,0.142664108845693,0.157038222364614,
0.171147172954086,0.176272698045448,0.190525215904708,0.204975264279349,
0.214372936866908,0.228871352974667,0.234990406258091,0.249496354914705,
0.258088562711961,0.272570999023401,0.287018126266688,0.293864685771971,
0.302012880259258,0.316434967124946,0.331084816291268,0.345734665457591,
0.352556003638493,0.366896138672525,0.381245786686353,0.388958488621875,
0.403335941277675,0.410990406487798,0.425363988028906,0.431684284516811,
0.446009262944355,0.460318281442576,0.469274508512525),.UNSPECIFIED.);
#199=B_SPLINE_CURVE_WITH_KNOTS('',3,(#5244,#5245,#5246,#5247,#5248,#5249,
#5250,#5251,#5252,#5253),.UNSPECIFIED.,.F.,.F.,(4,3,3,4),(0.0595880192793315,
0.0739668314884968,0.0858826197985041,0.0900887234032671),.UNSPECIFIED.);
#200=B_SPLINE_CURVE_WITH_KNOTS('',3,(#5295,#5296,#5297,#5298,#5299,#5300,
#5301,#5302,#5303,#5304),.UNSPECIFIED.,.F.,.F.,(4,3,3,4),(0.445939852488467,
0.460302715603714,0.47456452623192,0.476531509697997),.UNSPECIFIED.);
#201=B_SPLINE_CURVE_WITH_KNOTS('',3,(#5306,#5307,#5308,#5309,#5310,#5311,
#5312,#5313,#5314,#5315,#5316,#5317,#5318,#5319,#5320,#5321,#5322,#5323,
#5324,#5325,#5326,#5327,#5328,#5329,#5330,#5331,#5332,#5333,#5334,#5335,
#5336,#5337,#5338,#5339,#5340,#5341,#5342,#5343,#5344,#5345,#5346,#5347,
#5348,#5349,#5350,#5351,#5352,#5353,#5354,#5355,#5356,#5357,#5358,#5359,
#5360,#5361,#5362,#5363,#5364,#5365,#5366,#5367,#5368,#5369,#5370,#5371,
#5372,#5373,#5374,#5375,#5376,#5377,#5378,#5379,#5380,#5381,#5382,#5383,
#5384,#5385,#5386,#5387,#5388,#5389,#5390,#5391,#5392,#5393,#5394,#5395,
#5396,#5397,#5398,#5399,#5400,#5401,#5402,#5403,#5404,#5405,#5406,#5407,
#5408),.UNSPECIFIED.,.F.,.F.,(4,3,3,3,3,3,3,3,3,3,3,3,3,3,3,3,3,3,3,3,3,
3,3,3,3,3,3,3,3,3,3,3,3,3,4),(0.0603238443609063,0.074685158936926,0.0858680777943473,
0.100156614165891,0.114518329130504,0.118765766045996,0.126847058193759,
0.140905614192861,0.155371968872815,0.168713188034296,0.177801206495133,
0.192046080933779,0.206707222186619,0.212714336036621,0.227581475852595,
0.238145282831756,0.253059165430668,0.258898580182048,0.273854078768345,
0.288661588881512,0.299007623959306,0.305926525368037,0.320688509502846,
0.335364565784106,0.349584609452803,0.351933640617951,0.359149032655449,
0.373672020565634,0.387906453942368,0.395851583152983,0.410198316743542,
0.418129740422452,0.432458461395868,0.437915304214943,0.445939852488467),
 .UNSPECIFIED.);
#202=B_SPLINE_CURVE_WITH_KNOTS('',3,(#5410,#5411,#5412,#5413),
 .UNSPECIFIED.,.F.,.F.,(4,4),(4.80087594417343,5.10812384654886),
 .UNSPECIFIED.);
#203=B_SPLINE_CURVE_WITH_KNOTS('',3,(#5415,#5416,#5417,#5418,#5419,#5420,
#5421,#5422,#5423,#5424,#5425,#5426,#5427,#5428,#5429,#5430,#5431,#5432,
#5433,#5434,#5435,#5436,#5437,#5438,#5439,#5440,#5441,#5442,#5443,#5444,
#5445,#5446,#5447,#5448,#5449,#5450,#5451,#5452,#5453,#5454,#5455,#5456,
#5457,#5458,#5459,#5460,#5461,#5462,#5463,#5464,#5465,#5466,#5467,#5468,
#5469,#5470,#5471,#5472,#5473,#5474,#5475,#5476,#5477,#5478,#5479,#5480,
#5481,#5482,#5483,#5484,#5485,#5486,#5487,#5488,#5489,#5490,#5491,#5492,
#5493,#5494,#5495,#5496,#5497,#5498,#5499,#5500,#5501,#5502,#5503,#5504,
#5505,#5506,#5507,#5508,#5509,#5510,#5511,#5512,#5513,#5514),
 .UNSPECIFIED.,.F.,.F.,(4,3,3,3,3,3,3,3,3,3,3,3,3,3,3,3,3,3,3,3,3,3,3,3,
3,3,3,3,3,3,3,3,3,4),(0.091016039852547,0.105408395485187,0.118890073922948,
0.126631153321792,0.140632568455693,0.155093909349389,0.168366788364542,
0.178020105983493,0.192291265482143,0.206986377645219,0.212446722361688,
0.227381661405447,0.23861874303277,0.253580336545769,0.258991538706419,
0.274024707762689,0.288943957321859,0.299821514402022,0.306557863864222,
0.321383624562324,0.336076267204046,0.350270916255932,0.353012963908706,
0.360233394248449,0.374775506798288,0.38900398097427,0.397086536339442,
0.411435118346116,0.419321816333388,0.433641787952515,0.439030113594126,
0.453318178054351,0.467651310293575,0.477746829447345),.UNSPECIFIED.);
#204=B_SPLINE_CURVE_WITH_KNOTS('',3,(#5515,#5516,#5517,#5518,#5519,#5520,
#5521,#5522,#5523,#5524),.UNSPECIFIED.,.F.,.F.,(4,3,3,4),(0.0604278149235281,
0.0747801646015263,0.0858550552091555,0.091016039852547),.UNSPECIFIED.);
#205=B_SPLINE_CURVE_WITH_KNOTS('',3,(#5550,#5551,#5552,#5553,#5554,#5555,
#5556,#5557,#5558,#5559,#5560,#5561,#5562,#5563,#5564,#5565,#5566,#5567,
#5568),.UNSPECIFIED.,.F.,.F.,(4,3,3,3,3,3,4),(0.,0.0140233861085279,0.0284554792594012,
0.0313492757104161,0.0457641767832095,0.0602755200587487,0.0630745287689269),
 .UNSPECIFIED.);
#206=B_SPLINE_CURVE_WITH_KNOTS('',3,(#5570,#5571,#5572,#5573),
 .UNSPECIFIED.,.F.,.F.,(4,4),(0.998829253877178,1.),.UNSPECIFIED.);
#207=B_SPLINE_CURVE_WITH_KNOTS('',3,(#5596,#5597,#5598,#5599,#5600,#5601,
#5602,#5603,#5604,#5605),.UNSPECIFIED.,.F.,.F.,(4,2,2,2,4),(0.220586207181833,
0.229740228171812,0.271061108163866,0.314258714597402,0.359870793198328),
 .UNSPECIFIED.);
#208=B_SPLINE_CURVE_WITH_KNOTS('',3,(#5607,#5608,#5609,#5610),
 .UNSPECIFIED.,.F.,.F.,(4,4),(0.,0.00532035330684633),.UNSPECIFIED.);
#209=B_SPLINE_CURVE_WITH_KNOTS('',3,(#5612,#5613,#5614,#5615,#5616,#5617,
#5618,#5619,#5620,#5621,#5622,#5623,#5624,#5625,#5626,#5627,#5628,#5629),
 .UNSPECIFIED.,.F.,.F.,(4,2,2,2,2,2,2,2,4),(0.00407056514451132,0.0225495297618978,
0.0548620165897622,0.0794501323599444,0.100223549855759,0.122600428628102,
0.1528817486911,0.184375261158775,0.220710098577014),.UNSPECIFIED.);
#210=B_SPLINE_CURVE_WITH_KNOTS('',3,(#5631,#5632,#5633,#5634),
 .UNSPECIFIED.,.F.,.F.,(4,4),(0.,0.00407056514451132),.UNSPECIFIED.);
#211=B_SPLINE_CURVE_WITH_KNOTS('',3,(#5636,#5637,#5638,#5639),
 .UNSPECIFIED.,.F.,.F.,(4,4),(0.,0.00724549228953509),.UNSPECIFIED.);
#212=B_SPLINE_CURVE_WITH_KNOTS('',3,(#5640,#5641,#5642,#5643,#5644,#5645,
#5646,#5647,#5648,#5649),.UNSPECIFIED.,.F.,.F.,(4,3,3,4),(0.143403087369952,
0.157842438886292,0.159950494911126,0.168861513310114),.UNSPECIFIED.);
#213=B_SPLINE_CURVE_WITH_KNOTS('',3,(#5676,#5677,#5678,#5679,#5680,#5681),
 .UNSPECIFIED.,.F.,.F.,(4,2,4),(0.,0.143096655430211,0.304348221601987),
 .UNSPECIFIED.);
#214=B_SPLINE_CURVE_WITH_KNOTS('',3,(#5682,#5683,#5684,#5685,#5686,#5687,
#5688,#5689),.UNSPECIFIED.,.F.,.F.,(4,2,2,4),(0.0504395871931697,0.0536999609666394,
0.102046571025262,0.131682090071393),.UNSPECIFIED.);
#215=B_SPLINE_CURVE_WITH_KNOTS('',3,(#5715,#5716,#5717,#5718,#5719,#5720,
#5721,#5722,#5723,#5724),.UNSPECIFIED.,.F.,.F.,(4,3,3,4),(0.,0.00972214101781727,
0.0193619874205833,0.0217779733651278),.UNSPECIFIED.);
#216=B_SPLINE_CURVE_WITH_KNOTS('',3,(#5728,#5729,#5730,#5731),
 .UNSPECIFIED.,.F.,.F.,(4,4),(0.998829253877178,1.),.UNSPECIFIED.);
#217=B_SPLINE_CURVE_WITH_KNOTS('',3,(#5795,#5796,#5797,#5798,#5799,#5800),
 .UNSPECIFIED.,.F.,.F.,(4,2,4),(-2.43183448007605,-2.43131068314933,-2.33709233393981),
 .UNSPECIFIED.);
#218=B_SPLINE_CURVE_WITH_KNOTS('',3,(#5805,#5806,#5807,#5808),
 .UNSPECIFIED.,.F.,.F.,(4,4),(-2.19144181644726,-2.09663067083723),
 .UNSPECIFIED.);
#219=B_SPLINE_CURVE_WITH_KNOTS('',3,(#5813,#5814,#5815,#5816),
 .UNSPECIFIED.,.F.,.F.,(4,4),(-1.88043594414463,-1.7854907228881),
 .UNSPECIFIED.);
#220=B_SPLINE_CURVE_WITH_KNOTS('',3,(#5821,#5822,#5823,#5824),
 .UNSPECIFIED.,.F.,.F.,(4,4),(-1.54502707592062,-1.44984422670095),
 .UNSPECIFIED.);
#221=B_SPLINE_CURVE_WITH_KNOTS('',3,(#5829,#5830,#5831,#5832),
 .UNSPECIFIED.,.F.,.F.,(4,4),(-1.22510428469106,-1.12952710431571),
 .UNSPECIFIED.);
#222=B_SPLINE_CURVE_WITH_KNOTS('',3,(#5859,#5860,#5861,#5862,#5863,#5864,
#5865,#5866,#5867,#5868,#5869,#5870,#5871,#5872,#5873,#5874,#5875,#5876,
#5877,#5878,#5879,#5880,#5881,#5882,#5883),.UNSPECIFIED.,.F.,.F.,(4,3,3,
3,3,3,3,3,4),(-0.188191448088262,-0.173975429592615,-0.171807660860106,
-0.161199831584034,-0.146882471020018,-0.132545764979704,-0.129136938681091,
-0.114755371166187,-0.102908908527725),.UNSPECIFIED.);
#223=B_SPLINE_CURVE_WITH_KNOTS('',3,(#5903,#5904,#5905,#5906),
 .UNSPECIFIED.,.F.,.F.,(4,4),(0.998829253877178,1.),.UNSPECIFIED.);
#224=B_SPLINE_CURVE_WITH_KNOTS('',3,(#5929,#5930,#5931,#5932,#5933,#5934,
#5935,#5936,#5937,#5938),.UNSPECIFIED.,.F.,.F.,(4,3,3,4),(0.143403087369952,
0.157842438885831,0.159950494911126,0.168861513310114),.UNSPECIFIED.);
#225=B_SPLINE_CURVE_WITH_KNOTS('',3,(#5940,#5941,#5942,#5943),
 .UNSPECIFIED.,.F.,.F.,(4,4),(0.,0.00724549228953509),.UNSPECIFIED.);
#226=B_SPLINE_CURVE_WITH_KNOTS('',3,(#5945,#5946,#5947,#5948),
 .UNSPECIFIED.,.F.,.F.,(4,4),(0.,0.00407056514451132),.UNSPECIFIED.);
#227=B_SPLINE_CURVE_WITH_KNOTS('',3,(#5950,#5951,#5952,#5953,#5954,#5955,
#5956,#5957,#5958,#5959,#5960,#5961,#5962,#5963,#5964,#5965,#5966,#5967),
 .UNSPECIFIED.,.F.,.F.,(4,2,2,2,2,2,2,2,4),(0.00407056514451132,0.0225495297618978,
0.0548620165897622,0.0794501323599444,0.100223549855759,0.122600428628102,
0.1528817486911,0.184375261158775,0.220710098577014),.UNSPECIFIED.);
#228=B_SPLINE_CURVE_WITH_KNOTS('',3,(#5969,#5970,#5971,#5972),
 .UNSPECIFIED.,.F.,.F.,(4,4),(0.,0.00532035330684633),.UNSPECIFIED.);
#229=B_SPLINE_CURVE_WITH_KNOTS('',3,(#5973,#5974,#5975,#5976,#5977,#5978,
#5979,#5980,#5981,#5982,#5983,#5984),.UNSPECIFIED.,.F.,.F.,(4,2,2,2,2,4),
(0.0504395872241431,0.0536999609695998,0.10204657103082,0.146841390821383,
0.18884392369262,0.189749283908062),.UNSPECIFIED.);
#230=B_SPLINE_CURVE_WITH_KNOTS('',3,(#6026,#6027,#6028,#6029,#6030,#6031,
#6032,#6033,#6034,#6035),.UNSPECIFIED.,.F.,.F.,(4,3,3,4),(0.438389600479504,
0.452768818037121,0.467011351917653,0.468912393925998),.UNSPECIFIED.);
#231=B_SPLINE_CURVE_WITH_KNOTS('',3,(#6037,#6038,#6039,#6040,#6041,#6042,
#6043,#6044,#6045,#6046,#6047,#6048,#6049,#6050,#6051,#6052,#6053,#6054,
#6055,#6056,#6057,#6058,#6059,#6060,#6061,#6062,#6063,#6064,#6065,#6066,
#6067,#6068,#6069,#6070,#6071,#6072,#6073,#6074,#6075,#6076,#6077,#6078,
#6079,#6080,#6081,#6082,#6083,#6084,#6085,#6086,#6087,#6088,#6089,#6090,
#6091,#6092,#6093,#6094,#6095,#6096,#6097,#6098,#6099,#6100,#6101,#6102,
#6103,#6104,#6105,#6106,#6107,#6108,#6109,#6110,#6111,#6112,#6113,#6114,
#6115,#6116,#6117,#6118,#6119,#6120,#6121,#6122,#6123,#6124,#6125,#6126,
#6127,#6128,#6129,#6130,#6131,#6132,#6133,#6134,#6135,#6136),
 .UNSPECIFIED.,.F.,.F.,(4,3,3,3,3,3,3,3,3,3,3,3,3,3,3,3,3,3,3,3,3,3,3,3,
3,3,3,3,3,3,3,3,3,4),(0.0595707500807779,0.0739497320427076,0.0858963221462318,
0.100223909532732,0.114548589064044,0.117859161095884,0.128481301027392,
0.142746911562522,0.157105388709048,0.171253930973387,0.176223857465909,
0.190462834680988,0.204907311848837,0.214448526219448,0.228930208889827,
0.234867915310802,0.249358214784285,0.258053444407508,0.272521475677512,
0.286920476051713,0.293636660070539,0.301816197046423,0.316194314912052,
0.330794713064311,0.345395111216569,0.352238839306302,0.366581033682968,
0.380924246584344,0.388563256688553,0.402940385887764,0.41063650417458,
0.425009975633928,0.431334329938008,0.438389600479504),.UNSPECIFIED.);
#232=B_SPLINE_CURVE_WITH_KNOTS('',3,(#6137,#6138,#6139,#6140),
 .UNSPECIFIED.,.F.,.F.,(4,4),(0.282336991198661,0.443965362961601),
 .UNSPECIFIED.);
#233=B_SPLINE_CURVE_WITH_KNOTS('',3,(#6142,#6143,#6144,#6145,#6146,#6147,
#6148),.UNSPECIFIED.,.F.,.F.,(4,3,4),(-0.0282469455990392,-0.0147542965691331,
-0.00375260200613947),.UNSPECIFIED.);
#234=B_SPLINE_CURVE_WITH_KNOTS('',3,(#6150,#6151,#6152,#6153,#6154,#6155,
#6156,#6157,#6158,#6159,#6160,#6161),.UNSPECIFIED.,.F.,.F.,(4,2,2,2,2,4),
(0.00510203788228215,0.130834507284854,0.189612984786749,0.210429049708153,
0.238270866104122,0.269069221710217),.UNSPECIFIED.);
#235=B_SPLINE_CURVE_WITH_KNOTS('',3,(#6163,#6164,#6165,#6166,#6167,#6168,
#6169,#6170,#6171,#6172,#6173,#6174,#6175,#6176,#6177,#6178,#6179,#6180,
#6181),.UNSPECIFIED.,.F.,.F.,(4,3,3,3,3,3,4),(0.,0.0144013062532142,0.024580279425071,
0.0389742225359727,0.0432029721058777,0.0575840693263206,0.0714785401049774),
 .UNSPECIFIED.);
#236=B_SPLINE_CURVE_WITH_KNOTS('',3,(#6234,#6235,#6236,#6237,#6238,#6239,
#6240,#6241,#6242,#6243),.UNSPECIFIED.,.F.,.F.,(4,3,3,4),(0.43895863899527,
0.453336523876297,0.467580525783836,0.46948632184524),.UNSPECIFIED.);
#237=B_SPLINE_CURVE_WITH_KNOTS('',3,(#6245,#6246,#6247,#6248,#6249,#6250,
#6251,#6252,#6253,#6254,#6255,#6256,#6257,#6258,#6259,#6260,#6261,#6262,
#6263,#6264,#6265,#6266,#6267,#6268,#6269,#6270,#6271,#6272,#6273,#6274,
#6275,#6276,#6277,#6278,#6279,#6280,#6281,#6282,#6283,#6284,#6285,#6286,
#6287,#6288,#6289,#6290,#6291,#6292,#6293,#6294,#6295,#6296,#6297,#6298,
#6299,#6300,#6301,#6302,#6303,#6304,#6305,#6306,#6307,#6308,#6309,#6310,
#6311,#6312,#6313,#6314,#6315,#6316,#6317,#6318,#6319,#6320,#6321,#6322,
#6323,#6324,#6325,#6326,#6327,#6328,#6329,#6330,#6331,#6332,#6333,#6334,
#6335,#6336,#6337,#6338,#6339,#6340,#6341,#6342,#6343,#6344),
 .UNSPECIFIED.,.F.,.F.,(4,3,3,3,3,3,3,3,3,3,3,3,3,3,3,3,3,3,3,3,3,3,3,3,
3,3,3,3,3,3,3,3,3,4),(0.0596108634964762,0.0739899922580859,0.0858931606307129,
0.100217020579677,0.114545390792014,0.117912737628246,0.128333458807698,
0.142587270771501,0.156962542298031,0.171032705553703,0.176333768971221,
0.190576787085605,0.205045763056625,0.21431078843916,0.228824856750762,
0.235116611015042,0.249643403172243,0.258134883203629,0.272640280396842,
0.28706757528366,0.294048048836116,0.302146555950602,0.316556153403354,
0.331225616945535,0.345895080487715,0.352763059544792,0.367122382310343,
0.381459578821475,0.38910846825015,0.403484991428459,0.411201568675292,
0.425572528595364,0.431825338385694,0.43895863899527),.UNSPECIFIED.);
#238=B_SPLINE_CURVE_WITH_KNOTS('',3,(#6346,#6347,#6348,#6349,#6350,#6351,
#6352),.UNSPECIFIED.,.F.,.F.,(4,3,4),(25.423702796323,26.2006546024034,
27.504613896859),.UNSPECIFIED.);
#239=B_SPLINE_CURVE_WITH_KNOTS('',3,(#6354,#6355,#6356,#6357,#6358,#6359,
#6360,#6361,#6362,#6363,#6364,#6365,#6366,#6367,#6368,#6369,#6370,#6371,
#6372,#6373,#6374,#6375,#6376,#6377,#6378,#6379,#6380,#6381,#6382,#6383,
#6384,#6385,#6386,#6387,#6388,#6389,#6390,#6391,#6392,#6393,#6394,#6395,
#6396,#6397,#6398,#6399,#6400,#6401,#6402,#6403,#6404,#6405,#6406,#6407,
#6408,#6409,#6410,#6411,#6412,#6413,#6414,#6415,#6416,#6417,#6418,#6419,
#6420,#6421,#6422,#6423,#6424,#6425,#6426,#6427,#6428,#6429,#6430,#6431,
#6432,#6433,#6434,#6435,#6436,#6437,#6438,#6439,#6440,#6441,#6442,#6443,
#6444,#6445,#6446,#6447,#6448,#6449,#6450),.UNSPECIFIED.,.F.,.F.,(4,3,3,
3,3,3,3,3,3,3,3,3,3,3,3,3,3,3,3,3,3,3,3,3,3,3,3,3,3,3,3,3,4),(0.0900412526879566,
0.104413621981441,0.117831534385552,0.12849847584537,0.142754226857181,
0.157123745877895,0.171275902381961,0.176191736595537,0.190455922371562,
0.204889388159642,0.214466503516446,0.228939691480737,0.234818788452311,
0.249298294957866,0.258047120917361,0.272491347286155,0.286905072796924,
0.293557085718626,0.301763530556449,0.316154378372913,0.330724344015909,
0.345294309658905,0.352129592815483,0.366448016621781,0.380798200308006,
0.38844156183184,0.402818466820631,0.410514161881337,0.424886690700998,
0.431229046589098,0.445554854614745,0.459859361639814,0.46878718060004),
 .UNSPECIFIED.);
#240=B_SPLINE_CURVE_WITH_KNOTS('',3,(#6451,#6452,#6453,#6454,#6455,#6456,
#6457,#6458,#6459,#6460),.UNSPECIFIED.,.F.,.F.,(4,3,3,4),(0.0595439815032114,
0.0739235054498323,0.0859059627713074,0.0900412526879566),.UNSPECIFIED.);
#241=B_SPLINE_CURVE_WITH_KNOTS('',3,(#6502,#6503,#6504,#6505,#6506,#6507,
#6508,#6509,#6510,#6511),.UNSPECIFIED.,.F.,.F.,(4,3,3,4),(0.0596683624005407,
0.0740472315093257,0.0858743611529819,0.0901774236618884),.UNSPECIFIED.);
#242=B_SPLINE_CURVE_WITH_KNOTS('',3,(#6513,#6514,#6515,#6516,#6517,#6518,
#6519,#6520,#6521,#6522),.UNSPECIFIED.,.F.,.F.,(4,3,3,4),(0.438751324912774,
0.453133157695678,0.467370321882186,0.469278258912463),.UNSPECIFIED.);
#243=B_SPLINE_CURVE_WITH_KNOTS('',3,(#6524,#6525,#6526,#6527,#6528,#6529,
#6530,#6531,#6532,#6533,#6534,#6535,#6536,#6537,#6538,#6539,#6540,#6541,
#6542,#6543,#6544,#6545,#6546,#6547,#6548,#6549,#6550,#6551,#6552,#6553,
#6554,#6555,#6556,#6557,#6558,#6559,#6560,#6561,#6562,#6563,#6564,#6565,
#6566,#6567,#6568,#6569,#6570,#6571,#6572,#6573,#6574,#6575,#6576,#6577,
#6578,#6579,#6580,#6581,#6582,#6583,#6584,#6585,#6586,#6587,#6588,#6589,
#6590,#6591,#6592,#6593,#6594,#6595,#6596,#6597,#6598,#6599,#6600,#6601,
#6602,#6603,#6604,#6605,#6606,#6607,#6608,#6609,#6610,#6611,#6612,#6613,
#6614,#6615,#6616,#6617,#6618,#6619,#6620,#6621,#6622,#6623),
 .UNSPECIFIED.,.F.,.F.,(4,3,3,3,3,3,3,3,3,3,3,3,3,3,3,3,3,3,3,3,3,3,3,3,
3,3,3,3,3,3,3,3,3,4),(0.0595914808002411,0.0739702144341555,0.0858863372416995,
0.100212001059434,0.11453887099351,0.117886565196265,0.128401984348377,
0.14266006138799,0.157027282940075,0.171136762346102,0.17628009435243,0.190518926605461,
0.204977162534511,0.214368832513753,0.228871139166486,0.235002589384155,
0.24951481638969,0.258093494782196,0.272587919355115,0.287013067780807,
0.293876938591665,0.30201798169252,0.316421524941155,0.331075911985917,
0.345730299030679,0.352563559217091,0.366912599590867,0.381260922784846,
0.388946406478275,0.403326450084827,0.41099489859939,0.425368570195437,
0.431675314036442,0.438751324912774),.UNSPECIFIED.);
#244=B_SPLINE_CURVE_WITH_KNOTS('',3,(#6625,#6626,#6627,#6628),
 .UNSPECIFIED.,.F.,.F.,(4,4),(14.2291483480606,16.8695914660499),
 .UNSPECIFIED.);
#245=B_SPLINE_CURVE_WITH_KNOTS('',3,(#6629,#6630,#6631,#6632,#6633,#6634,
#6635,#6636,#6637,#6638,#6639,#6640,#6641,#6642,#6643,#6644,#6645,#6646,
#6647,#6648,#6649,#6650,#6651,#6652,#6653,#6654,#6655,#6656,#6657,#6658,
#6659,#6660,#6661,#6662,#6663,#6664,#6665,#6666,#6667,#6668,#6669,#6670,
#6671,#6672,#6673,#6674,#6675,#6676,#6677,#6678,#6679,#6680,#6681,#6682,
#6683,#6684,#6685,#6686,#6687,#6688,#6689,#6690,#6691,#6692,#6693,#6694,
#6695,#6696,#6697,#6698,#6699,#6700,#6701,#6702,#6703,#6704,#6705,#6706,
#6707,#6708,#6709,#6710,#6711,#6712,#6713,#6714,#6715,#6716,#6717,#6718,
#6719,#6720,#6721,#6722,#6723,#6724,#6725),.UNSPECIFIED.,.F.,.F.,(4,3,3,
3,3,3,3,3,3,3,3,3,3,3,3,3,3,3,3,3,3,3,3,3,3,3,3,3,3,3,3,3,4),(0.0901774236618884,
0.104555567572817,0.117978822933203,0.128227484576878,0.1424663458677,0.156859521772649,
0.170876471832476,0.176437906895983,0.190695460568107,0.205176573524022,
0.214198964808292,0.228740091403325,0.235329361204685,0.249880870845483,
0.258185469978862,0.272718234243586,0.287206162247196,0.294414571121392,
0.302433471913321,0.316895873646814,0.33164151695811,0.346387160269405,
0.353257561250133,0.367621660938447,0.381964559918242,0.389677829296888,
0.404055590237722,0.411748252825525,0.426119376082449,0.432330519664194,
0.446653029458804,0.460965485151629,0.470044497636328),.UNSPECIFIED.);
#246=B_SPLINE_CURVE_WITH_KNOTS('',3,(#6767,#6768,#6769,#6770,#6771,#6772,
#6773,#6774,#6775,#6776),.UNSPECIFIED.,.F.,.F.,(4,3,3,4),(0.0601944051500787,
0.0745380196372989,0.0857175093830467,0.090756372575221),.UNSPECIFIED.);
#247=B_SPLINE_CURVE_WITH_KNOTS('',3,(#6778,#6779,#6780,#6781,#6782,#6783,
#6784,#6785,#6786,#6787),.UNSPECIFIED.,.F.,.F.,(4,3,3,4),(0.446999106417041,
0.461383664468218,0.475671771320347,0.477617029687712),.UNSPECIFIED.);
#248=B_SPLINE_CURVE_WITH_KNOTS('',3,(#6789,#6790,#6791,#6792,#6793,#6794,
#6795,#6796,#6797,#6798,#6799,#6800,#6801,#6802,#6803,#6804,#6805,#6806,
#6807,#6808,#6809,#6810,#6811,#6812,#6813,#6814,#6815,#6816,#6817,#6818,
#6819,#6820,#6821,#6822,#6823,#6824,#6825,#6826,#6827,#6828,#6829,#6830,
#6831,#6832,#6833,#6834,#6835,#6836,#6837,#6838,#6839,#6840,#6841,#6842,
#6843,#6844,#6845,#6846,#6847,#6848,#6849,#6850,#6851,#6852,#6853,#6854,
#6855,#6856,#6857,#6858,#6859,#6860,#6861,#6862,#6863,#6864,#6865,#6866,
#6867,#6868,#6869,#6870,#6871,#6872,#6873,#6874,#6875,#6876,#6877,#6878,
#6879,#6880,#6881,#6882,#6883,#6884,#6885,#6886,#6887,#6888,#6889,#6890,
#6891),.UNSPECIFIED.,.F.,.F.,(4,3,3,3,3,3,3,3,3,3,3,3,3,3,3,3,3,3,3,3,3,
3,3,3,3,3,3,3,3,3,3,3,3,3,4),(0.0603090514615258,0.0746482967640701,0.0857157941783147,
0.0999899876871321,0.114336514802745,0.118744288285724,0.126797716208898,
0.140827670382511,0.155287106422069,0.168690917906535,0.177766790768413,
0.191991948425238,0.206654771379333,0.212601621828008,0.227502868958628,
0.2382019145137,0.253109709445221,0.25883711032821,0.273884338597292,0.288849830136423,
0.299401852372648,0.306370572319518,0.321227169990401,0.335953793823672,
0.350192765768919,0.353144661331257,0.359973799943268,0.374537769044158,
0.388775100430555,0.397465426453616,0.411813700560703,0.419167436175022,
0.433504597458081,0.439298541731395,0.446999106417041),.UNSPECIFIED.);
#249=B_SPLINE_CURVE_WITH_KNOTS('',3,(#6893,#6894,#6895,#6896),
 .UNSPECIFIED.,.F.,.F.,(4,4),(4.04964476802543,8.69145355292321),
 .UNSPECIFIED.);
#250=B_SPLINE_CURVE_WITH_KNOTS('',3,(#6897,#6898,#6899,#6900,#6901,#6902,
#6903,#6904,#6905,#6906,#6907,#6908,#6909,#6910,#6911,#6912,#6913,#6914,
#6915,#6916,#6917,#6918,#6919,#6920,#6921,#6922,#6923,#6924,#6925,#6926,
#6927,#6928,#6929,#6930,#6931,#6932,#6933,#6934,#6935,#6936,#6937,#6938,
#6939,#6940,#6941,#6942,#6943,#6944,#6945,#6946,#6947,#6948,#6949,#6950,
#6951,#6952,#6953,#6954,#6955,#6956,#6957,#6958,#6959,#6960,#6961,#6962,
#6963,#6964,#6965,#6966,#6967,#6968,#6969,#6970,#6971,#6972,#6973,#6974,
#6975,#6976,#6977,#6978,#6979,#6980,#6981,#6982,#6983,#6984,#6985,#6986,
#6987,#6988,#6989,#6990,#6991,#6992,#6993,#6994,#6995,#6996),
 .UNSPECIFIED.,.F.,.F.,(4,3,3,3,3,3,3,3,3,3,3,3,3,3,3,3,3,3,3,3,3,3,3,3,
3,3,3,3,3,3,3,3,3,4),(0.090756372575221,0.105124978227483,0.118606686965798,
0.127035135144456,0.141106114297611,0.155560641497313,0.169071638327978,
0.177525006684241,0.191734391493212,0.206367597781496,0.212880781398926,
0.227717042774967,0.237691062615499,0.25254940176058,0.258727790386436,
0.273700349333596,0.288566698086783,0.298550408239803,0.305724573261242,
0.320517628436694,0.335221438255255,0.349474872327486,0.352079761032938,
0.358866196301167,0.373414309788719,0.387672073247947,0.396270037452888,
0.410621341095011,0.417961578903648,0.432304496849275,0.438214076401591,
0.452510582238338,0.466855486034652,0.476390312353123),.UNSPECIFIED.);
#251=B_SPLINE_CURVE_WITH_KNOTS('',3,(#7052,#7053,#7054,#7055,#7056,#7057,
#7058,#7059,#7060,#7061),.UNSPECIFIED.,.F.,.F.,(4,3,3,4),(0.0595319767464887,
0.0739106429318897,0.0859118003335588,0.0900273474144706),.UNSPECIFIED.);
#252=B_SPLINE_CURVE_WITH_KNOTS('',3,(#7063,#7064,#7065,#7066,#7067,#7068,
#7069,#7070,#7071,#7072),.UNSPECIFIED.,.F.,.F.,(4,3,3,4),(0.437181418964993,
0.45156295000469,0.465790628309361,0.467692316727699),.UNSPECIFIED.);
#253=B_SPLINE_CURVE_WITH_KNOTS('',3,(#7074,#7075,#7076,#7077,#7078,#7079,
#7080,#7081,#7082,#7083,#7084,#7085,#7086,#7087,#7088,#7089,#7090,#7091,
#7092,#7093,#7094,#7095,#7096,#7097,#7098,#7099,#7100,#7101,#7102,#7103,
#7104,#7105,#7106,#7107,#7108,#7109,#7110,#7111,#7112,#7113,#7114,#7115,
#7116,#7117,#7118,#7119,#7120,#7121,#7122,#7123,#7124,#7125,#7126,#7127,
#7128,#7129,#7130,#7131,#7132,#7133,#7134,#7135,#7136,#7137,#7138,#7139,
#7140,#7141,#7142,#7143,#7144,#7145,#7146,#7147,#7148,#7149,#7150,#7151,
#7152,#7153,#7154,#7155,#7156,#7157,#7158,#7159,#7160,#7161,#7162,#7163,
#7164,#7165,#7166,#7167,#7168,#7169,#7170,#7171,#7172,#7173),
 .UNSPECIFIED.,.F.,.F.,(4,3,3,3,3,3,3,3,3,3,3,3,3,3,3,3,3,3,3,3,3,3,3,3,
3,3,3,3,3,3,3,3,3,4),(0.0594401880468398,0.0738194172271521,0.0859240319114831,
0.100257782507201,0.114576467564374,0.117705229749624,0.128756346016159,
0.143045683594771,0.157369208335565,0.17165703456155,0.17597069431214,0.190202947931272,
0.20459860534483,0.214709684705067,0.229124379885411,0.234353845492539,
0.248773954654805,0.257908415636659,0.272296026072617,0.286630485211029,
0.292788994820995,0.301162510210978,0.315471205317425,0.329911058878114,
0.344350912438803,0.351137791198791,0.365428539215887,0.379784594810805,
0.387392444064426,0.401771427416473,0.409437765318184,0.423813265043961,
0.430290782826842,0.437181418964993),.UNSPECIFIED.);
#254=B_SPLINE_CURVE_WITH_KNOTS('',3,(#7175,#7176,#7177,#7178,#7179,#7180,
#7181),.UNSPECIFIED.,.F.,.F.,(4,3,4),(20.6932121355109,21.780827427379,
22.7349147524035),.UNSPECIFIED.);
#255=B_SPLINE_CURVE_WITH_KNOTS('',3,(#7182,#7183,#7184,#7185,#7186,#7187,
#7188,#7189,#7190,#7191,#7192,#7193,#7194,#7195,#7196,#7197,#7198,#7199,
#7200,#7201,#7202,#7203,#7204,#7205,#7206,#7207,#7208,#7209,#7210,#7211,
#7212,#7213,#7214,#7215,#7216,#7217,#7218,#7219,#7220,#7221,#7222,#7223,
#7224,#7225,#7226,#7227,#7228,#7229,#7230,#7231,#7232,#7233,#7234,#7235,
#7236,#7237,#7238,#7239,#7240,#7241,#7242,#7243,#7244,#7245,#7246,#7247,
#7248,#7249,#7250,#7251,#7252,#7253,#7254,#7255,#7256,#7257,#7258,#7259,
#7260,#7261,#7262,#7263,#7264,#7265,#7266,#7267,#7268,#7269,#7270,#7271,
#7272,#7273,#7274,#7275,#7276,#7277,#7278),.UNSPECIFIED.,.F.,.F.,(4,3,3,
3,3,3,3,3,3,3,3,3,3,3,3,3,3,3,3,3,3,3,3,3,3,3,3,3,3,3,3,3,4),(0.0900273474144706,
0.104401712965344,0.117815870221871,0.128542474422474,0.142812751329799,
0.157172199811988,0.171340174964213,0.176160336086957,0.19041336955219,
0.204838328692584,0.214509342231346,0.228969148863769,0.234745014666854,
0.24921436348434,0.258024584587113,0.272457067057657,0.286857954969199,
0.293427265185009,0.301655358344616,0.316033752580196,0.330575725456477,
0.345117698332759,0.35195585581216,0.366266684345215,0.380617786528531,
0.388241536694801,0.402618113448605,0.410323167910647,0.424695773275233,
0.431051210081808,0.445377510790154,0.4596806896078,0.468592371456554),
 .UNSPECIFIED.);
#256=B_SPLINE_CURVE_WITH_KNOTS('',3,(#7305,#7306,#7307,#7308,#7309,#7310,
#7311,#7312),.UNSPECIFIED.,.F.,.F.,(4,2,2,4),(1.03465921694607,1.16178711091039,
1.26582032635913,1.35373553468581),.UNSPECIFIED.);
#257=B_SPLINE_CURVE_WITH_KNOTS('',3,(#7313,#7314,#7315,#7316,#7317,#7318),
 .UNSPECIFIED.,.F.,.F.,(4,2,4),(0.278627040808472,0.314258714603836,0.359870793228889),
 .UNSPECIFIED.);
#258=B_SPLINE_CURVE_WITH_KNOTS('',3,(#7371,#7372,#7373,#7374,#7375,#7376,
#7377,#7378,#7379,#7380),.UNSPECIFIED.,.F.,.F.,(4,3,3,4),(0.00188764300454248,
0.0115120482434736,0.0212399320897844,0.023665079307132),.UNSPECIFIED.);
#259=B_SPLINE_CURVE_WITH_KNOTS('',3,(#7382,#7383,#7384,#7385),
 .UNSPECIFIED.,.F.,.F.,(4,4),(0.998829253877178,1.),.UNSPECIFIED.);
#260=B_SPLINE_CURVE_WITH_KNOTS('',3,(#7432,#7433,#7434,#7435,#7436,#7437,
#7438,#7439,#7440,#7441,#7442,#7443,#7444,#7445,#7446,#7447),
 .UNSPECIFIED.,.F.,.F.,(4,3,3,3,3,4),(0.,0.0146059585324281,0.0292119170648562,
0.0436790424215892,0.0577476266103834,0.0630785856642819),.UNSPECIFIED.);
#261=B_SPLINE_CURVE_WITH_KNOTS('',3,(#7490,#7491,#7492,#7493),
 .UNSPECIFIED.,.F.,.F.,(4,4),(-2.25121860134666,-2.15644182447326),
 .UNSPECIFIED.);
#262=B_SPLINE_CURVE_WITH_KNOTS('',3,(#7500,#7501,#7502,#7503),
 .UNSPECIFIED.,.F.,.F.,(4,4),(-1.97384137665098,-1.87895213720711),
 .UNSPECIFIED.);
#263=B_SPLINE_CURVE_WITH_KNOTS('',3,(#7507,#7508,#7509,#7510),
 .UNSPECIFIED.,.F.,.F.,(4,4),(-1.64825136724229,-1.55316649439858),
 .UNSPECIFIED.);
#264=B_SPLINE_CURVE_WITH_KNOTS('',3,(#7514,#7515,#7516,#7517),
 .UNSPECIFIED.,.F.,.F.,(4,4),(-1.31306020483533,-1.21766502525268),
 .UNSPECIFIED.);
#265=B_SPLINE_CURVE_WITH_KNOTS('',3,(#7521,#7522,#7523,#7524),
 .UNSPECIFIED.,.F.,.F.,(4,4),(-1.02030907781868,-0.924516444048153),
 .UNSPECIFIED.);
#266=B_SPLINE_CURVE_WITH_KNOTS('',3,(#7749,#7750,#7751,#7752,#7753,#7754),
 .UNSPECIFIED.,.F.,.F.,(4,2,4),(0.,0.15,0.19382757170245),.UNSPECIFIED.);
#267=B_SPLINE_CURVE_WITH_KNOTS('',3,(#7756,#7757,#7758,#7759,#7760,#7761,
#7762,#7763,#7764,#7765,#7766,#7767),.UNSPECIFIED.,.F.,.F.,(4,2,2,2,2,4),
(-0.770430756412242,-0.73029887603862,-0.683326054447876,-0.582903663911914,
-0.232278645953159,-0.161416027071223),.UNSPECIFIED.);
#268=B_SPLINE_CURVE_WITH_KNOTS('',3,(#7786,#7787,#7788,#7789,#7790,#7791,
#7792,#7793,#7794,#7795,#7796,#7797,#7798,#7799,#7800,#7801),
 .UNSPECIFIED.,.F.,.F.,(4,2,2,2,2,2,2,4),(-0.609576871759448,-0.588083692150359,
-0.353232747104658,-0.154585804101998,-0.0766312752861241,-0.0285457552799255,
-0.0107473660955997,0.),.UNSPECIFIED.);
#269=B_SPLINE_CURVE_WITH_KNOTS('',3,(#7933,#7934,#7935,#7936,#7937,#7938),
 .UNSPECIFIED.,.F.,.F.,(4,2,4),(0.101378265860614,0.150000000000541,0.300000000001083),
 .UNSPECIFIED.);
#270=B_SPLINE_CURVE_WITH_KNOTS('',3,(#7939,#7940,#7941,#7942),
 .UNSPECIFIED.,.F.,.F.,(4,4),(-0.652973163857796,0.),.UNSPECIFIED.);
#271=B_SPLINE_CURVE_WITH_KNOTS('',3,(#7960,#7961,#7962,#7963),
 .UNSPECIFIED.,.F.,.F.,(4,4),(0.191662114427775,0.20009910522408),
 .UNSPECIFIED.);
#272=B_SPLINE_CURVE_WITH_KNOTS('',3,(#7965,#7966,#7967,#7968),
 .UNSPECIFIED.,.F.,.F.,(4,4),(0.,0.0372312907945691),.UNSPECIFIED.);
#273=B_SPLINE_CURVE_WITH_KNOTS('',3,(#7969,#7970,#7971,#7972,#7973,#7974,
#7975,#7976),.UNSPECIFIED.,.F.,.F.,(4,2,2,4),(0.0143757182466444,0.336151655078558,
0.491735629269529,0.621591253842076),.UNSPECIFIED.);
#274=B_SPLINE_CURVE_WITH_KNOTS('',3,(#7994,#7995,#7996,#7997),
 .UNSPECIFIED.,.F.,.F.,(4,4),(0.,0.00844436142682605),.UNSPECIFIED.);
#275=B_SPLINE_CURVE_WITH_KNOTS('',3,(#7998,#7999,#8000,#8001,#8002,#8003,
#8004,#8005),.UNSPECIFIED.,.F.,.F.,(4,2,2,4),(0.,0.163643615916738,0.392743572416158,
0.606055285821112),.UNSPECIFIED.);
#276=ELLIPSE('',#2479,11.8258044619848,10.3195460979271);
#277=ELLIPSE('',#2500,17.5,15.);
#278=ELLIPSE('',#2511,82.1051644823346,1.1);
#279=ELLIPSE('',#2538,82.1051644823346,1.1);
#280=ELLIPSE('',#2565,6.45975652722204,2.);
#281=ELLIPSE('',#2567,6.45975652722204,2.);
#282=ELLIPSE('',#2568,17.5,15.);
#283=ELLIPSE('',#2570,9.8258576916329,9.38891203732509);
#284=ELLIPSE('',#2571,11.8258044619848,10.3195460979271);
#285=ELLIPSE('',#2572,11.8258044619848,10.3195460979271);
#286=ELLIPSE('',#2573,17.5,15.);
#287=FACE_OUTER_BOUND('',#411,.T.);
#288=FACE_OUTER_BOUND('',#412,.T.);
#289=FACE_OUTER_BOUND('',#413,.T.);
#290=FACE_OUTER_BOUND('',#414,.T.);
#291=FACE_OUTER_BOUND('',#415,.T.);
#292=FACE_OUTER_BOUND('',#416,.T.);
#293=FACE_OUTER_BOUND('',#417,.T.);
#294=FACE_OUTER_BOUND('',#418,.T.);
#295=FACE_OUTER_BOUND('',#419,.T.);
#296=FACE_OUTER_BOUND('',#420,.T.);
#297=FACE_OUTER_BOUND('',#421,.T.);
#298=FACE_OUTER_BOUND('',#422,.T.);
#299=FACE_OUTER_BOUND('',#423,.T.);
#300=FACE_OUTER_BOUND('',#424,.T.);
#301=FACE_OUTER_BOUND('',#425,.T.);
#302=FACE_OUTER_BOUND('',#426,.T.);
#303=FACE_OUTER_BOUND('',#427,.T.);
#304=FACE_OUTER_BOUND('',#428,.T.);
#305=FACE_OUTER_BOUND('',#429,.T.);
#306=FACE_OUTER_BOUND('',#431,.T.);
#307=FACE_OUTER_BOUND('',#432,.T.);
#308=FACE_OUTER_BOUND('',#433,.T.);
#309=FACE_OUTER_BOUND('',#434,.T.);
#310=FACE_OUTER_BOUND('',#435,.T.);
#311=FACE_OUTER_BOUND('',#436,.T.);
#312=FACE_OUTER_BOUND('',#437,.T.);
#313=FACE_OUTER_BOUND('',#438,.T.);
#314=FACE_OUTER_BOUND('',#439,.T.);
#315=FACE_OUTER_BOUND('',#440,.T.);
#316=FACE_OUTER_BOUND('',#441,.T.);
#317=FACE_OUTER_BOUND('',#442,.T.);
#318=FACE_OUTER_BOUND('',#443,.T.);
#319=FACE_OUTER_BOUND('',#444,.T.);
#320=FACE_OUTER_BOUND('',#445,.T.);
#321=FACE_OUTER_BOUND('',#446,.T.);
#322=FACE_OUTER_BOUND('',#447,.T.);
#323=FACE_OUTER_BOUND('',#448,.T.);
#324=FACE_OUTER_BOUND('',#449,.T.);
#325=FACE_OUTER_BOUND('',#450,.T.);
#326=FACE_OUTER_BOUND('',#451,.T.);
#327=FACE_OUTER_BOUND('',#452,.T.);
#328=FACE_OUTER_BOUND('',#453,.T.);
#329=FACE_OUTER_BOUND('',#454,.T.);
#330=FACE_OUTER_BOUND('',#455,.T.);
#331=FACE_OUTER_BOUND('',#456,.T.);
#332=FACE_OUTER_BOUND('',#457,.T.);
#333=FACE_OUTER_BOUND('',#458,.T.);
#334=FACE_OUTER_BOUND('',#459,.T.);
#335=FACE_OUTER_BOUND('',#460,.T.);
#336=FACE_OUTER_BOUND('',#461,.T.);
#337=FACE_OUTER_BOUND('',#462,.T.);
#338=FACE_OUTER_BOUND('',#463,.T.);
#339=FACE_OUTER_BOUND('',#464,.T.);
#340=FACE_OUTER_BOUND('',#465,.T.);
#341=FACE_OUTER_BOUND('',#466,.T.);
#342=FACE_OUTER_BOUND('',#467,.T.);
#343=FACE_OUTER_BOUND('',#468,.T.);
#344=FACE_OUTER_BOUND('',#469,.T.);
#345=FACE_OUTER_BOUND('',#470,.T.);
#346=FACE_OUTER_BOUND('',#471,.T.);
#347=FACE_OUTER_BOUND('',#472,.T.);
#348=FACE_OUTER_BOUND('',#473,.T.);
#349=FACE_OUTER_BOUND('',#474,.T.);
#350=FACE_OUTER_BOUND('',#475,.T.);
#351=FACE_OUTER_BOUND('',#476,.T.);
#352=FACE_OUTER_BOUND('',#477,.T.);
#353=FACE_OUTER_BOUND('',#478,.T.);
#354=FACE_OUTER_BOUND('',#479,.T.);
#355=FACE_OUTER_BOUND('',#480,.T.);
#356=FACE_OUTER_BOUND('',#481,.T.);
#357=FACE_OUTER_BOUND('',#482,.T.);
#358=FACE_OUTER_BOUND('',#483,.T.);
#359=FACE_OUTER_BOUND('',#484,.T.);
#360=FACE_OUTER_BOUND('',#485,.T.);
#361=FACE_OUTER_BOUND('',#486,.T.);
#362=FACE_OUTER_BOUND('',#487,.T.);
#363=FACE_OUTER_BOUND('',#488,.T.);
#364=FACE_OUTER_BOUND('',#489,.T.);
#365=FACE_OUTER_BOUND('',#490,.T.);
#366=FACE_OUTER_BOUND('',#491,.T.);
#367=FACE_OUTER_BOUND('',#492,.T.);
#368=FACE_OUTER_BOUND('',#493,.T.);
#369=FACE_OUTER_BOUND('',#494,.T.);
#370=FACE_OUTER_BOUND('',#495,.T.);
#371=FACE_OUTER_BOUND('',#496,.T.);
#372=FACE_OUTER_BOUND('',#497,.T.);
#373=FACE_OUTER_BOUND('',#498,.T.);
#374=FACE_OUTER_BOUND('',#499,.T.);
#375=FACE_OUTER_BOUND('',#500,.T.);
#376=FACE_OUTER_BOUND('',#501,.T.);
#377=FACE_OUTER_BOUND('',#502,.T.);
#378=FACE_OUTER_BOUND('',#503,.T.);
#379=FACE_OUTER_BOUND('',#504,.T.);
#380=FACE_OUTER_BOUND('',#505,.T.);
#381=FACE_OUTER_BOUND('',#506,.T.);
#382=FACE_OUTER_BOUND('',#507,.T.);
#383=FACE_OUTER_BOUND('',#508,.T.);
#384=FACE_OUTER_BOUND('',#509,.T.);
#385=FACE_OUTER_BOUND('',#510,.T.);
#386=FACE_OUTER_BOUND('',#511,.T.);
#387=FACE_OUTER_BOUND('',#512,.T.);
#388=FACE_OUTER_BOUND('',#513,.T.);
#389=FACE_OUTER_BOUND('',#514,.T.);
#390=FACE_OUTER_BOUND('',#515,.T.);
#391=FACE_OUTER_BOUND('',#516,.T.);
#392=FACE_OUTER_BOUND('',#517,.T.);
#393=FACE_OUTER_BOUND('',#518,.T.);
#394=FACE_OUTER_BOUND('',#519,.T.);
#395=FACE_OUTER_BOUND('',#520,.T.);
#396=FACE_OUTER_BOUND('',#521,.T.);
#397=FACE_OUTER_BOUND('',#522,.T.);
#398=FACE_OUTER_BOUND('',#523,.T.);
#399=FACE_OUTER_BOUND('',#524,.T.);
#400=FACE_OUTER_BOUND('',#525,.T.);
#401=FACE_OUTER_BOUND('',#526,.T.);
#402=FACE_OUTER_BOUND('',#527,.T.);
#403=FACE_OUTER_BOUND('',#528,.T.);
#404=FACE_OUTER_BOUND('',#529,.T.);
#405=FACE_OUTER_BOUND('',#530,.T.);
#406=FACE_OUTER_BOUND('',#531,.T.);
#407=FACE_OUTER_BOUND('',#532,.T.);
#408=FACE_OUTER_BOUND('',#533,.T.);
#409=FACE_OUTER_BOUND('',#534,.T.);
#410=FACE_OUTER_BOUND('',#535,.T.);
#411=EDGE_LOOP('',(#1505,#1506,#1507,#1508));
#412=EDGE_LOOP('',(#1509,#1510,#1511,#1512,#1513,#1514));
#413=EDGE_LOOP('',(#1515,#1516,#1517,#1518));
#414=EDGE_LOOP('',(#1519,#1520,#1521,#1522,#1523,#1524));
#415=EDGE_LOOP('',(#1525,#1526,#1527,#1528,#1529,#1530));
#416=EDGE_LOOP('',(#1531,#1532,#1533,#1534,#1535,#1536,#1537,#1538,#1539,
#1540,#1541,#1542,#1543,#1544,#1545,#1546,#1547,#1548,#1549,#1550,#1551,
#1552,#1553,#1554,#1555,#1556,#1557,#1558,#1559,#1560,#1561,#1562,#1563,
#1564));
#417=EDGE_LOOP('',(#1565,#1566,#1567,#1568));
#418=EDGE_LOOP('',(#1569,#1570,#1571,#1572,#1573,#1574,#1575));
#419=EDGE_LOOP('',(#1576,#1577,#1578,#1579));
#420=EDGE_LOOP('',(#1580,#1581,#1582,#1583,#1584,#1585,#1586,#1587));
#421=EDGE_LOOP('',(#1588,#1589,#1590,#1591));
#422=EDGE_LOOP('',(#1592,#1593,#1594,#1595,#1596,#1597,#1598,#1599));
#423=EDGE_LOOP('',(#1600,#1601,#1602,#1603));
#424=EDGE_LOOP('',(#1604,#1605,#1606,#1607));
#425=EDGE_LOOP('',(#1608,#1609,#1610,#1611));
#426=EDGE_LOOP('',(#1612,#1613,#1614,#1615,#1616,#1617,#1618));
#427=EDGE_LOOP('',(#1619,#1620,#1621,#1622,#1623,#1624,#1625,#1626));
#428=EDGE_LOOP('',(#1627,#1628,#1629,#1630,#1631,#1632,#1633,#1634,#1635,
#1636));
#429=EDGE_LOOP('',(#1637,#1638,#1639,#1640));
#430=EDGE_LOOP('',(#1641,#1642,#1643,#1644));
#431=EDGE_LOOP('',(#1645,#1646,#1647,#1648,#1649,#1650,#1651,#1652));
#432=EDGE_LOOP('',(#1653,#1654,#1655,#1656));
#433=EDGE_LOOP('',(#1657,#1658,#1659,#1660,#1661,#1662,#1663));
#434=EDGE_LOOP('',(#1664,#1665,#1666,#1667,#1668));
#435=EDGE_LOOP('',(#1669,#1670,#1671,#1672));
#436=EDGE_LOOP('',(#1673,#1674,#1675,#1676));
#437=EDGE_LOOP('',(#1677,#1678,#1679,#1680,#1681));
#438=EDGE_LOOP('',(#1682,#1683,#1684,#1685,#1686,#1687,#1688,#1689,#1690,
#1691,#1692,#1693,#1694,#1695,#1696,#1697,#1698,#1699,#1700,#1701,#1702,
#1703,#1704,#1705,#1706,#1707,#1708,#1709,#1710,#1711,#1712,#1713,#1714,
#1715,#1716,#1717,#1718,#1719,#1720,#1721,#1722,#1723,#1724,#1725,#1726,
#1727));
#439=EDGE_LOOP('',(#1728,#1729,#1730,#1731,#1732,#1733,#1734));
#440=EDGE_LOOP('',(#1735,#1736,#1737,#1738));
#441=EDGE_LOOP('',(#1739,#1740,#1741,#1742));
#442=EDGE_LOOP('',(#1743,#1744,#1745,#1746));
#443=EDGE_LOOP('',(#1747,#1748,#1749,#1750));
#444=EDGE_LOOP('',(#1751,#1752,#1753,#1754,#1755,#1756,#1757,#1758));
#445=EDGE_LOOP('',(#1759,#1760,#1761,#1762,#1763,#1764,#1765,#1766));
#446=EDGE_LOOP('',(#1767,#1768,#1769,#1770,#1771,#1772,#1773,#1774,#1775,
#1776,#1777,#1778,#1779,#1780,#1781,#1782,#1783,#1784,#1785,#1786,#1787,
#1788,#1789,#1790,#1791,#1792,#1793,#1794,#1795,#1796,#1797,#1798,#1799,
#1800));
#447=EDGE_LOOP('',(#1801,#1802,#1803));
#448=EDGE_LOOP('',(#1804,#1805,#1806,#1807));
#449=EDGE_LOOP('',(#1808,#1809,#1810,#1811,#1812,#1813,#1814,#1815,#1816,
#1817));
#450=EDGE_LOOP('',(#1818,#1819,#1820,#1821,#1822,#1823));
#451=EDGE_LOOP('',(#1824,#1825,#1826,#1827,#1828,#1829));
#452=EDGE_LOOP('',(#1830,#1831,#1832,#1833,#1834,#1835));
#453=EDGE_LOOP('',(#1836,#1837,#1838,#1839,#1840,#1841));
#454=EDGE_LOOP('',(#1842,#1843,#1844,#1845));
#455=EDGE_LOOP('',(#1846,#1847,#1848,#1849,#1850,#1851,#1852));
#456=EDGE_LOOP('',(#1853,#1854,#1855,#1856));
#457=EDGE_LOOP('',(#1857,#1858,#1859,#1860,#1861));
#458=EDGE_LOOP('',(#1862,#1863,#1864,#1865));
#459=EDGE_LOOP('',(#1866,#1867,#1868,#1869));
#460=EDGE_LOOP('',(#1870,#1871,#1872,#1873,#1874,#1875,#1876));
#461=EDGE_LOOP('',(#1877,#1878,#1879,#1880));
#462=EDGE_LOOP('',(#1881,#1882,#1883,#1884,#1885,#1886,#1887,#1888,#1889,
#1890,#1891));
#463=EDGE_LOOP('',(#1892,#1893,#1894,#1895,#1896,#1897,#1898));
#464=EDGE_LOOP('',(#1899,#1900,#1901,#1902,#1903,#1904,#1905));
#465=EDGE_LOOP('',(#1906,#1907,#1908,#1909,#1910,#1911,#1912));
#466=EDGE_LOOP('',(#1913,#1914,#1915,#1916,#1917,#1918,#1919));
#467=EDGE_LOOP('',(#1920,#1921,#1922,#1923,#1924,#1925,#1926));
#468=EDGE_LOOP('',(#1927,#1928,#1929,#1930));
#469=EDGE_LOOP('',(#1931,#1932,#1933,#1934));
#470=EDGE_LOOP('',(#1935,#1936,#1937,#1938));
#471=EDGE_LOOP('',(#1939,#1940,#1941,#1942));
#472=EDGE_LOOP('',(#1943,#1944,#1945));
#473=EDGE_LOOP('',(#1946,#1947,#1948,#1949));
#474=EDGE_LOOP('',(#1950,#1951,#1952,#1953,#1954,#1955,#1956));
#475=EDGE_LOOP('',(#1957,#1958,#1959,#1960,#1961,#1962,#1963,#1964,#1965,
#1966));
#476=EDGE_LOOP('',(#1967,#1968,#1969,#1970,#1971,#1972));
#477=EDGE_LOOP('',(#1973,#1974,#1975,#1976,#1977,#1978));
#478=EDGE_LOOP('',(#1979,#1980,#1981,#1982,#1983,#1984));
#479=EDGE_LOOP('',(#1985,#1986,#1987,#1988));
#480=EDGE_LOOP('',(#1989,#1990,#1991,#1992,#1993,#1994));
#481=EDGE_LOOP('',(#1995,#1996,#1997,#1998));
#482=EDGE_LOOP('',(#1999,#2000,#2001,#2002));
#483=EDGE_LOOP('',(#2003,#2004,#2005,#2006,#2007));
#484=EDGE_LOOP('',(#2008,#2009,#2010,#2011));
#485=EDGE_LOOP('',(#2012,#2013,#2014,#2015,#2016,#2017,#2018));
#486=EDGE_LOOP('',(#2019,#2020,#2021,#2022));
#487=EDGE_LOOP('',(#2023,#2024,#2025,#2026,#2027,#2028));
#488=EDGE_LOOP('',(#2029,#2030,#2031,#2032,#2033,#2034));
#489=EDGE_LOOP('',(#2035,#2036,#2037,#2038,#2039,#2040));
#490=EDGE_LOOP('',(#2041,#2042,#2043,#2044,#2045,#2046));
#491=EDGE_LOOP('',(#2047,#2048,#2049,#2050,#2051,#2052));
#492=EDGE_LOOP('',(#2053,#2054,#2055,#2056,#2057,#2058,#2059));
#493=EDGE_LOOP('',(#2060,#2061,#2062,#2063));
#494=EDGE_LOOP('',(#2064,#2065,#2066,#2067));
#495=EDGE_LOOP('',(#2068,#2069,#2070,#2071));
#496=EDGE_LOOP('',(#2072,#2073,#2074,#2075));
#497=EDGE_LOOP('',(#2076,#2077,#2078,#2079,#2080,#2081,#2082));
#498=EDGE_LOOP('',(#2083,#2084,#2085,#2086));
#499=EDGE_LOOP('',(#2087,#2088,#2089,#2090,#2091,#2092,#2093));
#500=EDGE_LOOP('',(#2094,#2095,#2096,#2097));
#501=EDGE_LOOP('',(#2098,#2099,#2100,#2101,#2102,#2103,#2104));
#502=EDGE_LOOP('',(#2105,#2106,#2107,#2108));
#503=EDGE_LOOP('',(#2109,#2110,#2111,#2112,#2113,#2114,#2115));
#504=EDGE_LOOP('',(#2116,#2117,#2118,#2119));
#505=EDGE_LOOP('',(#2120,#2121,#2122,#2123,#2124,#2125,#2126));
#506=EDGE_LOOP('',(#2127,#2128,#2129,#2130,#2131,#2132));
#507=EDGE_LOOP('',(#2133,#2134,#2135,#2136));
#508=EDGE_LOOP('',(#2137,#2138,#2139,#2140));
#509=EDGE_LOOP('',(#2141,#2142,#2143,#2144,#2145));
#510=EDGE_LOOP('',(#2146,#2147,#2148,#2149));
#511=EDGE_LOOP('',(#2150,#2151,#2152,#2153));
#512=EDGE_LOOP('',(#2154,#2155,#2156,#2157));
#513=EDGE_LOOP('',(#2158,#2159,#2160,#2161));
#514=EDGE_LOOP('',(#2162,#2163,#2164,#2165));
#515=EDGE_LOOP('',(#2166,#2167,#2168,#2169));
#516=EDGE_LOOP('',(#2170,#2171,#2172,#2173));
#517=EDGE_LOOP('',(#2174,#2175,#2176,#2177));
#518=EDGE_LOOP('',(#2178,#2179,#2180));
#519=EDGE_LOOP('',(#2181,#2182,#2183,#2184));
#520=EDGE_LOOP('',(#2185,#2186,#2187,#2188));
#521=EDGE_LOOP('',(#2189,#2190,#2191,#2192));
#522=EDGE_LOOP('',(#2193,#2194,#2195,#2196,#2197,#2198,#2199));
#523=EDGE_LOOP('',(#2200,#2201,#2202,#2203,#2204));
#524=EDGE_LOOP('',(#2205,#2206,#2207,#2208,#2209,#2210,#2211,#2212,#2213,
#2214));
#525=EDGE_LOOP('',(#2215,#2216,#2217,#2218));
#526=EDGE_LOOP('',(#2219,#2220,#2221,#2222,#2223,#2224,#2225,#2226,#2227,
#2228));
#527=EDGE_LOOP('',(#2229,#2230,#2231,#2232));
#528=EDGE_LOOP('',(#2233,#2234,#2235,#2236,#2237,#2238));
#529=EDGE_LOOP('',(#2239,#2240,#2241,#2242));
#530=EDGE_LOOP('',(#2243,#2244,#2245,#2246,#2247,#2248));
#531=EDGE_LOOP('',(#2249,#2250,#2251,#2252));
#532=EDGE_LOOP('',(#2253,#2254,#2255,#2256,#2257,#2258));
#533=EDGE_LOOP('',(#2259,#2260,#2261,#2262));
#534=EDGE_LOOP('',(#2263,#2264,#2265,#2266,#2267,#2268));
#535=EDGE_LOOP('',(#2269,#2270,#2271,#2272));
#536=LINE('',#2978,#698);
#537=LINE('',#2980,#699);
#538=LINE('',#2982,#700);
#539=LINE('',#2983,#701);
#540=LINE('',#2986,#702);
#541=LINE('',#2988,#703);
#542=LINE('',#2990,#704);
#543=LINE('',#2992,#705);
#544=LINE('',#2993,#706);
#545=LINE('',#2996,#707);
#546=LINE('',#2998,#708);
#547=LINE('',#2999,#709);
#548=LINE('',#3001,#710);
#549=LINE('',#3003,#711);
#550=LINE('',#3005,#712);
#551=LINE('',#3006,#713);
#552=LINE('',#3009,#714);
#553=LINE('',#3012,#715);
#554=LINE('',#3015,#716);
#555=LINE('',#3017,#717);
#556=LINE('',#3019,#718);
#557=LINE('',#3056,#719);
#558=LINE('',#3066,#720);
#559=LINE('',#3073,#721);
#560=LINE('',#3083,#722);
#561=LINE('',#3090,#723);
#562=LINE('',#3097,#724);
#563=LINE('',#3104,#725);
#564=LINE('',#3111,#726);
#565=LINE('',#3118,#727);
#566=LINE('',#3132,#728);
#567=LINE('',#3139,#729);
#568=LINE('',#3146,#730);
#569=LINE('',#3148,#731);
#570=LINE('',#3149,#732);
#571=LINE('',#3153,#733);
#572=LINE('',#3155,#734);
#573=LINE('',#3157,#735);
#574=LINE('',#3158,#736);
#575=LINE('',#3162,#737);
#576=LINE('',#3164,#738);
#577=LINE('',#3166,#739);
#578=LINE('',#3173,#740);
#579=LINE('',#3175,#741);
#580=LINE('',#3176,#742);
#581=LINE('',#3179,#743);
#582=LINE('',#3181,#744);
#583=LINE('',#3182,#745);
#584=LINE('',#3184,#746);
#585=LINE('',#3186,#747);
#586=LINE('',#3188,#748);
#587=LINE('',#3190,#749);
#588=LINE('',#3191,#750);
#589=LINE('',#3193,#751);
#590=LINE('',#3196,#752);
#591=LINE('',#3198,#753);
#592=LINE('',#3200,#754);
#593=LINE('',#3202,#755);
#594=LINE('',#3204,#756);
#595=LINE('',#3205,#757);
#596=LINE('',#3208,#758);
#597=LINE('',#3210,#759);
#598=LINE('',#3211,#760);
#599=LINE('',#3214,#761);
#600=LINE('',#3216,#762);
#601=LINE('',#3217,#763);
#602=LINE('',#3220,#764);
#603=LINE('',#3222,#765);
#604=LINE('',#3223,#766);
#605=LINE('',#3226,#767);
#606=LINE('',#3228,#768);
#607=LINE('',#3230,#769);
#608=LINE('',#3237,#770);
#609=LINE('',#3238,#771);
#610=LINE('',#3240,#772);
#611=LINE('',#3241,#773);
#612=LINE('',#3245,#774);
#613=LINE('',#3302,#775);
#614=LINE('',#3304,#776);
#615=LINE('',#3306,#777);
#616=LINE('',#3307,#778);
#617=LINE('',#3308,#779);
#618=LINE('',#3310,#780);
#619=LINE('',#3312,#781);
#620=LINE('',#3314,#782);
#621=LINE('',#4017,#783);
#622=LINE('',#4055,#784);
#623=LINE('',#4081,#785);
#624=LINE('',#4084,#786);
#625=LINE('',#4085,#787);
#626=LINE('',#4088,#788);
#627=LINE('',#4089,#789);
#628=LINE('',#4091,#790);
#629=LINE('',#4094,#791);
#630=LINE('',#4096,#792);
#631=LINE('',#4098,#793);
#632=LINE('',#4105,#794);
#633=LINE('',#4112,#795);
#634=LINE('',#4126,#796);
#635=LINE('',#4133,#797);
#636=LINE('',#4140,#798);
#637=LINE('',#4147,#799);
#638=LINE('',#4154,#800);
#639=LINE('',#4161,#801);
#640=LINE('',#4171,#802);
#641=LINE('',#4178,#803);
#642=LINE('',#4185,#804);
#643=LINE('',#4217,#805);
#644=LINE('',#5776,#806);
#645=LINE('',#5802,#807);
#646=LINE('',#5803,#808);
#647=LINE('',#5810,#809);
#648=LINE('',#5811,#810);
#649=LINE('',#5818,#811);
#650=LINE('',#5819,#812);
#651=LINE('',#5826,#813);
#652=LINE('',#5827,#814);
#653=LINE('',#5834,#815);
#654=LINE('',#5835,#816);
#655=LINE('',#5838,#817);
#656=LINE('',#5839,#818);
#657=LINE('',#5842,#819);
#658=LINE('',#5843,#820);
#659=LINE('',#5846,#821);
#660=LINE('',#5847,#822);
#661=LINE('',#5850,#823);
#662=LINE('',#5851,#824);
#663=LINE('',#5856,#825);
#664=LINE('',#7406,#826);
#665=LINE('',#7450,#827);
#666=LINE('',#7451,#828);
#667=LINE('',#7454,#829);
#668=LINE('',#7455,#830);
#669=LINE('',#7458,#831);
#670=LINE('',#7459,#832);
#671=LINE('',#7462,#833);
#672=LINE('',#7463,#834);
#673=LINE('',#7466,#835);
#674=LINE('',#7467,#836);
#675=LINE('',#7470,#837);
#676=LINE('',#7471,#838);
#677=LINE('',#7474,#839);
#678=LINE('',#7475,#840);
#679=LINE('',#7478,#841);
#680=LINE('',#7479,#842);
#681=LINE('',#7482,#843);
#682=LINE('',#7483,#844);
#683=LINE('',#7486,#845);
#684=LINE('',#7487,#846);
#685=LINE('',#7489,#847);
#686=LINE('',#7496,#848);
#687=LINE('',#7497,#849);
#688=LINE('',#7499,#850);
#689=LINE('',#7505,#851);
#690=LINE('',#7512,#852);
#691=LINE('',#7519,#853);
#692=LINE('',#7714,#854);
#693=LINE('',#7769,#855);
#694=LINE('',#8040,#856);
#695=LINE('',#8043,#857);
#696=LINE('',#8046,#858);
#697=LINE('',#8049,#859);
#698=VECTOR('',#2590,10.);
#699=VECTOR('',#2591,10.);
#700=VECTOR('',#2592,10.);
#701=VECTOR('',#2593,10.);
#702=VECTOR('',#2596,10.);
#703=VECTOR('',#2597,10.);
#704=VECTOR('',#2598,10.);
#705=VECTOR('',#2599,10.);
#706=VECTOR('',#2600,10.);
#707=VECTOR('',#2603,10.);
#708=VECTOR('',#2604,10.);
#709=VECTOR('',#2605,10.);
#710=VECTOR('',#2608,10.);
#711=VECTOR('',#2609,10.);
#712=VECTOR('',#2610,10.);
#713=VECTOR('',#2611,10.);
#714=VECTOR('',#2614,10.);
#715=VECTOR('',#2617,10.);
#716=VECTOR('',#2620,10.);
#717=VECTOR('',#2621,10.);
#718=VECTOR('',#2622,10.);
#719=VECTOR('',#2623,10.);
#720=VECTOR('',#2624,10.);
#721=VECTOR('',#2625,10.);
#722=VECTOR('',#2626,10.);
#723=VECTOR('',#2627,10.);
#724=VECTOR('',#2628,10.);
#725=VECTOR('',#2629,10.);
#726=VECTOR('',#2630,10.);
#727=VECTOR('',#2631,10.);
#728=VECTOR('',#2632,10.);
#729=VECTOR('',#2633,10.);
#730=VECTOR('',#2634,10.);
#731=VECTOR('',#2635,10.);
#732=VECTOR('',#2636,10.);
#733=VECTOR('',#2639,10.);
#734=VECTOR('',#2640,10.);
#735=VECTOR('',#2641,10.);
#736=VECTOR('',#2642,10.);
#737=VECTOR('',#2645,10.);
#738=VECTOR('',#2646,10.);
#739=VECTOR('',#2647,10.);
#740=VECTOR('',#2648,10.);
#741=VECTOR('',#2649,10.);
#742=VECTOR('',#2650,10.);
#743=VECTOR('',#2653,10.);
#744=VECTOR('',#2654,10.);
#745=VECTOR('',#2655,10.);
#746=VECTOR('',#2658,10.);
#747=VECTOR('',#2659,10.);
#748=VECTOR('',#2660,10.);
#749=VECTOR('',#2661,10.);
#750=VECTOR('',#2662,10.);
#751=VECTOR('',#2665,10.);
#752=VECTOR('',#2668,10.);
#753=VECTOR('',#2669,10.);
#754=VECTOR('',#2670,10.);
#755=VECTOR('',#2671,10.);
#756=VECTOR('',#2672,10.);
#757=VECTOR('',#2673,10.);
#758=VECTOR('',#2676,10.);
#759=VECTOR('',#2677,10.);
#760=VECTOR('',#2678,10.);
#761=VECTOR('',#2681,10.);
#762=VECTOR('',#2682,10.);
#763=VECTOR('',#2683,10.);
#764=VECTOR('',#2686,10.);
#765=VECTOR('',#2687,10.);
#766=VECTOR('',#2688,10.);
#767=VECTOR('',#2691,10.);
#768=VECTOR('',#2692,10.);
#769=VECTOR('',#2693,10.);
#770=VECTOR('',#2694,10.);
#771=VECTOR('',#2695,10.);
#772=VECTOR('',#2698,10.);
#773=VECTOR('',#2699,10.);
#774=VECTOR('',#2702,10.);
#775=VECTOR('',#2703,10.);
#776=VECTOR('',#2704,10.);
#777=VECTOR('',#2705,10.);
#778=VECTOR('',#2706,10.);
#779=VECTOR('',#2707,10.);
#780=VECTOR('',#2710,10.);
#781=VECTOR('',#2713,10.);
#782=VECTOR('',#2716,10.);
#783=VECTOR('',#2731,10.);
#784=VECTOR('',#2734,10.);
#785=VECTOR('',#2735,10.);
#786=VECTOR('',#2738,10.);
#787=VECTOR('',#2739,10.);
#788=VECTOR('',#2742,10.);
#789=VECTOR('',#2743,10.);
#790=VECTOR('',#2746,10.);
#791=VECTOR('',#2749,10.);
#792=VECTOR('',#2750,10.);
#793=VECTOR('',#2751,10.);
#794=VECTOR('',#2752,10.);
#795=VECTOR('',#2753,10.);
#796=VECTOR('',#2754,10.);
#797=VECTOR('',#2755,10.);
#798=VECTOR('',#2756,10.);
#799=VECTOR('',#2757,10.);
#800=VECTOR('',#2758,10.);
#801=VECTOR('',#2759,10.);
#802=VECTOR('',#2760,10.);
#803=VECTOR('',#2761,10.);
#804=VECTOR('',#2762,10.);
#805=VECTOR('',#2765,10.);
#806=VECTOR('',#2790,10.);
#807=VECTOR('',#2795,10.);
#808=VECTOR('',#2796,10.);
#809=VECTOR('',#2799,10.);
#810=VECTOR('',#2800,10.);
#811=VECTOR('',#2803,10.);
#812=VECTOR('',#2804,10.);
#813=VECTOR('',#2807,10.);
#814=VECTOR('',#2808,10.);
#815=VECTOR('',#2811,10.);
#816=VECTOR('',#2812,10.);
#817=VECTOR('',#2815,10.);
#818=VECTOR('',#2816,10.);
#819=VECTOR('',#2819,10.);
#820=VECTOR('',#2820,10.);
#821=VECTOR('',#2823,10.);
#822=VECTOR('',#2824,10.);
#823=VECTOR('',#2827,10.);
#824=VECTOR('',#2828,10.);
#825=VECTOR('',#2833,10.);
#826=VECTOR('',#2858,10.);
#827=VECTOR('',#2863,10.);
#828=VECTOR('',#2864,10.);
#829=VECTOR('',#2867,10.);
#830=VECTOR('',#2868,10.);
#831=VECTOR('',#2871,10.);
#832=VECTOR('',#2872,10.);
#833=VECTOR('',#2875,10.);
#834=VECTOR('',#2876,10.);
#835=VECTOR('',#2879,10.);
#836=VECTOR('',#2880,10.);
#837=VECTOR('',#2883,10.);
#838=VECTOR('',#2884,10.);
#839=VECTOR('',#2887,10.);
#840=VECTOR('',#2888,10.);
#841=VECTOR('',#2891,10.);
#842=VECTOR('',#2892,10.);
#843=VECTOR('',#2895,10.);
#844=VECTOR('',#2896,10.);
#845=VECTOR('',#2899,10.);
#846=VECTOR('',#2900,10.);
#847=VECTOR('',#2903,10.);
#848=VECTOR('',#2906,10.);
#849=VECTOR('',#2907,10.);
#850=VECTOR('',#2910,10.);
#851=VECTOR('',#2913,10.);
#852=VECTOR('',#2918,10.);
#853=VECTOR('',#2923,10.);
#854=VECTOR('',#2936,10.);
#855=VECTOR('',#2937,10.);
#856=VECTOR('',#2952,10.);
#857=VECTOR('',#2957,10.);
#858=VECTOR('',#2962,10.);
#859=VECTOR('',#2967,10.);
#860=VERTEX_POINT('',#2976);
#861=VERTEX_POINT('',#2977);
#862=VERTEX_POINT('',#2979);
#863=VERTEX_POINT('',#2981);
#864=VERTEX_POINT('',#2985);
#865=VERTEX_POINT('',#2987);
#866=VERTEX_POINT('',#2989);
#867=VERTEX_POINT('',#2991);
#868=VERTEX_POINT('',#2995);
#869=VERTEX_POINT('',#2997);
#870=VERTEX_POINT('',#3002);
#871=VERTEX_POINT('',#3004);
#872=VERTEX_POINT('',#3008);
#873=VERTEX_POINT('',#3010);
#874=VERTEX_POINT('',#3014);
#875=VERTEX_POINT('',#3016);
#876=VERTEX_POINT('',#3018);
#877=VERTEX_POINT('',#3020);
#878=VERTEX_POINT('',#3027);
#879=VERTEX_POINT('',#3050);
#880=VERTEX_POINT('',#3055);
#881=VERTEX_POINT('',#3057);
#882=VERTEX_POINT('',#3065);
#883=VERTEX_POINT('',#3067);
#884=VERTEX_POINT('',#3072);
#885=VERTEX_POINT('',#3074);
#886=VERTEX_POINT('',#3082);
#887=VERTEX_POINT('',#3084);
#888=VERTEX_POINT('',#3089);
#889=VERTEX_POINT('',#3091);
#890=VERTEX_POINT('',#3096);
#891=VERTEX_POINT('',#3098);
#892=VERTEX_POINT('',#3103);
#893=VERTEX_POINT('',#3105);
#894=VERTEX_POINT('',#3110);
#895=VERTEX_POINT('',#3112);
#896=VERTEX_POINT('',#3117);
#897=VERTEX_POINT('',#3119);
#898=VERTEX_POINT('',#3124);
#899=VERTEX_POINT('',#3131);
#900=VERTEX_POINT('',#3133);
#901=VERTEX_POINT('',#3138);
#902=VERTEX_POINT('',#3140);
#903=VERTEX_POINT('',#3145);
#904=VERTEX_POINT('',#3147);
#905=VERTEX_POINT('',#3151);
#906=VERTEX_POINT('',#3152);
#907=VERTEX_POINT('',#3154);
#908=VERTEX_POINT('',#3156);
#909=VERTEX_POINT('',#3160);
#910=VERTEX_POINT('',#3161);
#911=VERTEX_POINT('',#3163);
#912=VERTEX_POINT('',#3165);
#913=VERTEX_POINT('',#3167);
#914=VERTEX_POINT('',#3172);
#915=VERTEX_POINT('',#3174);
#916=VERTEX_POINT('',#3178);
#917=VERTEX_POINT('',#3180);
#918=VERTEX_POINT('',#3185);
#919=VERTEX_POINT('',#3187);
#920=VERTEX_POINT('',#3189);
#921=VERTEX_POINT('',#3195);
#922=VERTEX_POINT('',#3197);
#923=VERTEX_POINT('',#3199);
#924=VERTEX_POINT('',#3201);
#925=VERTEX_POINT('',#3203);
#926=VERTEX_POINT('',#3207);
#927=VERTEX_POINT('',#3209);
#928=VERTEX_POINT('',#3213);
#929=VERTEX_POINT('',#3215);
#930=VERTEX_POINT('',#3219);
#931=VERTEX_POINT('',#3221);
#932=VERTEX_POINT('',#3225);
#933=VERTEX_POINT('',#3227);
#934=VERTEX_POINT('',#3229);
#935=VERTEX_POINT('',#3231);
#936=VERTEX_POINT('',#3236);
#937=VERTEX_POINT('',#3243);
#938=VERTEX_POINT('',#3244);
#939=VERTEX_POINT('',#3246);
#940=VERTEX_POINT('',#3281);
#941=VERTEX_POINT('',#3288);
#942=VERTEX_POINT('',#3301);
#943=VERTEX_POINT('',#3303);
#944=VERTEX_POINT('',#3305);
#945=VERTEX_POINT('',#3316);
#946=VERTEX_POINT('',#3329);
#947=VERTEX_POINT('',#3340);
#948=VERTEX_POINT('',#3425);
#949=VERTEX_POINT('',#3436);
#950=VERTEX_POINT('',#3460);
#951=VERTEX_POINT('',#3467);
#952=VERTEX_POINT('',#3595);
#953=VERTEX_POINT('',#3654);
#954=VERTEX_POINT('',#3656);
#955=VERTEX_POINT('',#3661);
#956=VERTEX_POINT('',#3672);
#957=VERTEX_POINT('',#3677);
#958=VERTEX_POINT('',#3688);
#959=VERTEX_POINT('',#3693);
#960=VERTEX_POINT('',#3704);
#961=VERTEX_POINT('',#3709);
#962=VERTEX_POINT('',#3720);
#963=VERTEX_POINT('',#3725);
#964=VERTEX_POINT('',#3736);
#965=VERTEX_POINT('',#3747);
#966=VERTEX_POINT('',#3758);
#967=VERTEX_POINT('',#3763);
#968=VERTEX_POINT('',#3777);
#969=VERTEX_POINT('',#3788);
#970=VERTEX_POINT('',#3802);
#971=VERTEX_POINT('',#3807);
#972=VERTEX_POINT('',#3821);
#973=VERTEX_POINT('',#3826);
#974=VERTEX_POINT('',#3840);
#975=VERTEX_POINT('',#3846);
#976=VERTEX_POINT('',#3860);
#977=VERTEX_POINT('',#3878);
#978=VERTEX_POINT('',#3892);
#979=VERTEX_POINT('',#3913);
#980=VERTEX_POINT('',#3927);
#981=VERTEX_POINT('',#3951);
#982=VERTEX_POINT('',#3965);
#983=VERTEX_POINT('',#3983);
#984=VERTEX_POINT('',#3997);
#985=VERTEX_POINT('',#4018);
#986=VERTEX_POINT('',#4025);
#987=VERTEX_POINT('',#4076);
#988=VERTEX_POINT('',#4083);
#989=VERTEX_POINT('',#4087);
#990=VERTEX_POINT('',#4093);
#991=VERTEX_POINT('',#4095);
#992=VERTEX_POINT('',#4097);
#993=VERTEX_POINT('',#4099);
#994=VERTEX_POINT('',#4104);
#995=VERTEX_POINT('',#4106);
#996=VERTEX_POINT('',#4111);
#997=VERTEX_POINT('',#4113);
#998=VERTEX_POINT('',#4120);
#999=VERTEX_POINT('',#4125);
#1000=VERTEX_POINT('',#4127);
#1001=VERTEX_POINT('',#4132);
#1002=VERTEX_POINT('',#4134);
#1003=VERTEX_POINT('',#4139);
#1004=VERTEX_POINT('',#4141);
#1005=VERTEX_POINT('',#4146);
#1006=VERTEX_POINT('',#4148);
#1007=VERTEX_POINT('',#4153);
#1008=VERTEX_POINT('',#4155);
#1009=VERTEX_POINT('',#4160);
#1010=VERTEX_POINT('',#4162);
#1011=VERTEX_POINT('',#4170);
#1012=VERTEX_POINT('',#4172);
#1013=VERTEX_POINT('',#4177);
#1014=VERTEX_POINT('',#4179);
#1015=VERTEX_POINT('',#4184);
#1016=VERTEX_POINT('',#4186);
#1017=VERTEX_POINT('',#4191);
#1018=VERTEX_POINT('',#4215);
#1019=VERTEX_POINT('',#4216);
#1020=VERTEX_POINT('',#4218);
#1021=VERTEX_POINT('',#4246);
#1022=VERTEX_POINT('',#4248);
#1023=VERTEX_POINT('',#4297);
#1024=VERTEX_POINT('',#4308);
#1025=VERTEX_POINT('',#4310);
#1026=VERTEX_POINT('',#4312);
#1027=VERTEX_POINT('',#4331);
#1028=VERTEX_POINT('',#4483);
#1029=VERTEX_POINT('',#4494);
#1030=VERTEX_POINT('',#4595);
#1031=VERTEX_POINT('',#4603);
#1032=VERTEX_POINT('',#4761);
#1033=VERTEX_POINT('',#4772);
#1034=VERTEX_POINT('',#4873);
#1035=VERTEX_POINT('',#4881);
#1036=VERTEX_POINT('',#5029);
#1037=VERTEX_POINT('',#5040);
#1038=VERTEX_POINT('',#5141);
#1039=VERTEX_POINT('',#5146);
#1040=VERTEX_POINT('',#5294);
#1041=VERTEX_POINT('',#5305);
#1042=VERTEX_POINT('',#5409);
#1043=VERTEX_POINT('',#5414);
#1044=VERTEX_POINT('',#5549);
#1045=VERTEX_POINT('',#5569);
#1046=VERTEX_POINT('',#5595);
#1047=VERTEX_POINT('',#5606);
#1048=VERTEX_POINT('',#5611);
#1049=VERTEX_POINT('',#5630);
#1050=VERTEX_POINT('',#5635);
#1051=VERTEX_POINT('',#5675);
#1052=VERTEX_POINT('',#5714);
#1053=VERTEX_POINT('',#5725);
#1054=VERTEX_POINT('',#5727);
#1055=VERTEX_POINT('',#5801);
#1056=VERTEX_POINT('',#5809);
#1057=VERTEX_POINT('',#5817);
#1058=VERTEX_POINT('',#5825);
#1059=VERTEX_POINT('',#5833);
#1060=VERTEX_POINT('',#5837);
#1061=VERTEX_POINT('',#5841);
#1062=VERTEX_POINT('',#5845);
#1063=VERTEX_POINT('',#5849);
#1064=VERTEX_POINT('',#5854);
#1065=VERTEX_POINT('',#5855);
#1066=VERTEX_POINT('',#5857);
#1067=VERTEX_POINT('',#5900);
#1068=VERTEX_POINT('',#5902);
#1069=VERTEX_POINT('',#5928);
#1070=VERTEX_POINT('',#5939);
#1071=VERTEX_POINT('',#5944);
#1072=VERTEX_POINT('',#5949);
#1073=VERTEX_POINT('',#5968);
#1074=VERTEX_POINT('',#6025);
#1075=VERTEX_POINT('',#6036);
#1076=VERTEX_POINT('',#6141);
#1077=VERTEX_POINT('',#6149);
#1078=VERTEX_POINT('',#6162);
#1079=VERTEX_POINT('',#6233);
#1080=VERTEX_POINT('',#6244);
#1081=VERTEX_POINT('',#6345);
#1082=VERTEX_POINT('',#6353);
#1083=VERTEX_POINT('',#6501);
#1084=VERTEX_POINT('',#6512);
#1085=VERTEX_POINT('',#6523);
#1086=VERTEX_POINT('',#6624);
#1087=VERTEX_POINT('',#6766);
#1088=VERTEX_POINT('',#6777);
#1089=VERTEX_POINT('',#6788);
#1090=VERTEX_POINT('',#6892);
#1091=VERTEX_POINT('',#6998);
#1092=VERTEX_POINT('',#7051);
#1093=VERTEX_POINT('',#7062);
#1094=VERTEX_POINT('',#7073);
#1095=VERTEX_POINT('',#7174);
#1096=VERTEX_POINT('',#7304);
#1097=VERTEX_POINT('',#7343);
#1098=VERTEX_POINT('',#7370);
#1099=VERTEX_POINT('',#7381);
#1100=VERTEX_POINT('',#7405);
#1101=VERTEX_POINT('',#7449);
#1102=VERTEX_POINT('',#7453);
#1103=VERTEX_POINT('',#7457);
#1104=VERTEX_POINT('',#7461);
#1105=VERTEX_POINT('',#7465);
#1106=VERTEX_POINT('',#7469);
#1107=VERTEX_POINT('',#7473);
#1108=VERTEX_POINT('',#7477);
#1109=VERTEX_POINT('',#7481);
#1110=VERTEX_POINT('',#7485);
#1111=VERTEX_POINT('',#7495);
#1112=VERTEX_POINT('',#7747);
#1113=VERTEX_POINT('',#7748);
#1114=VERTEX_POINT('',#7755);
#1115=VERTEX_POINT('',#7768);
#1116=VERTEX_POINT('',#7784);
#1117=VERTEX_POINT('',#7932);
#1118=VERTEX_POINT('',#7959);
#1119=VERTEX_POINT('',#7964);
#1120=VERTEX_POINT('',#7993);
#1121=EDGE_CURVE('',#860,#861,#536,.T.);
#1122=EDGE_CURVE('',#860,#862,#537,.T.);
#1123=EDGE_CURVE('',#863,#862,#538,.F.);
#1124=EDGE_CURVE('',#861,#863,#539,.F.);
#1125=EDGE_CURVE('',#861,#864,#540,.T.);
#1126=EDGE_CURVE('',#865,#863,#541,.F.);
#1127=EDGE_CURVE('',#866,#865,#542,.T.);
#1128=EDGE_CURVE('',#867,#866,#543,.T.);
#1129=EDGE_CURVE('',#864,#867,#544,.T.);
#1130=EDGE_CURVE('',#864,#868,#545,.T.);
#1131=EDGE_CURVE('',#869,#867,#546,.T.);
#1132=EDGE_CURVE('',#868,#869,#547,.T.);
#1133=EDGE_CURVE('',#868,#860,#548,.T.);
#1134=EDGE_CURVE('',#870,#869,#549,.T.);
#1135=EDGE_CURVE('',#871,#870,#550,.T.);
#1136=EDGE_CURVE('',#862,#871,#551,.F.);
#1137=EDGE_CURVE('',#872,#871,#552,.T.);
#1138=EDGE_CURVE('',#872,#873,#276,.T.);
#1139=EDGE_CURVE('',#865,#873,#553,.T.);
#1140=EDGE_CURVE('',#870,#874,#554,.T.);
#1141=EDGE_CURVE('',#874,#875,#555,.T.);
#1142=EDGE_CURVE('',#875,#876,#556,.T.);
#1143=EDGE_CURVE('',#876,#877,#90,.T.);
#1144=EDGE_CURVE('',#877,#878,#91,.T.);
#1145=EDGE_CURVE('',#878,#879,#92,.T.);
#1146=EDGE_CURVE('',#879,#880,#557,.T.);
#1147=EDGE_CURVE('',#880,#881,#93,.T.);
#1148=EDGE_CURVE('',#881,#882,#558,.T.);
#1149=EDGE_CURVE('',#882,#883,#94,.T.);
#1150=EDGE_CURVE('',#883,#884,#559,.T.);
#1151=EDGE_CURVE('',#884,#885,#95,.T.);
#1152=EDGE_CURVE('',#885,#886,#560,.T.);
#1153=EDGE_CURVE('',#886,#887,#96,.T.);
#1154=EDGE_CURVE('',#887,#888,#561,.T.);
#1155=EDGE_CURVE('',#888,#889,#97,.T.);
#1156=EDGE_CURVE('',#889,#890,#562,.T.);
#1157=EDGE_CURVE('',#890,#891,#98,.T.);
#1158=EDGE_CURVE('',#891,#892,#563,.T.);
#1159=EDGE_CURVE('',#892,#893,#99,.T.);
#1160=EDGE_CURVE('',#893,#894,#564,.T.);
#1161=EDGE_CURVE('',#894,#895,#100,.T.);
#1162=EDGE_CURVE('',#895,#896,#565,.T.);
#1163=EDGE_CURVE('',#896,#897,#101,.T.);
#1164=EDGE_CURVE('',#897,#898,#102,.T.);
#1165=EDGE_CURVE('',#898,#899,#566,.T.);
#1166=EDGE_CURVE('',#899,#900,#103,.T.);
#1167=EDGE_CURVE('',#900,#901,#567,.T.);
#1168=EDGE_CURVE('',#901,#902,#104,.T.);
#1169=EDGE_CURVE('',#902,#903,#568,.T.);
#1170=EDGE_CURVE('',#903,#904,#569,.T.);
#1171=EDGE_CURVE('',#904,#872,#570,.T.);
#1172=EDGE_CURVE('',#905,#906,#571,.T.);
#1173=EDGE_CURVE('',#907,#905,#572,.T.);
#1174=EDGE_CURVE('',#908,#907,#573,.T.);
#1175=EDGE_CURVE('',#908,#906,#574,.T.);
#1176=EDGE_CURVE('',#909,#910,#575,.T.);
#1177=EDGE_CURVE('',#910,#911,#576,.T.);
#1178=EDGE_CURVE('',#911,#912,#577,.T.);
#1179=EDGE_CURVE('',#912,#913,#105,.T.);
#1180=EDGE_CURVE('',#913,#914,#578,.F.);
#1181=EDGE_CURVE('',#914,#915,#579,.T.);
#1182=EDGE_CURVE('',#915,#909,#580,.T.);
#1183=EDGE_CURVE('',#916,#907,#581,.T.);
#1184=EDGE_CURVE('',#917,#916,#582,.T.);
#1185=EDGE_CURVE('',#917,#908,#583,.T.);
#1186=EDGE_CURVE('',#909,#917,#584,.T.);
#1187=EDGE_CURVE('',#918,#915,#585,.T.);
#1188=EDGE_CURVE('',#918,#919,#586,.T.);
#1189=EDGE_CURVE('',#919,#920,#587,.T.);
#1190=EDGE_CURVE('',#906,#920,#588,.T.);
#1191=EDGE_CURVE('',#910,#916,#589,.T.);
#1192=EDGE_CURVE('',#920,#921,#590,.T.);
#1193=EDGE_CURVE('',#921,#922,#591,.T.);
#1194=EDGE_CURVE('',#922,#923,#592,.T.);
#1195=EDGE_CURVE('',#923,#924,#593,.T.);
#1196=EDGE_CURVE('',#924,#925,#594,.T.);
#1197=EDGE_CURVE('',#925,#905,#595,.T.);
#1198=EDGE_CURVE('',#923,#926,#596,.T.);
#1199=EDGE_CURVE('',#927,#922,#597,.T.);
#1200=EDGE_CURVE('',#927,#926,#598,.T.);
#1201=EDGE_CURVE('',#926,#928,#599,.T.);
#1202=EDGE_CURVE('',#929,#927,#600,.T.);
#1203=EDGE_CURVE('',#929,#928,#601,.T.);
#1204=EDGE_CURVE('',#928,#930,#602,.T.);
#1205=EDGE_CURVE('',#931,#929,#603,.T.);
#1206=EDGE_CURVE('',#930,#931,#604,.T.);
#1207=EDGE_CURVE('',#931,#932,#605,.T.);
#1208=EDGE_CURVE('',#932,#933,#606,.T.);
#1209=EDGE_CURVE('',#933,#934,#607,.T.);
#1210=EDGE_CURVE('',#934,#935,#106,.T.);
#1211=EDGE_CURVE('',#935,#936,#608,.T.);
#1212=EDGE_CURVE('',#936,#930,#609,.T.);
#1213=EDGE_CURVE('',#875,#936,#610,.T.);
#1214=EDGE_CURVE('',#874,#924,#611,.T.);
#1215=EDGE_CURVE('',#937,#938,#612,.T.);
#1216=EDGE_CURVE('',#939,#937,#107,.T.);
#1217=EDGE_CURVE('',#940,#939,#108,.T.);
#1218=EDGE_CURVE('',#941,#940,#109,.T.);
#1219=EDGE_CURVE('',#942,#941,#613,.T.);
#1220=EDGE_CURVE('',#943,#942,#614,.T.);
#1221=EDGE_CURVE('',#944,#943,#615,.T.);
#1222=EDGE_CURVE('',#919,#944,#616,.T.);
#1223=EDGE_CURVE('',#938,#918,#617,.T.);
#1224=EDGE_CURVE('',#944,#921,#618,.T.);
#1225=EDGE_CURVE('',#943,#932,#619,.T.);
#1226=EDGE_CURVE('',#942,#933,#620,.T.);
#1227=EDGE_CURVE('',#945,#941,#110,.T.);
#1228=EDGE_CURVE('',#945,#946,#111,.F.);
#1229=EDGE_CURVE('',#946,#947,#112,.F.);
#1230=EDGE_CURVE('',#947,#934,#113,.F.);
#1231=EDGE_CURVE('',#940,#948,#114,.T.);
#1232=EDGE_CURVE('',#949,#948,#115,.T.);
#1233=EDGE_CURVE('',#945,#949,#116,.F.);
#1234=EDGE_CURVE('',#950,#948,#117,.F.);
#1235=EDGE_CURVE('',#950,#951,#118,.T.);
#1236=EDGE_CURVE('',#951,#949,#23,.T.);
#1237=EDGE_CURVE('',#950,#939,#119,.T.);
#1238=EDGE_CURVE('',#937,#952,#120,.T.);
#1239=EDGE_CURVE('',#952,#951,#121,.T.);
#1240=EDGE_CURVE('',#953,#951,#24,.T.);
#1241=EDGE_CURVE('',#954,#953,#122,.T.);
#1242=EDGE_CURVE('',#955,#954,#123,.T.);
#1243=EDGE_CURVE('',#956,#955,#124,.T.);
#1244=EDGE_CURVE('',#957,#956,#125,.T.);
#1245=EDGE_CURVE('',#958,#957,#126,.T.);
#1246=EDGE_CURVE('',#959,#958,#127,.T.);
#1247=EDGE_CURVE('',#960,#959,#128,.T.);
#1248=EDGE_CURVE('',#961,#960,#129,.T.);
#1249=EDGE_CURVE('',#962,#961,#130,.T.);
#1250=EDGE_CURVE('',#963,#962,#131,.T.);
#1251=EDGE_CURVE('',#964,#963,#132,.T.);
#1252=EDGE_CURVE('',#965,#964,#133,.T.);
#1253=EDGE_CURVE('',#966,#965,#134,.T.);
#1254=EDGE_CURVE('',#967,#966,#135,.T.);
#1255=EDGE_CURVE('',#968,#967,#136,.T.);
#1256=EDGE_CURVE('',#969,#968,#137,.T.);
#1257=EDGE_CURVE('',#970,#969,#138,.T.);
#1258=EDGE_CURVE('',#971,#970,#139,.T.);
#1259=EDGE_CURVE('',#972,#971,#140,.T.);
#1260=EDGE_CURVE('',#973,#972,#141,.T.);
#1261=EDGE_CURVE('',#974,#973,#142,.T.);
#1262=EDGE_CURVE('',#974,#902,#277,.T.);
#1263=EDGE_CURVE('',#975,#901,#143,.T.);
#1264=EDGE_CURVE('',#976,#975,#144,.T.);
#1265=EDGE_CURVE('',#895,#976,#145,.T.);
#1266=EDGE_CURVE('',#977,#894,#146,.T.);
#1267=EDGE_CURVE('',#978,#977,#147,.T.);
#1268=EDGE_CURVE('',#891,#978,#148,.T.);
#1269=EDGE_CURVE('',#979,#890,#149,.T.);
#1270=EDGE_CURVE('',#980,#979,#150,.T.);
#1271=EDGE_CURVE('',#887,#980,#151,.T.);
#1272=EDGE_CURVE('',#981,#886,#152,.T.);
#1273=EDGE_CURVE('',#982,#981,#153,.T.);
#1274=EDGE_CURVE('',#883,#982,#154,.T.);
#1275=EDGE_CURVE('',#983,#882,#155,.T.);
#1276=EDGE_CURVE('',#984,#983,#156,.T.);
#1277=EDGE_CURVE('',#879,#984,#157,.T.);
#1278=EDGE_CURVE('',#949,#878,#25,.T.);
#1279=EDGE_CURVE('',#914,#938,#621,.F.);
#1280=EDGE_CURVE('',#985,#913,#158,.F.);
#1281=EDGE_CURVE('',#985,#986,#159,.T.);
#1282=EDGE_CURVE('',#986,#952,#160,.T.);
#1283=EDGE_CURVE('',#876,#935,#622,.T.);
#1284=EDGE_CURVE('',#947,#876,#161,.T.);
#1285=EDGE_CURVE('',#987,#985,#162,.T.);
#1286=EDGE_CURVE('',#987,#912,#623,.T.);
#1287=EDGE_CURVE('',#987,#988,#624,.T.);
#1288=EDGE_CURVE('',#988,#911,#625,.T.);
#1289=EDGE_CURVE('',#989,#925,#626,.T.);
#1290=EDGE_CURVE('',#988,#989,#627,.T.);
#1291=EDGE_CURVE('',#989,#866,#628,.T.);
#1292=EDGE_CURVE('',#873,#990,#629,.T.);
#1293=EDGE_CURVE('',#990,#991,#630,.T.);
#1294=EDGE_CURVE('',#991,#992,#631,.T.);
#1295=EDGE_CURVE('',#992,#993,#163,.T.);
#1296=EDGE_CURVE('',#993,#994,#632,.T.);
#1297=EDGE_CURVE('',#994,#995,#164,.T.);
#1298=EDGE_CURVE('',#995,#996,#633,.T.);
#1299=EDGE_CURVE('',#996,#997,#165,.T.);
#1300=EDGE_CURVE('',#997,#998,#166,.T.);
#1301=EDGE_CURVE('',#998,#999,#634,.T.);
#1302=EDGE_CURVE('',#999,#1000,#167,.T.);
#1303=EDGE_CURVE('',#1000,#1001,#635,.T.);
#1304=EDGE_CURVE('',#1001,#1002,#168,.T.);
#1305=EDGE_CURVE('',#1002,#1003,#636,.T.);
#1306=EDGE_CURVE('',#1003,#1004,#169,.T.);
#1307=EDGE_CURVE('',#1004,#1005,#637,.T.);
#1308=EDGE_CURVE('',#1005,#1006,#170,.T.);
#1309=EDGE_CURVE('',#1006,#1007,#638,.T.);
#1310=EDGE_CURVE('',#1007,#1008,#171,.T.);
#1311=EDGE_CURVE('',#1008,#1009,#639,.T.);
#1312=EDGE_CURVE('',#1009,#1010,#172,.T.);
#1313=EDGE_CURVE('',#1010,#1011,#640,.T.);
#1314=EDGE_CURVE('',#1011,#1012,#173,.T.);
#1315=EDGE_CURVE('',#1012,#1013,#641,.T.);
#1316=EDGE_CURVE('',#1013,#1014,#174,.T.);
#1317=EDGE_CURVE('',#1014,#1015,#642,.T.);
#1318=EDGE_CURVE('',#1015,#1016,#175,.T.);
#1319=EDGE_CURVE('',#1016,#1017,#176,.T.);
#1320=EDGE_CURVE('',#1017,#987,#177,.T.);
#1321=EDGE_CURVE('',#1018,#1019,#643,.T.);
#1322=EDGE_CURVE('',#1020,#1018,#178,.T.);
#1323=EDGE_CURVE('',#1020,#1019,#26,.T.);
#1324=EDGE_CURVE('',#1019,#1021,#278,.T.);
#1325=EDGE_CURVE('',#1022,#1020,#179,.T.);
#1326=EDGE_CURVE('',#1022,#1021,#27,.T.);
#1327=EDGE_CURVE('',#998,#1023,#180,.T.);
#1328=EDGE_CURVE('',#1024,#997,#28,.T.);
#1329=EDGE_CURVE('',#1025,#1024,#29,.T.);
#1330=EDGE_CURVE('',#1026,#1025,#181,.T.);
#1331=EDGE_CURVE('',#1026,#1022,#182,.T.);
#1332=EDGE_CURVE('',#1027,#1018,#183,.T.);
#1333=EDGE_CURVE('',#1023,#1027,#184,.T.);
#1334=EDGE_CURVE('',#1028,#1013,#185,.T.);
#1335=EDGE_CURVE('',#1029,#1028,#186,.T.);
#1336=EDGE_CURVE('',#1030,#1029,#187,.T.);
#1337=EDGE_CURVE('',#1031,#1030,#188,.T.);
#1338=EDGE_CURVE('',#1014,#1031,#189,.T.);
#1339=EDGE_CURVE('',#1032,#1009,#190,.T.);
#1340=EDGE_CURVE('',#1033,#1032,#191,.T.);
#1341=EDGE_CURVE('',#1034,#1033,#192,.T.);
#1342=EDGE_CURVE('',#1035,#1034,#193,.T.);
#1343=EDGE_CURVE('',#1010,#1035,#194,.T.);
#1344=EDGE_CURVE('',#1036,#1005,#195,.T.);
#1345=EDGE_CURVE('',#1037,#1036,#196,.T.);
#1346=EDGE_CURVE('',#1038,#1037,#197,.T.);
#1347=EDGE_CURVE('',#1039,#1038,#198,.T.);
#1348=EDGE_CURVE('',#1006,#1039,#199,.T.);
#1349=EDGE_CURVE('',#1040,#1001,#200,.T.);
#1350=EDGE_CURVE('',#1041,#1040,#201,.T.);
#1351=EDGE_CURVE('',#1042,#1041,#202,.T.);
#1352=EDGE_CURVE('',#1043,#1042,#203,.T.);
#1353=EDGE_CURVE('',#1002,#1043,#204,.T.);
#1354=EDGE_CURVE('',#1025,#1044,#205,.T.);
#1355=EDGE_CURVE('',#1024,#1045,#206,.T.);
#1356=EDGE_CURVE('',#1044,#1045,#30,.T.);
#1357=EDGE_CURVE('',#1046,#994,#207,.T.);
#1358=EDGE_CURVE('',#1047,#1046,#208,.T.);
#1359=EDGE_CURVE('',#1048,#1047,#209,.T.);
#1360=EDGE_CURVE('',#1049,#1048,#210,.T.);
#1361=EDGE_CURVE('',#1050,#1049,#211,.T.);
#1362=EDGE_CURVE('',#995,#1050,#212,.T.);
#1363=EDGE_CURVE('',#1021,#1051,#213,.T.);
#1364=EDGE_CURVE('',#1051,#1026,#214,.T.);
#1365=EDGE_CURVE('',#1052,#1046,#215,.T.);
#1366=EDGE_CURVE('',#1053,#1052,#31,.T.);
#1367=EDGE_CURVE('',#1054,#1053,#216,.T.);
#1368=EDGE_CURVE('',#1054,#1047,#32,.T.);
#1369=EDGE_CURVE('',#1049,#1054,#33,.T.);
#1370=EDGE_CURVE('',#1050,#1053,#34,.T.);
#1371=EDGE_CURVE('',#1044,#1052,#644,.T.);
#1372=EDGE_CURVE('',#1045,#996,#35,.T.);
#1373=EDGE_CURVE('',#993,#973,#217,.T.);
#1374=EDGE_CURVE('',#1055,#972,#645,.T.);
#1375=EDGE_CURVE('',#1051,#1055,#646,.T.);
#1376=EDGE_CURVE('',#1000,#969,#218,.T.);
#1377=EDGE_CURVE('',#1056,#968,#647,.T.);
#1378=EDGE_CURVE('',#1041,#1056,#648,.T.);
#1379=EDGE_CURVE('',#1004,#965,#219,.T.);
#1380=EDGE_CURVE('',#1057,#964,#649,.T.);
#1381=EDGE_CURVE('',#1037,#1057,#650,.T.);
#1382=EDGE_CURVE('',#1008,#961,#220,.T.);
#1383=EDGE_CURVE('',#1058,#960,#651,.T.);
#1384=EDGE_CURVE('',#1033,#1058,#652,.T.);
#1385=EDGE_CURVE('',#1012,#957,#221,.T.);
#1386=EDGE_CURVE('',#1059,#956,#653,.T.);
#1387=EDGE_CURVE('',#1029,#1059,#654,.T.);
#1388=EDGE_CURVE('',#1055,#1060,#655,.T.);
#1389=EDGE_CURVE('',#1060,#1027,#656,.T.);
#1390=EDGE_CURVE('',#1059,#1061,#657,.T.);
#1391=EDGE_CURVE('',#1061,#1030,#658,.T.);
#1392=EDGE_CURVE('',#1058,#1062,#659,.T.);
#1393=EDGE_CURVE('',#1062,#1034,#660,.T.);
#1394=EDGE_CURVE('',#1057,#1063,#661,.T.);
#1395=EDGE_CURVE('',#1063,#1038,#662,.T.);
#1396=EDGE_CURVE('',#1064,#1065,#663,.T.);
#1397=EDGE_CURVE('',#1066,#1064,#36,.T.);
#1398=EDGE_CURVE('',#1066,#1065,#222,.T.);
#1399=EDGE_CURVE('',#1067,#897,#37,.T.);
#1400=EDGE_CURVE('',#1067,#1068,#223,.T.);
#1401=EDGE_CURVE('',#1068,#898,#38,.T.);
#1402=EDGE_CURVE('',#899,#1069,#224,.T.);
#1403=EDGE_CURVE('',#1069,#1070,#225,.T.);
#1404=EDGE_CURVE('',#1070,#1071,#226,.T.);
#1405=EDGE_CURVE('',#1071,#1072,#227,.T.);
#1406=EDGE_CURVE('',#1072,#1073,#228,.T.);
#1407=EDGE_CURVE('',#900,#1073,#229,.T.);
#1408=EDGE_CURVE('',#1074,#896,#230,.T.);
#1409=EDGE_CURVE('',#1075,#1074,#231,.T.);
#1410=EDGE_CURVE('',#1065,#1075,#232,.T.);
#1411=EDGE_CURVE('',#1076,#1066,#233,.T.);
#1412=EDGE_CURVE('',#1077,#1076,#234,.T.);
#1413=EDGE_CURVE('',#1078,#1077,#235,.T.);
#1414=EDGE_CURVE('',#1078,#1067,#39,.T.);
#1415=EDGE_CURVE('',#1079,#880,#236,.T.);
#1416=EDGE_CURVE('',#1080,#1079,#237,.T.);
#1417=EDGE_CURVE('',#1081,#1080,#238,.T.);
#1418=EDGE_CURVE('',#1082,#1081,#239,.T.);
#1419=EDGE_CURVE('',#881,#1082,#240,.T.);
#1420=EDGE_CURVE('',#889,#1083,#241,.T.);
#1421=EDGE_CURVE('',#1084,#888,#242,.T.);
#1422=EDGE_CURVE('',#1085,#1084,#243,.T.);
#1423=EDGE_CURVE('',#1086,#1085,#244,.T.);
#1424=EDGE_CURVE('',#1083,#1086,#245,.T.);
#1425=EDGE_CURVE('',#893,#1087,#246,.T.);
#1426=EDGE_CURVE('',#1088,#892,#247,.T.);
#1427=EDGE_CURVE('',#1089,#1088,#248,.T.);
#1428=EDGE_CURVE('',#1090,#1089,#249,.T.);
#1429=EDGE_CURVE('',#1087,#1090,#250,.T.);
#1430=EDGE_CURVE('',#1091,#1064,#279,.T.);
#1431=EDGE_CURVE('',#1076,#1091,#40,.T.);
#1432=EDGE_CURVE('',#885,#1092,#251,.T.);
#1433=EDGE_CURVE('',#1093,#884,#252,.T.);
#1434=EDGE_CURVE('',#1094,#1093,#253,.T.);
#1435=EDGE_CURVE('',#1095,#1094,#254,.T.);
#1436=EDGE_CURVE('',#1092,#1095,#255,.T.);
#1437=EDGE_CURVE('',#1096,#1091,#256,.T.);
#1438=EDGE_CURVE('',#1077,#1096,#257,.T.);
#1439=EDGE_CURVE('',#1070,#1097,#41,.T.);
#1440=EDGE_CURVE('',#1097,#1072,#42,.T.);
#1441=EDGE_CURVE('',#1073,#1098,#258,.T.);
#1442=EDGE_CURVE('',#1097,#1099,#259,.T.);
#1443=EDGE_CURVE('',#1099,#1098,#43,.T.);
#1444=EDGE_CURVE('',#1069,#1099,#44,.T.);
#1445=EDGE_CURVE('',#1098,#1100,#664,.T.);
#1446=EDGE_CURVE('',#1100,#1068,#45,.T.);
#1447=EDGE_CURVE('',#1100,#1078,#260,.T.);
#1448=EDGE_CURVE('',#1101,#976,#665,.T.);
#1449=EDGE_CURVE('',#1075,#1101,#666,.T.);
#1450=EDGE_CURVE('',#1102,#1095,#667,.T.);
#1451=EDGE_CURVE('',#1102,#981,#668,.T.);
#1452=EDGE_CURVE('',#1103,#1090,#669,.T.);
#1453=EDGE_CURVE('',#1103,#977,#670,.T.);
#1454=EDGE_CURVE('',#1104,#1086,#671,.T.);
#1455=EDGE_CURVE('',#1104,#979,#672,.T.);
#1456=EDGE_CURVE('',#1105,#984,#673,.T.);
#1457=EDGE_CURVE('',#1080,#1105,#674,.T.);
#1458=EDGE_CURVE('',#1101,#1106,#675,.T.);
#1459=EDGE_CURVE('',#1106,#1096,#676,.T.);
#1460=EDGE_CURVE('',#1105,#1107,#677,.T.);
#1461=EDGE_CURVE('',#1107,#1081,#678,.T.);
#1462=EDGE_CURVE('',#1085,#1108,#679,.T.);
#1463=EDGE_CURVE('',#1108,#1104,#680,.T.);
#1464=EDGE_CURVE('',#1089,#1109,#681,.T.);
#1465=EDGE_CURVE('',#1109,#1103,#682,.T.);
#1466=EDGE_CURVE('',#1094,#1110,#683,.T.);
#1467=EDGE_CURVE('',#1110,#1102,#684,.T.);
#1468=EDGE_CURVE('',#1060,#971,#685,.T.);
#1469=EDGE_CURVE('',#970,#999,#261,.T.);
#1470=EDGE_CURVE('',#1056,#1111,#686,.T.);
#1471=EDGE_CURVE('',#1111,#967,#687,.T.);
#1472=EDGE_CURVE('',#1111,#1042,#688,.T.);
#1473=EDGE_CURVE('',#966,#1003,#262,.T.);
#1474=EDGE_CURVE('',#1063,#963,#689,.T.);
#1475=EDGE_CURVE('',#962,#1007,#263,.T.);
#1476=EDGE_CURVE('',#1062,#959,#690,.T.);
#1477=EDGE_CURVE('',#958,#1011,#264,.T.);
#1478=EDGE_CURVE('',#1061,#955,#691,.T.);
#1479=EDGE_CURVE('',#954,#1015,#265,.T.);
#1480=EDGE_CURVE('',#1017,#986,#280,.T.);
#1481=EDGE_CURVE('',#1016,#953,#46,.T.);
#1482=EDGE_CURVE('',#946,#877,#281,.T.);
#1483=EDGE_CURVE('',#992,#974,#282,.T.);
#1484=EDGE_CURVE('',#1107,#983,#692,.T.);
#1485=EDGE_CURVE('',#1112,#1113,#266,.T.);
#1486=EDGE_CURVE('',#1114,#1113,#267,.T.);
#1487=EDGE_CURVE('',#1115,#1114,#693,.T.);
#1488=EDGE_CURVE('',#1115,#1112,#15,.T.);
#1489=EDGE_CURVE('',#1113,#1116,#283,.T.);
#1490=EDGE_CURVE('',#1116,#1114,#268,.T.);
#1491=EDGE_CURVE('',#1116,#1117,#269,.T.);
#1492=EDGE_CURVE('',#1117,#1115,#270,.T.);
#1493=EDGE_CURVE('',#1118,#1112,#271,.T.);
#1494=EDGE_CURVE('',#1115,#1119,#272,.T.);
#1495=EDGE_CURVE('',#1118,#1119,#273,.T.);
#1496=EDGE_CURVE('',#1117,#1120,#274,.T.);
#1497=EDGE_CURVE('',#1119,#1120,#275,.T.);
#1498=EDGE_CURVE('',#904,#1118,#284,.T.);
#1499=EDGE_CURVE('',#1120,#990,#285,.T.);
#1500=EDGE_CURVE('',#991,#903,#286,.T.);
#1501=EDGE_CURVE('',#1106,#975,#694,.T.);
#1502=EDGE_CURVE('',#1110,#982,#695,.T.);
#1503=EDGE_CURVE('',#1109,#978,#696,.T.);
#1504=EDGE_CURVE('',#1108,#980,#697,.T.);
#1505=ORIENTED_EDGE('',*,*,#1121,.F.);
#1506=ORIENTED_EDGE('',*,*,#1122,.T.);
#1507=ORIENTED_EDGE('',*,*,#1123,.F.);
#1508=ORIENTED_EDGE('',*,*,#1124,.F.);
#1509=ORIENTED_EDGE('',*,*,#1125,.F.);
#1510=ORIENTED_EDGE('',*,*,#1124,.T.);
#1511=ORIENTED_EDGE('',*,*,#1126,.F.);
#1512=ORIENTED_EDGE('',*,*,#1127,.F.);
#1513=ORIENTED_EDGE('',*,*,#1128,.F.);
#1514=ORIENTED_EDGE('',*,*,#1129,.F.);
#1515=ORIENTED_EDGE('',*,*,#1130,.F.);
#1516=ORIENTED_EDGE('',*,*,#1129,.T.);
#1517=ORIENTED_EDGE('',*,*,#1131,.F.);
#1518=ORIENTED_EDGE('',*,*,#1132,.F.);
#1519=ORIENTED_EDGE('',*,*,#1133,.F.);
#1520=ORIENTED_EDGE('',*,*,#1132,.T.);
#1521=ORIENTED_EDGE('',*,*,#1134,.F.);
#1522=ORIENTED_EDGE('',*,*,#1135,.F.);
#1523=ORIENTED_EDGE('',*,*,#1136,.F.);
#1524=ORIENTED_EDGE('',*,*,#1122,.F.);
#1525=ORIENTED_EDGE('',*,*,#1126,.T.);
#1526=ORIENTED_EDGE('',*,*,#1123,.T.);
#1527=ORIENTED_EDGE('',*,*,#1136,.T.);
#1528=ORIENTED_EDGE('',*,*,#1137,.F.);
#1529=ORIENTED_EDGE('',*,*,#1138,.T.);
#1530=ORIENTED_EDGE('',*,*,#1139,.F.);
#1531=ORIENTED_EDGE('',*,*,#1135,.T.);
#1532=ORIENTED_EDGE('',*,*,#1140,.T.);
#1533=ORIENTED_EDGE('',*,*,#1141,.T.);
#1534=ORIENTED_EDGE('',*,*,#1142,.T.);
#1535=ORIENTED_EDGE('',*,*,#1143,.T.);
#1536=ORIENTED_EDGE('',*,*,#1144,.T.);
#1537=ORIENTED_EDGE('',*,*,#1145,.T.);
#1538=ORIENTED_EDGE('',*,*,#1146,.T.);
#1539=ORIENTED_EDGE('',*,*,#1147,.T.);
#1540=ORIENTED_EDGE('',*,*,#1148,.T.);
#1541=ORIENTED_EDGE('',*,*,#1149,.T.);
#1542=ORIENTED_EDGE('',*,*,#1150,.T.);
#1543=ORIENTED_EDGE('',*,*,#1151,.T.);
#1544=ORIENTED_EDGE('',*,*,#1152,.T.);
#1545=ORIENTED_EDGE('',*,*,#1153,.T.);
#1546=ORIENTED_EDGE('',*,*,#1154,.T.);
#1547=ORIENTED_EDGE('',*,*,#1155,.T.);
#1548=ORIENTED_EDGE('',*,*,#1156,.T.);
#1549=ORIENTED_EDGE('',*,*,#1157,.T.);
#1550=ORIENTED_EDGE('',*,*,#1158,.T.);
#1551=ORIENTED_EDGE('',*,*,#1159,.T.);
#1552=ORIENTED_EDGE('',*,*,#1160,.T.);
#1553=ORIENTED_EDGE('',*,*,#1161,.T.);
#1554=ORIENTED_EDGE('',*,*,#1162,.T.);
#1555=ORIENTED_EDGE('',*,*,#1163,.T.);
#1556=ORIENTED_EDGE('',*,*,#1164,.T.);
#1557=ORIENTED_EDGE('',*,*,#1165,.T.);
#1558=ORIENTED_EDGE('',*,*,#1166,.T.);
#1559=ORIENTED_EDGE('',*,*,#1167,.T.);
#1560=ORIENTED_EDGE('',*,*,#1168,.T.);
#1561=ORIENTED_EDGE('',*,*,#1169,.T.);
#1562=ORIENTED_EDGE('',*,*,#1170,.T.);
#1563=ORIENTED_EDGE('',*,*,#1171,.T.);
#1564=ORIENTED_EDGE('',*,*,#1137,.T.);
#1565=ORIENTED_EDGE('',*,*,#1172,.F.);
#1566=ORIENTED_EDGE('',*,*,#1173,.F.);
#1567=ORIENTED_EDGE('',*,*,#1174,.F.);
#1568=ORIENTED_EDGE('',*,*,#1175,.T.);
#1569=ORIENTED_EDGE('',*,*,#1176,.T.);
#1570=ORIENTED_EDGE('',*,*,#1177,.T.);
#1571=ORIENTED_EDGE('',*,*,#1178,.T.);
#1572=ORIENTED_EDGE('',*,*,#1179,.T.);
#1573=ORIENTED_EDGE('',*,*,#1180,.T.);
#1574=ORIENTED_EDGE('',*,*,#1181,.T.);
#1575=ORIENTED_EDGE('',*,*,#1182,.T.);
#1576=ORIENTED_EDGE('',*,*,#1174,.T.);
#1577=ORIENTED_EDGE('',*,*,#1183,.F.);
#1578=ORIENTED_EDGE('',*,*,#1184,.F.);
#1579=ORIENTED_EDGE('',*,*,#1185,.T.);
#1580=ORIENTED_EDGE('',*,*,#1175,.F.);
#1581=ORIENTED_EDGE('',*,*,#1185,.F.);
#1582=ORIENTED_EDGE('',*,*,#1186,.F.);
#1583=ORIENTED_EDGE('',*,*,#1182,.F.);
#1584=ORIENTED_EDGE('',*,*,#1187,.F.);
#1585=ORIENTED_EDGE('',*,*,#1188,.T.);
#1586=ORIENTED_EDGE('',*,*,#1189,.T.);
#1587=ORIENTED_EDGE('',*,*,#1190,.F.);
#1588=ORIENTED_EDGE('',*,*,#1176,.F.);
#1589=ORIENTED_EDGE('',*,*,#1186,.T.);
#1590=ORIENTED_EDGE('',*,*,#1184,.T.);
#1591=ORIENTED_EDGE('',*,*,#1191,.F.);
#1592=ORIENTED_EDGE('',*,*,#1172,.T.);
#1593=ORIENTED_EDGE('',*,*,#1190,.T.);
#1594=ORIENTED_EDGE('',*,*,#1192,.T.);
#1595=ORIENTED_EDGE('',*,*,#1193,.T.);
#1596=ORIENTED_EDGE('',*,*,#1194,.T.);
#1597=ORIENTED_EDGE('',*,*,#1195,.T.);
#1598=ORIENTED_EDGE('',*,*,#1196,.T.);
#1599=ORIENTED_EDGE('',*,*,#1197,.T.);
#1600=ORIENTED_EDGE('',*,*,#1198,.F.);
#1601=ORIENTED_EDGE('',*,*,#1194,.F.);
#1602=ORIENTED_EDGE('',*,*,#1199,.F.);
#1603=ORIENTED_EDGE('',*,*,#1200,.T.);
#1604=ORIENTED_EDGE('',*,*,#1201,.F.);
#1605=ORIENTED_EDGE('',*,*,#1200,.F.);
#1606=ORIENTED_EDGE('',*,*,#1202,.F.);
#1607=ORIENTED_EDGE('',*,*,#1203,.T.);
#1608=ORIENTED_EDGE('',*,*,#1204,.F.);
#1609=ORIENTED_EDGE('',*,*,#1203,.F.);
#1610=ORIENTED_EDGE('',*,*,#1205,.F.);
#1611=ORIENTED_EDGE('',*,*,#1206,.F.);
#1612=ORIENTED_EDGE('',*,*,#1206,.T.);
#1613=ORIENTED_EDGE('',*,*,#1207,.T.);
#1614=ORIENTED_EDGE('',*,*,#1208,.T.);
#1615=ORIENTED_EDGE('',*,*,#1209,.T.);
#1616=ORIENTED_EDGE('',*,*,#1210,.T.);
#1617=ORIENTED_EDGE('',*,*,#1211,.T.);
#1618=ORIENTED_EDGE('',*,*,#1212,.T.);
#1619=ORIENTED_EDGE('',*,*,#1198,.T.);
#1620=ORIENTED_EDGE('',*,*,#1201,.T.);
#1621=ORIENTED_EDGE('',*,*,#1204,.T.);
#1622=ORIENTED_EDGE('',*,*,#1212,.F.);
#1623=ORIENTED_EDGE('',*,*,#1213,.F.);
#1624=ORIENTED_EDGE('',*,*,#1141,.F.);
#1625=ORIENTED_EDGE('',*,*,#1214,.T.);
#1626=ORIENTED_EDGE('',*,*,#1195,.F.);
#1627=ORIENTED_EDGE('',*,*,#1215,.F.);
#1628=ORIENTED_EDGE('',*,*,#1216,.F.);
#1629=ORIENTED_EDGE('',*,*,#1217,.F.);
#1630=ORIENTED_EDGE('',*,*,#1218,.F.);
#1631=ORIENTED_EDGE('',*,*,#1219,.F.);
#1632=ORIENTED_EDGE('',*,*,#1220,.F.);
#1633=ORIENTED_EDGE('',*,*,#1221,.F.);
#1634=ORIENTED_EDGE('',*,*,#1222,.F.);
#1635=ORIENTED_EDGE('',*,*,#1188,.F.);
#1636=ORIENTED_EDGE('',*,*,#1223,.F.);
#1637=ORIENTED_EDGE('',*,*,#1222,.T.);
#1638=ORIENTED_EDGE('',*,*,#1224,.T.);
#1639=ORIENTED_EDGE('',*,*,#1192,.F.);
#1640=ORIENTED_EDGE('',*,*,#1189,.F.);
#1641=ORIENTED_EDGE('',*,*,#1130,.T.);
#1642=ORIENTED_EDGE('',*,*,#1133,.T.);
#1643=ORIENTED_EDGE('',*,*,#1121,.T.);
#1644=ORIENTED_EDGE('',*,*,#1125,.T.);
#1645=ORIENTED_EDGE('',*,*,#1199,.T.);
#1646=ORIENTED_EDGE('',*,*,#1193,.F.);
#1647=ORIENTED_EDGE('',*,*,#1224,.F.);
#1648=ORIENTED_EDGE('',*,*,#1221,.T.);
#1649=ORIENTED_EDGE('',*,*,#1225,.T.);
#1650=ORIENTED_EDGE('',*,*,#1207,.F.);
#1651=ORIENTED_EDGE('',*,*,#1205,.T.);
#1652=ORIENTED_EDGE('',*,*,#1202,.T.);
#1653=ORIENTED_EDGE('',*,*,#1220,.T.);
#1654=ORIENTED_EDGE('',*,*,#1226,.T.);
#1655=ORIENTED_EDGE('',*,*,#1208,.F.);
#1656=ORIENTED_EDGE('',*,*,#1225,.F.);
#1657=ORIENTED_EDGE('',*,*,#1219,.T.);
#1658=ORIENTED_EDGE('',*,*,#1227,.F.);
#1659=ORIENTED_EDGE('',*,*,#1228,.T.);
#1660=ORIENTED_EDGE('',*,*,#1229,.T.);
#1661=ORIENTED_EDGE('',*,*,#1230,.T.);
#1662=ORIENTED_EDGE('',*,*,#1209,.F.);
#1663=ORIENTED_EDGE('',*,*,#1226,.F.);
#1664=ORIENTED_EDGE('',*,*,#1218,.T.);
#1665=ORIENTED_EDGE('',*,*,#1231,.T.);
#1666=ORIENTED_EDGE('',*,*,#1232,.F.);
#1667=ORIENTED_EDGE('',*,*,#1233,.F.);
#1668=ORIENTED_EDGE('',*,*,#1227,.T.);
#1669=ORIENTED_EDGE('',*,*,#1232,.T.);
#1670=ORIENTED_EDGE('',*,*,#1234,.F.);
#1671=ORIENTED_EDGE('',*,*,#1235,.T.);
#1672=ORIENTED_EDGE('',*,*,#1236,.T.);
#1673=ORIENTED_EDGE('',*,*,#1217,.T.);
#1674=ORIENTED_EDGE('',*,*,#1237,.F.);
#1675=ORIENTED_EDGE('',*,*,#1234,.T.);
#1676=ORIENTED_EDGE('',*,*,#1231,.F.);
#1677=ORIENTED_EDGE('',*,*,#1216,.T.);
#1678=ORIENTED_EDGE('',*,*,#1238,.T.);
#1679=ORIENTED_EDGE('',*,*,#1239,.T.);
#1680=ORIENTED_EDGE('',*,*,#1235,.F.);
#1681=ORIENTED_EDGE('',*,*,#1237,.T.);
#1682=ORIENTED_EDGE('',*,*,#1240,.F.);
#1683=ORIENTED_EDGE('',*,*,#1241,.F.);
#1684=ORIENTED_EDGE('',*,*,#1242,.F.);
#1685=ORIENTED_EDGE('',*,*,#1243,.F.);
#1686=ORIENTED_EDGE('',*,*,#1244,.F.);
#1687=ORIENTED_EDGE('',*,*,#1245,.F.);
#1688=ORIENTED_EDGE('',*,*,#1246,.F.);
#1689=ORIENTED_EDGE('',*,*,#1247,.F.);
#1690=ORIENTED_EDGE('',*,*,#1248,.F.);
#1691=ORIENTED_EDGE('',*,*,#1249,.F.);
#1692=ORIENTED_EDGE('',*,*,#1250,.F.);
#1693=ORIENTED_EDGE('',*,*,#1251,.F.);
#1694=ORIENTED_EDGE('',*,*,#1252,.F.);
#1695=ORIENTED_EDGE('',*,*,#1253,.F.);
#1696=ORIENTED_EDGE('',*,*,#1254,.F.);
#1697=ORIENTED_EDGE('',*,*,#1255,.F.);
#1698=ORIENTED_EDGE('',*,*,#1256,.F.);
#1699=ORIENTED_EDGE('',*,*,#1257,.F.);
#1700=ORIENTED_EDGE('',*,*,#1258,.F.);
#1701=ORIENTED_EDGE('',*,*,#1259,.F.);
#1702=ORIENTED_EDGE('',*,*,#1260,.F.);
#1703=ORIENTED_EDGE('',*,*,#1261,.F.);
#1704=ORIENTED_EDGE('',*,*,#1262,.T.);
#1705=ORIENTED_EDGE('',*,*,#1168,.F.);
#1706=ORIENTED_EDGE('',*,*,#1263,.F.);
#1707=ORIENTED_EDGE('',*,*,#1264,.F.);
#1708=ORIENTED_EDGE('',*,*,#1265,.F.);
#1709=ORIENTED_EDGE('',*,*,#1161,.F.);
#1710=ORIENTED_EDGE('',*,*,#1266,.F.);
#1711=ORIENTED_EDGE('',*,*,#1267,.F.);
#1712=ORIENTED_EDGE('',*,*,#1268,.F.);
#1713=ORIENTED_EDGE('',*,*,#1157,.F.);
#1714=ORIENTED_EDGE('',*,*,#1269,.F.);
#1715=ORIENTED_EDGE('',*,*,#1270,.F.);
#1716=ORIENTED_EDGE('',*,*,#1271,.F.);
#1717=ORIENTED_EDGE('',*,*,#1153,.F.);
#1718=ORIENTED_EDGE('',*,*,#1272,.F.);
#1719=ORIENTED_EDGE('',*,*,#1273,.F.);
#1720=ORIENTED_EDGE('',*,*,#1274,.F.);
#1721=ORIENTED_EDGE('',*,*,#1149,.F.);
#1722=ORIENTED_EDGE('',*,*,#1275,.F.);
#1723=ORIENTED_EDGE('',*,*,#1276,.F.);
#1724=ORIENTED_EDGE('',*,*,#1277,.F.);
#1725=ORIENTED_EDGE('',*,*,#1145,.F.);
#1726=ORIENTED_EDGE('',*,*,#1278,.F.);
#1727=ORIENTED_EDGE('',*,*,#1236,.F.);
#1728=ORIENTED_EDGE('',*,*,#1215,.T.);
#1729=ORIENTED_EDGE('',*,*,#1279,.F.);
#1730=ORIENTED_EDGE('',*,*,#1180,.F.);
#1731=ORIENTED_EDGE('',*,*,#1280,.F.);
#1732=ORIENTED_EDGE('',*,*,#1281,.T.);
#1733=ORIENTED_EDGE('',*,*,#1282,.T.);
#1734=ORIENTED_EDGE('',*,*,#1238,.F.);
#1735=ORIENTED_EDGE('',*,*,#1142,.F.);
#1736=ORIENTED_EDGE('',*,*,#1213,.T.);
#1737=ORIENTED_EDGE('',*,*,#1211,.F.);
#1738=ORIENTED_EDGE('',*,*,#1283,.F.);
#1739=ORIENTED_EDGE('',*,*,#1284,.T.);
#1740=ORIENTED_EDGE('',*,*,#1283,.T.);
#1741=ORIENTED_EDGE('',*,*,#1210,.F.);
#1742=ORIENTED_EDGE('',*,*,#1230,.F.);
#1743=ORIENTED_EDGE('',*,*,#1285,.T.);
#1744=ORIENTED_EDGE('',*,*,#1280,.T.);
#1745=ORIENTED_EDGE('',*,*,#1179,.F.);
#1746=ORIENTED_EDGE('',*,*,#1286,.F.);
#1747=ORIENTED_EDGE('',*,*,#1287,.F.);
#1748=ORIENTED_EDGE('',*,*,#1286,.T.);
#1749=ORIENTED_EDGE('',*,*,#1178,.F.);
#1750=ORIENTED_EDGE('',*,*,#1288,.F.);
#1751=ORIENTED_EDGE('',*,*,#1173,.T.);
#1752=ORIENTED_EDGE('',*,*,#1197,.F.);
#1753=ORIENTED_EDGE('',*,*,#1289,.F.);
#1754=ORIENTED_EDGE('',*,*,#1290,.F.);
#1755=ORIENTED_EDGE('',*,*,#1288,.T.);
#1756=ORIENTED_EDGE('',*,*,#1177,.F.);
#1757=ORIENTED_EDGE('',*,*,#1191,.T.);
#1758=ORIENTED_EDGE('',*,*,#1183,.T.);
#1759=ORIENTED_EDGE('',*,*,#1128,.T.);
#1760=ORIENTED_EDGE('',*,*,#1291,.F.);
#1761=ORIENTED_EDGE('',*,*,#1289,.T.);
#1762=ORIENTED_EDGE('',*,*,#1196,.F.);
#1763=ORIENTED_EDGE('',*,*,#1214,.F.);
#1764=ORIENTED_EDGE('',*,*,#1140,.F.);
#1765=ORIENTED_EDGE('',*,*,#1134,.T.);
#1766=ORIENTED_EDGE('',*,*,#1131,.T.);
#1767=ORIENTED_EDGE('',*,*,#1127,.T.);
#1768=ORIENTED_EDGE('',*,*,#1139,.T.);
#1769=ORIENTED_EDGE('',*,*,#1292,.T.);
#1770=ORIENTED_EDGE('',*,*,#1293,.T.);
#1771=ORIENTED_EDGE('',*,*,#1294,.T.);
#1772=ORIENTED_EDGE('',*,*,#1295,.T.);
#1773=ORIENTED_EDGE('',*,*,#1296,.T.);
#1774=ORIENTED_EDGE('',*,*,#1297,.T.);
#1775=ORIENTED_EDGE('',*,*,#1298,.T.);
#1776=ORIENTED_EDGE('',*,*,#1299,.T.);
#1777=ORIENTED_EDGE('',*,*,#1300,.T.);
#1778=ORIENTED_EDGE('',*,*,#1301,.T.);
#1779=ORIENTED_EDGE('',*,*,#1302,.T.);
#1780=ORIENTED_EDGE('',*,*,#1303,.T.);
#1781=ORIENTED_EDGE('',*,*,#1304,.T.);
#1782=ORIENTED_EDGE('',*,*,#1305,.T.);
#1783=ORIENTED_EDGE('',*,*,#1306,.T.);
#1784=ORIENTED_EDGE('',*,*,#1307,.T.);
#1785=ORIENTED_EDGE('',*,*,#1308,.T.);
#1786=ORIENTED_EDGE('',*,*,#1309,.T.);
#1787=ORIENTED_EDGE('',*,*,#1310,.T.);
#1788=ORIENTED_EDGE('',*,*,#1311,.T.);
#1789=ORIENTED_EDGE('',*,*,#1312,.T.);
#1790=ORIENTED_EDGE('',*,*,#1313,.T.);
#1791=ORIENTED_EDGE('',*,*,#1314,.T.);
#1792=ORIENTED_EDGE('',*,*,#1315,.T.);
#1793=ORIENTED_EDGE('',*,*,#1316,.T.);
#1794=ORIENTED_EDGE('',*,*,#1317,.T.);
#1795=ORIENTED_EDGE('',*,*,#1318,.T.);
#1796=ORIENTED_EDGE('',*,*,#1319,.T.);
#1797=ORIENTED_EDGE('',*,*,#1320,.T.);
#1798=ORIENTED_EDGE('',*,*,#1287,.T.);
#1799=ORIENTED_EDGE('',*,*,#1290,.T.);
#1800=ORIENTED_EDGE('',*,*,#1291,.T.);
#1801=ORIENTED_EDGE('',*,*,#1321,.F.);
#1802=ORIENTED_EDGE('',*,*,#1322,.F.);
#1803=ORIENTED_EDGE('',*,*,#1323,.T.);
#1804=ORIENTED_EDGE('',*,*,#1324,.F.);
#1805=ORIENTED_EDGE('',*,*,#1323,.F.);
#1806=ORIENTED_EDGE('',*,*,#1325,.F.);
#1807=ORIENTED_EDGE('',*,*,#1326,.T.);
#1808=ORIENTED_EDGE('',*,*,#1327,.F.);
#1809=ORIENTED_EDGE('',*,*,#1300,.F.);
#1810=ORIENTED_EDGE('',*,*,#1328,.F.);
#1811=ORIENTED_EDGE('',*,*,#1329,.F.);
#1812=ORIENTED_EDGE('',*,*,#1330,.F.);
#1813=ORIENTED_EDGE('',*,*,#1331,.T.);
#1814=ORIENTED_EDGE('',*,*,#1325,.T.);
#1815=ORIENTED_EDGE('',*,*,#1322,.T.);
#1816=ORIENTED_EDGE('',*,*,#1332,.F.);
#1817=ORIENTED_EDGE('',*,*,#1333,.F.);
#1818=ORIENTED_EDGE('',*,*,#1334,.F.);
#1819=ORIENTED_EDGE('',*,*,#1335,.F.);
#1820=ORIENTED_EDGE('',*,*,#1336,.F.);
#1821=ORIENTED_EDGE('',*,*,#1337,.F.);
#1822=ORIENTED_EDGE('',*,*,#1338,.F.);
#1823=ORIENTED_EDGE('',*,*,#1316,.F.);
#1824=ORIENTED_EDGE('',*,*,#1339,.F.);
#1825=ORIENTED_EDGE('',*,*,#1340,.F.);
#1826=ORIENTED_EDGE('',*,*,#1341,.F.);
#1827=ORIENTED_EDGE('',*,*,#1342,.F.);
#1828=ORIENTED_EDGE('',*,*,#1343,.F.);
#1829=ORIENTED_EDGE('',*,*,#1312,.F.);
#1830=ORIENTED_EDGE('',*,*,#1344,.F.);
#1831=ORIENTED_EDGE('',*,*,#1345,.F.);
#1832=ORIENTED_EDGE('',*,*,#1346,.F.);
#1833=ORIENTED_EDGE('',*,*,#1347,.F.);
#1834=ORIENTED_EDGE('',*,*,#1348,.F.);
#1835=ORIENTED_EDGE('',*,*,#1308,.F.);
#1836=ORIENTED_EDGE('',*,*,#1349,.F.);
#1837=ORIENTED_EDGE('',*,*,#1350,.F.);
#1838=ORIENTED_EDGE('',*,*,#1351,.F.);
#1839=ORIENTED_EDGE('',*,*,#1352,.F.);
#1840=ORIENTED_EDGE('',*,*,#1353,.F.);
#1841=ORIENTED_EDGE('',*,*,#1304,.F.);
#1842=ORIENTED_EDGE('',*,*,#1354,.F.);
#1843=ORIENTED_EDGE('',*,*,#1329,.T.);
#1844=ORIENTED_EDGE('',*,*,#1355,.T.);
#1845=ORIENTED_EDGE('',*,*,#1356,.F.);
#1846=ORIENTED_EDGE('',*,*,#1297,.F.);
#1847=ORIENTED_EDGE('',*,*,#1357,.F.);
#1848=ORIENTED_EDGE('',*,*,#1358,.F.);
#1849=ORIENTED_EDGE('',*,*,#1359,.F.);
#1850=ORIENTED_EDGE('',*,*,#1360,.F.);
#1851=ORIENTED_EDGE('',*,*,#1361,.F.);
#1852=ORIENTED_EDGE('',*,*,#1362,.F.);
#1853=ORIENTED_EDGE('',*,*,#1363,.F.);
#1854=ORIENTED_EDGE('',*,*,#1326,.F.);
#1855=ORIENTED_EDGE('',*,*,#1331,.F.);
#1856=ORIENTED_EDGE('',*,*,#1364,.F.);
#1857=ORIENTED_EDGE('',*,*,#1365,.F.);
#1858=ORIENTED_EDGE('',*,*,#1366,.F.);
#1859=ORIENTED_EDGE('',*,*,#1367,.F.);
#1860=ORIENTED_EDGE('',*,*,#1368,.T.);
#1861=ORIENTED_EDGE('',*,*,#1358,.T.);
#1862=ORIENTED_EDGE('',*,*,#1359,.T.);
#1863=ORIENTED_EDGE('',*,*,#1368,.F.);
#1864=ORIENTED_EDGE('',*,*,#1369,.F.);
#1865=ORIENTED_EDGE('',*,*,#1360,.T.);
#1866=ORIENTED_EDGE('',*,*,#1361,.T.);
#1867=ORIENTED_EDGE('',*,*,#1369,.T.);
#1868=ORIENTED_EDGE('',*,*,#1367,.T.);
#1869=ORIENTED_EDGE('',*,*,#1370,.F.);
#1870=ORIENTED_EDGE('',*,*,#1298,.F.);
#1871=ORIENTED_EDGE('',*,*,#1362,.T.);
#1872=ORIENTED_EDGE('',*,*,#1370,.T.);
#1873=ORIENTED_EDGE('',*,*,#1366,.T.);
#1874=ORIENTED_EDGE('',*,*,#1371,.F.);
#1875=ORIENTED_EDGE('',*,*,#1356,.T.);
#1876=ORIENTED_EDGE('',*,*,#1372,.T.);
#1877=ORIENTED_EDGE('',*,*,#1299,.F.);
#1878=ORIENTED_EDGE('',*,*,#1372,.F.);
#1879=ORIENTED_EDGE('',*,*,#1355,.F.);
#1880=ORIENTED_EDGE('',*,*,#1328,.T.);
#1881=ORIENTED_EDGE('',*,*,#1364,.T.);
#1882=ORIENTED_EDGE('',*,*,#1330,.T.);
#1883=ORIENTED_EDGE('',*,*,#1354,.T.);
#1884=ORIENTED_EDGE('',*,*,#1371,.T.);
#1885=ORIENTED_EDGE('',*,*,#1365,.T.);
#1886=ORIENTED_EDGE('',*,*,#1357,.T.);
#1887=ORIENTED_EDGE('',*,*,#1296,.F.);
#1888=ORIENTED_EDGE('',*,*,#1373,.T.);
#1889=ORIENTED_EDGE('',*,*,#1260,.T.);
#1890=ORIENTED_EDGE('',*,*,#1374,.F.);
#1891=ORIENTED_EDGE('',*,*,#1375,.F.);
#1892=ORIENTED_EDGE('',*,*,#1350,.T.);
#1893=ORIENTED_EDGE('',*,*,#1349,.T.);
#1894=ORIENTED_EDGE('',*,*,#1303,.F.);
#1895=ORIENTED_EDGE('',*,*,#1376,.T.);
#1896=ORIENTED_EDGE('',*,*,#1256,.T.);
#1897=ORIENTED_EDGE('',*,*,#1377,.F.);
#1898=ORIENTED_EDGE('',*,*,#1378,.F.);
#1899=ORIENTED_EDGE('',*,*,#1345,.T.);
#1900=ORIENTED_EDGE('',*,*,#1344,.T.);
#1901=ORIENTED_EDGE('',*,*,#1307,.F.);
#1902=ORIENTED_EDGE('',*,*,#1379,.T.);
#1903=ORIENTED_EDGE('',*,*,#1252,.T.);
#1904=ORIENTED_EDGE('',*,*,#1380,.F.);
#1905=ORIENTED_EDGE('',*,*,#1381,.F.);
#1906=ORIENTED_EDGE('',*,*,#1340,.T.);
#1907=ORIENTED_EDGE('',*,*,#1339,.T.);
#1908=ORIENTED_EDGE('',*,*,#1311,.F.);
#1909=ORIENTED_EDGE('',*,*,#1382,.T.);
#1910=ORIENTED_EDGE('',*,*,#1248,.T.);
#1911=ORIENTED_EDGE('',*,*,#1383,.F.);
#1912=ORIENTED_EDGE('',*,*,#1384,.F.);
#1913=ORIENTED_EDGE('',*,*,#1335,.T.);
#1914=ORIENTED_EDGE('',*,*,#1334,.T.);
#1915=ORIENTED_EDGE('',*,*,#1315,.F.);
#1916=ORIENTED_EDGE('',*,*,#1385,.T.);
#1917=ORIENTED_EDGE('',*,*,#1244,.T.);
#1918=ORIENTED_EDGE('',*,*,#1386,.F.);
#1919=ORIENTED_EDGE('',*,*,#1387,.F.);
#1920=ORIENTED_EDGE('',*,*,#1332,.T.);
#1921=ORIENTED_EDGE('',*,*,#1321,.T.);
#1922=ORIENTED_EDGE('',*,*,#1324,.T.);
#1923=ORIENTED_EDGE('',*,*,#1363,.T.);
#1924=ORIENTED_EDGE('',*,*,#1375,.T.);
#1925=ORIENTED_EDGE('',*,*,#1388,.T.);
#1926=ORIENTED_EDGE('',*,*,#1389,.T.);
#1927=ORIENTED_EDGE('',*,*,#1336,.T.);
#1928=ORIENTED_EDGE('',*,*,#1387,.T.);
#1929=ORIENTED_EDGE('',*,*,#1390,.T.);
#1930=ORIENTED_EDGE('',*,*,#1391,.T.);
#1931=ORIENTED_EDGE('',*,*,#1341,.T.);
#1932=ORIENTED_EDGE('',*,*,#1384,.T.);
#1933=ORIENTED_EDGE('',*,*,#1392,.T.);
#1934=ORIENTED_EDGE('',*,*,#1393,.T.);
#1935=ORIENTED_EDGE('',*,*,#1346,.T.);
#1936=ORIENTED_EDGE('',*,*,#1381,.T.);
#1937=ORIENTED_EDGE('',*,*,#1394,.T.);
#1938=ORIENTED_EDGE('',*,*,#1395,.T.);
#1939=ORIENTED_EDGE('',*,*,#1223,.T.);
#1940=ORIENTED_EDGE('',*,*,#1187,.T.);
#1941=ORIENTED_EDGE('',*,*,#1181,.F.);
#1942=ORIENTED_EDGE('',*,*,#1279,.T.);
#1943=ORIENTED_EDGE('',*,*,#1396,.F.);
#1944=ORIENTED_EDGE('',*,*,#1397,.F.);
#1945=ORIENTED_EDGE('',*,*,#1398,.T.);
#1946=ORIENTED_EDGE('',*,*,#1164,.F.);
#1947=ORIENTED_EDGE('',*,*,#1399,.F.);
#1948=ORIENTED_EDGE('',*,*,#1400,.T.);
#1949=ORIENTED_EDGE('',*,*,#1401,.T.);
#1950=ORIENTED_EDGE('',*,*,#1166,.F.);
#1951=ORIENTED_EDGE('',*,*,#1402,.T.);
#1952=ORIENTED_EDGE('',*,*,#1403,.T.);
#1953=ORIENTED_EDGE('',*,*,#1404,.T.);
#1954=ORIENTED_EDGE('',*,*,#1405,.T.);
#1955=ORIENTED_EDGE('',*,*,#1406,.T.);
#1956=ORIENTED_EDGE('',*,*,#1407,.F.);
#1957=ORIENTED_EDGE('',*,*,#1408,.F.);
#1958=ORIENTED_EDGE('',*,*,#1409,.F.);
#1959=ORIENTED_EDGE('',*,*,#1410,.F.);
#1960=ORIENTED_EDGE('',*,*,#1398,.F.);
#1961=ORIENTED_EDGE('',*,*,#1411,.F.);
#1962=ORIENTED_EDGE('',*,*,#1412,.F.);
#1963=ORIENTED_EDGE('',*,*,#1413,.F.);
#1964=ORIENTED_EDGE('',*,*,#1414,.T.);
#1965=ORIENTED_EDGE('',*,*,#1399,.T.);
#1966=ORIENTED_EDGE('',*,*,#1163,.F.);
#1967=ORIENTED_EDGE('',*,*,#1415,.F.);
#1968=ORIENTED_EDGE('',*,*,#1416,.F.);
#1969=ORIENTED_EDGE('',*,*,#1417,.F.);
#1970=ORIENTED_EDGE('',*,*,#1418,.F.);
#1971=ORIENTED_EDGE('',*,*,#1419,.F.);
#1972=ORIENTED_EDGE('',*,*,#1147,.F.);
#1973=ORIENTED_EDGE('',*,*,#1420,.F.);
#1974=ORIENTED_EDGE('',*,*,#1155,.F.);
#1975=ORIENTED_EDGE('',*,*,#1421,.F.);
#1976=ORIENTED_EDGE('',*,*,#1422,.F.);
#1977=ORIENTED_EDGE('',*,*,#1423,.F.);
#1978=ORIENTED_EDGE('',*,*,#1424,.F.);
#1979=ORIENTED_EDGE('',*,*,#1425,.F.);
#1980=ORIENTED_EDGE('',*,*,#1159,.F.);
#1981=ORIENTED_EDGE('',*,*,#1426,.F.);
#1982=ORIENTED_EDGE('',*,*,#1427,.F.);
#1983=ORIENTED_EDGE('',*,*,#1428,.F.);
#1984=ORIENTED_EDGE('',*,*,#1429,.F.);
#1985=ORIENTED_EDGE('',*,*,#1430,.F.);
#1986=ORIENTED_EDGE('',*,*,#1431,.F.);
#1987=ORIENTED_EDGE('',*,*,#1411,.T.);
#1988=ORIENTED_EDGE('',*,*,#1397,.T.);
#1989=ORIENTED_EDGE('',*,*,#1432,.F.);
#1990=ORIENTED_EDGE('',*,*,#1151,.F.);
#1991=ORIENTED_EDGE('',*,*,#1433,.F.);
#1992=ORIENTED_EDGE('',*,*,#1434,.F.);
#1993=ORIENTED_EDGE('',*,*,#1435,.F.);
#1994=ORIENTED_EDGE('',*,*,#1436,.F.);
#1995=ORIENTED_EDGE('',*,*,#1437,.F.);
#1996=ORIENTED_EDGE('',*,*,#1438,.F.);
#1997=ORIENTED_EDGE('',*,*,#1412,.T.);
#1998=ORIENTED_EDGE('',*,*,#1431,.T.);
#1999=ORIENTED_EDGE('',*,*,#1405,.F.);
#2000=ORIENTED_EDGE('',*,*,#1404,.F.);
#2001=ORIENTED_EDGE('',*,*,#1439,.T.);
#2002=ORIENTED_EDGE('',*,*,#1440,.T.);
#2003=ORIENTED_EDGE('',*,*,#1441,.F.);
#2004=ORIENTED_EDGE('',*,*,#1406,.F.);
#2005=ORIENTED_EDGE('',*,*,#1440,.F.);
#2006=ORIENTED_EDGE('',*,*,#1442,.T.);
#2007=ORIENTED_EDGE('',*,*,#1443,.T.);
#2008=ORIENTED_EDGE('',*,*,#1403,.F.);
#2009=ORIENTED_EDGE('',*,*,#1444,.T.);
#2010=ORIENTED_EDGE('',*,*,#1442,.F.);
#2011=ORIENTED_EDGE('',*,*,#1439,.F.);
#2012=ORIENTED_EDGE('',*,*,#1445,.F.);
#2013=ORIENTED_EDGE('',*,*,#1443,.F.);
#2014=ORIENTED_EDGE('',*,*,#1444,.F.);
#2015=ORIENTED_EDGE('',*,*,#1402,.F.);
#2016=ORIENTED_EDGE('',*,*,#1165,.F.);
#2017=ORIENTED_EDGE('',*,*,#1401,.F.);
#2018=ORIENTED_EDGE('',*,*,#1446,.F.);
#2019=ORIENTED_EDGE('',*,*,#1447,.F.);
#2020=ORIENTED_EDGE('',*,*,#1446,.T.);
#2021=ORIENTED_EDGE('',*,*,#1400,.F.);
#2022=ORIENTED_EDGE('',*,*,#1414,.F.);
#2023=ORIENTED_EDGE('',*,*,#1409,.T.);
#2024=ORIENTED_EDGE('',*,*,#1408,.T.);
#2025=ORIENTED_EDGE('',*,*,#1162,.F.);
#2026=ORIENTED_EDGE('',*,*,#1265,.T.);
#2027=ORIENTED_EDGE('',*,*,#1448,.F.);
#2028=ORIENTED_EDGE('',*,*,#1449,.F.);
#2029=ORIENTED_EDGE('',*,*,#1432,.T.);
#2030=ORIENTED_EDGE('',*,*,#1436,.T.);
#2031=ORIENTED_EDGE('',*,*,#1450,.F.);
#2032=ORIENTED_EDGE('',*,*,#1451,.T.);
#2033=ORIENTED_EDGE('',*,*,#1272,.T.);
#2034=ORIENTED_EDGE('',*,*,#1152,.F.);
#2035=ORIENTED_EDGE('',*,*,#1425,.T.);
#2036=ORIENTED_EDGE('',*,*,#1429,.T.);
#2037=ORIENTED_EDGE('',*,*,#1452,.F.);
#2038=ORIENTED_EDGE('',*,*,#1453,.T.);
#2039=ORIENTED_EDGE('',*,*,#1266,.T.);
#2040=ORIENTED_EDGE('',*,*,#1160,.F.);
#2041=ORIENTED_EDGE('',*,*,#1420,.T.);
#2042=ORIENTED_EDGE('',*,*,#1424,.T.);
#2043=ORIENTED_EDGE('',*,*,#1454,.F.);
#2044=ORIENTED_EDGE('',*,*,#1455,.T.);
#2045=ORIENTED_EDGE('',*,*,#1269,.T.);
#2046=ORIENTED_EDGE('',*,*,#1156,.F.);
#2047=ORIENTED_EDGE('',*,*,#1416,.T.);
#2048=ORIENTED_EDGE('',*,*,#1415,.T.);
#2049=ORIENTED_EDGE('',*,*,#1146,.F.);
#2050=ORIENTED_EDGE('',*,*,#1277,.T.);
#2051=ORIENTED_EDGE('',*,*,#1456,.F.);
#2052=ORIENTED_EDGE('',*,*,#1457,.F.);
#2053=ORIENTED_EDGE('',*,*,#1410,.T.);
#2054=ORIENTED_EDGE('',*,*,#1449,.T.);
#2055=ORIENTED_EDGE('',*,*,#1458,.T.);
#2056=ORIENTED_EDGE('',*,*,#1459,.T.);
#2057=ORIENTED_EDGE('',*,*,#1437,.T.);
#2058=ORIENTED_EDGE('',*,*,#1430,.T.);
#2059=ORIENTED_EDGE('',*,*,#1396,.T.);
#2060=ORIENTED_EDGE('',*,*,#1417,.T.);
#2061=ORIENTED_EDGE('',*,*,#1457,.T.);
#2062=ORIENTED_EDGE('',*,*,#1460,.T.);
#2063=ORIENTED_EDGE('',*,*,#1461,.T.);
#2064=ORIENTED_EDGE('',*,*,#1423,.T.);
#2065=ORIENTED_EDGE('',*,*,#1462,.T.);
#2066=ORIENTED_EDGE('',*,*,#1463,.T.);
#2067=ORIENTED_EDGE('',*,*,#1454,.T.);
#2068=ORIENTED_EDGE('',*,*,#1428,.T.);
#2069=ORIENTED_EDGE('',*,*,#1464,.T.);
#2070=ORIENTED_EDGE('',*,*,#1465,.T.);
#2071=ORIENTED_EDGE('',*,*,#1452,.T.);
#2072=ORIENTED_EDGE('',*,*,#1435,.T.);
#2073=ORIENTED_EDGE('',*,*,#1466,.T.);
#2074=ORIENTED_EDGE('',*,*,#1467,.T.);
#2075=ORIENTED_EDGE('',*,*,#1450,.T.);
#2076=ORIENTED_EDGE('',*,*,#1333,.T.);
#2077=ORIENTED_EDGE('',*,*,#1389,.F.);
#2078=ORIENTED_EDGE('',*,*,#1468,.T.);
#2079=ORIENTED_EDGE('',*,*,#1258,.T.);
#2080=ORIENTED_EDGE('',*,*,#1469,.T.);
#2081=ORIENTED_EDGE('',*,*,#1301,.F.);
#2082=ORIENTED_EDGE('',*,*,#1327,.T.);
#2083=ORIENTED_EDGE('',*,*,#1470,.F.);
#2084=ORIENTED_EDGE('',*,*,#1377,.T.);
#2085=ORIENTED_EDGE('',*,*,#1255,.T.);
#2086=ORIENTED_EDGE('',*,*,#1471,.F.);
#2087=ORIENTED_EDGE('',*,*,#1352,.T.);
#2088=ORIENTED_EDGE('',*,*,#1472,.F.);
#2089=ORIENTED_EDGE('',*,*,#1471,.T.);
#2090=ORIENTED_EDGE('',*,*,#1254,.T.);
#2091=ORIENTED_EDGE('',*,*,#1473,.T.);
#2092=ORIENTED_EDGE('',*,*,#1305,.F.);
#2093=ORIENTED_EDGE('',*,*,#1353,.T.);
#2094=ORIENTED_EDGE('',*,*,#1394,.F.);
#2095=ORIENTED_EDGE('',*,*,#1380,.T.);
#2096=ORIENTED_EDGE('',*,*,#1251,.T.);
#2097=ORIENTED_EDGE('',*,*,#1474,.F.);
#2098=ORIENTED_EDGE('',*,*,#1347,.T.);
#2099=ORIENTED_EDGE('',*,*,#1395,.F.);
#2100=ORIENTED_EDGE('',*,*,#1474,.T.);
#2101=ORIENTED_EDGE('',*,*,#1250,.T.);
#2102=ORIENTED_EDGE('',*,*,#1475,.T.);
#2103=ORIENTED_EDGE('',*,*,#1309,.F.);
#2104=ORIENTED_EDGE('',*,*,#1348,.T.);
#2105=ORIENTED_EDGE('',*,*,#1392,.F.);
#2106=ORIENTED_EDGE('',*,*,#1383,.T.);
#2107=ORIENTED_EDGE('',*,*,#1247,.T.);
#2108=ORIENTED_EDGE('',*,*,#1476,.F.);
#2109=ORIENTED_EDGE('',*,*,#1342,.T.);
#2110=ORIENTED_EDGE('',*,*,#1393,.F.);
#2111=ORIENTED_EDGE('',*,*,#1476,.T.);
#2112=ORIENTED_EDGE('',*,*,#1246,.T.);
#2113=ORIENTED_EDGE('',*,*,#1477,.T.);
#2114=ORIENTED_EDGE('',*,*,#1313,.F.);
#2115=ORIENTED_EDGE('',*,*,#1343,.T.);
#2116=ORIENTED_EDGE('',*,*,#1390,.F.);
#2117=ORIENTED_EDGE('',*,*,#1386,.T.);
#2118=ORIENTED_EDGE('',*,*,#1243,.T.);
#2119=ORIENTED_EDGE('',*,*,#1478,.F.);
#2120=ORIENTED_EDGE('',*,*,#1337,.T.);
#2121=ORIENTED_EDGE('',*,*,#1391,.F.);
#2122=ORIENTED_EDGE('',*,*,#1478,.T.);
#2123=ORIENTED_EDGE('',*,*,#1242,.T.);
#2124=ORIENTED_EDGE('',*,*,#1479,.T.);
#2125=ORIENTED_EDGE('',*,*,#1317,.F.);
#2126=ORIENTED_EDGE('',*,*,#1338,.T.);
#2127=ORIENTED_EDGE('',*,*,#1282,.F.);
#2128=ORIENTED_EDGE('',*,*,#1480,.F.);
#2129=ORIENTED_EDGE('',*,*,#1319,.F.);
#2130=ORIENTED_EDGE('',*,*,#1481,.T.);
#2131=ORIENTED_EDGE('',*,*,#1240,.T.);
#2132=ORIENTED_EDGE('',*,*,#1239,.F.);
#2133=ORIENTED_EDGE('',*,*,#1320,.F.);
#2134=ORIENTED_EDGE('',*,*,#1480,.T.);
#2135=ORIENTED_EDGE('',*,*,#1281,.F.);
#2136=ORIENTED_EDGE('',*,*,#1285,.F.);
#2137=ORIENTED_EDGE('',*,*,#1284,.F.);
#2138=ORIENTED_EDGE('',*,*,#1229,.F.);
#2139=ORIENTED_EDGE('',*,*,#1482,.T.);
#2140=ORIENTED_EDGE('',*,*,#1143,.F.);
#2141=ORIENTED_EDGE('',*,*,#1278,.T.);
#2142=ORIENTED_EDGE('',*,*,#1144,.F.);
#2143=ORIENTED_EDGE('',*,*,#1482,.F.);
#2144=ORIENTED_EDGE('',*,*,#1228,.F.);
#2145=ORIENTED_EDGE('',*,*,#1233,.T.);
#2146=ORIENTED_EDGE('',*,*,#1306,.F.);
#2147=ORIENTED_EDGE('',*,*,#1473,.F.);
#2148=ORIENTED_EDGE('',*,*,#1253,.T.);
#2149=ORIENTED_EDGE('',*,*,#1379,.F.);
#2150=ORIENTED_EDGE('',*,*,#1310,.F.);
#2151=ORIENTED_EDGE('',*,*,#1475,.F.);
#2152=ORIENTED_EDGE('',*,*,#1249,.T.);
#2153=ORIENTED_EDGE('',*,*,#1382,.F.);
#2154=ORIENTED_EDGE('',*,*,#1314,.F.);
#2155=ORIENTED_EDGE('',*,*,#1477,.F.);
#2156=ORIENTED_EDGE('',*,*,#1245,.T.);
#2157=ORIENTED_EDGE('',*,*,#1385,.F.);
#2158=ORIENTED_EDGE('',*,*,#1318,.F.);
#2159=ORIENTED_EDGE('',*,*,#1479,.F.);
#2160=ORIENTED_EDGE('',*,*,#1241,.T.);
#2161=ORIENTED_EDGE('',*,*,#1481,.F.);
#2162=ORIENTED_EDGE('',*,*,#1295,.F.);
#2163=ORIENTED_EDGE('',*,*,#1483,.T.);
#2164=ORIENTED_EDGE('',*,*,#1261,.T.);
#2165=ORIENTED_EDGE('',*,*,#1373,.F.);
#2166=ORIENTED_EDGE('',*,*,#1302,.F.);
#2167=ORIENTED_EDGE('',*,*,#1469,.F.);
#2168=ORIENTED_EDGE('',*,*,#1257,.T.);
#2169=ORIENTED_EDGE('',*,*,#1376,.F.);
#2170=ORIENTED_EDGE('',*,*,#1460,.F.);
#2171=ORIENTED_EDGE('',*,*,#1456,.T.);
#2172=ORIENTED_EDGE('',*,*,#1276,.T.);
#2173=ORIENTED_EDGE('',*,*,#1484,.F.);
#2174=ORIENTED_EDGE('',*,*,#1485,.T.);
#2175=ORIENTED_EDGE('',*,*,#1486,.F.);
#2176=ORIENTED_EDGE('',*,*,#1487,.F.);
#2177=ORIENTED_EDGE('',*,*,#1488,.T.);
#2178=ORIENTED_EDGE('',*,*,#1489,.T.);
#2179=ORIENTED_EDGE('',*,*,#1490,.T.);
#2180=ORIENTED_EDGE('',*,*,#1486,.T.);
#2181=ORIENTED_EDGE('',*,*,#1491,.T.);
#2182=ORIENTED_EDGE('',*,*,#1492,.T.);
#2183=ORIENTED_EDGE('',*,*,#1487,.T.);
#2184=ORIENTED_EDGE('',*,*,#1490,.F.);
#2185=ORIENTED_EDGE('',*,*,#1493,.T.);
#2186=ORIENTED_EDGE('',*,*,#1488,.F.);
#2187=ORIENTED_EDGE('',*,*,#1494,.T.);
#2188=ORIENTED_EDGE('',*,*,#1495,.F.);
#2189=ORIENTED_EDGE('',*,*,#1496,.T.);
#2190=ORIENTED_EDGE('',*,*,#1497,.F.);
#2191=ORIENTED_EDGE('',*,*,#1494,.F.);
#2192=ORIENTED_EDGE('',*,*,#1492,.F.);
#2193=ORIENTED_EDGE('',*,*,#1292,.F.);
#2194=ORIENTED_EDGE('',*,*,#1138,.F.);
#2195=ORIENTED_EDGE('',*,*,#1171,.F.);
#2196=ORIENTED_EDGE('',*,*,#1498,.T.);
#2197=ORIENTED_EDGE('',*,*,#1495,.T.);
#2198=ORIENTED_EDGE('',*,*,#1497,.T.);
#2199=ORIENTED_EDGE('',*,*,#1499,.T.);
#2200=ORIENTED_EDGE('',*,*,#1294,.F.);
#2201=ORIENTED_EDGE('',*,*,#1500,.T.);
#2202=ORIENTED_EDGE('',*,*,#1169,.F.);
#2203=ORIENTED_EDGE('',*,*,#1262,.F.);
#2204=ORIENTED_EDGE('',*,*,#1483,.F.);
#2205=ORIENTED_EDGE('',*,*,#1293,.F.);
#2206=ORIENTED_EDGE('',*,*,#1499,.F.);
#2207=ORIENTED_EDGE('',*,*,#1496,.F.);
#2208=ORIENTED_EDGE('',*,*,#1491,.F.);
#2209=ORIENTED_EDGE('',*,*,#1489,.F.);
#2210=ORIENTED_EDGE('',*,*,#1485,.F.);
#2211=ORIENTED_EDGE('',*,*,#1493,.F.);
#2212=ORIENTED_EDGE('',*,*,#1498,.F.);
#2213=ORIENTED_EDGE('',*,*,#1170,.F.);
#2214=ORIENTED_EDGE('',*,*,#1500,.F.);
#2215=ORIENTED_EDGE('',*,*,#1388,.F.);
#2216=ORIENTED_EDGE('',*,*,#1374,.T.);
#2217=ORIENTED_EDGE('',*,*,#1259,.T.);
#2218=ORIENTED_EDGE('',*,*,#1468,.F.);
#2219=ORIENTED_EDGE('',*,*,#1438,.T.);
#2220=ORIENTED_EDGE('',*,*,#1459,.F.);
#2221=ORIENTED_EDGE('',*,*,#1501,.T.);
#2222=ORIENTED_EDGE('',*,*,#1263,.T.);
#2223=ORIENTED_EDGE('',*,*,#1167,.F.);
#2224=ORIENTED_EDGE('',*,*,#1407,.T.);
#2225=ORIENTED_EDGE('',*,*,#1441,.T.);
#2226=ORIENTED_EDGE('',*,*,#1445,.T.);
#2227=ORIENTED_EDGE('',*,*,#1447,.T.);
#2228=ORIENTED_EDGE('',*,*,#1413,.T.);
#2229=ORIENTED_EDGE('',*,*,#1458,.F.);
#2230=ORIENTED_EDGE('',*,*,#1448,.T.);
#2231=ORIENTED_EDGE('',*,*,#1264,.T.);
#2232=ORIENTED_EDGE('',*,*,#1501,.F.);
#2233=ORIENTED_EDGE('',*,*,#1433,.T.);
#2234=ORIENTED_EDGE('',*,*,#1150,.F.);
#2235=ORIENTED_EDGE('',*,*,#1274,.T.);
#2236=ORIENTED_EDGE('',*,*,#1502,.F.);
#2237=ORIENTED_EDGE('',*,*,#1466,.F.);
#2238=ORIENTED_EDGE('',*,*,#1434,.T.);
#2239=ORIENTED_EDGE('',*,*,#1467,.F.);
#2240=ORIENTED_EDGE('',*,*,#1502,.T.);
#2241=ORIENTED_EDGE('',*,*,#1273,.T.);
#2242=ORIENTED_EDGE('',*,*,#1451,.F.);
#2243=ORIENTED_EDGE('',*,*,#1426,.T.);
#2244=ORIENTED_EDGE('',*,*,#1158,.F.);
#2245=ORIENTED_EDGE('',*,*,#1268,.T.);
#2246=ORIENTED_EDGE('',*,*,#1503,.F.);
#2247=ORIENTED_EDGE('',*,*,#1464,.F.);
#2248=ORIENTED_EDGE('',*,*,#1427,.T.);
#2249=ORIENTED_EDGE('',*,*,#1465,.F.);
#2250=ORIENTED_EDGE('',*,*,#1503,.T.);
#2251=ORIENTED_EDGE('',*,*,#1267,.T.);
#2252=ORIENTED_EDGE('',*,*,#1453,.F.);
#2253=ORIENTED_EDGE('',*,*,#1421,.T.);
#2254=ORIENTED_EDGE('',*,*,#1154,.F.);
#2255=ORIENTED_EDGE('',*,*,#1271,.T.);
#2256=ORIENTED_EDGE('',*,*,#1504,.F.);
#2257=ORIENTED_EDGE('',*,*,#1462,.F.);
#2258=ORIENTED_EDGE('',*,*,#1422,.T.);
#2259=ORIENTED_EDGE('',*,*,#1463,.F.);
#2260=ORIENTED_EDGE('',*,*,#1504,.T.);
#2261=ORIENTED_EDGE('',*,*,#1270,.T.);
#2262=ORIENTED_EDGE('',*,*,#1455,.F.);
#2263=ORIENTED_EDGE('',*,*,#1418,.T.);
#2264=ORIENTED_EDGE('',*,*,#1461,.F.);
#2265=ORIENTED_EDGE('',*,*,#1484,.T.);
#2266=ORIENTED_EDGE('',*,*,#1275,.T.);
#2267=ORIENTED_EDGE('',*,*,#1148,.F.);
#2268=ORIENTED_EDGE('',*,*,#1419,.T.);
#2269=ORIENTED_EDGE('',*,*,#1351,.T.);
#2270=ORIENTED_EDGE('',*,*,#1378,.T.);
#2271=ORIENTED_EDGE('',*,*,#1470,.T.);
#2272=ORIENTED_EDGE('',*,*,#1472,.T.);
#2273=PLANE('',#2474);
#2274=PLANE('',#2475);
#2275=PLANE('',#2476);
#2276=PLANE('',#2477);
#2277=PLANE('',#2478);
#2278=PLANE('',#2480);
#2279=PLANE('',#2481);
#2280=PLANE('',#2482);
#2281=PLANE('',#2483);
#2282=PLANE('',#2484);
#2283=PLANE('',#2485);
#2284=PLANE('',#2486);
#2285=PLANE('',#2487);
#2286=PLANE('',#2488);
#2287=PLANE('',#2489);
#2288=PLANE('',#2490);
#2289=PLANE('',#2491);
#2290=PLANE('',#2492);
#2291=PLANE('',#2493);
#2292=PLANE('',#2494);
#2293=PLANE('',#2495);
#2294=PLANE('',#2496);
#2295=PLANE('',#2497);
#2296=PLANE('',#2502);
#2297=PLANE('',#2503);
#2298=PLANE('',#2504);
#2299=PLANE('',#2505);
#2300=PLANE('',#2506);
#2301=PLANE('',#2507);
#2302=PLANE('',#2508);
#2303=PLANE('',#2520);
#2304=PLANE('',#2522);
#2305=PLANE('',#2523);
#2306=PLANE('',#2524);
#2307=PLANE('',#2525);
#2308=PLANE('',#2526);
#2309=PLANE('',#2527);
#2310=PLANE('',#2528);
#2311=PLANE('',#2529);
#2312=PLANE('',#2530);
#2313=PLANE('',#2531);
#2314=PLANE('',#2532);
#2315=PLANE('',#2544);
#2316=PLANE('',#2546);
#2317=PLANE('',#2547);
#2318=PLANE('',#2548);
#2319=PLANE('',#2549);
#2320=PLANE('',#2550);
#2321=PLANE('',#2551);
#2322=PLANE('',#2552);
#2323=PLANE('',#2553);
#2324=PLANE('',#2554);
#2325=PLANE('',#2555);
#2326=PLANE('',#2556);
#2327=PLANE('',#2557);
#2328=PLANE('',#2558);
#2329=PLANE('',#2559);
#2330=PLANE('',#2560);
#2331=PLANE('',#2561);
#2332=PLANE('',#2562);
#2333=PLANE('',#2563);
#2334=PLANE('',#2564);
#2335=PLANE('',#2569);
#2336=PLANE('',#2574);
#2337=PLANE('',#2575);
#2338=PLANE('',#2576);
#2339=PLANE('',#2577);
#2340=PLANE('',#2578);
#2341=PLANE('',#2579);
#2342=PLANE('',#2580);
#2343=PLANE('',#2581);
#2344=PLANE('',#2582);
#2345=PLANE('',#2583);
#2346=PLANE('',#2584);
#2347=PLANE('',#2585);
#2348=ADVANCED_FACE('',(#287),#2273,.F.);
#2349=ADVANCED_FACE('',(#288),#2274,.F.);
#2350=ADVANCED_FACE('',(#289),#2275,.F.);
#2351=ADVANCED_FACE('',(#290),#2276,.F.);
#2352=ADVANCED_FACE('',(#291),#2277,.F.);
#2353=ADVANCED_FACE('',(#292),#2278,.T.);
#2354=ADVANCED_FACE('',(#293),#2279,.T.);
#2355=ADVANCED_FACE('',(#294),#2280,.T.);
#2356=ADVANCED_FACE('',(#295),#2281,.T.);
#2357=ADVANCED_FACE('',(#296),#2282,.T.);
#2358=ADVANCED_FACE('',(#297),#2283,.T.);
#2359=ADVANCED_FACE('',(#298),#2284,.T.);
#2360=ADVANCED_FACE('',(#299),#2285,.F.);
#2361=ADVANCED_FACE('',(#300),#2286,.F.);
#2362=ADVANCED_FACE('',(#301),#2287,.F.);
#2363=ADVANCED_FACE('',(#302),#2288,.T.);
#2364=ADVANCED_FACE('',(#303),#2289,.T.);
#2365=ADVANCED_FACE('',(#304),#2290,.F.);
#2366=ADVANCED_FACE('',(#305,#89),#2291,.T.);
#2367=ADVANCED_FACE('',(#306),#2292,.T.);
#2368=ADVANCED_FACE('',(#307),#2293,.T.);
#2369=ADVANCED_FACE('',(#308),#2294,.F.);
#2370=ADVANCED_FACE('',(#309),#47,.T.);
#2371=ADVANCED_FACE('',(#310),#2295,.F.);
#2372=ADVANCED_FACE('',(#311),#48,.F.);
#2373=ADVANCED_FACE('',(#312),#49,.T.);
#2374=ADVANCED_FACE('',(#313),#50,.T.);
#2375=ADVANCED_FACE('',(#314),#2296,.T.);
#2376=ADVANCED_FACE('',(#315),#2297,.T.);
#2377=ADVANCED_FACE('',(#316),#51,.T.);
#2378=ADVANCED_FACE('',(#317),#52,.T.);
#2379=ADVANCED_FACE('',(#318),#2298,.T.);
#2380=ADVANCED_FACE('',(#319),#2299,.T.);
#2381=ADVANCED_FACE('',(#320),#2300,.T.);
#2382=ADVANCED_FACE('',(#321),#2301,.T.);
#2383=ADVANCED_FACE('',(#322),#2302,.T.);
#2384=ADVANCED_FACE('',(#323),#21,.F.);
#2385=ADVANCED_FACE('',(#324),#53,.T.);
#2386=ADVANCED_FACE('',(#325),#54,.T.);
#2387=ADVANCED_FACE('',(#326),#55,.T.);
#2388=ADVANCED_FACE('',(#327),#56,.T.);
#2389=ADVANCED_FACE('',(#328),#57,.T.);
#2390=ADVANCED_FACE('',(#329),#58,.T.);
#2391=ADVANCED_FACE('',(#330),#59,.T.);
#2392=ADVANCED_FACE('',(#331),#60,.T.);
#2393=ADVANCED_FACE('',(#332),#61,.T.);
#2394=ADVANCED_FACE('',(#333),#62,.T.);
#2395=ADVANCED_FACE('',(#334),#63,.T.);
#2396=ADVANCED_FACE('',(#335),#2303,.T.);
#2397=ADVANCED_FACE('',(#336),#64,.T.);
#2398=ADVANCED_FACE('',(#337),#2304,.T.);
#2399=ADVANCED_FACE('',(#338),#2305,.T.);
#2400=ADVANCED_FACE('',(#339),#2306,.T.);
#2401=ADVANCED_FACE('',(#340),#2307,.T.);
#2402=ADVANCED_FACE('',(#341),#2308,.T.);
#2403=ADVANCED_FACE('',(#342),#2309,.T.);
#2404=ADVANCED_FACE('',(#343),#2310,.T.);
#2405=ADVANCED_FACE('',(#344),#2311,.T.);
#2406=ADVANCED_FACE('',(#345),#2312,.T.);
#2407=ADVANCED_FACE('',(#346),#2313,.T.);
#2408=ADVANCED_FACE('',(#347),#2314,.F.);
#2409=ADVANCED_FACE('',(#348),#65,.F.);
#2410=ADVANCED_FACE('',(#349),#66,.F.);
#2411=ADVANCED_FACE('',(#350),#67,.F.);
#2412=ADVANCED_FACE('',(#351),#68,.F.);
#2413=ADVANCED_FACE('',(#352),#69,.F.);
#2414=ADVANCED_FACE('',(#353),#70,.F.);
#2415=ADVANCED_FACE('',(#354),#22,.F.);
#2416=ADVANCED_FACE('',(#355),#71,.F.);
#2417=ADVANCED_FACE('',(#356),#72,.F.);
#2418=ADVANCED_FACE('',(#357),#73,.F.);
#2419=ADVANCED_FACE('',(#358),#74,.F.);
#2420=ADVANCED_FACE('',(#359),#75,.F.);
#2421=ADVANCED_FACE('',(#360),#2315,.F.);
#2422=ADVANCED_FACE('',(#361),#76,.F.);
#2423=ADVANCED_FACE('',(#362),#2316,.T.);
#2424=ADVANCED_FACE('',(#363),#2317,.T.);
#2425=ADVANCED_FACE('',(#364),#2318,.T.);
#2426=ADVANCED_FACE('',(#365),#2319,.T.);
#2427=ADVANCED_FACE('',(#366),#2320,.T.);
#2428=ADVANCED_FACE('',(#367),#2321,.T.);
#2429=ADVANCED_FACE('',(#368),#2322,.T.);
#2430=ADVANCED_FACE('',(#369),#2323,.T.);
#2431=ADVANCED_FACE('',(#370),#2324,.T.);
#2432=ADVANCED_FACE('',(#371),#2325,.T.);
#2433=ADVANCED_FACE('',(#372),#2326,.T.);
#2434=ADVANCED_FACE('',(#373),#2327,.T.);
#2435=ADVANCED_FACE('',(#374),#2328,.T.);
#2436=ADVANCED_FACE('',(#375),#2329,.T.);
#2437=ADVANCED_FACE('',(#376),#2330,.T.);
#2438=ADVANCED_FACE('',(#377),#2331,.T.);
#2439=ADVANCED_FACE('',(#378),#2332,.T.);
#2440=ADVANCED_FACE('',(#379),#2333,.T.);
#2441=ADVANCED_FACE('',(#380),#2334,.T.);
#2442=ADVANCED_FACE('',(#381),#77,.T.);
#2443=ADVANCED_FACE('',(#382),#78,.T.);
#2444=ADVANCED_FACE('',(#383),#79,.T.);
#2445=ADVANCED_FACE('',(#384),#80,.T.);
#2446=ADVANCED_FACE('',(#385),#81,.T.);
#2447=ADVANCED_FACE('',(#386),#82,.T.);
#2448=ADVANCED_FACE('',(#387),#83,.T.);
#2449=ADVANCED_FACE('',(#388),#84,.T.);
#2450=ADVANCED_FACE('',(#389),#85,.T.);
#2451=ADVANCED_FACE('',(#390),#86,.T.);
#2452=ADVANCED_FACE('',(#391),#2335,.T.);
#2453=ADVANCED_FACE('',(#392),#16,.F.);
#2454=ADVANCED_FACE('',(#393),#17,.F.);
#2455=ADVANCED_FACE('',(#394),#18,.F.);
#2456=ADVANCED_FACE('',(#395),#87,.F.);
#2457=ADVANCED_FACE('',(#396),#88,.F.);
#2458=ADVANCED_FACE('',(#397),#19,.F.);
#2459=ADVANCED_FACE('',(#398),#20,.T.);
#2460=ADVANCED_FACE('',(#399),#2336,.F.);
#2461=ADVANCED_FACE('',(#400),#2337,.T.);
#2462=ADVANCED_FACE('',(#401),#2338,.T.);
#2463=ADVANCED_FACE('',(#402),#2339,.T.);
#2464=ADVANCED_FACE('',(#403),#2340,.T.);
#2465=ADVANCED_FACE('',(#404),#2341,.T.);
#2466=ADVANCED_FACE('',(#405),#2342,.T.);
#2467=ADVANCED_FACE('',(#406),#2343,.T.);
#2468=ADVANCED_FACE('',(#407),#2344,.T.);
#2469=ADVANCED_FACE('',(#408),#2345,.T.);
#2470=ADVANCED_FACE('',(#409),#2346,.T.);
#2471=ADVANCED_FACE('',(#410),#2347,.T.);
#2472=CLOSED_SHELL('',(#2348,#2349,#2350,#2351,#2352,#2353,#2354,#2355,
#2356,#2357,#2358,#2359,#2360,#2361,#2362,#2363,#2364,#2365,#2366,#2367,
#2368,#2369,#2370,#2371,#2372,#2373,#2374,#2375,#2376,#2377,#2378,#2379,
#2380,#2381,#2382,#2383,#2384,#2385,#2386,#2387,#2388,#2389,#2390,#2391,
#2392,#2393,#2394,#2395,#2396,#2397,#2398,#2399,#2400,#2401,#2402,#2403,
#2404,#2405,#2406,#2407,#2408,#2409,#2410,#2411,#2412,#2413,#2414,#2415,
#2416,#2417,#2418,#2419,#2420,#2421,#2422,#2423,#2424,#2425,#2426,#2427,
#2428,#2429,#2430,#2431,#2432,#2433,#2434,#2435,#2436,#2437,#2438,#2439,
#2440,#2441,#2442,#2443,#2444,#2445,#2446,#2447,#2448,#2449,#2450,#2451,
#2452,#2453,#2454,#2455,#2456,#2457,#2458,#2459,#2460,#2461,#2462,#2463,
#2464,#2465,#2466,#2467,#2468,#2469,#2470,#2471));
#2473=AXIS2_PLACEMENT_3D('',#2974,#2586,#2587);
#2474=AXIS2_PLACEMENT_3D('',#2975,#2588,#2589);
#2475=AXIS2_PLACEMENT_3D('',#2984,#2594,#2595);
#2476=AXIS2_PLACEMENT_3D('',#2994,#2601,#2602);
#2477=AXIS2_PLACEMENT_3D('',#3000,#2606,#2607);
#2478=AXIS2_PLACEMENT_3D('',#3007,#2612,#2613);
#2479=AXIS2_PLACEMENT_3D('',#3011,#2615,#2616);
#2480=AXIS2_PLACEMENT_3D('',#3013,#2618,#2619);
#2481=AXIS2_PLACEMENT_3D('',#3150,#2637,#2638);
#2482=AXIS2_PLACEMENT_3D('',#3159,#2643,#2644);
#2483=AXIS2_PLACEMENT_3D('',#3177,#2651,#2652);
#2484=AXIS2_PLACEMENT_3D('',#3183,#2656,#2657);
#2485=AXIS2_PLACEMENT_3D('',#3192,#2663,#2664);
#2486=AXIS2_PLACEMENT_3D('',#3194,#2666,#2667);
#2487=AXIS2_PLACEMENT_3D('',#3206,#2674,#2675);
#2488=AXIS2_PLACEMENT_3D('',#3212,#2679,#2680);
#2489=AXIS2_PLACEMENT_3D('',#3218,#2684,#2685);
#2490=AXIS2_PLACEMENT_3D('',#3224,#2689,#2690);
#2491=AXIS2_PLACEMENT_3D('',#3239,#2696,#2697);
#2492=AXIS2_PLACEMENT_3D('',#3242,#2700,#2701);
#2493=AXIS2_PLACEMENT_3D('',#3309,#2708,#2709);
#2494=AXIS2_PLACEMENT_3D('',#3311,#2711,#2712);
#2495=AXIS2_PLACEMENT_3D('',#3313,#2714,#2715);
#2496=AXIS2_PLACEMENT_3D('',#3315,#2717,#2718);
#2497=AXIS2_PLACEMENT_3D('',#3459,#2719,#2720);
#2498=AXIS2_PLACEMENT_3D('',#3480,#2721,#2722);
#2499=AXIS2_PLACEMENT_3D('',#3655,#2723,#2724);
#2500=AXIS2_PLACEMENT_3D('',#3845,#2725,#2726);
#2501=AXIS2_PLACEMENT_3D('',#4015,#2727,#2728);
#2502=AXIS2_PLACEMENT_3D('',#4016,#2729,#2730);
#2503=AXIS2_PLACEMENT_3D('',#4054,#2732,#2733);
#2504=AXIS2_PLACEMENT_3D('',#4082,#2736,#2737);
#2505=AXIS2_PLACEMENT_3D('',#4086,#2740,#2741);
#2506=AXIS2_PLACEMENT_3D('',#4090,#2744,#2745);
#2507=AXIS2_PLACEMENT_3D('',#4092,#2747,#2748);
#2508=AXIS2_PLACEMENT_3D('',#4214,#2763,#2764);
#2509=AXIS2_PLACEMENT_3D('',#4244,#2766,#2767);
#2510=AXIS2_PLACEMENT_3D('',#4245,#2768,#2769);
#2511=AXIS2_PLACEMENT_3D('',#4247,#2770,#2771);
#2512=AXIS2_PLACEMENT_3D('',#4256,#2772,#2773);
#2513=AXIS2_PLACEMENT_3D('',#4309,#2774,#2775);
#2514=AXIS2_PLACEMENT_3D('',#4311,#2776,#2777);
#2515=AXIS2_PLACEMENT_3D('',#5574,#2778,#2779);
#2516=AXIS2_PLACEMENT_3D('',#5726,#2780,#2781);
#2517=AXIS2_PLACEMENT_3D('',#5732,#2782,#2783);
#2518=AXIS2_PLACEMENT_3D('',#5757,#2784,#2785);
#2519=AXIS2_PLACEMENT_3D('',#5774,#2786,#2787);
#2520=AXIS2_PLACEMENT_3D('',#5775,#2788,#2789);
#2521=AXIS2_PLACEMENT_3D('',#5777,#2791,#2792);
#2522=AXIS2_PLACEMENT_3D('',#5794,#2793,#2794);
#2523=AXIS2_PLACEMENT_3D('',#5804,#2797,#2798);
#2524=AXIS2_PLACEMENT_3D('',#5812,#2801,#2802);
#2525=AXIS2_PLACEMENT_3D('',#5820,#2805,#2806);
#2526=AXIS2_PLACEMENT_3D('',#5828,#2809,#2810);
#2527=AXIS2_PLACEMENT_3D('',#5836,#2813,#2814);
#2528=AXIS2_PLACEMENT_3D('',#5840,#2817,#2818);
#2529=AXIS2_PLACEMENT_3D('',#5844,#2821,#2822);
#2530=AXIS2_PLACEMENT_3D('',#5848,#2825,#2826);
#2531=AXIS2_PLACEMENT_3D('',#5852,#2829,#2830);
#2532=AXIS2_PLACEMENT_3D('',#5853,#2831,#2832);
#2533=AXIS2_PLACEMENT_3D('',#5858,#2834,#2835);
#2534=AXIS2_PLACEMENT_3D('',#5901,#2836,#2837);
#2535=AXIS2_PLACEMENT_3D('',#5907,#2838,#2839);
#2536=AXIS2_PLACEMENT_3D('',#6182,#2840,#2841);
#2537=AXIS2_PLACEMENT_3D('',#6997,#2842,#2843);
#2538=AXIS2_PLACEMENT_3D('',#6999,#2844,#2845);
#2539=AXIS2_PLACEMENT_3D('',#7000,#2846,#2847);
#2540=AXIS2_PLACEMENT_3D('',#7344,#2848,#2849);
#2541=AXIS2_PLACEMENT_3D('',#7345,#2850,#2851);
#2542=AXIS2_PLACEMENT_3D('',#7386,#2852,#2853);
#2543=AXIS2_PLACEMENT_3D('',#7403,#2854,#2855);
#2544=AXIS2_PLACEMENT_3D('',#7404,#2856,#2857);
#2545=AXIS2_PLACEMENT_3D('',#7407,#2859,#2860);
#2546=AXIS2_PLACEMENT_3D('',#7448,#2861,#2862);
#2547=AXIS2_PLACEMENT_3D('',#7452,#2865,#2866);
#2548=AXIS2_PLACEMENT_3D('',#7456,#2869,#2870);
#2549=AXIS2_PLACEMENT_3D('',#7460,#2873,#2874);
#2550=AXIS2_PLACEMENT_3D('',#7464,#2877,#2878);
#2551=AXIS2_PLACEMENT_3D('',#7468,#2881,#2882);
#2552=AXIS2_PLACEMENT_3D('',#7472,#2885,#2886);
#2553=AXIS2_PLACEMENT_3D('',#7476,#2889,#2890);
#2554=AXIS2_PLACEMENT_3D('',#7480,#2893,#2894);
#2555=AXIS2_PLACEMENT_3D('',#7484,#2897,#2898);
#2556=AXIS2_PLACEMENT_3D('',#7488,#2901,#2902);
#2557=AXIS2_PLACEMENT_3D('',#7494,#2904,#2905);
#2558=AXIS2_PLACEMENT_3D('',#7498,#2908,#2909);
#2559=AXIS2_PLACEMENT_3D('',#7504,#2911,#2912);
#2560=AXIS2_PLACEMENT_3D('',#7506,#2914,#2915);
#2561=AXIS2_PLACEMENT_3D('',#7511,#2916,#2917);
#2562=AXIS2_PLACEMENT_3D('',#7513,#2919,#2920);
#2563=AXIS2_PLACEMENT_3D('',#7518,#2921,#2922);
#2564=AXIS2_PLACEMENT_3D('',#7520,#2924,#2925);
#2565=AXIS2_PLACEMENT_3D('',#7549,#2926,#2927);
#2566=AXIS2_PLACEMENT_3D('',#7550,#2928,#2929);
#2567=AXIS2_PLACEMENT_3D('',#7591,#2930,#2931);
#2568=AXIS2_PLACEMENT_3D('',#7696,#2932,#2933);
#2569=AXIS2_PLACEMENT_3D('',#7713,#2934,#2935);
#2570=AXIS2_PLACEMENT_3D('',#7785,#2938,#2939);
#2571=AXIS2_PLACEMENT_3D('',#8020,#2940,#2941);
#2572=AXIS2_PLACEMENT_3D('',#8021,#2942,#2943);
#2573=AXIS2_PLACEMENT_3D('',#8036,#2944,#2945);
#2574=AXIS2_PLACEMENT_3D('',#8037,#2946,#2947);
#2575=AXIS2_PLACEMENT_3D('',#8038,#2948,#2949);
#2576=AXIS2_PLACEMENT_3D('',#8039,#2950,#2951);
#2577=AXIS2_PLACEMENT_3D('',#8041,#2953,#2954);
#2578=AXIS2_PLACEMENT_3D('',#8042,#2955,#2956);
#2579=AXIS2_PLACEMENT_3D('',#8044,#2958,#2959);
#2580=AXIS2_PLACEMENT_3D('',#8045,#2960,#2961);
#2581=AXIS2_PLACEMENT_3D('',#8047,#2963,#2964);
#2582=AXIS2_PLACEMENT_3D('',#8048,#2965,#2966);
#2583=AXIS2_PLACEMENT_3D('',#8050,#2968,#2969);
#2584=AXIS2_PLACEMENT_3D('',#8051,#2970,#2971);
#2585=AXIS2_PLACEMENT_3D('',#8052,#2972,#2973);
#2586=DIRECTION('axis',(0.,0.,1.));
#2587=DIRECTION('refdir',(1.,0.,0.));
#2588=DIRECTION('center_axis',(3.62962735667837E-15,-1.08676365028941E-17,
-1.));
#2589=DIRECTION('ref_axis',(2.83106871279415E-15,-1.,1.08676365029044E-17));
#2590=DIRECTION('',(0.,-1.,1.08676365028941E-17));
#2591=DIRECTION('',(-1.,-3.94454707533534E-32,-3.62962735667837E-15));
#2592=DIRECTION('',(0.,-1.,1.08676365028941E-17));
#2593=DIRECTION('',(1.,3.94454707533534E-32,3.62962735667837E-15));
#2594=DIRECTION('center_axis',(0.,-1.,1.08676365028976E-17));
#2595=DIRECTION('ref_axis',(-2.4293862489755E-15,1.08676365028975E-17,1.));
#2596=DIRECTION('',(0.,1.08676365028976E-17,1.));
#2597=DIRECTION('',(0.,1.08676365028976E-17,1.));
#2598=DIRECTION('',(-1.,0.,0.));
#2599=DIRECTION('',(0.,-1.08676365028976E-17,-1.));
#2600=DIRECTION('',(-1.,-3.94454707533534E-32,-3.62962735667837E-15));
#2601=DIRECTION('center_axis',(-3.62962735667837E-15,1.08676365028941E-17,
1.));
#2602=DIRECTION('ref_axis',(-2.83106871279415E-15,1.,-1.08676365029044E-17));
#2603=DIRECTION('',(0.,1.,-1.08676365028941E-17));
#2604=DIRECTION('',(0.,-1.,1.08676365028941E-17));
#2605=DIRECTION('',(-1.,-3.94454707533534E-32,-3.62962735667837E-15));
#2606=DIRECTION('center_axis',(0.,1.,-1.08676365028976E-17));
#2607=DIRECTION('ref_axis',(2.42936233749109E-15,-1.08676365028974E-17,
-1.));
#2608=DIRECTION('',(0.,-1.08676365028976E-17,-1.));
#2609=DIRECTION('',(0.,1.08676365028976E-17,1.));
#2610=DIRECTION('',(1.,0.,0.));
#2611=DIRECTION('',(0.,-1.08676365028976E-17,-1.));
#2612=DIRECTION('center_axis',(1.,0.,0.));
#2613=DIRECTION('ref_axis',(0.,1.,0.));
#2614=DIRECTION('',(0.,-1.,0.));
#2615=DIRECTION('center_axis',(-1.,0.,0.));
#2616=DIRECTION('ref_axis',(0.,1.19881246810675E-16,-1.));
#2617=DIRECTION('',(0.,-1.,0.));
#2618=DIRECTION('center_axis',(0.,0.,1.));
#2619=DIRECTION('ref_axis',(1.,0.,0.));
#2620=DIRECTION('',(0.,1.,0.));
#2621=DIRECTION('',(-1.,0.,0.));
#2622=DIRECTION('',(0.,-1.,0.));
#2623=DIRECTION('',(0.,-1.,0.));
#2624=DIRECTION('',(0.,1.,0.));
#2625=DIRECTION('',(0.,-1.,0.));
#2626=DIRECTION('',(0.,1.,0.));
#2627=DIRECTION('',(0.,-1.,0.));
#2628=DIRECTION('',(0.,1.,0.));
#2629=DIRECTION('',(0.,-1.,0.));
#2630=DIRECTION('',(0.,1.,0.));
#2631=DIRECTION('',(0.,-1.,0.));
#2632=DIRECTION('',(0.104967143805716,-0.994475690362148,0.));
#2633=DIRECTION('',(0.,1.,0.));
#2634=DIRECTION('',(1.,0.,0.));
#2635=DIRECTION('',(0.,-1.,0.));
#2636=DIRECTION('',(-1.,0.,0.));
#2637=DIRECTION('center_axis',(-1.,0.,0.));
#2638=DIRECTION('ref_axis',(0.,0.,1.));
#2639=DIRECTION('',(0.,-1.,0.));
#2640=DIRECTION('',(0.,0.,1.));
#2641=DIRECTION('',(0.,1.,0.));
#2642=DIRECTION('',(0.,0.,1.));
#2643=DIRECTION('center_axis',(0.,0.,1.));
#2644=DIRECTION('ref_axis',(-1.,0.,0.));
#2645=DIRECTION('',(0.,1.,0.));
#2646=DIRECTION('',(-1.,0.,0.));
#2647=DIRECTION('',(0.,1.,0.));
#2648=DIRECTION('',(1.,0.,0.));
#2649=DIRECTION('',(0.,-1.,0.));
#2650=DIRECTION('',(1.,0.,0.));
#2651=DIRECTION('center_axis',(0.,0.,1.));
#2652=DIRECTION('ref_axis',(1.,0.,0.));
#2653=DIRECTION('',(1.,0.,0.));
#2654=DIRECTION('',(0.,1.,0.));
#2655=DIRECTION('',(1.,0.,0.));
#2656=DIRECTION('center_axis',(0.,-1.,0.));
#2657=DIRECTION('ref_axis',(1.,0.,0.));
#2658=DIRECTION('',(0.,0.,-1.));
#2659=DIRECTION('',(0.,0.,1.));
#2660=DIRECTION('',(1.,0.,0.));
#2661=DIRECTION('',(0.,0.,1.));
#2662=DIRECTION('',(1.,0.,0.));
#2663=DIRECTION('center_axis',(1.,0.,0.));
#2664=DIRECTION('ref_axis',(0.,0.,-1.));
#2665=DIRECTION('',(0.,0.,-1.));
#2666=DIRECTION('center_axis',(0.,0.,1.));
#2667=DIRECTION('ref_axis',(-1.,0.,0.));
#2668=DIRECTION('',(0.,1.,0.));
#2669=DIRECTION('',(-1.,0.,0.));
#2670=DIRECTION('',(0.,-1.,0.));
#2671=DIRECTION('',(1.,0.,0.));
#2672=DIRECTION('',(0.,-1.,0.));
#2673=DIRECTION('',(-1.,0.,0.));
#2674=DIRECTION('center_axis',(1.,0.,0.));
#2675=DIRECTION('ref_axis',(0.,0.,1.));
#2676=DIRECTION('',(0.,0.,-1.));
#2677=DIRECTION('',(0.,0.,1.));
#2678=DIRECTION('',(0.,-1.,0.));
#2679=DIRECTION('center_axis',(0.,0.,-1.));
#2680=DIRECTION('ref_axis',(1.,0.,0.));
#2681=DIRECTION('',(-1.,0.,0.));
#2682=DIRECTION('',(1.,0.,0.));
#2683=DIRECTION('',(0.,-1.,0.));
#2684=DIRECTION('center_axis',(-1.,0.,0.));
#2685=DIRECTION('ref_axis',(0.,0.,-1.));
#2686=DIRECTION('',(0.,0.,1.));
#2687=DIRECTION('',(0.,0.,-1.));
#2688=DIRECTION('',(0.,1.,0.));
#2689=DIRECTION('center_axis',(0.,0.,1.));
#2690=DIRECTION('ref_axis',(-1.,0.,0.));
#2691=DIRECTION('',(-1.,0.,0.));
#2692=DIRECTION('',(0.,-1.,0.));
#2693=DIRECTION('',(1.,0.,0.));
#2694=DIRECTION('',(0.,1.,0.));
#2695=DIRECTION('',(1.,0.,0.));
#2696=DIRECTION('center_axis',(0.,-1.,0.));
#2697=DIRECTION('ref_axis',(1.,0.,0.));
#2698=DIRECTION('',(0.,0.,1.));
#2699=DIRECTION('',(0.,0.,1.));
#2700=DIRECTION('center_axis',(0.,0.,1.));
#2701=DIRECTION('ref_axis',(1.,0.,0.));
#2702=DIRECTION('',(-1.,0.,0.));
#2703=DIRECTION('',(1.,0.,0.));
#2704=DIRECTION('',(0.,-1.,0.));
#2705=DIRECTION('',(-1.,0.,0.));
#2706=DIRECTION('',(0.,1.,0.));
#2707=DIRECTION('',(0.,-1.,0.));
#2708=DIRECTION('center_axis',(1.,0.,0.));
#2709=DIRECTION('ref_axis',(0.,1.,0.));
#2710=DIRECTION('',(0.,0.,1.));
#2711=DIRECTION('center_axis',(0.,1.,0.));
#2712=DIRECTION('ref_axis',(-1.,0.,0.));
#2713=DIRECTION('',(0.,0.,1.));
#2714=DIRECTION('center_axis',(-1.,0.,0.));
#2715=DIRECTION('ref_axis',(0.,-1.,0.));
#2716=DIRECTION('',(0.,0.,1.));
#2717=DIRECTION('center_axis',(0.,1.,0.));
#2718=DIRECTION('ref_axis',(1.,0.,0.));
#2719=DIRECTION('center_axis',(1.,0.,0.));
#2720=DIRECTION('ref_axis',(0.,0.,-1.));
#2721=DIRECTION('center_axis',(1.,0.,0.));
#2722=DIRECTION('ref_axis',(0.,1.,4.53034369736952E-17));
#2723=DIRECTION('center_axis',(1.,0.,0.));
#2724=DIRECTION('ref_axis',(0.,1.,4.53034369736952E-17));
#2725=DIRECTION('center_axis',(1.,0.,0.));
#2726=DIRECTION('ref_axis',(0.,-1.99951400577333E-18,-1.));
#2727=DIRECTION('center_axis',(1.,0.,0.));
#2728=DIRECTION('ref_axis',(0.,1.,4.53034369736952E-17));
#2729=DIRECTION('center_axis',(0.,1.,0.));
#2730=DIRECTION('ref_axis',(1.,0.,0.));
#2731=DIRECTION('',(0.,0.,1.));
#2732=DIRECTION('center_axis',(1.,0.,0.));
#2733=DIRECTION('ref_axis',(0.,1.,0.));
#2734=DIRECTION('',(0.,0.,1.));
#2735=DIRECTION('',(0.,0.,1.));
#2736=DIRECTION('center_axis',(1.,0.,0.));
#2737=DIRECTION('ref_axis',(0.,1.,0.));
#2738=DIRECTION('',(0.,-1.,0.));
#2739=DIRECTION('',(0.,0.,1.));
#2740=DIRECTION('center_axis',(0.,1.,0.));
#2741=DIRECTION('ref_axis',(-1.,0.,0.));
#2742=DIRECTION('',(0.,0.,1.));
#2743=DIRECTION('',(1.,0.,0.));
#2744=DIRECTION('center_axis',(-1.,0.,0.));
#2745=DIRECTION('ref_axis',(0.,-1.,0.));
#2746=DIRECTION('',(0.,1.,0.));
#2747=DIRECTION('center_axis',(0.,0.,1.));
#2748=DIRECTION('ref_axis',(1.,0.,0.));
#2749=DIRECTION('',(1.,0.,0.));
#2750=DIRECTION('',(0.,-1.,0.));
#2751=DIRECTION('',(-1.,0.,0.));
#2752=DIRECTION('',(0.,1.,0.));
#2753=DIRECTION('',(-0.104967143805716,-0.994475690362148,0.));
#2754=DIRECTION('',(0.,-1.,0.));
#2755=DIRECTION('',(0.,1.,0.));
#2756=DIRECTION('',(0.,-1.,0.));
#2757=DIRECTION('',(0.,1.,0.));
#2758=DIRECTION('',(0.,-1.,0.));
#2759=DIRECTION('',(0.,1.,0.));
#2760=DIRECTION('',(0.,-1.,0.));
#2761=DIRECTION('',(0.,1.,0.));
#2762=DIRECTION('',(0.,-1.,0.));
#2763=DIRECTION('center_axis',(0.99991025011245,-4.06539679175633E-19,0.0133974519987211));
#2764=DIRECTION('ref_axis',(0.0133974519987211,-5.42061256025249E-21,-0.99991025011245));
#2765=DIRECTION('',(4.06576169341112E-19,1.,0.));
#2766=DIRECTION('center_axis',(0.99991025011245,-4.06539679175633E-19,0.0133974519987211));
#2767=DIRECTION('ref_axis',(0.0133974519987211,-5.42061256025249E-21,-0.99991025011245));
#2768=DIRECTION('center_axis',(0.99991025011245,0.,0.0133974519987311));
#2769=DIRECTION('ref_axis',(0.0133974519987311,-5.42061256025249E-21,-0.99991025011245));
#2770=DIRECTION('center_axis',(0.,0.,-1.));
#2771=DIRECTION('ref_axis',(1.,-7.26223965797017E-23,0.));
#2772=DIRECTION('center_axis',(0.99991025011245,-4.06539679175633E-19,0.0133974519987211));
#2773=DIRECTION('ref_axis',(0.0133974519987211,-5.42061256025249E-21,-0.99991025011245));
#2774=DIRECTION('center_axis',(-0.994427764324366,0.105420214099782,0.));
#2775=DIRECTION('ref_axis',(0.105420214099782,0.994427764324366,0.));
#2776=DIRECTION('center_axis',(-0.994427764324366,0.105420214099782,0.));
#2777=DIRECTION('ref_axis',(0.105420214099782,0.994427764324366,0.));
#2778=DIRECTION('center_axis',(-0.994475690362148,0.104967143805716,0.));
#2779=DIRECTION('ref_axis',(0.104967143805716,0.994475690362148,0.));
#2780=DIRECTION('center_axis',(0.994475690362148,-0.104967143805716,0.));
#2781=DIRECTION('ref_axis',(0.104967143805716,0.994475690362148,0.));
#2782=DIRECTION('center_axis',(0.994427764324366,-0.105420214099782,0.));
#2783=DIRECTION('ref_axis',(0.105420214099782,0.994427764324366,0.));
#2784=DIRECTION('center_axis',(0.994427764324366,-0.105420214099782,0.));
#2785=DIRECTION('ref_axis',(0.105420214099782,0.994427764324366,0.));
#2786=DIRECTION('center_axis',(0.994475690362148,-0.104967143805716,0.));
#2787=DIRECTION('ref_axis',(0.104967143805716,0.994475690362148,0.));
#2788=DIRECTION('center_axis',(-0.994475690362148,0.104967143805716,0.));
#2789=DIRECTION('ref_axis',(0.104967143805716,0.994475690362148,0.));
#2790=DIRECTION('',(0.,0.,1.));
#2791=DIRECTION('center_axis',(-0.994475690362148,0.104967143805716,0.));
#2792=DIRECTION('ref_axis',(0.104967143805716,0.994475690362148,0.));
#2793=DIRECTION('center_axis',(1.,0.,0.));
#2794=DIRECTION('ref_axis',(0.,-1.,0.));
#2795=DIRECTION('',(0.,0.,-1.));
#2796=DIRECTION('',(0.,1.,0.));
#2797=DIRECTION('center_axis',(1.,0.,0.));
#2798=DIRECTION('ref_axis',(0.,-1.,0.));
#2799=DIRECTION('',(0.,0.,-1.));
#2800=DIRECTION('',(0.,1.,0.));
#2801=DIRECTION('center_axis',(1.,0.,0.));
#2802=DIRECTION('ref_axis',(0.,-1.,0.));
#2803=DIRECTION('',(0.,0.,-1.));
#2804=DIRECTION('',(0.,1.,0.));
#2805=DIRECTION('center_axis',(1.,0.,0.));
#2806=DIRECTION('ref_axis',(0.,-1.,0.));
#2807=DIRECTION('',(0.,0.,-1.));
#2808=DIRECTION('',(0.,1.,0.));
#2809=DIRECTION('center_axis',(1.,0.,0.));
#2810=DIRECTION('ref_axis',(0.,-1.,0.));
#2811=DIRECTION('',(0.,0.,-1.));
#2812=DIRECTION('',(0.,1.,0.));
#2813=DIRECTION('center_axis',(0.,0.,1.));
#2814=DIRECTION('ref_axis',(1.,0.,0.));
#2815=DIRECTION('',(-1.,1.58603289232165E-16,0.));
#2816=DIRECTION('',(0.,-1.,0.));
#2817=DIRECTION('center_axis',(0.,0.,1.));
#2818=DIRECTION('ref_axis',(1.,0.,0.));
#2819=DIRECTION('',(-1.,0.,0.));
#2820=DIRECTION('',(0.,-1.,0.));
#2821=DIRECTION('center_axis',(0.,0.,1.));
#2822=DIRECTION('ref_axis',(1.,0.,0.));
#2823=DIRECTION('',(-1.,0.,0.));
#2824=DIRECTION('',(0.,-1.,0.));
#2825=DIRECTION('center_axis',(0.,0.,1.));
#2826=DIRECTION('ref_axis',(1.,0.,0.));
#2827=DIRECTION('',(-1.,-7.93016446160827E-17,0.));
#2828=DIRECTION('',(0.,-1.,0.));
#2829=DIRECTION('center_axis',(-1.,0.,0.));
#2830=DIRECTION('ref_axis',(0.,-1.,0.));
#2831=DIRECTION('center_axis',(-0.99991025011245,-4.06539679175633E-19,
-0.0133974519987211));
#2832=DIRECTION('ref_axis',(0.0133974519987211,5.42061256025249E-21,-0.99991025011245));
#2833=DIRECTION('',(-4.06576169341112E-19,1.,0.));
#2834=DIRECTION('center_axis',(-0.99991025011245,-4.06539679175633E-19,
-0.0133974519987211));
#2835=DIRECTION('ref_axis',(0.0133974519987211,5.42061256025249E-21,-0.99991025011245));
#2836=DIRECTION('center_axis',(0.994427764324366,0.105420214099782,0.));
#2837=DIRECTION('ref_axis',(0.105420214099782,-0.994427764324366,0.));
#2838=DIRECTION('center_axis',(0.994475690362148,0.104967143805716,0.));
#2839=DIRECTION('ref_axis',(0.104967143805716,-0.994475690362148,0.));
#2840=DIRECTION('center_axis',(0.994427764324366,0.105420214099782,0.));
#2841=DIRECTION('ref_axis',(0.105420214099782,-0.994427764324366,0.));
#2842=DIRECTION('center_axis',(-0.99991025011245,0.,-0.0133974519987311));
#2843=DIRECTION('ref_axis',(0.0133974519987311,5.42061256025249E-21,-0.99991025011245));
#2844=DIRECTION('center_axis',(0.,0.,-1.));
#2845=DIRECTION('ref_axis',(1.,7.26223965797017E-23,0.));
#2846=DIRECTION('center_axis',(-0.99991025011245,-4.06539679175633E-19,
-0.0133974519987211));
#2847=DIRECTION('ref_axis',(0.0133974519987211,5.42061256025249E-21,-0.99991025011245));
#2848=DIRECTION('center_axis',(-0.994427764324366,-0.105420214099782,0.));
#2849=DIRECTION('ref_axis',(0.105420214099782,-0.994427764324366,0.));
#2850=DIRECTION('center_axis',(-0.994427764324366,-0.105420214099782,0.));
#2851=DIRECTION('ref_axis',(0.105420214099782,-0.994427764324366,0.));
#2852=DIRECTION('center_axis',(-0.994475690362148,-0.104967143805716,0.));
#2853=DIRECTION('ref_axis',(0.104967143805716,-0.994475690362148,0.));
#2854=DIRECTION('center_axis',(-0.994475690362148,-0.104967143805716,0.));
#2855=DIRECTION('ref_axis',(0.104967143805716,-0.994475690362148,0.));
#2856=DIRECTION('center_axis',(0.994475690362148,0.104967143805716,0.));
#2857=DIRECTION('ref_axis',(0.104967143805716,-0.994475690362148,0.));
#2858=DIRECTION('',(0.,0.,-1.));
#2859=DIRECTION('center_axis',(0.994475690362148,0.104967143805716,0.));
#2860=DIRECTION('ref_axis',(0.104967143805716,-0.994475690362148,0.));
#2861=DIRECTION('center_axis',(-1.,0.,0.));
#2862=DIRECTION('ref_axis',(0.,1.,0.));
#2863=DIRECTION('',(0.,0.,-1.));
#2864=DIRECTION('',(0.,-1.,0.));
#2865=DIRECTION('center_axis',(1.,0.,0.));
#2866=DIRECTION('ref_axis',(0.,-1.,0.));
#2867=DIRECTION('',(0.,1.,0.));
#2868=DIRECTION('',(0.,0.,-1.));
#2869=DIRECTION('center_axis',(1.,0.,0.));
#2870=DIRECTION('ref_axis',(0.,-1.,0.));
#2871=DIRECTION('',(0.,1.,0.));
#2872=DIRECTION('',(0.,0.,-1.));
#2873=DIRECTION('center_axis',(1.,0.,0.));
#2874=DIRECTION('ref_axis',(0.,-1.,0.));
#2875=DIRECTION('',(0.,1.,0.));
#2876=DIRECTION('',(0.,0.,-1.));
#2877=DIRECTION('center_axis',(-1.,0.,0.));
#2878=DIRECTION('ref_axis',(0.,1.,0.));
#2879=DIRECTION('',(0.,0.,-1.));
#2880=DIRECTION('',(0.,-1.,0.));
#2881=DIRECTION('center_axis',(0.,0.,1.));
#2882=DIRECTION('ref_axis',(1.,0.,0.));
#2883=DIRECTION('',(1.,0.,0.));
#2884=DIRECTION('',(0.,1.,0.));
#2885=DIRECTION('center_axis',(0.,0.,1.));
#2886=DIRECTION('ref_axis',(1.,0.,0.));
#2887=DIRECTION('',(1.,0.,0.));
#2888=DIRECTION('',(0.,1.,0.));
#2889=DIRECTION('center_axis',(0.,0.,1.));
#2890=DIRECTION('ref_axis',(1.,0.,0.));
#2891=DIRECTION('',(0.,-1.,0.));
#2892=DIRECTION('',(1.,-7.93016446160827E-17,0.));
#2893=DIRECTION('center_axis',(0.,0.,1.));
#2894=DIRECTION('ref_axis',(1.,0.,0.));
#2895=DIRECTION('',(0.,-1.,0.));
#2896=DIRECTION('',(1.,-7.93016446160827E-17,0.));
#2897=DIRECTION('center_axis',(0.,0.,1.));
#2898=DIRECTION('ref_axis',(1.,0.,0.));
#2899=DIRECTION('',(0.,-1.,0.));
#2900=DIRECTION('',(1.,0.,0.));
#2901=DIRECTION('center_axis',(-1.,0.,0.));
#2902=DIRECTION('ref_axis',(0.,1.,0.));
#2903=DIRECTION('',(0.,0.,-1.));
#2904=DIRECTION('center_axis',(-7.93016446160827E-17,1.,0.));
#2905=DIRECTION('ref_axis',(1.,7.93016446160827E-17,0.));
#2906=DIRECTION('',(-1.,-7.93016446160827E-17,0.));
#2907=DIRECTION('',(0.,0.,-1.));
#2908=DIRECTION('center_axis',(-1.,0.,0.));
#2909=DIRECTION('ref_axis',(0.,1.,0.));
#2910=DIRECTION('',(0.,-1.,0.));
#2911=DIRECTION('center_axis',(-7.93016446160827E-17,1.,0.));
#2912=DIRECTION('ref_axis',(1.,7.93016446160827E-17,0.));
#2913=DIRECTION('',(0.,0.,-1.));
#2914=DIRECTION('center_axis',(-1.,0.,0.));
#2915=DIRECTION('ref_axis',(0.,1.,0.));
#2916=DIRECTION('center_axis',(0.,1.,0.));
#2917=DIRECTION('ref_axis',(1.,0.,0.));
#2918=DIRECTION('',(0.,0.,-1.));
#2919=DIRECTION('center_axis',(-1.,0.,0.));
#2920=DIRECTION('ref_axis',(0.,1.,0.));
#2921=DIRECTION('center_axis',(0.,1.,0.));
#2922=DIRECTION('ref_axis',(1.,0.,0.));
#2923=DIRECTION('',(0.,0.,-1.));
#2924=DIRECTION('center_axis',(-1.,0.,0.));
#2925=DIRECTION('ref_axis',(0.,1.,0.));
#2926=DIRECTION('center_axis',(1.,0.,0.));
#2927=DIRECTION('ref_axis',(0.,0.,-1.));
#2928=DIRECTION('center_axis',(1.,0.,0.));
#2929=DIRECTION('ref_axis',(0.,1.,4.53034369736952E-17));
#2930=DIRECTION('center_axis',(1.,0.,0.));
#2931=DIRECTION('ref_axis',(0.,0.,-1.));
#2932=DIRECTION('center_axis',(1.,0.,0.));
#2933=DIRECTION('ref_axis',(0.,-1.99951400577333E-18,-1.));
#2934=DIRECTION('center_axis',(0.,-1.,0.));
#2935=DIRECTION('ref_axis',(-1.,0.,0.));
#2936=DIRECTION('',(0.,0.,-1.));
#2937=DIRECTION('',(0.,0.,1.));
#2938=DIRECTION('center_axis',(-1.,0.,0.));
#2939=DIRECTION('ref_axis',(-4.39436519377084E-32,1.16319446885072E-16,
1.));
#2940=DIRECTION('center_axis',(-1.,0.,0.));
#2941=DIRECTION('ref_axis',(0.,1.19881246810675E-16,-1.));
#2942=DIRECTION('center_axis',(-1.,0.,0.));
#2943=DIRECTION('ref_axis',(0.,1.19881246810675E-16,-1.));
#2944=DIRECTION('center_axis',(1.,0.,0.));
#2945=DIRECTION('ref_axis',(0.,-1.99951400577333E-18,-1.));
#2946=DIRECTION('center_axis',(1.,0.,0.));
#2947=DIRECTION('ref_axis',(0.,0.,-1.));
#2948=DIRECTION('center_axis',(1.58603289232165E-16,1.,0.));
#2949=DIRECTION('ref_axis',(1.,-1.58603289232165E-16,0.));
#2950=DIRECTION('center_axis',(1.,0.,0.));
#2951=DIRECTION('ref_axis',(0.,-1.,0.));
#2952=DIRECTION('',(0.,0.,-1.));
#2953=DIRECTION('center_axis',(0.,-1.,0.));
#2954=DIRECTION('ref_axis',(-1.,0.,0.));
#2955=DIRECTION('center_axis',(-1.,0.,0.));
#2956=DIRECTION('ref_axis',(0.,1.,0.));
#2957=DIRECTION('',(0.,0.,-1.));
#2958=DIRECTION('center_axis',(0.,-1.,0.));
#2959=DIRECTION('ref_axis',(-1.,0.,0.));
#2960=DIRECTION('center_axis',(-1.,0.,0.));
#2961=DIRECTION('ref_axis',(0.,1.,0.));
#2962=DIRECTION('',(0.,0.,-1.));
#2963=DIRECTION('center_axis',(-7.93016446160827E-17,-1.,0.));
#2964=DIRECTION('ref_axis',(-1.,7.93016446160827E-17,0.));
#2965=DIRECTION('center_axis',(-1.,0.,0.));
#2966=DIRECTION('ref_axis',(0.,1.,0.));
#2967=DIRECTION('',(0.,0.,-1.));
#2968=DIRECTION('center_axis',(-7.93016446160827E-17,-1.,0.));
#2969=DIRECTION('ref_axis',(-1.,7.93016446160827E-17,0.));
#2970=DIRECTION('center_axis',(1.,0.,0.));
#2971=DIRECTION('ref_axis',(0.,-1.,0.));
#2972=DIRECTION('center_axis',(0.,0.,1.));
#2973=DIRECTION('ref_axis',(1.,0.,0.));
#2974=CARTESIAN_POINT('',(0.,0.,0.));
#2975=CARTESIAN_POINT('Origin',(-23.151875238317,0.379692055128089,19.8885096455577));
#2976=CARTESIAN_POINT('',(-26.8055504917064,0.829692055128092,19.8885096455577));
#2977=CARTESIAN_POINT('',(-26.8055504917064,-0.569057958706711,19.8885096455577));
#2978=CARTESIAN_POINT('',(-26.8055504917064,-10.3102614094181,19.8885096455577));
#2979=CARTESIAN_POINT('',(-34.5,0.829692055128092,19.8885096455576));
#2980=CARTESIAN_POINT('',(-23.151875238317,0.829692055128092,19.8885096455577));
#2981=CARTESIAN_POINT('',(-34.5,-0.56905795870671,19.8885096455576));
#2982=CARTESIAN_POINT('',(-34.5,0.189728518608486,19.8885096455576));
#2983=CARTESIAN_POINT('',(-23.151875238317,-0.569057958706711,19.8885096455577));
#2984=CARTESIAN_POINT('Origin',(-23.151875238317,-0.569057958706711,20.1385096455577));
#2985=CARTESIAN_POINT('',(-26.8055504917064,-0.569057958706711,24.8325273924585));
#2986=CARTESIAN_POINT('',(-26.8055504917064,-0.569057958706707,10.0692548227788));
#2987=CARTESIAN_POINT('',(-34.5,-0.56905795870671,23.5));
#2988=CARTESIAN_POINT('',(-34.5,-0.569057958706711,21.6456254840092));
#2989=CARTESIAN_POINT('',(-28.9038485495494,-0.569057958706711,23.5));
#2990=CARTESIAN_POINT('',(-43.5046409185883,-0.569057958706711,23.5));
#2991=CARTESIAN_POINT('',(-28.9038485495494,-0.569057958706711,24.8325273924585));
#2992=CARTESIAN_POINT('',(-28.9038485495494,-0.569057958706716,21.8192548227788));
#2993=CARTESIAN_POINT('',(-23.1518752383171,-0.569057958706711,24.8325273924585));
#2994=CARTESIAN_POINT('Origin',(-23.151875238317,-0.319057958706707,24.8325273924585));
#2995=CARTESIAN_POINT('',(-26.8055504917064,0.829692055128092,24.8325273924585));
#2996=CARTESIAN_POINT('',(-26.8055504917064,-10.6596364163355,24.8325273924585));
#2997=CARTESIAN_POINT('',(-28.9038485495494,0.829692055128092,24.8325273924585));
#2998=CARTESIAN_POINT('',(-28.9038485495494,9.29121455474301,24.8325273924585));
#2999=CARTESIAN_POINT('',(-23.151875238317,0.829692055128092,24.8325273924585));
#3000=CARTESIAN_POINT('Origin',(-23.151875238317,0.829692055128092,24.3825273924585));
#3001=CARTESIAN_POINT('',(-26.8055504917064,0.829692055128097,12.1912636962293));
#3002=CARTESIAN_POINT('',(-28.9038485495494,0.829692055128092,23.5));
#3003=CARTESIAN_POINT('',(-28.9038485495494,0.829692055128088,23.9412636962292));
#3004=CARTESIAN_POINT('',(-34.5,0.829692055128092,23.5));
#3005=CARTESIAN_POINT('',(-43.5046409185884,0.829692055128092,23.5));
#3006=CARTESIAN_POINT('',(-34.5,0.829692055128092,23.7676343574596));
#3007=CARTESIAN_POINT('Origin',(-34.5,-0.000235017911116575,23.1527413224608));
#3008=CARTESIAN_POINT('',(-34.5,10.3148609871234,23.5));
#3009=CARTESIAN_POINT('',(-34.5,-0.000224945937729037,23.5));
#3010=CARTESIAN_POINT('',(-34.5,-10.3153310229456,23.5));
#3011=CARTESIAN_POINT('Origin',(-34.5,-0.000235017911116141,23.1527413224608));
#3012=CARTESIAN_POINT('',(-34.5,-0.000224945937729037,23.5));
#3013=CARTESIAN_POINT('Origin',(-63.8574065988597,-0.0002148739643415,23.5));
#3014=CARTESIAN_POINT('',(-28.9038485495494,18.9014870681927,23.5));
#3015=CARTESIAN_POINT('',(-28.9038485495494,9.45063609711419,23.5));
#3016=CARTESIAN_POINT('',(-98.8109646481699,18.9014870681927,23.5));
#3017=CARTESIAN_POINT('',(-81.3341856235148,18.9014870681927,23.5));
#3018=CARTESIAN_POINT('',(-98.8109646481699,1.4435389057278,23.5));
#3019=CARTESIAN_POINT('',(-98.8109646481699,0.72166201588173,23.5));
#3020=CARTESIAN_POINT('',(-92.,1.97792668196814,23.5));
#3021=CARTESIAN_POINT('Ctrl Pts',(-98.8109646481699,1.44353890572781,23.5));
#3022=CARTESIAN_POINT('Ctrl Pts',(-98.5787771229118,1.481702602143,23.5));
#3023=CARTESIAN_POINT('Ctrl Pts',(-98.3461645991188,1.51598304895462,23.5000000000003));
#3024=CARTESIAN_POINT('Ctrl Pts',(-96.2200070857722,1.80353828815873,23.5000000000003));
#3025=CARTESIAN_POINT('Ctrl Pts',(-93.8958902069663,1.92042210321301,23.5));
#3026=CARTESIAN_POINT('Ctrl Pts',(-92.,1.97792668196814,23.5));
#3027=CARTESIAN_POINT('',(-80.,6.93468709287545,23.5));
#3028=CARTESIAN_POINT('Ctrl Pts',(-92.,1.97792668196814,23.5));
#3029=CARTESIAN_POINT('Ctrl Pts',(-91.5582353079536,1.97792668196814,23.5));
#3030=CARTESIAN_POINT('Ctrl Pts',(-91.0433221503868,2.07202514084703,23.4999999999998));
#3031=CARTESIAN_POINT('Ctrl Pts',(-89.0467317046965,2.56942642332069,23.4999999999998));
#3032=CARTESIAN_POINT('Ctrl Pts',(-87.1396489902236,3.37366049845683,23.5));
#3033=CARTESIAN_POINT('Ctrl Pts',(-84.2784169106104,4.69769646369645,23.5));
#3034=CARTESIAN_POINT('Ctrl Pts',(-82.954680034328,5.36253561873814,23.4999999998914));
#3035=CARTESIAN_POINT('Ctrl Pts',(-81.2893219232137,6.23991399962206,23.4999999998914));
#3036=CARTESIAN_POINT('Ctrl Pts',(-80.9199419726376,6.43754214589749,23.4999999999999));
#3037=CARTESIAN_POINT('Ctrl Pts',(-80.3210315452902,6.76250415895434,23.4999999999999));
#3038=CARTESIAN_POINT('Ctrl Pts',(-80.2129617332989,6.82145195328832,23.5));
#3039=CARTESIAN_POINT('Ctrl Pts',(-80.1053054355559,6.87973084860888,23.5));
#3040=CARTESIAN_POINT('Ctrl Pts',(-80.0612219026539,6.90356312400738,23.5));
#3041=CARTESIAN_POINT('Ctrl Pts',(-80.0275693232898,6.92128761974267,23.5));
#3042=CARTESIAN_POINT('Ctrl Pts',(-80.0171309786789,6.92674961654359,23.5));
#3043=CARTESIAN_POINT('Ctrl Pts',(-80.0078282895396,6.93135443581233,23.5));
#3044=CARTESIAN_POINT('Ctrl Pts',(-80.0050772493417,6.93269566877606,23.5));
#3045=CARTESIAN_POINT('Ctrl Pts',(-80.0024188007352,6.93386569156039,23.5));
#3046=CARTESIAN_POINT('Ctrl Pts',(-80.0016522930643,6.9341924315957,23.5));
#3047=CARTESIAN_POINT('Ctrl Pts',(-80.0005338962318,6.93459469570861,23.5));
#3048=CARTESIAN_POINT('Ctrl Pts',(-80.0001867250448,6.93468709287545,23.5));
#3049=CARTESIAN_POINT('Ctrl Pts',(-80.,6.93468709287545,23.5));
#3050=CARTESIAN_POINT('',(-76.,7.32003616938574,23.5000000343361));
#3051=CARTESIAN_POINT('Ctrl Pts',(-80.,6.93468709287545,23.5));
#3052=CARTESIAN_POINT('Ctrl Pts',(-78.9257551704789,6.93468709287545,23.5));
#3053=CARTESIAN_POINT('Ctrl Pts',(-77.5335508389108,7.08730260242316,23.5));
#3054=CARTESIAN_POINT('Ctrl Pts',(-76.0000000012838,7.32003617784508,23.5));
#3055=CARTESIAN_POINT('',(-76.,4.29126516554663,23.5));
#3056=CARTESIAN_POINT('',(-76.,0.999792868755887,23.5));
#3057=CARTESIAN_POINT('',(-72.5,4.72237370727345,23.5));
#3058=CARTESIAN_POINT('Ctrl Pts',(-76.000161676221,4.29121109031879,23.5000000000005));
#3059=CARTESIAN_POINT('Ctrl Pts',(-75.2238968783313,4.40972469337818,23.5000000000006));
#3060=CARTESIAN_POINT('Ctrl Pts',(-74.5316601356256,4.48468794605191,23.5000000000005));
#3061=CARTESIAN_POINT('Ctrl Pts',(-73.9230391171428,4.55183368673939,23.5000000000005));
#3062=CARTESIAN_POINT('Ctrl Pts',(-73.4009223812098,4.60943589549478,23.5000000000005));
#3063=CARTESIAN_POINT('Ctrl Pts',(-72.9403416493593,4.66128489869018,23.5000000000005));
#3064=CARTESIAN_POINT('Ctrl Pts',(-72.5000003034187,4.72237380437794,23.5000000000005));
#3065=CARTESIAN_POINT('',(-72.5,7.92880231678731,23.5));
#3066=CARTESIAN_POINT('',(-72.5,7.54417651870405,23.5));
#3067=CARTESIAN_POINT('',(-67.5,8.9486500027615,23.500000011287));
#3068=CARTESIAN_POINT('Ctrl Pts',(-72.5,7.92880231678732,23.5));
#3069=CARTESIAN_POINT('Ctrl Pts',(-70.9142188854984,8.23127936339319,23.5));
#3070=CARTESIAN_POINT('Ctrl Pts',(-69.1758283227187,8.59113654190648,23.5));
#3071=CARTESIAN_POINT('Ctrl Pts',(-67.5000000004288,8.94865000477144,23.5));
#3072=CARTESIAN_POINT('',(-67.5,5.36021075672722,23.5));
#3073=CARTESIAN_POINT('',(-67.5,0.999777383315429,23.5));
#3074=CARTESIAN_POINT('',(-64.,5.67435702240933,23.5));
#3075=CARTESIAN_POINT('Ctrl Pts',(-67.5000775813404,5.36019554505445,23.5));
#3076=CARTESIAN_POINT('Ctrl Pts',(-66.9420358321363,5.40574855927043,23.5));
#3077=CARTESIAN_POINT('Ctrl Pts',(-66.4020568705566,5.44469221858193,23.5));
#3078=CARTESIAN_POINT('Ctrl Pts',(-65.9135380977159,5.48346290831535,23.5));
#3079=CARTESIAN_POINT('Ctrl Pts',(-65.1944057162433,5.54053596259573,23.5));
#3080=CARTESIAN_POINT('Ctrl Pts',(-64.586786604319,5.59723419502533,23.5));
#3081=CARTESIAN_POINT('Ctrl Pts',(-64.0000002972002,5.67435705801525,23.5));
#3082=CARTESIAN_POINT('',(-64.,9.7070077808515,23.5));
#3083=CARTESIAN_POINT('',(-64.,7.54416103326359,23.5));
#3084=CARTESIAN_POINT('',(-59.,10.8053061647717,23.4999999995179));
#3085=CARTESIAN_POINT('Ctrl Pts',(-64.,9.7070077808515,23.5));
#3086=CARTESIAN_POINT('Ctrl Pts',(-62.3748960145453,10.0629713896365,23.5));
#3087=CARTESIAN_POINT('Ctrl Pts',(-60.6994863856474,10.4333134282004,23.5));
#3088=CARTESIAN_POINT('Ctrl Pts',(-58.9999999999856,10.805306164706,23.5));
#3089=CARTESIAN_POINT('',(-59.,6.48934120061575,23.5));
#3090=CARTESIAN_POINT('',(-59.,0.999777383315429,23.5));
#3091=CARTESIAN_POINT('',(-55.5,7.0477117201716,23.5));
#3092=CARTESIAN_POINT('Ctrl Pts',(-58.999657707076,6.48949827490302,23.5));
#3093=CARTESIAN_POINT('Ctrl Pts',(-57.8669805627589,6.6612487497381,23.5));
#3094=CARTESIAN_POINT('Ctrl Pts',(-56.6931705708307,6.83503555384765,23.5));
#3095=CARTESIAN_POINT('Ctrl Pts',(-55.4999997603297,7.04771180721437,23.5));
#3096=CARTESIAN_POINT('',(-55.5,11.564157260061,23.5));
#3097=CARTESIAN_POINT('',(-55.5,7.54416103326359,23.5));
#3098=CARTESIAN_POINT('',(-50.5,12.6048086687209,23.4999999994923));
#3099=CARTESIAN_POINT('Ctrl Pts',(-55.5,11.564157260061,23.5));
#3100=CARTESIAN_POINT('Ctrl Pts',(-53.8311825453214,11.9215114471704,23.5));
#3101=CARTESIAN_POINT('Ctrl Pts',(-52.1565318943695,12.2722654535558,23.5));
#3102=CARTESIAN_POINT('Ctrl Pts',(-50.4999999999886,12.6048086686641,23.5));
#3103=CARTESIAN_POINT('',(-50.5,8.2857581960933,23.5));
#3104=CARTESIAN_POINT('',(-50.5,0.99977738331543,23.5));
#3105=CARTESIAN_POINT('',(-47.,9.50197208797816,23.5));
#3106=CARTESIAN_POINT('Ctrl Pts',(-50.4979080525397,8.28750184924974,23.5));
#3107=CARTESIAN_POINT('Ctrl Pts',(-49.3859069479383,8.67391620656111,23.5));
#3108=CARTESIAN_POINT('Ctrl Pts',(-48.2347624443833,9.13404484963706,23.5));
#3109=CARTESIAN_POINT('Ctrl Pts',(-46.999999217515,9.50197207212014,23.5));
#3110=CARTESIAN_POINT('',(-47.,13.282832810666,23.5));
#3111=CARTESIAN_POINT('',(-47.,7.54416103326359,23.5));
#3112=CARTESIAN_POINT('',(-42.,14.1360924573675,23.4999999999921));
#3113=CARTESIAN_POINT('Ctrl Pts',(-47.,13.282832810666,23.5));
#3114=CARTESIAN_POINT('Ctrl Pts',(-45.2843175590293,13.6016131272199,23.5));
#3115=CARTESIAN_POINT('Ctrl Pts',(-43.6081442091712,13.8906461822788,23.5));
#3116=CARTESIAN_POINT('Ctrl Pts',(-41.9999999999999,14.1360924573667,23.5));
#3117=CARTESIAN_POINT('',(-42.,10.4994044956696,23.5));
#3118=CARTESIAN_POINT('',(-42.,0.999777383315431,23.5));
#3119=CARTESIAN_POINT('',(-38.6741069469354,10.8977070840426,23.5));
#3120=CARTESIAN_POINT('Ctrl Pts',(-41.9999647744214,10.4994604034976,23.5));
#3121=CARTESIAN_POINT('Ctrl Pts',(-40.9313745327189,10.6454808260822,23.5));
#3122=CARTESIAN_POINT('Ctrl Pts',(-39.8252598939005,10.7756722872638,23.5));
#3123=CARTESIAN_POINT('Ctrl Pts',(-38.6741069469154,10.8977070840447,23.5));
#3124=CARTESIAN_POINT('',(-38.6110867833569,10.9043733835389,23.5));
#3125=CARTESIAN_POINT('Ctrl Pts',(-38.6741069469154,10.8977070840447,23.5));
#3126=CARTESIAN_POINT('Ctrl Pts',(-38.6636073420857,10.8988201569383,23.5));
#3127=CARTESIAN_POINT('Ctrl Pts',(-38.653107603815,10.8999320325743,23.5));
#3128=CARTESIAN_POINT('Ctrl Pts',(-38.6321008862629,10.9021541319904,23.5));
#3129=CARTESIAN_POINT('Ctrl Pts',(-38.621593895341,10.9032643553894,23.5));
#3130=CARTESIAN_POINT('Ctrl Pts',(-38.611086783337,10.904373383541,23.5));
#3131=CARTESIAN_POINT('',(-38.5754155527243,10.5664183775893,23.5000000000001));
#3132=CARTESIAN_POINT('',(-38.1254765313974,6.3036233482876,23.5));
#3133=CARTESIAN_POINT('',(-38.5,10.5601132511939,23.5));
#3134=CARTESIAN_POINT('Ctrl Pts',(-38.5754155527244,10.5664183775893,23.5));
#3135=CARTESIAN_POINT('Ctrl Pts',(-38.5499921678855,10.5644878764286,23.5));
#3136=CARTESIAN_POINT('Ctrl Pts',(-38.5248668116861,10.5623901557185,23.5));
#3137=CARTESIAN_POINT('Ctrl Pts',(-38.5,10.5601132511939,23.5));
#3138=CARTESIAN_POINT('',(-38.5,14.6099355001216,23.5));
#3139=CARTESIAN_POINT('',(-38.5,7.54416103326359,23.5));
#3140=CARTESIAN_POINT('',(-33.,14.9775531066866,23.5));
#3141=CARTESIAN_POINT('Ctrl Pts',(-38.5,14.6099355001216,23.5));
#3142=CARTESIAN_POINT('Ctrl Pts',(-36.4780585602529,14.8434833402786,23.5));
#3143=CARTESIAN_POINT('Ctrl Pts',(-34.6209504013773,14.9775531066866,23.5));
#3144=CARTESIAN_POINT('Ctrl Pts',(-33.,14.9775531066866,23.5));
#3145=CARTESIAN_POINT('',(-32.,14.9775531066866,23.5));
#3146=CARTESIAN_POINT('',(-33.,14.9775531066866,23.5));
#3147=CARTESIAN_POINT('',(-32.,10.3148609871234,23.5));
#3148=CARTESIAN_POINT('',(-32.,-0.00021487396434211,23.5));
#3149=CARTESIAN_POINT('',(-33.,10.3148609871234,23.5));
#3150=CARTESIAN_POINT('Origin',(-53.8574065988597,-20.9997851260357,26.5));
#3151=CARTESIAN_POINT('',(-53.8574065988597,-18.9019168161214,28.5));
#3152=CARTESIAN_POINT('',(-53.8574065988597,-21.0002148739643,28.5));
#3153=CARTESIAN_POINT('',(-53.8574065988597,-10.5,28.5));
#3154=CARTESIAN_POINT('',(-53.8574065988597,-18.9019168161214,26.5));
#3155=CARTESIAN_POINT('',(-53.8574065988597,-18.9019168161214,25.));
#3156=CARTESIAN_POINT('',(-53.8574065988597,-21.0002148739643,26.5));
#3157=CARTESIAN_POINT('',(-53.8574065988597,-20.9997851260357,26.5));
#3158=CARTESIAN_POINT('',(-53.8574065988597,-21.0002148739643,13.25));
#3159=CARTESIAN_POINT('Origin',(-63.8574065988597,-0.0002148739643415,28.5));
#3160=CARTESIAN_POINT('',(-73.8574065988597,-21.0002148739643,28.5));
#3161=CARTESIAN_POINT('',(-73.8574065988597,-18.9019168161214,28.5));
#3162=CARTESIAN_POINT('',(-73.8574065988597,-10.5,28.5));
#3163=CARTESIAN_POINT('',(-98.8109646481699,-18.9019168161214,28.5));
#3164=CARTESIAN_POINT('',(-28.9038485495494,-18.9019168161214,28.5));
#3165=CARTESIAN_POINT('',(-98.8109646481699,-1.44396865365649,28.5));
#3166=CARTESIAN_POINT('',(-98.8109646481699,-18.9019168161214,28.5));
#3167=CARTESIAN_POINT('',(-100.213320977958,-1.15,28.5));
#3168=CARTESIAN_POINT('Ctrl Pts',(-98.8109646481712,-1.44396865365628,28.5));
#3169=CARTESIAN_POINT('Ctrl Pts',(-99.3276690136342,-1.35904010929103,28.5));
#3170=CARTESIAN_POINT('Ctrl Pts',(-99.8005574856117,-1.26174351816163,28.5));
#3171=CARTESIAN_POINT('Ctrl Pts',(-100.213324124395,-1.15000724812331,28.5));
#3172=CARTESIAN_POINT('',(-100.909262706013,-1.15,28.5));
#3173=CARTESIAN_POINT('',(-81.0947362004664,-1.15,28.5));
#3174=CARTESIAN_POINT('',(-100.909262706013,-21.0002148739643,28.5));
#3175=CARTESIAN_POINT('',(-100.909262706013,-1.,28.5));
#3176=CARTESIAN_POINT('',(-100.909262706013,-21.0002148739643,28.5));
#3177=CARTESIAN_POINT('Origin',(-73.8574065988597,-20.9997851260357,26.5));
#3178=CARTESIAN_POINT('',(-73.8574065988597,-18.9019168161214,26.5));
#3179=CARTESIAN_POINT('',(-51.3806275742045,-18.9019168161214,26.5));
#3180=CARTESIAN_POINT('',(-73.8574065988597,-21.0002148739643,26.5));
#3181=CARTESIAN_POINT('',(-73.8574065988597,-20.9997851260357,26.5));
#3182=CARTESIAN_POINT('',(-87.3833346524363,-21.0002148739643,26.5));
#3183=CARTESIAN_POINT('Origin',(-100.909262706013,-21.0002148739643,0.));
#3184=CARTESIAN_POINT('',(-73.8574065988597,-21.0002148739643,14.25));
#3185=CARTESIAN_POINT('',(-100.909262706013,-21.0002148739643,1.));
#3186=CARTESIAN_POINT('',(-100.909262706013,-21.0002148739643,23.5));
#3187=CARTESIAN_POINT('',(-26.8055504917064,-21.0002148739643,1.));
#3188=CARTESIAN_POINT('',(-82.3833346524363,-21.0002148739643,1.));
#3189=CARTESIAN_POINT('',(-26.8055504917064,-21.0002148739643,28.5));
#3190=CARTESIAN_POINT('',(-26.8055504917064,-21.0002148739643,23.5));
#3191=CARTESIAN_POINT('',(-100.909262706013,-21.0002148739643,28.5));
#3192=CARTESIAN_POINT('Origin',(-73.8574065988597,-20.9997851260357,28.5));
#3193=CARTESIAN_POINT('',(-73.8574065988597,-18.9019168161214,26.));
#3194=CARTESIAN_POINT('Origin',(-63.8574065988597,-0.0002148739643415,28.5));
#3195=CARTESIAN_POINT('',(-26.8055504917064,20.9997851260357,28.5));
#3196=CARTESIAN_POINT('',(-26.8055504917064,-21.0002148739643,28.5));
#3197=CARTESIAN_POINT('',(-53.8574065988597,20.9997851260357,28.5));
#3198=CARTESIAN_POINT('',(-26.8055504917064,20.9997851260357,28.5));
#3199=CARTESIAN_POINT('',(-53.8574065988597,18.9014870681927,28.5));
#3200=CARTESIAN_POINT('',(-53.8574065988597,10.4997851260357,28.5));
#3201=CARTESIAN_POINT('',(-28.9038485495494,18.9014870681927,28.5));
#3202=CARTESIAN_POINT('',(-98.8109646481699,18.9014870681927,28.5));
#3203=CARTESIAN_POINT('',(-28.9038485495494,-18.9019168161214,28.5));
#3204=CARTESIAN_POINT('',(-28.9038485495494,18.9014870681927,28.5));
#3205=CARTESIAN_POINT('',(-28.9038485495494,-18.9019168161214,28.5));
#3206=CARTESIAN_POINT('Origin',(-53.8574065988597,20.9997851260357,26.5));
#3207=CARTESIAN_POINT('',(-53.8574065988597,18.9014870681927,26.5));
#3208=CARTESIAN_POINT('',(-53.8574065988596,18.9014870681927,25.));
#3209=CARTESIAN_POINT('',(-53.8574065988597,20.9997851260357,26.5));
#3210=CARTESIAN_POINT('',(-53.8574065988596,20.9997851260357,13.25));
#3211=CARTESIAN_POINT('',(-53.8574065988597,20.9997851260357,26.5));
#3212=CARTESIAN_POINT('Origin',(-73.8574065988597,20.9997851260357,26.5));
#3213=CARTESIAN_POINT('',(-73.8574065988597,18.9014870681927,26.5));
#3214=CARTESIAN_POINT('',(-86.3341856235148,18.9014870681927,26.5));
#3215=CARTESIAN_POINT('',(-73.8574065988597,20.9997851260357,26.5));
#3216=CARTESIAN_POINT('',(-50.331478545283,20.9997851260357,26.5));
#3217=CARTESIAN_POINT('',(-73.8574065988597,20.9997851260357,26.5));
#3218=CARTESIAN_POINT('Origin',(-73.8574065988597,20.9997851260357,28.5));
#3219=CARTESIAN_POINT('',(-73.8574065988597,18.9014870681927,28.5));
#3220=CARTESIAN_POINT('',(-73.8574065988597,18.9014870681927,26.));
#3221=CARTESIAN_POINT('',(-73.8574065988597,20.9997851260357,28.5));
#3222=CARTESIAN_POINT('',(-73.8574065988597,20.9997851260357,14.25));
#3223=CARTESIAN_POINT('',(-73.8574065988597,10.4997851260357,28.5));
#3224=CARTESIAN_POINT('Origin',(-63.8574065988597,-0.0002148739643415,28.5));
#3225=CARTESIAN_POINT('',(-100.909262706013,20.9997851260357,28.5));
#3226=CARTESIAN_POINT('',(-26.8055504917064,20.9997851260357,28.5));
#3227=CARTESIAN_POINT('',(-100.909262706013,1.15,28.5));
#3228=CARTESIAN_POINT('',(-100.909262706013,20.9997851260357,28.5));
#3229=CARTESIAN_POINT('',(-100.211732786075,1.15,28.5));
#3230=CARTESIAN_POINT('',(-81.0947362004664,1.15,28.5));
#3231=CARTESIAN_POINT('',(-98.8109646481699,1.4435389057278,28.5));
#3232=CARTESIAN_POINT('Ctrl Pts',(-100.211740678296,1.15001864041177,28.5));
#3233=CARTESIAN_POINT('Ctrl Pts',(-99.7766658535684,1.26772549594367,28.5));
#3234=CARTESIAN_POINT('Ctrl Pts',(-99.2947316738834,1.36402413470602,28.5));
#3235=CARTESIAN_POINT('Ctrl Pts',(-98.8109646481699,1.4435389057278,28.5));
#3236=CARTESIAN_POINT('',(-98.8109646481699,18.9014870681927,28.5));
#3237=CARTESIAN_POINT('',(-98.8109646481699,-18.9019168161214,28.5));
#3238=CARTESIAN_POINT('',(-98.8109646481699,18.9014870681927,28.5));
#3239=CARTESIAN_POINT('Origin',(-98.8109646481699,18.9014870681927,23.5));
#3240=CARTESIAN_POINT('',(-98.8109646481699,18.9014870681927,23.5));
#3241=CARTESIAN_POINT('',(-28.9038485495494,18.9014870681927,23.5));
#3242=CARTESIAN_POINT('Origin',(-63.8574065988597,-0.0002148739643415,1.));
#3243=CARTESIAN_POINT('',(-90.3029629979872,-1.15,1.));
#3244=CARTESIAN_POINT('',(-100.909262706013,-1.15,1.));
#3245=CARTESIAN_POINT('',(-81.0947362004664,-1.15,1.));
#3246=CARTESIAN_POINT('',(-89.894433223516,-0.95,0.999999999999995));
#3247=CARTESIAN_POINT('Ctrl Pts',(-89.8946913325667,-0.95,1.00016222578753));
#3248=CARTESIAN_POINT('Ctrl Pts',(-89.8946913325667,-0.958027807108426,
1.00016222578753));
#3249=CARTESIAN_POINT('Ctrl Pts',(-89.8956752827725,-0.965960492624001,
1.00018334185385));
#3250=CARTESIAN_POINT('Ctrl Pts',(-89.8975687412555,-0.973759833285697,
1.00020828520769));
#3251=CARTESIAN_POINT('Ctrl Pts',(-89.8995369067612,-0.981866899480348,
1.00023421270971));
#3252=CARTESIAN_POINT('Ctrl Pts',(-89.9024518049274,-0.989683266212381,
1.00026370258585));
#3253=CARTESIAN_POINT('Ctrl Pts',(-89.9061298234368,-0.997176239929127,
1.00028623788722));
#3254=CARTESIAN_POINT('Ctrl Pts',(-89.9108292894755,-1.0067501383261,1.00031503162038));
#3255=CARTESIAN_POINT('Ctrl Pts',(-89.916734862443,-1.01572765228899,1.00033513902162));
#3256=CARTESIAN_POINT('Ctrl Pts',(-89.9234448647449,-1.0240739655836,1.0003361520598));
#3257=CARTESIAN_POINT('Ctrl Pts',(-89.9284554936713,-1.03030649382144,1.00033690853621));
#3258=CARTESIAN_POINT('Ctrl Pts',(-89.9339150837599,-1.03618812761337,1.00032771431637));
#3259=CARTESIAN_POINT('Ctrl Pts',(-89.9396625104018,-1.04171875529838,1.00031455975636));
#3260=CARTESIAN_POINT('Ctrl Pts',(-89.9519357902417,-1.05352907415898,1.00028646899395));
#3261=CARTESIAN_POINT('Ctrl Pts',(-89.9665261883919,-1.06469179635981,1.0002261729419));
#3262=CARTESIAN_POINT('Ctrl Pts',(-89.9832344585815,-1.07502478599525,1.0001671199271));
#3263=CARTESIAN_POINT('Ctrl Pts',(-89.9925063334007,-1.08075884375948,1.00013434979862));
#3264=CARTESIAN_POINT('Ctrl Pts',(-90.0024307838853,-1.08623706125257,1.00010272479815));
#3265=CARTESIAN_POINT('Ctrl Pts',(-90.0129762948897,-1.0914241532139,1.00008295416339));
#3266=CARTESIAN_POINT('Ctrl Pts',(-90.0230586690541,-1.09638343891921,1.00006405181366));
#3267=CARTESIAN_POINT('Ctrl Pts',(-90.0337087957057,-1.10107659635218,1.00005608618849));
#3268=CARTESIAN_POINT('Ctrl Pts',(-90.0448900189275,-1.10549013935302,1.00005245290909));
#3269=CARTESIAN_POINT('Ctrl Pts',(-90.0659053685609,-1.11378548839,1.00004562408227));
#3270=CARTESIAN_POINT('Ctrl Pts',(-90.0884655792588,-1.12096726623438,1.00005485072557));
#3271=CARTESIAN_POINT('Ctrl Pts',(-90.1121928342884,-1.12701371173696,1.00005520929899));
#3272=CARTESIAN_POINT('Ctrl Pts',(-90.1365048269748,-1.13320916665389,1.00005557670915));
#3273=CARTESIAN_POINT('Ctrl Pts',(-90.1620428775042,-1.13821345569981,1.0000481015684));
#3274=CARTESIAN_POINT('Ctrl Pts',(-90.188420693528,-1.14196190855057,1.00003639734951));
#3275=CARTESIAN_POINT('Ctrl Pts',(-90.2137783641764,-1.14556539235473,1.0000251457839));
#3276=CARTESIAN_POINT('Ctrl Pts',(-90.239912883604,-1.14800863619799,1.00001138881796));
#3277=CARTESIAN_POINT('Ctrl Pts',(-90.2664877064604,-1.14918880950591,1.00000467891174));
#3278=CARTESIAN_POINT('Ctrl Pts',(-90.2785657466997,-1.14972518864865,1.00000162931409));
#3279=CARTESIAN_POINT('Ctrl Pts',(-90.2907347608974,-1.15,1.));
#3280=CARTESIAN_POINT('Ctrl Pts',(-90.3029629979872,-1.15,1.));
#3281=CARTESIAN_POINT('',(-89.894433223516,0.95,0.999999999999998));
#3282=CARTESIAN_POINT('Ctrl Pts',(-89.894433223516,0.95,0.999999999999998));
#3283=CARTESIAN_POINT('Ctrl Pts',(-89.894433223516,0.633333333333334,0.999999999999998));
#3284=CARTESIAN_POINT('Ctrl Pts',(-89.894433223516,0.316666666666667,1.));
#3285=CARTESIAN_POINT('Ctrl Pts',(-89.894433223516,-0.316666666666667,1.));
#3286=CARTESIAN_POINT('Ctrl Pts',(-89.894433223516,-0.633333333333333,0.999999999999998));
#3287=CARTESIAN_POINT('Ctrl Pts',(-89.894433223516,-0.95,0.999999999999998));
#3288=CARTESIAN_POINT('',(-90.3029629979872,1.15,1.00000000000001));
#3289=CARTESIAN_POINT('Ctrl Pts',(-90.3029629979872,1.15,1.00000000000001));
#3290=CARTESIAN_POINT('Ctrl Pts',(-90.2438248404044,1.15,1.00000000000001));
#3291=CARTESIAN_POINT('Ctrl Pts',(-90.1830553284755,1.14389554574378,1.00000000000216));
#3292=CARTESIAN_POINT('Ctrl Pts',(-90.0722178851288,1.11807571305788,1.00000000000216));
#3293=CARTESIAN_POINT('Ctrl Pts',(-90.0253126379455,1.10013758360614,1.00000000000001));
#3294=CARTESIAN_POINT('Ctrl Pts',(-89.965705792383,1.06476323769163,1.00000000000001));
#3295=CARTESIAN_POINT('Ctrl Pts',(-89.9444019284137,1.04868359001263,0.999999999999984));
#3296=CARTESIAN_POINT('Ctrl Pts',(-89.9169139768161,1.01720195334631,0.999999999999984));
#3297=CARTESIAN_POINT('Ctrl Pts',(-89.9078859862965,1.00350275420391,0.999999999999984));
#3298=CARTESIAN_POINT('Ctrl Pts',(-89.8970800190581,0.97611492680836,0.999999999999984));
#3299=CARTESIAN_POINT('Ctrl Pts',(-89.894433223516,0.963243989828694,0.999999999999995));
#3300=CARTESIAN_POINT('Ctrl Pts',(-89.894433223516,0.95,0.999999999999995));
#3301=CARTESIAN_POINT('',(-100.909262706013,1.15,1.));
#3302=CARTESIAN_POINT('',(-81.0947362004664,1.15,1.));
#3303=CARTESIAN_POINT('',(-100.909262706013,20.9997851260357,1.));
#3304=CARTESIAN_POINT('',(-100.909262706013,10.4997851260357,1.));
#3305=CARTESIAN_POINT('',(-26.8055504917064,20.9997851260357,1.));
#3306=CARTESIAN_POINT('',(-45.331478545283,20.9997851260357,1.));
#3307=CARTESIAN_POINT('',(-26.8055504917064,-10.5002148739643,1.));
#3308=CARTESIAN_POINT('',(-100.909262706013,10.4997851260357,1.));
#3309=CARTESIAN_POINT('Origin',(-26.8055504917064,-21.0002148739643,0.));
#3310=CARTESIAN_POINT('',(-26.8055504917064,20.9997851260357,23.5));
#3311=CARTESIAN_POINT('Origin',(-26.8055504917064,20.9997851260357,0.));
#3312=CARTESIAN_POINT('',(-100.909262706013,20.9997851260357,0.));
#3313=CARTESIAN_POINT('Origin',(-100.909262706013,20.9997851260357,0.));
#3314=CARTESIAN_POINT('',(-100.909262706013,1.15,11.2737819011991));
#3315=CARTESIAN_POINT('Origin',(-98.3320658020732,1.15,22.5475638023983));
#3316=CARTESIAN_POINT('',(-80.0211614697026,1.15,15.644087260608));
#3317=CARTESIAN_POINT('Ctrl Pts',(-80.0211615805363,1.15,15.6440872966855));
#3318=CARTESIAN_POINT('Ctrl Pts',(-80.0299575995564,1.15,15.6170705536244));
#3319=CARTESIAN_POINT('Ctrl Pts',(-80.0387666224928,1.15,15.5900444352822));
#3320=CARTESIAN_POINT('Ctrl Pts',(-80.4275422627711,1.15,14.3931973280896));
#3321=CARTESIAN_POINT('Ctrl Pts',(-80.9579717666639,1.15,12.627339163711));
#3322=CARTESIAN_POINT('Ctrl Pts',(-81.7635526896289,1.15,10.2953271785952));
#3323=CARTESIAN_POINT('Ctrl Pts',(-82.4600182227277,1.15,8.58220926746982));
#3324=CARTESIAN_POINT('Ctrl Pts',(-83.3305586301394,1.15,6.94302080763143));
#3325=CARTESIAN_POINT('Ctrl Pts',(-84.8564499264441,1.15,5.0087591597125));
#3326=CARTESIAN_POINT('Ctrl Pts',(-87.2017807200767,1.15,2.96961436964277));
#3327=CARTESIAN_POINT('Ctrl Pts',(-89.2265990363952,1.15,1.59280202724004));
#3328=CARTESIAN_POINT('Ctrl Pts',(-90.3029629979872,1.15,1.00000000000001));
#3329=CARTESIAN_POINT('',(-92.,1.14999999999882,17.2629798055894));
#3330=CARTESIAN_POINT('Ctrl Pts',(-92.,1.15,17.2629798056002));
#3331=CARTESIAN_POINT('Ctrl Pts',(-91.4146461558666,1.15,17.2629798056002));
#3332=CARTESIAN_POINT('Ctrl Pts',(-90.7156664682941,1.15000000037077,17.0300815233235));
#3333=CARTESIAN_POINT('Ctrl Pts',(-88.7037599792279,1.15000000037077,16.5554697200164));
#3334=CARTESIAN_POINT('Ctrl Pts',(-87.7877078340083,1.15,16.3947530182848));
#3335=CARTESIAN_POINT('Ctrl Pts',(-85.14161726879,1.15,16.0519878469055));
#3336=CARTESIAN_POINT('Ctrl Pts',(-83.2478424947074,1.15,15.8900897508244));
#3337=CARTESIAN_POINT('Ctrl Pts',(-80.6970299595077,1.15,15.6939694683098));
#3338=CARTESIAN_POINT('Ctrl Pts',(-80.1351448401013,1.15,15.6520935885305));
#3339=CARTESIAN_POINT('Ctrl Pts',(-80.0211614697025,1.15,15.644087260608));
#3340=CARTESIAN_POINT('',(-100.211732786075,1.15,23.5));
#3341=CARTESIAN_POINT('Ctrl Pts',(-100.211732786075,1.15,23.5));
#3342=CARTESIAN_POINT('Ctrl Pts',(-100.216504557743,1.15,23.4837492745585));
#3343=CARTESIAN_POINT('Ctrl Pts',(-100.221159776522,1.14999999999264,23.4674553120695));
#3344=CARTESIAN_POINT('Ctrl Pts',(-100.277266138776,1.14999999999264,23.2654542095417));
#3345=CARTESIAN_POINT('Ctrl Pts',(-100.313109854215,1.15,23.0761740725783));
#3346=CARTESIAN_POINT('Ctrl Pts',(-100.348412726085,1.15,22.727477745692));
#3347=CARTESIAN_POINT('Ctrl Pts',(-100.353189253507,1.15,22.5697119286009));
#3348=CARTESIAN_POINT('Ctrl Pts',(-100.33985791077,1.15,22.2412644396148));
#3349=CARTESIAN_POINT('Ctrl Pts',(-100.319847954451,1.15,22.0715083616346));
#3350=CARTESIAN_POINT('Ctrl Pts',(-100.238786831716,1.15,21.656587517828));
#3351=CARTESIAN_POINT('Ctrl Pts',(-100.16334215895,1.15,21.41644577331));
#3352=CARTESIAN_POINT('Ctrl Pts',(-99.8702105593408,1.15,20.7395245439953));
#3353=CARTESIAN_POINT('Ctrl Pts',(-99.5664995064074,1.15,20.2820880662397));
#3354=CARTESIAN_POINT('Ctrl Pts',(-98.5504121550137,1.15,19.3001171967393));
#3355=CARTESIAN_POINT('Ctrl Pts',(-97.8632705426387,1.15,18.8819357958917));
#3356=CARTESIAN_POINT('Ctrl Pts',(-95.595681103115,1.15,17.8385108213405));
#3357=CARTESIAN_POINT('Ctrl Pts',(-93.7021755446886,1.15,17.4645379493181));
#3358=CARTESIAN_POINT('Ctrl Pts',(-92.,1.15,17.2629798056002));
#3359=CARTESIAN_POINT('Ctrl Pts',(-100.211732786075,1.15,28.5));
#3360=CARTESIAN_POINT('Ctrl Pts',(-100.211732786075,1.15,27.6666666666667));
#3361=CARTESIAN_POINT('Ctrl Pts',(-100.211732786075,1.15,26.8333333333333));
#3362=CARTESIAN_POINT('Ctrl Pts',(-100.211732786075,1.15,25.1666666666667));
#3363=CARTESIAN_POINT('Ctrl Pts',(-100.211732786075,1.15,24.3333333333333));
#3364=CARTESIAN_POINT('Ctrl Pts',(-100.211732786075,1.15,23.5));
#3365=CARTESIAN_POINT('Ctrl Pts',(-90.3029629979872,1.15,1.00000000000001));
#3366=CARTESIAN_POINT('Ctrl Pts',(-89.2265990363952,1.15,1.59280202724004));
#3367=CARTESIAN_POINT('Ctrl Pts',(-87.2017807200767,1.15,2.96961436964277));
#3368=CARTESIAN_POINT('Ctrl Pts',(-84.8564499264441,1.15,5.0087591597125));
#3369=CARTESIAN_POINT('Ctrl Pts',(-83.3305586301394,1.15,6.94302080763143));
#3370=CARTESIAN_POINT('Ctrl Pts',(-82.4600182227277,1.15,8.58220926746982));
#3371=CARTESIAN_POINT('Ctrl Pts',(-81.7635526896289,1.15,10.2953271785952));
#3372=CARTESIAN_POINT('Ctrl Pts',(-80.9579717666639,1.15,12.627339163711));
#3373=CARTESIAN_POINT('Ctrl Pts',(-80.4275422627711,1.15,14.3931973280896));
#3374=CARTESIAN_POINT('Ctrl Pts',(-80.038244739514,1.15,15.5916510537757));
#3375=CARTESIAN_POINT('Ctrl Pts',(-80.0289090314915,1.15,15.6202872386578));
#3376=CARTESIAN_POINT('Ctrl Pts',(-80.0195914072655,1.15,15.6489103935476));
#3377=CARTESIAN_POINT('Ctrl Pts',(-90.2777035635578,1.15,0.954135877307103));
#3378=CARTESIAN_POINT('Ctrl Pts',(-89.1985899587397,1.15,1.5483613392924));
#3379=CARTESIAN_POINT('Ctrl Pts',(-87.1694036025051,1.15,2.92850965186741));
#3380=CARTESIAN_POINT('Ctrl Pts',(-84.8199262628412,1.15,4.97075147492505));
#3381=CARTESIAN_POINT('Ctrl Pts',(-83.286236407776,1.15,6.9144967221312));
#3382=CARTESIAN_POINT('Ctrl Pts',(-82.4122578288665,1.15,8.56060934610305));
#3383=CARTESIAN_POINT('Ctrl Pts',(-81.7143897783468,1.15,10.2772230083712));
#3384=CARTESIAN_POINT('Ctrl Pts',(-80.9080163679655,1.15,12.611638357825));
#3385=CARTESIAN_POINT('Ctrl Pts',(-80.377466327292,1.15,14.37789040202));
#3386=CARTESIAN_POINT('Ctrl Pts',(-79.9884603537668,1.15,15.5754315420144));
#3387=CARTESIAN_POINT('Ctrl Pts',(-79.979118781035,1.14999999999999,15.6040856522766));
#3388=CARTESIAN_POINT('Ctrl Pts',(-79.9698031057676,1.15,15.6327029319314));
#3389=CARTESIAN_POINT('Ctrl Pts',(-90.2273830970411,1.10666836763881,0.862767875511688));
#3390=CARTESIAN_POINT('Ctrl Pts',(-89.1431691899583,1.10666836763881,1.45981975502645));
#3391=CARTESIAN_POINT('Ctrl Pts',(-87.1048022747913,1.10666836763881,2.84662666596177));
#3392=CARTESIAN_POINT('Ctrl Pts',(-84.7472340696147,1.10666836763881,4.89480340079851));
#3393=CARTESIAN_POINT('Ctrl Pts',(-83.198017220656,1.10666836763881,6.85764315700604));
#3394=CARTESIAN_POINT('Ctrl Pts',(-82.3171821731264,1.10666836763881,8.51745158144835));
#3395=CARTESIAN_POINT('Ctrl Pts',(-81.6166201310577,1.10666836763881,10.2407406740619));
#3396=CARTESIAN_POINT('Ctrl Pts',(-80.8084863572236,1.10666836763881,12.5804142990724));
#3397=CARTESIAN_POINT('Ctrl Pts',(-80.2782450488127,1.10666836763881,14.3457295556048));
#3398=CARTESIAN_POINT('Ctrl Pts',(-79.8892755358803,1.10666836763881,15.5431413984148));
#3399=CARTESIAN_POINT('Ctrl Pts',(-79.8799336185268,1.1066683676388,15.5717969041459));
#3400=CARTESIAN_POINT('Ctrl Pts',(-79.8706175691533,1.10666836763881,15.6004153115628));
#3401=CARTESIAN_POINT('Ctrl Pts',(-90.2064790656079,1.00235987755983,0.824811955908427));
#3402=CARTESIAN_POINT('Ctrl Pts',(-89.120272243999,1.00235987755983,1.42303488869725));
#3403=CARTESIAN_POINT('Ctrl Pts',(-87.077931902221,1.00235987755983,2.81261219027196));
#3404=CARTESIAN_POINT('Ctrl Pts',(-84.7170591790386,1.00235987755983,4.86317608902798));
#3405=CARTESIAN_POINT('Ctrl Pts',(-83.1613950936526,1.00235987755983,6.8340153416183));
#3406=CARTESIAN_POINT('Ctrl Pts',(-82.2777093672043,1.00235987755983,8.49948052298507));
#3407=CARTESIAN_POINT('Ctrl Pts',(-81.5760615473319,1.00235987755983,10.2254464688727));
#3408=CARTESIAN_POINT('Ctrl Pts',(-80.7671359260287,1.00235987755983,12.5674613440457));
#3409=CARTESIAN_POINT('Ctrl Pts',(-80.2372058928343,1.00235987755983,14.3318134070566));
#3410=CARTESIAN_POINT('Ctrl Pts',(-79.8480700080027,1.00235987755983,15.5297346525686));
#3411=CARTESIAN_POINT('Ctrl Pts',(-79.8387317284948,1.00235987755982,15.5583792955092));
#3412=CARTESIAN_POINT('Ctrl Pts',(-79.8294141042687,1.00235987755983,15.587002450399));
#3413=CARTESIAN_POINT('Ctrl Pts',(-90.2064790656079,0.95,0.824811955908427));
#3414=CARTESIAN_POINT('Ctrl Pts',(-89.120272243999,0.95,1.42303488869725));
#3415=CARTESIAN_POINT('Ctrl Pts',(-87.077931902221,0.95,2.81261219027196));
#3416=CARTESIAN_POINT('Ctrl Pts',(-84.7170591790386,0.95,4.86317608902798));
#3417=CARTESIAN_POINT('Ctrl Pts',(-83.1613950936526,0.95,6.8340153416183));
#3418=CARTESIAN_POINT('Ctrl Pts',(-82.2777093672043,0.95,8.49948052298507));
#3419=CARTESIAN_POINT('Ctrl Pts',(-81.5760615473319,0.949999999999999,10.2254464688727));
#3420=CARTESIAN_POINT('Ctrl Pts',(-80.7671359260287,0.95,12.5674613440457));
#3421=CARTESIAN_POINT('Ctrl Pts',(-80.2372058928343,0.949999999999998,14.3318134070566));
#3422=CARTESIAN_POINT('Ctrl Pts',(-79.8480700080027,0.95,15.5297346525686));
#3423=CARTESIAN_POINT('Ctrl Pts',(-79.8387317284948,0.95,15.5583792955092));
#3424=CARTESIAN_POINT('Ctrl Pts',(-79.8294141042687,0.95,15.587002450399));
#3425=CARTESIAN_POINT('',(-80.,0.95,15.0574733769702));
#3426=CARTESIAN_POINT('Ctrl Pts',(-89.8945670701063,0.95,1.00023315775006));
#3427=CARTESIAN_POINT('Ctrl Pts',(-88.9240190038017,0.95,1.55738602652307));
#3428=CARTESIAN_POINT('Ctrl Pts',(-86.9870226076889,0.95,2.89157253218218));
#3429=CARTESIAN_POINT('Ctrl Pts',(-84.7170591790386,0.95,4.86317608902798));
#3430=CARTESIAN_POINT('Ctrl Pts',(-83.1613950936526,0.95,6.8340153416183));
#3431=CARTESIAN_POINT('Ctrl Pts',(-82.2777093672043,0.95,8.49948052298507));
#3432=CARTESIAN_POINT('Ctrl Pts',(-81.5760615473319,0.949999999999999,10.2254464688727));
#3433=CARTESIAN_POINT('Ctrl Pts',(-80.8182465688226,0.95,12.4194849633372));
#3434=CARTESIAN_POINT('Ctrl Pts',(-80.3270380657307,0.949999999999998,14.0345951872925));
#3435=CARTESIAN_POINT('Ctrl Pts',(-80.0002083355058,0.949999999999999,15.057539939978));
#3436=CARTESIAN_POINT('',(-80.,1.14893592868075,15.6425328516008));
#3437=CARTESIAN_POINT('Ctrl Pts',(-80.,1.14893592868076,15.6425328516008));
#3438=CARTESIAN_POINT('Ctrl Pts',(-80.,1.14414475940446,15.493080959728));
#3439=CARTESIAN_POINT('Ctrl Pts',(-80.,1.12339057071219,15.3548833010806));
#3440=CARTESIAN_POINT('Ctrl Pts',(-80.,1.07970920344687,15.2116348808646));
#3441=CARTESIAN_POINT('Ctrl Pts',(-79.9999999998181,1.05830664837322,15.1510108447713));
#3442=CARTESIAN_POINT('Ctrl Pts',(-79.9999999998181,1.01625349265076,15.09360626806));
#3443=CARTESIAN_POINT('Ctrl Pts',(-79.9999999999999,1.00366069872782,15.0797547871947));
#3444=CARTESIAN_POINT('Ctrl Pts',(-79.9999999999999,0.982993522708199,15.0661912755927));
#3445=CARTESIAN_POINT('Ctrl Pts',(-80.,0.976504533183467,15.0628926306223));
#3446=CARTESIAN_POINT('Ctrl Pts',(-80.,0.963247027788696,15.058583260915));
#3447=CARTESIAN_POINT('Ctrl Pts',(-80.,0.956699016348817,15.0574733769701));
#3448=CARTESIAN_POINT('Ctrl Pts',(-80.,0.95,15.0574733769701));
#3449=CARTESIAN_POINT('Ctrl Pts',(-80.0000077507869,1.14889236182343,15.6425353746951));
#3450=CARTESIAN_POINT('Ctrl Pts',(-80.0001395186423,1.14890587333005,15.6425375255451));
#3451=CARTESIAN_POINT('Ctrl Pts',(-80.0003411464283,1.1489265753157,15.6425480540586));
#3452=CARTESIAN_POINT('Ctrl Pts',(-80.0004896954745,1.14894165981139,15.6425564643549));
#3453=CARTESIAN_POINT('Ctrl Pts',(-80.0014931332644,1.14904355446104,15.6426132752823));
#3454=CARTESIAN_POINT('Ctrl Pts',(-80.0036580651689,1.14926330233031,15.6427798055657));
#3455=CARTESIAN_POINT('Ctrl Pts',(-80.0067198147345,1.14948239273116,15.643015175189));
#3456=CARTESIAN_POINT('Ctrl Pts',(-80.0103963512251,1.14974547559806,15.6432978060802));
#3457=CARTESIAN_POINT('Ctrl Pts',(-80.0153680418779,1.15,15.643680350144));
#3458=CARTESIAN_POINT('Ctrl Pts',(-80.0211616297248,1.15,15.6440871456043));
#3459=CARTESIAN_POINT('Origin',(-80.,0.,29.547563802493));
#3460=CARTESIAN_POINT('',(-80.,-0.95,15.0574733769702));
#3461=CARTESIAN_POINT('Ctrl Pts',(-80.,0.95,15.0574733769702));
#3462=CARTESIAN_POINT('Ctrl Pts',(-80.,0.633333333333334,15.0574733769702));
#3463=CARTESIAN_POINT('Ctrl Pts',(-80.,0.316666666666667,15.0574733769702));
#3464=CARTESIAN_POINT('Ctrl Pts',(-80.,-0.316666666666666,15.0574733769702));
#3465=CARTESIAN_POINT('Ctrl Pts',(-80.,-0.633333333333333,15.0574733769702));
#3466=CARTESIAN_POINT('Ctrl Pts',(-80.,-0.95,15.0574733769702));
#3467=CARTESIAN_POINT('',(-80.,-1.14893362277032,15.642460962119));
#3468=CARTESIAN_POINT('Ctrl Pts',(-80.,-0.95,15.0574733769701));
#3469=CARTESIAN_POINT('Ctrl Pts',(-80.,-0.958124162189046,15.0574733769701));
#3470=CARTESIAN_POINT('Ctrl Pts',(-80.,-0.965992721580524,15.0591055010316));
#3471=CARTESIAN_POINT('Ctrl Pts',(-80.,-0.983214237087716,15.0658422479397));
#3472=CARTESIAN_POINT('Ctrl Pts',(-80.,-0.992041543332618,15.0716474781915));
#3473=CARTESIAN_POINT('Ctrl Pts',(-80.,-1.01391451811702,15.0902386242013));
#3474=CARTESIAN_POINT('Ctrl Pts',(-80.,-1.02592207057248,15.1057475314998));
#3475=CARTESIAN_POINT('Ctrl Pts',(-80.,-1.06150970207015,15.1613829880054));
#3476=CARTESIAN_POINT('Ctrl Pts',(-80.0000000000237,-1.07945568659845,15.2114517389659));
#3477=CARTESIAN_POINT('Ctrl Pts',(-80.0000000000237,-1.12285021530248,15.3512961578224));
#3478=CARTESIAN_POINT('Ctrl Pts',(-80.,-1.14407659988133,15.4911200976568));
#3479=CARTESIAN_POINT('Ctrl Pts',(-80.,-1.14893362277032,15.642460962119));
#3480=CARTESIAN_POINT('Origin',(-80.,-0.000214873964342719,22.547563802493));
#3481=CARTESIAN_POINT('Ctrl Pts',(-79.8573670227154,-1.375,15.5011328451316));
#3482=CARTESIAN_POINT('Ctrl Pts',(-79.8573670227154,1.375,15.5011328451316));
#3483=CARTESIAN_POINT('Ctrl Pts',(-80.1306653818652,-1.375,14.6615774954758));
#3484=CARTESIAN_POINT('Ctrl Pts',(-80.1306653818652,1.375,14.6615774954758));
#3485=CARTESIAN_POINT('Ctrl Pts',(-80.5330522954303,-1.375,13.3188848668727));
#3486=CARTESIAN_POINT('Ctrl Pts',(-80.5330522954303,1.375,13.3188848668727));
#3487=CARTESIAN_POINT('Ctrl Pts',(-81.0084787283092,-1.375,11.8889059692382));
#3488=CARTESIAN_POINT('Ctrl Pts',(-81.0084787283092,1.375,11.8889059692382));
#3489=CARTESIAN_POINT('Ctrl Pts',(-81.4437226684389,-1.375,10.5797872356838));
#3490=CARTESIAN_POINT('Ctrl Pts',(-81.4437226684389,1.375,10.5797872356838));
#3491=CARTESIAN_POINT('Ctrl Pts',(-81.9291278034569,-1.375,9.26209039211713));
#3492=CARTESIAN_POINT('Ctrl Pts',(-81.9291278034569,1.375,9.26209039211713));
#3493=CARTESIAN_POINT('Ctrl Pts',(-82.4613003646255,-1.375,8.18644945712451));
#3494=CARTESIAN_POINT('Ctrl Pts',(-82.4613003646255,1.375,8.18644945712451));
#3495=CARTESIAN_POINT('Ctrl Pts',(-83.304942664282,-1.375,6.48125783655455));
#3496=CARTESIAN_POINT('Ctrl Pts',(-83.304942664282,1.375,6.48125783655455));
#3497=CARTESIAN_POINT('Ctrl Pts',(-84.3158087579072,-1.375,5.30550277913253));
#3498=CARTESIAN_POINT('Ctrl Pts',(-84.3158087579072,1.375,5.30550277913253));
#3499=CARTESIAN_POINT('Ctrl Pts',(-85.6218722177205,-1.375,4.1230731874791));
#3500=CARTESIAN_POINT('Ctrl Pts',(-85.6218722177205,1.375,4.1230731874791));
#3501=CARTESIAN_POINT('Ctrl Pts',(-86.8485007032574,-1.375,3.0125591398147));
#3502=CARTESIAN_POINT('Ctrl Pts',(-86.8485007032574,1.375,3.0125591398147));
#3503=CARTESIAN_POINT('Ctrl Pts',(-88.2780049556741,-1.375,1.93790506517821));
#3504=CARTESIAN_POINT('Ctrl Pts',(-88.2780049556741,1.375,1.93790506517821));
#3505=CARTESIAN_POINT('Ctrl Pts',(-89.776972556342,-1.375,1.0677016342007));
#3506=CARTESIAN_POINT('Ctrl Pts',(-89.776972556342,1.375,1.0677016342007));
#3507=CARTESIAN_POINT('Ctrl Pts',(-91.3090616298862,-1.375,0.178270022892133));
#3508=CARTESIAN_POINT('Ctrl Pts',(-91.3090616298862,1.375,0.178270022892133));
#3509=CARTESIAN_POINT('Ctrl Pts',(-92.9781925886378,-1.375,-0.520581419047928));
#3510=CARTESIAN_POINT('Ctrl Pts',(-92.9781925886378,1.375,-0.520581419047928));
#3511=CARTESIAN_POINT('Ctrl Pts',(-94.927404822072,-1.375,-1.25554696422756));
#3512=CARTESIAN_POINT('Ctrl Pts',(-94.927404822072,1.375,-1.25554696422756));
#3513=CARTESIAN_POINT('Ctrl Pts',(-96.8766170555063,-1.375,-1.9905125094072));
#3514=CARTESIAN_POINT('Ctrl Pts',(-96.8766170555063,1.375,-1.9905125094072));
#3515=CARTESIAN_POINT('Ctrl Pts',(-99.0579383729309,-1.375,-2.74408793283823));
#3516=CARTESIAN_POINT('Ctrl Pts',(-99.0579383729309,1.375,-2.74408793283823));
#3517=CARTESIAN_POINT('Ctrl Pts',(-100.860451324738,-1.375,-3.36440400892863));
#3518=CARTESIAN_POINT('Ctrl Pts',(-100.860451324738,1.375,-3.36440400892863));
#3519=CARTESIAN_POINT('Ctrl Pts',(-100.957697916651,-1.375,-3.39787041162384));
#3520=CARTESIAN_POINT('Ctrl Pts',(-100.957697916651,1.375,-3.39787041162384));
#3521=CARTESIAN_POINT('Ctrl Pts',(-101.05397741998,-1.375,-3.43103640241284));
#3522=CARTESIAN_POINT('Ctrl Pts',(-101.05397741998,1.375,-3.43103640241284));
#3523=CARTESIAN_POINT('Ctrl Pts',(-101.149276225391,-1.375,-3.46392971850521));
#3524=CARTESIAN_POINT('Ctrl Pts',(-101.149276225391,1.375,-3.46392971850521));
#3525=CARTESIAN_POINT('Ctrl Pts',(-80.000101761236,-0.949999999999999,15.0575057752888));
#3526=CARTESIAN_POINT('Ctrl Pts',(-80.1390457609846,-0.949999999999998,
14.62109049107));
#3527=CARTESIAN_POINT('Ctrl Pts',(-80.4560529304972,-0.95,13.5981195103825));
#3528=CARTESIAN_POINT('Ctrl Pts',(-81.1600644523328,-0.949999999999999,
11.393702280493));
#3529=CARTESIAN_POINT('Ctrl Pts',(-81.9837947973211,-0.95,9.05501164403707));
#3530=CARTESIAN_POINT('Ctrl Pts',(-83.1609651989745,-0.949999999999999,
6.83430331827393));
#3531=CARTESIAN_POINT('Ctrl Pts',(-84.717359605424,-0.95,4.86378957651014));
#3532=CARTESIAN_POINT('Ctrl Pts',(-86.9868684428516,-0.95,2.89171037113593));
#3533=CARTESIAN_POINT('Ctrl Pts',(-88.9240051148054,-0.95,1.55739713026187));
#3534=CARTESIAN_POINT('Ctrl Pts',(-89.8945672441385,-0.95,1.00023345977044));
#3535=CARTESIAN_POINT('Ctrl Pts',(-80.0196118161002,-1.15,15.6488476988924));
#3536=CARTESIAN_POINT('Ctrl Pts',(-80.0289226377761,-1.15,15.6202454410085));
#3537=CARTESIAN_POINT('Ctrl Pts',(-80.0382319426325,-1.15,15.5916438986392));
#3538=CARTESIAN_POINT('Ctrl Pts',(-80.2381241613835,-1.15,14.9777061474033));
#3539=CARTESIAN_POINT('Ctrl Pts',(-80.5995954146307,-1.15,13.8062853056321));
#3540=CARTESIAN_POINT('Ctrl Pts',(-81.3494995183045,-1.15,11.4573256015393));
#3541=CARTESIAN_POINT('Ctrl Pts',(-82.1703952145318,-1.15,9.12913341358849));
#3542=CARTESIAN_POINT('Ctrl Pts',(-83.3302219906087,-1.15,6.94302646456074));
#3543=CARTESIAN_POINT('Ctrl Pts',(-84.8567870150661,-1.15,5.00923963567531));
#3544=CARTESIAN_POINT('Ctrl Pts',(-87.2016666912203,-1.15,2.96959380354478));
#3545=CARTESIAN_POINT('Ctrl Pts',(-89.2265990264315,-1.15,1.59280203272761));
#3546=CARTESIAN_POINT('Ctrl Pts',(-90.3029629979872,-1.15,1.));
#3547=CARTESIAN_POINT('Ctrl Pts',(-79.9698235146024,-1.15,15.6326402372762));
#3548=CARTESIAN_POINT('Ctrl Pts',(-79.9791313424155,-1.15,15.6040496226768));
#3549=CARTESIAN_POINT('Ctrl Pts',(-79.988448396229,-1.15,15.5754186112198));
#3550=CARTESIAN_POINT('Ctrl Pts',(-80.1881996240954,-1.15,14.961982362894));
#3551=CARTESIAN_POINT('Ctrl Pts',(-80.5495247027784,-1.15,13.7908616792639));
#3552=CARTESIAN_POINT('Ctrl Pts',(-81.2999147835359,-1.15,11.4406514515819));
#3553=CARTESIAN_POINT('Ctrl Pts',(-82.1215413284557,-1.15,9.1097581906531));
#3554=CARTESIAN_POINT('Ctrl Pts',(-83.2858796310518,-1.15,6.91455301116811));
#3555=CARTESIAN_POINT('Ctrl Pts',(-84.8202699679067,-1.15,4.97117117682048));
#3556=CARTESIAN_POINT('Ctrl Pts',(-87.1692846101669,-1.15,2.92854217881608));
#3557=CARTESIAN_POINT('Ctrl Pts',(-89.1985921368253,-1.15,1.54833652560619));
#3558=CARTESIAN_POINT('Ctrl Pts',(-90.2777035635578,-1.15,0.954135877307095));
#3559=CARTESIAN_POINT('Ctrl Pts',(-79.8706379779793,-1.10666836764789,15.6003526169048));
#3560=CARTESIAN_POINT('Ctrl Pts',(-79.8799463804702,-1.10666836764789,15.5717597673545));
#3561=CARTESIAN_POINT('Ctrl Pts',(-79.8892731521857,-1.10666836764788,15.5430997023064));
#3562=CARTESIAN_POINT('Ctrl Pts',(-80.0887086695033,-1.10666836764788,14.9306293587571));
#3563=CARTESIAN_POINT('Ctrl Pts',(-80.4498518086515,-1.10666836764788,13.7599856669831));
#3564=CARTESIAN_POINT('Ctrl Pts',(-81.2011145795645,-1.10666836764788,11.4074725678359));
#3565=CARTESIAN_POINT('Ctrl Pts',(-82.0242216756425,-1.10666836764788,9.07109481905998));
#3566=CARTESIAN_POINT('Ctrl Pts',(-83.1976109864414,-1.10666836764788,6.85785115621195));
#3567=CARTESIAN_POINT('Ctrl Pts',(-84.7475555413417,-1.10666836764788,4.89531082374363));
#3568=CARTESIAN_POINT('Ctrl Pts',(-87.104650460419,-1.10666836764789,2.84672904543193));
#3569=CARTESIAN_POINT('Ctrl Pts',(-89.1431709480041,-1.10666836764788,1.45979970544895));
#3570=CARTESIAN_POINT('Ctrl Pts',(-90.2273830970367,-1.10666836764789,0.862767875503734));
#3571=CARTESIAN_POINT('Ctrl Pts',(-79.8294345131035,-1.00235987755983,15.5869397557439));
#3572=CARTESIAN_POINT('Ctrl Pts',(-79.8387453347793,-1.00235987755983,15.5583374978599));
#3573=CARTESIAN_POINT('Ctrl Pts',(-79.8480742363837,-1.00235987755983,15.5296752515352));
#3574=CARTESIAN_POINT('Ctrl Pts',(-80.0473669853727,-1.00235987755983,14.9175951041279));
#3575=CARTESIAN_POINT('Ctrl Pts',(-80.4084709778073,-1.00235987755983,13.7471092258746));
#3576=CARTESIAN_POINT('Ctrl Pts',(-81.1600644523328,-1.00235987755983,11.393702280493));
#3577=CARTESIAN_POINT('Ctrl Pts',(-81.9837947973211,-1.00235987755983,9.05501164403707));
#3578=CARTESIAN_POINT('Ctrl Pts',(-83.1609651989745,-1.00235987755983,6.83430331827393));
#3579=CARTESIAN_POINT('Ctrl Pts',(-84.717359605424,-1.00235987755983,4.86378957651014));
#3580=CARTESIAN_POINT('Ctrl Pts',(-87.0777588054238,-1.00235987755983,2.81273161104406));
#3581=CARTESIAN_POINT('Ctrl Pts',(-89.1202722339441,-1.00235987755983,1.42303489423499));
#3582=CARTESIAN_POINT('Ctrl Pts',(-90.2064790656079,-1.00235987755983,0.824811955908421));
#3583=CARTESIAN_POINT('Ctrl Pts',(-79.8294345131035,-0.95,15.5869397557439));
#3584=CARTESIAN_POINT('Ctrl Pts',(-79.8387453347793,-0.95,15.5583374978599));
#3585=CARTESIAN_POINT('Ctrl Pts',(-79.8480742363837,-0.95,15.5296752515352));
#3586=CARTESIAN_POINT('Ctrl Pts',(-80.0473669853727,-0.949999999999997,
14.9175951041279));
#3587=CARTESIAN_POINT('Ctrl Pts',(-80.4084709778073,-0.95,13.7471092258746));
#3588=CARTESIAN_POINT('Ctrl Pts',(-81.1600644523328,-0.949999999999999,
11.393702280493));
#3589=CARTESIAN_POINT('Ctrl Pts',(-81.9837947973211,-0.95,9.05501164403707));
#3590=CARTESIAN_POINT('Ctrl Pts',(-83.1609651989745,-0.949999999999999,
6.83430331827393));
#3591=CARTESIAN_POINT('Ctrl Pts',(-84.717359605424,-0.95,4.86378957651014));
#3592=CARTESIAN_POINT('Ctrl Pts',(-87.0777588054238,-0.95,2.81273161104406));
#3593=CARTESIAN_POINT('Ctrl Pts',(-89.1202722339441,-0.95,1.42303489423499));
#3594=CARTESIAN_POINT('Ctrl Pts',(-90.2064790656079,-0.95,0.824811955908421));
#3595=CARTESIAN_POINT('',(-80.0211843124291,-1.15,15.6440170891905));
#3596=CARTESIAN_POINT('Ctrl Pts',(-90.3029629979872,-1.15,1.));
#3597=CARTESIAN_POINT('Ctrl Pts',(-89.2265990264315,-1.15,1.59280203272761));
#3598=CARTESIAN_POINT('Ctrl Pts',(-87.2016666912203,-1.15,2.96959380354478));
#3599=CARTESIAN_POINT('Ctrl Pts',(-84.8567870150661,-1.15,5.00923963567531));
#3600=CARTESIAN_POINT('Ctrl Pts',(-83.3302219906087,-1.15,6.94302646456074));
#3601=CARTESIAN_POINT('Ctrl Pts',(-82.1703952145318,-1.15,9.12913341358849));
#3602=CARTESIAN_POINT('Ctrl Pts',(-81.3494995183045,-1.15,11.4573256015393));
#3603=CARTESIAN_POINT('Ctrl Pts',(-80.5995954146307,-1.15,13.8062853056321));
#3604=CARTESIAN_POINT('Ctrl Pts',(-80.2381241613835,-1.15,14.9777061474033));
#3605=CARTESIAN_POINT('Ctrl Pts',(-80.0387562377244,-1.15,15.5900336080953));
#3606=CARTESIAN_POINT('Ctrl Pts',(-80.0299708120191,-1.15,15.6170251016706));
#3607=CARTESIAN_POINT('Ctrl Pts',(-80.0211843020959,-1.15,15.6440170858268));
#3608=CARTESIAN_POINT('Ctrl Pts',(-80.0211843124291,-1.15,15.6440170891905));
#3609=CARTESIAN_POINT('Ctrl Pts',(-80.0155417021701,-1.15,15.6436207859107));
#3610=CARTESIAN_POINT('Ctrl Pts',(-80.009970241655,-1.14977525498976,15.6431899430845));
#3611=CARTESIAN_POINT('Ctrl Pts',(-80.002152843842,-1.14915142187972,15.6425919137002));
#3612=CARTESIAN_POINT('Ctrl Pts',(-80.0004621488707,-1.14897941189844,15.6424674675461));
#3613=CARTESIAN_POINT('Ctrl Pts',(-79.9999917760758,-1.14893280778777,15.642460836195));
#3614=CARTESIAN_POINT('Ctrl Pts',(-33.,-15.0002148739643,22.547563802493));
#3615=CARTESIAN_POINT('Ctrl Pts',(-45.5333333333333,-15.0002148739643,22.547563802493));
#3616=CARTESIAN_POINT('Ctrl Pts',(-72.1666666666667,-7.00021487396434,22.547563802493));
#3617=CARTESIAN_POINT('Ctrl Pts',(-80.,-7.00021487396434,22.547563802493));
#3618=CARTESIAN_POINT('Ctrl Pts',(-33.,-15.0002148739643,19.8158318664896));
#3619=CARTESIAN_POINT('Ctrl Pts',(-45.5333333333333,-15.0002148739643,19.8158318664896));
#3620=CARTESIAN_POINT('Ctrl Pts',(-72.1666666666667,-7.00021487396434,21.4548710280916));
#3621=CARTESIAN_POINT('Ctrl Pts',(-80.,-7.00021487396434,21.4548710280916));
#3622=CARTESIAN_POINT('Ctrl Pts',(-33.,-13.8827778251539,14.3555523666908));
#3623=CARTESIAN_POINT('Ctrl Pts',(-45.5333333333333,-13.8827778251539,14.3555523666908));
#3624=CARTESIAN_POINT('Ctrl Pts',(-72.1666666666667,-6.47874425118616,19.2707592281721));
#3625=CARTESIAN_POINT('Ctrl Pts',(-80.,-6.47874425118616,19.2707592281721));
#3626=CARTESIAN_POINT('Ctrl Pts',(-33.,-9.22072883831875,7.92346113807137));
#3627=CARTESIAN_POINT('Ctrl Pts',(-45.5333333333333,-9.22072883831875,7.92346113807137));
#3628=CARTESIAN_POINT('Ctrl Pts',(-72.1666666666667,-4.30312139066306,16.6979227367244));
#3629=CARTESIAN_POINT('Ctrl Pts',(-80.,-4.30312139066306,16.6979227367244));
#3630=CARTESIAN_POINT('Ctrl Pts',(-33.,-2.56974307259554,4.64321526047734));
#3631=CARTESIAN_POINT('Ctrl Pts',(-45.5333333333333,-2.56974307259554,4.64321526047734));
#3632=CARTESIAN_POINT('Ctrl Pts',(-72.1666666666667,-1.19932803332557,15.3858243856867));
#3633=CARTESIAN_POINT('Ctrl Pts',(-80.,-1.19932803332557,15.3858243856867));
#3634=CARTESIAN_POINT('Ctrl Pts',(-33.,4.63257751190099,5.21878416525903));
#3635=CARTESIAN_POINT('Ctrl Pts',(-45.5333333333334,4.63257751190099,5.21878416525903));
#3636=CARTESIAN_POINT('Ctrl Pts',(-72.1666666666667,2.16175490610615,15.6160519475994));
#3637=CARTESIAN_POINT('Ctrl Pts',(-80.,2.16175490610615,15.6160519475994));
#3638=CARTESIAN_POINT('Ctrl Pts',(-33.,10.8403749935643,9.52196590966417));
#3639=CARTESIAN_POINT('Ctrl Pts',(-45.5333333333333,10.8403749935643,9.52196590966417));
#3640=CARTESIAN_POINT('Ctrl Pts',(-72.1666666666667,5.05872706421571,17.3373246453615));
#3641=CARTESIAN_POINT('Ctrl Pts',(-80.,5.05872706421571,17.3373246453615));
#3642=CARTESIAN_POINT('Ctrl Pts',(-33.,14.7090352019978,16.6347668339511));
#3643=CARTESIAN_POINT('Ctrl Pts',(-45.5333333333333,14.7090352019978,16.6347668339511));
#3644=CARTESIAN_POINT('Ctrl Pts',(-72.1666666666667,6.86410182815131,20.1824450150763));
#3645=CARTESIAN_POINT('Ctrl Pts',(-80.,6.86410182815131,20.1824450150763));
#3646=CARTESIAN_POINT('Ctrl Pts',(-33.,15.1788771420477,22.2223266997077));
#3647=CARTESIAN_POINT('Ctrl Pts',(-45.5333333333333,15.1788771420477,22.2223266997077));
#3648=CARTESIAN_POINT('Ctrl Pts',(-72.1666666666667,7.08336140017462,22.4174689613789));
#3649=CARTESIAN_POINT('Ctrl Pts',(-80.,7.08336140017462,22.4174689613789));
#3650=CARTESIAN_POINT('Ctrl Pts',(-33.,14.8602893406924,24.9286542962605));
#3651=CARTESIAN_POINT('Ctrl Pts',(-45.5333333333333,14.8602893406924,24.9286542962605));
#3652=CARTESIAN_POINT('Ctrl Pts',(-72.1666666666667,6.93468709287545,23.5));
#3653=CARTESIAN_POINT('Ctrl Pts',(-80.,6.93468709287545,23.5));
#3654=CARTESIAN_POINT('',(-80.,-7.00021487396434,22.547563802493));
#3655=CARTESIAN_POINT('Origin',(-80.,-0.000214873964342719,22.547563802493));
#3656=CARTESIAN_POINT('',(-76.,-7.38023557213953,22.547563802493));
#3657=CARTESIAN_POINT('Ctrl Pts',(-76.,-7.38023557213953,22.547563802493));
#3658=CARTESIAN_POINT('Ctrl Pts',(-77.6095175169143,-7.13908628209723,22.547563802493));
#3659=CARTESIAN_POINT('Ctrl Pts',(-78.9679326630133,-7.00021487396434,22.547563802493));
#3660=CARTESIAN_POINT('Ctrl Pts',(-80.,-7.00021487396434,22.547563802493));
#3661=CARTESIAN_POINT('',(-76.,-2.0002303594048,15.3294043181965));
#3662=CARTESIAN_POINT('Ctrl Pts',(-76.,-2.00026922733473,15.3289356234336));
#3663=CARTESIAN_POINT('Ctrl Pts',(-76.,-2.85201245147685,15.5733115958687));
#3664=CARTESIAN_POINT('Ctrl Pts',(-76.,-3.66094862663131,15.9733343685228));
#3665=CARTESIAN_POINT('Ctrl Pts',(-76.,-4.37362719433032,16.5062082131576));
#3666=CARTESIAN_POINT('Ctrl Pts',(-76.,-5.30129864580872,17.199833467672));
#3667=CARTESIAN_POINT('Ctrl Pts',(-76.,-6.06587682400318,18.1185538264736));
#3668=CARTESIAN_POINT('Ctrl Pts',(-76.,-6.58561105558588,19.1628485663745));
#3669=CARTESIAN_POINT('Ctrl Pts',(-76.,-7.10534528716859,20.2071433062754));
#3670=CARTESIAN_POINT('Ctrl Pts',(-76.,-7.38023557213953,21.3770124272756));
#3671=CARTESIAN_POINT('Ctrl Pts',(-76.,-7.38023557213953,22.547563802493));
#3672=CARTESIAN_POINT('',(-72.5,-2.0002303594048,14.5232577047295));
#3673=CARTESIAN_POINT('Ctrl Pts',(-72.5,-2.0002303594048,14.5232577047295));
#3674=CARTESIAN_POINT('Ctrl Pts',(-73.6290226906517,-2.0002303594048,14.8084930681028));
#3675=CARTESIAN_POINT('Ctrl Pts',(-74.847280895272,-2.0002303594048,15.0978177182441));
#3676=CARTESIAN_POINT('Ctrl Pts',(-76.,-2.0002303594048,15.3294043181965));
#3677=CARTESIAN_POINT('',(-72.5,-7.98210244132785,22.547563802493));
#3678=CARTESIAN_POINT('Ctrl Pts',(-72.5,-7.98210244132785,22.547563802493));
#3679=CARTESIAN_POINT('Ctrl Pts',(-72.5,-7.98210244132785,21.2537020061918));
#3680=CARTESIAN_POINT('Ctrl Pts',(-72.5,-7.68479387842081,19.9605943354127));
#3681=CARTESIAN_POINT('Ctrl Pts',(-72.5,-7.12267347645108,18.8062895379961));
#3682=CARTESIAN_POINT('Ctrl Pts',(-72.5,-6.56055307448134,17.6519847405794));
#3683=CARTESIAN_POINT('Ctrl Pts',(-72.5000000000001,-5.73362083344891,16.6364828165253));
#3684=CARTESIAN_POINT('Ctrl Pts',(-72.5000000000001,-4.73029448410894,15.8697883879281));
#3685=CARTESIAN_POINT('Ctrl Pts',(-72.5000000000001,-3.91414252624656,15.2461237553852));
#3686=CARTESIAN_POINT('Ctrl Pts',(-72.5,-2.98127153206041,14.7870937094422));
#3687=CARTESIAN_POINT('Ctrl Pts',(-72.5,-2.00030742155981,14.5226097910643));
#3688=CARTESIAN_POINT('',(-67.5,-8.99330165400761,22.547563802493));
#3689=CARTESIAN_POINT('Ctrl Pts',(-67.5,-8.99330165400761,22.547563802493));
#3690=CARTESIAN_POINT('Ctrl Pts',(-69.2723101551217,-8.61790222452972,22.547563802493));
#3691=CARTESIAN_POINT('Ctrl Pts',(-70.9523486344961,-8.27433281108359,22.547563802493));
#3692=CARTESIAN_POINT('Ctrl Pts',(-72.5,-7.98210244132785,22.547563802493));
#3693=CARTESIAN_POINT('',(-67.5,-2.0002303594048,13.1724519409521));
#3694=CARTESIAN_POINT('Ctrl Pts',(-67.5,-2.00037996234553,13.1715135246019));
#3695=CARTESIAN_POINT('Ctrl Pts',(-67.5,-3.19814961595217,13.4645102191754));
#3696=CARTESIAN_POINT('Ctrl Pts',(-67.5,-4.33998583260075,14.0219326707208));
#3697=CARTESIAN_POINT('Ctrl Pts',(-67.5,-5.32953278924968,14.8005365996153));
#3698=CARTESIAN_POINT('Ctrl Pts',(-67.5,-6.45996727008749,15.689994873651));
#3699=CARTESIAN_POINT('Ctrl Pts',(-67.5,-7.39166085034131,16.8680999373618));
#3700=CARTESIAN_POINT('Ctrl Pts',(-67.5,-8.02499444632134,18.2072331233169));
#3701=CARTESIAN_POINT('Ctrl Pts',(-67.5,-8.65832804230137,19.546366309272));
#3702=CARTESIAN_POINT('Ctrl Pts',(-67.5,-8.99330165400761,21.0465276174714));
#3703=CARTESIAN_POINT('Ctrl Pts',(-67.5,-8.99330165400761,22.547563802493));
#3704=CARTESIAN_POINT('',(-64.,-2.0002303594048,12.1683126519159));
#3705=CARTESIAN_POINT('Ctrl Pts',(-64.,-2.0002303594048,12.1683126519159));
#3706=CARTESIAN_POINT('Ctrl Pts',(-65.1350748421216,-2.0002303594048,12.4974452529539));
#3707=CARTESIAN_POINT('Ctrl Pts',(-66.3378588120841,-2.0002303594048,12.8441090821364));
#3708=CARTESIAN_POINT('Ctrl Pts',(-67.5,-2.0002303594048,13.1724519409521));
#3709=CARTESIAN_POINT('',(-64.,-9.74682503871013,22.547563802493));
#3710=CARTESIAN_POINT('Ctrl Pts',(-64.0000000000068,-9.74682503870866,22.547563802493));
#3711=CARTESIAN_POINT('Ctrl Pts',(-64.0000000000068,-9.74682503870866,20.8921458253829));
#3712=CARTESIAN_POINT('Ctrl Pts',(-64.0000000000068,-9.38378426209541,19.2376927063046));
#3713=CARTESIAN_POINT('Ctrl Pts',(-64.0000000000068,-8.69738416219297,17.760829475494));
#3714=CARTESIAN_POINT('Ctrl Pts',(-64.0000000000068,-8.01098406229053,16.2839662446833));
#3715=CARTESIAN_POINT('Ctrl Pts',(-64.0000000000068,-7.00122463909889,14.9846929021401));
#3716=CARTESIAN_POINT('Ctrl Pts',(-64.0000000000068,-5.77607197783898,14.003753713984));
#3717=CARTESIAN_POINT('Ctrl Pts',(-64.0000000000068,-4.65756454062714,13.1082018271875));
#3718=CARTESIAN_POINT('Ctrl Pts',(-64.0000000000068,-3.35953025701762,12.4779764072305));
#3719=CARTESIAN_POINT('Ctrl Pts',(-64.0000000000068,-2.00043567891672,12.1671800549572));
#3720=CARTESIAN_POINT('',(-59.,-10.8397083626334,22.547563802493));
#3721=CARTESIAN_POINT('Ctrl Pts',(-59.,-10.8397083626334,22.547563802493));
#3722=CARTESIAN_POINT('Ctrl Pts',(-60.6993475083812,-10.4693329721125,22.547563802493));
#3723=CARTESIAN_POINT('Ctrl Pts',(-62.3747389490434,-10.1007954796215,22.547563802493));
#3724=CARTESIAN_POINT('Ctrl Pts',(-64.,-9.74682503871013,22.547563802493));
#3725=CARTESIAN_POINT('',(-59.,-2.0002303594048,10.714940605185));
#3726=CARTESIAN_POINT('Ctrl Pts',(-59.,-2.00051403206673,10.713572345384));
#3727=CARTESIAN_POINT('Ctrl Pts',(-59.,-3.5932734465418,11.0461086809327));
#3728=CARTESIAN_POINT('Ctrl Pts',(-59.,-5.1184173612946,11.7812832278969));
#3729=CARTESIAN_POINT('Ctrl Pts',(-59.,-6.42371642072744,12.8481283595824));
#3730=CARTESIAN_POINT('Ctrl Pts',(-59.,-7.78624493781014,13.9617481884849));
#3731=CARTESIAN_POINT('Ctrl Pts',(-59.,-8.90922826306918,15.4367596620711));
#3732=CARTESIAN_POINT('Ctrl Pts',(-59.,-9.67259411927499,17.1133816160776));
#3733=CARTESIAN_POINT('Ctrl Pts',(-59.,-10.4359599754808,18.7900035700841));
#3734=CARTESIAN_POINT('Ctrl Pts',(-59.,-10.8397083626334,20.6682360045111));
#3735=CARTESIAN_POINT('Ctrl Pts',(-59.,-10.8397083626334,22.547563802493));
#3736=CARTESIAN_POINT('',(-55.5,-2.0002303594048,9.71143329428312));
#3737=CARTESIAN_POINT('Ctrl Pts',(-55.5,-2.0005650324666,9.70993658589628));
#3738=CARTESIAN_POINT('Ctrl Pts',(-56.0834321591664,-2.00055523960205,9.87512256398079));
#3739=CARTESIAN_POINT('Ctrl Pts',(-56.6664783940091,-2.00054472026742,10.0414897409663));
#3740=CARTESIAN_POINT('Ctrl Pts',(-57.2496516879342,-2.00053644041681,10.2088327436969));
#3741=CARTESIAN_POINT('Ctrl Pts',(-57.7320103581075,-2.00052959192465,10.3472467436191));
#3742=CARTESIAN_POINT('Ctrl Pts',(-58.2144565713291,-2.00052396423075,10.4863292566249));
#3743=CARTESIAN_POINT('Ctrl Pts',(-58.6972423371521,-2.00051791629811,10.6259554490658));
#3744=CARTESIAN_POINT('Ctrl Pts',(-58.7981462253661,-2.00051665225936,10.6551378042866));
#3745=CARTESIAN_POINT('Ctrl Pts',(-58.8990647765944,-2.00051536448198,10.6843438513336));
#3746=CARTESIAN_POINT('Ctrl Pts',(-58.9999999999998,-2.0005140320666,10.7135723453839));
#3747=CARTESIAN_POINT('',(-55.5,-11.5955985361185,22.547563802493));
#3748=CARTESIAN_POINT('Ctrl Pts',(-55.5000000000224,-11.5955985361137,22.547563802493));
#3749=CARTESIAN_POINT('Ctrl Pts',(-55.5000000000224,-11.5955985361137,20.5133693049855));
#3750=CARTESIAN_POINT('Ctrl Pts',(-55.5000000000224,-11.1636948261385,18.4803604348703));
#3751=CARTESIAN_POINT('Ctrl Pts',(-55.5000000000224,-10.3470957861054,16.6655758310866));
#3752=CARTESIAN_POINT('Ctrl Pts',(-55.5000000000224,-9.53049674607239,14.850791227303));
#3753=CARTESIAN_POINT('Ctrl Pts',(-55.5000000000224,-8.32920237598152,13.2542308898507));
#3754=CARTESIAN_POINT('Ctrl Pts',(-55.5000000000224,-6.87165817221326,12.0488428086968));
#3755=CARTESIAN_POINT('Ctrl Pts',(-55.5000000000224,-5.43728624373563,10.8626181837017));
#3756=CARTESIAN_POINT('Ctrl Pts',(-55.5000000000224,-3.75474751726353,10.0552268438513));
#3757=CARTESIAN_POINT('Ctrl Pts',(-55.5000000000224,-2.0005650324683,9.70993658590296));
#3758=CARTESIAN_POINT('',(-50.5,-12.6329279643112,22.547563802493));
#3759=CARTESIAN_POINT('Ctrl Pts',(-50.5,-12.6329279643112,22.547563802493));
#3760=CARTESIAN_POINT('Ctrl Pts',(-52.1564810693889,-12.3013445095151,22.547563802493));
#3761=CARTESIAN_POINT('Ctrl Pts',(-53.8311196426043,-11.9516911184119,22.547563802493));
#3762=CARTESIAN_POINT('Ctrl Pts',(-55.5,-11.5955985361185,22.547563802493));
#3763=CARTESIAN_POINT('',(-50.5,-2.00023035940481,8.33615445064828));
#3764=CARTESIAN_POINT('Ctrl Pts',(-50.5,-2.00062989786016,8.3345271818852));
#3765=CARTESIAN_POINT('Ctrl Pts',(-50.5,-2.02938137987158,8.33977222282258));
#3766=CARTESIAN_POINT('Ctrl Pts',(-50.5,-2.05811668077185,8.34513249465295));
#3767=CARTESIAN_POINT('Ctrl Pts',(-50.5,-2.08683510155212,8.35060805398899));
#3768=CARTESIAN_POINT('Ctrl Pts',(-50.5,-4.03133337349663,8.72135321955047));
#3769=CARTESIAN_POINT('Ctrl Pts',(-50.5,-5.89844437230468,9.62063643392002));
#3770=CARTESIAN_POINT('Ctrl Pts',(-50.5,-7.48638128575127,10.9519606787846));
#3771=CARTESIAN_POINT('Ctrl Pts',(-50.5,-9.07431819919787,12.2832849236492));
#3772=CARTESIAN_POINT('Ctrl Pts',(-50.5,-10.383081027283,14.0466501990089));
#3773=CARTESIAN_POINT('Ctrl Pts',(-50.5,-11.2727334685613,16.0510393082087));
#3774=CARTESIAN_POINT('Ctrl Pts',(-50.5,-12.1623859098397,18.0554284174084));
#3775=CARTESIAN_POINT('Ctrl Pts',(-50.5,-12.6329279643112,20.3008413604483));
#3776=CARTESIAN_POINT('Ctrl Pts',(-50.5,-12.6329279643112,22.547563802493));
#3777=CARTESIAN_POINT('',(-47.,-2.00023035940481,7.44062284824238));
#3778=CARTESIAN_POINT('Ctrl Pts',(-47.0000000000001,-2.00066928184648,7.43893471908878));
#3779=CARTESIAN_POINT('Ctrl Pts',(-47.5878796709693,-2.00066606159557,7.58318378769656));
#3780=CARTESIAN_POINT('Ctrl Pts',(-48.177239267651,-2.00066427915161,7.7312865994836));
#3781=CARTESIAN_POINT('Ctrl Pts',(-48.7657823089352,-2.00065759330427,7.88210953626222));
#3782=CARTESIAN_POINT('Ctrl Pts',(-49.3074223902936,-2.00065144027443,8.02091288965717));
#3783=CARTESIAN_POINT('Ctrl Pts',(-49.8483695623658,-2.0006412489894,8.16201898963768));
#3784=CARTESIAN_POINT('Ctrl Pts',(-50.3868701449772,-2.00063184703364,8.30455282032068));
#3785=CARTESIAN_POINT('Ctrl Pts',(-50.4245922796475,-2.00063118842369,8.31453735985455));
#3786=CARTESIAN_POINT('Ctrl Pts',(-50.4623024290351,-2.00063053756187,8.32452891273645));
#3787=CARTESIAN_POINT('Ctrl Pts',(-50.5000000000001,-2.00062989786003,8.3345271818852));
#3788=CARTESIAN_POINT('',(-47.,-13.3091407591302,22.547563802493));
#3789=CARTESIAN_POINT('Ctrl Pts',(-47.000000000022,-13.3091407591261,22.547563802493));
#3790=CARTESIAN_POINT('Ctrl Pts',(-47.000000000022,-13.3091407591261,20.1622989539135));
#3791=CARTESIAN_POINT('Ctrl Pts',(-47.000000000022,-12.8134111969944,17.778424353585));
#3792=CARTESIAN_POINT('Ctrl Pts',(-47.000000000022,-11.8761368110532,15.6504361359133));
#3793=CARTESIAN_POINT('Ctrl Pts',(-47.000000000022,-10.938862425112,13.5224479182417));
#3794=CARTESIAN_POINT('Ctrl Pts',(-47.000000000022,-9.56004321536123,11.6503460832268));
#3795=CARTESIAN_POINT('Ctrl Pts',(-47.000000000022,-7.8871060924939,10.2369267556274));
#3796=CARTESIAN_POINT('Ctrl Pts',(-47.000000000022,-6.21416896962657,8.8235074280281));
#3797=CARTESIAN_POINT('Ctrl Pts',(-47.000000000022,-4.24711393364265,7.86877060784436));
#3798=CARTESIAN_POINT('Ctrl Pts',(-47.000000000022,-2.19852918387025,7.47516372759716));
#3799=CARTESIAN_POINT('Ctrl Pts',(-47.000000000022,-2.13265764529079,7.46250743363606));
#3800=CARTESIAN_POINT('Ctrl Pts',(-47.000000000022,-2.06670181135283,7.45043130422168));
#3801=CARTESIAN_POINT('Ctrl Pts',(-47.000000000022,-2.00066928184809,7.43893471909443));
#3802=CARTESIAN_POINT('',(-42.,-14.1604282775133,22.547563802493));
#3803=CARTESIAN_POINT('Ctrl Pts',(-42.,-14.1604282775133,22.547563802493));
#3804=CARTESIAN_POINT('Ctrl Pts',(-43.6081503092946,-13.9155056776288,22.547563802493));
#3805=CARTESIAN_POINT('Ctrl Pts',(-45.2843124082061,-13.6271253321115,22.547563802493));
#3806=CARTESIAN_POINT('Ctrl Pts',(-47.,-13.3091407591302,22.547563802493));
#3807=CARTESIAN_POINT('',(-42.,-2.00023035940481,6.31416959843104));
#3808=CARTESIAN_POINT('Ctrl Pts',(-42.,-2.00071636377539,6.31242484391748));
#3809=CARTESIAN_POINT('Ctrl Pts',(-42.,-2.11373381502659,6.33103259491516));
#3810=CARTESIAN_POINT('Ctrl Pts',(-42.,-2.22655333374255,6.3512442878419));
#3811=CARTESIAN_POINT('Ctrl Pts',(-42.,-2.33914139778312,6.3730626821649));
#3812=CARTESIAN_POINT('Ctrl Pts',(-42.,-4.51876111182591,6.79545028426491));
#3813=CARTESIAN_POINT('Ctrl Pts',(-42.,-6.61163617375052,7.81999791376957));
#3814=CARTESIAN_POINT('Ctrl Pts',(-42.,-8.39158046639489,9.33676713328));
#3815=CARTESIAN_POINT('Ctrl Pts',(-42.,-10.1715247590393,10.8535363527904));
#3816=CARTESIAN_POINT('Ctrl Pts',(-42.,-11.6385382824034,12.8625271623066));
#3817=CARTESIAN_POINT('Ctrl Pts',(-42.,-12.6357641620219,15.1461148881993));
#3818=CARTESIAN_POINT('Ctrl Pts',(-42.,-13.6329900416404,17.4297026140919));
#3819=CARTESIAN_POINT('Ctrl Pts',(-42.,-14.1604282775133,19.987887256361));
#3820=CARTESIAN_POINT('Ctrl Pts',(-42.,-14.1604282775133,22.547563802493));
#3821=CARTESIAN_POINT('',(-38.5,-2.00023035940481,5.68884866251907));
#3822=CARTESIAN_POINT('Ctrl Pts',(-38.5,-2.00023035940481,5.68884866251907));
#3823=CARTESIAN_POINT('Ctrl Pts',(-39.6649734705342,-2.00023035940481,5.86640511200159));
#3824=CARTESIAN_POINT('Ctrl Pts',(-40.8457268543255,-2.00023035940481,6.08164713903773));
#3825=CARTESIAN_POINT('Ctrl Pts',(-42.,-2.00023035940481,6.31416959843104));
#3826=CARTESIAN_POINT('',(-38.5,-14.6332992311394,22.547563802493));
#3827=CARTESIAN_POINT('Ctrl Pts',(-38.5000000000103,-14.6332992311382,22.547563802493));
#3828=CARTESIAN_POINT('Ctrl Pts',(-38.5000000000103,-14.6332992311382,19.8910055049391));
#3829=CARTESIAN_POINT('Ctrl Pts',(-38.5000000000103,-14.0882475445024,17.2359955786402));
#3830=CARTESIAN_POINT('Ctrl Pts',(-38.5000000000103,-13.0577199667219,14.8659758468191));
#3831=CARTESIAN_POINT('Ctrl Pts',(-38.5000000000103,-12.0271923889414,12.4959561149981));
#3832=CARTESIAN_POINT('Ctrl Pts',(-38.5000000000103,-10.5111889200161,10.4109265776549));
#3833=CARTESIAN_POINT('Ctrl Pts',(-38.5000000000103,-8.67180456590692,8.83674883177771));
#3834=CARTESIAN_POINT('Ctrl Pts',(-38.5000000000103,-6.83242021179773,7.26257108590052));
#3835=CARTESIAN_POINT('Ctrl Pts',(-38.5000000000103,-4.66965497250461,6.1992451314893));
#3836=CARTESIAN_POINT('Ctrl Pts',(-38.5000000000103,-2.41724830085419,5.76087048964704));
#3837=CARTESIAN_POINT('Ctrl Pts',(-38.5000000000103,-2.27873223788105,5.73391180129847));
#3838=CARTESIAN_POINT('Ctrl Pts',(-38.5000000000103,-2.13987716260784,5.70931659796269));
#3839=CARTESIAN_POINT('Ctrl Pts',(-38.5000000000103,-2.00074153020687,5.68708004699763));
#3840=CARTESIAN_POINT('',(-33.,-15.0002148739643,22.547563802493));
#3841=CARTESIAN_POINT('Ctrl Pts',(-33.,-15.0002148739643,22.547563802493));
#3842=CARTESIAN_POINT('Ctrl Pts',(-34.6211608259281,-15.0002148739643,22.547563802493));
#3843=CARTESIAN_POINT('Ctrl Pts',(-36.4782271885421,-14.866367760951,22.547563802493));
#3844=CARTESIAN_POINT('Ctrl Pts',(-38.5,-14.6332992311394,22.547563802493));
#3845=CARTESIAN_POINT('Origin',(-33.,-0.000214873964342719,22.547563802493));
#3846=CARTESIAN_POINT('',(-38.5,1.9997696405952,5.68884369286792));
#3847=CARTESIAN_POINT('Ctrl Pts',(-38.5000000000025,1.99949569510952,5.68923965574267));
#3848=CARTESIAN_POINT('Ctrl Pts',(-38.5000000000025,2.79829181507875,5.81689274487507));
#3849=CARTESIAN_POINT('Ctrl Pts',(-38.5000000000025,3.58799542018255,6.02072457296369));
#3850=CARTESIAN_POINT('Ctrl Pts',(-38.5000000000025,4.35755524037954,6.29982150259519));
#3851=CARTESIAN_POINT('Ctrl Pts',(-38.5000000000025,6.537904005955,7.09057048666012));
#3852=CARTESIAN_POINT('Ctrl Pts',(-38.5000000000025,8.55655343309803,8.48549178406327));
#3853=CARTESIAN_POINT('Ctrl Pts',(-38.5000000000025,10.1948829375501,10.3357967794366));
#3854=CARTESIAN_POINT('Ctrl Pts',(-38.5000000000025,11.8332124420022,12.1861017748099));
#3855=CARTESIAN_POINT('Ctrl Pts',(-38.5000000000025,13.0912220237634,14.4917904681533));
#3856=CARTESIAN_POINT('Ctrl Pts',(-38.5000000000025,13.8348140936988,17.0030842227647));
#3857=CARTESIAN_POINT('Ctrl Pts',(-38.5000000000025,14.450596711096,19.0827339444224));
#3858=CARTESIAN_POINT('Ctrl Pts',(-38.5000000000025,14.7136016517309,21.3033836790604));
#3859=CARTESIAN_POINT('Ctrl Pts',(-38.5000000000025,14.6093178098021,23.4999704823584));
#3860=CARTESIAN_POINT('',(-42.,1.9997696405952,6.31416448155766));
#3861=CARTESIAN_POINT('Ctrl Pts',(-42.,1.9997696405952,6.31416448155767));
#3862=CARTESIAN_POINT('Ctrl Pts',(-40.8457269609976,1.9997696405952,6.08164209999671));
#3863=CARTESIAN_POINT('Ctrl Pts',(-39.6649734872897,1.9997696405952,5.86640010428877));
#3864=CARTESIAN_POINT('Ctrl Pts',(-38.5,1.9997696405952,5.68884369286792));
#3865=CARTESIAN_POINT('Ctrl Pts',(-42.,14.1355197154753,23.4999729448936));
#3866=CARTESIAN_POINT('Ctrl Pts',(-42.,14.2408964086146,21.372173844951));
#3867=CARTESIAN_POINT('Ctrl Pts',(-42.,13.9868760168972,19.220055300705));
#3868=CARTESIAN_POINT('Ctrl Pts',(-42.,13.38773245447,17.2052852785077));
#3869=CARTESIAN_POINT('Ctrl Pts',(-42.,12.6681697062166,14.785575637637));
#3870=CARTESIAN_POINT('Ctrl Pts',(-42.,11.4508129476114,12.563972868194));
#3871=CARTESIAN_POINT('Ctrl Pts',(-42.,9.86542637823799,10.7811464554597));
#3872=CARTESIAN_POINT('Ctrl Pts',(-42.,8.28003980886463,8.99832004272543));
#3873=CARTESIAN_POINT('Ctrl Pts',(-42.,6.32662342872314,7.65426998669982));
#3874=CARTESIAN_POINT('Ctrl Pts',(-42.,4.2167330555719,6.89235874603469));
#3875=CARTESIAN_POINT('Ctrl Pts',(-42.,3.49280693114614,6.63093878856678));
#3876=CARTESIAN_POINT('Ctrl Pts',(-42.,2.75045990511034,6.43805112605008));
#3877=CARTESIAN_POINT('Ctrl Pts',(-42.,1.99951623958262,6.31450446965447));
#3878=CARTESIAN_POINT('',(-47.,1.9997696405952,7.44061744326245));
#3879=CARTESIAN_POINT('Ctrl Pts',(-47.0000000000035,1.99955335304963,7.44085076257427));
#3880=CARTESIAN_POINT('Ctrl Pts',(-47.0000000000035,2.66434476154819,7.55636103564135));
#3881=CARTESIAN_POINT('Ctrl Pts',(-47.0000000000035,3.32148182604437,7.72931351006277));
#3882=CARTESIAN_POINT('Ctrl Pts',(-47.0000000000035,3.96321744561728,7.95907590353794));
#3883=CARTESIAN_POINT('Ctrl Pts',(-47.0000000000035,5.94626486177102,8.66907190004108));
#3884=CARTESIAN_POINT('Ctrl Pts',(-47.0000000000035,7.78224523051709,9.92154083335796));
#3885=CARTESIAN_POINT('Ctrl Pts',(-47.0000000000035,9.27232110365599,11.582888701643));
#3886=CARTESIAN_POINT('Ctrl Pts',(-47.0000000000035,10.7623969767949,13.244236569928));
#3887=CARTESIAN_POINT('Ctrl Pts',(-47.0000000000035,11.9065683543266,15.3144633731811));
#3888=CARTESIAN_POINT('Ctrl Pts',(-47.0000000000035,12.5828722357236,17.569298406483));
#3889=CARTESIAN_POINT('Ctrl Pts',(-47.0000000000035,13.1521410049721,19.4672723787966));
#3890=CARTESIAN_POINT('Ctrl Pts',(-47.0000000000035,13.3899171787177,21.4960446259115));
#3891=CARTESIAN_POINT('Ctrl Pts',(-47.0000000000035,13.2823409861791,23.4999772867443));
#3892=CARTESIAN_POINT('',(-50.5,1.9997696405952,8.33614879279297));
#3893=CARTESIAN_POINT('Ctrl Pts',(-50.5000000000001,1.99958287879654,8.33629179691627));
#3894=CARTESIAN_POINT('Ctrl Pts',(-49.9612879235371,1.99958092719637,8.19343877400918));
#3895=CARTESIAN_POINT('Ctrl Pts',(-49.4200028734471,1.99958056507332,8.05195455643192));
#3896=CARTESIAN_POINT('Ctrl Pts',(-48.8779006625991,1.99957641868764,7.91271570404125));
#3897=CARTESIAN_POINT('Ctrl Pts',(-48.2521010331696,1.99957163212421,7.75197918519921));
#3898=CARTESIAN_POINT('Ctrl Pts',(-47.6252138030902,1.99956149108198,7.59423636596248));
#3899=CARTESIAN_POINT('Ctrl Pts',(-47.0000000000001,1.9995533530491,7.44085076257335));
#3900=CARTESIAN_POINT('Ctrl Pts',(-50.5,12.6043809963905,23.4999806359388));
#3901=CARTESIAN_POINT('Ctrl Pts',(-50.5,12.713958827921,21.5944744800971));
#3902=CARTESIAN_POINT('Ctrl Pts',(-50.5,12.4891630240767,19.6636515137473));
#3903=CARTESIAN_POINT('Ctrl Pts',(-50.5000000000001,11.9435385603164,17.8584490510104));
#3904=CARTESIAN_POINT('Ctrl Pts',(-50.5,11.3015969814622,15.7345807202279));
#3905=CARTESIAN_POINT('Ctrl Pts',(-50.5000000000001,10.2155597713026,13.7845980917748));
#3906=CARTESIAN_POINT('Ctrl Pts',(-50.5000000000001,8.80119311612471,12.2197456428147));
#3907=CARTESIAN_POINT('Ctrl Pts',(-50.5000000000001,7.38682646094681,10.6548931938546));
#3908=CARTESIAN_POINT('Ctrl Pts',(-50.5000000000001,5.64413036075057,9.47517092438765));
#3909=CARTESIAN_POINT('Ctrl Pts',(-50.5000000000001,3.76183953811197,8.80641334803087));
#3910=CARTESIAN_POINT('Ctrl Pts',(-50.5000000000001,3.18543406381198,8.60162271559752));
#3911=CARTESIAN_POINT('Ctrl Pts',(-50.5000000000001,2.5959382248931,8.44474731966568));
#3912=CARTESIAN_POINT('Ctrl Pts',(-50.5000000000001,1.99958287879895,8.33629179691669));
#3913=CARTESIAN_POINT('',(-55.5,1.9997696405952,9.71142719941982));
#3914=CARTESIAN_POINT('Ctrl Pts',(-55.500000000003,1.9996279608221,9.71142213373572));
#3915=CARTESIAN_POINT('Ctrl Pts',(-55.500000000003,2.49100989424361,9.80768167925833));
#3916=CARTESIAN_POINT('Ctrl Pts',(-55.500000000003,2.97682973096058,9.93940287392153));
#3917=CARTESIAN_POINT('Ctrl Pts',(-55.500000000003,3.4529201694695,10.1062527972663));
#3918=CARTESIAN_POINT('Ctrl Pts',(-55.500000000003,5.1806475464906,10.7117494783578));
#3919=CARTESIAN_POINT('Ctrl Pts',(-55.500000000003,6.78024295753141,11.7798763213664));
#3920=CARTESIAN_POINT('Ctrl Pts',(-55.500000000003,8.07846954499951,13.1967020856517));
#3921=CARTESIAN_POINT('Ctrl Pts',(-55.500000000003,9.37669613246761,14.6135278499371));
#3922=CARTESIAN_POINT('Ctrl Pts',(-55.500000000003,10.373553896363,16.3790525354991));
#3923=CARTESIAN_POINT('Ctrl Pts',(-55.500000000003,10.9627827375682,18.3020142645758));
#3924=CARTESIAN_POINT('Ctrl Pts',(-55.500000000003,11.4723237515743,19.9649129565757));
#3925=CARTESIAN_POINT('Ctrl Pts',(-55.500000000003,11.6770364595826,21.7455443819624));
#3926=CARTESIAN_POINT('Ctrl Pts',(-55.500000000003,11.5638273185446,23.4999855625976));
#3927=CARTESIAN_POINT('',(-59.,1.9997696405952,10.7149341473129));
#3928=CARTESIAN_POINT('Ctrl Pts',(-58.9999999999998,1.99966026034466,10.7148147177794));
#3929=CARTESIAN_POINT('Ctrl Pts',(-58.5170437186622,1.99965485798263,10.5749979665149));
#3930=CARTESIAN_POINT('Ctrl Pts',(-58.034473407281,1.99964863668068,10.4356956237144));
#3931=CARTESIAN_POINT('Ctrl Pts',(-57.552047325677,1.99964354500019,10.2970360169999));
#3932=CARTESIAN_POINT('Ctrl Pts',(-56.9756633886023,1.99963746165818,10.1313709066776));
#3933=CARTESIAN_POINT('Ctrl Pts',(-56.3994845781247,1.99963340571733,9.96662211005465));
#3934=CARTESIAN_POINT('Ctrl Pts',(-55.8230250449534,1.99962994700515,9.80298852418334));
#3935=CARTESIAN_POINT('Ctrl Pts',(-55.7153610780741,1.99962930102976,9.77242707111367));
#3936=CARTESIAN_POINT('Ctrl Pts',(-55.6076871734382,1.99962865343992,9.74190450719096));
#3937=CARTESIAN_POINT('Ctrl Pts',(-55.5,1.99962796082171,9.71142213373479));
#3938=CARTESIAN_POINT('Ctrl Pts',(-59.0000000000001,10.8050463040971,23.4999889432879));
#3939=CARTESIAN_POINT('Ctrl Pts',(-59.0000000000001,10.921454802867,21.8557024774545));
#3940=CARTESIAN_POINT('Ctrl Pts',(-59.0000000000001,10.7315464359605,20.1844495921761));
#3941=CARTESIAN_POINT('Ctrl Pts',(-59.0000000000001,10.2481171078712,18.625235198178));
#3942=CARTESIAN_POINT('Ctrl Pts',(-59.0000000000001,9.69729943993787,16.8486718280893));
#3943=CARTESIAN_POINT('Ctrl Pts',(-59.0000000000002,8.76542572573371,15.2175595506427));
#3944=CARTESIAN_POINT('Ctrl Pts',(-59.0000000000002,7.55182908661535,13.9085991503566));
#3945=CARTESIAN_POINT('Ctrl Pts',(-59.0000000000002,6.33823244749698,12.5996387500704));
#3946=CARTESIAN_POINT('Ctrl Pts',(-59.0000000000002,4.84291288346441,11.6128302269447));
#3947=CARTESIAN_POINT('Ctrl Pts',(-59.0000000000002,3.22781413390416,11.0534310417856));
#3948=CARTESIAN_POINT('Ctrl Pts',(-59.0000000000002,2.82491973613814,10.9138861391122));
#3949=CARTESIAN_POINT('Ctrl Pts',(-59.0000000000002,2.4145717457771,10.8009379699402));
#3950=CARTESIAN_POINT('Ctrl Pts',(-59.0000000000002,1.99966026034721,10.7148147177801));
#3951=CARTESIAN_POINT('',(-64.,1.9997696405952,12.1683055866996));
#3952=CARTESIAN_POINT('Ctrl Pts',(-64.0000000000015,1.9997048124477,12.1680153780996));
#3953=CARTESIAN_POINT('Ctrl Pts',(-64.0000000000015,2.30413377169547,12.2371663954129));
#3954=CARTESIAN_POINT('Ctrl Pts',(-64.0000000000015,2.60549234914992,12.3221591470821));
#3955=CARTESIAN_POINT('Ctrl Pts',(-64.0000000000015,2.90235067239382,12.4228830396157));
#3956=CARTESIAN_POINT('Ctrl Pts',(-64.0000000000015,4.3546083729946,12.9156334094488));
#3957=CARTESIAN_POINT('Ctrl Pts',(-64.0000000000015,5.69916352933818,13.7848700433677));
#3958=CARTESIAN_POINT('Ctrl Pts',(-64.0000000000015,6.79040025097068,14.9378762300937));
#3959=CARTESIAN_POINT('Ctrl Pts',(-64.0000000000015,7.88163697260318,16.0908824168197));
#3960=CARTESIAN_POINT('Ctrl Pts',(-64.0000000000015,8.71955525952459,17.5276581563527));
#3961=CARTESIAN_POINT('Ctrl Pts',(-64.0000000000015,9.21483717346387,19.0925554262589));
#3962=CARTESIAN_POINT('Ctrl Pts',(-64.0000000000015,9.66088272865009,20.5018850462584));
#3963=CARTESIAN_POINT('Ctrl Pts',(-64.0000000000015,9.82902930071854,22.0151290367501));
#3964=CARTESIAN_POINT('Ctrl Pts',(-64.0000000000015,9.7068454782016,23.4999934071218));
#3965=CARTESIAN_POINT('',(-67.5,1.9997696405952,13.1724443870455));
#3966=CARTESIAN_POINT('Ctrl Pts',(-67.5,1.9997696405952,13.1724443870455));
#3967=CARTESIAN_POINT('Ctrl Pts',(-66.3378588242342,1.9997696405952,12.844101702149));
#3968=CARTESIAN_POINT('Ctrl Pts',(-65.1350751074389,1.9997696405952,12.4974381145563));
#3969=CARTESIAN_POINT('Ctrl Pts',(-64.,1.9997696405952,12.1683055866996));
#3970=CARTESIAN_POINT('Ctrl Pts',(-67.5,8.94854979627114,23.499996085808));
#3971=CARTESIAN_POINT('Ctrl Pts',(-67.5,9.07581986911099,22.1252033002126));
#3972=CARTESIAN_POINT('Ctrl Pts',(-67.5,8.92302496897024,20.7207763079974));
#3973=CARTESIAN_POINT('Ctrl Pts',(-67.5,8.50240925323154,19.4147643137905));
#3974=CARTESIAN_POINT('Ctrl Pts',(-67.5,8.0454182422693,17.9958070108917));
#3975=CARTESIAN_POINT('Ctrl Pts',(-67.5,7.27228053167058,16.6930228170382));
#3976=CARTESIAN_POINT('Ctrl Pts',(-67.5,6.26540877119864,15.6475442540649));
#3977=CARTESIAN_POINT('Ctrl Pts',(-67.5,5.2585370107267,14.6020656910916));
#3978=CARTESIAN_POINT('Ctrl Pts',(-67.5,4.01793120038153,13.8138927589985));
#3979=CARTESIAN_POINT('Ctrl Pts',(-67.5,2.67794947260818,13.3670955479441));
#3980=CARTESIAN_POINT('Ctrl Pts',(-67.5,2.45440382469546,13.2925575374917));
#3981=CARTESIAN_POINT('Ctrl Pts',(-67.5,2.22809240821317,13.2275204832479));
#3982=CARTESIAN_POINT('Ctrl Pts',(-67.5,1.99973241919556,13.1720388980096));
#3983=CARTESIAN_POINT('',(-72.5,1.99980061147611,14.5232577047295));
#3984=CARTESIAN_POINT('Ctrl Pts',(-72.5000000000002,1.99979165849197,14.5227201986017));
#3985=CARTESIAN_POINT('Ctrl Pts',(-72.5000000000002,2.12633005116822,14.5566318799523));
#3986=CARTESIAN_POINT('Ctrl Pts',(-72.5000000000002,2.25205616256027,14.5937931017317));
#3987=CARTESIAN_POINT('Ctrl Pts',(-72.5000000000002,2.37681174927486,14.634192182777));
#3988=CARTESIAN_POINT('Ctrl Pts',(-72.5000000000002,3.56612346782106,15.0193220336399));
#3989=CARTESIAN_POINT('Ctrl Pts',(-72.5000000000002,4.66723327981214,15.698710615934));
#3990=CARTESIAN_POINT('Ctrl Pts',(-72.5000000000002,5.56089052825267,16.5998912703255));
#3991=CARTESIAN_POINT('Ctrl Pts',(-72.5000000000002,6.4545477766932,17.501071924717));
#3992=CARTESIAN_POINT('Ctrl Pts',(-72.5000000000002,7.14075246158317,18.6240446512058));
#3993=CARTESIAN_POINT('Ctrl Pts',(-72.5000000000002,7.54635856302666,19.8471561678524));
#3994=CARTESIAN_POINT('Ctrl Pts',(-72.5000000000002,7.93349540898609,21.0145733569087));
#3995=CARTESIAN_POINT('Ctrl Pts',(-72.5000000000002,8.06500595699931,22.2732173365441));
#3996=CARTESIAN_POINT('Ctrl Pts',(-72.5000000000002,7.92877105330291,23.499998840243));
#3997=CARTESIAN_POINT('',(-76.,1.99980061147611,15.3294043181965));
#3998=CARTESIAN_POINT('Ctrl Pts',(-76.,1.99980061147611,15.3294043181965));
#3999=CARTESIAN_POINT('Ctrl Pts',(-74.8472811128115,1.99980061147611,15.0978177619488));
#4000=CARTESIAN_POINT('Ctrl Pts',(-73.6290240704522,1.99980061147611,14.8084934166944));
#4001=CARTESIAN_POINT('Ctrl Pts',(-72.5,1.99980061147611,14.5232577047295));
#4002=CARTESIAN_POINT('Ctrl Pts',(-76.0000000000003,7.32003058701345,23.4999998348139));
#4003=CARTESIAN_POINT('Ctrl Pts',(-76.0000000000003,7.46331421275003,22.361557095167));
#4004=CARTESIAN_POINT('Ctrl Pts',(-76.0000000000003,7.34502683966477,21.1894880488385));
#4005=CARTESIAN_POINT('Ctrl Pts',(-76.0000000000003,6.97731615428702,20.1045162688133));
#4006=CARTESIAN_POINT('Ctrl Pts',(-76.0000000000003,6.60229440677475,18.9979723767625));
#4007=CARTESIAN_POINT('Ctrl Pts',(-76.0000000000003,5.96783235316485,17.9820236308602));
#4008=CARTESIAN_POINT('Ctrl Pts',(-76.0000000000003,5.14156050519596,17.1667292483126));
#4009=CARTESIAN_POINT('Ctrl Pts',(-76.0000000000003,4.31528865722706,16.3514348657651));
#4010=CARTESIAN_POINT('Ctrl Pts',(-76.0000000000003,3.29720701489918,15.7367948465723));
#4011=CARTESIAN_POINT('Ctrl Pts',(-76.0000000000003,2.19757424941882,15.3883694754441));
#4012=CARTESIAN_POINT('Ctrl Pts',(-76.0000000000003,2.13193086838389,15.3675699684476));
#4013=CARTESIAN_POINT('Ctrl Pts',(-76.0000000000003,2.06599687337956,15.3477191387053));
#4014=CARTESIAN_POINT('Ctrl Pts',(-76.0000000000003,1.99979923027703,15.3288189339328));
#4015=CARTESIAN_POINT('Origin',(-80.,-0.000214873964342719,22.547563802493));
#4016=CARTESIAN_POINT('Origin',(-98.3320658020732,-1.15,22.5475638023983));
#4017=CARTESIAN_POINT('',(-100.909262706013,-1.15,11.2737819011991));
#4018=CARTESIAN_POINT('',(-100.213320977958,-1.15,23.5));
#4019=CARTESIAN_POINT('Ctrl Pts',(-100.213320977958,-1.15,28.5));
#4020=CARTESIAN_POINT('Ctrl Pts',(-100.213320977958,-1.15,27.6666666666667));
#4021=CARTESIAN_POINT('Ctrl Pts',(-100.213320977958,-1.15,26.8333333333333));
#4022=CARTESIAN_POINT('Ctrl Pts',(-100.213320977958,-1.15,25.1666666666667));
#4023=CARTESIAN_POINT('Ctrl Pts',(-100.213320977958,-1.15,24.3333333333333));
#4024=CARTESIAN_POINT('Ctrl Pts',(-100.213320977958,-1.15,23.5));
#4025=CARTESIAN_POINT('',(-92.,-1.14999999999883,17.2620042926101));
#4026=CARTESIAN_POINT('Ctrl Pts',(-100.213320977958,-1.15,23.5));
#4027=CARTESIAN_POINT('Ctrl Pts',(-100.218071360501,-1.15,23.4838167703725));
#4028=CARTESIAN_POINT('Ctrl Pts',(-100.222706189603,-1.14999999999264,23.4675906808404));
#4029=CARTESIAN_POINT('Ctrl Pts',(-100.278798351529,-1.14999999999264,23.2656219112422));
#4030=CARTESIAN_POINT('Ctrl Pts',(-100.314645766109,-1.15,23.0763056104155));
#4031=CARTESIAN_POINT('Ctrl Pts',(-100.349954447917,-1.15,22.7275369811328));
#4032=CARTESIAN_POINT('Ctrl Pts',(-100.354732431319,-1.15,22.5697344096853));
#4033=CARTESIAN_POINT('Ctrl Pts',(-100.341401226624,-1.15,22.2412164303974));
#4034=CARTESIAN_POINT('Ctrl Pts',(-100.321390519961,-1.15,22.0714260403313));
#4035=CARTESIAN_POINT('Ctrl Pts',(-100.240330221635,-1.15,21.6564498769934));
#4036=CARTESIAN_POINT('Ctrl Pts',(-100.164891879723,-1.15,21.4162848128725));
#4037=CARTESIAN_POINT('Ctrl Pts',(-99.8717697903454,-1.15,20.739263339371));
#4038=CARTESIAN_POINT('Ctrl Pts',(-99.5680516445246,-1.15,20.2817343462541));
#4039=CARTESIAN_POINT('Ctrl Pts',(-98.551836236079,-1.15,19.2995281950868));
#4040=CARTESIAN_POINT('Ctrl Pts',(-97.8645743700306,-1.15,18.8812511925591));
#4041=CARTESIAN_POINT('Ctrl Pts',(-95.5965178838599,-1.15,17.8375884672514));
#4042=CARTESIAN_POINT('Ctrl Pts',(-93.7025425003983,-1.15,17.4635687073361));
#4043=CARTESIAN_POINT('Ctrl Pts',(-92.,-1.15,17.2620042926208));
#4044=CARTESIAN_POINT('Ctrl Pts',(-92.,-1.15,17.2620042926208));
#4045=CARTESIAN_POINT('Ctrl Pts',(-91.4146950111399,-1.15,17.2620042926208));
#4046=CARTESIAN_POINT('Ctrl Pts',(-90.715771171581,-1.15000000037686,17.029346637117));
#4047=CARTESIAN_POINT('Ctrl Pts',(-88.7041267667195,-1.15000000037686,16.5551158531159));
#4048=CARTESIAN_POINT('Ctrl Pts',(-87.7882230718152,-1.15,16.3945046912516));
#4049=CARTESIAN_POINT('Ctrl Pts',(-85.1423091588487,-1.15,16.0518914650447));
#4050=CARTESIAN_POINT('Ctrl Pts',(-83.2485359295611,-1.15,15.8900322723069));
#4051=CARTESIAN_POINT('Ctrl Pts',(-80.6975900923511,-1.15,15.6939319710146));
#4052=CARTESIAN_POINT('Ctrl Pts',(-80.1352719590659,-1.15,15.652029924823));
#4053=CARTESIAN_POINT('Ctrl Pts',(-80.0211843124291,-1.15,15.6440170891905));
#4054=CARTESIAN_POINT('Origin',(-98.8109646481699,1.4435389057278,23.5));
#4055=CARTESIAN_POINT('',(-98.8109646481699,1.4435389057278,23.5));
#4056=CARTESIAN_POINT('Ctrl Pts',(-100.703261131979,0.999999999999996,23.5));
#4057=CARTESIAN_POINT('Ctrl Pts',(-100.703261131979,0.999999999999996,28.5));
#4058=CARTESIAN_POINT('Ctrl Pts',(-100.15765388624,1.18891407626341,23.5));
#4059=CARTESIAN_POINT('Ctrl Pts',(-100.15765388624,1.18891407626341,28.5));
#4060=CARTESIAN_POINT('Ctrl Pts',(-99.4860941001336,1.33257068976937,23.5));
#4061=CARTESIAN_POINT('Ctrl Pts',(-99.4860941001336,1.33257068976937,28.5));
#4062=CARTESIAN_POINT('Ctrl Pts',(-98.8109646481699,1.4435389057278,23.5));
#4063=CARTESIAN_POINT('Ctrl Pts',(-98.8109646481699,1.4435389057278,28.5));
#4064=CARTESIAN_POINT('Ctrl Pts',(-100.211740678296,1.15001864041178,23.5));
#4065=CARTESIAN_POINT('Ctrl Pts',(-99.7766658535684,1.26772549594367,23.5));
#4066=CARTESIAN_POINT('Ctrl Pts',(-99.2947316738834,1.36402413470603,23.5));
#4067=CARTESIAN_POINT('Ctrl Pts',(-98.8109646481699,1.4435389057278,23.5));
#4068=CARTESIAN_POINT('Ctrl Pts',(-98.8109646481712,-1.44396865365628,23.5));
#4069=CARTESIAN_POINT('Ctrl Pts',(-98.8109646481712,-1.44396865365628,28.5));
#4070=CARTESIAN_POINT('Ctrl Pts',(-99.5466589828712,-1.32304564018832,23.5));
#4071=CARTESIAN_POINT('Ctrl Pts',(-99.5466589828712,-1.32304564018832,28.5));
#4072=CARTESIAN_POINT('Ctrl Pts',(-100.193526882207,-1.17704931612264,23.5));
#4073=CARTESIAN_POINT('Ctrl Pts',(-100.193526882207,-1.17704931612264,28.5));
#4074=CARTESIAN_POINT('Ctrl Pts',(-100.704501871005,-0.999999994017071,
23.5));
#4075=CARTESIAN_POINT('Ctrl Pts',(-100.704501871005,-0.999999994017071,
28.5));
#4076=CARTESIAN_POINT('',(-98.8109646481699,-1.44396865365649,23.5));
#4077=CARTESIAN_POINT('Ctrl Pts',(-98.8109646481712,-1.44396865365628,23.5));
#4078=CARTESIAN_POINT('Ctrl Pts',(-99.3276690136342,-1.35904010929103,23.5));
#4079=CARTESIAN_POINT('Ctrl Pts',(-99.8005574856117,-1.26174351816164,23.5));
#4080=CARTESIAN_POINT('Ctrl Pts',(-100.213324124395,-1.15000724812332,23.5));
#4081=CARTESIAN_POINT('',(-98.8109646481699,-1.44396865365649,23.5));
#4082=CARTESIAN_POINT('Origin',(-98.8109646481699,-18.9019168161214,23.5));
#4083=CARTESIAN_POINT('',(-98.8109646481699,-18.9019168161214,23.5));
#4084=CARTESIAN_POINT('',(-98.8109646481699,-9.45106584504288,23.5));
#4085=CARTESIAN_POINT('',(-98.8109646481699,-18.9019168161214,23.5));
#4086=CARTESIAN_POINT('Origin',(-28.9038485495494,-18.9019168161214,23.5));
#4087=CARTESIAN_POINT('',(-28.9038485495494,-18.9019168161214,23.5));
#4088=CARTESIAN_POINT('',(-28.9038485495494,-18.9019168161214,23.5));
#4089=CARTESIAN_POINT('',(-46.3806275742045,-18.9019168161214,23.5));
#4090=CARTESIAN_POINT('Origin',(-28.9038485495494,18.9014870681927,23.5));
#4091=CARTESIAN_POINT('',(-28.9038485495494,9.45063609711419,23.5));
#4092=CARTESIAN_POINT('Origin',(-63.8574065988597,-0.0002148739643415,23.5));
#4093=CARTESIAN_POINT('',(-32.,-10.3153310229456,23.5));
#4094=CARTESIAN_POINT('',(-33.,-10.3153310229456,23.5));
#4095=CARTESIAN_POINT('',(-32.,-14.9779828546153,23.5));
#4096=CARTESIAN_POINT('',(-32.,-0.00021487396434211,23.5));
#4097=CARTESIAN_POINT('',(-33.,-14.9779828546153,23.5));
#4098=CARTESIAN_POINT('',(-33.,-14.9779828546153,23.5));
#4099=CARTESIAN_POINT('',(-38.5,-14.6103652480503,23.5));
#4100=CARTESIAN_POINT('Ctrl Pts',(-33.,-14.9779828546153,23.5));
#4101=CARTESIAN_POINT('Ctrl Pts',(-34.6524461758413,-14.9779828546153,23.5));
#4102=CARTESIAN_POINT('Ctrl Pts',(-36.5270882710894,-14.8382498267278,23.5));
#4103=CARTESIAN_POINT('Ctrl Pts',(-38.5,-14.6103652480503,23.5));
#4104=CARTESIAN_POINT('',(-38.5,-10.5601132511939,23.5));
#4105=CARTESIAN_POINT('',(-38.5,-1.00022261668458,23.5));
#4106=CARTESIAN_POINT('',(-38.5754155527243,-10.5664183775893,23.5000000000001));
#4107=CARTESIAN_POINT('Ctrl Pts',(-38.5,-10.5601132511939,23.5));
#4108=CARTESIAN_POINT('Ctrl Pts',(-38.5248862575068,-10.5623919362555,23.5));
#4109=CARTESIAN_POINT('Ctrl Pts',(-38.5500159893143,-10.5644896852868,23.5));
#4110=CARTESIAN_POINT('Ctrl Pts',(-38.5754155527243,-10.5664183775893,23.5));
#4111=CARTESIAN_POINT('',(-38.6110867833569,-10.9043733835389,23.5));
#4112=CARTESIAN_POINT('',(-38.1254989615045,-6.30383585474885,23.5));
#4113=CARTESIAN_POINT('',(-38.6741069469354,-10.8977070840426,23.5));
#4114=CARTESIAN_POINT('Ctrl Pts',(-38.611086783337,-10.904373383541,23.5));
#4115=CARTESIAN_POINT('Ctrl Pts',(-38.621593895341,-10.9032643553894,23.5));
#4116=CARTESIAN_POINT('Ctrl Pts',(-38.6321008862629,-10.9021541319904,23.5));
#4117=CARTESIAN_POINT('Ctrl Pts',(-38.653107603815,-10.8999320325743,23.5));
#4118=CARTESIAN_POINT('Ctrl Pts',(-38.6636073420857,-10.8988201569383,23.5));
#4119=CARTESIAN_POINT('Ctrl Pts',(-38.6741069469154,-10.8977070840447,23.5));
#4120=CARTESIAN_POINT('',(-42.,-10.4994044956696,23.5));
#4121=CARTESIAN_POINT('Ctrl Pts',(-38.6741069469154,-10.8977070840447,23.5));
#4122=CARTESIAN_POINT('Ctrl Pts',(-39.8252598939005,-10.7756722872638,23.5));
#4123=CARTESIAN_POINT('Ctrl Pts',(-40.9313743805486,-10.6454810710754,23.5));
#4124=CARTESIAN_POINT('Ctrl Pts',(-41.9999647351336,-10.4994604667507,23.5));
#4125=CARTESIAN_POINT('',(-42.,-14.1365222052954,23.5));
#4126=CARTESIAN_POINT('',(-42.,-7.54460626663274,23.5));
#4127=CARTESIAN_POINT('',(-47.,-13.2832625585745,23.5000000001852));
#4128=CARTESIAN_POINT('Ctrl Pts',(-42.,-14.1365222052954,23.5));
#4129=CARTESIAN_POINT('Ctrl Pts',(-43.6714430667155,-13.8814148135533,23.5));
#4130=CARTESIAN_POINT('Ctrl Pts',(-45.3606976109638,-13.5878511712805,23.5));
#4131=CARTESIAN_POINT('Ctrl Pts',(-47.0000000000036,-13.283262558594,23.5));
#4132=CARTESIAN_POINT('',(-47.,-9.50197208797816,23.5));
#4133=CARTESIAN_POINT('',(-47.,-1.00022261668457,23.5));
#4134=CARTESIAN_POINT('',(-50.5,-8.2857581960933,23.5));
#4135=CARTESIAN_POINT('Ctrl Pts',(-46.9999992173481,-9.5019720722555,23.5));
#4136=CARTESIAN_POINT('Ctrl Pts',(-48.2347624124979,-9.13404487792808,23.5));
#4137=CARTESIAN_POINT('Ctrl Pts',(-49.3859024132415,-8.6739206432198,23.5));
#4138=CARTESIAN_POINT('Ctrl Pts',(-50.4979057958353,-8.28750405740554,23.5));
#4139=CARTESIAN_POINT('',(-50.5,-12.6052384165905,23.5));
#4140=CARTESIAN_POINT('',(-50.5,-7.54460626663274,23.5));
#4141=CARTESIAN_POINT('',(-55.5,-11.5645870079396,23.5000000003842));
#4142=CARTESIAN_POINT('Ctrl Pts',(-50.5,-12.6052384165905,23.5));
#4143=CARTESIAN_POINT('Ctrl Pts',(-52.1581874881187,-12.2723628465988,23.5));
#4144=CARTESIAN_POINT('Ctrl Pts',(-53.8326454365312,-11.9216279371705,23.5));
#4145=CARTESIAN_POINT('Ctrl Pts',(-55.5000000000103,-11.5645870079875,23.5));
#4146=CARTESIAN_POINT('',(-55.5,-7.0477117201716,23.5));
#4147=CARTESIAN_POINT('',(-55.5,-1.00022261668457,23.5));
#4148=CARTESIAN_POINT('',(-59.,-6.48934120061575,23.5));
#4149=CARTESIAN_POINT('Ctrl Pts',(-55.4999997603115,-7.04771180722252,23.5));
#4150=CARTESIAN_POINT('Ctrl Pts',(-56.6931705652361,-6.83503555638696,23.5));
#4151=CARTESIAN_POINT('Ctrl Pts',(-57.8669792733493,-6.6612493423567,23.5));
#4152=CARTESIAN_POINT('Ctrl Pts',(-58.9996573666289,-6.48949843137481,23.5));
#4153=CARTESIAN_POINT('',(-59.,-10.8057359126315,23.5));
#4154=CARTESIAN_POINT('',(-59.,-7.54460626663273,23.5));
#4155=CARTESIAN_POINT('',(-64.,-9.70743752928485,23.4999999969554));
#4156=CARTESIAN_POINT('Ctrl Pts',(-59.,-10.8057359126315,23.5));
#4157=CARTESIAN_POINT('Ctrl Pts',(-60.7004073130613,-10.433541598575,23.5));
#4158=CARTESIAN_POINT('Ctrl Pts',(-62.3756745240235,-10.0632306124507,23.5));
#4159=CARTESIAN_POINT('Ctrl Pts',(-63.9999999998945,-9.70743752880329,23.5));
#4160=CARTESIAN_POINT('',(-64.,-5.67435702240933,23.5));
#4161=CARTESIAN_POINT('',(-64.,-1.00022261668457,23.5));
#4162=CARTESIAN_POINT('',(-67.5,-5.36021075672722,23.5));
#4163=CARTESIAN_POINT('Ctrl Pts',(-63.9999999602535,-5.67435705644348,23.4999999999971));
#4164=CARTESIAN_POINT('Ctrl Pts',(-64.4395918266363,-5.61657295219293,23.4999999999971));
#4165=CARTESIAN_POINT('Ctrl Pts',(-64.8843356429382,-5.57022392191268,23.4999999999971));
#4166=CARTESIAN_POINT('Ctrl Pts',(-65.3896834448092,-5.52661183023107,23.4999999999971));
#4167=CARTESIAN_POINT('Ctrl Pts',(-66.0169960031112,-5.47247404096117,23.4999999999971));
#4168=CARTESIAN_POINT('Ctrl Pts',(-66.7376959836695,-5.42255372415947,23.4999999999971));
#4169=CARTESIAN_POINT('Ctrl Pts',(-67.5002589055382,-5.36019447387099,23.4999999999971));
#4170=CARTESIAN_POINT('',(-67.5,-8.94907975279161,23.5));
#4171=CARTESIAN_POINT('',(-67.5,-7.54460626663273,23.5));
#4172=CARTESIAN_POINT('',(-72.5,-7.92923206799581,23.499999985278));
#4173=CARTESIAN_POINT('Ctrl Pts',(-67.5,-8.9490797527916,23.5));
#4174=CARTESIAN_POINT('Ctrl Pts',(-69.2732695396347,-8.57077863132308,23.5));
#4175=CARTESIAN_POINT('Ctrl Pts',(-70.9531493961705,-8.22428337912435,23.5));
#4176=CARTESIAN_POINT('Ctrl Pts',(-72.4999999993964,-7.92923206483114,23.5));
#4177=CARTESIAN_POINT('',(-72.5,-4.72237370727345,23.5));
#4178=CARTESIAN_POINT('',(-72.5,-1.00022261668457,23.5));
#4179=CARTESIAN_POINT('',(-76.,-4.29126516554663,23.5));
#4180=CARTESIAN_POINT('Ctrl Pts',(-72.5,-4.72237370727345,23.5));
#4181=CARTESIAN_POINT('Ctrl Pts',(-73.7054357212238,-4.55508441369318,23.5));
#4182=CARTESIAN_POINT('Ctrl Pts',(-74.7392485905105,-4.48390043741628,23.5));
#4183=CARTESIAN_POINT('Ctrl Pts',(-76.,-4.29126516554664,23.5));
#4184=CARTESIAN_POINT('',(-76.,-7.32046593094729,23.4999999802466));
#4185=CARTESIAN_POINT('',(-76.,-7.54460626663273,23.5));
#4186=CARTESIAN_POINT('',(-80.,-6.93511684080414,23.5));
#4187=CARTESIAN_POINT('Ctrl Pts',(-75.9999999992614,-7.32046592608068,23.5));
#4188=CARTESIAN_POINT('Ctrl Pts',(-77.6111726025131,-7.07595237526783,23.5));
#4189=CARTESIAN_POINT('Ctrl Pts',(-78.969541620878,-6.93511684080414,23.5));
#4190=CARTESIAN_POINT('Ctrl Pts',(-80.,-6.93511684080414,23.5));
#4191=CARTESIAN_POINT('',(-92.,-1.97835642989682,23.5));
#4192=CARTESIAN_POINT('Ctrl Pts',(-80.,-6.93511684080414,23.5));
#4193=CARTESIAN_POINT('Ctrl Pts',(-80.0000863810698,-6.93511684080414,23.5));
#4194=CARTESIAN_POINT('Ctrl Pts',(-80.0001954014125,-6.93509712436488,23.5));
#4195=CARTESIAN_POINT('Ctrl Pts',(-80.0007084479084,-6.93497859173097,23.5));
#4196=CARTESIAN_POINT('Ctrl Pts',(-80.0013585795094,-6.93473420172246,23.5));
#4197=CARTESIAN_POINT('Ctrl Pts',(-80.0071087639203,-6.93234336935244,23.5));
#4198=CARTESIAN_POINT('Ctrl Pts',(-80.0201004400245,-6.92565804696143,23.5));
#4199=CARTESIAN_POINT('Ctrl Pts',(-80.1853966632003,-6.83852133581797,23.5));
#4200=CARTESIAN_POINT('Ctrl Pts',(-80.8164020277666,-6.48923299050025,23.5000000010212));
#4201=CARTESIAN_POINT('Ctrl Pts',(-83.3998683001108,-5.12892010185819,23.5000000010212));
#4202=CARTESIAN_POINT('Ctrl Pts',(-85.2735505864161,-4.20071337351801,23.5));
#4203=CARTESIAN_POINT('Ctrl Pts',(-87.8955342827036,-3.07964448969243,23.5));
#4204=CARTESIAN_POINT('Ctrl Pts',(-88.882169400007,-2.69045644583865,23.5000000000042));
#4205=CARTESIAN_POINT('Ctrl Pts',(-90.588010601306,-2.16253473736449,23.5000000000042));
#4206=CARTESIAN_POINT('Ctrl Pts',(-91.381958743753,-1.97835642989682,23.5));
#4207=CARTESIAN_POINT('Ctrl Pts',(-92.,-1.97835642989682,23.5));
#4208=CARTESIAN_POINT('Ctrl Pts',(-92.,-1.97835642989682,23.5));
#4209=CARTESIAN_POINT('Ctrl Pts',(-93.7411475727422,-1.92554537715065,23.5));
#4210=CARTESIAN_POINT('Ctrl Pts',(-95.7561221821434,-1.82530197226453,23.5));
#4211=CARTESIAN_POINT('Ctrl Pts',(-97.9570801725412,-1.57180588309447,23.5));
#4212=CARTESIAN_POINT('Ctrl Pts',(-98.3980163542071,-1.51184324471581,23.5));
#4213=CARTESIAN_POINT('Ctrl Pts',(-98.81096464817,-1.44396865365649,23.5));
#4214=CARTESIAN_POINT('Origin',(-40.9003451864632,-9.48646156267124,23.3302600197696));
#4215=CARTESIAN_POINT('',(-40.902619474975,-8.50883924878147,23.5000000431929));
#4216=CARTESIAN_POINT('',(-40.9026194738176,-8.39963905336789,23.5));
#4217=CARTESIAN_POINT('',(-40.9026194738176,-4.74333821831779,23.5));
#4218=CARTESIAN_POINT('',(-40.8915883487313,-8.60171223760837,22.6766990435832));
#4219=CARTESIAN_POINT('Ctrl Pts',(-40.8917346316061,-8.60218511129717,22.6767507085696));
#4220=CARTESIAN_POINT('Ctrl Pts',(-40.8922922947406,-8.57955410077036,22.7181241089753));
#4221=CARTESIAN_POINT('Ctrl Pts',(-40.8928649307396,-8.5595333832346,22.760961350325));
#4222=CARTESIAN_POINT('Ctrl Pts',(-40.8934530523558,-8.54231315118149,22.8050256206468));
#4223=CARTESIAN_POINT('Ctrl Pts',(-40.893542873053,-8.5396831964152,22.811755323092));
#4224=CARTESIAN_POINT('Ctrl Pts',(-40.8936330667387,-8.53711865890968,22.8185136653724));
#4225=CARTESIAN_POINT('Ctrl Pts',(-40.8937236483162,-8.53462032321785,22.8252998205642));
#4226=CARTESIAN_POINT('Ctrl Pts',(-40.8941663153076,-8.52241109950672,22.8584633730629));
#4227=CARTESIAN_POINT('Ctrl Pts',(-40.8946157140211,-8.51184044510451,22.8921315124062));
#4228=CARTESIAN_POINT('Ctrl Pts',(-40.8950745561842,-8.5029617694395,22.9261953997184));
#4229=CARTESIAN_POINT('Ctrl Pts',(-40.895693773765,-8.49097980154718,22.9721653640983));
#4230=CARTESIAN_POINT('Ctrl Pts',(-40.8963299381781,-8.48207712619224,23.0188560612624));
#4231=CARTESIAN_POINT('Ctrl Pts',(-40.8969694181278,-8.47622816059258,23.0659637426162));
#4232=CARTESIAN_POINT('Ctrl Pts',(-40.8976098313287,-8.47037065906578,23.1131401724912));
#4233=CARTESIAN_POINT('Ctrl Pts',(-40.8982535693376,-8.46757577160764,23.160735934176));
#4234=CARTESIAN_POINT('Ctrl Pts',(-40.8988929112614,-8.46786883963275,23.2084486474379));
#4235=CARTESIAN_POINT('Ctrl Pts',(-40.8990450274867,-8.46793856820846,23.2198007543005));
#4236=CARTESIAN_POINT('Ctrl Pts',(-40.8991969214286,-8.4681833302142,23.231159450531));
#4237=CARTESIAN_POINT('Ctrl Pts',(-40.8993485389134,-8.46860389419139,23.2425205763197));
#4238=CARTESIAN_POINT('Ctrl Pts',(-40.8999877733806,-8.47037703394672,23.2904202179766));
#4239=CARTESIAN_POINT('Ctrl Pts',(-40.9006174089446,-8.47525927643647,23.3380444768852));
#4240=CARTESIAN_POINT('Ctrl Pts',(-40.9012386465882,-8.48321609348184,23.3850886340028));
#4241=CARTESIAN_POINT('Ctrl Pts',(-40.9017504106635,-8.48977077212904,23.4238427401204));
#4242=CARTESIAN_POINT('Ctrl Pts',(-40.9022565869458,-8.49841286272728,23.4622037293677));
#4243=CARTESIAN_POINT('Ctrl Pts',(-40.9027609197832,-8.50914942649583,23.5000000464242));
#4244=CARTESIAN_POINT('Origin',(-40.9003451864632,-9.48646156267124,23.3302600197696));
#4245=CARTESIAN_POINT('Origin',(-40.7003631364407,-9.48646156267124,23.3329395101694));
#4246=CARTESIAN_POINT('',(-40.7026015222289,-8.39922387827715,23.5));
#4247=CARTESIAN_POINT('Origin',(-28.231910464525,-9.48646156267124,23.5));
#4248=CARTESIAN_POINT('',(-40.6901803677304,-8.69127605590532,22.5729550885851));
#4249=CARTESIAN_POINT('Ctrl Pts',(-40.6903277969425,-8.69174269269923,22.5729555108444));
#4250=CARTESIAN_POINT('Ctrl Pts',(-40.7286745154671,-8.67530779235001,22.589664358158));
#4251=CARTESIAN_POINT('Ctrl Pts',(-40.7661741631012,-8.65880159744775,22.6075672131393));
#4252=CARTESIAN_POINT('Ctrl Pts',(-40.8029756604997,-8.64233236571874,22.6268248915715));
#4253=CARTESIAN_POINT('Ctrl Pts',(-40.8329987624246,-8.62889656941215,22.6425355360636));
#4254=CARTESIAN_POINT('Ctrl Pts',(-40.8625572527681,-8.61548598570286,22.6591481090832));
#4255=CARTESIAN_POINT('Ctrl Pts',(-40.8917346316061,-8.60218511129717,22.6767507085696));
#4256=CARTESIAN_POINT('Origin',(-40.7003631364407,-9.48646156267124,23.3329395101694));
#4257=CARTESIAN_POINT('Ctrl Pts',(-38.6741069469154,-10.8977070840447,23.5));
#4258=CARTESIAN_POINT('Ctrl Pts',(-39.9336879976696,-10.7641777229286,23.5));
#4259=CARTESIAN_POINT('Ctrl Pts',(-41.1393465864151,-10.6208830587284,23.5));
#4260=CARTESIAN_POINT('Ctrl Pts',(-42.3009266638585,-10.4577713179272,23.5));
#4261=CARTESIAN_POINT('Ctrl Pts',(-38.6796701914281,-10.9501851106776,23.3138375821121));
#4262=CARTESIAN_POINT('Ctrl Pts',(-39.9397331072365,-10.816604666598,23.3138375821121));
#4263=CARTESIAN_POINT('Ctrl Pts',(-41.1458315414182,-10.6732622628367,23.3138375821121));
#4264=CARTESIAN_POINT('Ctrl Pts',(-42.3082650437412,-10.5100306821549,23.3138375821121));
#4265=CARTESIAN_POINT('Ctrl Pts',(-38.6801866946725,-10.9550572803179,22.9132803230927));
#4266=CARTESIAN_POINT('Ctrl Pts',(-39.9402907213487,-10.8214724780369,22.9132803230927));
#4267=CARTESIAN_POINT('Ctrl Pts',(-41.1464400410203,-10.6781243556788,22.9132803230927));
#4268=CARTESIAN_POINT('Ctrl Pts',(-42.3089463542623,-10.5148825507206,22.9132803230927));
#4269=CARTESIAN_POINT('Ctrl Pts',(-38.6489882566727,-10.6607627447246,22.3899813731276));
#4270=CARTESIAN_POINT('Ctrl Pts',(-39.9064070573925,-10.5274626057498,22.3899813731276));
#4271=CARTESIAN_POINT('Ctrl Pts',(-41.1100424880454,-10.3843882536022,22.3899813731276));
#4272=CARTESIAN_POINT('Ctrl Pts',(-42.2677930328032,-10.2218142645711,22.3899813731276));
#4273=CARTESIAN_POINT('Ctrl Pts',(-38.5942107713092,-10.1440473048009,22.0877995032984));
#4274=CARTESIAN_POINT('Ctrl Pts',(-39.8469153248724,-10.0112469275609,22.0877995032984));
#4275=CARTESIAN_POINT('Ctrl Pts',(-41.0461357932259,-9.86865340000319,22.0877995032984));
#4276=CARTESIAN_POINT('Ctrl Pts',(-42.195536996655,-9.7072518446468,22.0877995032984));
#4277=CARTESIAN_POINT('Ctrl Pts',(-38.5308579091578,-9.54644042635947,22.0872317691009));
#4278=CARTESIAN_POINT('Ctrl Pts',(-39.7781093821474,-9.41421813527329,22.0872317691009));
#4279=CARTESIAN_POINT('Ctrl Pts',(-40.9722260049701,-9.27218041371762,22.0872317691009));
#4280=CARTESIAN_POINT('Ctrl Pts',(-42.111969328893,-9.11213503997049,22.0872317691009));
#4281=CARTESIAN_POINT('Ctrl Pts',(-38.4761044002531,-9.0299511561183,22.3902305155589));
#4282=CARTESIAN_POINT('Ctrl Pts',(-39.7186421838564,-8.89822856763711,22.3902305155589));
#4283=CARTESIAN_POINT('Ctrl Pts',(-40.9083499492242,-8.75667092612783,22.3902305155589));
#4284=CARTESIAN_POINT('Ctrl Pts',(-42.0397449196781,-8.59779784733789,22.3902305155589));
#4285=CARTESIAN_POINT('Ctrl Pts',(-38.4448942334446,-8.73554598279641,22.9131958389927));
#4286=CARTESIAN_POINT('Ctrl Pts',(-39.6847459490539,-8.60410814688666,22.9131958389927));
#4287=CARTESIAN_POINT('Ctrl Pts',(-40.8719384163018,-8.46282443790673,22.9131958389927));
#4288=CARTESIAN_POINT('Ctrl Pts',(-41.9985761269498,-8.3046193844587,22.9131958389927));
#4289=CARTESIAN_POINT('Ctrl Pts',(-38.4454111671956,-8.74042221340147,23.3138376308513));
#4290=CARTESIAN_POINT('Ctrl Pts',(-39.6853046239277,-8.60897995247641,23.3138376308513));
#4291=CARTESIAN_POINT('Ctrl Pts',(-40.8725463675417,-8.46769073153705,23.3138376308513));
#4292=CARTESIAN_POINT('Ctrl Pts',(-41.9992580053448,-8.30947529706821,23.3138376308513));
#4293=CARTESIAN_POINT('Ctrl Pts',(-38.4509744125692,-8.79290024815522,23.5000000464242));
#4294=CARTESIAN_POINT('Ctrl Pts',(-39.6913494757031,-8.66140693168665,23.5000000464242));
#4295=CARTESIAN_POINT('Ctrl Pts',(-40.8790317817762,-8.52006987940554,23.5000000464242));
#4296=CARTESIAN_POINT('Ctrl Pts',(-42.006596386363,-8.36173466938299,23.5000000464242));
#4297=CARTESIAN_POINT('',(-41.999999962045,-10.5414895926527,23.2));
#4298=CARTESIAN_POINT('Ctrl Pts',(-41.9999647351337,-10.4994604667506,23.5));
#4299=CARTESIAN_POINT('Ctrl Pts',(-41.9999634925388,-10.5125804920294,23.4541437603815));
#4300=CARTESIAN_POINT('Ctrl Pts',(-41.999953389851,-10.5226180725884,23.4074536908119));
#4301=CARTESIAN_POINT('Ctrl Pts',(-41.9999454063065,-10.5295788265047,23.3602332793561));
#4302=CARTESIAN_POINT('Ctrl Pts',(-41.9999387733201,-10.5353620453706,23.3210010384714));
#4303=CARTESIAN_POINT('Ctrl Pts',(-41.999933469759,-10.5390204859048,23.2814020952446));
#4304=CARTESIAN_POINT('Ctrl Pts',(-41.99993176806,-10.5405303053734,23.2416102067739));
#4305=CARTESIAN_POINT('Ctrl Pts',(-41.9999311738545,-10.541057509669,23.2277155293203));
#4306=CARTESIAN_POINT('Ctrl Pts',(-41.9999310159542,-10.5413214873288,23.2138243211332));
#4307=CARTESIAN_POINT('Ctrl Pts',(-41.9999312722149,-10.5413235703661,23.1999441409838));
#4308=CARTESIAN_POINT('',(-38.6785029145782,-10.9391742003113,23.2));
#4309=CARTESIAN_POINT('Origin',(-38.5625406790685,-9.84530365955452,23.2));
#4310=CARTESIAN_POINT('',(-38.5,-9.25535809554231,22.2736885540144));
#4311=CARTESIAN_POINT('Origin',(-38.5625406790685,-9.84530365955452,23.2));
#4312=CARTESIAN_POINT('',(-38.4999999999997,-8.81474428521486,22.8176259711386));
#4313=CARTESIAN_POINT('Ctrl Pts',(-38.5,-8.81474428521479,22.8176259711385));
#4314=CARTESIAN_POINT('Ctrl Pts',(-38.5,-8.85596190513219,22.7070705493265));
#4315=CARTESIAN_POINT('Ctrl Pts',(-38.5,-8.91475967168868,22.6038950267826));
#4316=CARTESIAN_POINT('Ctrl Pts',(-38.5,-9.06411462940429,22.4186102474339));
#4317=CARTESIAN_POINT('Ctrl Pts',(-38.5,-9.15416369141988,22.338136845188));
#4318=CARTESIAN_POINT('Ctrl Pts',(-38.5,-9.25535809573059,22.2736885538945));
#4319=CARTESIAN_POINT('Ctrl Pts',(-38.4999999999993,-8.81474428521486,22.8176259711386));
#4320=CARTESIAN_POINT('Ctrl Pts',(-38.8846594212531,-8.83240070577318,22.6605357103738));
#4321=CARTESIAN_POINT('Ctrl Pts',(-39.2497604975563,-8.86659802578317,22.5623703089015));
#4322=CARTESIAN_POINT('Ctrl Pts',(-39.7469682611405,-8.87307410255936,22.4842173777997));
#4323=CARTESIAN_POINT('Ctrl Pts',(-39.9137058164031,-8.86914870328914,22.4673003615083));
#4324=CARTESIAN_POINT('Ctrl Pts',(-40.1308887730077,-8.84498005753676,22.4655063527516));
#4325=CARTESIAN_POINT('Ctrl Pts',(-40.1875373202732,-8.83686504281162,22.4669812276466));
#4326=CARTESIAN_POINT('Ctrl Pts',(-40.3186894817063,-8.81289377552845,22.4761805820137));
#4327=CARTESIAN_POINT('Ctrl Pts',(-40.3920564723192,-8.79544824208702,22.4857664053034));
#4328=CARTESIAN_POINT('Ctrl Pts',(-40.5432326058138,-8.75017135885382,22.5180872596631));
#4329=CARTESIAN_POINT('Ctrl Pts',(-40.618068609396,-8.72220745455706,22.5415572047893));
#4330=CARTESIAN_POINT('Ctrl Pts',(-40.6901803677303,-8.69127605590545,22.5729550885849));
#4331=CARTESIAN_POINT('',(-42.,-8.36266061676577,23.5));
#4332=CARTESIAN_POINT('Ctrl Pts',(-42.0000000104772,-8.36266064424061,23.5));
#4333=CARTESIAN_POINT('Ctrl Pts',(-41.640287618501,-8.4131406516136,23.5));
#4334=CARTESIAN_POINT('Ctrl Pts',(-41.2744609490075,-8.4618928621625,23.5));
#4335=CARTESIAN_POINT('Ctrl Pts',(-40.9027609172399,-8.50914941355298,23.5));
#4336=CARTESIAN_POINT('Ctrl Pts',(-41.9999312722149,-10.5413235703661,23.1999441409838));
#4337=CARTESIAN_POINT('Ctrl Pts',(-41.9999320825715,-10.5413307588857,23.1521101487232));
#4338=CARTESIAN_POINT('Ctrl Pts',(-41.9999385982983,-10.5382314962596,23.1044075373632));
#4339=CARTESIAN_POINT('Ctrl Pts',(-41.9999471919447,-10.5320467176187,23.057139582914));
#4340=CARTESIAN_POINT('Ctrl Pts',(-41.9999552107583,-10.5262756415306,23.0130334026452));
#4341=CARTESIAN_POINT('Ctrl Pts',(-41.9999649665396,-10.5178175433117,22.9693048121458));
#4342=CARTESIAN_POINT('Ctrl Pts',(-41.9999674994368,-10.5066490480789,22.9262031461867));
#4343=CARTESIAN_POINT('Ctrl Pts',(-41.9999695096216,-10.4977853881683,22.8919963438662));
#4344=CARTESIAN_POINT('Ctrl Pts',(-41.9999668371936,-10.4872136881977,22.8581843554205));
#4345=CARTESIAN_POINT('Ctrl Pts',(-41.9999636159284,-10.4749869015249,22.824879209871));
#4346=CARTESIAN_POINT('Ctrl Pts',(-41.9999592992788,-10.4586024223891,22.7802487213405));
#4347=CARTESIAN_POINT('Ctrl Pts',(-41.9999542184587,-10.4393553852049,22.736820660631));
#4348=CARTESIAN_POINT('Ctrl Pts',(-41.999953890711,-10.4174448861019,22.6948370112379));
#4349=CARTESIAN_POINT('Ctrl Pts',(-41.9999535608875,-10.3953956156049,22.6525874560101));
#4350=CARTESIAN_POINT('Ctrl Pts',(-41.9999579698141,-10.3706485195179,22.6117996655385));
#4351=CARTESIAN_POINT('Ctrl Pts',(-41.9999657034101,-10.3433575923075,22.5727372839904));
#4352=CARTESIAN_POINT('Ctrl Pts',(-41.9999733311078,-10.3164403676463,22.534209794916));
#4353=CARTESIAN_POINT('Ctrl Pts',(-41.9999841066421,-10.2870478958347,22.497359897804));
#4354=CARTESIAN_POINT('Ctrl Pts',(-41.9999910806534,-10.2552890971024,22.4624710015142));
#4355=CARTESIAN_POINT('Ctrl Pts',(-41.9999935086659,-10.2442322235438,22.4503243797819));
#4356=CARTESIAN_POINT('Ctrl Pts',(-41.9999954079791,-10.2329122647619,22.4384422074021));
#4357=CARTESIAN_POINT('Ctrl Pts',(-41.9999963909382,-10.2213364200797,22.4268342198169));
#4358=CARTESIAN_POINT('Ctrl Pts',(-41.9999992294969,-10.1879080538197,22.3933130322759));
#4359=CARTESIAN_POINT('Ctrl Pts',(-41.9999948422891,-10.1523489084429,22.3620758473758));
#4360=CARTESIAN_POINT('Ctrl Pts',(-41.9999903658867,-10.1149524732924,22.3332247799115));
#4361=CARTESIAN_POINT('Ctrl Pts',(-41.9999858247406,-10.0770151622307,22.3039564307641));
#4362=CARTESIAN_POINT('Ctrl Pts',(-41.99998106291,-10.0371861300335,22.2771430825451));
#4363=CARTESIAN_POINT('Ctrl Pts',(-41.9999787953937,-9.99573600256252,22.2529303509698));
#4364=CARTESIAN_POINT('Ctrl Pts',(-41.9999772923855,-9.96826105832834,22.2368811011755));
#4365=CARTESIAN_POINT('Ctrl Pts',(-41.9999767909137,-9.94007315251872,22.2219752776884));
#4366=CARTESIAN_POINT('Ctrl Pts',(-41.9999773870636,-9.91124561016533,22.2082666495816));
#4367=CARTESIAN_POINT('Ctrl Pts',(-41.9999782888307,-9.86763958215914,22.1875302713699));
#4368=CARTESIAN_POINT('Ctrl Pts',(-41.999981758735,-9.82283759706289,22.1696578550919));
#4369=CARTESIAN_POINT('Ctrl Pts',(-41.9999851935195,-9.77712267940451,22.1547719471828));
#4370=CARTESIAN_POINT('Ctrl Pts',(-41.9999865936681,-9.75848754405584,22.1487038861891));
#4371=CARTESIAN_POINT('Ctrl Pts',(-41.9999879464336,-9.73970036368203,22.1431325857926));
#4372=CARTESIAN_POINT('Ctrl Pts',(-41.9999889378874,-9.72077912974482,22.1380685259037));
#4373=CARTESIAN_POINT('Ctrl Pts',(-41.9999913713657,-9.67433781910231,22.1256390205557));
#4374=CARTESIAN_POINT('Ctrl Pts',(-41.9999916573515,-9.62708945662629,22.1162616669852));
#4375=CARTESIAN_POINT('Ctrl Pts',(-41.999991302866,-9.57934168864084,22.1099317819629));
#4376=CARTESIAN_POINT('Ctrl Pts',(-41.9999910896503,-9.55062238896067,22.1061244864062));
#4377=CARTESIAN_POINT('Ctrl Pts',(-41.9999906240116,-9.521722179743,22.1034206918301));
#4378=CARTESIAN_POINT('Ctrl Pts',(-41.9999903165816,-9.49270778676642,22.1018284561085));
#4379=CARTESIAN_POINT('Ctrl Pts',(-41.9999898061229,-9.44453211075704,22.0991846981529));
#4380=CARTESIAN_POINT('Ctrl Pts',(-41.9999895168977,-9.39632828677721,22.0996183867441));
#4381=CARTESIAN_POINT('Ctrl Pts',(-41.9999895239909,-9.34840470533337,22.1030987132334));
#4382=CARTESIAN_POINT('Ctrl Pts',(-41.9999895310531,-9.30069049538169,22.1065638346582));
#4383=CARTESIAN_POINT('Ctrl Pts',(-41.9999896788294,-9.25325297290314,22.113049071091));
#4384=CARTESIAN_POINT('Ctrl Pts',(-41.9999906702981,-9.20639581888714,22.1225748196096));
#4385=CARTESIAN_POINT('Ctrl Pts',(-41.9999911308687,-9.1846290930038,22.1269998505615));
#4386=CARTESIAN_POINT('Ctrl Pts',(-41.9999917965118,-9.16298769860742,22.1320817128748));
#4387=CARTESIAN_POINT('Ctrl Pts',(-41.9999929249123,-9.14150304874408,22.1378261825435));
#4388=CARTESIAN_POINT('Ctrl Pts',(-41.9999943069123,-9.11518988668942,22.144861678224));
#4389=CARTESIAN_POINT('Ctrl Pts',(-41.9999963669244,-9.08911173560007,22.1528909942301));
#4390=CARTESIAN_POINT('Ctrl Pts',(-41.999998631661,-9.06331902012929,22.1618904796922));
#4391=CARTESIAN_POINT('Ctrl Pts',(-42.0000026060118,-9.01805578612364,22.1776835363349));
#4392=CARTESIAN_POINT('Ctrl Pts',(-42.0000065062082,-8.97394221135201,22.1963666537725));
#4393=CARTESIAN_POINT('Ctrl Pts',(-42.0000076335526,-8.93122630686977,22.2177457024918));
#4394=CARTESIAN_POINT('Ctrl Pts',(-42.0000087785945,-8.88783982947594,22.2394603688485));
#4395=CARTESIAN_POINT('Ctrl Pts',(-42.0000069172093,-8.84589417818116,22.2639567632777));
#4396=CARTESIAN_POINT('Ctrl Pts',(-42.0000027145447,-8.80567067369582,22.2910812203756));
#4397=CARTESIAN_POINT('Ctrl Pts',(-41.9999985118801,-8.76544716921048,22.3182056774734));
#4398=CARTESIAN_POINT('Ctrl Pts',(-41.9999918249478,-8.72694474591192,22.3479587985586));
#4399=CARTESIAN_POINT('Ctrl Pts',(-41.9999889484493,-8.69048202417354,22.3802278733902));
#4400=CARTESIAN_POINT('Ctrl Pts',(-41.9999876062501,-8.67346820050208,22.3952849048748));
#4401=CARTESIAN_POINT('Ctrl Pts',(-41.9999870101289,-8.65694981280355,22.4108454174982));
#4402=CARTESIAN_POINT('Ctrl Pts',(-41.9999880944219,-8.64095383472759,22.4268916117215));
#4403=CARTESIAN_POINT('Ctrl Pts',(-41.9999903750332,-8.60730923246104,22.460641834432));
#4404=CARTESIAN_POINT('Ctrl Pts',(-41.9999997448426,-8.57597319744929,22.4965383291489));
#4405=CARTESIAN_POINT('Ctrl Pts',(-42.000007363056,-8.5470715267838,22.5343019004371));
#4406=CARTESIAN_POINT('Ctrl Pts',(-42.0000149886633,-8.51814180573977,22.5721021229791));
#4407=CARTESIAN_POINT('Ctrl Pts',(-42.0000207865271,-8.4916506146382,22.611774019312));
#4408=CARTESIAN_POINT('Ctrl Pts',(-42.0000215850412,-8.46776601006653,22.6530668135309));
#4409=CARTESIAN_POINT('Ctrl Pts',(-42.0000220123811,-8.45498371449622,22.6751654293588));
#4410=CARTESIAN_POINT('Ctrl Pts',(-42.0000211113091,-8.44294872309699,22.6977286896272));
#4411=CARTESIAN_POINT('Ctrl Pts',(-42.0000191774922,-8.43169259244519,22.7207201183786));
#4412=CARTESIAN_POINT('Ctrl Pts',(-42.000015557036,-8.41061907227009,22.763764247186));
#4413=CARTESIAN_POINT('Ctrl Pts',(-42.0000073104775,-8.39241183951241,22.8080239576765));
#4414=CARTESIAN_POINT('Ctrl Pts',(-42.000001848612,-8.37720256726359,22.8532251209493));
#4415=CARTESIAN_POINT('Ctrl Pts',(-41.9999989402506,-8.3691038584373,22.8772940608674));
#4416=CARTESIAN_POINT('Ctrl Pts',(-41.999996913827,-8.36185591853778,22.9016304397132));
#4417=CARTESIAN_POINT('Ctrl Pts',(-41.9999975813157,-8.35548406643239,22.9261953997184));
#4418=CARTESIAN_POINT('Ctrl Pts',(-41.9999988344082,-8.34352203566459,22.9723117882552));
#4419=CARTESIAN_POINT('Ctrl Pts',(-42.0000091923401,-8.33464453912798,23.019233745046));
#4420=CARTESIAN_POINT('Ctrl Pts',(-42.0000174465823,-8.32885763920534,23.0666589194527));
#4421=CARTESIAN_POINT('Ctrl Pts',(-42.0000210956512,-8.32629934304461,23.0876248326754));
#4422=CARTESIAN_POINT('Ctrl Pts',(-42.000024418846,-8.32434574398308,23.1086891408455));
#4423=CARTESIAN_POINT('Ctrl Pts',(-42.0000268532877,-8.32300058939144,23.1298255420459));
#4424=CARTESIAN_POINT('Ctrl Pts',(-42.0000323410838,-8.31996829897683,23.1774718922558));
#4425=CARTESIAN_POINT('Ctrl Pts',(-42.0000327364388,-8.32004472142806,23.2251647115649));
#4426=CARTESIAN_POINT('Ctrl Pts',(-42.0000283829275,-8.32318502545455,23.2725992004286));
#4427=CARTESIAN_POINT('Ctrl Pts',(-42.0000240347661,-8.32632147038234,23.319975397365));
#4428=CARTESIAN_POINT('Ctrl Pts',(-42.0000149533694,-8.33251431163742,23.367095025603));
#4429=CARTESIAN_POINT('Ctrl Pts',(-42.0000078252701,-8.34176957781439,23.4136566993819));
#4430=CARTESIAN_POINT('Ctrl Pts',(-42.0000033821467,-8.3475386177914,23.442679760663));
#4431=CARTESIAN_POINT('Ctrl Pts',(-41.999999823084,-8.35449851345964,23.471486020616));
#4432=CARTESIAN_POINT('Ctrl Pts',(-42.0000000104773,-8.3626606442406,23.5));
#4433=CARTESIAN_POINT('Ctrl Pts',(-72.4942600981678,-4.7231708310902,23.5));
#4434=CARTESIAN_POINT('Ctrl Pts',(-72.9363574686129,-4.66173295363121,23.5));
#4435=CARTESIAN_POINT('Ctrl Pts',(-74.0151372396805,-4.54028110021738,23.5));
#4436=CARTESIAN_POINT('Ctrl Pts',(-75.4318971258412,-4.3872257181658,23.5));
#4437=CARTESIAN_POINT('Ctrl Pts',(-76.3524573050782,-4.23526502902101,23.5));
#4438=CARTESIAN_POINT('Ctrl Pts',(-72.5015239815678,-4.77544060151827,23.3138375843228));
#4439=CARTESIAN_POINT('Ctrl Pts',(-72.942866895423,-4.71410757021901,23.3138375843228));
#4440=CARTESIAN_POINT('Ctrl Pts',(-74.0199551339093,-4.59283390530124,23.3138375843228));
#4441=CARTESIAN_POINT('Ctrl Pts',(-75.4388210043007,-4.43956902260255,23.3138375843228));
#4442=CARTESIAN_POINT('Ctrl Pts',(-76.3610522946672,-4.28733247620844,23.3138375843228));
#4443=CARTESIAN_POINT('Ctrl Pts',(-72.5021965492837,-4.78028029375616,22.9131861298633));
#4444=CARTESIAN_POINT('Ctrl Pts',(-72.9434740741446,-4.71895634950714,22.9131861298633));
#4445=CARTESIAN_POINT('Ctrl Pts',(-74.0204183236867,-4.5976977279363,22.9131861298633));
#4446=CARTESIAN_POINT('Ctrl Pts',(-75.4394719842727,-4.44441389023538,22.9131861298633));
#4447=CARTESIAN_POINT('Ctrl Pts',(-76.3618481103759,-4.29215343520513,22.9131861298633));
#4448=CARTESIAN_POINT('Ctrl Pts',(-72.4614478388338,-4.48705893774561,22.3902229138546));
#4449=CARTESIAN_POINT('Ctrl Pts',(-72.9069332025545,-4.42515023388137,22.3902229138546));
#4450=CARTESIAN_POINT('Ctrl Pts',(-73.9932973086113,-4.30289999440108,22.3902229138546));
#4451=CARTESIAN_POINT('Ctrl Pts',(-75.4005763812138,-4.15078897933276,22.3902229138546));
#4452=CARTESIAN_POINT('Ctrl Pts',(-76.3136322012271,-4.00006706590839,22.3902229138546));
#4453=CARTESIAN_POINT('Ctrl Pts',(-72.3899572446722,-3.97262378800429,22.0872197545093));
#4454=CARTESIAN_POINT('Ctrl Pts',(-72.8428268013971,-3.90968890942096,22.0872197545093));
#4455=CARTESIAN_POINT('Ctrl Pts',(-73.9457225835434,-3.7856983465758,22.0872197545093));
#4456=CARTESIAN_POINT('Ctrl Pts',(-75.332341027547,-3.63564514548263,22.0872197545093));
#4457=CARTESIAN_POINT('Ctrl Pts',(-76.2290409600557,-3.48762316628617,22.0872197545093));
#4458=CARTESIAN_POINT('Ctrl Pts',(-72.3072394615695,-3.37739954017554,22.0878136392658));
#4459=CARTESIAN_POINT('Ctrl Pts',(-72.7686514986027,-3.31327752071903,22.0878136392658));
#4460=CARTESIAN_POINT('Ctrl Pts',(-73.8906713218114,-3.18727376911012,22.0878136392658));
#4461=CARTESIAN_POINT('Ctrl Pts',(-75.2533866939444,-3.03960141528493,22.0878136392658));
#4462=CARTESIAN_POINT('Ctrl Pts',(-76.1311651482561,-2.89470288301927,22.0878136392658));
#4463=CARTESIAN_POINT('Ctrl Pts',(-72.2357151663177,-2.86272188265254,22.3899714687921));
#4464=CARTESIAN_POINT('Ctrl Pts',(-72.704512269937,-2.79757356707605,22.3899714687921));
#4465=CARTESIAN_POINT('Ctrl Pts',(-73.8430641890013,-2.66982952119233,22.3899714687921));
#4466=CARTESIAN_POINT('Ctrl Pts',(-75.1851133984366,-2.52421569292639,22.3899714687921));
#4467=CARTESIAN_POINT('Ctrl Pts',(-76.0465340302718,-2.38201741430249,22.3899714687921));
#4468=CARTESIAN_POINT('Ctrl Pts',(-72.1949813737537,-2.56960787341906,22.9132698195748));
#4469=CARTESIAN_POINT('Ctrl Pts',(-72.6679849968193,-2.50387498158505,22.9132698195748));
#4470=CARTESIAN_POINT('Ctrl Pts',(-73.8159539489562,-2.37513960879788,22.9132698195748));
#4471=CARTESIAN_POINT('Ctrl Pts',(-75.1462325244826,-2.23069819571461,22.9132698195748));
#4472=CARTESIAN_POINT('Ctrl Pts',(-75.9983357727105,-2.09003797627023,22.9132698195748));
#4473=CARTESIAN_POINT('Ctrl Pts',(-72.1956538626813,-2.57444699870878,23.3138375843228));
#4474=CARTESIAN_POINT('Ctrl Pts',(-72.6685930838235,-2.50872305675267,23.3138375843228));
#4475=CARTESIAN_POINT('Ctrl Pts',(-73.8164208335522,-2.38000240645532,23.3138375843228));
#4476=CARTESIAN_POINT('Ctrl Pts',(-75.1468855975768,-2.23554213768417,23.3138375843228));
#4477=CARTESIAN_POINT('Ctrl Pts',(-75.999131495193,-2.09485837051326,23.3138375843228));
#4478=CARTESIAN_POINT('Ctrl Pts',(-72.2029177460813,-2.62671676913685,23.5));
#4479=CARTESIAN_POINT('Ctrl Pts',(-72.6751021053279,-2.56109772966544,23.5));
#4480=CARTESIAN_POINT('Ctrl Pts',(-73.8212371763143,-2.43255539991391,23.5));
#4481=CARTESIAN_POINT('Ctrl Pts',(-75.1538085782896,-2.28788559031569,23.5));
#4482=CARTESIAN_POINT('Ctrl Pts',(-76.0077264847821,-2.1469258177007,23.5));
#4483=CARTESIAN_POINT('',(-72.5000000000409,-4.76447337083285,23.2));
#4484=CARTESIAN_POINT('Ctrl Pts',(-72.499967986146,-4.76424300384366,23.199923583727));
#4485=CARTESIAN_POINT('Ctrl Pts',(-72.4999680221361,-4.76423784248077,23.2477345694139));
#4486=CARTESIAN_POINT('Ctrl Pts',(-72.4999737934547,-4.76112811140219,23.2954404759257));
#4487=CARTESIAN_POINT('Ctrl Pts',(-72.4999813586552,-4.7549337315125,23.3427360946879));
#4488=CARTESIAN_POINT('Ctrl Pts',(-72.4999888466241,-4.74880258878266,23.3895488821325));
#4489=CARTESIAN_POINT('Ctrl Pts',(-72.4999980827239,-4.73964935952556,23.435960818577));
#4490=CARTESIAN_POINT('Ctrl Pts',(-72.4999999855433,-4.72744350154924,23.4816700492915));
#4491=CARTESIAN_POINT('Ctrl Pts',(-72.5000002404308,-4.72580849642792,23.4877929147594));
#4492=CARTESIAN_POINT('Ctrl Pts',(-72.5000003560532,-4.72411864437495,23.4939031483986));
#4493=CARTESIAN_POINT('Ctrl Pts',(-72.5000003034534,-4.72237380439076,23.5));
#4494=CARTESIAN_POINT('',(-72.5,-2.5867987781902,23.5));
#4495=CARTESIAN_POINT('Ctrl Pts',(-72.4999891127483,-2.58703846483386,23.5));
#4496=CARTESIAN_POINT('Ctrl Pts',(-72.4999872294209,-2.57393312176617,23.4541448607712));
#4497=CARTESIAN_POINT('Ctrl Pts',(-72.4999942719806,-2.56390770842027,23.4074568539949));
#4498=CARTESIAN_POINT('Ctrl Pts',(-72.4999998725865,-2.55695568547185,23.3602397456323));
#4499=CARTESIAN_POINT('Ctrl Pts',(-72.5000045410082,-2.5511607814084,23.3208816170494));
#4500=CARTESIAN_POINT('Ctrl Pts',(-72.5000083468825,-2.54750221080141,23.2811552350862));
#4501=CARTESIAN_POINT('Ctrl Pts',(-72.500009574562,-2.54600352356183,23.2412361683427));
#4502=CARTESIAN_POINT('Ctrl Pts',(-72.5000110422694,-2.54421182286178,23.1935123885298));
#4503=CARTESIAN_POINT('Ctrl Pts',(-72.5000089011881,-2.54551770343071,23.1458305481995));
#4504=CARTESIAN_POINT('Ctrl Pts',(-72.5000036767245,-2.54988584123604,23.0984931011114));
#4505=CARTESIAN_POINT('Ctrl Pts',(-72.4999984539093,-2.55425260093249,23.0511705885697));
#4506=CARTESIAN_POINT('Ctrl Pts',(-72.4999901530931,-2.5616796997864,23.0041911280842));
#4507=CARTESIAN_POINT('Ctrl Pts',(-72.4999872661995,-2.57218251275827,22.957856025455));
#4508=CARTESIAN_POINT('Ctrl Pts',(-72.4999866064886,-2.57458260828363,22.9472675599852));
#4509=CARTESIAN_POINT('Ctrl Pts',(-72.4999862623042,-2.57714352968231,22.9367127797798));
#4510=CARTESIAN_POINT('Ctrl Pts',(-72.4999863933575,-2.5798658318086,22.9261953689647));
#4511=CARTESIAN_POINT('Ctrl Pts',(-72.4999868225508,-2.58878124442576,22.8917513386067));
#4512=CARTESIAN_POINT('Ctrl Pts',(-72.4999921816029,-2.59942645970457,22.8577075349642));
#4513=CARTESIAN_POINT('Ctrl Pts',(-72.4999987617061,-2.61174755675074,22.8241784188944));
#4514=CARTESIAN_POINT('Ctrl Pts',(-72.5000075205787,-2.6281483510805,22.7795473170809));
#4515=CARTESIAN_POINT('Ctrl Pts',(-72.5000179581744,-2.64740941560673,22.7361193615294));
#4516=CARTESIAN_POINT('Ctrl Pts',(-72.5000241486118,-2.66933273640313,22.6941371109664));
#4517=CARTESIAN_POINT('Ctrl Pts',(-72.5000303751229,-2.69138381144741,22.6519102163143));
#4518=CARTESIAN_POINT('Ctrl Pts',(-72.5000323804921,-2.7161287821628,22.6111449258063));
#4519=CARTESIAN_POINT('Ctrl Pts',(-72.5000313134628,-2.74341490079065,22.5721052786039));
#4520=CARTESIAN_POINT('Ctrl Pts',(-72.500030259215,-2.7703741690125,22.5335332730149));
#4521=CARTESIAN_POINT('Ctrl Pts',(-72.5000262908866,-2.79981466732377,22.4966449160493));
#4522=CARTESIAN_POINT('Ctrl Pts',(-72.5000262774279,-2.83162799337219,22.461725667891));
#4523=CARTESIAN_POINT('Ctrl Pts',(-72.5000262728454,-2.84245997661265,22.4498361625232));
#4524=CARTESIAN_POINT('Ctrl Pts',(-72.5000267418322,-2.85354424819084,22.4382006243122));
#4525=CARTESIAN_POINT('Ctrl Pts',(-72.5000280310851,-2.86487407914183,22.4268282223348));
#4526=CARTESIAN_POINT('Ctrl Pts',(-72.5000318319496,-2.89827570999054,22.3933010872564));
#4527=CARTESIAN_POINT('Ctrl Pts',(-72.5000423674957,-2.93380846458076,22.3620584723839));
#4528=CARTESIAN_POINT('Ctrl Pts',(-72.5000526506199,-2.9711791833563,22.3332026729668));
#4529=CARTESIAN_POINT('Ctrl Pts',(-72.5000630805949,-3.0090835846911,22.3039347905771));
#4530=CARTESIAN_POINT('Ctrl Pts',(-72.5000733814761,-3.04887972253716,22.2771217447728));
#4531=CARTESIAN_POINT('Ctrl Pts',(-72.5000806692128,-3.09029744043032,22.2529093313306));
#4532=CARTESIAN_POINT('Ctrl Pts',(-72.5000855469116,-3.11801841370217,22.2367039076612));
#4533=CARTESIAN_POINT('Ctrl Pts',(-72.5000891636297,-3.14646652205944,22.2216642938572));
#4534=CARTESIAN_POINT('Ctrl Pts',(-72.5000912857422,-3.17556641835568,22.2078459607714));
#4535=CARTESIAN_POINT('Ctrl Pts',(-72.5000944644071,-3.21915450500646,22.1871477873558));
#4536=CARTESIAN_POINT('Ctrl Pts',(-72.5000938470371,-3.26393623178381,22.1693147879979));
#4537=CARTESIAN_POINT('Ctrl Pts',(-72.5000926162606,-3.30962887530982,22.1544694566669));
#4538=CARTESIAN_POINT('Ctrl Pts',(-72.5000921230857,-3.3279380205805,22.1485208989351));
#4539=CARTESIAN_POINT('Ctrl Pts',(-72.5000915636043,-3.34639375880424,22.143052531817));
#4540=CARTESIAN_POINT('Ctrl Pts',(-72.5000912404082,-3.36497901668746,22.1380742967275));
#4541=CARTESIAN_POINT('Ctrl Pts',(-72.5000904334912,-3.4113804340403,22.1256452432527));
#4542=CARTESIAN_POINT('Ctrl Pts',(-72.5000911229789,-3.45858865003859,22.1162677178429));
#4543=CARTESIAN_POINT('Ctrl Pts',(-72.5000916054597,-3.50629651543226,22.1099370181886));
#4544=CARTESIAN_POINT('Ctrl Pts',(-72.5000918982046,-3.53524322394654,22.1060958713237));
#4545=CARTESIAN_POINT('Ctrl Pts',(-72.5000921214287,-3.56437411901916,22.1033773992399));
#4546=CARTESIAN_POINT('Ctrl Pts',(-72.5000916737941,-3.59362083076459,22.1017898975873));
#4547=CARTESIAN_POINT('Ctrl Pts',(-72.5000909369316,-3.64176458302953,22.0991766709467));
#4548=CARTESIAN_POINT('Ctrl Pts',(-72.5000885237488,-3.68993454037167,22.099640915809));
#4549=CARTESIAN_POINT('Ctrl Pts',(-72.5000855199432,-3.73782245545513,22.1031516188704));
#4550=CARTESIAN_POINT('Ctrl Pts',(-72.5000825289718,-3.78550576156923,22.1066473218773));
#4551=CARTESIAN_POINT('Ctrl Pts',(-72.5000790996294,-3.83291054258174,22.1131635444074));
#4552=CARTESIAN_POINT('Ctrl Pts',(-72.5000747643779,-3.87973330642552,22.1227204641762));
#4553=CARTESIAN_POINT('Ctrl Pts',(-72.5000727733959,-3.90123685165918,22.1271095185522));
#4554=CARTESIAN_POINT('Ctrl Pts',(-72.500070556421,-3.92261755043855,22.1321406022287));
#4555=CARTESIAN_POINT('Ctrl Pts',(-72.5000678285785,-3.94384508152575,22.1378192618596));
#4556=CARTESIAN_POINT('Ctrl Pts',(-72.5000644288643,-3.97030098598346,22.144896584042));
#4557=CARTESIAN_POINT('Ctrl Pts',(-72.5000602546218,-3.9965190912632,22.1529796649904));
#4558=CARTESIAN_POINT('Ctrl Pts',(-72.5000556108978,-4.02244811924292,22.1620442963585));
#4559=CARTESIAN_POINT('Ctrl Pts',(-72.5000475107731,-4.06767655290099,22.1778558832329));
#4560=CARTESIAN_POINT('Ctrl Pts',(-72.5000390046498,-4.1117549729952,22.1965561912281));
#4561=CARTESIAN_POINT('Ctrl Pts',(-72.5000335093561,-4.15443539618517,22.21795052754));
#4562=CARTESIAN_POINT('Ctrl Pts',(-72.5000279283767,-4.19778131574352,22.239678455978));
#4563=CARTESIAN_POINT('Ctrl Pts',(-72.5000255898286,-4.23968637087975,22.2641855704227));
#4564=CARTESIAN_POINT('Ctrl Pts',(-72.5000259919218,-4.27986952753586,22.2913176770208));
#4565=CARTESIAN_POINT('Ctrl Pts',(-72.500026394015,-4.32005268419197,22.3184497836188));
#4566=CARTESIAN_POINT('Ctrl Pts',(-72.5000296684397,-4.35851500594615,22.3482074831684));
#4567=CARTESIAN_POINT('Ctrl Pts',(-72.5000292540582,-4.39493836353185,22.3804775386219));
#4568=CARTESIAN_POINT('Ctrl Pts',(-72.5000290617395,-4.41184281004474,22.3954543958514));
#4569=CARTESIAN_POINT('Ctrl Pts',(-72.5000282603176,-4.42825745122154,22.4109287040216));
#4570=CARTESIAN_POINT('Ctrl Pts',(-72.5000259240035,-4.44415577491765,22.4268829232985));
#4571=CARTESIAN_POINT('Ctrl Pts',(-72.500020981796,-4.47778687571156,22.4606322648545));
#4572=CARTESIAN_POINT('Ctrl Pts',(-72.5000094989099,-4.50911007307029,22.4965267710694));
#4573=CARTESIAN_POINT('Ctrl Pts',(-72.5000000421734,-4.53799988401382,22.5342869991926));
#4574=CARTESIAN_POINT('Ctrl Pts',(-72.4999905730669,-4.56692748488895,22.5720966203853));
#4575=CARTESIAN_POINT('Ctrl Pts',(-72.4999831997298,-4.59341589310589,22.6117778179776));
#4576=CARTESIAN_POINT('Ctrl Pts',(-72.4999811100867,-4.61729724697567,22.6530794188047));
#4577=CARTESIAN_POINT('Ctrl Pts',(-72.4999799859414,-4.63014447013407,22.6752980453331));
#4578=CARTESIAN_POINT('Ctrl Pts',(-72.4999802924708,-4.64223644095304,22.6979860348299));
#4579=CARTESIAN_POINT('Ctrl Pts',(-72.4999817784243,-4.65354112546779,22.7211062931105));
#4580=CARTESIAN_POINT('Ctrl Pts',(-72.4999845456586,-4.67459340602586,22.7641622636919));
#4581=CARTESIAN_POINT('Ctrl Pts',(-72.4999927109444,-4.69277933116966,22.8084325339961));
#4582=CARTESIAN_POINT('Ctrl Pts',(-72.4999980594002,-4.70796737862045,22.8536429989307));
#4583=CARTESIAN_POINT('Ctrl Pts',(-72.5000008904239,-4.71600665634145,22.8775736249498));
#4584=CARTESIAN_POINT('Ctrl Pts',(-72.5000028531806,-4.72320527906372,22.9017681656906));
#4585=CARTESIAN_POINT('Ctrl Pts',(-72.5000021415263,-4.72953840298962,22.9261884574767));
#4586=CARTESIAN_POINT('Ctrl Pts',(-72.5000007974389,-4.74149964782555,22.9723105754768));
#4587=CARTESIAN_POINT('Ctrl Pts',(-72.4999902450641,-4.7503766848659,23.0192379329611));
#4588=CARTESIAN_POINT('Ctrl Pts',(-72.499981885744,-4.75616335017731,23.0666680086875));
#4589=CARTESIAN_POINT('Ctrl Pts',(-72.4999781603689,-4.7587422081753,23.0878054727621));
#4590=CARTESIAN_POINT('Ctrl Pts',(-72.4999747969158,-4.76070660581169,23.1090428302827));
#4591=CARTESIAN_POINT('Ctrl Pts',(-72.4999724505911,-4.76205267970836,23.1303531242335));
#4592=CARTESIAN_POINT('Ctrl Pts',(-72.4999698971762,-4.76351756021941,23.1535442984854));
#4593=CARTESIAN_POINT('Ctrl Pts',(-72.4999682045567,-4.76424547313755,23.1767462807245));
#4594=CARTESIAN_POINT('Ctrl Pts',(-72.499967986146,-4.76424300384366,23.199923583727));
#4595=CARTESIAN_POINT('',(-76.,-2.14820011506387,23.5));
#4596=CARTESIAN_POINT('Ctrl Pts',(-76.000000023184,-2.1482000830152,23.5));
#4597=CARTESIAN_POINT('Ctrl Pts',(-75.149214322591,-2.28838437513614,23.5));
#4598=CARTESIAN_POINT('Ctrl Pts',(-74.3902254713727,-2.37078758109142,23.5));
#4599=CARTESIAN_POINT('Ctrl Pts',(-73.6917470024775,-2.44795639970248,23.5));
#4600=CARTESIAN_POINT('Ctrl Pts',(-73.2755307944234,-2.49394051301826,23.5));
#4601=CARTESIAN_POINT('Ctrl Pts',(-72.8808008958584,-2.53806597560096,23.5));
#4602=CARTESIAN_POINT('Ctrl Pts',(-72.4999891127485,-2.58703846483384,23.5));
#4603=CARTESIAN_POINT('',(-76.0000000000314,-4.33344791919614,23.2));
#4604=CARTESIAN_POINT('Ctrl Pts',(-76.0001325152654,-4.33316236473921,23.199923583727));
#4605=CARTESIAN_POINT('Ctrl Pts',(-76.000132922515,-4.33316747042229,23.1520952108966));
#4606=CARTESIAN_POINT('Ctrl Pts',(-76.0001387458757,-4.33005969072115,23.1044005984643));
#4607=CARTESIAN_POINT('Ctrl Pts',(-76.0001463019107,-4.32386044430214,23.0571447774673));
#4608=CARTESIAN_POINT('Ctrl Pts',(-76.0001533561182,-4.31807291543818,23.0130274106902));
#4609=CARTESIAN_POINT('Ctrl Pts',(-76.0001618359031,-4.30959043896315,22.9692916187295));
#4610=CARTESIAN_POINT('Ctrl Pts',(-76.0001615677306,-4.29839017026039,22.9261884574767));
#4611=CARTESIAN_POINT('Ctrl Pts',(-76.0001613578629,-4.28962500931184,22.8924565751623));
#4612=CARTESIAN_POINT('Ctrl Pts',(-76.0001556298624,-4.27919446659276,22.8591121069739));
#4613=CARTESIAN_POINT('Ctrl Pts',(-76.0001486736052,-4.26714997844922,22.8262608696441));
#4614=CARTESIAN_POINT('Ctrl Pts',(-76.0001392338558,-4.25080542048587,22.7816812290396));
#4615=CARTESIAN_POINT('Ctrl Pts',(-76.0001279442714,-4.23159919560608,22.7383047671461));
#4616=CARTESIAN_POINT('Ctrl Pts',(-76.0001217021012,-4.20973274113663,22.6963675108706));
#4617=CARTESIAN_POINT('Ctrl Pts',(-76.0001154055707,-4.18767586149101,22.6540650417789));
#4618=CARTESIAN_POINT('Ctrl Pts',(-76.0001141618525,-4.16291171352147,22.6132259580843));
#4619=CARTESIAN_POINT('Ctrl Pts',(-76.0001167597277,-4.13559777482525,22.5741090142447));
#4620=CARTESIAN_POINT('Ctrl Pts',(-76.0001193086718,-4.10879829488044,22.5357288390679));
#4621=CARTESIAN_POINT('Ctrl Pts',(-76.0001254529996,-4.07954353500869,22.4990057030247));
#4622=CARTESIAN_POINT('Ctrl Pts',(-76.0001275334058,-4.04794378933002,22.464213289047));
#4623=CARTESIAN_POINT('Ctrl Pts',(-76.0001282949079,-4.0363771679178,22.4514780384348));
#4624=CARTESIAN_POINT('Ctrl Pts',(-76.0001284640883,-4.02452248324719,22.4390309609288));
#4625=CARTESIAN_POINT('Ctrl Pts',(-76.0001275585028,-4.01238813549482,22.4268829232985));
#4626=CARTESIAN_POINT('Ctrl Pts',(-76.0001250591814,-3.97889860498137,22.3933556101538));
#4627=CARTESIAN_POINT('Ctrl Pts',(-76.0001148312072,-3.94328196746788,22.3621036760252));
#4628=CARTESIAN_POINT('Ctrl Pts',(-76.0001047914583,-3.90583154379502,22.3332346446046));
#4629=CARTESIAN_POINT('Ctrl Pts',(-76.0000946071199,-3.86784177056018,22.303949850212));
#4630=CARTESIAN_POINT('Ctrl Pts',(-76.0000844686158,-3.82796411718974,22.2771164327236));
#4631=CARTESIAN_POINT('Ctrl Pts',(-76.0000773598123,-3.78646855815613,22.2528851292872));
#4632=CARTESIAN_POINT('Ctrl Pts',(-76.0000727548608,-3.75958850138165,22.2371885384409));
#4633=CARTESIAN_POINT('Ctrl Pts',(-76.0000693194593,-3.73202883560233,22.2225846540244));
#4634=CARTESIAN_POINT('Ctrl Pts',(-76.0000671587259,-3.70385774096493,22.209124893006));
#4635=CARTESIAN_POINT('Ctrl Pts',(-76.0000638109422,-3.66021018351414,22.188270691212));
#4636=CARTESIAN_POINT('Ctrl Pts',(-76.0000639014617,-3.61536110399389,22.1702875614046));
#4637=CARTESIAN_POINT('Ctrl Pts',(-76.0000639826414,-3.56959346251115,22.1553031778244));
#4638=CARTESIAN_POINT('Ctrl Pts',(-76.0000640171813,-3.55012052649449,22.1489277139978));
#4639=CARTESIAN_POINT('Ctrl Pts',(-76.0000640031683,-3.53048092769115,22.1430956321624));
#4640=CARTESIAN_POINT('Ctrl Pts',(-76.0000635139548,-3.5106950761492,22.1378192618596));
#4641=CARTESIAN_POINT('Ctrl Pts',(-76.000062363787,-3.46417744722252,22.1254142240828));
#4642=CARTESIAN_POINT('Ctrl Pts',(-76.0000585825086,-3.41685195326924,22.116077266228));
#4643=CARTESIAN_POINT('Ctrl Pts',(-76.0000540949943,-3.36902598655736,22.1097922788927));
#4644=CARTESIAN_POINT('Ctrl Pts',(-76.0000514468219,-3.34080292236947,22.1060833815471));
#4645=CARTESIAN_POINT('Ctrl Pts',(-76.0000485397327,-3.31240534029847,22.1034382903485));
#4646=CARTESIAN_POINT('Ctrl Pts',(-76.0000459388364,-3.28389611586456,22.1018621943202));
#4647=CARTESIAN_POINT('Ctrl Pts',(-76.0000415360767,-3.23563611334732,22.0991942017738));
#4648=CARTESIAN_POINT('Ctrl Pts',(-76.0000379351289,-3.18733801369788,22.099602152493));
#4649=CARTESIAN_POINT('Ctrl Pts',(-76.0000344660408,-3.13931031790725,22.1030452995736));
#4650=CARTESIAN_POINT('Ctrl Pts',(-76.0000310049821,-3.091393786054,22.1064804772152));
#4651=CARTESIAN_POINT('Ctrl Pts',(-76.0000274990117,-3.04374529686964,22.1129368668467));
#4652=CARTESIAN_POINT('Ctrl Pts',(-76.0000246754907,-2.99667036128019,22.1224250092168));
#4653=CARTESIAN_POINT('Ctrl Pts',(-76.0000233290599,-2.97422209916658,22.1269495466215));
#4654=CARTESIAN_POINT('Ctrl Pts',(-76.0000221746417,-2.95190435279303,22.1321642404329));
#4655=CARTESIAN_POINT('Ctrl Pts',(-76.0000215815747,-2.92975130372855,22.1380742967275));
#4656=CARTESIAN_POINT('Ctrl Pts',(-76.0000208802846,-2.9035557552701,22.1450628230294));
#4657=CARTESIAN_POINT('Ctrl Pts',(-76.0000209465061,-2.87759040266448,22.1530235816368));
#4658=CARTESIAN_POINT('Ctrl Pts',(-76.000021437915,-2.85190496811142,22.1619348906759));
#4659=CARTESIAN_POINT('Ctrl Pts',(-76.0000223078301,-2.80643540503572,22.1777101086348));
#4660=CARTESIAN_POINT('Ctrl Pts',(-76.0000235893516,-2.76211005439591,22.1963682444398));
#4661=CARTESIAN_POINT('Ctrl Pts',(-76.0000217027038,-2.7191812991547,22.2177247217505));
#4662=CARTESIAN_POINT('Ctrl Pts',(-76.0000197826193,-2.67549172349218,22.2394596969694));
#4663=CARTESIAN_POINT('Ctrl Pts',(-76.0000144085299,-2.63324758804487,22.2639899613202));
#4664=CARTESIAN_POINT('Ctrl Pts',(-76.0000065218064,-2.5927371687557,22.2911708423146));
#4665=CARTESIAN_POINT('Ctrl Pts',(-75.9999986350828,-2.55222674946652,22.318351723309));
#4666=CARTESIAN_POINT('Ctrl Pts',(-75.9999880688425,-2.51344895827674,22.3481838074452));
#4667=CARTESIAN_POINT('Ctrl Pts',(-75.9999829792724,-2.47673049760451,22.3805637981226));
#4668=CARTESIAN_POINT('Ctrl Pts',(-75.9999806327471,-2.45980160298494,22.3954924590721));
#4669=CARTESIAN_POINT('Ctrl Pts',(-75.9999792855993,-2.4433609203672,22.410919361551));
#4670=CARTESIAN_POINT('Ctrl Pts',(-75.9999800153814,-2.42743524399048,22.4268282223348));
#4671=CARTESIAN_POINT('Ctrl Pts',(-75.9999815614394,-2.39369638327871,22.4605314588801));
#4672=CARTESIAN_POINT('Ctrl Pts',(-75.999992034136,-2.36226636578507,22.4963954560058));
#4673=CARTESIAN_POINT('Ctrl Pts',(-76.0000009448704,-2.33327321311588,22.5341399647332));
#4674=CARTESIAN_POINT('Ctrl Pts',(-76.0000098554891,-2.30428043679275,22.5718839835175));
#4675=CARTESIAN_POINT('Ctrl Pts',(-76.0000171242097,-2.2777239119881,22.6115094479259));
#4676=CARTESIAN_POINT('Ctrl Pts',(-76.000018808208,-2.25377377416127,22.6527646295138));
#4677=CARTESIAN_POINT('Ctrl Pts',(-76.000019723195,-2.24076065821167,22.675180302668));
#4678=CARTESIAN_POINT('Ctrl Pts',(-76.0000191099716,-2.22851777920005,22.6980775091013));
#4679=CARTESIAN_POINT('Ctrl Pts',(-76.0000172760996,-2.21707854716067,22.7214178278482));
#4680=CARTESIAN_POINT('Ctrl Pts',(-76.0000138948233,-2.19598699712069,22.7644524912859));
#4681=CARTESIAN_POINT('Ctrl Pts',(-76.000004848402,-2.17776596211249,22.808704592938));
#4682=CARTESIAN_POINT('Ctrl Pts',(-75.9999991546111,-2.16254770908686,22.8538978012598));
#4683=CARTESIAN_POINT('Ctrl Pts',(-75.9999961498846,-2.15451673492603,22.8777471542484));
#4684=CARTESIAN_POINT('Ctrl Pts',(-75.9999941783338,-2.14732272294369,22.9018590794831));
#4685=CARTESIAN_POINT('Ctrl Pts',(-75.9999952966145,-2.14099040641646,22.9261953689647));
#4686=CARTESIAN_POINT('Ctrl Pts',(-75.9999974152827,-2.12899334847279,22.9723023305779));
#4687=CARTESIAN_POINT('Ctrl Pts',(-76.0000102113518,-2.12008616396661,23.0192146251167));
#4688=CARTESIAN_POINT('Ctrl Pts',(-76.0000203452501,-2.11427820488808,23.0666324650157));
#4689=CARTESIAN_POINT('Ctrl Pts',(-76.000024825708,-2.1117103563381,23.0875971153828));
#4690=CARTESIAN_POINT('Ctrl Pts',(-76.0000288764619,-2.10974900479697,23.1086606273755));
#4691=CARTESIAN_POINT('Ctrl Pts',(-76.0000317755724,-2.10839817932002,23.1297968810581));
#4692=CARTESIAN_POINT('Ctrl Pts',(-76.0000383098986,-2.10535354398105,23.1774360365179));
#4693=CARTESIAN_POINT('Ctrl Pts',(-76.0000383165647,-2.10542790389329,23.2251171228789));
#4694=CARTESIAN_POINT('Ctrl Pts',(-76.0000329613964,-2.10857570879421,23.2725374401191));
#4695=CARTESIAN_POINT('Ctrl Pts',(-76.000027611311,-2.11172052596731,23.319912748534));
#4696=CARTESIAN_POINT('Ctrl Pts',(-76.0000169129983,-2.11793299379476,23.3670289080977));
#4697=CARTESIAN_POINT('Ctrl Pts',(-76.0000087408931,-2.12721836597163,23.4135865683901));
#4698=CARTESIAN_POINT('Ctrl Pts',(-76.0000036423859,-2.13301143107368,23.4426334985439));
#4699=CARTESIAN_POINT('Ctrl Pts',(-75.9999996598945,-2.14000159468183,23.4714630255568));
#4700=CARTESIAN_POINT('Ctrl Pts',(-76.000000023184,-2.14820008301521,23.5));
#4701=CARTESIAN_POINT('Ctrl Pts',(-76.0001618252369,-4.291211020837,23.5));
#4702=CARTESIAN_POINT('Ctrl Pts',(-76.0001628450779,-4.30435450514243,23.4541648720063));
#4703=CARTESIAN_POINT('Ctrl Pts',(-76.0001535552508,-4.31441209223053,23.4074906783));
#4704=CARTESIAN_POINT('Ctrl Pts',(-76.0001461128707,-4.32138785400904,23.3602822298361));
#4705=CARTESIAN_POINT('Ctrl Pts',(-76.0001399500089,-4.32716432002053,23.321190012145));
#4706=CARTESIAN_POINT('Ctrl Pts',(-76.0001348930946,-4.33082664218973,23.28173084446));
#4707=CARTESIAN_POINT('Ctrl Pts',(-76.000133105594,-4.33235049712941,23.2420776828166));
#4708=CARTESIAN_POINT('Ctrl Pts',(-76.0001324718997,-4.33289072536288,23.2280200734549));
#4709=CARTESIAN_POINT('Ctrl Pts',(-76.0001323218336,-4.33316087696236,23.2139660812967));
#4710=CARTESIAN_POINT('Ctrl Pts',(-76.0001325152654,-4.33316236473921,23.199923583727));
#4711=CARTESIAN_POINT('Ctrl Pts',(-63.9945559997698,-5.67507328135746,23.5000000000075));
#4712=CARTESIAN_POINT('Ctrl Pts',(-64.4359208425254,-5.61695567852125,23.5000000000075));
#4713=CARTESIAN_POINT('Ctrl Pts',(-65.4773542524267,-5.50833500901506,23.5000000000075));
#4714=CARTESIAN_POINT('Ctrl Pts',(-66.85147258411,-5.41473873427533,23.5000000000075));
#4715=CARTESIAN_POINT('Ctrl Pts',(-67.6806726042012,-5.34526405893918,23.5000000000075));
#4716=CARTESIAN_POINT('Ctrl Pts',(-64.0014453996664,-5.72739372737875,23.3138375843302));
#4717=CARTESIAN_POINT('Ctrl Pts',(-64.4418998355576,-5.66939600419638,23.3138375843302));
#4718=CARTESIAN_POINT('Ctrl Pts',(-65.4811760009188,-5.56097941619765,23.3138375843302));
#4719=CARTESIAN_POINT('Ctrl Pts',(-66.8553450999126,-5.46737126427364,23.3138375843302));
#4720=CARTESIAN_POINT('Ctrl Pts',(-67.6850786847516,-5.3978518841175,23.3138375843302));
#4721=CARTESIAN_POINT('Ctrl Pts',(-64.0020837579148,-5.73224163703403,22.913272344646));
#4722=CARTESIAN_POINT('Ctrl Pts',(-64.4424604797334,-5.67425414700839,22.913272344646));
#4723=CARTESIAN_POINT('Ctrl Pts',(-65.4815460437235,-5.56585567489208,22.913272344646));
#4724=CARTESIAN_POINT('Ctrl Pts',(-66.8557078125649,-5.4722477648449,22.913272344646));
#4725=CARTESIAN_POINT('Ctrl Pts',(-67.6854869435121,-5.40272456859976,22.913272344646));
#4726=CARTESIAN_POINT('Ctrl Pts',(-63.9634472039131,-5.4388225049743,22.3899631101695));
#4727=CARTESIAN_POINT('Ctrl Pts',(-64.4088973770677,-5.38016695804608,22.3899631101695));
#4728=CARTESIAN_POINT('Ctrl Pts',(-65.4600359878695,-5.27062782363472,22.3899631101695));
#4729=CARTESIAN_POINT('Ctrl Pts',(-66.8339714136937,-5.17708001157209,22.3899631101695));
#4730=CARTESIAN_POINT('Ctrl Pts',(-67.6607771325454,-5.10780594320318,22.3899631101695));
#4731=CARTESIAN_POINT('Ctrl Pts',(-63.8956157017413,-4.92368700679674,22.0878346357751));
#4732=CARTESIAN_POINT('Ctrl Pts',(-64.3499727670546,-4.86385862694021,22.0878346357751));
#4733=CARTESIAN_POINT('Ctrl Pts',(-65.4222717743437,-4.75231693670514,22.0878346357751));
#4734=CARTESIAN_POINT('Ctrl Pts',(-66.7958102102862,-4.65887459156131,22.0878346357751));
#4735=CARTESIAN_POINT('Ctrl Pts',(-67.6173958414455,-4.59003788919441,22.0878346357751));
#4736=CARTESIAN_POINT('Ctrl Pts',(-63.8171512264459,-4.32780109425688,22.0871939726637));
#4737=CARTESIAN_POINT('Ctrl Pts',(-64.2818113656703,-4.26661603643338,22.0871939726637));
#4738=CARTESIAN_POINT('Ctrl Pts',(-65.3785877479668,-4.15275788126698,22.0871939726637));
#4739=CARTESIAN_POINT('Ctrl Pts',(-66.7516670073948,-4.05943753069612,22.0871939726637));
#4740=CARTESIAN_POINT('Ctrl Pts',(-67.5672142866395,-3.99110675274874,22.0871939726637));
#4741=CARTESIAN_POINT('Ctrl Pts',(-63.7493797455563,-3.81312141810989,22.3903795960766));
#4742=CARTESIAN_POINT('Ctrl Pts',(-64.2229455020808,-3.75076369522764,22.3903795960766));
#4743=CARTESIAN_POINT('Ctrl Pts',(-65.3408727913148,-3.63490396660484,22.3903795960766));
#4744=CARTESIAN_POINT('Ctrl Pts',(-66.7135434431321,-3.54169032475627,22.3903795960766));
#4745=CARTESIAN_POINT('Ctrl Pts',(-67.5238713818443,-3.47379685020998,22.3903795960766));
#4746=CARTESIAN_POINT('Ctrl Pts',(-63.7106707193216,-3.51915190726431,22.9130886742171));
#4747=CARTESIAN_POINT('Ctrl Pts',(-64.1893119732623,-3.45612585805776,22.9130886742171));
#4748=CARTESIAN_POINT('Ctrl Pts',(-65.3193044757338,-3.3391242204195,22.9130886742171));
#4749=CARTESIAN_POINT('Ctrl Pts',(-66.6917618941662,-3.24596927956281,22.9130886742171));
#4750=CARTESIAN_POINT('Ctrl Pts',(-67.4991152216308,-3.17832503336392,22.9130886742171));
#4751=CARTESIAN_POINT('Ctrl Pts',(-63.7113441618919,-3.524266259193,23.3138375843236));
#4752=CARTESIAN_POINT('Ctrl Pts',(-64.189906382698,-3.46125061683332,23.3138375843236));
#4753=CARTESIAN_POINT('Ctrl Pts',(-65.3197019347189,-3.34426773789099,23.3138375843236));
#4754=CARTESIAN_POINT('Ctrl Pts',(-66.6921462717511,-3.2511136488094,23.3138375843236));
#4755=CARTESIAN_POINT('Ctrl Pts',(-67.4995459183904,-3.18346552175,23.3138375843236));
#4756=CARTESIAN_POINT('Ctrl Pts',(-63.7182335617885,-3.57658670521318,23.5000000000011));
#4757=CARTESIAN_POINT('Ctrl Pts',(-64.1958856935897,-3.51369090065254,23.5000000000011));
#4758=CARTESIAN_POINT('Ctrl Pts',(-65.3235244453685,-3.39691206522684,23.5000000000011));
#4759=CARTESIAN_POINT('Ctrl Pts',(-66.6960189738425,-3.30374616319834,23.5000000000011));
#4760=CARTESIAN_POINT('Ctrl Pts',(-67.5039519989407,-3.23605334692721,23.5000000000011));
#4761=CARTESIAN_POINT('',(-64.0000000000008,-5.71641586382191,23.2));
#4762=CARTESIAN_POINT('Ctrl Pts',(-63.9999700496532,-5.71618841069465,23.1999414720743));
#4763=CARTESIAN_POINT('Ctrl Pts',(-63.9999700072839,-5.7161819906145,23.2477490985245));
#4764=CARTESIAN_POINT('Ctrl Pts',(-63.9999754822838,-5.71307463611117,23.2954508296064));
#4765=CARTESIAN_POINT('Ctrl Pts',(-63.9999825792242,-5.7068858503537,23.3427432756397));
#4766=CARTESIAN_POINT('Ctrl Pts',(-63.999989603399,-5.70076051874486,23.3895508281871));
#4767=CARTESIAN_POINT('Ctrl Pts',(-63.9999982071974,-5.69161652313989,23.4359585426696));
#4768=CARTESIAN_POINT('Ctrl Pts',(-63.9999997630097,-5.67942287356726,23.481666330993));
#4769=CARTESIAN_POINT('Ctrl Pts',(-63.9999999714619,-5.6777891337225,23.4877903904515));
#4770=CARTESIAN_POINT('Ctrl Pts',(-64.0000000463153,-5.67610057542655,23.493901862268));
#4771=CARTESIAN_POINT('Ctrl Pts',(-63.9999999602523,-5.67435705644281,23.5));
#4772=CARTESIAN_POINT('',(-64.,-3.54094865120656,23.5));
#4773=CARTESIAN_POINT('Ctrl Pts',(-63.9997370106744,-3.54105685363613,23.5));
#4774=CARTESIAN_POINT('Ctrl Pts',(-63.9997347084992,-3.52796288173263,23.4541409852127));
#4775=CARTESIAN_POINT('Ctrl Pts',(-63.9997398191118,-3.517938754401,23.4074448405075));
#4776=CARTESIAN_POINT('Ctrl Pts',(-63.9997431792861,-3.51098165459752,23.3602190243774));
#4777=CARTESIAN_POINT('Ctrl Pts',(-63.9997459845904,-3.50517338986979,23.3207916696152));
#4778=CARTESIAN_POINT('Ctrl Pts',(-63.9997477021575,-3.50150374259556,23.2809944956196));
#4779=CARTESIAN_POINT('Ctrl Pts',(-63.9997471437171,-3.49999858733375,23.2410059901553));
#4780=CARTESIAN_POINT('Ctrl Pts',(-63.9997464768777,-3.49820126603216,23.1932553065463));
#4781=CARTESIAN_POINT('Ctrl Pts',(-63.9997426936885,-3.49950083413632,23.1455473022602));
#4782=CARTESIAN_POINT('Ctrl Pts',(-63.9997366756673,-3.50386672523981,23.0981882648701));
#4783=CARTESIAN_POINT('Ctrl Pts',(-63.9997306664846,-3.50822620423721,23.0508987828501));
#4784=CARTESIAN_POINT('Ctrl Pts',(-63.9997224321783,-3.51564301692759,23.0039561122827));
#4785=CARTESIAN_POINT('Ctrl Pts',(-63.9997204955307,-3.52613732785736,22.9576644476837));
#4786=CARTESIAN_POINT('Ctrl Pts',(-63.9997200546974,-3.52852611694504,22.9471272124155));
#4787=CARTESIAN_POINT('Ctrl Pts',(-63.9997199714603,-3.53107457104377,22.9366237450598));
#4788=CARTESIAN_POINT('Ctrl Pts',(-63.9997204017696,-3.53378329509023,22.9261577220536));
#4789=CARTESIAN_POINT('Ctrl Pts',(-63.9997218260217,-3.54274872101042,22.8915169272248));
#4790=CARTESIAN_POINT('Ctrl Pts',(-63.9997287115022,-3.55346881901289,22.857285747994));
#4791=CARTESIAN_POINT('Ctrl Pts',(-63.9997373736114,-3.56588669919742,22.82357821988));
#4792=CARTESIAN_POINT('Ctrl Pts',(-63.999748829283,-3.58230939179365,22.7789998889436));
#4793=CARTESIAN_POINT('Ctrl Pts',(-63.9997628428985,-3.60159284027726,22.7356266443907));
#4794=CARTESIAN_POINT('Ctrl Pts',(-63.9997732478872,-3.62353533602474,22.6936951592721));
#4795=CARTESIAN_POINT('Ctrl Pts',(-63.999783726017,-3.64563207497962,22.6514689197723));
#4796=CARTESIAN_POINT('Ctrl Pts',(-63.9997906176116,-3.67042590226466,22.6107037927027));
#4797=CARTESIAN_POINT('Ctrl Pts',(-63.9997944503133,-3.69775969150737,22.5716590542911));
#4798=CARTESIAN_POINT('Ctrl Pts',(-63.9997982406843,-3.72479158982706,22.5330455496179));
#4799=CARTESIAN_POINT('Ctrl Pts',(-63.9997991217722,-3.75430826196661,22.4961137456117));
#4800=CARTESIAN_POINT('Ctrl Pts',(-63.9998030690244,-3.78619669120698,22.4611454890517));
#4801=CARTESIAN_POINT('Ctrl Pts',(-63.9998043827102,-3.79680948565735,22.4495076966612));
#4802=CARTESIAN_POINT('Ctrl Pts',(-63.9998060367786,-3.80766312391106,22.4381120028061));
#4803=CARTESIAN_POINT('Ctrl Pts',(-63.9998083198195,-3.81875114658817,22.4269668385312));
#4804=CARTESIAN_POINT('Ctrl Pts',(-63.9998152071161,-3.85220061253121,22.3933449923555));
#4805=CARTESIAN_POINT('Ctrl Pts',(-63.9998274535897,-3.88777997938443,22.3620006188262));
#4806=CARTESIAN_POINT('Ctrl Pts',(-63.9998391024895,-3.92519882077726,22.3330468551257));
#4807=CARTESIAN_POINT('Ctrl Pts',(-63.9998508843584,-3.96304478842147,22.3037625918133));
#4808=CARTESIAN_POINT('Ctrl Pts',(-63.9998621792998,-4.00277337452587,22.276923179685));
#4809=CARTESIAN_POINT('Ctrl Pts',(-63.9998708152999,-4.0441194683106,22.2526845922562));
#4810=CARTESIAN_POINT('Ctrl Pts',(-63.9998766429389,-4.07202012918627,22.2363282077456));
#4811=CARTESIAN_POINT('Ctrl Pts',(-63.99988134096,-4.10065806912127,22.2211569603684));
#4812=CARTESIAN_POINT('Ctrl Pts',(-63.9998848143247,-4.12995756617334,22.2072309156889));
#4813=CARTESIAN_POINT('Ctrl Pts',(-63.9998899757922,-4.17349701980836,22.1865366226925));
#4814=CARTESIAN_POINT('Ctrl Pts',(-63.9998919663342,-4.21822781397424,22.1687176513808));
#4815=CARTESIAN_POINT('Ctrl Pts',(-63.9998944244732,-4.26387183265176,22.1539065835533));
#4816=CARTESIAN_POINT('Ctrl Pts',(-63.9998953916929,-4.28183167711321,22.1480787778035));
#4817=CARTESIAN_POINT('Ctrl Pts',(-63.9998964583391,-4.29993323131858,22.1427171374107));
#4818=CARTESIAN_POINT('Ctrl Pts',(-63.9998979246551,-4.31816059806762,22.1378316870844));
#4819=CARTESIAN_POINT('Ctrl Pts',(-63.9999016513776,-4.36448645255008,22.1254150465452));
#4820=CARTESIAN_POINT('Ctrl Pts',(-63.9999079945001,-4.41162443326164,22.1160706581228));
#4821=CARTESIAN_POINT('Ctrl Pts',(-63.9999150491307,-4.45926677698689,22.1097833227391));
#4822=CARTESIAN_POINT('Ctrl Pts',(-63.9999193696292,-4.48844458786911,22.1059327421749));
#4823=CARTESIAN_POINT('Ctrl Pts',(-63.9999239602862,-4.51781182289844,22.1032298037909));
#4824=CARTESIAN_POINT('Ctrl Pts',(-63.9999281345304,-4.5472980253049,22.1016806547301));
#4825=CARTESIAN_POINT('Ctrl Pts',(-63.9999349367679,-4.59534795782809,22.0991562025537));
#4826=CARTESIAN_POINT('Ctrl Pts',(-63.9999407338918,-4.64342515286166,22.0997080652599));
#4827=CARTESIAN_POINT('Ctrl Pts',(-63.9999463792828,-4.69122139219619,22.103294340306));
#4828=CARTESIAN_POINT('Ctrl Pts',(-63.999952015396,-4.73893908204985,22.106874721582));
#4829=CARTESIAN_POINT('Ctrl Pts',(-63.999957639072,-4.78637785911557,22.1134795966115));
#4830=CARTESIAN_POINT('Ctrl Pts',(-63.999962484883,-4.8332319527598,22.1231183396761));
#4831=CARTESIAN_POINT('Ctrl Pts',(-63.9999646788771,-4.85444565758686,22.1274823863232));
#4832=CARTESIAN_POINT('Ctrl Pts',(-63.9999666787818,-4.87553941699693,22.1324690431851));
#4833=CARTESIAN_POINT('Ctrl Pts',(-63.9999681871876,-4.89648397002976,22.1380826043222));
#4834=CARTESIAN_POINT('Ctrl Pts',(-63.9999700984413,-4.92302215536134,22.1451953713312));
#4835=CARTESIAN_POINT('Ctrl Pts',(-63.9999712397848,-4.94932091202793,22.1533144958181));
#4836=CARTESIAN_POINT('Ctrl Pts',(-63.9999718173299,-4.97532827189363,22.1624169148624));
#4837=CARTESIAN_POINT('Ctrl Pts',(-63.9999728223517,-5.02058528022914,22.1782565947334));
#4838=CARTESIAN_POINT('Ctrl Pts',(-63.9999730786684,-5.06468769166327,22.1969753695481));
#4839=CARTESIAN_POINT('Ctrl Pts',(-63.9999756572874,-5.10738606593396,22.2183852307702));
#4840=CARTESIAN_POINT('Ctrl Pts',(-63.9999782682052,-5.15061926194526,22.2400632628405));
#4841=CARTESIAN_POINT('Ctrl Pts',(-63.9999833861782,-5.19241408399047,22.2645007067924));
#4842=CARTESIAN_POINT('Ctrl Pts',(-63.9999903230403,-5.23249065270305,22.2915517489935));
#4843=CARTESIAN_POINT('Ctrl Pts',(-63.9999972599024,-5.27256722141563,22.3186027911946));
#4844=CARTESIAN_POINT('Ctrl Pts',(-64.0000061385244,-5.31092659325126,22.3482680027069));
#4845=CARTESIAN_POINT('Ctrl Pts',(-64.0000105551117,-5.34725223437801,22.3804424828182));
#4846=CARTESIAN_POINT('Ctrl Pts',(-64.000012609712,-5.36415095419798,22.3954100789264));
#4847=CARTESIAN_POINT('Ctrl Pts',(-64.0000138846234,-5.38055896077512,22.4108770413155));
#4848=CARTESIAN_POINT('Ctrl Pts',(-64.0000134898048,-5.39644969301236,22.4268265701832));
#4849=CARTESIAN_POINT('Ctrl Pts',(-64.0000126554821,-5.43002967196028,22.4605307969998));
#4850=CARTESIAN_POINT('Ctrl Pts',(-64.0000046680422,-5.46130228047156,22.4963875429997));
#4851=CARTESIAN_POINT('Ctrl Pts',(-63.9999977960638,-5.49014424580664,22.5341130174707));
#4852=CARTESIAN_POINT('Ctrl Pts',(-63.9999909059713,-5.51906223687534,22.5719379340858));
#4853=CARTESIAN_POINT('Ctrl Pts',(-63.9999851990577,-5.54553732411026,22.6116424196072));
#4854=CARTESIAN_POINT('Ctrl Pts',(-63.9999839617734,-5.56940341631182,22.6529701803893));
#4855=CARTESIAN_POINT('Ctrl Pts',(-63.9999832966339,-5.58223335470244,22.6751871659008));
#4856=CARTESIAN_POINT('Ctrl Pts',(-63.9999838313138,-5.59430854713303,22.6978736868869));
#4857=CARTESIAN_POINT('Ctrl Pts',(-63.9999853794202,-5.60559730955575,22.7209919590872));
#4858=CARTESIAN_POINT('Ctrl Pts',(-63.999988263485,-5.62662785529703,22.7640604428378));
#4859=CARTESIAN_POINT('Ctrl Pts',(-63.9999959781493,-5.6447937246832,22.8083437196902));
#4860=CARTESIAN_POINT('Ctrl Pts',(-64.0000008415777,-5.659964892678,22.8535632376118));
#4861=CARTESIAN_POINT('Ctrl Pts',(-64.0000034185506,-5.66800360196101,22.8775235917925));
#4862=CARTESIAN_POINT('Ctrl Pts',(-64.0000051219357,-5.67520079662036,22.9017473046151));
#4863=CARTESIAN_POINT('Ctrl Pts',(-64.000004263537,-5.68153178103029,22.926195448821));
#4864=CARTESIAN_POINT('Ctrl Pts',(-64.0000026437089,-5.6934785685678,22.9723299463338));
#4865=CARTESIAN_POINT('Ctrl Pts',(-63.9999922074169,-5.70234399389665,23.0192635752243));
#4866=CARTESIAN_POINT('Ctrl Pts',(-63.999983923449,-5.70812244496339,23.0666954583742));
#4867=CARTESIAN_POINT('Ctrl Pts',(-63.9999802210513,-5.71070503880692,23.0878944419765));
#4868=CARTESIAN_POINT('Ctrl Pts',(-63.9999768802593,-5.71267031651328,23.109193003657));
#4869=CARTESIAN_POINT('Ctrl Pts',(-63.9999745502015,-5.71401442470178,23.1305641086712));
#4870=CARTESIAN_POINT('Ctrl Pts',(-63.9999720286791,-5.71546898037794,23.1536913110573));
#4871=CARTESIAN_POINT('Ctrl Pts',(-63.9999703214115,-5.71619148141076,23.17682875993));
#4872=CARTESIAN_POINT('Ctrl Pts',(-63.9999700496532,-5.71618841069465,23.1999414720743));
#4873=CARTESIAN_POINT('',(-67.5,-3.23638436783896,23.5));
#4874=CARTESIAN_POINT('Ctrl Pts',(-67.5000001420453,-3.23638435460972,23.5));
#4875=CARTESIAN_POINT('Ctrl Pts',(-66.6934616141083,-3.30391979351802,23.5));
#4876=CARTESIAN_POINT('Ctrl Pts',(-65.9105879645743,-3.35708319826084,23.5));
#4877=CARTESIAN_POINT('Ctrl Pts',(-65.2074067051196,-3.41793182540111,23.5));
#4878=CARTESIAN_POINT('Ctrl Pts',(-64.7825860997728,-3.45469297378025,23.5));
#4879=CARTESIAN_POINT('Ctrl Pts',(-64.3868521255592,-3.494259123099,23.5));
#4880=CARTESIAN_POINT('Ctrl Pts',(-63.9997370106743,-3.54105685363613,23.5));
#4881=CARTESIAN_POINT('',(-67.5000000000006,-5.40204917905717,23.2));
#4882=CARTESIAN_POINT('Ctrl Pts',(-67.5002491529067,-5.40180384377753,23.1999414720743));
#4883=CARTESIAN_POINT('Ctrl Pts',(-67.5002496180316,-5.40181020194458,23.1521011826413));
#4884=CARTESIAN_POINT('Ctrl Pts',(-67.50025274182,-5.39872814581567,23.1043889074846));
#4885=CARTESIAN_POINT('Ctrl Pts',(-67.500256267704,-5.39257703307527,23.0571083064479));
#4886=CARTESIAN_POINT('Ctrl Pts',(-67.5002595560565,-5.38684030813671,23.0130129021649));
#4887=CARTESIAN_POINT('Ctrl Pts',(-67.500263152139,-5.37843362096472,22.9692921103555));
#4888=CARTESIAN_POINT('Ctrl Pts',(-67.5002617256693,-5.36733208686487,22.926195448821));
#4889=CARTESIAN_POINT('Ctrl Pts',(-67.5002605489344,-5.35817412039225,22.8906438054296));
#4890=CARTESIAN_POINT('Ctrl Pts',(-67.5002558784133,-5.34718141248382,22.8555167761426));
#4891=CARTESIAN_POINT('Ctrl Pts',(-67.5002505871288,-5.33441271598393,22.8209406096823));
#4892=CARTESIAN_POINT('Ctrl Pts',(-67.5002437500458,-5.31791376588339,22.7762633440661));
#4893=CARTESIAN_POINT('Ctrl Pts',(-67.5002360152093,-5.29855683778121,22.7327907342805));
#4894=CARTESIAN_POINT('Ctrl Pts',(-67.5002305854472,-5.27653647907395,22.6907693768024));
#4895=CARTESIAN_POINT('Ctrl Pts',(-67.5002251428432,-5.25446404013404,22.6486486348362));
#4896=CARTESIAN_POINT('Ctrl Pts',(-67.5002219704149,-5.22971500895379,22.6079850277434));
#4897=CARTESIAN_POINT('Ctrl Pts',(-67.5002202184174,-5.20243718766787,22.5690453435968));
#4898=CARTESIAN_POINT('Ctrl Pts',(-67.5002184702698,-5.17521930900866,22.5301912288556));
#4899=CARTESIAN_POINT('Ctrl Pts',(-67.5002180909486,-5.14548319406024,22.4930524856652));
#4900=CARTESIAN_POINT('Ctrl Pts',(-67.5002148701467,-5.11333606621248,22.4579272234929));
#4901=CARTESIAN_POINT('Ctrl Pts',(-67.5002139007719,-5.10366064384372,22.4473554626519));
#4902=CARTESIAN_POINT('Ctrl Pts',(-67.5002126428702,-5.09378486584426,22.436986363691));
#4903=CARTESIAN_POINT('Ctrl Pts',(-67.5002109392,-5.08371339004469,22.4268265701832));
#4904=CARTESIAN_POINT('Ctrl Pts',(-67.500205302399,-5.05039068350281,22.3932116537276));
#4905=CARTESIAN_POINT('Ctrl Pts',(-67.5001950432052,-5.01492884960672,22.3618854028501));
#4906=CARTESIAN_POINT('Ctrl Pts',(-67.5001845611516,-4.97761970098109,22.3329543502299));
#4907=CARTESIAN_POINT('Ctrl Pts',(-67.5001739586657,-4.93988189369045,22.3036908980012));
#4908=CARTESIAN_POINT('Ctrl Pts',(-67.5001630505997,-4.90025315536896,22.2768773755286));
#4909=CARTESIAN_POINT('Ctrl Pts',(-67.5001535831186,-4.8590006787836,22.2526636236251));
#4910=CARTESIAN_POINT('Ctrl Pts',(-67.5001469271194,-4.82999861886391,22.2356404351595));
#4911=CARTESIAN_POINT('Ctrl Pts',(-67.5001409226781,-4.80019325758782,22.2199030280497));
#4912=CARTESIAN_POINT('Ctrl Pts',(-67.5001356781189,-4.76967110334251,22.2055175518136));
#4913=CARTESIAN_POINT('Ctrl Pts',(-67.5001282082593,-4.72619820250485,22.185028225376));
#4914=CARTESIAN_POINT('Ctrl Pts',(-67.5001222778829,-4.68154371677312,22.1674075939803));
#4915=CARTESIAN_POINT('Ctrl Pts',(-67.5001163604307,-4.63598712077958,22.1527818914661));
#4916=CARTESIAN_POINT('Ctrl Pts',(-67.5001142180106,-4.61949330439988,22.1474866395616));
#4917=CARTESIAN_POINT('Ctrl Pts',(-67.5001120567943,-4.60288096912681,22.1425843822378));
#4918=CARTESIAN_POINT('Ctrl Pts',(-67.5001097465133,-4.58616260402863,22.1380826043222));
#4919=CARTESIAN_POINT('Ctrl Pts',(-67.5001033635257,-4.53997206874061,22.1256448132794));
#4920=CARTESIAN_POINT('Ctrl Pts',(-67.500095870995,-4.4929727177584,22.1162602635169));
#4921=CARTESIAN_POINT('Ctrl Pts',(-67.5000883151602,-4.44547214220486,22.1099271785528));
#4922=CARTESIAN_POINT('Ctrl Pts',(-67.5000835250253,-4.41535843896098,22.1059122242284));
#4923=CARTESIAN_POINT('Ctrl Pts',(-67.5000786923019,-4.38504302506778,22.1031247242005));
#4924=CARTESIAN_POINT('Ctrl Pts',(-67.500074125968,-4.35460416715415,22.1015750777657));
#4925=CARTESIAN_POINT('Ctrl Pts',(-67.5000669384078,-4.30669240075907,22.0991358831616));
#4926=CARTESIAN_POINT('Ctrl Pts',(-67.5000602532751,-4.25877094493847,22.0997760326358));
#4927=CARTESIAN_POINT('Ctrl Pts',(-67.5000544012518,-4.21114758735046,22.1034648584276));
#4928=CARTESIAN_POINT('Ctrl Pts',(-67.5000485718574,-4.1637083809845,22.1071394201731));
#4929=CARTESIAN_POINT('Ctrl Pts',(-67.5000434761029,-4.11656384910629,22.1138391603062));
#4930=CARTESIAN_POINT('Ctrl Pts',(-67.5000396680436,-4.07001749764493,22.1235846319592));
#4931=CARTESIAN_POINT('Ctrl Pts',(-67.5000380326819,-4.05002828123338,22.1277698008454));
#4932=CARTESIAN_POINT('Ctrl Pts',(-67.5000366458501,-4.03014947408371,22.1325173157683));
#4933=CARTESIAN_POINT('Ctrl Pts',(-67.5000356295769,-4.01040585908416,22.1378316870844));
#4934=CARTESIAN_POINT('Ctrl Pts',(-67.5000342461705,-3.98352977337412,22.1450658992077));
#4935=CARTESIAN_POINT('Ctrl Pts',(-67.5000335367302,-3.95690406039948,22.1533503419636));
#4936=CARTESIAN_POINT('Ctrl Pts',(-67.5000331087834,-3.930582462997,22.16265855819));
#4937=CARTESIAN_POINT('Ctrl Pts',(-67.5000323780548,-3.88563775676784,22.178552542032));
#4938=CARTESIAN_POINT('Ctrl Pts',(-67.5000320578501,-3.84185635768369,22.1973304422187));
#4939=CARTESIAN_POINT('Ctrl Pts',(-67.500030493118,-3.79948017397039,22.2187916088806));
#4940=CARTESIAN_POINT('Ctrl Pts',(-67.5000289133391,-3.75669649144551,22.2404591508965));
#4941=CARTESIAN_POINT('Ctrl Pts',(-67.5000259817326,-3.71534416472976,22.2648623446191));
#4942=CARTESIAN_POINT('Ctrl Pts',(-67.500021848737,-3.67569195324947,22.2918438221778));
#4943=CARTESIAN_POINT('Ctrl Pts',(-67.5000177157414,-3.63603974176917,22.3188252997364));
#4944=CARTESIAN_POINT('Ctrl Pts',(-67.5000122983984,-3.59808662656955,22.3483856484675));
#4945=CARTESIAN_POINT('Ctrl Pts',(-67.5000088372787,-3.56213632232934,22.3804078643374));
#4946=CARTESIAN_POINT('Ctrl Pts',(-67.5000072130069,-3.54526517303639,22.3954355976501));
#4947=CARTESIAN_POINT('Ctrl Pts',(-67.5000059838452,-3.52888587786321,22.410961390766));
#4948=CARTESIAN_POINT('Ctrl Pts',(-67.5000056888061,-3.51302444682424,22.4269668385312));
#4949=CARTESIAN_POINT('Ctrl Pts',(-67.5000050663841,-3.47956277552832,22.4607323311118));
#4950=CARTESIAN_POINT('Ctrl Pts',(-67.5000083976912,-3.44840337425506,22.4966300864507));
#4951=CARTESIAN_POINT('Ctrl Pts',(-67.5000106483632,-3.41966960470749,22.5343780923593));
#4952=CARTESIAN_POINT('Ctrl Pts',(-67.500012906999,-3.39083416240224,22.572259667372));
#4953=CARTESIAN_POINT('Ctrl Pts',(-67.5000140303133,-3.36444095801393,22.6120055686919));
#4954=CARTESIAN_POINT('Ctrl Pts',(-67.5000123189095,-3.34065604816966,22.6533615818437));
#4955=CARTESIAN_POINT('Ctrl Pts',(-67.5000114104834,-3.32803083728374,22.6753136678873));
#4956=CARTESIAN_POINT('Ctrl Pts',(-67.5000097646532,-3.31614128068512,22.6977198451117));
#4957=CARTESIAN_POINT('Ctrl Pts',(-67.500007583874,-3.30501781740595,22.7205441860518));
#4958=CARTESIAN_POINT('Ctrl Pts',(-67.5000034679579,-3.28402383380053,22.7636219422754));
#4959=CARTESIAN_POINT('Ctrl Pts',(-67.4999969446283,-3.26589083619423,22.8079113399977));
#4960=CARTESIAN_POINT('Ctrl Pts',(-67.4999926710359,-3.25075122372246,22.8531378381196));
#4961=CARTESIAN_POINT('Ctrl Pts',(-67.4999903950185,-3.242688212993,22.8772244348072));
#4962=CARTESIAN_POINT('Ctrl Pts',(-67.4999888136825,-3.23547496301575,22.9015773426357));
#4963=CARTESIAN_POINT('Ctrl Pts',(-67.4999890557375,-3.2291368934651,22.9261577220536));
#4964=CARTESIAN_POINT('Ctrl Pts',(-67.4999895101743,-3.21723772564328,22.9723052213009));
#4965=CARTESIAN_POINT('Ctrl Pts',(-67.4999961485453,-3.20842015408275,23.0192543914395));
#4966=CARTESIAN_POINT('Ctrl Pts',(-67.5000019090189,-3.2026815505172,23.0666996120443));
#4967=CARTESIAN_POINT('Ctrl Pts',(-67.5000045087241,-3.2000917152678,23.0881116687117));
#4968=CARTESIAN_POINT('Ctrl Pts',(-67.5000069842438,-3.19812968196682,23.1096248209282));
#4969=CARTESIAN_POINT('Ctrl Pts',(-67.5000089559427,-3.19679867604631,23.1312108468656));
#4970=CARTESIAN_POINT('Ctrl Pts',(-67.5000133090562,-3.19386008357109,23.1788684360708));
#4971=CARTESIAN_POINT('Ctrl Pts',(-67.5000148662961,-3.19401281384235,23.2265739126051));
#4972=CARTESIAN_POINT('Ctrl Pts',(-67.5000134432712,-3.19721002120689,23.2740204307642));
#4973=CARTESIAN_POINT('Ctrl Pts',(-67.5000120218346,-3.20040366011023,23.3214139930028));
#4974=CARTESIAN_POINT('Ctrl Pts',(-67.5000076303206,-3.20663503325416,23.3685503064216));
#4975=CARTESIAN_POINT('Ctrl Pts',(-67.5000040338157,-3.21590841315675,23.4151254137992));
#4976=CARTESIAN_POINT('Ctrl Pts',(-67.5000018310397,-3.22158814354002,23.4436515882098));
#4977=CARTESIAN_POINT('Ctrl Pts',(-67.5000000032723,-3.22841000564363,23.4719672049059));
#4978=CARTESIAN_POINT('Ctrl Pts',(-67.5000001420453,-3.23638435460973,23.5));
#4979=CARTESIAN_POINT('Ctrl Pts',(-67.500258905538,-5.3601944738702,23.5));
#4980=CARTESIAN_POINT('Ctrl Pts',(-67.500261512661,-5.37324615591053,23.4541105769705));
#4981=CARTESIAN_POINT('Ctrl Pts',(-67.5002579734816,-5.38322589359438,23.4073939702635));
#4982=CARTESIAN_POINT('Ctrl Pts',(-67.5002548786457,-5.39014348802839,23.3601550754615));
#4983=CARTESIAN_POINT('Ctrl Pts',(-67.5002522732565,-5.39596706863096,23.3203869864128));
#4984=CARTESIAN_POINT('Ctrl Pts',(-67.5002499072405,-5.39961959582702,23.2802480872957));
#4985=CARTESIAN_POINT('Ctrl Pts',(-67.5002492539279,-5.40107840002456,23.2399195429399));
#4986=CARTESIAN_POINT('Ctrl Pts',(-67.5002490379615,-5.4015606389727,23.2265880795104));
#4987=CARTESIAN_POINT('Ctrl Pts',(-67.5002490109021,-5.40180207473731,23.2132598303214));
#4988=CARTESIAN_POINT('Ctrl Pts',(-67.5002491529067,-5.40180384377753,23.1999414720743));
#4989=CARTESIAN_POINT('Ctrl Pts',(-55.4926777219632,-7.04901736617939,23.5));
#4990=CARTESIAN_POINT('Ctrl Pts',(-56.8036020268491,-6.8151927271082,23.5));
#4991=CARTESIAN_POINT('Ctrl Pts',(-58.0912108231519,-6.62839774236988,23.5));
#4992=CARTESIAN_POINT('Ctrl Pts',(-59.326639383165,-6.43976358894578,23.5));
#4993=CARTESIAN_POINT('Ctrl Pts',(-55.5019442296374,-7.10096950509759,23.3138375843228));
#4994=CARTESIAN_POINT('Ctrl Pts',(-56.8118744092622,-6.86732218441123,23.3138375843228));
#4995=CARTESIAN_POINT('Ctrl Pts',(-58.0987667708711,-6.68062773413613,23.3138375843228));
#4996=CARTESIAN_POINT('Ctrl Pts',(-59.3346046918633,-6.4919310765218,23.3138375843228));
#4997=CARTESIAN_POINT('Ctrl Pts',(-55.5028036883499,-7.1057880106226,22.9131909492726));
#4998=CARTESIAN_POINT('Ctrl Pts',(-56.8126477068199,-6.87215605817744,22.9131909492726));
#4999=CARTESIAN_POINT('Ctrl Pts',(-58.099470065318,-6.68547163027787,22.9131909492726));
#5000=CARTESIAN_POINT('Ctrl Pts',(-59.3353434657573,-6.49676955540535,22.9131909492726));
#5001=CARTESIAN_POINT('Ctrl Pts',(-55.4508194153461,-6.81434119294237,22.3902267733556));
#5002=CARTESIAN_POINT('Ctrl Pts',(-56.7662079793353,-6.57972028076093,22.3902267733556));
#5003=CARTESIAN_POINT('Ctrl Pts',(-58.0570685347071,-6.39246812074039,22.3902267733556));
#5004=CARTESIAN_POINT('Ctrl Pts',(-59.2906588017513,-6.20411465116087,22.3902267733556));
#5005=CARTESIAN_POINT('Ctrl Pts',(-55.3596187182478,-6.30302976347314,22.0872255199258));
#5006=CARTESIAN_POINT('Ctrl Pts',(-56.6847372162007,-6.06667335955601,22.0872255199258));
#5007=CARTESIAN_POINT('Ctrl Pts',(-57.9826807927976,-5.8784254805413,22.0872255199258));
#5008=CARTESIAN_POINT('Ctrl Pts',(-59.21226446686,-5.69068376650938,22.0872255199258));
#5009=CARTESIAN_POINT('Ctrl Pts',(-55.2540949929099,-5.7114171052129,22.0878070063498));
#5010=CARTESIAN_POINT('Ctrl Pts',(-56.5904696659434,-5.47305297967084,22.0878070063498));
#5011=CARTESIAN_POINT('Ctrl Pts',(-57.8966097317307,-5.28365279186693,22.0878070063498));
#5012=CARTESIAN_POINT('Ctrl Pts',(-59.1215583371226,-5.09661879358888,22.0878070063498));
#5013=CARTESIAN_POINT('Ctrl Pts',(-55.1628528181886,-5.19987313385114,22.3899762350905));
#5014=CARTESIAN_POINT('Ctrl Pts',(-56.5089585762789,-4.95977331125725,22.3899762350905));
#5015=CARTESIAN_POINT('Ctrl Pts',(-57.8221868104652,-4.76937657348433,22.3899762350905));
#5016=CARTESIAN_POINT('Ctrl Pts',(-59.043128348878,-4.5829544031272,22.3899762350905));
#5017=CARTESIAN_POINT('Ctrl Pts',(-55.1108878288859,-4.90853442912457,22.9132750110029));
#5018=CARTESIAN_POINT('Ctrl Pts',(-56.4625363939431,-4.66744595689342,22.9132750110029));
#5019=CARTESIAN_POINT('Ctrl Pts',(-57.7798011398453,-4.47648173435232,22.9132750110029));
#5020=CARTESIAN_POINT('Ctrl Pts',(-58.9984602607642,-4.29040805997923,22.9132750110029));
#5021=CARTESIAN_POINT('Ctrl Pts',(-55.1117469139753,-4.91335083995373,23.3138375843233));
#5022=CARTESIAN_POINT('Ctrl Pts',(-56.463310618512,-4.67227750397456,23.3138375843233));
#5023=CARTESIAN_POINT('Ctrl Pts',(-57.7805046487084,-4.48132344533992,23.3138375843233));
#5024=CARTESIAN_POINT('Ctrl Pts',(-58.9991987134992,-4.29524443548414,23.3138375843233));
#5025=CARTESIAN_POINT('Ctrl Pts',(-55.1210134216495,-4.96530297887203,23.5000000000005));
#5026=CARTESIAN_POINT('Ctrl Pts',(-56.4715824668657,-4.72440705653585,23.5000000000005));
#5027=CARTESIAN_POINT('Ctrl Pts',(-57.7880603765125,-4.53355347068448,23.5000000000005));
#5028=CARTESIAN_POINT('Ctrl Pts',(-59.0071640221974,-4.34741192306024,23.5000000000005));
#5029=CARTESIAN_POINT('',(-55.5,-7.09006892531563,23.2));
#5030=CARTESIAN_POINT('Ctrl Pts',(-55.4999595738912,-7.08984227867651,23.1999250230641));
#5031=CARTESIAN_POINT('Ctrl Pts',(-55.4999589482964,-7.089836622609,23.2477220064424));
#5032=CARTESIAN_POINT('Ctrl Pts',(-55.4999655941917,-7.08670872241206,23.2954114927117));
#5033=CARTESIAN_POINT('Ctrl Pts',(-55.4999750909494,-7.08047989781961,23.3426887561371));
#5034=CARTESIAN_POINT('Ctrl Pts',(-55.4999844954193,-7.07431160380534,23.3895065877632));
#5035=CARTESIAN_POINT('Ctrl Pts',(-55.4999966804072,-7.06510226719242,23.4359212730636));
#5036=CARTESIAN_POINT('Ctrl Pts',(-55.4999992991222,-7.05282303803021,23.4816312256504));
#5037=CARTESIAN_POINT('Ctrl Pts',(-55.4999996506467,-7.0511747297734,23.4877671232114));
#5038=CARTESIAN_POINT('Ctrl Pts',(-55.4999998179922,-7.04947103197114,23.4938902993339));
#5039=CARTESIAN_POINT('Ctrl Pts',(-55.4999997603115,-7.04771180722253,23.5));
#5040=CARTESIAN_POINT('',(-55.5,-4.89871705546019,23.5));
#5041=CARTESIAN_POINT('Ctrl Pts',(-55.4996746808055,-4.89887373099415,23.5));
#5042=CARTESIAN_POINT('Ctrl Pts',(-55.4996729484162,-4.88569289430706,23.4541789330213));
#5043=CARTESIAN_POINT('Ctrl Pts',(-55.499683177898,-4.87560378787762,23.4075176281285));
#5044=CARTESIAN_POINT('Ctrl Pts',(-55.4996915631718,-4.8686045123251,23.360318297188));
#5045=CARTESIAN_POINT('Ctrl Pts',(-55.4996984612871,-4.86284658348534,23.3214899374812));
#5046=CARTESIAN_POINT('Ctrl Pts',(-55.4997042814901,-4.85918060356278,23.2822968870555));
#5047=CARTESIAN_POINT('Ctrl Pts',(-55.4997061785803,-4.85763151769452,23.2429074846247));
#5048=CARTESIAN_POINT('Ctrl Pts',(-55.4997084757928,-4.85575570836589,23.1952103168672));
#5049=CARTESIAN_POINT('Ctrl Pts',(-55.4997048412265,-4.85699550411392,23.1475552018245));
#5050=CARTESIAN_POINT('Ctrl Pts',(-55.4996970191148,-4.86131323926092,23.1002438825124));
#5051=CARTESIAN_POINT('Ctrl Pts',(-55.4996891926125,-4.86563339800144,23.0529060068223));
#5052=CARTESIAN_POINT('Ctrl Pts',(-55.4996771758729,-4.87303496039234,23.0059111877665));
#5053=CARTESIAN_POINT('Ctrl Pts',(-55.4996721260663,-4.88353068381144,22.9595602593483));
#5054=CARTESIAN_POINT('Ctrl Pts',(-55.4996709103078,-4.88605756574039,22.9484011120715));
#5055=CARTESIAN_POINT('Ctrl Pts',(-55.499670141148,-4.88876402172257,22.9372793233656));
#5056=CARTESIAN_POINT('Ctrl Pts',(-55.4996700557621,-4.89165066688392,22.926199191681));
#5057=CARTESIAN_POINT('Ctrl Pts',(-55.4996698011698,-4.9002576828276,22.8931619235939));
#5058=CARTESIAN_POINT('Ctrl Pts',(-55.4996754621758,-4.91046576596946,22.8604945333231));
#5059=CARTESIAN_POINT('Ctrl Pts',(-55.4996822596623,-4.92222670590678,22.8282976414216));
#5060=CARTESIAN_POINT('Ctrl Pts',(-55.4996916703892,-4.93850904696754,22.7837229069336));
#5061=CARTESIAN_POINT('Ctrl Pts',(-55.4997030362766,-4.95765609862787,22.7403489678551));
#5062=CARTESIAN_POINT('Ctrl Pts',(-55.4997091366321,-4.97946471622531,22.6984136001985));
#5063=CARTESIAN_POINT('Ctrl Pts',(-55.4997152976222,-5.00149010088827,22.6560614153573));
#5064=CARTESIAN_POINT('Ctrl Pts',(-55.4997161765687,-5.0262307142558,22.6151755331636));
#5065=CARTESIAN_POINT('Ctrl Pts',(-55.4997132998926,-5.05352688478716,22.576016594475));
#5066=CARTESIAN_POINT('Ctrl Pts',(-55.4997104918279,-5.08017201563103,22.5377916338028));
#5067=CARTESIAN_POINT('Ctrl Pts',(-55.4997042226703,-5.10925290853805,22.5012114102175));
#5068=CARTESIAN_POINT('Ctrl Pts',(-55.499702815107,-5.14065918500606,22.4665465047089));
#5069=CARTESIAN_POINT('Ctrl Pts',(-55.4997022641104,-5.15295330343306,22.4529767822995));
#5070=CARTESIAN_POINT('Ctrl Pts',(-55.4997025707209,-5.16557421969926,22.4397339479592));
#5071=CARTESIAN_POINT('Ctrl Pts',(-55.4997043795668,-5.17851172152713,22.4268311596191));
#5072=CARTESIAN_POINT('Ctrl Pts',(-55.4997090654217,-5.21202660316964,22.3934062040265));
#5073=CARTESIAN_POINT('Ctrl Pts',(-55.4997233171437,-5.24766299498052,22.3622608537978));
#5074=CARTESIAN_POINT('Ctrl Pts',(-55.4997379640913,-5.28512630225773,22.3334925026805));
#5075=CARTESIAN_POINT('Ctrl Pts',(-55.4997528634363,-5.32323518041767,22.3042284129012));
#5076=CARTESIAN_POINT('Ctrl Pts',(-55.4997683298296,-5.36323535685835,22.2774233006593));
#5077=CARTESIAN_POINT('Ctrl Pts',(-55.4997808939736,-5.40485342376776,22.2532181013777));
#5078=CARTESIAN_POINT('Ctrl Pts',(-55.499788773618,-5.43095433154337,22.2380377309027));
#5079=CARTESIAN_POINT('Ctrl Pts',(-55.4997956262273,-5.45769227231209,22.2238807581956));
#5080=CARTESIAN_POINT('Ctrl Pts',(-55.499801374344,-5.48500458411997,22.2107912272689));
#5081=CARTESIAN_POINT('Ctrl Pts',(-55.4998105767964,-5.52873025289153,22.1898355316213));
#5082=CARTESIAN_POINT('Ctrl Pts',(-55.4998167749016,-5.57366518805097,22.1717388766784));
#5083=CARTESIAN_POINT('Ctrl Pts',(-55.4998227088523,-5.61952341376033,22.1566197828192));
#5084=CARTESIAN_POINT('Ctrl Pts',(-55.4998253730302,-5.64011247466365,22.1498317324868));
#5085=CARTESIAN_POINT('Ctrl Pts',(-55.4998280499192,-5.66088806713448,22.1436444516219));
#5086=CARTESIAN_POINT('Ctrl Pts',(-55.4998312431928,-5.68182597887559,22.1380716300692));
#5087=CARTESIAN_POINT('Ctrl Pts',(-55.4998383608002,-5.72849527740349,22.1256501586302));
#5088=CARTESIAN_POINT('Ctrl Pts',(-55.4998480011288,-5.77597049747654,22.1162779200598));
#5089=CARTESIAN_POINT('Ctrl Pts',(-55.4998582161575,-5.82394309206782,22.1099483828752));
#5090=CARTESIAN_POINT('Ctrl Pts',(-55.4998640641948,-5.85140708972419,22.1063247641011));
#5091=CARTESIAN_POINT('Ctrl Pts',(-55.4998701261524,-5.87903431656774,22.1036993371372));
#5092=CARTESIAN_POINT('Ctrl Pts',(-55.4998759836387,-5.90676715993111,22.1020785556784));
#5093=CARTESIAN_POINT('Ctrl Pts',(-55.4998862112544,-5.95519080895831,22.0992485482578));
#5094=CARTESIAN_POINT('Ctrl Pts',(-55.4998958852359,-6.00365884512929,22.0994947640024));
#5095=CARTESIAN_POINT('Ctrl Pts',(-55.4999047443019,-6.05186136910775,22.1027871946813));
#5096=CARTESIAN_POINT('Ctrl Pts',(-55.4999135582617,-6.099818468768,22.1060628618697));
#5097=CARTESIAN_POINT('Ctrl Pts',(-55.49992175849,-6.14751385644079,22.1123538476474));
#5098=CARTESIAN_POINT('Ctrl Pts',(-55.4999284300944,-6.19464293577356,22.1216813166266));
#5099=CARTESIAN_POINT('Ctrl Pts',(-55.4999317412658,-6.21803348008653,22.1263106151314));
#5100=CARTESIAN_POINT('Ctrl Pts',(-55.4999346477286,-6.24128443671331,22.1316886476617));
#5101=CARTESIAN_POINT('Ctrl Pts',(-55.4999367533959,-6.26435734565116,22.1378226432348));
#5102=CARTESIAN_POINT('Ctrl Pts',(-55.4999391119618,-6.29020139777276,22.1446933547576));
#5103=CARTESIAN_POINT('Ctrl Pts',(-55.4999404796726,-6.31582214040331,22.1525124980113));
#5104=CARTESIAN_POINT('Ctrl Pts',(-55.4999414105407,-6.34117218936569,22.1612583695436));
#5105=CARTESIAN_POINT('Ctrl Pts',(-55.4999430823944,-6.38670127666005,22.1769660925957));
#5106=CARTESIAN_POINT('Ctrl Pts',(-55.499944051585,-6.43109279427947,22.1955685970583));
#5107=CARTESIAN_POINT('Ctrl Pts',(-55.4999479261691,-6.47409561248561,22.216876445031));
#5108=CARTESIAN_POINT('Ctrl Pts',(-55.4999518864354,-6.51804939023619,22.2386554923867));
#5109=CARTESIAN_POINT('Ctrl Pts',(-55.499959078147,-6.56055349343382,22.2632613049094));
#5110=CARTESIAN_POINT('Ctrl Pts',(-55.4999687273777,-6.60131665594938,22.290541993383));
#5111=CARTESIAN_POINT('Ctrl Pts',(-55.4999783766084,-6.64207981846494,22.3178226818567));
#5112=CARTESIAN_POINT('Ctrl Pts',(-55.4999906736928,-6.68110314507709,22.3477788671331));
#5113=CARTESIAN_POINT('Ctrl Pts',(-55.4999973724511,-6.71805580668312,22.3803001576614));
#5114=CARTESIAN_POINT('Ctrl Pts',(-55.5000004685288,-6.73513483931741,22.3953310690518));
#5115=CARTESIAN_POINT('Ctrl Pts',(-55.5000024547403,-6.75172011402055,22.4108658349837));
#5116=CARTESIAN_POINT('Ctrl Pts',(-55.500002198506,-6.76778428821357,22.4268872604368));
#5117=CARTESIAN_POINT('Ctrl Pts',(-55.5000016588316,-6.8016182538083,22.4606311896948));
#5118=CARTESIAN_POINT('Ctrl Pts',(-55.4999916181002,-6.83314321347537,22.4965316591369));
#5119=CARTESIAN_POINT('Ctrl Pts',(-55.4999834859705,-6.86222733231635,22.5343138472688));
#5120=CARTESIAN_POINT('Ctrl Pts',(-55.4999753727283,-6.89124390113594,22.5720082834688));
#5121=CARTESIAN_POINT('Ctrl Pts',(-55.4999692495917,-6.91783149131361,22.6115766868463));
#5122=CARTESIAN_POINT('Ctrl Pts',(-55.4999691225526,-6.94181696846845,22.6527738520466));
#5123=CARTESIAN_POINT('Ctrl Pts',(-55.4999690537212,-6.95481260915289,22.675095007165));
#5124=CARTESIAN_POINT('Ctrl Pts',(-55.4999706105414,-6.96704359355204,22.6978946959365));
#5125=CARTESIAN_POINT('Ctrl Pts',(-55.4999733823642,-6.97847631287243,22.7211357805528));
#5126=CARTESIAN_POINT('Ctrl Pts',(-55.4999785108132,-6.99962922291498,22.7641366238695));
#5127=CARTESIAN_POINT('Ctrl Pts',(-55.4999891123904,-7.01790913241876,22.8083567730174));
#5128=CARTESIAN_POINT('Ctrl Pts',(-55.4999961447999,-7.03318141940746,22.8535246294966));
#5129=CARTESIAN_POINT('Ctrl Pts',(-55.4999998764692,-7.04128548737603,22.8774924464432));
#5130=CARTESIAN_POINT('Ctrl Pts',(-55.5000024834325,-7.04854194989626,22.901727598565));
#5131=CARTESIAN_POINT('Ctrl Pts',(-55.5000017244916,-7.05492529950114,22.926191912049));
#5132=CARTESIAN_POINT('Ctrl Pts',(-55.5000002949075,-7.06694933822259,22.9722742780218));
#5133=CARTESIAN_POINT('Ctrl Pts',(-55.4999874238103,-7.07587851209836,23.019169768389));
#5134=CARTESIAN_POINT('Ctrl Pts',(-55.4999771818114,-7.08170215751156,23.0665773504377));
#5135=CARTESIAN_POINT('Ctrl Pts',(-55.4999727214887,-7.0842383165232,23.0872230384737));
#5136=CARTESIAN_POINT('Ctrl Pts',(-55.4999686524508,-7.0861848411761,23.1079658801712));
#5137=CARTESIAN_POINT('Ctrl Pts',(-55.4999656392529,-7.0875378003503,23.1287807910898));
#5138=CARTESIAN_POINT('Ctrl Pts',(-55.4999622061097,-7.08907931963329,23.1524966482766));
#5139=CARTESIAN_POINT('Ctrl Pts',(-55.4999600045257,-7.08984506185829,23.1762240439817));
#5140=CARTESIAN_POINT('Ctrl Pts',(-55.4999595738912,-7.08984227867651,23.1999250230641));
#5141=CARTESIAN_POINT('',(-59.,-4.34850561015936,23.5));
#5142=CARTESIAN_POINT('Ctrl Pts',(-58.9999997273187,-4.34850570287295,23.5));
#5143=CARTESIAN_POINT('Ctrl Pts',(-57.8971588937716,-4.51685961877318,23.5));
#5144=CARTESIAN_POINT('Ctrl Pts',(-56.714782032278,-4.68913987957024,23.5));
#5145=CARTESIAN_POINT('Ctrl Pts',(-55.4996746808055,-4.89887373099415,23.5));
#5146=CARTESIAN_POINT('',(-58.9999999999995,-6.53151348929462,23.2));
#5147=CARTESIAN_POINT('Ctrl Pts',(-58.99961250633,-6.5314486629467,23.1999250230641));
#5148=CARTESIAN_POINT('Ctrl Pts',(-58.9996132870578,-6.53145429204896,23.1520898151703));
#5149=CARTESIAN_POINT('Ctrl Pts',(-58.999620953601,-6.52834627919664,23.1043885736844));
#5150=CARTESIAN_POINT('Ctrl Pts',(-58.999631162398,-6.52214609553231,23.0571262119419));
#5151=CARTESIAN_POINT('Ctrl Pts',(-58.9996406902247,-6.51635949055721,23.0130164512639));
#5152=CARTESIAN_POINT('Ctrl Pts',(-58.9996523574548,-6.50787899637,22.9692881036299));
#5153=CARTESIAN_POINT('Ctrl Pts',(-58.9996563378897,-6.4966816934311,22.926191912049));
#5154=CARTESIAN_POINT('Ctrl Pts',(-58.9996594605311,-6.48789743663313,22.8923830550477));
#5155=CARTESIAN_POINT('Ctrl Pts',(-58.9996577122943,-6.47744025537536,22.8589632132346));
#5156=CARTESIAN_POINT('Ctrl Pts',(-58.9996557702341,-6.46536193043452,22.8260388930427));
#5157=CARTESIAN_POINT('Ctrl Pts',(-58.9996531399523,-6.44900332462306,22.7814469501808));
#5158=CARTESIAN_POINT('Ctrl Pts',(-58.9996502104162,-6.42978138303531,22.7380585588767));
#5159=CARTESIAN_POINT('Ctrl Pts',(-58.9996530829313,-6.40789782146137,22.6961101574234));
#5160=CARTESIAN_POINT('Ctrl Pts',(-58.99965597925,-6.38583291686824,22.6538141411752));
#5161=CARTESIAN_POINT('Ctrl Pts',(-58.9996646970412,-6.36106159006896,22.6129810828509));
#5162=CARTESIAN_POINT('Ctrl Pts',(-58.9996778675809,-6.3337413468118,22.5738699827126));
#5163=CARTESIAN_POINT('Ctrl Pts',(-58.9996907951603,-6.3069250870334,22.5354803749901));
#5164=CARTESIAN_POINT('Ctrl Pts',(-58.9997079162057,-6.27765245102761,22.4987489384853));
#5165=CARTESIAN_POINT('Ctrl Pts',(-58.9997219590329,-6.24603389398828,22.4639500500454));
#5166=CARTESIAN_POINT('Ctrl Pts',(-58.9997270605366,-6.23454744739326,22.4513082469064));
#5167=CARTESIAN_POINT('Ctrl Pts',(-58.9997316413034,-6.22277704534522,22.4389504253819));
#5168=CARTESIAN_POINT('Ctrl Pts',(-58.9997352398107,-6.2107308981322,22.4268872604368));
#5169=CARTESIAN_POINT('Ctrl Pts',(-58.9997452461591,-6.17723424652512,22.3933432877207));
#5170=CARTESIAN_POINT('Ctrl Pts',(-58.9997481254112,-6.14160854938937,22.3620752475667));
#5171=CARTESIAN_POINT('Ctrl Pts',(-58.9997516316768,-6.10414741463697,22.3331915571409));
#5172=CARTESIAN_POINT('Ctrl Pts',(-58.999755186537,-6.06616709321682,22.3039075577794));
#5173=CARTESIAN_POINT('Ctrl Pts',(-58.9997592477908,-6.02629920795067,22.2770738039988));
#5174=CARTESIAN_POINT('Ctrl Pts',(-58.9997664561624,-5.98481378083639,22.2528418932438));
#5175=CARTESIAN_POINT('Ctrl Pts',(-58.9997711441686,-5.95783349322302,22.2370825298463));
#5176=CARTESIAN_POINT('Ctrl Pts',(-58.9997770573479,-5.9301683451843,22.2224244562393));
#5177=CARTESIAN_POINT('Ctrl Pts',(-58.9997841403182,-5.901887395278,22.208919983354));
#5178=CARTESIAN_POINT('Ctrl Pts',(-58.9997950676888,-5.85825648817371,22.1880857325987));
#5179=CARTESIAN_POINT('Ctrl Pts',(-58.9998086723842,-5.81342529219675,22.1701212422605));
#5180=CARTESIAN_POINT('Ctrl Pts',(-58.9998222582358,-5.76767632878882,22.1551554465975));
#5181=CARTESIAN_POINT('Ctrl Pts',(-58.9998279921414,-5.74836798898991,22.1488391358771));
#5182=CARTESIAN_POINT('Ctrl Pts',(-58.9998336691144,-5.72889580303997,22.143057491121));
#5183=CARTESIAN_POINT('Ctrl Pts',(-58.9998388951726,-5.70927967967975,22.1378226432348));
#5184=CARTESIAN_POINT('Ctrl Pts',(-58.9998512841693,-5.66277730992985,22.125412809369));
#5185=CARTESIAN_POINT('Ctrl Pts',(-58.9998611996269,-5.61546655736816,22.1160722806613));
#5186=CARTESIAN_POINT('Ctrl Pts',(-58.9998700173323,-5.5676552241569,22.1097862069933));
#5187=CARTESIAN_POINT('Ctrl Pts',(-58.9998752402625,-5.5393354692936,22.1060628206459));
#5188=CARTESIAN_POINT('Ctrl Pts',(-58.9998800482404,-5.51083985904454,22.1034120658028));
#5189=CARTESIAN_POINT('Ctrl Pts',(-58.9998847385019,-5.48223212059004,22.1018394682244));
#5190=CARTESIAN_POINT('Ctrl Pts',(-58.9998926440851,-5.43401287823025,22.0991888055764));
#5191=CARTESIAN_POINT('Ctrl Pts',(-58.9998999875285,-5.38575817041813,22.099613908808));
#5192=CARTESIAN_POINT('Ctrl Pts',(-58.9999071273036,-5.33777605138058,22.1030747903249));
#5193=CARTESIAN_POINT('Ctrl Pts',(-58.9999142496715,-5.2899109156927,22.1065272340005));
#5194=CARTESIAN_POINT('Ctrl Pts',(-58.9999209987527,-5.24231592884263,22.1130007211633));
#5195=CARTESIAN_POINT('Ctrl Pts',(-58.999928027238,-5.19529627100646,22.122506568613));
#5196=CARTESIAN_POINT('Ctrl Pts',(-58.9999313580692,-5.17301344066433,22.127011433083));
#5197=CARTESIAN_POINT('Ctrl Pts',(-58.9999347718367,-5.15085991526354,22.1321980583756));
#5198=CARTESIAN_POINT('Ctrl Pts',(-58.9999385298316,-5.1288692254029,22.1380716300692));
#5199=CARTESIAN_POINT('Ctrl Pts',(-58.9999430022783,-5.10269777129433,22.1450618569793));
#5200=CARTESIAN_POINT('Ctrl Pts',(-58.9999479468215,-5.07675685755547,22.1530249882902));
#5201=CARTESIAN_POINT('Ctrl Pts',(-58.999952807091,-5.05109619144532,22.1619394055009));
#5202=CARTESIAN_POINT('Ctrl Pts',(-58.9999614096385,-5.00567749700333,22.1777176861456));
#5203=CARTESIAN_POINT('Ctrl Pts',(-58.9999691162556,-4.96140649414562,22.1963791799582));
#5204=CARTESIAN_POINT('Ctrl Pts',(-58.9999732923815,-4.91853442846934,22.21773853701));
#5205=CARTESIAN_POINT('Ctrl Pts',(-58.9999775344592,-4.87498530125529,22.2394352139205));
#5206=CARTESIAN_POINT('Ctrl Pts',(-58.999977969795,-4.83287856145632,22.2639161080252));
#5207=CARTESIAN_POINT('Ctrl Pts',(-58.9999755396592,-4.79249951434554,22.2910366170792));
#5208=CARTESIAN_POINT('Ctrl Pts',(-58.9999731095233,-4.75212046723477,22.3181571261333));
#5209=CARTESIAN_POINT('Ctrl Pts',(-58.9999676528769,-4.71346803350282,22.3479178318515));
#5210=CARTESIAN_POINT('Ctrl Pts',(-58.9999662193352,-4.67686553628363,22.3802153011238));
#5211=CARTESIAN_POINT('Ctrl Pts',(-58.9999655518422,-4.65982249311213,22.395253815022));
#5212=CARTESIAN_POINT('Ctrl Pts',(-58.9999657046814,-4.64327537302235,22.4107980376039));
#5213=CARTESIAN_POINT('Ctrl Pts',(-58.9999677048898,-4.62725141929253,22.4268311596191));
#5214=CARTESIAN_POINT('Ctrl Pts',(-58.9999719098212,-4.59356511696141,22.460536735947));
#5215=CARTESIAN_POINT('Ctrl Pts',(-58.9999838922539,-4.56218836744322,22.4964006379135));
#5216=CARTESIAN_POINT('Ctrl Pts',(-58.9999938660832,-4.53324726159146,22.534141577889));
#5217=CARTESIAN_POINT('Ctrl Pts',(-59.0000038465289,-4.50428695674649,22.5719075545046));
#5218=CARTESIAN_POINT('Ctrl Pts',(-59.0000117360644,-4.47776497214529,22.6115540410841));
#5219=CARTESIAN_POINT('Ctrl Pts',(-59.0000140882237,-4.45384965888915,22.6528280400976));
#5220=CARTESIAN_POINT('Ctrl Pts',(-59.000015352471,-4.440995567788,22.6750121418798));
#5221=CARTESIAN_POINT('Ctrl Pts',(-59.0000151328986,-4.42889528262761,22.6976668194353));
#5222=CARTESIAN_POINT('Ctrl Pts',(-59.0000137784153,-4.41758083370976,22.7207547194929));
#5223=CARTESIAN_POINT('Ctrl Pts',(-59.0000112534868,-4.39648926878183,22.7637934875895));
#5224=CARTESIAN_POINT('Ctrl Pts',(-59.0000037908079,-4.37826597640266,22.8080503935248));
#5225=CARTESIAN_POINT('Ctrl Pts',(-58.9999990058043,-4.36304224110688,22.8532481117449));
#5226=CARTESIAN_POINT('Ctrl Pts',(-58.9999964582985,-4.35493722035117,22.8773110921612));
#5227=CARTESIAN_POINT('Ctrl Pts',(-58.9999947751129,-4.34768313015353,22.9016412352778));
#5228=CARTESIAN_POINT('Ctrl Pts',(-58.9999958929035,-4.34130521776907,22.926199191681));
#5229=CARTESIAN_POINT('Ctrl Pts',(-58.9999979918945,-4.32932875158841,22.9723142081));
#5230=CARTESIAN_POINT('Ctrl Pts',(-59.0000095242661,-4.32043872512775,23.019232515408));
#5231=CARTESIAN_POINT('Ctrl Pts',(-59.0000186427777,-4.31464287438412,23.0666538260419));
#5232=CARTESIAN_POINT('Ctrl Pts',(-59.0000226523349,-4.312094344987,23.0875057439994));
#5233=CARTESIAN_POINT('Ctrl Pts',(-59.0000262913233,-4.31014474438112,23.1084549598925));
#5234=CARTESIAN_POINT('Ctrl Pts',(-59.0000290057201,-4.30879788964817,23.1294757514923));
#5235=CARTESIAN_POINT('Ctrl Pts',(-59.0000351579167,-4.30574523533903,23.1771195014));
#5236=CARTESIAN_POINT('Ctrl Pts',(-59.0000359168698,-4.3058061373961,23.2248076699567));
#5237=CARTESIAN_POINT('Ctrl Pts',(-59.0000313224867,-4.30893573316312,23.2722371847635));
#5238=CARTESIAN_POINT('Ctrl Pts',(-59.0000267332223,-4.31206184214463,23.3196138567889));
#5239=CARTESIAN_POINT('Ctrl Pts',(-59.000016806964,-4.31824984950761,23.366733573564));
#5240=CARTESIAN_POINT('Ctrl Pts',(-59.0000088140053,-4.32750563489207,23.4132966577083));
#5241=CARTESIAN_POINT('Ctrl Pts',(-59.0000038110939,-4.33329896834987,23.4424411832202));
#5242=CARTESIAN_POINT('Ctrl Pts',(-58.999999708544,-4.34029516322764,23.4713676242987));
#5243=CARTESIAN_POINT('Ctrl Pts',(-58.9999997273186,-4.34850570287295,23.5));
#5244=CARTESIAN_POINT('Ctrl Pts',(-58.9996573666289,-6.48949843137481,23.5));
#5245=CARTESIAN_POINT('Ctrl Pts',(-58.9996539413812,-6.50264335678884,23.4541551451307));
#5246=CARTESIAN_POINT('Ctrl Pts',(-58.999641081407,-6.51270170902991,23.4074714984905));
#5247=CARTESIAN_POINT('Ctrl Pts',(-58.9996308955211,-6.51967746353953,23.3602538632376));
#5248=CARTESIAN_POINT('Ctrl Pts',(-58.9996224544303,-6.52545830362771,23.3211243900941));
#5249=CARTESIAN_POINT('Ctrl Pts',(-58.999615708796,-6.52912126171012,23.2816275901275));
#5250=CARTESIAN_POINT('Ctrl Pts',(-58.99961337189,-6.53064179963204,23.2419367872907));
#5251=CARTESIAN_POINT('Ctrl Pts',(-58.999612547003,-6.53117852289524,23.2279266288392));
#5252=CARTESIAN_POINT('Ctrl Pts',(-58.999612263446,-6.53144701824082,23.2139201102514));
#5253=CARTESIAN_POINT('Ctrl Pts',(-58.99961250633,-6.5314486629467,23.1999250230641));
#5254=CARTESIAN_POINT('Ctrl Pts',(-46.9881104534912,-9.50551099008171,23.5));
#5255=CARTESIAN_POINT('Ctrl Pts',(-48.473456597744,-9.06382255628411,23.5));
#5256=CARTESIAN_POINT('Ctrl Pts',(-49.8376933788606,-8.48806534622296,23.5));
#5257=CARTESIAN_POINT('Ctrl Pts',(-51.158159049365,-8.0666584704222,23.5));
#5258=CARTESIAN_POINT('Ctrl Pts',(-47.0031520273991,-9.55609403029312,23.3138375843226));
#5259=CARTESIAN_POINT('Ctrl Pts',(-48.4918193123465,-9.11341800889688,23.3138375843226));
#5260=CARTESIAN_POINT('Ctrl Pts',(-49.8564471312924,-8.53747464772612,23.3138375843226));
#5261=CARTESIAN_POINT('Ctrl Pts',(-51.174203249459,-8.11693248504207,23.3138375843226));
#5262=CARTESIAN_POINT('Ctrl Pts',(-47.004622868473,-9.56104029546706,22.9130922199459));
#5263=CARTESIAN_POINT('Ctrl Pts',(-48.4935785649474,-9.11827851087268,22.9130922199459));
#5264=CARTESIAN_POINT('Ctrl Pts',(-49.8582513147375,-8.54231560217443,22.9130922199459));
#5265=CARTESIAN_POINT('Ctrl Pts',(-51.1757721323857,-8.12184853213274,22.9130922199459));
#5266=CARTESIAN_POINT('Ctrl Pts',(-46.9201107280124,-9.27683592793045,22.3903777854304));
#5267=CARTESIAN_POINT('Ctrl Pts',(-48.3905446744994,-8.83958184453742,22.3903777854304));
#5268=CARTESIAN_POINT('Ctrl Pts',(-49.7529948804971,-8.26466995617582,22.3903777854304));
#5269=CARTESIAN_POINT('Ctrl Pts',(-51.0856266662115,-7.83938044660741,22.3903777854304));
#5270=CARTESIAN_POINT('Ctrl Pts',(-46.7721439518369,-8.77924109942157,22.087196931952));
#5271=CARTESIAN_POINT('Ctrl Pts',(-48.2100790901108,-8.35165099082354,22.087196931952));
#5272=CARTESIAN_POINT('Ctrl Pts',(-49.5686509332137,-7.77857666468808,22.087196931952));
#5273=CARTESIAN_POINT('Ctrl Pts',(-50.9277968686943,-7.34482556064807,22.087196931952));
#5274=CARTESIAN_POINT('Ctrl Pts',(-46.6008314995587,-8.20313751376494,22.0878270617921));
#5275=CARTESIAN_POINT('Ctrl Pts',(-48.0011681635482,-7.78672783693641,22.0878270617921));
#5276=CARTESIAN_POINT('Ctrl Pts',(-49.3552445949979,-7.21578202865676,22.0878270617921));
#5277=CARTESIAN_POINT('Ctrl Pts',(-50.7450652423517,-6.77224154895534,22.0878270617921));
#5278=CARTESIAN_POINT('Ctrl Pts',(-46.4527371045034,-7.70511351800482,22.3899671043825));
#5279=CARTESIAN_POINT('Ctrl Pts',(-47.8205703080046,-7.29836919939032,22.3899671043825));
#5280=CARTESIAN_POINT('Ctrl Pts',(-49.1707607265849,-6.72926340311325,22.3899671043825));
#5281=CARTESIAN_POINT('Ctrl Pts',(-50.5870993192631,-6.27726011764459,22.3899671043825));
#5282=CARTESIAN_POINT('Ctrl Pts',(-46.3683805334534,-7.4214323120604,22.9132774657655));
#5283=CARTESIAN_POINT('Ctrl Pts',(-47.7176994536217,-7.02019347433322,22.9132774657655));
#5284=CARTESIAN_POINT('Ctrl Pts',(-49.0656763232147,-6.45213577850472,22.9132774657655));
#5285=CARTESIAN_POINT('Ctrl Pts',(-50.4971197922897,-5.99531199757456,22.9132774657655));
#5286=CARTESIAN_POINT('Ctrl Pts',(-46.3697762219104,-7.42612584784159,23.3138375843272));
#5287=CARTESIAN_POINT('Ctrl Pts',(-47.7193787400211,-7.02480267830294,23.3138375843272));
#5288=CARTESIAN_POINT('Ctrl Pts',(-49.0673964174325,-6.45672680084828,23.3138375843272));
#5289=CARTESIAN_POINT('Ctrl Pts',(-50.4986085131516,-5.99997685926528,23.3138375843272));
#5290=CARTESIAN_POINT('Ctrl Pts',(-46.3848177958186,-7.47670888805374,23.5000000000044));
#5291=CARTESIAN_POINT('Ctrl Pts',(-47.7377426145725,-7.07439778598946,23.5000000000044));
#5292=CARTESIAN_POINT('Ctrl Pts',(-49.0861511162087,-6.50613580034058,23.5000000000044));
#5293=CARTESIAN_POINT('Ctrl Pts',(-50.5146527132459,-6.05025087388589,23.5000000000044));
#5294=CARTESIAN_POINT('',(-46.9999999996678,-9.54547953996838,23.2));
#5295=CARTESIAN_POINT('Ctrl Pts',(-46.9999542496027,-9.54532568791543,23.1999010364097));
#5296=CARTESIAN_POINT('Ctrl Pts',(-46.9999462977206,-9.54530579791238,23.2475681939697));
#5297=CARTESIAN_POINT('Ctrl Pts',(-46.9999499708102,-9.54209441171039,23.2951223654346));
#5298=CARTESIAN_POINT('Ctrl Pts',(-46.9999616630867,-9.53572033271442,23.342259155355));
#5299=CARTESIAN_POINT('Ctrl Pts',(-46.9999732731001,-9.52939109968891,23.3890643059765));
#5300=CARTESIAN_POINT('Ctrl Pts',(-46.9999927555984,-9.51994343868262,23.4354590235071));
#5301=CARTESIAN_POINT('Ctrl Pts',(-46.9999980212699,-9.50735854682951,23.4811404820404));
#5302=CARTESIAN_POINT('Ctrl Pts',(-46.9999987475093,-9.5056228433594,23.4874408513262));
#5303=CARTESIAN_POINT('Ctrl Pts',(-46.9999991746815,-9.50382739148856,23.4937276305771));
#5304=CARTESIAN_POINT('Ctrl Pts',(-46.9999992173482,-9.5019720722555,23.5));
#5305=CARTESIAN_POINT('',(-47.,-7.28420020914034,23.5));
#5306=CARTESIAN_POINT('Ctrl Pts',(-47.0016994640293,-7.28274199162845,23.4999999999999));
#5307=CARTESIAN_POINT('Ctrl Pts',(-47.0017368559234,-7.26912529975888,23.454434039295));
#5308=CARTESIAN_POINT('Ctrl Pts',(-47.0017882792339,-7.2586631752466,23.407987595927));
#5309=CARTESIAN_POINT('Ctrl Pts',(-47.0018278384539,-7.25138176212064,23.3609522995168));
#5310=CARTESIAN_POINT('Ctrl Pts',(-47.0018586425662,-7.24571184578227,23.3243266897645));
#5311=CARTESIAN_POINT('Ctrl Pts',(-47.0018825059119,-7.24197152635732,23.2873436402319));
#5312=CARTESIAN_POINT('Ctrl Pts',(-47.0018926380381,-7.24019428178913,23.2501429781683));
#5313=CARTESIAN_POINT('Ctrl Pts',(-47.0019055842836,-7.23792342132829,23.2026101207837));
#5314=CARTESIAN_POINT('Ctrl Pts',(-47.0018945605715,-7.23887548353221,23.1551254724315));
#5315=CARTESIAN_POINT('Ctrl Pts',(-47.0018663324626,-7.24299861436364,23.1079857043323));
#5316=CARTESIAN_POINT('Ctrl Pts',(-47.0018379597837,-7.2471428617675,23.0606045103924));
#5317=CARTESIAN_POINT('Ctrl Pts',(-47.0017921962683,-7.25449071916008,23.0135705992303));
#5318=CARTESIAN_POINT('Ctrl Pts',(-47.0017486839225,-7.26503955845776,22.967180942519));
#5319=CARTESIAN_POINT('Ctrl Pts',(-47.0017358152683,-7.26815934809005,22.9534613316719));
#5320=CARTESIAN_POINT('Ctrl Pts',(-47.0017232285798,-7.27155944897691,22.9397981057575));
#5321=CARTESIAN_POINT('Ctrl Pts',(-47.0017116460219,-7.27524063250745,22.9261991018421));
#5322=CARTESIAN_POINT('Ctrl Pts',(-47.0016896087236,-7.282244555144,22.9003252570396));
#5323=CARTESIAN_POINT('Ctrl Pts',(-47.001671137415,-7.29026572466684,22.8746837576438));
#5324=CARTESIAN_POINT('Ctrl Pts',(-47.00165116125,-7.29927926822707,22.8493218560934));
#5325=CARTESIAN_POINT('Ctrl Pts',(-47.0016164098725,-7.31495960802605,22.805201224557));
#5326=CARTESIAN_POINT('Ctrl Pts',(-47.0015790397091,-7.3335189053039,22.7622656445062));
#5327=CARTESIAN_POINT('Ctrl Pts',(-47.0015273298123,-7.35472621110789,22.7207273649587));
#5328=CARTESIAN_POINT('Ctrl Pts',(-47.0014741199587,-7.37654868047007,22.6779841781927));
#5329=CARTESIAN_POINT('Ctrl Pts',(-47.0014058179537,-7.40117533447564,22.6367195316981));
#5330=CARTESIAN_POINT('Ctrl Pts',(-47.0013249076962,-7.42840751288427,22.5971720496932));
#5331=CARTESIAN_POINT('Ctrl Pts',(-47.0012502903166,-7.45352168078847,22.5607004135149));
#5332=CARTESIAN_POINT('Ctrl Pts',(-47.0011652110236,-7.48085273696945,22.5256887031386));
#5333=CARTESIAN_POINT('Ctrl Pts',(-47.0010814578769,-7.51027907679679,22.4923406449495));
#5334=CARTESIAN_POINT('Ctrl Pts',(-47.0010244053591,-7.53032425530326,22.4696239977836));
#5335=CARTESIAN_POINT('Ctrl Pts',(-47.0009696882398,-7.55126278576691,22.4477695495116));
#5336=CARTESIAN_POINT('Ctrl Pts',(-47.0009216158157,-7.57304146024532,22.4268288241813));
#5337=CARTESIAN_POINT('Ctrl Pts',(-47.0008462654357,-7.60717810782389,22.3940056070774));
#5338=CARTESIAN_POINT('Ctrl Pts',(-47.0007864748222,-7.64337669518745,22.3634254712113));
#5339=CARTESIAN_POINT('Ctrl Pts',(-47.0007275105653,-7.68133433677369,22.3351612801851));
#5340=CARTESIAN_POINT('Ctrl Pts',(-47.0006668232421,-7.72040118480507,22.3060711468311));
#5341=CARTESIAN_POINT('Ctrl Pts',(-47.0006072113301,-7.76133213390149,22.2794336244689));
#5342=CARTESIAN_POINT('Ctrl Pts',(-47.0005466332662,-7.80383710819481,22.255362649813));
#5343=CARTESIAN_POINT('Ctrl Pts',(-47.0005218125977,-7.82125268419725,22.2455000420702));
#5344=CARTESIAN_POINT('Ctrl Pts',(-47.0004969722353,-7.83893289954097,22.2360687547173));
#5345=CARTESIAN_POINT('Ctrl Pts',(-47.000472499994,-7.85685921139344,22.227078635727));
#5346=CARTESIAN_POINT('Ctrl Pts',(-47.0004119330991,-7.90122543972708,22.2048287900727));
#5347=CARTESIAN_POINT('Ctrl Pts',(-47.0003547881043,-7.94687624081351,22.1853887944558));
#5348=CARTESIAN_POINT('Ctrl Pts',(-47.0002993280412,-7.99351002896128,22.168858260425));
#5349=CARTESIAN_POINT('Ctrl Pts',(-47.0002599210397,-8.02664554411739,22.1571125330743));
#5350=CARTESIAN_POINT('Ctrl Pts',(-47.0002216984413,-8.06027822914767,22.1468364456051));
#5351=CARTESIAN_POINT('Ctrl Pts',(-47.0001876579801,-8.09430841585632,22.1380787139172));
#5352=CARTESIAN_POINT('Ctrl Pts',(-47.0001395999795,-8.14235191100848,22.1257146313014));
#5353=CARTESIAN_POINT('Ctrl Pts',(-47.0000996828426,-8.19118767242718,22.1163745432536));
#5354=CARTESIAN_POINT('Ctrl Pts',(-47.0000679273204,-8.2404987332477,22.1100467023993));
#5355=CARTESIAN_POINT('Ctrl Pts',(-47.0000554936926,-8.25980609563652,22.1075690855222));
#5356=CARTESIAN_POINT('Ctrl Pts',(-47.0000443847498,-8.27918642078693,22.105553817912));
#5357=CARTESIAN_POINT('Ctrl Pts',(-47.0000348235786,-8.298620839614,22.1040023460749));
#5358=CARTESIAN_POINT('Ctrl Pts',(-47.0000103361788,-8.3483949069938,22.1000288254647));
#5359=CARTESIAN_POINT('Ctrl Pts',(-46.9999950318322,-8.39830083599032,22.0991116317273));
#5360=CARTESIAN_POINT('Ctrl Pts',(-46.9999821905713,-8.44802288554431,22.1012294107189));
#5361=CARTESIAN_POINT('Ctrl Pts',(-46.9999694763779,-8.49725292273564,22.1033262337472));
#5362=CARTESIAN_POINT('Ctrl Pts',(-46.9999595010817,-8.54630375478911,22.1083983359718));
#5363=CARTESIAN_POINT('Ctrl Pts',(-46.9999496553797,-8.59486754626223,22.1164749273573));
#5364=CARTESIAN_POINT('Ctrl Pts',(-46.9999427761693,-8.62879915841387,22.1221180569007));
#5365=CARTESIAN_POINT('Ctrl Pts',(-46.9999360463594,-8.66249299342794,22.1292289603059));
#5366=CARTESIAN_POINT('Ctrl Pts',(-46.9999284589295,-8.6958395142388,22.1378320958384));
#5367=CARTESIAN_POINT('Ctrl Pts',(-46.9999233848428,-8.71813996925172,22.1435854347849));
#5368=CARTESIAN_POINT('Ctrl Pts',(-46.9999179206534,-8.74028499990714,22.1500064220938));
#5369=CARTESIAN_POINT('Ctrl Pts',(-46.9999131933002,-8.7622456490796,22.157083726861));
#5370=CARTESIAN_POINT('Ctrl Pts',(-46.9999031071449,-8.8091003064194,22.172183676191));
#5371=CARTESIAN_POINT('Ctrl Pts',(-46.999894900684,-8.85488009141354,22.190191491291));
#5372=CARTESIAN_POINT('Ctrl Pts',(-46.99989326492,-8.8993258209883,22.2109443642962));
#5373=CARTESIAN_POINT('Ctrl Pts',(-46.9998916386776,-8.94351283695743,22.2315764371558));
#5374=CARTESIAN_POINT('Ctrl Pts',(-46.999896805325,-8.98638219473748,22.2549223079203));
#5375=CARTESIAN_POINT('Ctrl Pts',(-46.9999082516675,-9.02765250780197,22.2808652316257));
#5376=CARTESIAN_POINT('Ctrl Pts',(-46.9999193423507,-9.06764047478376,22.3060020600021));
#5377=CARTESIAN_POINT('Ctrl Pts',(-46.9999365678759,-9.1061278991755,22.3335777105552));
#5378=CARTESIAN_POINT('Ctrl Pts',(-46.9999507658923,-9.14282232526801,22.3635172811692));
#5379=CARTESIAN_POINT('Ctrl Pts',(-46.9999531112847,-9.14888393467559,22.3684630454779));
#5380=CARTESIAN_POINT('Ctrl Pts',(-46.9999553496472,-9.15489652021992,22.3734733760211));
#5381=CARTESIAN_POINT('Ctrl Pts',(-46.999957408835,-9.16085864393773,22.3785480022368));
#5382=CARTESIAN_POINT('Ctrl Pts',(-46.999963733931,-9.17917217703948,22.3941354572408));
#5383=CARTESIAN_POINT('Ctrl Pts',(-46.9999681890261,-9.19695247786328,22.4102805615565));
#5384=CARTESIAN_POINT('Ctrl Pts',(-46.999969085649,-9.21416639762981,22.4269667156032));
#5385=CARTESIAN_POINT('Ctrl Pts',(-46.9999708903524,-9.24881420988408,22.4605522522212));
#5386=CARTESIAN_POINT('Ctrl Pts',(-46.9999591363131,-9.28117012056672,22.4963280208815));
#5387=CARTESIAN_POINT('Ctrl Pts',(-46.999952583681,-9.31107182286736,22.5340461451137));
#5388=CARTESIAN_POINT('Ctrl Pts',(-46.9999461612419,-9.34037941383154,22.5710148549824));
#5389=CARTESIAN_POINT('Ctrl Pts',(-46.9999448875714,-9.3673297525677,22.6098504756709));
#5390=CARTESIAN_POINT('Ctrl Pts',(-46.9999527742116,-9.39172722946802,22.6503394971145));
#5391=CARTESIAN_POINT('Ctrl Pts',(-46.9999571762397,-9.40534499009508,22.6729389570625));
#5392=CARTESIAN_POINT('Ctrl Pts',(-46.9999641746302,-9.41816661646759,22.6960538029684));
#5393=CARTESIAN_POINT('Ctrl Pts',(-46.9999722790557,-9.43015138536105,22.719648002913));
#5394=CARTESIAN_POINT('Ctrl Pts',(-46.9999869134348,-9.45179260501915,22.7622526845884));
#5395=CARTESIAN_POINT('Ctrl Pts',(-47.0000060674461,-9.47054595395802,22.806100941762));
#5396=CARTESIAN_POINT('Ctrl Pts',(-47.0000194809556,-9.486259985773,22.8509357241903));
#5397=CARTESIAN_POINT('Ctrl Pts',(-47.0000268964572,-9.49494730426552,22.875722108683));
#5398=CARTESIAN_POINT('Ctrl Pts',(-47.0000322786938,-9.50270496913147,22.9008104401216));
#5399=CARTESIAN_POINT('Ctrl Pts',(-47.000031619013,-9.50950128998812,22.9261594886208));
#5400=CARTESIAN_POINT('Ctrl Pts',(-47.0000304272492,-9.52177936125792,22.9719544754469));
#5401=CARTESIAN_POINT('Ctrl Pts',(-47.0000105965266,-9.53092261478298,23.0186006982009));
#5402=CARTESIAN_POINT('Ctrl Pts',(-46.9999928613259,-9.53690392276699,23.0658031097251));
#5403=CARTESIAN_POINT('Ctrl Pts',(-46.9999861071848,-9.53918179931869,23.0837793227344));
#5404=CARTESIAN_POINT('Ctrl Pts',(-46.9999794637212,-9.54100059020514,23.1018361742208));
#5405=CARTESIAN_POINT('Ctrl Pts',(-46.9999733578166,-9.54235695426614,23.1199570669046));
#5406=CARTESIAN_POINT('Ctrl Pts',(-46.9999643790142,-9.54435150309588,23.1466040463812));
#5407=CARTESIAN_POINT('Ctrl Pts',(-46.9999579433476,-9.54533702281477,23.1732701723486));
#5408=CARTESIAN_POINT('Ctrl Pts',(-46.9999542496027,-9.54532568791543,23.1999010364097));
#5409=CARTESIAN_POINT('',(-50.5,-6.05493150073495,23.5));
#5410=CARTESIAN_POINT('Ctrl Pts',(-50.5000012045083,-6.05493151035238,23.5));
#5411=CARTESIAN_POINT('Ctrl Pts',(-49.2939657004324,-6.4406134434448,23.5));
#5412=CARTESIAN_POINT('Ctrl Pts',(-48.1448567210639,-6.90577853508325,23.5));
#5413=CARTESIAN_POINT('Ctrl Pts',(-47.0016994640295,-7.28274199162841,23.5));
#5414=CARTESIAN_POINT('',(-50.4999999999102,-8.32987904985403,23.2));
#5415=CARTESIAN_POINT('Ctrl Pts',(-50.4977026982989,-8.33156690494624,23.1999010364097));
#5416=CARTESIAN_POINT('Ctrl Pts',(-50.497709977323,-8.33158701425726,23.1520979159744));
#5417=CARTESIAN_POINT('Ctrl Pts',(-50.497742242595,-8.32834327033024,23.1044550803474));
#5418=CARTESIAN_POINT('Ctrl Pts',(-50.4977869140662,-8.32186788315009,23.0572755110171));
#5419=CARTESIAN_POINT('Ctrl Pts',(-50.4978287589473,-8.3158022264952,23.0130812318609));
#5420=CARTESIAN_POINT('Ctrl Pts',(-50.4978813530064,-8.30690050952829,22.9692925306847));
#5421=CARTESIAN_POINT('Ctrl Pts',(-50.497922500602,-8.29514946937903,22.9261594886208));
#5422=CARTESIAN_POINT('Ctrl Pts',(-50.497946127245,-8.28840210960225,22.9013928169582));
#5423=CARTESIAN_POINT('Ctrl Pts',(-50.4979657613841,-8.28071460057762,22.8768424125264));
#5424=CARTESIAN_POINT('Ctrl Pts',(-50.4979860772155,-8.27210972654846,22.8525487208711));
#5425=CARTESIAN_POINT('Ctrl Pts',(-50.498022822648,-8.25654601120626,22.8086084958017));
#5426=CARTESIAN_POINT('Ctrl Pts',(-50.4980602925545,-8.23810661902272,22.7658511994614));
#5427=CARTESIAN_POINT('Ctrl Pts',(-50.498112873861,-8.2170286502128,22.7244785908771));
#5428=CARTESIAN_POINT('Ctrl Pts',(-50.4981671823854,-8.19525830133078,22.6817469533478));
#5429=CARTESIAN_POINT('Ctrl Pts',(-50.4982375078919,-8.17067288414903,22.6404914965198));
#5430=CARTESIAN_POINT('Ctrl Pts',(-50.4983229282305,-8.1434803397218,22.6009408094017));
#5431=CARTESIAN_POINT('Ctrl Pts',(-50.4984013285551,-8.11852253290777,22.5646404767462));
#5432=CARTESIAN_POINT('Ctrl Pts',(-50.4984921459237,-8.09136758681514,22.5297757326232));
#5433=CARTESIAN_POINT('Ctrl Pts',(-50.4985841370891,-8.06214238685106,22.4965385140612));
#5434=CARTESIAN_POINT('Ctrl Pts',(-50.4986510419359,-8.04088700304107,22.4723652034189));
#5435=CARTESIAN_POINT('Ctrl Pts',(-50.4987168075438,-8.01862586576153,22.4491551117415));
#5436=CARTESIAN_POINT('Ctrl Pts',(-50.4987763299855,-7.99542528173941,22.4269667156032));
#5437=CARTESIAN_POINT('Ctrl Pts',(-50.4988643260811,-7.96112627199881,22.3941640924214));
#5438=CARTESIAN_POINT('Ctrl Pts',(-50.4989393881031,-7.92477603410473,22.3635927737152));
#5439=CARTESIAN_POINT('Ctrl Pts',(-50.4990153829626,-7.88667708193561,22.3353305435024));
#5440=CARTESIAN_POINT('Ctrl Pts',(-50.4990936353977,-7.84744632598521,22.3062287285451));
#5441=CARTESIAN_POINT('Ctrl Pts',(-50.4991726555086,-7.80636069682012,22.2795745456798));
#5442=CARTESIAN_POINT('Ctrl Pts',(-50.4992533582505,-7.76370957872916,22.2554864000362));
#5443=CARTESIAN_POINT('Ctrl Pts',(-50.4992833454181,-7.74786146510233,22.2465358335257));
#5444=CARTESIAN_POINT('Ctrl Pts',(-50.4993134442512,-7.73179686644186,22.2379399337142));
#5445=CARTESIAN_POINT('Ctrl Pts',(-50.4993433191667,-7.71552956693191,22.2297062048479));
#5446=CARTESIAN_POINT('Ctrl Pts',(-50.4994250319641,-7.67103583270761,22.2071856049397));
#5447=CARTESIAN_POINT('Ctrl Pts',(-50.4995041226305,-7.62524405682272,22.1874807282195));
#5448=CARTESIAN_POINT('Ctrl Pts',(-50.4995804728167,-7.57845675831625,22.1706962471072));
#5449=CARTESIAN_POINT('Ctrl Pts',(-50.4996379188681,-7.54325389000197,22.15806756588));
#5450=CARTESIAN_POINT('Ctrl Pts',(-50.4996934656781,-7.50748649689037,22.1470927950749));
#5451=CARTESIAN_POINT('Ctrl Pts',(-50.4997427562623,-7.47127269568795,22.1378320958384));
#5452=CARTESIAN_POINT('Ctrl Pts',(-50.499808384128,-7.42305589072735,22.1255019533496));
#5453=CARTESIAN_POINT('Ctrl Pts',(-50.4998630289948,-7.374047654632,22.1162083307704));
#5454=CARTESIAN_POINT('Ctrl Pts',(-50.4999070009063,-7.32456493011325,22.1099256519773));
#5455=CARTESIAN_POINT('Ctrl Pts',(-50.4999229043529,-7.30666837212976,22.107653377635));
#5456=CARTESIAN_POINT('Ctrl Pts',(-50.4999373551105,-7.28870965744287,22.1057754437007));
#5457=CARTESIAN_POINT('Ctrl Pts',(-50.4999502209807,-7.27070362473409,22.10429229543));
#5458=CARTESIAN_POINT('Ctrl Pts',(-50.4999859643877,-7.22068003927052,22.1001718767085));
#5459=CARTESIAN_POINT('Ctrl Pts',(-50.5000104400645,-7.1705038577695,22.0991121865982));
#5460=CARTESIAN_POINT('Ctrl Pts',(-50.5000297176894,-7.12049257635311,22.1010805632346));
#5461=CARTESIAN_POINT('Ctrl Pts',(-50.5000488492309,-7.07086027424621,22.1030340237562));
#5462=CARTESIAN_POINT('Ctrl Pts',(-50.500062526137,-7.02138932548235,22.1079699168626));
#5463=CARTESIAN_POINT('Ctrl Pts',(-50.5000734587932,-6.97239111019784,22.1159065739893));
#5464=CARTESIAN_POINT('Ctrl Pts',(-50.5000814297432,-6.93666673401729,22.1216931546467));
#5465=CARTESIAN_POINT('Ctrl Pts',(-50.5000878557684,-6.9011936129217,22.1290759155506));
#5466=CARTESIAN_POINT('Ctrl Pts',(-50.5000942316015,-6.8660976413753,22.1380787139172));
#5467=CARTESIAN_POINT('Ctrl Pts',(-50.5000981800836,-6.84436309865494,22.1436540462724));
#5468=CARTESIAN_POINT('Ctrl Pts',(-50.500102124439,-6.82277331423721,22.1498510026968));
#5469=CARTESIAN_POINT('Ctrl Pts',(-50.5001051917532,-6.80135509159407,22.1566602574623));
#5470=CARTESIAN_POINT('Ctrl Pts',(-50.5001119424815,-6.75421658649311,22.1716464725112));
#5471=CARTESIAN_POINT('Ctrl Pts',(-50.5001157620341,-6.70813601935803,22.1895225023249));
#5472=CARTESIAN_POINT('Ctrl Pts',(-50.5001121205992,-6.66337868189848,22.2101399777695));
#5473=CARTESIAN_POINT('Ctrl Pts',(-50.5001085118601,-6.61902321317894,22.2305723323078));
#5474=CARTESIAN_POINT('Ctrl Pts',(-50.5000972692728,-6.57596642305156,22.2536977136368));
#5475=CARTESIAN_POINT('Ctrl Pts',(-50.5000799494278,-6.53449381778184,22.2794140200443));
#5476=CARTESIAN_POINT('Ctrl Pts',(-50.5000632166229,-6.49442688826982,22.3042586959318));
#5477=CARTESIAN_POINT('Ctrl Pts',(-50.5000405728199,-6.45583792978763,22.3315222658001));
#5478=CARTESIAN_POINT('Ctrl Pts',(-50.5000229171691,-6.41902094285807,22.361143251727));
#5479=CARTESIAN_POINT('Ctrl Pts',(-50.5000195065433,-6.41190883094721,22.3668652780087));
#5480=CARTESIAN_POINT('Ctrl Pts',(-50.5000163175474,-6.40486297225236,22.3726753534831));
#5481=CARTESIAN_POINT('Ctrl Pts',(-50.500013483125,-6.39788568183227,22.3785731432407));
#5482=CARTESIAN_POINT('Ctrl Pts',(-50.5000060194514,-6.37951290140759,22.3941033547815));
#5483=CARTESIAN_POINT('Ctrl Pts',(-50.500001106302,-6.36167230955628,22.4101934765983));
#5484=CARTESIAN_POINT('Ctrl Pts',(-50.5000006700343,-6.34439784666251,22.4268288241813));
#5485=CARTESIAN_POINT('Ctrl Pts',(-50.4999997913811,-6.30960668161844,22.4603327963097));
#5486=CARTESIAN_POINT('Ctrl Pts',(-50.5000161786106,-6.27710920614646,22.4960467453115));
#5487=CARTESIAN_POINT('Ctrl Pts',(-50.50002866245,-6.24706921542639,22.5337226488948));
#5488=CARTESIAN_POINT('Ctrl Pts',(-50.5000408770431,-6.21767711501853,22.5705859739003));
#5489=CARTESIAN_POINT('Ctrl Pts',(-50.5000492016655,-6.19063726576151,22.6093285185922));
#5490=CARTESIAN_POINT('Ctrl Pts',(-50.5000480355045,-6.16614610752479,22.6497364144093));
#5491=CARTESIAN_POINT('Ctrl Pts',(-50.500047373061,-6.15223378354985,22.6726903201544));
#5492=CARTESIAN_POINT('Ctrl Pts',(-50.5000439201702,-6.13914470393298,22.6961818712069));
#5493=CARTESIAN_POINT('Ctrl Pts',(-50.5000390661174,-6.12692199594452,22.720172800791));
#5494=CARTESIAN_POINT('Ctrl Pts',(-50.5000304489446,-6.10522359488292,22.7627627745061));
#5495=CARTESIAN_POINT('Ctrl Pts',(-50.5000160582723,-6.08641844916926,22.8066011629896));
#5496=CARTESIAN_POINT('Ctrl Pts',(-50.5000060276808,-6.07065703600957,22.8514274360067));
#5497=CARTESIAN_POINT('Ctrl Pts',(-50.5000005143662,-6.06199377539013,22.8760661966184));
#5498=CARTESIAN_POINT('Ctrl Pts',(-50.4999966040892,-6.05425081945678,22.9010038278464));
#5499=CARTESIAN_POINT('Ctrl Pts',(-50.4999982822142,-6.0474591585892,22.9261991018421));
#5500=CARTESIAN_POINT('Ctrl Pts',(-50.5000013292058,-6.03512745893144,22.9719464614006));
#5501=CARTESIAN_POINT('Ctrl Pts',(-50.5000216941298,-6.02592927411891,23.0185435994139));
#5502=CARTESIAN_POINT('Ctrl Pts',(-50.5000382240585,-6.01990056865098,23.0657007466181));
#5503=CARTESIAN_POINT('Ctrl Pts',(-50.5000444439479,-6.01763208452806,23.0834450601003));
#5504=CARTESIAN_POINT('Ctrl Pts',(-50.5000503146582,-6.01581284223311,23.1012686266545));
#5505=CARTESIAN_POINT('Ctrl Pts',(-50.5000554168419,-6.01444651978424,23.1191556876635));
#5506=CARTESIAN_POINT('Ctrl Pts',(-50.5000689461508,-6.01082348317407,23.1665862754706));
#5507=CARTESIAN_POINT('Ctrl Pts',(-50.5000752636438,-6.01041155743323,23.2140722314445));
#5508=CARTESIAN_POINT('Ctrl Pts',(-50.5000689087049,-6.01315797944208,23.2613131223037));
#5509=CARTESIAN_POINT('Ctrl Pts',(-50.500062533721,-6.01591306428558,23.3087030215912));
#5510=CARTESIAN_POINT('Ctrl Pts',(-50.5000434160631,-6.0218464611261,23.355847412271));
#5511=CARTESIAN_POINT('Ctrl Pts',(-50.5000254887963,-6.03095260006955,23.4024478244863));
#5512=CARTESIAN_POINT('Ctrl Pts',(-50.5000128617542,-6.03736649471492,23.4352707515508));
#5513=CARTESIAN_POINT('Ctrl Pts',(-50.50000122912,-6.04535539908095,23.4678239324925));
#5514=CARTESIAN_POINT('Ctrl Pts',(-50.5000012045083,-6.05493151035237,23.5));
#5515=CARTESIAN_POINT('Ctrl Pts',(-50.4979057958354,-8.28750405740552,23.5));
#5516=CARTESIAN_POINT('Ctrl Pts',(-50.4978613770785,-8.3011801863082,23.4544934628582));
#5517=CARTESIAN_POINT('Ctrl Pts',(-50.4978061641125,-8.31170245223258,23.4080951882538));
#5518=CARTESIAN_POINT('Ctrl Pts',(-50.4977659765407,-8.31903674879391,23.3610986018426));
#5519=CARTESIAN_POINT('Ctrl Pts',(-50.4977349660809,-8.32469620762282,23.3248340134572));
#5520=CARTESIAN_POINT('Ctrl Pts',(-50.4977126136311,-8.32845647282019,23.288212810905));
#5521=CARTESIAN_POINT('Ctrl Pts',(-50.4977047290573,-8.33028163348561,23.2513722208037));
#5522=CARTESIAN_POINT('Ctrl Pts',(-50.497701054779,-8.33113217386265,23.2342041928109));
#5523=CARTESIAN_POINT('Ctrl Pts',(-50.4977002589561,-8.33155963469544,23.2170423439927));
#5524=CARTESIAN_POINT('Ctrl Pts',(-50.4977026982989,-8.33156690494624,23.1999010364097));
#5525=CARTESIAN_POINT('Ctrl Pts',(-38.4999999999803,-9.25535809554441,22.2736885540144));
#5526=CARTESIAN_POINT('Ctrl Pts',(-38.479257544912,-9.2575570225381,22.2736885540144));
#5527=CARTESIAN_POINT('Ctrl Pts',(-38.4585002464404,-9.25975273832437,22.2736885540144));
#5528=CARTESIAN_POINT('Ctrl Pts',(-38.4377281054726,-9.26194524270557,22.2736885540144));
#5529=CARTESIAN_POINT('Ctrl Pts',(-38.52985952483,-9.53702267755756,22.0922871404974));
#5530=CARTESIAN_POINT('Ctrl Pts',(-38.5090744013863,-9.5392261278655,22.0922871404974));
#5531=CARTESIAN_POINT('Ctrl Pts',(-38.4882739959086,-9.54142640350889,22.0922871404974));
#5532=CARTESIAN_POINT('Ctrl Pts',(-38.4674593013883,-9.5436233994276,22.0922871404974));
#5533=CARTESIAN_POINT('Ctrl Pts',(-38.5947143562356,-10.1487976160842,22.025924963268));
#5534=CARTESIAN_POINT('Ctrl Pts',(-38.5738359593089,-10.151010954401,22.025924963268));
#5535=CARTESIAN_POINT('Ctrl Pts',(-38.5529431195916,-10.1532210077328,22.025924963268));
#5536=CARTESIAN_POINT('Ctrl Pts',(-38.5320354025922,-10.1554278221962,22.025924963268));
#5537=CARTESIAN_POINT('Ctrl Pts',(-38.6636267132134,-10.7988471504081,22.5290074072428));
#5538=CARTESIAN_POINT('Ctrl Pts',(-38.6426495724673,-10.8010709566493,22.5290074072428));
#5539=CARTESIAN_POINT('Ctrl Pts',(-38.6216577862097,-10.8032914765411,22.5290074072428));
#5540=CARTESIAN_POINT('Ctrl Pts',(-38.6006515911159,-10.8055086853905,22.5290074072428));
#5541=CARTESIAN_POINT('Ctrl Pts',(-38.6785029145583,-10.9391742003134,22.9757650034145));
#5542=CARTESIAN_POINT('Ctrl Pts',(-38.657504326534,-10.9414002802005,22.9757650034145));
#5543=CARTESIAN_POINT('Ctrl Pts',(-38.6364914428423,-10.9436230317776,22.9757650034145));
#5544=CARTESIAN_POINT('Ctrl Pts',(-38.6154638581862,-10.9458424983004,22.9757650034145));
#5545=CARTESIAN_POINT('Ctrl Pts',(-38.6785029145583,-10.9391742003134,23.2));
#5546=CARTESIAN_POINT('Ctrl Pts',(-38.6575043939154,-10.9414002730573,23.2));
#5547=CARTESIAN_POINT('Ctrl Pts',(-38.6364913756423,-10.9436230388706,23.2));
#5548=CARTESIAN_POINT('Ctrl Pts',(-38.6154638581862,-10.9458424983004,23.2));
#5549=CARTESIAN_POINT('',(-38.5,-9.8519192387121,22.1));
#5550=CARTESIAN_POINT('Ctrl Pts',(-38.5,-9.25535809573076,22.2736885538944));
#5551=CARTESIAN_POINT('Ctrl Pts',(-38.5,-9.29478557842803,22.2485781349234));
#5552=CARTESIAN_POINT('Ctrl Pts',(-38.5000053247599,-9.33576621426607,22.2262396324592));
#5553=CARTESIAN_POINT('Ctrl Pts',(-38.5000113481164,-9.37799985640228,22.2066346390038));
#5554=CARTESIAN_POINT('Ctrl Pts',(-38.5000175470217,-9.4214643843482,22.1864582643693));
#5555=CARTESIAN_POINT('Ctrl Pts',(-38.500024586383,-9.46625698752656,22.1691767434548));
#5556=CARTESIAN_POINT('Ctrl Pts',(-38.5000302820978,-9.51207517437559,22.1547965524681));
#5557=CARTESIAN_POINT('Ctrl Pts',(-38.5000314241524,-9.52126223443053,22.1519131629829));
#5558=CARTESIAN_POINT('Ctrl Pts',(-38.5000325182387,-9.53049057720586,22.1491465810002));
#5559=CARTESIAN_POINT('Ctrl Pts',(-38.5000335543096,-9.53975782379301,22.1464971013798));
#5560=CARTESIAN_POINT('Ctrl Pts',(-38.5000387153018,-9.58592086429442,22.133299218505));
#5561=CARTESIAN_POINT('Ctrl Pts',(-38.5000424047499,-9.63284174344942,22.1230619890339));
#5562=CARTESIAN_POINT('Ctrl Pts',(-38.5000439883873,-9.68021390632383,22.1157730816144));
#5563=CARTESIAN_POINT('Ctrl Pts',(-38.50004558262,-9.7279030103769,22.1084354081103));
#5564=CARTESIAN_POINT('Ctrl Pts',(-38.5000451619716,-9.77605058823937,22.1040854922676));
#5565=CARTESIAN_POINT('Ctrl Pts',(-38.5000433728724,-9.82435333532179,22.1027618046117));
#5566=CARTESIAN_POINT('Ctrl Pts',(-38.5000430277835,-9.83367017162303,22.1025064861888));
#5567=CARTESIAN_POINT('Ctrl Pts',(-38.5000426325023,-9.84299277927853,22.1023639119766));
#5568=CARTESIAN_POINT('Ctrl Pts',(-38.5000421913279,-9.85231896636326,22.1023345823251));
#5569=CARTESIAN_POINT('',(-38.6154638582061,-10.9458424982983,23.2));
#5570=CARTESIAN_POINT('Ctrl Pts',(-38.6785029145583,-10.9391742003134,23.2));
#5571=CARTESIAN_POINT('Ctrl Pts',(-38.6575043939154,-10.9414002730573,23.2));
#5572=CARTESIAN_POINT('Ctrl Pts',(-38.6364913756423,-10.9436230388706,23.2));
#5573=CARTESIAN_POINT('Ctrl Pts',(-38.6154638581862,-10.9458424983004,23.2));
#5574=CARTESIAN_POINT('Origin',(-38.5000000000198,-9.85191923889991,23.2));
#5575=CARTESIAN_POINT('Ctrl Pts',(-38.512441272935,-10.5664183776388,23.5276130852798));
#5576=CARTESIAN_POINT('Ctrl Pts',(-38.7260194806084,-10.5664183776387,23.43138389728));
#5577=CARTESIAN_POINT('Ctrl Pts',(-38.9504287686401,-10.5664183776387,23.3577693286823));
#5578=CARTESIAN_POINT('Ctrl Pts',(-39.1869517255843,-10.5664183776387,23.300798266433));
#5579=CARTESIAN_POINT('Ctrl Pts',(-38.4206993932019,-10.5231917054352,23.323994342887));
#5580=CARTESIAN_POINT('Ctrl Pts',(-38.6482702114153,-10.5231917054352,23.2214606841974));
#5581=CARTESIAN_POINT('Ctrl Pts',(-38.8870993537647,-10.5231917054352,23.1433041764219));
#5582=CARTESIAN_POINT('Ctrl Pts',(-39.1346536885873,-10.5231917054352,23.0836759965553));
#5583=CARTESIAN_POINT('Ctrl Pts',(-38.2488866187936,-10.2936598738426,22.942660309251));
#5584=CARTESIAN_POINT('Ctrl Pts',(-38.5025786409914,-10.2936598738426,22.828357555407));
#5585=CARTESIAN_POINT('Ctrl Pts',(-38.7685631809241,-10.2936598738426,22.7416412141502));
#5586=CARTESIAN_POINT('Ctrl Pts',(-39.0367107332142,-10.2936598738426,22.677052765355));
#5587=CARTESIAN_POINT('Ctrl Pts',(-38.1637200374376,-9.86396658175073,22.7536352724843));
#5588=CARTESIAN_POINT('Ctrl Pts',(-38.4304636141975,-9.86396658175072,22.6334520474475));
#5589=CARTESIAN_POINT('Ctrl Pts',(-38.7097239582297,-9.86396658175073,22.5425588873571));
#5590=CARTESIAN_POINT('Ctrl Pts',(-38.988160986516,-9.86396658175073,22.4754920221532));
#5591=CARTESIAN_POINT('Ctrl Pts',(-38.1507892963772,-9.6386782163016,22.7249358252899));
#5592=CARTESIAN_POINT('Ctrl Pts',(-38.4194484961451,-9.63867821630159,22.603889502615));
#5593=CARTESIAN_POINT('Ctrl Pts',(-38.7008424848276,-9.6386782163016,22.5123199246958));
#5594=CARTESIAN_POINT('Ctrl Pts',(-38.980789736043,-9.6386782163016,22.444889293515));
#5595=CARTESIAN_POINT('',(-38.499999992121,-9.6386782163016,22.5855652618796));
#5596=CARTESIAN_POINT('Ctrl Pts',(-38.5000000000001,-9.63867821710098,22.5855652564798));
#5597=CARTESIAN_POINT('Ctrl Pts',(-38.5000000000001,-9.66859933724208,22.5899948422615));
#5598=CARTESIAN_POINT('Ctrl Pts',(-38.4999999999999,-9.69837126611127,22.5957346627444));
#5599=CARTESIAN_POINT('Ctrl Pts',(-38.4999999999999,-9.8612728728675,22.6345854044699));
#5600=CARTESIAN_POINT('Ctrl Pts',(-38.5000000000023,-9.98677378919044,22.6922130268441));
#5601=CARTESIAN_POINT('Ctrl Pts',(-38.5000000000023,-10.2152567599998,22.8551473454235));
#5602=CARTESIAN_POINT('Ctrl Pts',(-38.5000000000131,-10.314227985891,22.960495830296));
#5603=CARTESIAN_POINT('Ctrl Pts',(-38.5000000000131,-10.4736308263425,23.2090320738145));
#5604=CARTESIAN_POINT('Ctrl Pts',(-38.5,-10.5298739240984,23.3512019322393));
#5605=CARTESIAN_POINT('Ctrl Pts',(-38.5,-10.5601132511939,23.5));
#5606=CARTESIAN_POINT('',(-38.5436657902463,-9.6672570329793,22.5751455070681));
#5607=CARTESIAN_POINT('Ctrl Pts',(-38.5434167880619,-9.66725366775025,22.5755452677831));
#5608=CARTESIAN_POINT('Ctrl Pts',(-38.5289285144904,-9.65754387699639,22.5787440160254));
#5609=CARTESIAN_POINT('Ctrl Pts',(-38.5143695258146,-9.64801663384598,22.5822176013257));
#5610=CARTESIAN_POINT('Ctrl Pts',(-38.4997603976153,-9.63867821630159,22.5859481781819));
#5611=CARTESIAN_POINT('',(-38.6659713341266,-10.4879766480439,23.2));
#5612=CARTESIAN_POINT('Ctrl Pts',(-38.6659713341266,-10.4879766480439,23.2));
#5613=CARTESIAN_POINT('Ctrl Pts',(-38.7186514770186,-10.4823784497411,23.1677190677119));
#5614=CARTESIAN_POINT('Ctrl Pts',(-38.7702016888432,-10.4744770509319,23.1325494614892));
#5615=CARTESIAN_POINT('Ctrl Pts',(-38.900330565006,-10.4433843476038,23.0287813314284));
#5616=CARTESIAN_POINT('Ctrl Pts',(-38.9538628767039,-10.4169512234803,22.9681886207605));
#5617=CARTESIAN_POINT('Ctrl Pts',(-39.0148789673775,-10.3646567683681,22.8750275980586));
#5618=CARTESIAN_POINT('Ctrl Pts',(-39.0337152535024,-10.3372537076759,22.8338132089712));
#5619=CARTESIAN_POINT('Ctrl Pts',(-39.0494535491842,-10.2755980749491,22.7594652928098));
#5620=CARTESIAN_POINT('Ctrl Pts',(-39.0489382676172,-10.2444418702773,22.7277951920899));
#5621=CARTESIAN_POINT('Ctrl Pts',(-39.0326898135193,-10.1744013670684,22.6686854763015));
#5622=CARTESIAN_POINT('Ctrl Pts',(-39.0161896011849,-10.1367490529863,22.6431536877927));
#5623=CARTESIAN_POINT('Ctrl Pts',(-38.9642642240142,-10.0479396917695,22.5946280852317));
#5624=CARTESIAN_POINT('Ctrl Pts',(-38.9246681087897,-9.99741637163468,22.576069117859));
#5625=CARTESIAN_POINT('Ctrl Pts',(-38.835570648504,-9.90020697795662,22.5530247109085));
#5626=CARTESIAN_POINT('Ctrl Pts',(-38.7848497522477,-9.8527978193493,22.5488683991054));
#5627=CARTESIAN_POINT('Ctrl Pts',(-38.6721571343709,-9.75800204863765,22.5518597795295));
#5628=CARTESIAN_POINT('Ctrl Pts',(-38.6082468219136,-9.71054727421892,22.560859555201));
#5629=CARTESIAN_POINT('Ctrl Pts',(-38.5436657902247,-9.6672570329648,22.5751455070729));
#5630=CARTESIAN_POINT('',(-38.6310283430883,-10.4913470696978,23.2209129645801));
#5631=CARTESIAN_POINT('Ctrl Pts',(-38.6311670545013,-10.4909646110393,23.2211554803901));
#5632=CARTESIAN_POINT('Ctrl Pts',(-38.6428420021402,-10.4899448488941,23.2143388275175));
#5633=CARTESIAN_POINT('Ctrl Pts',(-38.6545150655599,-10.488820635069,23.2073701431816));
#5634=CARTESIAN_POINT('Ctrl Pts',(-38.6661210068013,-10.487583033266,23.2002652227541));
#5635=CARTESIAN_POINT('',(-38.567971285515,-10.4958901865398,23.2564032174959));
#5636=CARTESIAN_POINT('Ctrl Pts',(-38.568079359033,-10.4955242154329,23.2565960257924));
#5637=CARTESIAN_POINT('Ctrl Pts',(-38.5892935985739,-10.4942888020443,23.2451140123977));
#5638=CARTESIAN_POINT('Ctrl Pts',(-38.6103687445635,-10.4927812640826,23.2332989917419));
#5639=CARTESIAN_POINT('Ctrl Pts',(-38.6311670545013,-10.4909646110393,23.2211554803901));
#5640=CARTESIAN_POINT('Ctrl Pts',(-38.5754454942262,-10.5664183776387,23.5000106844959));
#5641=CARTESIAN_POINT('Ctrl Pts',(-38.5745662707492,-10.5579464370587,23.4528118972164));
#5642=CARTESIAN_POINT('Ctrl Pts',(-38.5734045644394,-10.5466627136741,23.4061047119668));
#5643=CARTESIAN_POINT('Ctrl Pts',(-38.5719427936194,-10.5325703740376,23.3601273937905));
#5644=CARTESIAN_POINT('Ctrl Pts',(-38.5717293841196,-10.5305129796013,23.353414989672));
#5645=CARTESIAN_POINT('Ctrl Pts',(-38.5715096048926,-10.528395676565,23.346718216544));
#5646=CARTESIAN_POINT('Ctrl Pts',(-38.5712834301316,-10.5262184298787,23.3400378955635));
#5647=CARTESIAN_POINT('Ctrl Pts',(-38.5703268914595,-10.5170104146041,23.3117854710617));
#5648=CARTESIAN_POINT('Ctrl Pts',(-38.5692567550379,-10.5067720028282,23.2839551333208));
#5649=CARTESIAN_POINT('Ctrl Pts',(-38.5680793590271,-10.4955242154348,23.2565960257992));
#5650=CARTESIAN_POINT('Ctrl Pts',(-38.2232167865384,-8.87307567646048,22.8856867768089));
#5651=CARTESIAN_POINT('Ctrl Pts',(-38.6182102125335,-8.87307567646048,22.707719665544));
#5652=CARTESIAN_POINT('Ctrl Pts',(-39.4613254767652,-8.87307567646048,22.4904482603045));
#5653=CARTESIAN_POINT('Ctrl Pts',(-40.2866155780627,-8.87307567646048,22.4252978478011));
#5654=CARTESIAN_POINT('Ctrl Pts',(-40.6881298779424,-8.87307567646048,22.4199180964095));
#5655=CARTESIAN_POINT('Ctrl Pts',(-38.2707449448282,-8.70084107880437,22.9911743016707));
#5656=CARTESIAN_POINT('Ctrl Pts',(-38.6546837618552,-8.70084107880437,22.8181879234882));
#5657=CARTESIAN_POINT('Ctrl Pts',(-39.4775848753964,-8.70084107880437,22.6056080607819));
#5658=CARTESIAN_POINT('Ctrl Pts',(-40.2938728662493,-8.70084107880437,22.5409112271219));
#5659=CARTESIAN_POINT('Ctrl Pts',(-40.6896799662496,-8.70084107880437,22.5356079445299));
#5660=CARTESIAN_POINT('Ctrl Pts',(-38.40685672323,-8.42404637438251,23.2932708929289));
#5661=CARTESIAN_POINT('Ctrl Pts',(-38.758953057044,-8.42404637438251,23.1346313731496));
#5662=CARTESIAN_POINT('Ctrl Pts',(-39.5239996072932,-8.42404637438251,22.9354819432453));
#5663=CARTESIAN_POINT('Ctrl Pts',(-40.314751455093,-8.42404637438251,22.872005102651));
#5664=CARTESIAN_POINT('Ctrl Pts',(-40.6941191299741,-8.42404637438251,22.8669220862368));
#5665=CARTESIAN_POINT('Ctrl Pts',(-38.5826957524997,-8.36770917794639,23.6835410956715));
#5666=CARTESIAN_POINT('Ctrl Pts',(-38.893746929385,-8.36770917794639,23.5433947647133));
#5667=CARTESIAN_POINT('Ctrl Pts',(-39.5840354320814,-8.36770917794639,23.361598349953));
#5668=CARTESIAN_POINT('Ctrl Pts',(-40.3416768077202,-8.36770917794639,23.2997367235405));
#5669=CARTESIAN_POINT('Ctrl Pts',(-40.6998539623982,-8.36770917794639,23.2949376315857));
#5670=CARTESIAN_POINT('Ctrl Pts',(-38.6669402809836,-8.39922387827716,23.8705196598045));
#5671=CARTESIAN_POINT('Ctrl Pts',(-38.9583193869596,-8.39922387827716,23.7392367209989));
#5672=CARTESIAN_POINT('Ctrl Pts',(-39.612792679904,-8.39922387827715,23.5657539310731));
#5673=CARTESIAN_POINT('Ctrl Pts',(-40.3545805332775,-8.39922387827716,23.5046630129989));
#5674=CARTESIAN_POINT('Ctrl Pts',(-40.7026015222289,-8.39922387827716,23.5));
#5675=CARTESIAN_POINT('',(-38.5,-8.41280987414854,23.5));
#5676=CARTESIAN_POINT('Ctrl Pts',(-40.7026015222289,-8.39922387827716,23.5));
#5677=CARTESIAN_POINT('Ctrl Pts',(-40.2256136816705,-8.39824186411521,23.5));
#5678=CARTESIAN_POINT('Ctrl Pts',(-39.8056232530874,-8.38997356650288,23.5));
#5679=CARTESIAN_POINT('Ctrl Pts',(-39.0760088131915,-8.3843859590081,23.5));
#5680=CARTESIAN_POINT('Ctrl Pts',(-38.7724839267036,-8.38786015830189,23.5));
#5681=CARTESIAN_POINT('Ctrl Pts',(-38.5,-8.41280987414854,23.5));
#5682=CARTESIAN_POINT('Ctrl Pts',(-38.5,-8.41280987414854,23.5));
#5683=CARTESIAN_POINT('Ctrl Pts',(-38.5,-8.41497056918096,23.4893679100455));
#5684=CARTESIAN_POINT('Ctrl Pts',(-38.5000000000128,-8.41726624694537,23.478758794233));
#5685=CARTESIAN_POINT('Ctrl Pts',(-38.5000000000128,-8.45575315369131,23.3112375296815));
#5686=CARTESIAN_POINT('Ctrl Pts',(-38.4999999999922,-8.52103529882895,23.1627048864557));
#5687=CARTESIAN_POINT('Ctrl Pts',(-38.4999999999922,-8.67198987412716,22.9519393284922));
#5688=CARTESIAN_POINT('Ctrl Pts',(-38.5000000000002,-8.73914958345846,22.8797939760998));
#5689=CARTESIAN_POINT('Ctrl Pts',(-38.5000000000002,-8.81474428521473,22.8176259711383));
#5690=CARTESIAN_POINT('Ctrl Pts',(-38.6310638182134,-10.4916817063675,23.2));
#5691=CARTESIAN_POINT('Ctrl Pts',(-38.6101333497897,-10.4939005648322,23.2));
#5692=CARTESIAN_POINT('Ctrl Pts',(-38.5891882918428,-10.4961161418057,23.2));
#5693=CARTESIAN_POINT('Ctrl Pts',(-38.5682286434737,-10.4983284376374,23.2));
#5694=CARTESIAN_POINT('Ctrl Pts',(-38.6310638182134,-10.4916817063675,23.0232809721115));
#5695=CARTESIAN_POINT('Ctrl Pts',(-38.6101331156239,-10.4939005896563,23.0232809721115));
#5696=CARTESIAN_POINT('Ctrl Pts',(-38.5891885253785,-10.496116117156,23.0232809721115));
#5697=CARTESIAN_POINT('Ctrl Pts',(-38.5682286434737,-10.4983284376374,23.0232809721115));
#5698=CARTESIAN_POINT('Ctrl Pts',(-38.6176519767516,-10.3651679477464,22.7309916454436));
#5699=CARTESIAN_POINT('Ctrl Pts',(-38.596740782673,-10.3673847629198,22.7309916454436));
#5700=CARTESIAN_POINT('Ctrl Pts',(-38.5758148687181,-10.369598314843,22.7309916454436));
#5701=CARTESIAN_POINT('Ctrl Pts',(-38.5548744428258,-10.3718085817377,22.7309916454436));
#5702=CARTESIAN_POINT('Ctrl Pts',(-38.5775901832829,-9.98726547378443,22.5325870581748));
#5703=CARTESIAN_POINT('Ctrl Pts',(-38.556736368348,-9.98947620614137,22.5325870581748));
#5704=CARTESIAN_POINT('Ctrl Pts',(-38.5358680263052,-9.99168366811057,22.5325870581748));
#5705=CARTESIAN_POINT('Ctrl Pts',(-38.5149848251462,-9.99388789492116,22.5325870581748));
#5706=CARTESIAN_POINT('Ctrl Pts',(-38.5519254191904,-9.74517002561581,22.5471291089198));
#5707=CARTESIAN_POINT('Ctrl Pts',(-38.5311084734497,-9.74737684943511,22.5471291089198));
#5708=CARTESIAN_POINT('Ctrl Pts',(-38.5102767931138,-9.74958043333101,22.5471291089198));
#5709=CARTESIAN_POINT('Ctrl Pts',(-38.489430361932,-9.75178077906183,22.5471291089198));
#5710=CARTESIAN_POINT('Ctrl Pts',(-38.5401851419311,-9.63442411443414,22.5855652618796));
#5711=CARTESIAN_POINT('Ctrl Pts',(-38.519385040569,-9.63662915256517,22.5855652618796));
#5712=CARTESIAN_POINT('Ctrl Pts',(-38.4985701736451,-9.63883095793925,22.5855652618796));
#5713=CARTESIAN_POINT('Ctrl Pts',(-38.4777405415128,-9.64102953052644,22.5855652618796));
#5714=CARTESIAN_POINT('',(-38.5,-9.8519192387121,22.55));
#5715=CARTESIAN_POINT('Ctrl Pts',(-38.4999872034164,-9.85179800200017,22.5502012090835));
#5716=CARTESIAN_POINT('Ctrl Pts',(-38.4999903237435,-9.81942040397878,22.5502113000666));
#5717=CARTESIAN_POINT('Ctrl Pts',(-38.4999935070998,-9.78714762561756,22.5525863689043));
#5718=CARTESIAN_POINT('Ctrl Pts',(-38.4999958614431,-9.75523573584474,22.5572904456337));
#5719=CARTESIAN_POINT('Ctrl Pts',(-38.4999981958577,-9.72359396935852,22.5619547039544));
#5720=CARTESIAN_POINT('Ctrl Pts',(-38.4999995884958,-9.69230579958612,22.5689088464065));
#5721=CARTESIAN_POINT('Ctrl Pts',(-38.4999999078566,-9.66162626197895,22.5781678644185));
#5722=CARTESIAN_POINT('Ctrl Pts',(-38.4999999878963,-9.65393720464887,22.5804884052697));
#5723=CARTESIAN_POINT('Ctrl Pts',(-38.5000000094138,-9.6462864539853,22.5829539640592));
#5724=CARTESIAN_POINT('Ctrl Pts',(-38.4999999921161,-9.63867821621399,22.5855652616241));
#5725=CARTESIAN_POINT('',(-38.5682286434935,-10.4983284376353,23.2));
#5726=CARTESIAN_POINT('Origin',(-38.5000000000198,-9.85191923889991,23.2));
#5727=CARTESIAN_POINT('',(-38.6310638182333,-10.4916817063654,23.2));
#5728=CARTESIAN_POINT('Ctrl Pts',(-38.6310638182134,-10.4916817063675,23.2));
#5729=CARTESIAN_POINT('Ctrl Pts',(-38.6101333497897,-10.4939005648322,23.2));
#5730=CARTESIAN_POINT('Ctrl Pts',(-38.5891882918428,-10.4961161418057,23.2));
#5731=CARTESIAN_POINT('Ctrl Pts',(-38.5682286434737,-10.4983284376374,23.2));
#5732=CARTESIAN_POINT('Origin',(-38.5625406790685,-9.84530365955452,23.2));
#5733=CARTESIAN_POINT('Ctrl Pts',(-38.5436657902247,-9.66725703296479,22.5751455070729));
#5734=CARTESIAN_POINT('Ctrl Pts',(-38.6900802401874,-9.65173550066643,22.5751455070729));
#5735=CARTESIAN_POINT('Ctrl Pts',(-38.835763801551,-9.6360538226494,22.5751455070729));
#5736=CARTESIAN_POINT('Ctrl Pts',(-38.9807160061821,-9.62021175762182,22.5751455070729));
#5737=CARTESIAN_POINT('Ctrl Pts',(-38.5613763690497,-9.83432073565459,22.5270072377051));
#5738=CARTESIAN_POINT('Ctrl Pts',(-38.7079696490776,-9.81878024541435,22.5270072377051));
#5739=CARTESIAN_POINT('Ctrl Pts',(-38.8538335924447,-9.80307915522166,22.5270072377051));
#5740=CARTESIAN_POINT('Ctrl Pts',(-38.9989682997603,-9.7872171441753,22.5270072377051));
#5741=CARTESIAN_POINT('Ctrl Pts',(-38.5942875267453,-10.1447713380182,22.5668322170462));
#5742=CARTESIAN_POINT('Ctrl Pts',(-38.7412130819765,-10.129195622974,22.5668322170462));
#5743=CARTESIAN_POINT('Ctrl Pts',(-38.8874123069834,-10.1134584507625,22.5668322170462));
#5744=CARTESIAN_POINT('Ctrl Pts',(-39.0328861134125,-10.0975593790159,22.5668322170462));
#5745=CARTESIAN_POINT('Ctrl Pts',(-38.6254461861086,-10.4386906421537,22.8702240492419));
#5746=CARTESIAN_POINT('Ctrl Pts',(-38.7726863003481,-10.4230815804158,22.8702240492419));
#5747=CARTESIAN_POINT('Ctrl Pts',(-38.9192029994278,-10.4073102425809,22.8702240492419));
#5748=CARTESIAN_POINT('Ctrl Pts',(-39.0649978249393,-10.3913760861304,22.8702240492419));
#5749=CARTESIAN_POINT('Ctrl Pts',(-38.6314235078223,-10.4950746546424,23.1044662700899));
#5750=CARTESIAN_POINT('Ctrl Pts',(-38.7787241039599,-10.4794591811621,23.1044662700899));
#5751=CARTESIAN_POINT('Ctrl Pts',(-38.9253014259021,-10.4636813192878,23.1044662700899));
#5752=CARTESIAN_POINT('Ctrl Pts',(-39.0711579754238,-10.4477404169186,23.1044662700899));
#5753=CARTESIAN_POINT('Ctrl Pts',(-38.6310283430684,-10.4913470696995,23.2209129645918));
#5754=CARTESIAN_POINT('Ctrl Pts',(-38.7783247460474,-10.47573204074,23.2209129645918));
#5755=CARTESIAN_POINT('Ctrl Pts',(-38.9248984534885,-10.4599545678266,23.2209129645918));
#5756=CARTESIAN_POINT('Ctrl Pts',(-39.070750723737,-10.4440141331462,23.2209129645918));
#5757=CARTESIAN_POINT('Origin',(-38.5625406790685,-9.84530365955452,23.2));
#5758=CARTESIAN_POINT('Ctrl Pts',(-38.6308053493991,-10.4892435727759,23.2564032175067));
#5759=CARTESIAN_POINT('Ctrl Pts',(-38.6098752517534,-10.4914623919341,23.2564032175067));
#5760=CARTESIAN_POINT('Ctrl Pts',(-38.5889305640839,-10.4936779297397,23.2564032175067));
#5761=CARTESIAN_POINT('Ctrl Pts',(-38.567971285495,-10.495890186541,23.2564032175067));
#5762=CARTESIAN_POINT('Ctrl Pts',(-38.6309775535332,-10.4908679725515,23.2376494769265));
#5763=CARTESIAN_POINT('Ctrl Pts',(-38.610047208841,-10.4930868178994,23.2376494769265));
#5764=CARTESIAN_POINT('Ctrl Pts',(-38.5891022745085,-10.495302381797,23.2376494769265));
#5765=CARTESIAN_POINT('Ctrl Pts',(-38.5681427495379,-10.4975146646039,23.2376494769265));
#5766=CARTESIAN_POINT('Ctrl Pts',(-38.6310638182134,-10.4916817063675,23.2188247473992));
#5767=CARTESIAN_POINT('Ctrl Pts',(-38.6101333497731,-10.493900564834,23.2188247473992));
#5768=CARTESIAN_POINT('Ctrl Pts',(-38.5891882918594,-10.496116141804,23.2188247473992));
#5769=CARTESIAN_POINT('Ctrl Pts',(-38.5682286434737,-10.4983284376374,23.2188247473992));
#5770=CARTESIAN_POINT('Ctrl Pts',(-38.6310638182134,-10.4916817063675,23.2));
#5771=CARTESIAN_POINT('Ctrl Pts',(-38.6101333497897,-10.4939005648322,23.2));
#5772=CARTESIAN_POINT('Ctrl Pts',(-38.5891882918428,-10.4961161418057,23.2));
#5773=CARTESIAN_POINT('Ctrl Pts',(-38.5682286434737,-10.4983284376374,23.2));
#5774=CARTESIAN_POINT('Origin',(-38.5000000000198,-9.85191923889991,23.2));
#5775=CARTESIAN_POINT('Origin',(-38.5000000000198,-9.85191923889991,23.2));
#5776=CARTESIAN_POINT('',(-38.5,-9.8519192387121,31.6));
#5777=CARTESIAN_POINT('Origin',(-38.5000000000198,-9.85191923889991,23.2));
#5778=CARTESIAN_POINT('Ctrl Pts',(-38.6785029145583,-10.9391742003134,23.2));
#5779=CARTESIAN_POINT('Ctrl Pts',(-38.6575043939154,-10.9414002730573,23.2));
#5780=CARTESIAN_POINT('Ctrl Pts',(-38.6364913756423,-10.9436230388706,23.2));
#5781=CARTESIAN_POINT('Ctrl Pts',(-38.6154638581862,-10.9458424983004,23.2));
#5782=CARTESIAN_POINT('Ctrl Pts',(-38.6785029145583,-10.9391742003134,23.3012830979466));
#5783=CARTESIAN_POINT('Ctrl Pts',(-38.6575043910518,-10.9414002733609,23.3012830979466));
#5784=CARTESIAN_POINT('Ctrl Pts',(-38.6364913784982,-10.9436230385691,23.3012830979466));
#5785=CARTESIAN_POINT('Ctrl Pts',(-38.6154638581862,-10.9458424983004,23.3012830979466));
#5786=CARTESIAN_POINT('Ctrl Pts',(-38.6770189339709,-10.9251758271324,23.4025564039342));
#5787=CARTESIAN_POINT('Ctrl Pts',(-38.6560225392781,-10.9274016745024,23.4025564039342));
#5788=CARTESIAN_POINT('Ctrl Pts',(-38.6350116526115,-10.9296242148344,23.4025564039342));
#5789=CARTESIAN_POINT('Ctrl Pts',(-38.6139862553844,-10.9318434504735,23.4025564039342));
#5790=CARTESIAN_POINT('Ctrl Pts',(-38.6741069469154,-10.8977070840447,23.5));
#5791=CARTESIAN_POINT('Ctrl Pts',(-38.6531147323656,-10.8999324882738,23.5));
#5792=CARTESIAN_POINT('Ctrl Pts',(-38.6321080116701,-10.9021545879296,23.5));
#5793=CARTESIAN_POINT('Ctrl Pts',(-38.611086783337,-10.904373383541,23.5));
#5794=CARTESIAN_POINT('Origin',(-38.5,-2.00023035940481,40.));
#5795=CARTESIAN_POINT('Ctrl Pts',(-38.5,-14.6103652480503,23.5));
#5796=CARTESIAN_POINT('Ctrl Pts',(-38.5,-14.6104497794212,23.49824610499));
#5797=CARTESIAN_POINT('Ctrl Pts',(-38.5,-14.6105340771345,23.4964921981416));
#5798=CARTESIAN_POINT('Ctrl Pts',(-38.5,-14.6257392236036,23.179250905265));
#5799=CARTESIAN_POINT('Ctrl Pts',(-38.5,-14.6332992311394,22.863401402414));
#5800=CARTESIAN_POINT('Ctrl Pts',(-38.5,-14.6332992311394,22.547563802493));
#5801=CARTESIAN_POINT('',(-38.5,-2.00023035940481,23.5));
#5802=CARTESIAN_POINT('',(-38.5,-2.00023035940481,40.));
#5803=CARTESIAN_POINT('',(-38.5,-1.00022261668458,23.5));
#5804=CARTESIAN_POINT('Origin',(-47.,-2.00023035940481,40.));
#5805=CARTESIAN_POINT('Ctrl Pts',(-47.0000000000003,-13.2832625585744,23.5000000003704));
#5806=CARTESIAN_POINT('Ctrl Pts',(-47.0000000000003,-13.3005090991911,23.1829330502544));
#5807=CARTESIAN_POINT('Ctrl Pts',(-47.0000000000003,-13.3091407591302,22.8652484664289));
#5808=CARTESIAN_POINT('Ctrl Pts',(-47.0000000000003,-13.3091407591302,22.547563802493));
#5809=CARTESIAN_POINT('',(-47.,-2.00023035940481,23.5));
#5810=CARTESIAN_POINT('',(-47.,-2.00023035940481,40.));
#5811=CARTESIAN_POINT('',(-47.,-1.00022261668457,23.5));
#5812=CARTESIAN_POINT('Origin',(-55.5,-2.0002303594048,40.));
#5813=CARTESIAN_POINT('Ctrl Pts',(-55.5000000000007,-11.5645870079395,23.5000000007683));
#5814=CARTESIAN_POINT('Ctrl Pts',(-55.5000000000007,-11.5852521396299,23.183087781286));
#5815=CARTESIAN_POINT('Ctrl Pts',(-55.5000000000007,-11.5955985361183,22.8653258677007));
#5816=CARTESIAN_POINT('Ctrl Pts',(-55.5000000000007,-11.5955985361183,22.547563802493));
#5817=CARTESIAN_POINT('',(-55.5,-2.0002303594048,23.5));
#5818=CARTESIAN_POINT('',(-55.5,-2.0002303594048,40.));
#5819=CARTESIAN_POINT('',(-55.5,-1.00022261668457,23.5));
#5820=CARTESIAN_POINT('Origin',(-64.,-2.0002303594048,40.));
#5821=CARTESIAN_POINT('Ctrl Pts',(-64.0000000000005,-9.70743752928475,23.4999999939107));
#5822=CARTESIAN_POINT('Ctrl Pts',(-64.0000000000005,-9.73367816894461,23.1833776213348));
#5823=CARTESIAN_POINT('Ctrl Pts',(-64.0000000000005,-9.74682503871003,22.8654708851375));
#5824=CARTESIAN_POINT('Ctrl Pts',(-64.0000000000005,-9.74682503871003,22.547563802493));
#5825=CARTESIAN_POINT('',(-64.,-2.0002303594048,23.5));
#5826=CARTESIAN_POINT('',(-64.,-2.0002303594048,40.));
#5827=CARTESIAN_POINT('',(-64.,-1.00022261668457,23.5));
#5828=CARTESIAN_POINT('Origin',(-72.5,-2.0002303594048,40.));
#5829=CARTESIAN_POINT('Ctrl Pts',(-72.5000000000003,-7.92923206637595,23.4999999850976));
#5830=CARTESIAN_POINT('Ctrl Pts',(-72.5000000000003,-7.96444001998109,23.1839259928184));
#5831=CARTESIAN_POINT('Ctrl Pts',(-72.5000000000003,-7.9821024413278,22.8657453637278));
#5832=CARTESIAN_POINT('Ctrl Pts',(-72.5000000000003,-7.9821024413278,22.547563802493));
#5833=CARTESIAN_POINT('',(-72.5,-2.0002303594048,23.5));
#5834=CARTESIAN_POINT('',(-72.5,-2.0002303594048,40.));
#5835=CARTESIAN_POINT('',(-72.5,-1.00022261668457,23.5));
#5836=CARTESIAN_POINT('Origin',(-63.8574065988597,-0.0002148739643415,23.5));
#5837=CARTESIAN_POINT('',(-42.,-2.00023035940481,23.5));
#5838=CARTESIAN_POINT('',(-52.9287032994298,-2.00023035940481,23.5));
#5839=CARTESIAN_POINT('',(-42.,-7.54460626663274,23.5));
#5840=CARTESIAN_POINT('Origin',(-63.8574065988597,-0.0002148739643415,23.5));
#5841=CARTESIAN_POINT('',(-76.,-2.0002303594048,23.5));
#5842=CARTESIAN_POINT('',(-69.9287032994298,-2.0002303594048,23.5));
#5843=CARTESIAN_POINT('',(-76.,-7.54460626663273,23.5));
#5844=CARTESIAN_POINT('Origin',(-63.8574065988597,-0.0002148739643415,23.5));
#5845=CARTESIAN_POINT('',(-67.5,-2.0002303594048,23.5));
#5846=CARTESIAN_POINT('',(-65.6787032994298,-2.0002303594048,23.5));
#5847=CARTESIAN_POINT('',(-67.5,-7.54460626663273,23.5));
#5848=CARTESIAN_POINT('Origin',(-63.8574065988597,-0.0002148739643415,23.5));
#5849=CARTESIAN_POINT('',(-59.,-2.0002303594048,23.5));
#5850=CARTESIAN_POINT('',(-61.4287032994298,-2.0002303594048,23.5));
#5851=CARTESIAN_POINT('',(-59.,-7.54460626663273,23.5));
#5852=CARTESIAN_POINT('Origin',(-100.909262706013,20.9997851260357,0.));
#5853=CARTESIAN_POINT('Origin',(-40.9003451864632,9.48646156267124,23.3302600197696));
#5854=CARTESIAN_POINT('',(-40.9026194738176,8.39963905336789,23.5));
#5855=CARTESIAN_POINT('',(-40.902619474975,8.50883924878147,23.5000000431929));
#5856=CARTESIAN_POINT('',(-40.9026194738176,4.74312334435345,23.5));
#5857=CARTESIAN_POINT('',(-40.8915883487313,8.60171223760837,22.6766990435832));
#5858=CARTESIAN_POINT('Origin',(-40.9003451864632,9.48646156267124,23.3302600197696));
#5859=CARTESIAN_POINT('Ctrl Pts',(-40.8917296573889,8.60214733119663,22.6766827763541));
#5860=CARTESIAN_POINT('Ctrl Pts',(-40.8922879320341,8.57951561224382,22.7180767653248));
#5861=CARTESIAN_POINT('Ctrl Pts',(-40.8928612897234,8.55949603001413,22.7609381818681));
#5862=CARTESIAN_POINT('Ctrl Pts',(-40.8934501298446,8.54227799923564,22.8050260868264));
#5863=CARTESIAN_POINT('Ctrl Pts',(-40.8935399207522,8.53965246039237,22.8117489524361));
#5864=CARTESIAN_POINT('Ctrl Pts',(-40.8936300834227,8.53709216081588,22.818500356325));
#5865=CARTESIAN_POINT('Ctrl Pts',(-40.8937206322881,8.53459787866415,22.8252794605145));
#5866=CARTESIAN_POINT('Ctrl Pts',(-40.894163735914,8.52239203312034,22.8584532129729));
#5867=CARTESIAN_POINT('Ctrl Pts',(-40.8946135534543,8.51182458993855,22.8921305968912));
#5868=CARTESIAN_POINT('Ctrl Pts',(-40.8950727488348,8.50294858370665,22.9262011191017));
#5869=CARTESIAN_POINT('Ctrl Pts',(-40.895692523688,8.49096866036106,22.972186017463));
#5870=CARTESIAN_POINT('Ctrl Pts',(-40.8963291303423,8.48206784434593,23.0188870901038));
#5871=CARTESIAN_POINT('Ctrl Pts',(-40.8969689609097,8.47622081809322,23.0660022717985));
#5872=CARTESIAN_POINT('Ctrl Pts',(-40.8976096560098,8.47036589139634,23.1131811150618));
#5873=CARTESIAN_POINT('Ctrl Pts',(-40.898253583358,8.46757299740499,23.1607763121982));
#5874=CARTESIAN_POINT('Ctrl Pts',(-40.8988930496688,8.4678677497571,23.2084872375526));
#5875=CARTESIAN_POINT('Ctrl Pts',(-40.899045095025,8.46793783277105,23.2198314233525));
#5876=CARTESIAN_POINT('Ctrl Pts',(-40.8991969147213,8.46818270068416,23.2311821206838));
#5877=CARTESIAN_POINT('Ctrl Pts',(-40.8993484550583,8.468603124151,23.2425352017555));
#5878=CARTESIAN_POINT('Ctrl Pts',(-40.8999877920148,8.47037685822866,23.2904329723884));
#5879=CARTESIAN_POINT('Ctrl Pts',(-40.9006174710475,8.47525949067322,23.3380546099671));
#5880=CARTESIAN_POINT('Ctrl Pts',(-40.9012387222271,8.48321676530097,23.385097181166));
#5881=CARTESIAN_POINT('Ctrl Pts',(-40.9017504626115,8.48977137462877,23.4238473425477));
#5882=CARTESIAN_POINT('Ctrl Pts',(-40.9022565956425,8.49841315745966,23.4622051403082));
#5883=CARTESIAN_POINT('Ctrl Pts',(-40.9027608810094,8.50914932475437,23.5000000464242));
#5884=CARTESIAN_POINT('Ctrl Pts',(-38.6785029145583,10.9391742003134,23.2));
#5885=CARTESIAN_POINT('Ctrl Pts',(-38.6575043939154,10.9414002730573,23.2));
#5886=CARTESIAN_POINT('Ctrl Pts',(-38.6364913756423,10.9436230388706,23.2));
#5887=CARTESIAN_POINT('Ctrl Pts',(-38.6154638581862,10.9458424983004,23.2));
#5888=CARTESIAN_POINT('Ctrl Pts',(-38.6785029145583,10.9391742003134,23.3012830979466));
#5889=CARTESIAN_POINT('Ctrl Pts',(-38.6575043910518,10.9414002733609,23.3012830979466));
#5890=CARTESIAN_POINT('Ctrl Pts',(-38.6364913784982,10.9436230385691,23.3012830979466));
#5891=CARTESIAN_POINT('Ctrl Pts',(-38.6154638581862,10.9458424983004,23.3012830979466));
#5892=CARTESIAN_POINT('Ctrl Pts',(-38.6770189339709,10.9251758271324,23.4025564039342));
#5893=CARTESIAN_POINT('Ctrl Pts',(-38.6560225392781,10.9274016745024,23.4025564039342));
#5894=CARTESIAN_POINT('Ctrl Pts',(-38.6350116526115,10.9296242148344,23.4025564039342));
#5895=CARTESIAN_POINT('Ctrl Pts',(-38.6139862553844,10.9318434504735,23.4025564039342));
#5896=CARTESIAN_POINT('Ctrl Pts',(-38.6741069469154,10.8977070840447,23.5));
#5897=CARTESIAN_POINT('Ctrl Pts',(-38.6531147323656,10.8999324882738,23.5));
#5898=CARTESIAN_POINT('Ctrl Pts',(-38.6321080116701,10.9021545879296,23.5));
#5899=CARTESIAN_POINT('Ctrl Pts',(-38.611086783337,10.904373383541,23.5));
#5900=CARTESIAN_POINT('',(-38.6785029145782,10.9391742003113,23.2));
#5901=CARTESIAN_POINT('Origin',(-38.5625406790685,9.84530365955452,23.2));
#5902=CARTESIAN_POINT('',(-38.6154638582061,10.9458424982983,23.2));
#5903=CARTESIAN_POINT('Ctrl Pts',(-38.6785029145583,10.9391742003134,23.2));
#5904=CARTESIAN_POINT('Ctrl Pts',(-38.6575043939154,10.9414002730573,23.2));
#5905=CARTESIAN_POINT('Ctrl Pts',(-38.6364913756423,10.9436230388706,23.2));
#5906=CARTESIAN_POINT('Ctrl Pts',(-38.6154638581862,10.9458424983004,23.2));
#5907=CARTESIAN_POINT('Origin',(-38.5000000000198,9.85191923889991,23.2));
#5908=CARTESIAN_POINT('Ctrl Pts',(-38.5124412731099,10.5664183777212,23.5276130856684));
#5909=CARTESIAN_POINT('Ctrl Pts',(-38.7260194807564,10.5664183777212,23.4313838976807));
#5910=CARTESIAN_POINT('Ctrl Pts',(-38.9504287687608,10.5664183777212,23.3577693290915));
#5911=CARTESIAN_POINT('Ctrl Pts',(-39.186951725684,10.5664183777212,23.3007982668473));
#5912=CARTESIAN_POINT('Ctrl Pts',(-38.4206993933406,10.523191705592,23.3239943431953));
#5913=CARTESIAN_POINT('Ctrl Pts',(-38.6482702115326,10.523191705592,23.2214606845153));
#5914=CARTESIAN_POINT('Ctrl Pts',(-38.8870993538605,10.523191705592,23.1433041767465));
#5915=CARTESIAN_POINT('Ctrl Pts',(-39.1346536886664,10.523191705592,23.083675996884));
#5916=CARTESIAN_POINT('Ctrl Pts',(-38.2488866188447,10.2936598740431,22.9426603093648));
#5917=CARTESIAN_POINT('Ctrl Pts',(-38.5025786410344,10.2936598740431,22.8283575555244));
#5918=CARTESIAN_POINT('Ctrl Pts',(-38.7685631809595,10.2936598740431,22.74164121427));
#5919=CARTESIAN_POINT('Ctrl Pts',(-39.0367107332434,10.2936598740431,22.6770527654762));
#5920=CARTESIAN_POINT('Ctrl Pts',(-38.1637200374415,9.86396658182237,22.7536352724935));
#5921=CARTESIAN_POINT('Ctrl Pts',(-38.4304636142008,9.86396658182237,22.6334520474569));
#5922=CARTESIAN_POINT('Ctrl Pts',(-38.7097239582324,9.86396658182237,22.5425588873667));
#5923=CARTESIAN_POINT('Ctrl Pts',(-38.9881609865183,9.86396658182237,22.4754920221629));
#5924=CARTESIAN_POINT('Ctrl Pts',(-38.150789296377,9.6386782163016,22.7249358252899));
#5925=CARTESIAN_POINT('Ctrl Pts',(-38.4194484961449,9.6386782163016,22.6038895026151));
#5926=CARTESIAN_POINT('Ctrl Pts',(-38.7008424848276,9.6386782163016,22.5123199246958));
#5927=CARTESIAN_POINT('Ctrl Pts',(-38.980789736043,9.6386782163016,22.444889293515));
#5928=CARTESIAN_POINT('',(-38.567971285515,10.4958901865398,23.2564032174959));
#5929=CARTESIAN_POINT('Ctrl Pts',(-38.5754454942261,10.5664183776387,23.5000106844959));
#5930=CARTESIAN_POINT('Ctrl Pts',(-38.5745662707492,10.5579464370584,23.4528118972181));
#5931=CARTESIAN_POINT('Ctrl Pts',(-38.5734045644395,10.5466627136739,23.4061047119701));
#5932=CARTESIAN_POINT('Ctrl Pts',(-38.5719427936195,10.532570374038,23.3601273937952));
#5933=CARTESIAN_POINT('Ctrl Pts',(-38.5717293841197,10.5305129796012,23.3534149896752));
#5934=CARTESIAN_POINT('Ctrl Pts',(-38.5715096048926,10.5283956765644,23.3467182165458));
#5935=CARTESIAN_POINT('Ctrl Pts',(-38.5712834301316,10.5262184298776,23.3400378955638));
#5936=CARTESIAN_POINT('Ctrl Pts',(-38.5703268914595,10.5170104146029,23.311785471062));
#5937=CARTESIAN_POINT('Ctrl Pts',(-38.5692567550379,10.5067720028271,23.2839551333211));
#5938=CARTESIAN_POINT('Ctrl Pts',(-38.568079359027,10.4955242154337,23.2565960257995));
#5939=CARTESIAN_POINT('',(-38.6310283430883,10.4913470696978,23.2209129645801));
#5940=CARTESIAN_POINT('Ctrl Pts',(-38.5680793590329,10.4955242154319,23.2565960257926));
#5941=CARTESIAN_POINT('Ctrl Pts',(-38.5892935985738,10.4942888020432,23.2451140123979));
#5942=CARTESIAN_POINT('Ctrl Pts',(-38.6103687445634,10.4927812640815,23.2332989917421));
#5943=CARTESIAN_POINT('Ctrl Pts',(-38.6311670545013,10.4909646110382,23.2211554803904));
#5944=CARTESIAN_POINT('',(-38.6659713341266,10.4879766480439,23.2));
#5945=CARTESIAN_POINT('Ctrl Pts',(-38.6311670545012,10.4909646110382,23.2211554803904));
#5946=CARTESIAN_POINT('Ctrl Pts',(-38.6428420021401,10.4899448488931,23.2143388275178));
#5947=CARTESIAN_POINT('Ctrl Pts',(-38.6545150655598,10.488820635068,23.2073701431819));
#5948=CARTESIAN_POINT('Ctrl Pts',(-38.6661210068012,10.487583033265,23.2002652227543));
#5949=CARTESIAN_POINT('',(-38.5436657902463,9.6672570329793,22.5751455070681));
#5950=CARTESIAN_POINT('Ctrl Pts',(-38.6659713341266,10.4879766480439,23.2));
#5951=CARTESIAN_POINT('Ctrl Pts',(-38.7186514770186,10.4823784497411,23.1677190677119));
#5952=CARTESIAN_POINT('Ctrl Pts',(-38.7702016888432,10.4744770509319,23.1325494614892));
#5953=CARTESIAN_POINT('Ctrl Pts',(-38.900330565006,10.4433843476038,23.0287813314284));
#5954=CARTESIAN_POINT('Ctrl Pts',(-38.9538628767039,10.4169512234803,22.9681886207605));
#5955=CARTESIAN_POINT('Ctrl Pts',(-39.0148789673775,10.3646567683681,22.8750275980586));
#5956=CARTESIAN_POINT('Ctrl Pts',(-39.0337152535024,10.3372537076759,22.8338132089712));
#5957=CARTESIAN_POINT('Ctrl Pts',(-39.0494535491842,10.2755980749491,22.7594652928098));
#5958=CARTESIAN_POINT('Ctrl Pts',(-39.0489382676172,10.2444418702773,22.7277951920899));
#5959=CARTESIAN_POINT('Ctrl Pts',(-39.0326898135193,10.1744013670684,22.6686854763015));
#5960=CARTESIAN_POINT('Ctrl Pts',(-39.0161896011849,10.1367490529863,22.6431536877927));
#5961=CARTESIAN_POINT('Ctrl Pts',(-38.9642642240142,10.0479396917695,22.5946280852317));
#5962=CARTESIAN_POINT('Ctrl Pts',(-38.9246681087897,9.99741637163468,22.576069117859));
#5963=CARTESIAN_POINT('Ctrl Pts',(-38.835570648504,9.90020697795662,22.5530247109085));
#5964=CARTESIAN_POINT('Ctrl Pts',(-38.7848497522477,9.8527978193493,22.5488683991054));
#5965=CARTESIAN_POINT('Ctrl Pts',(-38.6721571343709,9.75800204863765,22.5518597795295));
#5966=CARTESIAN_POINT('Ctrl Pts',(-38.6082468219136,9.71054727421892,22.560859555201));
#5967=CARTESIAN_POINT('Ctrl Pts',(-38.5436657902247,9.6672570329648,22.5751455070729));
#5968=CARTESIAN_POINT('',(-38.499999992121,9.6386782163016,22.5855652618796));
#5969=CARTESIAN_POINT('Ctrl Pts',(-38.5434167880619,9.66725366775025,22.5755452677831));
#5970=CARTESIAN_POINT('Ctrl Pts',(-38.5289285144904,9.65754387699639,22.5787440160255));
#5971=CARTESIAN_POINT('Ctrl Pts',(-38.5143695258146,9.64801663384598,22.5822176013257));
#5972=CARTESIAN_POINT('Ctrl Pts',(-38.4997603976153,9.6386782163016,22.5859481781819));
#5973=CARTESIAN_POINT('Ctrl Pts',(-38.5000000000001,10.5601132511939,23.5));
#5974=CARTESIAN_POINT('Ctrl Pts',(-38.5000000000001,10.5579525561801,23.4893679101367));
#5975=CARTESIAN_POINT('Ctrl Pts',(-38.5000000000128,10.5556568784365,23.4787587944151));
#5976=CARTESIAN_POINT('Ctrl Pts',(-38.5000000000128,10.517169971746,23.3112375299374));
#5977=CARTESIAN_POINT('Ctrl Pts',(-38.4999999999923,10.4518878266373,23.1627048866888));
#5978=CARTESIAN_POINT('Ctrl Pts',(-38.4999999999923,10.2715885049454,22.9109676532906));
#5979=CARTESIAN_POINT('Ctrl Pts',(-38.4999999999273,10.1625128624502,22.8080550469237));
#5980=CARTESIAN_POINT('Ctrl Pts',(-38.4999999999273,9.91685122721832,22.6574525344455));
#5981=CARTESIAN_POINT('Ctrl Pts',(-38.4999999999916,9.78525005569483,22.6085220073385));
#5982=CARTESIAN_POINT('Ctrl Pts',(-38.4999999999916,9.64461658347599,22.5864575097976));
#5983=CARTESIAN_POINT('Ctrl Pts',(-38.5000000000002,9.64164797634241,22.5860049059063));
#5984=CARTESIAN_POINT('Ctrl Pts',(-38.5000000000002,9.63867821710099,22.5855652564798));
#5985=CARTESIAN_POINT('Ctrl Pts',(-38.6741069469154,10.8977070840447,23.5000000000001));
#5986=CARTESIAN_POINT('Ctrl Pts',(-39.9336283469475,10.7641840465572,23.5000000000001));
#5987=CARTESIAN_POINT('Ctrl Pts',(-41.1392325742947,10.620896337595,23.5000000000001));
#5988=CARTESIAN_POINT('Ctrl Pts',(-42.3007616346782,10.4577944915094,23.5000000000001));
#5989=CARTESIAN_POINT('Ctrl Pts',(-38.6796701914281,10.9501851106776,23.3138375821122));
#5990=CARTESIAN_POINT('Ctrl Pts',(-39.9396732568359,10.8166110113948,23.3138375821122));
#5991=CARTESIAN_POINT('Ctrl Pts',(-41.145717807315,10.6732755006579,23.3138375821122));
#5992=CARTESIAN_POINT('Ctrl Pts',(-42.3080998940735,10.5100538726562,23.3138375821122));
#5993=CARTESIAN_POINT('Ctrl Pts',(-38.680214292584,10.9553176111248,22.9130942470608));
#5994=CARTESIAN_POINT('Ctrl Pts',(-39.9402591863336,10.8217390775805,22.9130942470608));
#5995=CARTESIAN_POINT('Ctrl Pts',(-41.1463614322486,10.678397018945,22.9130942470608));
#5996=CARTESIAN_POINT('Ctrl Pts',(-42.3088175967397,10.5151649889522,22.9130942470608));
#5997=CARTESIAN_POINT('Ctrl Pts',(-38.6489570146336,10.6604680389006,22.3903767070087));
#5998=CARTESIAN_POINT('Ctrl Pts',(-39.9063156970362,10.5271742731246,22.3903767070087));
#5999=CARTESIAN_POINT('Ctrl Pts',(-41.1098884365238,10.384107899118,22.3903767070087));
#6000=CARTESIAN_POINT('Ctrl Pts',(-42.2675873374786,10.2215438838065,22.3903767070087));
#6001=CARTESIAN_POINT('Ctrl Pts',(-38.5942299772864,10.1442284745807,22.0871987110302));
#6002=CARTESIAN_POINT('Ctrl Pts',(-39.8468753541537,10.0114343707173,22.0871987110302));
#6003=CARTESIAN_POINT('Ctrl Pts',(-41.0460473654438,9.86884708727847,22.0871987110302));
#6004=CARTESIAN_POINT('Ctrl Pts',(-42.1953990317022,9.707455190199,22.0871987110302));
#6005=CARTESIAN_POINT('Ctrl Pts',(-38.5308684146425,9.54653952448577,22.0878228904049));
#6006=CARTESIAN_POINT('Ctrl Pts',(-39.7780608809237,9.41432348875576,22.0878228904049));
#6007=CARTESIAN_POINT('Ctrl Pts',(-40.9721266639071,9.27229231490417,22.0878228904049));
#6008=CARTESIAN_POINT('Ctrl Pts',(-42.1118212595386,9.11225646314527,22.0878228904049));
#6009=CARTESIAN_POINT('Ctrl Pts',(-38.4760948642122,9.02986120274483,22.38996939355));
#6010=CARTESIAN_POINT('Ctrl Pts',(-39.7185733503586,8.89814490044231,22.38996939355));
#6011=CARTESIAN_POINT('Ctrl Pts',(-40.9082254339403,8.75659440592979,22.38996939355));
#6012=CARTESIAN_POINT('Ctrl Pts',(-42.0395716001638,8.59773084016423,22.38996939355));
#6013=CARTESIAN_POINT('Ctrl Pts',(-38.4448945715815,8.73554917243808,22.9132802499382));
#6014=CARTESIAN_POINT('Ctrl Pts',(-39.6846879294787,8.60411752308379,22.9132802499382));
#6015=CARTESIAN_POINT('Ctrl Pts',(-40.871825687174,8.46284085774295,22.9132802499382));
#6016=CARTESIAN_POINT('Ctrl Pts',(-41.9984165080209,8.30464503731082,22.9132802499382));
#6017=CARTESIAN_POINT('Ctrl Pts',(-38.4454111671956,8.74042221340147,23.3138376308513));
#6018=CARTESIAN_POINT('Ctrl Pts',(-39.6852456554795,8.60898620377655,23.3138376308513));
#6019=CARTESIAN_POINT('Ctrl Pts',(-40.872434266692,8.46770382399387,23.3138376308513));
#6020=CARTESIAN_POINT('Ctrl Pts',(-41.9990979291971,8.30949777514014,23.3138376308513));
#6021=CARTESIAN_POINT('Ctrl Pts',(-38.4509744125692,8.79290024815522,23.5000000464242));
#6022=CARTESIAN_POINT('Ctrl Pts',(-39.6912907345303,8.66141315889312,23.5000000464242));
#6023=CARTESIAN_POINT('Ctrl Pts',(-40.8789192027868,8.52008303699748,23.5000000464242));
#6024=CARTESIAN_POINT('Ctrl Pts',(-42.006436189728,8.36175716437388,23.5000000464242));
#6025=CARTESIAN_POINT('',(-41.999999962045,10.5414895926527,23.2));
#6026=CARTESIAN_POINT('Ctrl Pts',(-41.9999404430537,10.5413889615467,23.1999015795469));
#6027=CARTESIAN_POINT('Ctrl Pts',(-41.9999372033149,10.541367715579,23.2477077613049));
#6028=CARTESIAN_POINT('Ctrl Pts',(-41.9999396451017,10.5382434942407,23.2954106854065));
#6029=CARTESIAN_POINT('Ctrl Pts',(-41.9999455760346,10.5320397638048,23.3427033799312));
#6030=CARTESIAN_POINT('Ctrl Pts',(-41.9999514505902,10.5258950038019,23.3895465270892));
#6031=CARTESIAN_POINT('Ctrl Pts',(-41.9999607331904,10.5167288992781,23.4359883130726));
#6032=CARTESIAN_POINT('Ctrl Pts',(-41.9999638985485,10.5045146208544,23.4817244495252));
#6033=CARTESIAN_POINT('Ctrl Pts',(-41.9999643210491,10.5028843030627,23.4878291439163));
#6034=CARTESIAN_POINT('Ctrl Pts',(-41.9999646238573,10.5011996073399,23.4939212434744));
#6035=CARTESIAN_POINT('Ctrl Pts',(-41.9999647744215,10.4994604034975,23.5));
#6036=CARTESIAN_POINT('',(-42.,8.36266061676577,23.5));
#6037=CARTESIAN_POINT('Ctrl Pts',(-42.0000000099745,8.36266064292147,23.5));
#6038=CARTESIAN_POINT('Ctrl Pts',(-41.9999997337432,8.34953493539602,23.4541460343801));
#6039=CARTESIAN_POINT('Ctrl Pts',(-42.0000091789957,8.33949243599313,23.4074577317913));
#6040=CARTESIAN_POINT('Ctrl Pts',(-42.0000171057167,8.33252801725983,23.3602383131335));
#6041=CARTESIAN_POINT('Ctrl Pts',(-42.0000236915297,8.32674172055702,23.3210066734303));
#6042=CARTESIAN_POINT('Ctrl Pts',(-42.000029343479,8.32308109464258,23.281407793104));
#6043=CARTESIAN_POINT('Ctrl Pts',(-42.0000310275963,8.32157034874296,23.2416153120023));
#6044=CARTESIAN_POINT('Ctrl Pts',(-42.0000330473688,8.31975850161652,23.1938919373724));
#6045=CARTESIAN_POINT('Ctrl Pts',(-42.0000289625669,8.32104977391745,23.1462108605018));
#6046=CARTESIAN_POINT('Ctrl Pts',(-42.0000215254522,8.32540816179686,23.0988741353589));
#6047=CARTESIAN_POINT('Ctrl Pts',(-42.0000140898469,8.32976566511974,23.0515470174401));
#6048=CARTESIAN_POINT('Ctrl Pts',(-42.0000033030789,8.33718905191767,23.0045629848326));
#6049=CARTESIAN_POINT('Ctrl Pts',(-41.9999982930269,8.34769323458575,22.9582229253905));
#6050=CARTESIAN_POINT('Ctrl Pts',(-41.9999971351554,8.35012085282896,22.9475132893105));
#6051=CARTESIAN_POINT('Ctrl Pts',(-41.9999963127331,8.35271323582155,22.9368380854485));
#6052=CARTESIAN_POINT('Ctrl Pts',(-41.9999959870219,8.35547095440108,22.9262011191017));
#6053=CARTESIAN_POINT('Ctrl Pts',(-41.9999949419609,8.36431923571373,22.8920718677533));
#6054=CARTESIAN_POINT('Ctrl Pts',(-41.9999988824294,8.37486859410863,22.8583357155206));
#6055=CARTESIAN_POINT('Ctrl Pts',(-42.0000029588677,8.38706635592884,22.8251039013484));
#6056=CARTESIAN_POINT('Ctrl Pts',(-42.0000084335537,8.40344803802392,22.7804733352466));
#6057=CARTESIAN_POINT('Ctrl Pts',(-42.0000143910335,8.42269307394048,22.7370453417165));
#6058=CARTESIAN_POINT('Ctrl Pts',(-42.0000157830277,8.44460153459115,22.6950617552841));
#6059=CARTESIAN_POINT('Ctrl Pts',(-42.0000171840835,8.46665261546103,22.6528048631003));
#6060=CARTESIAN_POINT('Ctrl Pts',(-42.0000140260128,8.49140242936872,22.6120102424779));
#6061=CARTESIAN_POINT('Ctrl Pts',(-42.0000076727006,8.51869615157937,22.5729414356969));
#6062=CARTESIAN_POINT('Ctrl Pts',(-42.00000141228,8.54559081306107,22.5344438528184));
#6063=CARTESIAN_POINT('Ctrl Pts',(-41.9999921290547,8.5749561494507,22.4976211057291));
#6064=CARTESIAN_POINT('Ctrl Pts',(-41.9999863138832,8.6066828388566,22.4627556296793));
#6065=CARTESIAN_POINT('Ctrl Pts',(-41.9999842712011,8.61782740140252,22.4505085126367));
#6066=CARTESIAN_POINT('Ctrl Pts',(-41.9999828042014,8.62923927153815,22.4385300168162));
#6067=CARTESIAN_POINT('Ctrl Pts',(-41.9999822955781,8.64091105477378,22.4268301190905));
#6068=CARTESIAN_POINT('Ctrl Pts',(-41.9999808383583,8.67435103739755,22.3933095876731));
#6069=CARTESIAN_POINT('Ctrl Pts',(-41.9999867969158,8.70992139350415,22.3620734164555));
#6070=CARTESIAN_POINT('Ctrl Pts',(-41.999992596603,8.74732876922403,22.3332234616153));
#6071=CARTESIAN_POINT('Ctrl Pts',(-41.9999984799925,8.78527601615991,22.3039571380803));
#6072=CARTESIAN_POINT('Ctrl Pts',(-42.0000043185313,8.82511458955794,22.2771457680257));
#6073=CARTESIAN_POINT('Ctrl Pts',(-42.0000074968063,8.86657394619747,22.2529346918171));
#6074=CARTESIAN_POINT('Ctrl Pts',(-42.0000095961971,8.89395968018899,22.236942207938));
#6075=CARTESIAN_POINT('Ctrl Pts',(-42.0000106405626,8.92205330179419,22.2220850962619));
#6076=CARTESIAN_POINT('Ctrl Pts',(-42.0000107250215,8.95078224790798,22.2084164693112));
#6077=CARTESIAN_POINT('Ctrl Pts',(-42.0000108532134,8.99438712511899,22.1876701879312));
#6078=CARTESIAN_POINT('Ctrl Pts',(-42.0000091680196,9.03918922541729,22.1697859300385));
#6079=CARTESIAN_POINT('Ctrl Pts',(-42.0000071186967,9.08490604755782,22.1548863320065));
#6080=CARTESIAN_POINT('Ctrl Pts',(-42.0000062784437,9.10365062818073,22.1487772740387));
#6081=CARTESIAN_POINT('Ctrl Pts',(-42.00000543222,9.12254933007003,22.1431704751631));
#6082=CARTESIAN_POINT('Ctrl Pts',(-42.0000048763175,9.14158387317553,22.1380766110333));
#6083=CARTESIAN_POINT('Ctrl Pts',(-42.0000035197006,9.18803551803378,22.1256456130207));
#6084=CARTESIAN_POINT('Ctrl Pts',(-42.0000037703734,9.23529565140256,22.1162657594784));
#6085=CARTESIAN_POINT('Ctrl Pts',(-42.0000044110475,9.28305528465336,22.1099337537948));
#6086=CARTESIAN_POINT('Ctrl Pts',(-42.0000047954984,9.31171452517468,22.1061340915797));
#6087=CARTESIAN_POINT('Ctrl Pts',(-42.0000053659345,9.34055385878487,22.1034329126849));
#6088=CARTESIAN_POINT('Ctrl Pts',(-42.0000060089609,9.36950668971683,22.1018385113406));
#6089=CARTESIAN_POINT('Ctrl Pts',(-42.0000070788952,9.41768143396509,22.0991855798475));
#6090=CARTESIAN_POINT('Ctrl Pts',(-42.0000085634241,9.46588396713235,22.0996098199919));
#6091=CARTESIAN_POINT('Ctrl Pts',(-42.0000088664179,9.51380511557114,22.1030817839553));
#6092=CARTESIAN_POINT('Ctrl Pts',(-42.0000091679661,9.56149761923146,22.1065371822382));
#6093=CARTESIAN_POINT('Ctrl Pts',(-42.0000084559373,9.60891253002135,22.1130113309522));
#6094=CARTESIAN_POINT('Ctrl Pts',(-42.0000058939277,9.65574549360924,22.1225259594537));
#6095=CARTESIAN_POINT('Ctrl Pts',(-42.0000046989191,9.67758998235353,22.1269639061323));
#6096=CARTESIAN_POINT('Ctrl Pts',(-42.0000030974348,9.69930776531907,22.1320640600598));
#6097=CARTESIAN_POINT('Ctrl Pts',(-42.0000009138993,9.7208669507439,22.1378324069224));
#6098=CARTESIAN_POINT('Ctrl Pts',(-41.999998254605,9.7471235503037,22.1448575876381));
#6099=CARTESIAN_POINT('Ctrl Pts',(-41.9999947449196,9.7731450137578,22.1528737791437));
#6100=CARTESIAN_POINT('Ctrl Pts',(-41.9999912106985,9.79888161201935,22.1618572802212));
#6101=CARTESIAN_POINT('Ctrl Pts',(-41.9999849981893,9.84412180646507,22.1776486187431));
#6102=CARTESIAN_POINT('Ctrl Pts',(-41.9999789728774,9.88821026353301,22.1963307847074));
#6103=CARTESIAN_POINT('Ctrl Pts',(-41.9999754067281,9.93090197670682,22.2177082489813));
#6104=CARTESIAN_POINT('Ctrl Pts',(-41.9999717854473,9.97425368768631,22.239416200801));
#6105=CARTESIAN_POINT('Ctrl Pts',(-41.9999708494942,10.0161661963293,22.2639039263111));
#6106=CARTESIAN_POINT('Ctrl Pts',(-41.9999723699595,10.0563614278204,22.2910163797621));
#6107=CARTESIAN_POINT('Ctrl Pts',(-41.9999738904247,10.0965566593114,22.3181288332131));
#6108=CARTESIAN_POINT('Ctrl Pts',(-41.9999780171605,10.1350356698834,22.3478666198824));
#6109=CARTESIAN_POINT('Ctrl Pts',(-41.9999796873949,10.1714831424041,22.3801155260016));
#6110=CARTESIAN_POINT('Ctrl Pts',(-41.9999804702934,10.1885673745523,22.3952317401192));
#6111=CARTESIAN_POINT('Ctrl Pts',(-41.9999806536208,10.205153316032,22.4108548492002));
#6112=CARTESIAN_POINT('Ctrl Pts',(-41.9999793890237,10.2212139693125,22.426966631021));
#6113=CARTESIAN_POINT('Ctrl Pts',(-41.9999767388458,10.2548717955944,22.4607316058414));
#6114=CARTESIAN_POINT('Ctrl Pts',(-41.9999680906918,10.2862251734646,22.4966403998389));
#6115=CARTESIAN_POINT('Ctrl Pts',(-41.9999618251482,10.3151449177462,22.5344152360096));
#6116=CARTESIAN_POINT('Ctrl Pts',(-41.9999555591597,10.3440667157911,22.5721927547965));
#6117=CARTESIAN_POINT('Ctrl Pts',(-41.9999517568888,10.3705550998056,22.6118375497766));
#6118=CARTESIAN_POINT('Ctrl Pts',(-41.9999528670322,10.3944391097867,22.6531009948142));
#6119=CARTESIAN_POINT('Ctrl Pts',(-41.9999534582802,10.4071594252997,22.6750773731713));
#6120=CARTESIAN_POINT('Ctrl Pts',(-41.9999553352884,10.4191402554673,22.6975132868695));
#6121=CARTESIAN_POINT('Ctrl Pts',(-41.9999580569487,10.430350075944,22.720373115542));
#6122=CARTESIAN_POINT('Ctrl Pts',(-41.999963179296,10.4514477096812,22.7633968458177));
#6123=CARTESIAN_POINT('Ctrl Pts',(-41.9999717725829,10.4696780664688,22.8076374999845));
#6124=CARTESIAN_POINT('Ctrl Pts',(-41.9999773039475,10.4849060421484,22.8528227560402));
#6125=CARTESIAN_POINT('Ctrl Pts',(-41.9999802649028,10.4930576209842,22.8770105525472));
#6126=CARTESIAN_POINT('Ctrl Pts',(-41.9999822406118,10.5003481431499,22.9014695274487));
#6127=CARTESIAN_POINT('Ctrl Pts',(-41.9999814131381,10.5067513652657,22.926160490815));
#6128=CARTESIAN_POINT('Ctrl Pts',(-41.9999798677265,10.5187101900784,22.972273978683));
#6129=CARTESIAN_POINT('Ctrl Pts',(-41.9999690036806,10.527577170038,23.0191966178986));
#6130=CARTESIAN_POINT('Ctrl Pts',(-41.9999596457154,10.5333506327961,23.0666241294534));
#6131=CARTESIAN_POINT('Ctrl Pts',(-41.9999555281932,10.5358909671994,23.0874923231727));
#6132=CARTESIAN_POINT('Ctrl Pts',(-41.9999516027859,10.537831721715,23.1084583081106));
#6133=CARTESIAN_POINT('Ctrl Pts',(-41.9999483215234,10.5391695910083,23.1294959920339));
#6134=CARTESIAN_POINT('Ctrl Pts',(-41.9999446610926,10.5406620586366,23.1529646988685));
#6135=CARTESIAN_POINT('Ctrl Pts',(-41.9999419558707,10.5413993963258,23.1764455621279));
#6136=CARTESIAN_POINT('Ctrl Pts',(-41.9999404430537,10.5413889615467,23.1999015795469));
#6137=CARTESIAN_POINT('Ctrl Pts',(-40.9027608801186,8.5091493248623,23.5000000464056));
#6138=CARTESIAN_POINT('Ctrl Pts',(-41.2744609126433,8.46189277531917,23.5000000464056));
#6139=CARTESIAN_POINT('Ctrl Pts',(-41.6402875921171,8.41314059080064,23.5000000464056));
#6140=CARTESIAN_POINT('Ctrl Pts',(-42.0000000118025,8.3626606559486,23.5000000464056));
#6141=CARTESIAN_POINT('',(-40.6901803677304,8.69127605590532,22.5729550885851));
#6142=CARTESIAN_POINT('Ctrl Pts',(-40.6903219537805,8.69169698183289,22.5728654866853));
#6143=CARTESIAN_POINT('Ctrl Pts',(-40.7286777827125,8.67525905230966,22.5895799909003));
#6144=CARTESIAN_POINT('Ctrl Pts',(-40.7661861853642,8.65875012894765,22.6074903653685));
#6145=CARTESIAN_POINT('Ctrl Pts',(-40.8029961909248,8.6422785585664,22.6267575338736));
#6146=CARTESIAN_POINT('Ctrl Pts',(-40.8330104925747,8.628847898219,22.6424676811187));
#6147=CARTESIAN_POINT('Ctrl Pts',(-40.8625605057562,8.61544268592284,22.6590801215558));
#6148=CARTESIAN_POINT('Ctrl Pts',(-40.891729657389,8.60214733119663,22.6766827763541));
#6149=CARTESIAN_POINT('',(-38.4999999999997,8.81474428521486,22.8176259711386));
#6150=CARTESIAN_POINT('Ctrl Pts',(-38.4999999999993,8.81474428521486,22.8176259711386));
#6151=CARTESIAN_POINT('Ctrl Pts',(-38.8846594212531,8.83240070577318,22.6605357103738));
#6152=CARTESIAN_POINT('Ctrl Pts',(-39.2497604975563,8.86659802578317,22.5623703089015));
#6153=CARTESIAN_POINT('Ctrl Pts',(-39.7469682611405,8.87307410255936,22.4842173777997));
#6154=CARTESIAN_POINT('Ctrl Pts',(-39.9137058164031,8.86914870328914,22.4673003615083));
#6155=CARTESIAN_POINT('Ctrl Pts',(-40.1308887730077,8.84498005753676,22.4655063527516));
#6156=CARTESIAN_POINT('Ctrl Pts',(-40.1875373202732,8.83686504281162,22.4669812276466));
#6157=CARTESIAN_POINT('Ctrl Pts',(-40.3186894817063,8.81289377552845,22.4761805820137));
#6158=CARTESIAN_POINT('Ctrl Pts',(-40.3920564723192,8.79544824208702,22.4857664053034));
#6159=CARTESIAN_POINT('Ctrl Pts',(-40.5432326058138,8.75017135885382,22.5180872596631));
#6160=CARTESIAN_POINT('Ctrl Pts',(-40.618068609396,8.72220745455706,22.5415572047893));
#6161=CARTESIAN_POINT('Ctrl Pts',(-40.6901803677303,8.69127605590545,22.5729550885849));
#6162=CARTESIAN_POINT('',(-38.5,9.25535809554232,22.2736885540144));
#6163=CARTESIAN_POINT('Ctrl Pts',(-38.5000026558787,9.25538314860677,22.2737994119369));
#6164=CARTESIAN_POINT('Ctrl Pts',(-38.4999991007707,9.21485958524507,22.2995479314633));
#6165=CARTESIAN_POINT('Ctrl Pts',(-38.4999938021917,9.17612555168652,22.3278142529935));
#6166=CARTESIAN_POINT('Ctrl Pts',(-38.4999900060471,9.13943643541461,22.3584307660297));
#6167=CARTESIAN_POINT('Ctrl Pts',(-38.4999873228978,9.11350423706646,22.3800707936308));
#6168=CARTESIAN_POINT('Ctrl Pts',(-38.4999854254631,9.08859394632601,22.4028860005239));
#6169=CARTESIAN_POINT('Ctrl Pts',(-38.4999864264029,9.06480465908797,22.4268301190905));
#6170=CARTESIAN_POINT('Ctrl Pts',(-38.4999878418179,9.03116456186284,22.4606891611244));
#6171=CARTESIAN_POINT('Ctrl Pts',(-38.4999948377614,8.99976399966409,22.4968048384515));
#6172=CARTESIAN_POINT('Ctrl Pts',(-38.500000699612,8.97076364614714,22.5349174875134));
#6173=CARTESIAN_POINT('Ctrl Pts',(-38.500002421746,8.9622437269341,22.5461144782954));
#6174=CARTESIAN_POINT('Ctrl Pts',(-38.5000040769483,8.95393126497085,22.5574840018823));
#6175=CARTESIAN_POINT('Ctrl Pts',(-38.5000055757722,8.94583110228874,22.5690198474544));
#6176=CARTESIAN_POINT('Ctrl Pts',(-38.5000106730003,8.91828391843155,22.6082511655643));
#6177=CARTESIAN_POINT('Ctrl Pts',(-38.5000131754884,8.89336551694597,22.6491521139884));
#6178=CARTESIAN_POINT('Ctrl Pts',(-38.5000122879868,8.871194709486,22.6914317331438));
#6179=CARTESIAN_POINT('Ctrl Pts',(-38.5000114305164,8.84977411607301,22.7322806978566));
#6180=CARTESIAN_POINT('Ctrl Pts',(-38.5000073819506,8.83091805893763,22.774417657689));
#6181=CARTESIAN_POINT('Ctrl Pts',(-38.5000034084975,8.81477267059005,22.8176046725834));
#6182=CARTESIAN_POINT('Origin',(-38.5625406790685,9.84530365955452,23.2));
#6183=CARTESIAN_POINT('Ctrl Pts',(-72.4942601578736,4.72317082279279,23.5000000000005));
#6184=CARTESIAN_POINT('Ctrl Pts',(-72.9363393612868,4.6617354708634,23.5000000000005));
#6185=CARTESIAN_POINT('Ctrl Pts',(-74.0150716866541,4.54028726519766,23.5000000000005));
#6186=CARTESIAN_POINT('Ctrl Pts',(-75.4317518310789,4.38724319463022,23.5000000000006));
#6187=CARTESIAN_POINT('Ctrl Pts',(-76.3522587861968,4.23529779865477,23.5000000000005));
#6188=CARTESIAN_POINT('Ctrl Pts',(-72.5015240411723,4.77544059323503,23.3138375843233));
#6189=CARTESIAN_POINT('Ctrl Pts',(-72.9428486907605,4.71411010097656,23.3138375843233));
#6190=CARTESIAN_POINT('Ctrl Pts',(-74.0198891575197,4.59284012241493,23.3138375843233));
#6191=CARTESIAN_POINT('Ctrl Pts',(-75.4386751916837,4.43958657273571,23.3138375843233));
#6192=CARTESIAN_POINT('Ctrl Pts',(-76.3608534174741,4.28736530498905,23.3138375843233));
#6193=CARTESIAN_POINT('Ctrl Pts',(-72.5022339668318,4.78054910747271,22.9130870850765));
#6194=CARTESIAN_POINT('Ctrl Pts',(-72.9434930901322,4.7192277213439,22.9130870850765));
#6195=CARTESIAN_POINT('Ctrl Pts',(-74.0203914470809,4.59797248393505,22.9130870850765));
#6196=CARTESIAN_POINT('Ctrl Pts',(-75.439370041178,4.44469927597791,22.9130870850765));
#6197=CARTESIAN_POINT('Ctrl Pts',(-76.3616934019599,4.29245405122188,22.9130870850765));
#6198=CARTESIAN_POINT('Ctrl Pts',(-72.4614206379654,4.48686276325467,22.3903803926875));
#6199=CARTESIAN_POINT('Ctrl Pts',(-72.9068878507702,4.4249565826871,22.3903803926875));
#6200=CARTESIAN_POINT('Ctrl Pts',(-73.9932031309245,4.30271020773295,22.3903803926875));
#6201=CARTESIAN_POINT('Ctrl Pts',(-75.4004002347499,4.15061087011663,22.3903803926875));
#6202=CARTESIAN_POINT('Ctrl Pts',(-76.313403045634,3.99990416132406,22.3903803926875));
#6203=CARTESIAN_POINT('Ctrl Pts',(-72.3899657626404,3.97268463337354,22.0871927154636));
#6204=CARTESIAN_POINT('Ctrl Pts',(-72.8428166132678,3.90975235525457,22.0871927154636));
#6205=CARTESIAN_POINT('Ctrl Pts',(-73.945664678728,3.78576543650157,22.0871927154636));
#6206=CARTESIAN_POINT('Ctrl Pts',(-75.3322088928772,3.63572288836884,22.0871927154636));
#6207=CARTESIAN_POINT('Ctrl Pts',(-76.2288575923101,3.48771570501328,22.0871927154636));
#6208=CARTESIAN_POINT('Ctrl Pts',(-72.307236606272,3.37737853683711,22.0878381707819));
#6209=CARTESIAN_POINT('Ctrl Pts',(-72.7686297245104,3.31325914742019,22.0878381707819));
#6210=CARTESIAN_POINT('Ctrl Pts',(-73.8906011237197,3.18725913527165,22.0878381707819));
#6211=CARTESIAN_POINT('Ctrl Pts',(-75.25324407816,3.03959726866956,22.0878381707819));
#6212=CARTESIAN_POINT('Ctrl Pts',(-76.1309724025808,2.89471321638568,22.0878381707819));
#6213=CARTESIAN_POINT('Ctrl Pts',(-72.2357176605215,2.86273936617457,22.3899612985705));
#6214=CARTESIAN_POINT('Ctrl Pts',(-72.7044954735663,2.79759373231815,22.3899612985705));
#6215=CARTESIAN_POINT('Ctrl Pts',(-73.8429987495605,2.66985342824112,22.3899612985705));
#6216=CARTESIAN_POINT('Ctrl Pts',(-75.1849792692462,2.5242496437497,22.3899612985705));
#6217=CARTESIAN_POINT('Ctrl Pts',(-76.0463511410892,2.38206550334574,22.3899612985705));
#6218=CARTESIAN_POINT('Ctrl Pts',(-72.1949813280224,2.56960707579739,22.9132698979106));
#6219=CARTESIAN_POINT('Ctrl Pts',(-72.6679655341687,2.50387688324979,22.9132698979106));
#6220=CARTESIAN_POINT('Ctrl Pts',(-73.8158856200369,2.37514527778553,22.9132698979106));
#6221=CARTESIAN_POINT('Ctrl Pts',(-75.146096807584,2.23071376797231,22.9132698979106));
#6222=CARTESIAN_POINT('Ctrl Pts',(-75.9981518869135,2.09006752331138,22.9132698979106));
#6223=CARTESIAN_POINT('Ctrl Pts',(-72.1956539265518,2.57444698983276,23.3138375843228));
#6224=CARTESIAN_POINT('Ctrl Pts',(-72.6685737000431,2.50872575143364,23.3138375843228));
#6225=CARTESIAN_POINT('Ctrl Pts',(-73.8163524980338,2.38000887818765,23.3138375843228));
#6226=CARTESIAN_POINT('Ctrl Pts',(-75.1467499138955,2.23555851055057,23.3138375843228));
#6227=CARTESIAN_POINT('Ctrl Pts',(-75.9989477059155,2.09488870872241,23.3138375843228));
#6228=CARTESIAN_POINT('Ctrl Pts',(-72.2029178098505,2.62671676027491,23.5));
#6229=CARTESIAN_POINT('Ctrl Pts',(-72.6750827659797,2.56110041817023,23.5));
#6230=CARTESIAN_POINT('Ctrl Pts',(-73.8211689601322,2.43256185788489,23.5));
#6231=CARTESIAN_POINT('Ctrl Pts',(-75.1536726907885,2.28790198500756,23.5000000000001));
#6232=CARTESIAN_POINT('Ctrl Pts',(-76.0075423371927,2.1469562150566,23.5));
#6233=CARTESIAN_POINT('',(-76.0000000000314,4.33344791919614,23.2));
#6234=CARTESIAN_POINT('Ctrl Pts',(-76.0001437953418,4.33323263722048,23.1998996634649));
#6235=CARTESIAN_POINT('Ctrl Pts',(-76.0001397995937,4.3332118844347,23.2476958479388));
#6236=CARTESIAN_POINT('Ctrl Pts',(-76.0001414132456,4.33008238788338,23.2953881352541));
#6237=CARTESIAN_POINT('Ctrl Pts',(-76.0001465927508,4.32386789848321,23.3426695603556));
#6238=CARTESIAN_POINT('Ctrl Pts',(-76.0001517240259,4.31771127672674,23.3895107136205));
#6239=CARTESIAN_POINT('Ctrl Pts',(-76.000160339132,4.30852674665796,23.4359497258894));
#6240=CARTESIAN_POINT('Ctrl Pts',(-76.0001616285229,4.29628797317791,23.4816822320949));
#6241=CARTESIAN_POINT('Ctrl Pts',(-76.0001618010388,4.29465046944504,23.4878010764176));
#6242=CARTESIAN_POINT('Ctrl Pts',(-76.0001618295466,4.29295821838595,23.4939072502663));
#6243=CARTESIAN_POINT('Ctrl Pts',(-76.0001616762153,4.29121109031981,23.5));
#6244=CARTESIAN_POINT('',(-76.,2.14820011506387,23.5));
#6245=CARTESIAN_POINT('Ctrl Pts',(-76.0000000220928,2.1482000845284,23.5));
#6246=CARTESIAN_POINT('Ctrl Pts',(-75.9999994378276,2.13503214648317,23.454165562069));
#6247=CARTESIAN_POINT('Ctrl Pts',(-76.0000104474091,2.12495441047038,23.4074925973621));
#6248=CARTESIAN_POINT('Ctrl Pts',(-76.000019926959,2.11796417374619,23.3602834498107));
#6249=CARTESIAN_POINT('Ctrl Pts',(-76.0000277742132,2.11217759473489,23.3212033051547));
#6250=CARTESIAN_POINT('Ctrl Pts',(-76.0000346954299,2.10850768750417,23.2817551299254));
#6251=CARTESIAN_POINT('Ctrl Pts',(-76.0000368194302,2.10697970631365,23.2421104168723));
#6252=CARTESIAN_POINT('Ctrl Pts',(-76.0000393753893,2.10514097894245,23.1944031417658));
#6253=CARTESIAN_POINT('Ctrl Pts',(-76.0000343652706,2.10641534580296,23.1467396996124));
#6254=CARTESIAN_POINT('Ctrl Pts',(-76.0000256272372,2.11076506329249,23.0994216311493));
#6255=CARTESIAN_POINT('Ctrl Pts',(-76.0000168864524,2.11511615041084,23.0520886632839));
#6256=CARTESIAN_POINT('Ctrl Pts',(-76.0000044137036,2.12254453472413,23.0051001570028));
#6257=CARTESIAN_POINT('Ctrl Pts',(-75.9999988086411,2.13306332040543,22.9587566557603));
#6258=CARTESIAN_POINT('Ctrl Pts',(-75.999997491381,2.13553536706252,22.9478653513079));
#6259=CARTESIAN_POINT('Ctrl Pts',(-75.9999965828755,2.13817832046673,22.9370097075077));
#6260=CARTESIAN_POINT('Ctrl Pts',(-75.9999962750322,2.14099275861519,22.9261937196236));
#6261=CARTESIAN_POINT('Ctrl Pts',(-75.9999953223682,2.14970242727965,22.8927221470469));
#6262=CARTESIAN_POINT('Ctrl Pts',(-75.9999999963987,2.16005343067732,22.8596298510669));
#6263=CARTESIAN_POINT('Ctrl Pts',(-76.0000046457958,2.17199575914528,22.8270214757464));
#6264=CARTESIAN_POINT('Ctrl Pts',(-76.000011005397,2.18833087659645,22.7824186462243));
#6265=CARTESIAN_POINT('Ctrl Pts',(-76.0000178893798,2.20753196034152,22.7390185381696));
#6266=CARTESIAN_POINT('Ctrl Pts',(-76.0000195799789,2.22939606076403,22.6970604692354));
#6267=CARTESIAN_POINT('Ctrl Pts',(-76.0000212849839,2.25144646952873,22.6547448672625));
#6268=CARTESIAN_POINT('Ctrl Pts',(-76.0000177773709,2.27620597536917,22.6138949774683));
#6269=CARTESIAN_POINT('Ctrl Pts',(-76.0000105838697,2.30351587846554,22.5747724518249));
#6270=CARTESIAN_POINT('Ctrl Pts',(-76.0000035430471,2.33024614191507,22.5364802830988));
#6271=CARTESIAN_POINT('Ctrl Pts',(-75.999993065471,2.35942033312978,22.4998421011769));
#6272=CARTESIAN_POINT('Ctrl Pts',(-75.9999863653403,2.3909280076777,22.4651321074367));
#6273=CARTESIAN_POINT('Ctrl Pts',(-75.9999838410044,2.40279881385685,22.4520547980483));
#6274=CARTESIAN_POINT('Ctrl Pts',(-75.9999820970911,2.41497357970511,22.4392819616171));
#6275=CARTESIAN_POINT('Ctrl Pts',(-75.9999816467914,2.42744320195133,22.4268255438291));
#6276=CARTESIAN_POINT('Ctrl Pts',(-75.9999804369159,2.46094686745086,22.3933573563691));
#6277=CARTESIAN_POINT('Ctrl Pts',(-75.9999880240456,2.49657606403857,22.3621709793164));
#6278=CARTESIAN_POINT('Ctrl Pts',(-75.9999954221298,2.5340362875109,22.3333657915457));
#6279=CARTESIAN_POINT('Ctrl Pts',(-76.0000029375806,2.57209079737233,22.3041036248935));
#6280=CARTESIAN_POINT('Ctrl Pts',(-76.0000103888411,2.61203577786275,22.2772981577463));
#6281=CARTESIAN_POINT('Ctrl Pts',(-76.0000149434395,2.653598568008,22.2530922670432));
#6282=CARTESIAN_POINT('Ctrl Pts',(-76.0000178599189,2.68021277390868,22.237592331718));
#6283=CARTESIAN_POINT('Ctrl Pts',(-76.0000197159667,2.707491022691,22.223159112374));
#6284=CARTESIAN_POINT('Ctrl Pts',(-76.0000207667455,2.73536671047421,22.2098401411571));
#6285=CARTESIAN_POINT('Ctrl Pts',(-76.0000224128365,2.77903519706908,22.1889753890274));
#6286=CARTESIAN_POINT('Ctrl Pts',(-76.0000226811606,2.82390763332591,22.1709675323507));
#6287=CARTESIAN_POINT('Ctrl Pts',(-76.0000225135166,2.86970001482981,22.1559376131968));
#6288=CARTESIAN_POINT('Ctrl Pts',(-76.000022440844,2.88955071453807,22.1494222409456));
#6289=CARTESIAN_POINT('Ctrl Pts',(-76.000022364651,2.90957467069157,22.143467014061));
#6290=CARTESIAN_POINT('Ctrl Pts',(-76.0000226708525,2.92975019012147,22.1380844495269));
#6291=CARTESIAN_POINT('Ctrl Pts',(-76.0000233778295,2.97633267969606,22.1256568509632));
#6292=CARTESIAN_POINT('Ctrl Pts',(-76.0000259400556,3.02372264916736,22.1162784753533));
#6293=CARTESIAN_POINT('Ctrl Pts',(-76.0000293160695,3.07161036816435,22.1099459778564));
#6294=CARTESIAN_POINT('Ctrl Pts',(-76.0000312894821,3.09960261898003,22.1062443845891));
#6295=CARTESIAN_POINT('Ctrl Pts',(-76.0000336037337,3.12776515786669,22.1035844948208));
#6296=CARTESIAN_POINT('Ctrl Pts',(-76.0000363236761,3.15603629575298,22.1019738798535));
#6297=CARTESIAN_POINT('Ctrl Pts',(-76.000040969962,3.20432988917002,22.0992225797576));
#6298=CARTESIAN_POINT('Ctrl Pts',(-76.0000468862951,3.25265886925296,22.0995462682586));
#6299=CARTESIAN_POINT('Ctrl Pts',(-76.0000516633453,3.30071376996582,22.1029168291801));
#6300=CARTESIAN_POINT('Ctrl Pts',(-76.0000564146741,3.34850992570747,22.1062692417822));
#6301=CARTESIAN_POINT('Ctrl Pts',(-76.0000602211112,3.39603605282553,22.1126358478793));
#6302=CARTESIAN_POINT('Ctrl Pts',(-76.000062135701,3.44298779946451,22.1220396562798));
#6303=CARTESIAN_POINT('Ctrl Pts',(-76.0000630620524,3.46570483881432,22.1265895761607));
#6304=CARTESIAN_POINT('Ctrl Pts',(-76.0000635498785,3.48828731513483,22.1318512577937));
#6305=CARTESIAN_POINT('Ctrl Pts',(-76.0000634206083,3.51069959497059,22.1378315708873));
#6306=CARTESIAN_POINT('Ctrl Pts',(-76.0000632706334,3.53670155692027,22.1447697259811));
#6307=CARTESIAN_POINT('Ctrl Pts',(-76.0000623023323,3.56247452339183,22.1526751014307));
#6308=CARTESIAN_POINT('Ctrl Pts',(-76.0000615312258,3.58797036256208,22.1615251600304));
#6309=CARTESIAN_POINT('Ctrl Pts',(-76.0000601592033,3.63333486912729,22.1772719859642));
#6310=CARTESIAN_POINT('Ctrl Pts',(-76.0000593822396,3.67755218462502,22.1959125453815));
#6311=CARTESIAN_POINT('Ctrl Pts',(-76.0000615432307,3.72037628006653,22.2172537806432));
#6312=CARTESIAN_POINT('Ctrl Pts',(-76.0000637431936,3.76397267537638,22.2389798887904));
#6313=CARTESIAN_POINT('Ctrl Pts',(-76.0000691630474,3.80612623014012,22.2635054391066));
#6314=CARTESIAN_POINT('Ctrl Pts',(-76.0000774701865,3.84655497863397,22.2906766446533));
#6315=CARTESIAN_POINT('Ctrl Pts',(-76.0000857773257,3.88698372712783,22.3178478502));
#6316=CARTESIAN_POINT('Ctrl Pts',(-76.0000971466441,3.92568874334286,22.3476653247536));
#6317=CARTESIAN_POINT('Ctrl Pts',(-76.0001058398604,3.96234969599892,22.380016275631));
#6318=CARTESIAN_POINT('Ctrl Pts',(-76.000109909868,3.97951369482753,22.3951624091255));
#6319=CARTESIAN_POINT('Ctrl Pts',(-76.0001132520784,3.99617713486978,22.4108186556379));
#6320=CARTESIAN_POINT('Ctrl Pts',(-76.000114932069,4.01231266345383,22.426966895215));
#6321=CARTESIAN_POINT('Ctrl Pts',(-76.0001184445326,4.04604824432933,22.4607290517761));
#6322=CARTESIAN_POINT('Ctrl Pts',(-76.0001151197266,4.07747871158356,22.4966395497375));
#6323=CARTESIAN_POINT('Ctrl Pts',(-76.0001143567793,4.10647256383016,22.534422658486));
#6324=CARTESIAN_POINT('Ctrl Pts',(-76.0001135950077,4.1354217395024,22.5721475473108));
#6325=CARTESIAN_POINT('Ctrl Pts',(-76.00011547629,4.16194235752947,22.6117402525191));
#6326=CARTESIAN_POINT('Ctrl Pts',(-76.0001224079771,4.18586166158263,22.6529548081696));
#6327=CARTESIAN_POINT('Ctrl Pts',(-76.0001261060299,4.19862260210343,22.6749427594946));
#6328=CARTESIAN_POINT('Ctrl Pts',(-76.00013111573,4.210642391843,22.6973927209211));
#6329=CARTESIAN_POINT('Ctrl Pts',(-76.0001368529703,4.221889059454,22.7202692153903));
#6330=CARTESIAN_POINT('Ctrl Pts',(-76.0001476364401,4.24302781156905,22.7632668892411));
#6331=CARTESIAN_POINT('Ctrl Pts',(-76.0001613552262,4.2612973383154,22.8074838563431));
#6332=CARTESIAN_POINT('Ctrl Pts',(-76.0001711020185,4.27656144505467,22.8526488120715));
#6333=CARTESIAN_POINT('Ctrl Pts',(-76.0001763335946,4.2847544314462,22.8768910342976));
#6334=CARTESIAN_POINT('Ctrl Pts',(-76.0001802918922,4.2920808308376,22.9014068701967));
#6335=CARTESIAN_POINT('Ctrl Pts',(-76.000180930348,4.29851401578061,22.9261569278234));
#6336=CARTESIAN_POINT('Ctrl Pts',(-76.0001821193755,4.31049485132687,22.9722501728976));
#6337=CARTESIAN_POINT('Ctrl Pts',(-76.0001723401288,4.3193807674649,23.0191557749888));
#6338=CARTESIAN_POINT('Ctrl Pts',(-76.0001634029579,4.3251684051547,23.0665698857276));
#6339=CARTESIAN_POINT('Ctrl Pts',(-76.0001595143916,4.32768660837919,23.0871997822324));
#6340=CARTESIAN_POINT('Ctrl Pts',(-76.0001556688747,4.32961761399108,23.1079259860487));
#6341=CARTESIAN_POINT('Ctrl Pts',(-76.000152300315,4.33095811159629,23.1287232823737));
#6342=CARTESIAN_POINT('Ctrl Pts',(-76.0001484574694,4.33248734841131,23.1524487937581));
#6343=CARTESIAN_POINT('Ctrl Pts',(-76.0001455838663,4.33324296265122,23.1761870091485));
#6344=CARTESIAN_POINT('Ctrl Pts',(-76.0001437953418,4.33323263722048,23.1998996634649));
#6345=CARTESIAN_POINT('',(-72.5,2.5867987781902,23.5));
#6346=CARTESIAN_POINT('Ctrl Pts',(-72.4999891148192,2.58703844164502,23.5));
#6347=CARTESIAN_POINT('Ctrl Pts',(-72.8807811677271,2.53806843793939,23.5));
#6348=CARTESIAN_POINT('Ctrl Pts',(-73.2754899009429,2.4939448949931,23.5));
#6349=CARTESIAN_POINT('Ctrl Pts',(-73.6916823166519,2.44796345193936,23.5));
#6350=CARTESIAN_POINT('Ctrl Pts',(-74.3901786255588,2.37079273224584,23.5));
#6351=CARTESIAN_POINT('Ctrl Pts',(-75.1491879273105,2.28838887359006,23.5));
#6352=CARTESIAN_POINT('Ctrl Pts',(-76.0000000220928,2.14820008452841,23.5));
#6353=CARTESIAN_POINT('',(-72.5000000000409,4.76447337083285,23.2));
#6354=CARTESIAN_POINT('Ctrl Pts',(-72.4999777765897,4.76431345434584,23.1998996634649));
#6355=CARTESIAN_POINT('Ctrl Pts',(-72.4999812082097,4.76433431581823,23.1520678170323));
#6356=CARTESIAN_POINT('Ctrl Pts',(-72.4999906386233,4.76124768146606,23.1043700225853));
#6357=CARTESIAN_POINT('Ctrl Pts',(-72.500000288157,4.75507082997914,23.0571126766991));
#6358=CARTESIAN_POINT('Ctrl Pts',(-72.5000092968734,4.74930417797542,23.0129936511853));
#6359=CARTESIAN_POINT('Ctrl Pts',(-72.5000184491667,4.74084364408291,22.9692576429831));
#6360=CARTESIAN_POINT('Ctrl Pts',(-72.5000187347638,4.72966261240459,22.9261569278233));
#6361=CARTESIAN_POINT('Ctrl Pts',(-72.5000189618071,4.72077394129234,22.8918928193958));
#6362=CARTESIAN_POINT('Ctrl Pts',(-72.5000134880428,4.71016503559581,22.858030158611));
#6363=CARTESIAN_POINT('Ctrl Pts',(-72.5000078652307,4.69789113908304,22.8246790313805));
#6364=CARTESIAN_POINT('Ctrl Pts',(-72.5000003506767,4.68148780650644,22.7801072337286));
#6365=CARTESIAN_POINT('Ctrl Pts',(-72.499992081239,4.66222045411641,22.7367410156817));
#6366=CARTESIAN_POINT('Ctrl Pts',(-72.4999883342644,4.64029325982406,22.6948156799549));
#6367=CARTESIAN_POINT('Ctrl Pts',(-72.4999845573871,4.61819107557618,22.6525557591218));
#6368=CARTESIAN_POINT('Ctrl Pts',(-72.4999853180011,4.59338590540951,22.6117588190071));
#6369=CARTESIAN_POINT('Ctrl Pts',(-72.4999900009437,4.56603759484788,22.5726830102238));
#6370=CARTESIAN_POINT('Ctrl Pts',(-72.4999946130491,4.539102972288,22.5341982870658));
#6371=CARTESIAN_POINT('Ctrl Pts',(-72.5000029562605,4.50970093697591,22.4973821551419));
#6372=CARTESIAN_POINT('Ctrl Pts',(-72.5000096347475,4.47794541755527,22.4625114766109));
#6373=CARTESIAN_POINT('Ctrl Pts',(-72.500011954559,4.46691495242489,22.4503989427703));
#6374=CARTESIAN_POINT('Ctrl Pts',(-72.5000138778109,4.4556240309738,22.4385476043707));
#6375=CARTESIAN_POINT('Ctrl Pts',(-72.5000150768801,4.44407998505698,22.426966895215));
#6376=CARTESIAN_POINT('Ctrl Pts',(-72.500018556197,4.41058283921961,22.3933633643311));
#6377=CARTESIAN_POINT('Ctrl Pts',(-72.5000164076234,4.37495754658448,22.3620359953596));
#6378=CARTESIAN_POINT('Ctrl Pts',(-72.5000157808181,4.33749554822944,22.3330972482898));
#6379=CARTESIAN_POINT('Ctrl Pts',(-72.5000151465742,4.29958897016737,22.3038150710705));
#6380=CARTESIAN_POINT('Ctrl Pts',(-72.500015962614,4.25980092767181,22.2769778979966));
#6381=CARTESIAN_POINT('Ctrl Pts',(-72.5000200681561,4.218397985978,22.2527410392529));
#6382=CARTESIAN_POINT('Ctrl Pts',(-72.5000227923286,4.19092566889668,22.2366590257238));
#6383=CARTESIAN_POINT('Ctrl Pts',(-72.5000268526181,4.16274163860525,22.2217226876406));
#6384=CARTESIAN_POINT('Ctrl Pts',(-72.5000318172185,4.13391832925453,22.2079888213679));
#6385=CARTESIAN_POINT('Ctrl Pts',(-72.5000393198529,4.09035978803997,22.1872338423752));
#6386=CARTESIAN_POINT('Ctrl Pts',(-72.5000481248908,4.04560710909171,22.169349108498));
#6387=CARTESIAN_POINT('Ctrl Pts',(-72.5000569357546,3.9999387242677,22.1544674796345));
#6388=CARTESIAN_POINT('Ctrl Pts',(-72.500060514781,3.98138794861427,22.1484224714857));
#6389=CARTESIAN_POINT('Ctrl Pts',(-72.5000640329129,3.96268574223634,22.1428734798128));
#6390=CARTESIAN_POINT('Ctrl Pts',(-72.5000671799724,3.94384962187848,22.1378315708873));
#6391=CARTESIAN_POINT('Ctrl Pts',(-72.5000749308002,3.89745853008671,22.1254139575291));
#6392=CARTESIAN_POINT('Ctrl Pts',(-72.5000806163772,3.85025565673329,22.116068538799));
#6393=CARTESIAN_POINT('Ctrl Pts',(-72.5000848500241,3.80254959966302,22.1097810587736));
#6394=CARTESIAN_POINT('Ctrl Pts',(-72.5000874080837,3.77372458477999,22.1059820295425));
#6395=CARTESIAN_POINT('Ctrl Pts',(-72.5000893731809,3.74471563392729,22.1033004066304));
#6396=CARTESIAN_POINT('Ctrl Pts',(-72.5000905630759,3.71559066651786,22.1017422532122));
#6397=CARTESIAN_POINT('Ctrl Pts',(-72.500092527581,3.66750562925762,22.0991697571087));
#6398=CARTESIAN_POINT('Ctrl Pts',(-72.5000922054871,3.61939088786621,22.0996721115277));
#6399=CARTESIAN_POINT('Ctrl Pts',(-72.500091901736,3.57155418111889,22.1032088040911));
#6400=CARTESIAN_POINT('Ctrl Pts',(-72.5000915986263,3.52381848778438,22.1067380284693));
#6401=CARTESIAN_POINT('Ctrl Pts',(-72.5000911581678,3.47635853842151,22.1132888392425));
#6402=CARTESIAN_POINT('Ctrl Pts',(-72.5000913146804,3.42947975486625,22.1228720064771));
#6403=CARTESIAN_POINT('Ctrl Pts',(-72.5000913869118,3.40784494062408,22.1272946904132));
#6404=CARTESIAN_POINT('Ctrl Pts',(-72.5000915788716,3.38633400514939,22.1323639367942));
#6405=CARTESIAN_POINT('Ctrl Pts',(-72.5000919906558,3.36497795028621,22.1380844495269));
#6406=CARTESIAN_POINT('Ctrl Pts',(-72.500092498665,3.33863144611505,22.1451417226768));
#6407=CARTESIAN_POINT('Ctrl Pts',(-72.5000933297135,3.31252055609199,22.1531901052495));
#6408=CARTESIAN_POINT('Ctrl Pts',(-72.5000935750207,3.28669618788898,22.1622073967891));
#6409=CARTESIAN_POINT('Ctrl Pts',(-72.5000940051922,3.24141049352193,22.1780201479655));
#6410=CARTESIAN_POINT('Ctrl Pts',(-72.5000927805255,3.19727946300474,22.1967136007347));
#6411=CARTESIAN_POINT('Ctrl Pts',(-72.5000887124949,3.15455207292294,22.2181009030589));
#6412=CARTESIAN_POINT('Ctrl Pts',(-72.5000845938309,3.11129287002911,22.2397544056208));
#6413=CARTESIAN_POINT('Ctrl Pts',(-72.5000774116449,3.06947140823957,22.2641697229961));
#6414=CARTESIAN_POINT('Ctrl Pts',(-72.5000680591041,3.02936744879607,22.2912022205262));
#6415=CARTESIAN_POINT('Ctrl Pts',(-72.5000587065633,2.98926348935256,22.3182347180563));
#6416=CARTESIAN_POINT('Ctrl Pts',(-72.5000470329457,2.95087597358411,22.3478849670118));
#6417=CARTESIAN_POINT('Ctrl Pts',(-72.5000382930194,2.9145217679618,22.3800491759511));
#6418=CARTESIAN_POINT('Ctrl Pts',(-72.5000341928126,2.89746673190684,22.3951385372436));
#6419=CARTESIAN_POINT('Ctrl Pts',(-72.5000309005179,2.88091109497573,22.4107363960253));
#6420=CARTESIAN_POINT('Ctrl Pts',(-72.5000292710628,2.86488207531141,22.4268255438291));
#6421=CARTESIAN_POINT('Ctrl Pts',(-72.5000258577105,2.83130478355982,22.460528790887));
#6422=CARTESIAN_POINT('Ctrl Pts',(-72.5000293736055,2.80003582363327,22.496385495326));
#6423=CARTESIAN_POINT('Ctrl Pts',(-72.5000312816665,2.77119806986047,22.5341121944355));
#6424=CARTESIAN_POINT('Ctrl Pts',(-72.5000331939598,2.74229635069528,22.5719225756213));
#6425=CARTESIAN_POINT('Ctrl Pts',(-72.5000334101174,2.71583606860197,22.6116122324324));
#6426=CARTESIAN_POINT('Ctrl Pts',(-72.5000293573482,2.69198268749362,22.6529253919498));
#6427=CARTESIAN_POINT('Ctrl Pts',(-72.5000271987152,2.67927762257156,22.6749300868574));
#6428=CARTESIAN_POINT('Ctrl Pts',(-72.5000239380764,2.66731288344046,22.6973957756817));
#6429=CARTESIAN_POINT('Ctrl Pts',(-72.5000200069114,2.65611916115766,22.7202857660574));
#6430=CARTESIAN_POINT('Ctrl Pts',(-72.5000126125227,2.63506414744034,22.7633410651951));
#6431=CARTESIAN_POINT('Ctrl Pts',(-72.5000026564034,2.61687249146443,22.8076135500689));
#6432=CARTESIAN_POINT('Ctrl Pts',(-72.4999952248785,2.60167404013034,22.8528243272343));
#6433=CARTESIAN_POINT('Ctrl Pts',(-72.4999912469187,2.59353858629286,22.8770248317792));
#6434=CARTESIAN_POINT('Ctrl Pts',(-72.4999881061436,2.58626149152079,22.9014946895217));
#6435=CARTESIAN_POINT('Ctrl Pts',(-72.4999874374523,2.57986817365,22.9261937196236));
#6436=CARTESIAN_POINT('Ctrl Pts',(-72.4999861886001,2.56792797271606,22.9723217846206));
#6437=CARTESIAN_POINT('Ctrl Pts',(-72.499993078533,2.55906726648659,23.0192491566055));
#6438=CARTESIAN_POINT('Ctrl Pts',(-72.4999988202884,2.55329129971593,23.0666747710207));
#6439=CARTESIAN_POINT('Ctrl Pts',(-72.5000013540288,2.55074246246419,23.0876028991606));
#6440=CARTESIAN_POINT('Ctrl Pts',(-72.5000037691604,2.54879499069726,23.1086280988683));
#6441=CARTESIAN_POINT('Ctrl Pts',(-72.5000057672582,2.54745252609724,23.1297243325763));
#6442=CARTESIAN_POINT('Ctrl Pts',(-72.5000102804695,2.54442022879709,23.1773755350847));
#6443=CARTESIAN_POINT('Ctrl Pts',(-72.5000120759982,2.5444913107382,23.2250726006231));
#6444=CARTESIAN_POINT('Ctrl Pts',(-72.5000093646068,2.54762215051176,23.2725120465537));
#6445=CARTESIAN_POINT('Ctrl Pts',(-72.500006657247,2.55074833504913,23.3198809549158));
#6446=CARTESIAN_POINT('Ctrl Pts',(-72.4999994635343,2.55692522599442,23.3669941287616));
#6447=CARTESIAN_POINT('Ctrl Pts',(-72.4999939483781,2.56615984920351,23.4135516124263));
#6448=CARTESIAN_POINT('Ctrl Pts',(-72.4999905062241,2.57192342036554,23.4426093621742));
#6449=CARTESIAN_POINT('Ctrl Pts',(-72.4999878743881,2.57887907607297,23.4714506337435));
#6450=CARTESIAN_POINT('Ctrl Pts',(-72.4999891148192,2.58703844164502,23.5));
#6451=CARTESIAN_POINT('Ctrl Pts',(-72.5000003034188,4.72237380437808,23.5));
#6452=CARTESIAN_POINT('Ctrl Pts',(-72.5000007398606,4.73549750472715,23.4541429078446));
#6453=CARTESIAN_POINT('Ctrl Pts',(-72.4999925365171,4.74554593575801,23.4074460591334));
#6454=CARTESIAN_POINT('Ctrl Pts',(-72.4999861038133,4.75252017455996,23.3602163390859));
#6455=CARTESIAN_POINT('Ctrl Pts',(-72.4999807434411,4.75833180776175,23.3208598133152));
#6456=CARTESIAN_POINT('Ctrl Pts',(-72.4999765158226,4.76200786497903,23.2811326386353));
#6457=CARTESIAN_POINT('Ctrl Pts',(-72.4999765183476,4.76352147734313,23.2412121158444));
#6458=CARTESIAN_POINT('Ctrl Pts',(-72.499976519219,4.76404383804974,23.2274351984593));
#6459=CARTESIAN_POINT('Ctrl Pts',(-72.4999768767987,4.76430743989007,23.2136618995319));
#6460=CARTESIAN_POINT('Ctrl Pts',(-72.4999777765897,4.76431345434584,23.1998996634649));
#6461=CARTESIAN_POINT('Ctrl Pts',(-55.4926777530711,7.0490173606308,23.5));
#6462=CARTESIAN_POINT('Ctrl Pts',(-56.8035394639096,6.81520388683512,23.5));
#6463=CARTESIAN_POINT('Ctrl Pts',(-58.0910894437235,6.6284148628847,23.5));
#6464=CARTESIAN_POINT('Ctrl Pts',(-59.326462444422,6.43979060512957,23.5));
#6465=CARTESIAN_POINT('Ctrl Pts',(-55.5019442607218,7.10096949955318,23.3138375843228));
#6466=CARTESIAN_POINT('Ctrl Pts',(-56.8118118937748,6.86733333567382,23.3138375843227));
#6467=CARTESIAN_POINT('Ctrl Pts',(-58.0986454428758,6.68064484632981,23.3138375843228));
#6468=CARTESIAN_POINT('Ctrl Pts',(-59.3344276948331,6.49195810160526,23.3138375843228));
#6469=CARTESIAN_POINT('Ctrl Pts',(-55.5028037194486,7.10578800517079,22.9131909493249));
#6470=CARTESIAN_POINT('Ctrl Pts',(-56.8125851954617,6.87216720879863,22.9131909493249));
#6471=CARTESIAN_POINT('Ctrl Pts',(-58.0993487414403,6.68548874189704,22.9131909493249));
#6472=CARTESIAN_POINT('Ctrl Pts',(-59.3351664633351,6.49679658140683,22.9131909493249));
#6473=CARTESIAN_POINT('Ctrl Pts',(-55.4508194465615,6.81434118738407,22.3902267733967));
#6474=CARTESIAN_POINT('Ctrl Pts',(-56.7661452033088,6.57973147850693,22.3902267733967));
#6475=CARTESIAN_POINT('Ctrl Pts',(-58.056946925858,6.39248527839565,22.3902267733967));
#6476=CARTESIAN_POINT('Ctrl Pts',(-59.2904821263022,6.20414162715262,22.3902267733967));
#6477=CARTESIAN_POINT('Ctrl Pts',(-55.3596187496898,6.30302975784962,22.0872255199906));
#6478=CARTESIAN_POINT('Ctrl Pts',(-56.6846739757381,6.06668464012145,22.0872255199906));
#6479=CARTESIAN_POINT('Ctrl Pts',(-57.9825586837251,5.87844271912964,22.0872255199906));
#6480=CARTESIAN_POINT('Ctrl Pts',(-59.2120883650678,5.69071065488666,22.0872255199906));
#6481=CARTESIAN_POINT('Ctrl Pts',(-55.2540950246083,5.71141709948241,22.0878070062735));
#6482=CARTESIAN_POINT('Ctrl Pts',(-56.5904058881874,5.47306435601532,22.0878070062734));
#6483=CARTESIAN_POINT('Ctrl Pts',(-57.8964870440733,5.28367012403533,22.0878070062735));
#6484=CARTESIAN_POINT('Ctrl Pts',(-59.1213828990752,5.09664558056025,22.0878070062735));
#6485=CARTESIAN_POINT('Ctrl Pts',(-55.1628528501302,5.19987312814792,22.3899762351437));
#6486=CARTESIAN_POINT('Ctrl Pts',(-56.5088943340481,4.95978477052351,22.3899762351437));
#6487=CARTESIAN_POINT('Ctrl Pts',(-57.8220636227324,4.7693939866588,22.3899762351437));
#6488=CARTESIAN_POINT('Ctrl Pts',(-59.0429534847627,4.58298110253715,22.3899762351437));
#6489=CARTESIAN_POINT('Ctrl Pts',(-55.110887860947,4.90853442333014,22.9132750110594));
#6490=CARTESIAN_POINT('Ctrl Pts',(-56.4624718871293,4.66745746328506,22.9132750110594));
#6491=CARTESIAN_POINT('Ctrl Pts',(-57.7796776672141,4.47649919356664,22.9132750110594));
#6492=CARTESIAN_POINT('Ctrl Pts',(-58.998285723503,4.29043470941331,22.9132750110594));
#6493=CARTESIAN_POINT('Ctrl Pts',(-55.1117469460473,4.91335083423313,23.3138375843229));
#6494=CARTESIAN_POINT('Ctrl Pts',(-56.4632461157614,4.67228900971717,23.3138375843228));
#6495=CARTESIAN_POINT('Ctrl Pts',(-57.7803811800507,4.48134090398304,23.3138375843229));
#6496=CARTESIAN_POINT('Ctrl Pts',(-58.9990241708455,4.29527108581703,23.3138375843229));
#6497=CARTESIAN_POINT('Ctrl Pts',(-55.1210134536981,4.96530297315552,23.5000000000001));
#6498=CARTESIAN_POINT('Ctrl Pts',(-56.4715180115926,4.72441855380954,23.5000000000001));
#6499=CARTESIAN_POINT('Ctrl Pts',(-57.7879369593469,4.53357092099713,23.5000000000001));
#6500=CARTESIAN_POINT('Ctrl Pts',(-59.0069894212566,4.34743858229273,23.5000000000001));
#6501=CARTESIAN_POINT('',(-55.5,7.09006892531563,23.2));
#6502=CARTESIAN_POINT('Ctrl Pts',(-55.4999997603297,7.04771180721437,23.5));
#6503=CARTESIAN_POINT('Ctrl Pts',(-55.5000001648455,7.06090543562605,23.4541791975299));
#6504=CARTESIAN_POINT('Ctrl Pts',(-55.4999882391191,7.07100511010919,23.4075146593216));
#6505=CARTESIAN_POINT('Ctrl Pts',(-55.4999781934968,7.07801164571766,23.3603100409096));
#6506=CARTESIAN_POINT('Ctrl Pts',(-55.4999699306162,7.08377476967181,23.3214825686297));
#6507=CARTESIAN_POINT('Ctrl Pts',(-55.4999627893852,7.0874442671143,23.2822891125156));
#6508=CARTESIAN_POINT('Ctrl Pts',(-55.4999604249973,7.08899449833228,23.2428988110413));
#6509=CARTESIAN_POINT('Ctrl Pts',(-55.4999595647696,7.08955851402055,23.2285675630706));
#6510=CARTESIAN_POINT('Ctrl Pts',(-55.4999592426112,7.08984061038235,23.2142401887298));
#6511=CARTESIAN_POINT('Ctrl Pts',(-55.499959573896,7.08984227870248,23.1999250230797));
#6512=CARTESIAN_POINT('',(-58.9999999999995,6.53151348929462,23.2));
#6513=CARTESIAN_POINT('Ctrl Pts',(-58.9996128491266,6.53144850431657,23.1999250230797));
#6514=CARTESIAN_POINT('Ctrl Pts',(-58.9996118889766,6.53144290592873,23.2477309599755));
#6515=CARTESIAN_POINT('Ctrl Pts',(-58.9996178707705,6.52832750538697,23.2954317808403));
#6516=CARTESIAN_POINT('Ctrl Pts',(-58.9996275023867,6.52212232653166,23.3427222507261));
#6517=CARTESIAN_POINT('Ctrl Pts',(-58.9996370371173,6.51597956632137,23.3895370200524));
#6518=CARTESIAN_POINT('Ctrl Pts',(-58.9996501340249,6.50680877981388,23.4359507529368));
#6519=CARTESIAN_POINT('Ctrl Pts',(-58.9996558688386,6.49457983591653,23.4816614739232));
#6520=CARTESIAN_POINT('Ctrl Pts',(-58.9996566373669,6.49294102255473,23.4877872147033));
#6521=CARTESIAN_POINT('Ctrl Pts',(-58.9996572623775,6.49124721547641,23.4939003071966));
#6522=CARTESIAN_POINT('Ctrl Pts',(-58.999657707076,6.48949827490302,23.5));
#6523=CARTESIAN_POINT('',(-59.,4.34850561015936,23.5));
#6524=CARTESIAN_POINT('Ctrl Pts',(-58.9999997404492,4.34850569841451,23.5));
#6525=CARTESIAN_POINT('Ctrl Pts',(-58.9999997513571,4.33535978533724,23.4541566597565));
#6526=CARTESIAN_POINT('Ctrl Pts',(-59.0000101551684,4.32530049481578,23.4074768698499));
#6527=CARTESIAN_POINT('Ctrl Pts',(-59.0000187818596,4.31832371364719,23.3602635517672));
#6528=CARTESIAN_POINT('Ctrl Pts',(-59.0000259310782,4.31254182886352,23.3211363441321));
#6529=CARTESIAN_POINT('Ctrl Pts',(-59.0000319907865,4.30887790924153,23.2816421037077));
#6530=CARTESIAN_POINT('Ctrl Pts',(-59.0000338851054,4.30735646628447,23.2419531055459));
#6531=CARTESIAN_POINT('Ctrl Pts',(-59.0000361624793,4.30552736850939,23.1942384949542));
#6532=CARTESIAN_POINT('Ctrl Pts',(-59.0000320633686,4.30680592085035,23.1465664886523));
#6533=CARTESIAN_POINT('Ctrl Pts',(-59.0000241447539,4.31115539560626,23.099239053977));
#6534=CARTESIAN_POINT('Ctrl Pts',(-59.0000162254726,4.3155052365562,23.0519076346772));
#6535=CARTESIAN_POINT('Ctrl Pts',(-59.0000044859571,4.32292652828481,23.0049197183338));
#6536=CARTESIAN_POINT('Ctrl Pts',(-58.9999987505058,4.33343333291825,22.958576217269));
#6537=CARTESIAN_POINT('Ctrl Pts',(-58.9999974103291,4.33588840992548,22.9477473432327));
#6538=CARTESIAN_POINT('Ctrl Pts',(-58.999996429267,4.33851217283011,22.9369536905816));
#6539=CARTESIAN_POINT('Ctrl Pts',(-58.9999959900025,4.34130520081778,22.9261991917227));
#6540=CARTESIAN_POINT('Ctrl Pts',(-58.9999946102317,4.35007836175039,22.8924183095921));
#6541=CARTESIAN_POINT('Ctrl Pts',(-58.9999984363508,4.36052059709899,22.8590232155232));
#6542=CARTESIAN_POINT('Ctrl Pts',(-59.0000024977218,4.37258074197689,22.8261216273816));
#6543=CARTESIAN_POINT('Ctrl Pts',(-59.0000080046199,4.38893334497737,22.7815096750037));
#6544=CARTESIAN_POINT('Ctrl Pts',(-59.0000140923666,4.4081500034953,22.7381001170263));
#6545=CARTESIAN_POINT('Ctrl Pts',(-59.0000149403877,4.43002976557075,22.6961333103562));
#6546=CARTESIAN_POINT('Ctrl Pts',(-59.0000157949004,4.45207701558711,22.6538452509224));
#6547=CARTESIAN_POINT('Ctrl Pts',(-59.0000114012033,4.47682880612072,22.6130211112007));
#6548=CARTESIAN_POINT('Ctrl Pts',(-59.0000031217069,4.50412877682216,22.5739233388657));
#6549=CARTESIAN_POINT('Ctrl Pts',(-58.9999949907414,4.53093899708643,22.5355269647594));
#6550=CARTESIAN_POINT('Ctrl Pts',(-58.999983202722,4.56020741848715,22.4987947184098));
#6551=CARTESIAN_POINT('Ctrl Pts',(-58.9999748273048,4.59182452215583,22.4640047003527));
#6552=CARTESIAN_POINT('Ctrl Pts',(-58.9999717742119,4.60334991275083,22.4513226864934));
#6553=CARTESIAN_POINT('Ctrl Pts',(-58.999969326717,4.61516161020782,22.4389278526965));
#6554=CARTESIAN_POINT('Ctrl Pts',(-58.9999679438807,4.62725136608243,22.4268311596513));
#6555=CARTESIAN_POINT('Ctrl Pts',(-58.9999641156282,4.66072072129162,22.3933425995359));
#6556=CARTESIAN_POINT('Ctrl Pts',(-58.9999679633861,4.69631806162843,22.3621365674421));
#6557=CARTESIAN_POINT('Ctrl Pts',(-58.9999711872614,4.73374925029163,22.3333135710851));
#6558=CARTESIAN_POINT('Ctrl Pts',(-58.9999744608128,4.77175720959477,22.3040464462179));
#6559=CARTESIAN_POINT('Ctrl Pts',(-58.9999772225727,4.81165686067405,22.2772357209673));
#6560=CARTESIAN_POINT('Ctrl Pts',(-58.9999765152676,4.8531762789941,22.2530254307295));
#6561=CARTESIAN_POINT('Ctrl Pts',(-58.9999760558218,4.88014614423254,22.2372990961248));
#6562=CARTESIAN_POINT('Ctrl Pts',(-58.9999742446828,4.90780016199229,22.2226708111593));
#6563=CARTESIAN_POINT('Ctrl Pts',(-58.999971129801,4.93606899967969,22.2091906077245));
#6564=CARTESIAN_POINT('Ctrl Pts',(-58.9999663199033,4.97972080535059,22.1883749227202));
#6565=CARTESIAN_POINT('Ctrl Pts',(-58.9999586982503,5.02457356165654,22.1704204502027));
#6566=CARTESIAN_POINT('Ctrl Pts',(-58.9999500764428,5.07034327287169,22.1554487006706));
#6567=CARTESIAN_POINT('Ctrl Pts',(-58.999946431217,5.08969431215895,22.149118774051));
#6568=CARTESIAN_POINT('Ctrl Pts',(-58.9999426681394,5.10920962764424,22.1433225394687));
#6569=CARTESIAN_POINT('Ctrl Pts',(-58.999939148523,5.12886908941773,22.138071630038));
#6570=CARTESIAN_POINT('Ctrl Pts',(-58.9999308181164,5.17540009952712,22.1256435115771));
#6571=CARTESIAN_POINT('Ctrl Pts',(-58.9999237452443,5.2227381062356,22.1162667040957));
#6572=CARTESIAN_POINT('Ctrl Pts',(-58.9999167421422,5.27057490792452,22.109936435742));
#6573=CARTESIAN_POINT('Ctrl Pts',(-58.9999126023667,5.29885289288567,22.1061943955766));
#6574=CARTESIAN_POINT('Ctrl Pts',(-58.9999085290322,5.32730540069988,22.1035179183597));
#6575=CARTESIAN_POINT('Ctrl Pts',(-58.99990437622,5.35586897363457,22.1019145783476));
#6576=CARTESIAN_POINT('Ctrl Pts',(-58.9998973596821,5.40412961874705,22.099205595704));
#6577=CARTESIAN_POINT('Ctrl Pts',(-58.9998903406632,5.45242384061481,22.0995731648925));
#6578=CARTESIAN_POINT('Ctrl Pts',(-58.9998822931494,5.50044297904266,22.1029872916122));
#6579=CARTESIAN_POINT('Ctrl Pts',(-58.9998742840988,5.54823260984938,22.1063851005026));
#6580=CARTESIAN_POINT('Ctrl Pts',(-58.9998654279006,5.59575088851469,22.1128004564902));
#6581=CARTESIAN_POINT('Ctrl Pts',(-58.999855104826,5.64269399424369,22.1222545543707));
#6582=CARTESIAN_POINT('Ctrl Pts',(-58.9998501928314,5.6650307774556,22.1267530665918));
#6583=CARTESIAN_POINT('Ctrl Pts',(-58.9998449385077,5.68723723854412,22.131940322419));
#6584=CARTESIAN_POINT('Ctrl Pts',(-58.9998391350975,5.7092795736187,22.1378226432721));
#6585=CARTESIAN_POINT('Ctrl Pts',(-58.9998322518367,5.73542336402947,22.1447994977202));
#6586=CARTESIAN_POINT('Ctrl Pts',(-58.9998246101284,5.76133636200045,22.1527540825348));
#6587=CARTESIAN_POINT('Ctrl Pts',(-58.9998169539705,5.78696920062328,22.1616635281721));
#6588=CARTESIAN_POINT('Ctrl Pts',(-58.9998034083104,5.83232010899156,22.1774265678672));
#6589=CARTESIAN_POINT('Ctrl Pts',(-58.9997902497014,5.87652457177802,22.1960815873024));
#6590=CARTESIAN_POINT('Ctrl Pts',(-58.9997800222311,5.91933378481204,22.2174360966299));
#6591=CARTESIAN_POINT('Ctrl Pts',(-58.999769616645,5.96288853839267,22.2391625037669));
#6592=CARTESIAN_POINT('Ctrl Pts',(-58.9997624122493,6.00500010681596,22.2636837229159));
#6593=CARTESIAN_POINT('Ctrl Pts',(-58.9997578413206,6.04538440360269,22.2908469323617));
#6594=CARTESIAN_POINT('Ctrl Pts',(-58.9997532703919,6.08576870038942,22.3180101418075));
#6595=CARTESIAN_POINT('Ctrl Pts',(-58.999751498637,6.12442680232174,22.3478159483855));
#6596=CARTESIAN_POINT('Ctrl Pts',(-58.9997462433299,6.16103654349089,22.380152604372));
#6597=CARTESIAN_POINT('Ctrl Pts',(-58.9997437928091,6.17810746471071,22.3952310094421));
#6598=CARTESIAN_POINT('Ctrl Pts',(-58.9997405750638,6.19468127704264,22.4108151400242));
#6599=CARTESIAN_POINT('Ctrl Pts',(-58.9997356228551,6.21073074749097,22.4268872604837));
#6600=CARTESIAN_POINT('Ctrl Pts',(-58.9997252238012,6.24443274231602,22.4606368176606));
#6601=CARTESIAN_POINT('Ctrl Pts',(-58.9997075716676,6.27582519853405,22.4965358433786));
#6602=CARTESIAN_POINT('Ctrl Pts',(-58.9996924934515,6.3047807737465,22.5343064241738));
#6603=CARTESIAN_POINT('Ctrl Pts',(-58.9996774159889,6.33373490172951,22.5720751171565));
#6604=CARTESIAN_POINT('Ctrl Pts',(-58.9996649965666,6.36025294630972,22.6117161518859));
#6605=CARTESIAN_POINT('Ctrl Pts',(-58.9996585753971,6.38416562794823,22.6529804246803));
#6606=CARTESIAN_POINT('Ctrl Pts',(-58.9996551359852,6.39697412984175,22.6750830698044));
#6607=CARTESIAN_POINT('Ctrl Pts',(-58.999653299485,6.40903437232751,22.6976518350141));
#6608=CARTESIAN_POINT('Ctrl Pts',(-58.9996526817802,6.42031452338847,22.7206503542166));
#6609=CARTESIAN_POINT('Ctrl Pts',(-58.9996515260141,6.44142042519186,22.7636820906966));
#6610=CARTESIAN_POINT('Ctrl Pts',(-58.9996554103493,6.45965779777042,22.8079312053215));
#6611=CARTESIAN_POINT('Ctrl Pts',(-58.9996573284118,6.4748941876297,22.8531241167084));
#6612=CARTESIAN_POINT('Ctrl Pts',(-58.9996583512574,6.48301930006888,22.877224148925));
#6613=CARTESIAN_POINT('Ctrl Pts',(-58.9996587012821,6.49029027521725,22.9015930715981));
#6614=CARTESIAN_POINT('Ctrl Pts',(-58.9996564647583,6.49668156908831,22.9261919120863));
#6615=CARTESIAN_POINT('Ctrl Pts',(-58.9996522726381,6.50866135339567,22.9722997596059));
#6616=CARTESIAN_POINT('Ctrl Pts',(-58.9996394734748,6.51755359826262,23.0192153733426));
#6617=CARTESIAN_POINT('Ctrl Pts',(-58.9996296188794,6.52335104647927,23.0666366069919));
#6618=CARTESIAN_POINT('Ctrl Pts',(-58.9996252949731,6.52589479604177,23.0874436479245));
#6619=CARTESIAN_POINT('Ctrl Pts',(-58.9996214342545,6.5278420709916,23.1083480730565));
#6620=CARTESIAN_POINT('Ctrl Pts',(-58.9996185246154,6.52918912701127,23.12932417097));
#6621=CARTESIAN_POINT('Ctrl Pts',(-58.9996152601214,6.53070046782299,23.1528584801483));
#6622=CARTESIAN_POINT('Ctrl Pts',(-58.9996132863456,6.53145126406073,23.176404467552));
#6623=CARTESIAN_POINT('Ctrl Pts',(-58.9996128491266,6.53144850431657,23.1999250230797));
#6624=CARTESIAN_POINT('',(-55.5,4.89871705546019,23.5));
#6625=CARTESIAN_POINT('Ctrl Pts',(-55.49967473506,4.89887371256495,23.5000000000001));
#6626=CARTESIAN_POINT('Ctrl Pts',(-56.7147824174331,4.68913974876609,23.5000000000001));
#6627=CARTESIAN_POINT('Ctrl Pts',(-57.8971609448459,4.51685892233442,23.5000000000001));
#6628=CARTESIAN_POINT('Ctrl Pts',(-58.9999997404492,4.34850569841454,23.5000000000001));
#6629=CARTESIAN_POINT('Ctrl Pts',(-55.499959573896,7.08984227870248,23.1999250230797));
#6630=CARTESIAN_POINT('Ctrl Pts',(-55.4999608317318,7.08984782636095,23.1520919501723));
#6631=CARTESIAN_POINT('Ctrl Pts',(-55.4999695380447,7.08672634379236,23.1043956195361));
#6632=CARTESIAN_POINT('Ctrl Pts',(-55.4999798671683,7.08050084339787,23.0571405438932));
#6633=CARTESIAN_POINT('Ctrl Pts',(-55.4999895103089,7.0746887940778,23.0130237961852));
#6634=CARTESIAN_POINT('Ctrl Pts',(-55.5000004905386,7.06617084714778,22.969290765819));
#6635=CARTESIAN_POINT('Ctrl Pts',(-55.5000014955764,7.0549253403624,22.9261919120863));
#6636=CARTESIAN_POINT('Ctrl Pts',(-55.5000022629233,7.04633939075771,22.8932859174317));
#6637=CARTESIAN_POINT('Ctrl Pts',(-55.4999970681024,7.03616255120284,22.860749596925));
#6638=CARTESIAN_POINT('Ctrl Pts',(-55.4999914014661,7.02444295084059,22.8286808557721));
#6639=CARTESIAN_POINT('Ctrl Pts',(-55.4999835286019,7.00816048324218,22.7841265857797));
#6640=CARTESIAN_POINT('Ctrl Pts',(-55.499974460153,6.98901217961774,22.7407746983193));
#6641=CARTESIAN_POINT('Ctrl Pts',(-55.4999709956351,6.96720332852867,22.6988584951308));
#6642=CARTESIAN_POINT('Ctrl Pts',(-55.4999674935702,6.94515812255339,22.6564880222792));
#6643=CARTESIAN_POINT('Ctrl Pts',(-55.4999696369316,6.92039390117121,22.6155835194491));
#6644=CARTESIAN_POINT('Ctrl Pts',(-55.4999759525444,6.89307286363808,22.5764016076773));
#6645=CARTESIAN_POINT('Ctrl Pts',(-55.4999821030723,6.86646597567857,22.5382438790299));
#6646=CARTESIAN_POINT('Ctrl Pts',(-55.4999920970276,6.83743351950071,22.5017190782974));
#6647=CARTESIAN_POINT('Ctrl Pts',(-55.4999980702116,6.80608729828343,22.4670919808795));
#6648=CARTESIAN_POINT('Ctrl Pts',(-55.5000004401619,6.79365021510612,22.4533531608862));
#6649=CARTESIAN_POINT('Ctrl Pts',(-55.5000019521387,6.78087900066969,22.4399471198703));
#6650=CARTESIAN_POINT('Ctrl Pts',(-55.5000019583271,6.76778433059769,22.4268872604837));
#6651=CARTESIAN_POINT('Ctrl Pts',(-55.5000019741919,6.73421422517736,22.3934063973562));
#6652=CARTESIAN_POINT('Ctrl Pts',(-55.4999926494233,6.69852129675183,22.3621983855539));
#6653=CARTESIAN_POINT('Ctrl Pts',(-55.4999833339865,6.66100028187021,22.3333686252443));
#6654=CARTESIAN_POINT('Ctrl Pts',(-55.499973872483,6.62289093525883,22.30408681259));
#6655=CARTESIAN_POINT('Ctrl Pts',(-55.499964270924,6.58289484155429,22.2772577580895));
#6656=CARTESIAN_POINT('Ctrl Pts',(-55.4999575341351,6.54128434195085,22.2530301065965));
#6657=CARTESIAN_POINT('Ctrl Pts',(-55.4999533368095,6.51535911023012,22.2379351789943));
#6658=CARTESIAN_POINT('Ctrl Pts',(-55.499950125602,6.48880651753437,22.2238508697676));
#6659=CARTESIAN_POINT('Ctrl Pts',(-55.4999477237071,6.46168778144145,22.2108222102511));
#6660=CARTESIAN_POINT('Ctrl Pts',(-55.4999438526427,6.41798130028805,22.189824297234));
#6661=CARTESIAN_POINT('Ctrl Pts',(-55.4999417441788,6.37306499030168,22.1716907804667));
#6662=CARTESIAN_POINT('Ctrl Pts',(-55.4999396118318,6.32722324535483,22.1565484749535));
#6663=CARTESIAN_POINT('Ctrl Pts',(-55.4999386455648,6.30645019014169,22.14968678265));
#6664=CARTESIAN_POINT('Ctrl Pts',(-55.4999375914208,6.28548668334589,22.143439884501));
#6665=CARTESIAN_POINT('Ctrl Pts',(-55.4999359390677,6.26435748745416,22.1378226432721));
#6666=CARTESIAN_POINT('Ctrl Pts',(-55.4999322900697,6.21769652091468,22.1254177270429));
#6667=CARTESIAN_POINT('Ctrl Pts',(-55.4999258593444,6.17022798896243,22.1160800734773));
#6668=CARTESIAN_POINT('Ctrl Pts',(-55.4999180282033,6.12226056976177,22.1097942602338));
#6669=CARTESIAN_POINT('Ctrl Pts',(-55.4999135589428,6.09488539029535,22.1062069239022));
#6670=CARTESIAN_POINT('Ctrl Pts',(-55.499908583272,6.06734751416336,22.1036145307548));
#6671=CARTESIAN_POINT('Ctrl Pts',(-55.4999032049808,6.03970408301267,22.1020218080174));
#6672=CARTESIAN_POINT('Ctrl Pts',(-55.4998937931552,5.99132902457471,22.0992345977367));
#6673=CARTESIAN_POINT('Ctrl Pts',(-55.4998830681341,5.94290745755385,22.0995217329457));
#6674=CARTESIAN_POINT('Ctrl Pts',(-55.4998727672929,5.89474805148292,22.1028443618144));
#6675=CARTESIAN_POINT('Ctrl Pts',(-55.4998624982317,5.84673722607197,22.1061567397594));
#6676=CARTESIAN_POINT('Ctrl Pts',(-55.4998524538623,5.79898584009644,22.1124859642539));
#6677=CARTESIAN_POINT('Ctrl Pts',(-55.4998435742883,5.75179941134714,22.1218444771599));
#6678=CARTESIAN_POINT('Ctrl Pts',(-55.4998391562928,5.72832199817575,22.1265007666904));
#6679=CARTESIAN_POINT('Ctrl Pts',(-55.499835032875,5.70498453975298,22.1319077488255));
#6680=CARTESIAN_POINT('Ctrl Pts',(-55.4998314776137,5.68182593373317,22.138071630038));
#6681=CARTESIAN_POINT('Ctrl Pts',(-55.4998275226095,5.65606344337042,22.1449285596044));
#6682=CARTESIAN_POINT('Ctrl Pts',(-55.499824258387,5.63052221300782,22.1527221427043));
#6683=CARTESIAN_POINT('Ctrl Pts',(-55.4998208974416,5.60524945589712,22.1614323182577));
#6684=CARTESIAN_POINT('Ctrl Pts',(-55.4998148358448,5.55966904834103,22.1771414611056));
#6685=CARTESIAN_POINT('Ctrl Pts',(-55.4998082510029,5.51522871452989,22.1957367557283));
#6686=CARTESIAN_POINT('Ctrl Pts',(-55.4997987420598,5.47218113736699,22.2170362046889));
#6687=CARTESIAN_POINT('Ctrl Pts',(-55.499789046887,5.42829048697871,22.2387527966416));
#6688=CARTESIAN_POINT('Ctrl Pts',(-55.4997761140154,5.38584656465701,22.2632809438776));
#6689=CARTESIAN_POINT('Ctrl Pts',(-55.4997610391862,5.34514033816477,22.2904777678979));
#6690=CARTESIAN_POINT('Ctrl Pts',(-55.499745964357,5.30443411167254,22.3176745919181));
#6691=CARTESIAN_POINT('Ctrl Pts',(-55.4997285505669,5.26546447748633,22.3475406853216));
#6692=CARTESIAN_POINT('Ctrl Pts',(-55.4997164621397,5.22856197064422,22.3799746419161));
#6693=CARTESIAN_POINT('Ctrl Pts',(-55.4997108298088,5.21136807724486,22.3950865147921));
#6694=CARTESIAN_POINT('Ctrl Pts',(-55.4997064292437,5.19467534021388,22.4107109399186));
#6695=CARTESIAN_POINT('Ctrl Pts',(-55.499704394766,5.17851171169542,22.4268311596513));
#6696=CARTESIAN_POINT('Ctrl Pts',(-55.4997001412385,5.14471805510749,22.4605340605282));
#6697=CARTESIAN_POINT('Ctrl Pts',(-55.4997057680768,5.11323462888165,22.49640186713));
#6698=CARTESIAN_POINT('Ctrl Pts',(-55.4997098719568,5.08419087674584,22.534155943396));
#6699=CARTESIAN_POINT('Ctrl Pts',(-55.4997139697796,5.0551899917675,22.5718542964922));
#6700=CARTESIAN_POINT('Ctrl Pts',(-55.4997164525,5.02862104457675,22.6114343409239));
#6701=CARTESIAN_POINT('Ctrl Pts',(-55.4997135182884,5.00465507605877,22.6526465495028));
#6702=CARTESIAN_POINT('Ctrl Pts',(-55.4997119403393,4.99176674913409,22.6748094934728));
#6703=CARTESIAN_POINT('Ctrl Pts',(-55.4997089336753,4.97963198221247,22.6974448541566));
#6704=CARTESIAN_POINT('Ctrl Pts',(-55.4997049661255,4.96828328798937,22.72051564738));
#6705=CARTESIAN_POINT('Ctrl Pts',(-55.4996975704959,4.94712898823392,22.7635202843759));
#6706=CARTESIAN_POINT('Ctrl Pts',(-55.4996861042543,4.92884591056677,22.8077466973246));
#6707=CARTESIAN_POINT('Ctrl Pts',(-55.4996780294075,4.91356698884106,22.8529188151641));
#6708=CARTESIAN_POINT('Ctrl Pts',(-55.4996737090498,4.90539217010363,22.877087659141));
#6709=CARTESIAN_POINT('Ctrl Pts',(-55.499670494906,4.89807807109822,22.9015277182516));
#6710=CARTESIAN_POINT('Ctrl Pts',(-55.4996705506698,4.89165057230837,22.9261991917227));
#6711=CARTESIAN_POINT('Ctrl Pts',(-55.4996706548456,4.8796429772412,22.9722894474873));
#6712=CARTESIAN_POINT('Ctrl Pts',(-55.4996816021262,4.87072658518356,23.0191873696895));
#6713=CARTESIAN_POINT('Ctrl Pts',(-55.499690501614,4.86491152151025,23.0665934040943));
#6714=CARTESIAN_POINT('Ctrl Pts',(-55.499694347938,4.86239827360567,23.0870821078));
#6715=CARTESIAN_POINT('Ctrl Pts',(-55.4996979320217,4.86046498048597,23.1076657562152));
#6716=CARTESIAN_POINT('Ctrl Pts',(-55.4997007644851,4.85911542315918,23.1283199559402));
#6717=CARTESIAN_POINT('Ctrl Pts',(-55.4997072959729,4.85600342622808,23.1759472814954));
#6718=CARTESIAN_POINT('Ctrl Pts',(-55.4997090555681,4.85601336752422,23.2236206221696));
#6719=CARTESIAN_POINT('Ctrl Pts',(-55.4997048456981,4.85909971018492,23.2710370248787));
#6720=CARTESIAN_POINT('Ctrl Pts',(-55.4997006387833,4.86218388629774,23.3184201422665));
#6721=CARTESIAN_POINT('Ctrl Pts',(-55.499690477839,4.86834018177214,23.3655478032255));
#6722=CARTESIAN_POINT('Ctrl Pts',(-55.499682544793,4.87757343598853,23.4121203175782));
#6723=CARTESIAN_POINT('Ctrl Pts',(-55.4996775125172,4.88343049029871,23.441663286886));
#6724=CARTESIAN_POINT('Ctrl Pts',(-55.499673563614,4.8905266900161,23.4709828689974));
#6725=CARTESIAN_POINT('Ctrl Pts',(-55.4996747350603,4.89887371256486,23.5));
#6726=CARTESIAN_POINT('Ctrl Pts',(-46.9881106652568,9.50551092711021,23.5000000000001));
#6727=CARTESIAN_POINT('Ctrl Pts',(-48.4733204603274,9.06386302360454,23.5000000000001));
#6728=CARTESIAN_POINT('Ctrl Pts',(-49.8374496437158,8.48816458610291,23.5000000000001));
#6729=CARTESIAN_POINT('Ctrl Pts',(-51.1577956174551,8.06677445723485,23.5000000000001));
#6730=CARTESIAN_POINT('Ctrl Pts',(-47.0031522396355,9.55609396718161,23.3138375843229));
#6731=CARTESIAN_POINT('Ctrl Pts',(-48.4916840897871,9.11345820413801,23.3138375843229));
#6732=CARTESIAN_POINT('Ctrl Pts',(-49.8562046360569,8.53757344786957,23.3138375843229));
#6733=CARTESIAN_POINT('Ctrl Pts',(-51.1738405588753,8.11704823526551,23.3138375843229));
#6734=CARTESIAN_POINT('Ctrl Pts',(-47.0045476910235,9.56078670556797,22.9132775865497));
#6735=CARTESIAN_POINT('Ctrl Pts',(-48.4933629661807,9.11806666213521,22.9132775865497));
#6736=CARTESIAN_POINT('Ctrl Pts',(-49.8579243839326,8.54216370376046,22.9132775865497));
#6737=CARTESIAN_POINT('Ctrl Pts',(-51.1753290955943,8.12171228249675,22.9132775865497));
#6738=CARTESIAN_POINT('Ctrl Pts',(-46.9201962067111,9.27712261538409,22.3899786895197));
#6739=CARTESIAN_POINT('Ctrl Pts',(-48.390499103138,8.83990748666594,22.3899786895198));
#6740=CARTESIAN_POINT('Ctrl Pts',(-49.7528441845374,8.26505372579919,22.3899786895197));
#6741=CARTESIAN_POINT('Ctrl Pts',(-51.0853508399658,7.83978249960815,22.3899786895197));
#6742=CARTESIAN_POINT('Ctrl Pts',(-46.7720910549769,8.77906246314512,22.0878034688499));
#6743=CARTESIAN_POINT('Ctrl Pts',(-48.2098931746137,8.35151189493503,22.0878034688499));
#6744=CARTESIAN_POINT('Ctrl Pts',(-49.5683461580773,7.77850045238633,22.0878034688499));
#6745=CARTESIAN_POINT('Ctrl Pts',(-50.9273661487507,7.34476746088693,22.0878034688499));
#6746=CARTESIAN_POINT('Ctrl Pts',(-46.6008021268708,8.20303800612629,22.0872284924256));
#6747=CARTESIAN_POINT('Ctrl Pts',(-48.0010098331741,7.78666666248593,22.0872284924256));
#6748=CARTESIAN_POINT('Ctrl Pts',(-49.354962588876,7.21578570159278,22.0872284924256));
#6749=CARTESIAN_POINT('Ctrl Pts',(-50.7446511783492,6.77226478703573,22.0872284924256));
#6750=CARTESIAN_POINT('Ctrl Pts',(-46.4527630892707,7.70520018792053,22.3902286042261));
#6751=CARTESIAN_POINT('Ctrl Pts',(-47.8204738633113,7.29849226156429,22.3902286042261));
#6752=CARTESIAN_POINT('Ctrl Pts',(-49.1705382230467,6.72945240192973,22.3902286042261));
#6753=CARTESIAN_POINT('Ctrl Pts',(-50.5867370114943,6.27747072300916,22.3902286042261));
#6754=CARTESIAN_POINT('Ctrl Pts',(-46.3683801007982,7.42143015296288,22.91319330637));
#6755=CARTESIAN_POINT('Ctrl Pts',(-47.7175726895317,7.02022886798801,22.91319330637));
#6756=CARTESIAN_POINT('Ctrl Pts',(-49.065419681104,6.4522386387114,22.91319330637));
#6757=CARTESIAN_POINT('Ctrl Pts',(-50.4967251501813,5.99543564308755,22.91319330637));
#6758=CARTESIAN_POINT('Ctrl Pts',(-46.369776414326,7.42612579062371,23.3138375843228));
#6759=CARTESIAN_POINT('Ctrl Pts',(-47.7192567720435,7.02483893351695,23.3138375843229));
#6760=CARTESIAN_POINT('Ctrl Pts',(-49.0671438923403,6.45683064517092,23.3138375843228));
#6761=CARTESIAN_POINT('Ctrl Pts',(-50.4982146065503,6.00010257186723,23.3138375843228));
#6762=CARTESIAN_POINT('Ctrl Pts',(-46.3848179887047,7.47670883069511,23.5000000000001));
#6763=CARTESIAN_POINT('Ctrl Pts',(-47.7376186178025,7.07443464445879,23.5000000000001));
#6764=CARTESIAN_POINT('Ctrl Pts',(-49.085897429582,6.50623997133444,23.5000000000001));
#6765=CARTESIAN_POINT('Ctrl Pts',(-50.5142595479705,6.05037634989788,23.5000000000001));
#6766=CARTESIAN_POINT('',(-46.9999999996678,9.54547953996838,23.2));
#6767=CARTESIAN_POINT('Ctrl Pts',(-46.9999992175151,9.50197207212007,23.5000000000001));
#6768=CARTESIAN_POINT('Ctrl Pts',(-46.9999978920782,9.51544737774549,23.4544443915447));
#6769=CARTESIAN_POINT('Ctrl Pts',(-46.9999780509561,9.52579463064145,23.4080185207606));
#6770=CARTESIAN_POINT('Ctrl Pts',(-46.9999627418556,9.53299601431163,23.3610167619717));
#6771=CARTESIAN_POINT('Ctrl Pts',(-46.9999508098608,9.53860881120935,23.3243833401183));
#6772=CARTESIAN_POINT('Ctrl Pts',(-46.9999412679643,9.54230963595714,23.2873996820525));
#6773=CARTESIAN_POINT('Ctrl Pts',(-46.9999370524693,9.54406963039849,23.2502068567069));
#6774=CARTESIAN_POINT('Ctrl Pts',(-46.9999351524469,9.54486290115035,23.233443178463));
#6775=CARTESIAN_POINT('Ctrl Pts',(-46.9999347184637,9.54525927476257,23.2166842228365));
#6776=CARTESIAN_POINT('Ctrl Pts',(-46.9999352152832,9.54526167775068,23.1999433096328));
#6777=CARTESIAN_POINT('',(-50.4999999999102,8.32987904985403,23.2));
#6778=CARTESIAN_POINT('Ctrl Pts',(-50.4976847785935,8.33150100447779,23.1999433096328));
#6779=CARTESIAN_POINT('Ctrl Pts',(-50.4976837565305,8.33149398703942,23.2476568587945));
#6780=CARTESIAN_POINT('Ctrl Pts',(-50.4977076528354,8.32823568490623,23.2952426465865));
#6781=CARTESIAN_POINT('Ctrl Pts',(-50.4977473913994,8.32175808139669,23.342401616455));
#6782=CARTESIAN_POINT('Ctrl Pts',(-50.4977868635088,8.31532391145134,23.3892443764564));
#6783=CARTESIAN_POINT('Ctrl Pts',(-50.4978419373777,8.30571339825723,23.4356671423652));
#6784=CARTESIAN_POINT('Ctrl Pts',(-50.4978892869594,8.29290938104598,23.481372856625));
#6785=CARTESIAN_POINT('Ctrl Pts',(-50.4978957333816,8.29116617448447,23.4875954740803));
#6786=CARTESIAN_POINT('Ctrl Pts',(-50.4979020149995,8.28936370140697,23.4938047795734));
#6787=CARTESIAN_POINT('Ctrl Pts',(-50.4979080525397,8.28750184924974,23.5));
#6788=CARTESIAN_POINT('',(-50.5,6.05493150073495,23.5));
#6789=CARTESIAN_POINT('Ctrl Pts',(-50.5000011407696,6.05493150960426,23.5000000000001));
#6790=CARTESIAN_POINT('Ctrl Pts',(-50.5000021757851,6.04138765817973,23.4544932424379));
#6791=CARTESIAN_POINT('Ctrl Pts',(-50.5000230933452,6.03098088603166,23.4081067626172));
#6792=CARTESIAN_POINT('Ctrl Pts',(-50.5000395055205,6.02373392198207,23.3611349193755));
#6793=CARTESIAN_POINT('Ctrl Pts',(-50.500052172973,6.01814047866007,23.3248805180698));
#6794=CARTESIAN_POINT('Ctrl Pts',(-50.5000625312819,6.0144303606575,23.2882770331916));
#6795=CARTESIAN_POINT('Ctrl Pts',(-50.5000672701238,6.01263366674227,23.2514618106925));
#6796=CARTESIAN_POINT('Ctrl Pts',(-50.5000733821507,6.01031634078081,23.2039785581749));
#6797=CARTESIAN_POINT('Ctrl Pts',(-50.5000700259341,6.01119933961014,23.1565351443456));
#6798=CARTESIAN_POINT('Ctrl Pts',(-50.5000570124865,6.01523532536682,23.109431487232));
#6799=CARTESIAN_POINT('Ctrl Pts',(-50.5000439330939,6.01929176323568,23.0620891352029));
#6800=CARTESIAN_POINT('Ctrl Pts',(-50.5000211000883,6.02653320127817,23.0150888792611));
#6801=CARTESIAN_POINT('Ctrl Pts',(-50.5000077852638,6.03695945050386,22.968731071599));
#6802=CARTESIAN_POINT('Ctrl Pts',(-50.5000036944668,6.04016277242934,22.9544882716729));
#6803=CARTESIAN_POINT('Ctrl Pts',(-50.5000006402191,6.04366706298763,22.9403061506531));
#6804=CARTESIAN_POINT('Ctrl Pts',(-50.4999995484344,6.04747322500502,22.9261935921675));
#6805=CARTESIAN_POINT('Ctrl Pts',(-50.4999975536382,6.05442745066779,22.9004085846091));
#6806=CARTESIAN_POINT('Ctrl Pts',(-50.5000020116536,6.0623891614652,22.874855665811));
#6807=CARTESIAN_POINT('Ctrl Pts',(-50.5000091916583,6.07133362595914,22.8495813098253));
#6808=CARTESIAN_POINT('Ctrl Pts',(-50.5000217000135,6.08691586350501,22.8055506113912));
#6809=CARTESIAN_POINT('Ctrl Pts',(-50.5000417258504,6.10535882096031,22.7627008771149));
#6810=CARTESIAN_POINT('Ctrl Pts',(-50.5000525666819,6.12643785046845,22.7212402054272));
#6811=CARTESIAN_POINT('Ctrl Pts',(-50.5000637393706,6.14816214658355,22.678510348793));
#6812=CARTESIAN_POINT('Ctrl Pts',(-50.5000652916953,6.17268668207711,22.6372549201853));
#6813=CARTESIAN_POINT('Ctrl Pts',(-50.5000574639363,6.19981775452779,22.5977090983365));
#6814=CARTESIAN_POINT('Ctrl Pts',(-50.5000502076502,6.22496809784032,22.5610503559341));
#6815=CARTESIAN_POINT('Ctrl Pts',(-50.5000352124177,6.25235915741453,22.5258601797231));
#6816=CARTESIAN_POINT('Ctrl Pts',(-50.500024580464,6.28187095917229,22.4923425729251));
#6817=CARTESIAN_POINT('Ctrl Pts',(-50.5000173814474,6.30185373504085,22.4696474210062));
#6818=CARTESIAN_POINT('Ctrl Pts',(-50.5000124014977,6.32272708514768,22.4478132108664));
#6819=CARTESIAN_POINT('Ctrl Pts',(-50.5000137413361,6.34443829876185,22.4268893692833));
#6820=CARTESIAN_POINT('Ctrl Pts',(-50.5000158413449,6.37846758071444,22.3940941825464));
#6821=CARTESIAN_POINT('Ctrl Pts',(-50.5000328469991,6.41455291840598,22.3635336763691));
#6822=CARTESIAN_POINT('Ctrl Pts',(-50.5000489272634,6.45239650777996,22.335283591509));
#6823=CARTESIAN_POINT('Ctrl Pts',(-50.5000655022689,6.49140443052675,22.306164336543));
#6824=CARTESIAN_POINT('Ctrl Pts',(-50.5000813652557,6.53228118319803,22.2794991686674));
#6825=CARTESIAN_POINT('Ctrl Pts',(-50.5000906697027,6.57474239214239,22.2554047648472));
#6826=CARTESIAN_POINT('Ctrl Pts',(-50.5000944433385,6.59196352754398,22.2456327164077));
#6827=CARTESIAN_POINT('Ctrl Pts',(-50.5000972436161,6.6094456956001,22.2362839695937));
#6828=CARTESIAN_POINT('Ctrl Pts',(-50.5000990358765,6.62717136693831,22.2273682291788));
#6829=CARTESIAN_POINT('Ctrl Pts',(-50.5001035268108,6.67158724916816,22.20502772265));
#6830=CARTESIAN_POINT('Ctrl Pts',(-50.5000998493673,6.71729635809837,22.1855207669305));
#6831=CARTESIAN_POINT('Ctrl Pts',(-50.5000909129857,6.76399545716268,22.1689447665938));
#6832=CARTESIAN_POINT('Ctrl Pts',(-50.5000844966936,6.79752525395689,22.1570432538433));
#6833=CARTESIAN_POINT('Ctrl Pts',(-50.5000756090208,6.83156636927451,22.1466533883734));
#6834=CARTESIAN_POINT('Ctrl Pts',(-50.5000674218048,6.86601637627158,22.1378243404631));
#6835=CARTESIAN_POINT('Ctrl Pts',(-50.5000560139332,6.91401819447659,22.125522155655));
#6836=CARTESIAN_POINT('Ctrl Pts',(-50.5000460768181,6.96281372362543,22.1162479655997));
#6837=CARTESIAN_POINT('Ctrl Pts',(-50.5000322413306,7.01209300352953,22.1099696372904));
#6838=CARTESIAN_POINT('Ctrl Pts',(-50.5000269258977,7.0310255279258,22.1075575768034));
#6839=CARTESIAN_POINT('Ctrl Pts',(-50.5000210381587,7.05002958244052,22.1055882456032));
#6840=CARTESIAN_POINT('Ctrl Pts',(-50.5000142226322,7.06908787463521,22.1040618338357));
#6841=CARTESIAN_POINT('Ctrl Pts',(-50.4999963166423,7.119158487629,22.1000515913597));
#6842=CARTESIAN_POINT('Ctrl Pts',(-50.4999706732832,7.16938605365833,22.099112238331));
#6843=CARTESIAN_POINT('Ctrl Pts',(-50.4999390125482,7.21944972662538,22.1012039037208));
#6844=CARTESIAN_POINT('Ctrl Pts',(-50.4999075237947,7.26924145310205,22.1032842071583));
#6845=CARTESIAN_POINT('Ctrl Pts',(-50.4998704035098,7.31887212632934,22.1083627615221));
#6846=CARTESIAN_POINT('Ctrl Pts',(-50.4998264586899,7.36802768214603,22.1164508763947));
#6847=CARTESIAN_POINT('Ctrl Pts',(-50.4997954736256,7.40268678550095,22.1221537273677));
#6848=CARTESIAN_POINT('Ctrl Pts',(-50.4997610439131,7.43710974090191,22.1293538332782));
#6849=CARTESIAN_POINT('Ctrl Pts',(-50.499720573503,7.47118261480634,22.1380701762241));
#6850=CARTESIAN_POINT('Ctrl Pts',(-50.4996938462134,7.49368487178699,22.1438265849571));
#6851=CARTESIAN_POINT('Ctrl Pts',(-50.4996644402793,7.51603435697328,22.1502445841345));
#6852=CARTESIAN_POINT('Ctrl Pts',(-50.4996326074607,7.5382016813911,22.157313016998));
#6853=CARTESIAN_POINT('Ctrl Pts',(-50.4995647431495,7.58546014820083,22.1723821924013));
#6854=CARTESIAN_POINT('Ctrl Pts',(-50.4994870382189,7.63167889708478,22.1903364659724));
#6855=CARTESIAN_POINT('Ctrl Pts',(-50.4994110763021,7.67658517050504,22.2110251385678));
#6856=CARTESIAN_POINT('Ctrl Pts',(-50.4993357789427,7.7210985786934,22.2315328150677));
#6857=CARTESIAN_POINT('Ctrl Pts',(-50.4992624646362,7.76432326317692,22.2547278429415));
#6858=CARTESIAN_POINT('Ctrl Pts',(-50.4991923107585,7.80596732723958,22.2805056745936));
#6859=CARTESIAN_POINT('Ctrl Pts',(-50.4991244799301,7.84623240541279,22.3054299088145));
#6860=CARTESIAN_POINT('Ctrl Pts',(-50.4990597977352,7.88502045604362,22.3327693492504));
#6861=CARTESIAN_POINT('Ctrl Pts',(-50.4989865413887,7.92203206621857,22.3624601226187));
#6862=CARTESIAN_POINT('Ctrl Pts',(-50.498971354542,7.92970498026394,22.3686153466394));
#6863=CARTESIAN_POINT('Ctrl Pts',(-50.4989557483074,7.93730140216409,22.3748717162695));
#6864=CARTESIAN_POINT('Ctrl Pts',(-50.4989395343904,7.94481842484585,22.3812287979242));
#6865=CARTESIAN_POINT('Ctrl Pts',(-50.4989020238877,7.96220887405356,22.3959357517684));
#6866=CARTESIAN_POINT('Ctrl Pts',(-50.4988620488191,7.97912628046518,22.4111410345427));
#6867=CARTESIAN_POINT('Ctrl Pts',(-50.4988180914445,7.99554112076169,22.4268326355797));
#6868=CARTESIAN_POINT('Ctrl Pts',(-50.4987243469941,8.03054776515076,22.4602968842399));
#6869=CARTESIAN_POINT('Ctrl Pts',(-50.4986133651257,8.06327150483826,22.4959712916572));
#6870=CARTESIAN_POINT('Ctrl Pts',(-50.4985095375749,8.09353895023515,22.5336113834625));
#6871=CARTESIAN_POINT('Ctrl Pts',(-50.4984080386471,8.12312756356919,22.5704072910022));
#6872=CARTESIAN_POINT('Ctrl Pts',(-50.4983135003663,8.15036918687589,22.609082678953));
#6873=CARTESIAN_POINT('Ctrl Pts',(-50.4982349730888,8.17505853842871,22.6494269498028));
#6874=CARTESIAN_POINT('Ctrl Pts',(-50.4981870408166,8.19012867400883,22.6740526930221));
#6875=CARTESIAN_POINT('Ctrl Pts',(-50.4981447990109,8.20424703012107,22.6993005088389));
#6876=CARTESIAN_POINT('Ctrl Pts',(-50.4981073889866,8.21735779125851,22.725123551701));
#6877=CARTESIAN_POINT('Ctrl Pts',(-50.4980456226866,8.23900448138881,22.7677590174225));
#6878=CARTESIAN_POINT('Ctrl Pts',(-50.4980012555142,8.25773902274645,22.811633076562));
#6879=CARTESIAN_POINT('Ctrl Pts',(-50.4979595538114,8.27340545100719,22.8564895874024));
#6880=CARTESIAN_POINT('Ctrl Pts',(-50.4979381809762,8.28143476314538,22.8794793155634));
#6881=CARTESIAN_POINT('Ctrl Pts',(-50.4979172939295,8.28865744693715,22.9027274662152));
#6882=CARTESIAN_POINT('Ctrl Pts',(-50.4978934277864,8.29504761413473,22.9262011031546));
#6883=CARTESIAN_POINT('Ctrl Pts',(-50.4978468973207,8.30750616072145,22.9719663218614));
#6884=CARTESIAN_POINT('Ctrl Pts',(-50.4977899267238,8.31680319286549,23.0185890257033));
#6885=CARTESIAN_POINT('Ctrl Pts',(-50.4977490239029,8.32289506611054,23.0657813825581));
#6886=CARTESIAN_POINT('Ctrl Pts',(-50.4977324942245,8.32535691845391,23.0848527928844));
#6887=CARTESIAN_POINT('Ctrl Pts',(-50.4977184204991,8.3272947641377,23.1040171902907));
#6888=CARTESIAN_POINT('Ctrl Pts',(-50.4977078645651,8.32870343057403,23.1232551315902));
#6889=CARTESIAN_POINT('Ctrl Pts',(-50.4976938353713,8.3305755959689,23.1488230070222));
#6890=CARTESIAN_POINT('Ctrl Pts',(-50.4976856976542,8.33150463160719,23.1744014489261));
#6891=CARTESIAN_POINT('Ctrl Pts',(-50.4976847785935,8.33150100447779,23.1999433096328));
#6892=CARTESIAN_POINT('',(-47.,7.28420020914035,23.5));
#6893=CARTESIAN_POINT('Ctrl Pts',(-47.0016990903645,7.28274198827877,23.5));
#6894=CARTESIAN_POINT('Ctrl Pts',(-48.1448550894301,6.9057785181981,23.5));
#6895=CARTESIAN_POINT('Ctrl Pts',(-49.2939603537176,6.44061338069637,23.5));
#6896=CARTESIAN_POINT('Ctrl Pts',(-50.5000011407698,6.05493150960418,23.5));
#6897=CARTESIAN_POINT('Ctrl Pts',(-46.9999352152832,9.54526167775068,23.1999433096328));
#6898=CARTESIAN_POINT('Ctrl Pts',(-46.9999357075221,9.54526880510081,23.152204405957));
#6899=CARTESIAN_POINT('Ctrl Pts',(-46.9999473485166,9.54207514298117,23.1046126916541));
#6900=CARTESIAN_POINT('Ctrl Pts',(-46.9999642288813,9.53570987269844,23.0574693724168));
#6901=CARTESIAN_POINT('Ctrl Pts',(-46.9999800673117,9.52973749638935,23.0132359572689));
#6902=CARTESIAN_POINT('Ctrl Pts',(-47.0000003417719,9.52097253008595,22.9693964083145));
#6903=CARTESIAN_POINT('Ctrl Pts',(-47.0000049070813,9.50940028127539,22.9262011031546));
#6904=CARTESIAN_POINT('Ctrl Pts',(-47.0000077612057,9.50216558266978,22.8991964112296));
#6905=CARTESIAN_POINT('Ctrl Pts',(-47.0000041669137,9.49383288537865,22.872443608406));
#6906=CARTESIAN_POINT('Ctrl Pts',(-46.9999978976094,9.48443006642619,22.8459970167438));
#6907=CARTESIAN_POINT('Ctrl Pts',(-46.9999874312733,9.4687324613219,22.8018455602107));
#6908=CARTESIAN_POINT('Ctrl Pts',(-46.9999703485126,9.4501724608638,22.758877046431));
#6909=CARTESIAN_POINT('Ctrl Pts',(-46.9999621009152,9.42897004815119,22.7173077502597));
#6910=CARTESIAN_POINT('Ctrl Pts',(-46.9999536285039,9.40718969811883,22.6746053543822));
#6911=CARTESIAN_POINT('Ctrl Pts',(-46.999954343968,9.38262058199477,22.6333784973152));
#6912=CARTESIAN_POINT('Ctrl Pts',(-46.9999632995965,9.35544942673182,22.5938703076919));
#6913=CARTESIAN_POINT('Ctrl Pts',(-46.9999716706394,9.3300518895055,22.5569410455023));
#6914=CARTESIAN_POINT('Ctrl Pts',(-46.9999869458418,9.30238008789959,22.5215128302017));
#6915=CARTESIAN_POINT('Ctrl Pts',(-46.9999966157035,9.27255162045739,22.4878026120946));
#6916=CARTESIAN_POINT('Ctrl Pts',(-47.0000026658051,9.25388896914069,22.4667112822246));
#6917=CARTESIAN_POINT('Ctrl Pts',(-47.0000064454343,9.23445310044079,22.4463740321323));
#6918=CARTESIAN_POINT('Ctrl Pts',(-47.0000046355264,9.21428550660854,22.4268326355797));
#6919=CARTESIAN_POINT('Ctrl Pts',(-47.000001593227,9.18038551676353,22.3939852294787));
#6920=CARTESIAN_POINT('Ctrl Pts',(-46.999983386156,9.14442048899061,22.3633846236288));
#6921=CARTESIAN_POINT('Ctrl Pts',(-46.9999651826445,9.10668744839493,22.3351036040608));
#6922=CARTESIAN_POINT('Ctrl Pts',(-46.9999464361793,9.0678289492872,22.3059790501871));
#6923=CARTESIAN_POINT('Ctrl Pts',(-46.9999274281133,9.02709465542028,22.2793138432123));
#6924=CARTESIAN_POINT('Ctrl Pts',(-46.9999141608989,8.98476782607271,22.2552222054328));
#6925=CARTESIAN_POINT('Ctrl Pts',(-46.999908255713,8.96592831776173,22.2444991104794));
#6926=CARTESIAN_POINT('Ctrl Pts',(-46.9999033752688,8.94677284576938,22.2342863804102));
#6927=CARTESIAN_POINT('Ctrl Pts',(-46.9998996205585,8.92732448802782,22.2245967550195));
#6928=CARTESIAN_POINT('Ctrl Pts',(-46.9998910677728,8.88302343101227,22.2025249352496));
#6929=CARTESIAN_POINT('Ctrl Pts',(-46.9998903540949,8.83744451265303,22.1832843211307));
#6930=CARTESIAN_POINT('Ctrl Pts',(-46.9998938965582,8.7908888286172,22.1669686946934));
#6931=CARTESIAN_POINT('Ctrl Pts',(-46.9998962780611,8.7595906932923,22.156000137476));
#6932=CARTESIAN_POINT('Ctrl Pts',(-46.999900390695,8.72785022426139,22.1463542585107));
#6933=CARTESIAN_POINT('Ctrl Pts',(-46.9999037639838,8.69575121143657,22.1380701762242));
#6934=CARTESIAN_POINT('Ctrl Pts',(-46.9999087891863,8.64793317754461,22.1257293441336));
#6935=CARTESIAN_POINT('Ctrl Pts',(-46.9999120464683,8.5993197246652,22.1164080875954));
#6936=CARTESIAN_POINT('Ctrl Pts',(-46.9999189703577,8.55022072691769,22.1100855990116));
#6937=CARTESIAN_POINT('Ctrl Pts',(-46.9999218494467,8.52980440136058,22.1074565843437));
#6938=CARTESIAN_POINT('Ctrl Pts',(-46.999925368404,8.50930397551287,22.1053466858756));
#6939=CARTESIAN_POINT('Ctrl Pts',(-46.9999300304562,8.48874138488362,22.1037570238968));
#6940=CARTESIAN_POINT('Ctrl Pts',(-46.9999413283618,8.43891049548076,22.0999046751497));
#6941=CARTESIAN_POINT('Ctrl Pts',(-46.9999606287956,8.38894257556989,22.0991215868807));
#6942=CARTESIAN_POINT('Ctrl Pts',(-46.9999852769155,8.33915737910302,22.101376842535));
#6943=CARTESIAN_POINT('Ctrl Pts',(-47.0000097501901,8.28972534173155,22.1036161001797));
#6944=CARTESIAN_POINT('Ctrl Pts',(-47.0000391918504,8.24047237960577,22.1088508087637));
#6945=CARTESIAN_POINT('Ctrl Pts',(-47.0000748307964,8.19170969972427,22.1171009812554));
#6946=CARTESIAN_POINT('Ctrl Pts',(-47.0000987646427,8.15896242126984,22.1226415031574));
#6947=CARTESIAN_POINT('Ctrl Pts',(-47.0001255765915,8.12643623915703,22.1295430250316));
#6948=CARTESIAN_POINT('Ctrl Pts',(-47.0001576540813,8.09422856488416,22.1378243404631));
#6949=CARTESIAN_POINT('Ctrl Pts',(-47.0001807045507,8.07108454661352,22.1437751866505));
#6950=CARTESIAN_POINT('Ctrl Pts',(-47.0002065118707,8.04810505674488,22.1504387635219));
#6951=CARTESIAN_POINT('Ctrl Pts',(-47.0002349234029,8.0253222053857,22.1578016458642));
#6952=CARTESIAN_POINT('Ctrl Pts',(-47.000293507693,7.97834419802133,22.1729838342326));
#6953=CARTESIAN_POINT('Ctrl Pts',(-47.0003617354412,7.93242118007891,22.1910650628768));
#6954=CARTESIAN_POINT('Ctrl Pts',(-47.0004278635052,7.88782201901636,22.2118820492494));
#6955=CARTESIAN_POINT('Ctrl Pts',(-47.0004935926237,7.84349192124053,22.2325734483544));
#6956=CARTESIAN_POINT('Ctrl Pts',(-47.0005569932594,7.8004688493954,22.2559682926984));
#6957=CARTESIAN_POINT('Ctrl Pts',(-47.0006169106305,7.75904219465865,22.2819493201797));
#6958=CARTESIAN_POINT('Ctrl Pts',(-47.0006749927404,7.71888443286702,22.307134552232));
#6959=CARTESIAN_POINT('Ctrl Pts',(-47.0007296207563,7.68022611275484,22.3347506074128));
#6960=CARTESIAN_POINT('Ctrl Pts',(-47.0007926183307,7.64336607664569,22.3647219942723));
#6961=CARTESIAN_POINT('Ctrl Pts',(-47.0008041314629,7.6366297146394,22.3701994200436));
#6962=CARTESIAN_POINT('Ctrl Pts',(-47.000815963995,7.6299535275896,22.3757555846732));
#6963=CARTESIAN_POINT('Ctrl Pts',(-47.0008282438971,7.62333949955107,22.3813901198627));
#6964=CARTESIAN_POINT('Ctrl Pts',(-47.0008602363428,7.60610817866898,22.3960695985869));
#6965=CARTESIAN_POINT('Ctrl Pts',(-47.0008944034486,7.58934640161578,22.411240398655));
#6966=CARTESIAN_POINT('Ctrl Pts',(-47.0009321855942,7.57308277891338,22.4268893692833));
#6967=CARTESIAN_POINT('Ctrl Pts',(-47.0010131793591,7.53821837375196,22.4604361418769));
#6968=CARTESIAN_POINT('Ctrl Pts',(-47.0011099613392,7.505640432545,22.4961785773845));
#6969=CARTESIAN_POINT('Ctrl Pts',(-47.0011999131947,7.47551806768424,22.5338704959354));
#6970=CARTESIAN_POINT('Ctrl Pts',(-47.0012880697986,7.44599688245395,22.5708101623385));
#6971=CARTESIAN_POINT('Ctrl Pts',(-47.0013695548969,7.41883384664359,22.6096232499858));
#6972=CARTESIAN_POINT('Ctrl Pts',(-47.0014360403812,7.39423140015416,22.6500972210998));
#6973=CARTESIAN_POINT('Ctrl Pts',(-47.001476133613,7.37939520548204,22.6745045382688));
#6974=CARTESIAN_POINT('Ctrl Pts',(-47.0015110295035,7.36549103829869,22.6995161490502));
#6975=CARTESIAN_POINT('Ctrl Pts',(-47.0015415190735,7.35257207887896,22.7250866992796));
#6976=CARTESIAN_POINT('Ctrl Pts',(-47.0015924107809,7.33100838019942,22.7677678179595));
#6977=CARTESIAN_POINT('Ctrl Pts',(-47.0016266146844,7.3123515623451,22.8116818276502));
#6978=CARTESIAN_POINT('Ctrl Pts',(-47.0016597362235,7.29675545610619,22.8565741438556));
#6979=CARTESIAN_POINT('Ctrl Pts',(-47.0016766768429,7.28877854114871,22.8795351434237));
#6980=CARTESIAN_POINT('Ctrl Pts',(-47.0016935229791,7.28160302370836,22.9027524384565));
#6981=CARTESIAN_POINT('Ctrl Pts',(-47.0017136613839,7.27525436168236,22.9261935921676));
#6982=CARTESIAN_POINT('Ctrl Pts',(-47.0017530120828,7.26284899541531,22.9719979043702));
#6983=CARTESIAN_POINT('Ctrl Pts',(-47.0018041618156,7.25359767474667,23.0186572784127));
#6984=CARTESIAN_POINT('Ctrl Pts',(-47.0018410826964,7.24753959634744,23.0658808309016));
#6985=CARTESIAN_POINT('Ctrl Pts',(-47.0018562948648,7.24504354245031,23.0853379135701));
#6986=CARTESIAN_POINT('Ctrl Pts',(-47.0018692431207,7.24309016270123,23.104890736936));
#6987=CARTESIAN_POINT('Ctrl Pts',(-47.0018787453698,7.24168467305706,23.1245185184744));
#6988=CARTESIAN_POINT('Ctrl Pts',(-47.0019017332886,7.23828450098137,23.1720022085687));
#6989=CARTESIAN_POINT('Ctrl Pts',(-47.0019028437458,7.23811637788901,23.2195222788428));
#6990=CARTESIAN_POINT('Ctrl Pts',(-47.0018842688416,7.2411231228681,23.2667785141898));
#6991=CARTESIAN_POINT('Ctrl Pts',(-47.0018656310559,7.24414004658061,23.314194726065));
#6992=CARTESIAN_POINT('Ctrl Pts',(-47.0018271733477,7.25035337888352,23.3613464544725));
#6993=CARTESIAN_POINT('Ctrl Pts',(-47.0017838106689,7.25975522601305,23.4079353347728));
#6994=CARTESIAN_POINT('Ctrl Pts',(-47.0017549881953,7.2660044822455,23.4389022125116));
#6995=CARTESIAN_POINT('Ctrl Pts',(-47.0017242604769,7.27366346077161,23.4696204967261));
#6996=CARTESIAN_POINT('Ctrl Pts',(-47.0016990903645,7.28274198827877,23.5));
#6997=CARTESIAN_POINT('Origin',(-40.7003631364407,9.48646156267124,23.3329395101694));
#6998=CARTESIAN_POINT('',(-40.7026015222289,8.39922387827715,23.5));
#6999=CARTESIAN_POINT('Origin',(-28.231910464525,9.48646156267124,23.5));
#7000=CARTESIAN_POINT('Origin',(-40.7003631364407,9.48646156267124,23.3329395101694));
#7001=CARTESIAN_POINT('Ctrl Pts',(-63.9945560635517,5.67507327296097,23.5));
#7002=CARTESIAN_POINT('Ctrl Pts',(-64.5830289125792,5.59758492920017,23.5));
#7003=CARTESIAN_POINT('Ctrl Pts',(-65.6490458075053,5.4980581620144,23.5));
#7004=CARTESIAN_POINT('Ctrl Pts',(-67.0586879496711,5.39737639101905,23.5));
#7005=CARTESIAN_POINT('Ctrl Pts',(-67.6805720243607,5.3452724859797,23.5));
#7006=CARTESIAN_POINT('Ctrl Pts',(-64.0014454633175,5.72739371899807,23.3138375843228));
#7007=CARTESIAN_POINT('Ctrl Pts',(-64.5887050946033,5.65006512811894,23.3138375843228));
#7008=CARTESIAN_POINT('Ctrl Pts',(-65.6526952919806,5.55070972289018,23.3138375843228));
#7009=CARTESIAN_POINT('Ctrl Pts',(-67.0626940395692,5.44999772899333,23.3138375843228));
#7010=CARTESIAN_POINT('Ctrl Pts',(-67.6849780405967,5.39786031654515,23.3138375843228));
#7011=CARTESIAN_POINT('Ctrl Pts',(-64.0020838856268,5.73224211524751,22.9131885049395));
#7012=CARTESIAN_POINT('Ctrl Pts',(-64.5892383669425,5.65492737020179,22.9131885049395));
#7013=CARTESIAN_POINT('Ctrl Pts',(-65.6530431502665,5.55558786757811,22.9131885049395));
#7014=CARTESIAN_POINT('Ctrl Pts',(-67.0630676716037,5.45487380715202,22.9131885049395));
#7015=CARTESIAN_POINT('Ctrl Pts',(-67.685386334375,5.40273349060599,22.9131885049395));
#7016=CARTESIAN_POINT('Ctrl Pts',(-63.9634354764915,5.43873294560406,22.3902248337291));
#7017=CARTESIAN_POINT('Ctrl Pts',(-64.5573564501762,5.36052720909185,22.3902248337291));
#7018=CARTESIAN_POINT('Ctrl Pts',(-65.6325176885459,5.26022626936468,22.3902248337291));
#7019=CARTESIAN_POINT('Ctrl Pts',(-67.0405811525391,5.15967777267871,22.3902248337291));
#7020=CARTESIAN_POINT('Ctrl Pts',(-67.6606693018414,5.10772433736458,22.3902248337291));
#7021=CARTESIAN_POINT('Ctrl Pts',(-63.8956303611211,4.92379782782948,22.0872225478067));
#7022=CARTESIAN_POINT('Ctrl Pts',(-64.5014256216501,4.84402852075929,22.0872225478067));
#7023=CARTESIAN_POINT('Ctrl Pts',(-65.5965117441823,4.74204083691386,22.0872225478067));
#7024=CARTESIAN_POINT('Ctrl Pts',(-67.0011316212047,4.64178311873176,22.0872225478067));
#7025=CARTESIAN_POINT('Ctrl Pts',(-67.6173055184401,4.59015763492225,22.0872225478067));
#7026=CARTESIAN_POINT('Ctrl Pts',(-63.8171766707766,4.32799380837264,22.0878104687994));
#7027=CARTESIAN_POINT('Ctrl Pts',(-64.4367088232698,4.24641566847612,22.0878104687994));
#7028=CARTESIAN_POINT('Ctrl Pts',(-65.5548482403673,4.14247633579995,22.0878104687994));
#7029=CARTESIAN_POINT('Ctrl Pts',(-66.9554859384161,4.0425548386097,22.0878104687994));
#7030=CARTESIAN_POINT('Ctrl Pts',(-67.5671315925267,3.99130874890171,22.0878104687994));
#7031=CARTESIAN_POINT('Ctrl Pts',(-63.7493401452898,3.81282015148561,22.3899737782746));
#7032=CARTESIAN_POINT('Ctrl Pts',(-64.3807479894064,3.729678256054,22.3899737782746));
#7033=CARTESIAN_POINT('Ctrl Pts',(-65.5188201726379,3.6240513849709,22.3899737782746));
#7034=CARTESIAN_POINT('Ctrl Pts',(-66.9160167822676,3.52442038769404,22.3899737782746));
#7035=CARTESIAN_POINT('Ctrl Pts',(-67.5237477212385,3.47350228828874,22.3899737782746));
#7036=CARTESIAN_POINT('Ctrl Pts',(-63.7107059773157,3.51941913406673,22.9132723647262));
#7037=CARTESIAN_POINT('Ctrl Pts',(-64.3488781920945,3.43538652654865,22.9132723647262));
#7038=CARTESIAN_POINT('Ctrl Pts',(-65.4983027680523,3.32879857380443,22.9132723647262));
#7039=CARTESIAN_POINT('Ctrl Pts',(-66.8935386715306,3.22933311675771,22.9132723647262));
#7040=CARTESIAN_POINT('Ctrl Pts',(-67.4990397964342,3.17860183998568,22.9132723647262));
#7041=CARTESIAN_POINT('Ctrl Pts',(-63.7113442310482,3.52426625008679,23.3138375843237));
#7042=CARTESIAN_POINT('Ctrl Pts',(-64.3494128831341,3.4402472793942,23.3138375843237));
#7043=CARTESIAN_POINT('Ctrl Pts',(-65.4986526072714,3.33367522997503,23.3138375843237));
#7044=CARTESIAN_POINT('Ctrl Pts',(-66.893912718986,3.23420786430596,23.3138375843237));
#7045=CARTESIAN_POINT('Ctrl Pts',(-67.4994479824016,3.1834737272745,23.3138375843237));
#7046=CARTESIAN_POINT('Ctrl Pts',(-63.718233630814,3.57658669612404,23.5000000000009));
#7047=CARTESIAN_POINT('Ctrl Pts',(-64.3550884133989,3.49272756413484,23.5000000000009));
#7048=CARTESIAN_POINT('Ctrl Pts',(-65.5023012254774,3.38632687461687,23.5000000000009));
#7049=CARTESIAN_POINT('Ctrl Pts',(-66.8979185940375,3.2868292202811,23.5000000000009));
#7050=CARTESIAN_POINT('Ctrl Pts',(-67.5038539986377,3.23606155784011,23.5000000000009));
#7051=CARTESIAN_POINT('',(-64.0000000000008,5.71641586382191,23.2));
#7052=CARTESIAN_POINT('Ctrl Pts',(-64.0000002972002,5.67435705801525,23.5));
#7053=CARTESIAN_POINT('Ctrl Pts',(-64.0000007834734,5.68746881632158,23.4541402455396));
#7054=CARTESIAN_POINT('Ctrl Pts',(-63.999991975848,5.69749940383194,23.4074449969539));
#7055=CARTESIAN_POINT('Ctrl Pts',(-63.9999842700016,5.70445465446603,23.3602195309537));
#7056=CARTESIAN_POINT('Ctrl Pts',(-63.9999778383149,5.71025985618304,23.3208027837028));
#7057=CARTESIAN_POINT('Ctrl Pts',(-63.9999720852916,5.71392175766996,23.2810160332936));
#7058=CARTESIAN_POINT('Ctrl Pts',(-63.9999703707073,5.71541608337489,23.2410364346937));
#7059=CARTESIAN_POINT('Ctrl Pts',(-63.9999697827322,5.71592852614047,23.2273264007928));
#7060=CARTESIAN_POINT('Ctrl Pts',(-63.9999695176938,5.71618488572011,23.2136199214105));
#7061=CARTESIAN_POINT('Ctrl Pts',(-63.9999697857167,5.71618640626678,23.1999242934805));
#7062=CARTESIAN_POINT('',(-67.5000000000006,5.40204917905717,23.2));
#7063=CARTESIAN_POINT('Ctrl Pts',(-67.50006032541,5.40180295450502,23.1999242934805));
#7064=CARTESIAN_POINT('Ctrl Pts',(-67.5000597715079,5.40179759561003,23.2477471083416));
#7065=CARTESIAN_POINT('Ctrl Pts',(-67.5000624497276,5.39870597914753,23.2954683350659));
#7066=CARTESIAN_POINT('Ctrl Pts',(-67.5000666307318,5.39254621063873,23.3427820946661));
#7067=CARTESIAN_POINT('Ctrl Pts',(-67.5000707670079,5.3864523389548,23.3895896945745));
#7068=CARTESIAN_POINT('Ctrl Pts',(-67.5000763657314,5.3773555089682,23.4359995968091));
#7069=CARTESIAN_POINT('Ctrl Pts',(-67.5000774345337,5.36522337382887,23.4817094405812));
#7070=CARTESIAN_POINT('Ctrl Pts',(-67.500077577391,5.36360177820447,23.4878190727112));
#7071=CARTESIAN_POINT('Ctrl Pts',(-67.5000776330371,5.36192588340886,23.4939161748059));
#7072=CARTESIAN_POINT('Ctrl Pts',(-67.5000775813402,5.36019554505448,23.5));
#7073=CARTESIAN_POINT('',(-67.5,3.23638436783896,23.5));
#7074=CARTESIAN_POINT('Ctrl Pts',(-67.5000000611661,3.23638435531869,23.5));
#7075=CARTESIAN_POINT('Ctrl Pts',(-67.4999998942297,3.22333037090509,23.4541104074061));
#7076=CARTESIAN_POINT('Ctrl Pts',(-67.5000056033598,3.21334878214545,23.4073934482254));
#7077=CARTESIAN_POINT('Ctrl Pts',(-67.5000103880403,3.20642987490168,23.3601539881831));
#7078=CARTESIAN_POINT('Ctrl Pts',(-67.5000144158441,3.20060545238415,23.3203872208177));
#7079=CARTESIAN_POINT('Ctrl Pts',(-67.5000178566716,3.19695226938197,23.2802495261375));
#7080=CARTESIAN_POINT('Ctrl Pts',(-67.5000188634111,3.19549306439975,23.2399220377806));
#7081=CARTESIAN_POINT('Ctrl Pts',(-67.5000200555462,3.19376514022306,23.1921680601241));
#7082=CARTESIAN_POINT('Ctrl Pts',(-67.5000176293786,3.19512356065183,23.1444563434461));
#7083=CARTESIAN_POINT('Ctrl Pts',(-67.5000131776105,3.19953455630921,23.0970898145975));
#7084=CARTESIAN_POINT('Ctrl Pts',(-67.5000087305215,3.20394091577423,23.0497730705043));
#7085=CARTESIAN_POINT('Ctrl Pts',(-67.500002262866,3.21139345577131,23.002799663229));
#7086=CARTESIAN_POINT('Ctrl Pts',(-67.4999993112803,3.22190958463366,22.9564711397624));
#7087=CARTESIAN_POINT('Ctrl Pts',(-67.4999986663321,3.22420745389947,22.9463479383831));
#7088=CARTESIAN_POINT('Ctrl Pts',(-67.4999982042286,3.22665179121056,22.9362555628773));
#7089=CARTESIAN_POINT('Ctrl Pts',(-67.4999980078683,3.22924310279459,22.9261972385503));
#7090=CARTESIAN_POINT('Ctrl Pts',(-67.4999973143034,3.23839588715546,22.8906701818415));
#7091=CARTESIAN_POINT('Ctrl Pts',(-67.4999998416393,3.2493810688312,22.8555672743581));
#7092=CARTESIAN_POINT('Ctrl Pts',(-67.5000024035001,3.26214008728552,22.82101441368));
#7093=CARTESIAN_POINT('Ctrl Pts',(-67.5000057160428,3.27863778014008,22.7763368011541));
#7094=CARTESIAN_POINT('Ctrl Pts',(-67.500009164508,3.29799381497262,22.7328639400422));
#7095=CARTESIAN_POINT('Ctrl Pts',(-67.5000098837654,3.32001360340985,22.690842215559));
#7096=CARTESIAN_POINT('Ctrl Pts',(-67.5000106047436,3.34208607407076,22.6487199543293));
#7097=CARTESIAN_POINT('Ctrl Pts',(-67.5000086263648,3.36683560726702,22.6080547915752));
#7098=CARTESIAN_POINT('Ctrl Pts',(-67.5000049409406,3.39411437379081,22.5691132987059));
#7099=CARTESIAN_POINT('Ctrl Pts',(-67.5000012647016,3.42132515345603,22.5302688597031));
#7100=CARTESIAN_POINT('Ctrl Pts',(-67.4999959335111,3.45105312385078,22.4931385292167));
#7101=CARTESIAN_POINT('Ctrl Pts',(-67.4999931344373,3.48319116085199,22.4580199046031));
#7102=CARTESIAN_POINT('Ctrl Pts',(-67.4999922893646,3.49289400539128,22.4474171862402));
#7103=CARTESIAN_POINT('Ctrl Pts',(-67.4999917357235,3.50279839534606,22.4370182052006));
#7104=CARTESIAN_POINT('Ctrl Pts',(-67.4999916333191,3.51289963496012,22.4268296577707));
#7105=CARTESIAN_POINT('Ctrl Pts',(-67.4999912954519,3.54622711379874,22.3932141202881));
#7106=CARTESIAN_POINT('Ctrl Pts',(-67.4999955962365,3.58169426493887,22.361886700935));
#7107=CARTESIAN_POINT('Ctrl Pts',(-67.500000009702,3.61900875296491,22.3329542746165));
#7108=CARTESIAN_POINT('Ctrl Pts',(-67.5000044738396,3.65675165725542,22.3036896684219));
#7109=CARTESIAN_POINT('Ctrl Pts',(-67.5000091275791,3.69638548593067,22.2768747417813));
#7110=CARTESIAN_POINT('Ctrl Pts',(-67.500012326304,3.73764249625582,22.2526596800395));
#7111=CARTESIAN_POINT('Ctrl Pts',(-67.5000145729928,3.76662018678984,22.2356517446635));
#7112=CARTESIAN_POINT('Ctrl Pts',(-67.500016167102,3.79639937866265,22.2199271970403));
#7113=CARTESIAN_POINT('Ctrl Pts',(-67.5000171157208,3.8268936085513,22.2055521130678));
#7114=CARTESIAN_POINT('Ctrl Pts',(-67.5000184681037,3.87036720943441,22.1850585093415));
#7115=CARTESIAN_POINT('Ctrl Pts',(-67.5000187501795,3.91502190927569,22.1674335377769));
#7116=CARTESIAN_POINT('Ctrl Pts',(-67.5000190458818,3.96057781632105,22.1528038881903));
#7117=CARTESIAN_POINT('Ctrl Pts',(-67.5000191531587,3.977104912185,22.1474964398954));
#7118=CARTESIAN_POINT('Ctrl Pts',(-67.500019287191,3.99375088979708,22.1425836371349));
#7119=CARTESIAN_POINT('Ctrl Pts',(-67.500019573055,4.01050316220858,22.1380730335465));
#7120=CARTESIAN_POINT('Ctrl Pts',(-67.5000203613173,4.0566970976961,22.1256351668466));
#7121=CARTESIAN_POINT('Ctrl Pts',(-67.5000222363817,4.10369871539112,22.1162517050582));
#7122=CARTESIAN_POINT('Ctrl Pts',(-67.5000244834914,4.15120144703235,22.1099202473807));
#7123=CARTESIAN_POINT('Ctrl Pts',(-67.5000259069297,4.18129219349104,22.1059095667082));
#7124=CARTESIAN_POINT('Ctrl Pts',(-67.5000275073,4.21158427865733,22.103124576288));
#7125=CARTESIAN_POINT('Ctrl Pts',(-67.5000291745555,4.2419998752155,22.1015754876557));
#7126=CARTESIAN_POINT('Ctrl Pts',(-67.5000318006353,4.28990721811461,22.099135531558));
#7127=CARTESIAN_POINT('Ctrl Pts',(-67.5000347799854,4.33782492194671,22.0997741997325));
#7128=CARTESIAN_POINT('Ctrl Pts',(-67.5000373148657,4.38544642816561,22.1034602001698));
#7129=CARTESIAN_POINT('Ctrl Pts',(-67.5000398403815,4.43289200907307,22.1071325836338));
#7130=CARTESIAN_POINT('Ctrl Pts',(-67.5000420188556,4.48004469702795,22.1138298602791));
#7131=CARTESIAN_POINT('Ctrl Pts',(-67.5000433928884,4.52660199468507,22.1235719720494));
#7132=CARTESIAN_POINT('Ctrl Pts',(-67.5000439832137,4.5466043932595,22.1277574727633));
#7133=CARTESIAN_POINT('Ctrl Pts',(-67.5000444209325,4.56649680353094,22.1325056312721));
#7134=CARTESIAN_POINT('Ctrl Pts',(-67.5000446227279,4.58625448968409,22.1378209156259));
#7135=CARTESIAN_POINT('Ctrl Pts',(-67.5000448971023,4.6131183414196,22.1450479264056));
#7136=CARTESIAN_POINT('Ctrl Pts',(-67.5000447461267,4.63973327040713,22.1533232164185));
#7137=CARTESIAN_POINT('Ctrl Pts',(-67.5000446433062,4.66604510592198,22.1626207337065));
#7138=CARTESIAN_POINT('Ctrl Pts',(-67.5000444676061,4.71100687102762,22.1785083667881));
#7139=CARTESIAN_POINT('Ctrl Pts',(-67.5000446509791,4.75480647535734,22.1972797789281));
#7140=CARTESIAN_POINT('Ctrl Pts',(-67.5000462450124,4.79719940580333,22.218735888947));
#7141=CARTESIAN_POINT('Ctrl Pts',(-67.5000478536571,4.83998092452985,22.2403886731002));
#7142=CARTESIAN_POINT('Ctrl Pts',(-67.5000509845272,4.88133088392148,22.264776128406));
#7143=CARTESIAN_POINT('Ctrl Pts',(-67.5000552110518,4.9209781854852,22.2917427250221));
#7144=CARTESIAN_POINT('Ctrl Pts',(-67.5000594375765,4.96062548704891,22.3187093216382));
#7145=CARTESIAN_POINT('Ctrl Pts',(-67.5000648457507,4.99857115635613,22.348255641384));
#7146=CARTESIAN_POINT('Ctrl Pts',(-67.5000682225353,5.03450904939235,22.3802665383303));
#7147=CARTESIAN_POINT('Ctrl Pts',(-67.5000698096586,5.05140022643241,22.3953119870711));
#7148=CARTESIAN_POINT('Ctrl Pts',(-67.5000709221568,5.06779692017097,22.4108576000691));
#7149=CARTESIAN_POINT('Ctrl Pts',(-67.5000710147533,5.0836727662899,22.4268850646104));
#7150=CARTESIAN_POINT('Ctrl Pts',(-67.5000712097284,5.1171016405143,22.4606331931999));
#7151=CARTESIAN_POINT('Ctrl Pts',(-67.5000670946694,5.14822371002972,22.4965152762408));
#7152=CARTESIAN_POINT('Ctrl Pts',(-67.5000639313094,5.17691989860755,22.5342476764678));
#7153=CARTESIAN_POINT('Ctrl Pts',(-67.5000607534932,5.2057472264768,22.5721525107522));
#7154=CARTESIAN_POINT('Ctrl Pts',(-67.5000585849647,5.2321270370937,22.6119255719947));
#7155=CARTESIAN_POINT('Ctrl Pts',(-67.5000592584343,5.25589715617637,22.6533102069476));
#7156=CARTESIAN_POINT('Ctrl Pts',(-67.5000596153329,5.26849389498989,22.6752415837145));
#7157=CARTESIAN_POINT('Ctrl Pts',(-67.5000607071604,5.28035698797054,22.6976259805209));
#7158=CARTESIAN_POINT('Ctrl Pts',(-67.5000623370556,5.29145672991987,22.7204272830242));
#7159=CARTESIAN_POINT('Ctrl Pts',(-67.5000654175893,5.31243545851724,22.7635221891099));
#7160=CARTESIAN_POINT('Ctrl Pts',(-67.5000707115106,5.33055546378994,22.807828398243));
#7161=CARTESIAN_POINT('Ctrl Pts',(-67.5000744235276,5.34568826140221,22.8530690820451));
#7162=CARTESIAN_POINT('Ctrl Pts',(-67.5000764026367,5.35375650496669,22.8771897281603));
#7163=CARTESIAN_POINT('Ctrl Pts',(-67.5000778695174,5.36097487424415,22.901576525838));
#7164=CARTESIAN_POINT('Ctrl Pts',(-67.5000777805299,5.36731846330567,22.9261901629169));
#7165=CARTESIAN_POINT('Ctrl Pts',(-67.5000776136654,5.37921361637399,22.9723443159968));
#7166=CARTESIAN_POINT('Ctrl Pts',(-67.5000722465244,5.38803601652154,23.0192959842369));
#7167=CARTESIAN_POINT('Ctrl Pts',(-67.5000679457186,5.39378433603566,23.0667411837703));
#7168=CARTESIAN_POINT('Ctrl Pts',(-67.5000660078001,5.39637449586207,23.0881197187466));
#7169=CARTESIAN_POINT('Ctrl Pts',(-67.5000642260019,5.39833981024725,23.1095985212405));
#7170=CARTESIAN_POINT('Ctrl Pts',(-67.5000628756841,5.3996767097874,23.1311496525516));
#7171=CARTESIAN_POINT('Ctrl Pts',(-67.5000614392643,5.40109885562245,23.1540749739497));
#7172=CARTESIAN_POINT('Ctrl Pts',(-67.500060557128,5.40180552482146,23.1770112883641));
#7173=CARTESIAN_POINT('Ctrl Pts',(-67.50006032541,5.40180295450502,23.1999242934805));
#7174=CARTESIAN_POINT('',(-64.,3.54094865120655,23.5));
#7175=CARTESIAN_POINT('Ctrl Pts',(-64.0002022471791,3.54106904253159,23.5000000000009));
#7176=CARTESIAN_POINT('Ctrl Pts',(-64.5493692719361,3.47491940455869,23.5000000000009));
#7177=CARTESIAN_POINT('Ctrl Pts',(-65.1188155132267,3.42332978879333,23.5000000000009));
#7178=CARTESIAN_POINT('Ctrl Pts',(-65.7473004619725,3.37338082841869,23.5000000000009));
#7179=CARTESIAN_POINT('Ctrl Pts',(-66.2986254829153,3.32956416792495,23.5000000000009));
#7180=CARTESIAN_POINT('Ctrl Pts',(-66.8953825695037,3.28701004122686,23.5000000000009));
#7181=CARTESIAN_POINT('Ctrl Pts',(-67.5000000611661,3.23638435531895,23.5000000000009));
#7182=CARTESIAN_POINT('Ctrl Pts',(-63.9999697857167,5.71618640626678,23.1999242934805));
#7183=CARTESIAN_POINT('Ctrl Pts',(-63.9999710467035,5.71619167437088,23.1520889776176));
#7184=CARTESIAN_POINT('Ctrl Pts',(-63.9999781562423,5.71309219480313,23.1043864532183));
#7185=CARTESIAN_POINT('Ctrl Pts',(-63.9999860279435,5.70690902653638,23.0571215500863));
#7186=CARTESIAN_POINT('Ctrl Pts',(-63.9999933738146,5.70113889420044,23.0130139447048));
#7187=CARTESIAN_POINT('Ctrl Pts',(-64.0000013390356,5.69268280853671,22.9692865779697));
#7188=CARTESIAN_POINT('Ctrl Pts',(-64.0000018688694,5.68151723276245,22.9261901629169));
#7189=CARTESIAN_POINT('Ctrl Pts',(-64.00000229255,5.67258870227694,22.8917282002385));
#7190=CARTESIAN_POINT('Ctrl Pts',(-63.9999978741903,5.66192672260389,22.8576696304311));
#7191=CARTESIAN_POINT('Ctrl Pts',(-63.9999938414137,5.64958576890957,22.824127349438));
#7192=CARTESIAN_POINT('Ctrl Pts',(-63.9999884763638,5.63316784160451,22.7795039966056));
#7193=CARTESIAN_POINT('Ctrl Pts',(-63.999983242543,5.61388781551541,22.7360856440771));
#7194=CARTESIAN_POINT('Ctrl Pts',(-63.99998254964,5.5919456525712,22.6941109370313));
#7195=CARTESIAN_POINT('Ctrl Pts',(-63.9999818524072,5.56986637825638,22.6518739399994));
#7196=CARTESIAN_POINT('Ctrl Pts',(-63.9999856998964,5.54509106924075,22.6110976944056));
#7197=CARTESIAN_POINT('Ctrl Pts',(-63.999993007652,5.51777447604185,22.5720426904548));
#7198=CARTESIAN_POINT('Ctrl Pts',(-64.0000002179638,5.49082213075049,22.5335084580133));
#7199=CARTESIAN_POINT('Ctrl Pts',(-64.0000107308981,5.46139521350048,22.4966489879324));
#7200=CARTESIAN_POINT('Ctrl Pts',(-64.0000190054848,5.42960347842272,22.4617451505436));
#7201=CARTESIAN_POINT('Ctrl Pts',(-64.0000218206253,5.41878744551753,22.4498703329914));
#7202=CARTESIAN_POINT('Ctrl Pts',(-64.0000241874717,5.40772027350722,22.438247300825));
#7203=CARTESIAN_POINT('Ctrl Pts',(-64.0000257987959,5.39640870155288,22.4268850646104));
#7204=CARTESIAN_POINT('Ctrl Pts',(-64.0000305634205,5.36296081267444,22.3932873634377));
#7205=CARTESIAN_POINT('Ctrl Pts',(-64.000029173443,5.32737909623653,22.3619674741046));
#7206=CARTESIAN_POINT('Ctrl Pts',(-64.0000288486626,5.28995671836351,22.3330367595802));
#7207=CARTESIAN_POINT('Ctrl Pts',(-64.0000285199646,5.25208293710345,22.3037570714399));
#7208=CARTESIAN_POINT('Ctrl Pts',(-64.0000291809823,5.21232290937626,22.2769238992515));
#7209=CARTESIAN_POINT('Ctrl Pts',(-64.0000329805552,5.17094524382762,22.2526916268965));
#7210=CARTESIAN_POINT('Ctrl Pts',(-64.0000355279261,5.14320416256503,22.2364454364054));
#7211=CARTESIAN_POINT('Ctrl Pts',(-64.0000393772617,5.11473526344573,22.221369123473));
#7212=CARTESIAN_POINT('Ctrl Pts',(-64.000044209018,5.0856139084476,22.2075210713898));
#7213=CARTESIAN_POINT('Ctrl Pts',(-64.0000514333139,5.04207254016606,22.1868158831946));
#7214=CARTESIAN_POINT('Ctrl Pts',(-64.0000600858367,4.99733923185011,22.1689807133809));
#7215=CARTESIAN_POINT('Ctrl Pts',(-64.0000694596737,4.95169437101663,22.1541473703614));
#7216=CARTESIAN_POINT('Ctrl Pts',(-64.0000732039855,4.93346185951239,22.148222298134));
#7217=CARTESIAN_POINT('Ctrl Pts',(-64.0000770051899,4.91508358061251,22.142776663573));
#7218=CARTESIAN_POINT('Ctrl Pts',(-64.0000806128996,4.89657632601779,22.1378209156259));
#7219=CARTESIAN_POINT('Ctrl Pts',(-64.0000896507151,4.85021307390727,22.1254060763371));
#7220=CARTESIAN_POINT('Ctrl Pts',(-64.0000976631217,4.80304091574955,22.1160619539861));
#7221=CARTESIAN_POINT('Ctrl Pts',(-64.0001050776138,4.75536722997618,22.1097755032552));
#7222=CARTESIAN_POINT('Ctrl Pts',(-64.0001095922133,4.72633926764384,22.1059477552626));
#7223=CARTESIAN_POINT('Ctrl Pts',(-64.0001138218344,4.69712513200754,22.103254634474));
#7224=CARTESIAN_POINT('Ctrl Pts',(-64.0001175240292,4.66779407863061,22.1017026477084));
#7225=CARTESIAN_POINT('Ctrl Pts',(-64.0001235887874,4.61974535104851,22.0991602572816));
#7226=CARTESIAN_POINT('Ctrl Pts',(-64.0001280427447,4.57167108782171,22.0996926286504));
#7227=CARTESIAN_POINT('Ctrl Pts',(-64.0001330474131,4.52387778274549,22.1032599554946));
#7228=CARTESIAN_POINT('Ctrl Pts',(-64.0001380411256,4.47618910335651,22.1068194730018));
#7229=CARTESIAN_POINT('Ctrl Pts',(-64.0001434369604,4.42877903739362,22.1134007207247));
#7230=CARTESIAN_POINT('Ctrl Pts',(-64.000149733425,4.38195169777993,22.1230151733287));
#7231=CARTESIAN_POINT('Ctrl Pts',(-64.0001526057083,4.36059028434535,22.1274010363462));
#7232=CARTESIAN_POINT('Ctrl Pts',(-64.0001556561346,4.33935023036727,22.1324187903833));
#7233=CARTESIAN_POINT('Ctrl Pts',(-64.000158943863,4.31826134439475,22.1380730335465));
#7234=CARTESIAN_POINT('Ctrl Pts',(-64.0001630617589,4.2918474116204,22.1451550007493));
#7235=CARTESIAN_POINT('Ctrl Pts',(-64.0001675411529,4.2656705129735,22.1532353681319));
#7236=CARTESIAN_POINT('Ctrl Pts',(-64.0001714751779,4.23978209977351,22.16229156727));
#7237=CARTESIAN_POINT('Ctrl Pts',(-64.0001783497917,4.19454272244727,22.1781170567192));
#7238=CARTESIAN_POINT('Ctrl Pts',(-64.0001836987123,4.15045895630358,22.1968230529344));
#7239=CARTESIAN_POINT('Ctrl Pts',(-64.0001864768468,4.10777966134847,22.2182215039183));
#7240=CARTESIAN_POINT('Ctrl Pts',(-64.0001892865874,4.06461481696826,22.2398633986044));
#7241=CARTESIAN_POINT('Ctrl Pts',(-64.0001893274331,4.02288553121793,22.2642598559994));
#7242=CARTESIAN_POINT('Ctrl Pts',(-64.0001873668099,3.98287031984779,22.2912655116914));
#7243=CARTESIAN_POINT('Ctrl Pts',(-64.0001854061868,3.94285510847765,22.3182711673834));
#7244=CARTESIAN_POINT('Ctrl Pts',(-64.0001813027315,3.90455291818018,22.3478865906182));
#7245=CARTESIAN_POINT('Ctrl Pts',(-64.0001797671888,3.86827898115647,22.3800071574855));
#7246=CARTESIAN_POINT('Ctrl Pts',(-64.0001790451216,3.85122167429197,22.3951114006604));
#7247=CARTESIAN_POINT('Ctrl Pts',(-64.0001790521379,3.83466480793554,22.4107246979905));
#7248=CARTESIAN_POINT('Ctrl Pts',(-64.0001805811978,3.81863563845731,22.4268296577707));
#7249=CARTESIAN_POINT('Ctrl Pts',(-64.0001837811992,3.78508995065746,22.4605339587669));
#7250=CARTESIAN_POINT('Ctrl Pts',(-64.0001932995768,3.75385293938008,22.4963892432189));
#7251=CARTESIAN_POINT('Ctrl Pts',(-64.0002009857723,3.72504627996435,22.5341114535363));
#7252=CARTESIAN_POINT('Ctrl Pts',(-64.0002086935983,3.69615855261299,22.5719398220053));
#7253=CARTESIAN_POINT('Ctrl Pts',(-64.0002144815074,3.66971430509101,22.611646612752));
#7254=CARTESIAN_POINT('Ctrl Pts',(-64.000215824364,3.64587795513513,22.652975210335));
#7255=CARTESIAN_POINT('Ctrl Pts',(-64.000216537731,3.63321534744004,22.6749302419883));
#7256=CARTESIAN_POINT('Ctrl Pts',(-64.000216099572,3.62128945941825,22.6973433725545));
#7257=CARTESIAN_POINT('Ctrl Pts',(-64.0002149008261,3.61013057303126,22.720178100911));
#7258=CARTESIAN_POINT('Ctrl Pts',(-64.0002126402768,3.58908757147288,22.763238959112));
#7259=CARTESIAN_POINT('Ctrl Pts',(-64.0002075487086,3.57090686794595,22.8075162676599));
#7260=CARTESIAN_POINT('Ctrl Pts',(-64.0002041330667,3.55571762970963,22.852730839984));
#7261=CARTESIAN_POINT('Ctrl Pts',(-64.0002023024705,3.54757703338744,22.8769633640542));
#7262=CARTESIAN_POINT('Ctrl Pts',(-64.0002010624126,3.54029642361456,22.9014656160356));
#7263=CARTESIAN_POINT('Ctrl Pts',(-64.0002019284607,3.53390120731863,22.9261972385503));
#7264=CARTESIAN_POINT('Ctrl Pts',(-64.0002035439415,3.52197190552128,22.9723303129083));
#7265=CARTESIAN_POINT('Ctrl Pts',(-64.0002120223195,3.51312026985,23.019261442814));
#7266=CARTESIAN_POINT('Ctrl Pts',(-64.000218724442,3.50735079137342,23.0666893325852));
#7267=CARTESIAN_POINT('Ctrl Pts',(-64.0002216880602,3.50479957988916,23.0876615188147));
#7268=CARTESIAN_POINT('Ctrl Pts',(-64.0002244055888,3.50285170569215,23.1087308886875));
#7269=CARTESIAN_POINT('Ctrl Pts',(-64.0002266136222,3.50151077290128,23.1298712330028));
#7270=CARTESIAN_POINT('Ctrl Pts',(-64.0002315909327,3.49848806546284,23.1775254304753));
#7271=CARTESIAN_POINT('Ctrl Pts',(-64.0002334209108,3.49856588530892,23.2252258126848));
#7272=CARTESIAN_POINT('Ctrl Pts',(-64.0002302517386,3.50170091748007,23.2726688112858));
#7273=CARTESIAN_POINT('Ctrl Pts',(-64.0002270876813,3.50483088987531,23.3200352393994));
#7274=CARTESIAN_POINT('Ctrl Pts',(-64.0002189477696,3.51100825596458,23.3671462332698));
#7275=CARTESIAN_POINT('Ctrl Pts',(-64.0002116279022,3.52024039858879,23.4137017972233));
#7276=CARTESIAN_POINT('Ctrl Pts',(-64.0002070672146,3.52599254074532,23.4427085221991));
#7277=CARTESIAN_POINT('Ctrl Pts',(-64.0002029750555,3.53293153795567,23.4714996095773));
#7278=CARTESIAN_POINT('Ctrl Pts',(-64.0002022471759,3.54106904253171,23.5));
#7279=CARTESIAN_POINT('Ctrl Pts',(-38.2232167865384,8.87307567646048,22.885686776809));
#7280=CARTESIAN_POINT('Ctrl Pts',(-38.6182102125343,8.87307567646048,22.7077196655437));
#7281=CARTESIAN_POINT('Ctrl Pts',(-39.4613254767659,8.87307567646047,22.4904482603045));
#7282=CARTESIAN_POINT('Ctrl Pts',(-40.2866155780627,8.87307567646048,22.4252978478011));
#7283=CARTESIAN_POINT('Ctrl Pts',(-40.6881298779424,8.87307567646048,22.4199180964095));
#7284=CARTESIAN_POINT('Ctrl Pts',(-38.2707449448281,8.70084107880437,22.9911743016707));
#7285=CARTESIAN_POINT('Ctrl Pts',(-38.6546837618559,8.70084107880437,22.8181879234879));
#7286=CARTESIAN_POINT('Ctrl Pts',(-39.4775848753968,8.70084107880436,22.6056080607819));
#7287=CARTESIAN_POINT('Ctrl Pts',(-40.2938728662493,8.70084107880437,22.5409112271219));
#7288=CARTESIAN_POINT('Ctrl Pts',(-40.6896799662496,8.70084107880437,22.5356079445299));
#7289=CARTESIAN_POINT('Ctrl Pts',(-38.4068567232299,8.42404637438251,23.2932708929289));
#7290=CARTESIAN_POINT('Ctrl Pts',(-38.7589530570447,8.42404637438251,23.1346313731493));
#7291=CARTESIAN_POINT('Ctrl Pts',(-39.523999607293,8.4240463743825,22.9354819432454));
#7292=CARTESIAN_POINT('Ctrl Pts',(-40.314751455093,8.42404637438251,22.872005102651));
#7293=CARTESIAN_POINT('Ctrl Pts',(-40.6941191299741,8.42404637438251,22.8669220862368));
#7294=CARTESIAN_POINT('Ctrl Pts',(-38.5826957524996,8.36770917794639,23.6835410956716));
#7295=CARTESIAN_POINT('Ctrl Pts',(-38.8937469293855,8.36770917794639,23.5433947647131));
#7296=CARTESIAN_POINT('Ctrl Pts',(-39.5840354320806,8.36770917794638,23.3615983499531));
#7297=CARTESIAN_POINT('Ctrl Pts',(-40.3416768077202,8.36770917794639,23.2997367235405));
#7298=CARTESIAN_POINT('Ctrl Pts',(-40.6998539623982,8.36770917794639,23.2949376315857));
#7299=CARTESIAN_POINT('Ctrl Pts',(-38.6669402809835,8.39922387827715,23.8705196598045));
#7300=CARTESIAN_POINT('Ctrl Pts',(-38.9583193869599,8.39922387827715,23.7392367209988));
#7301=CARTESIAN_POINT('Ctrl Pts',(-39.6127926799031,8.39922387827715,23.5657539310733));
#7302=CARTESIAN_POINT('Ctrl Pts',(-40.3545805332775,8.39922387827716,23.5046630129989));
#7303=CARTESIAN_POINT('Ctrl Pts',(-40.7026015222289,8.39922387827716,23.5));
#7304=CARTESIAN_POINT('',(-38.5,8.41280987414854,23.5));
#7305=CARTESIAN_POINT('Ctrl Pts',(-38.5,8.41280987414854,23.5));
#7306=CARTESIAN_POINT('Ctrl Pts',(-38.7238239729566,8.39231565787496,23.5));
#7307=CARTESIAN_POINT('Ctrl Pts',(-38.9673421056732,8.38650193372962,23.5));
#7308=CARTESIAN_POINT('Ctrl Pts',(-39.4809059637374,8.38642890417376,23.5));
#7309=CARTESIAN_POINT('Ctrl Pts',(-39.656109342779,8.38916819067551,23.5));
#7310=CARTESIAN_POINT('Ctrl Pts',(-40.2504016238785,8.39656213276543,23.5));
#7311=CARTESIAN_POINT('Ctrl Pts',(-40.4555782827965,8.39871531118421,23.5));
#7312=CARTESIAN_POINT('Ctrl Pts',(-40.7026015222289,8.39922387827716,23.5));
#7313=CARTESIAN_POINT('Ctrl Pts',(-38.5,8.81474428521472,22.8176259711384));
#7314=CARTESIAN_POINT('Ctrl Pts',(-38.5,8.7236596000876,22.8925327175814));
#7315=CARTESIAN_POINT('Ctrl Pts',(-38.5000000000131,8.64511518880359,22.9816692919409));
#7316=CARTESIAN_POINT('Ctrl Pts',(-38.5000000000131,8.49929229906044,23.2090320736625));
#7317=CARTESIAN_POINT('Ctrl Pts',(-38.5,8.44304920126043,23.3512019321591));
#7318=CARTESIAN_POINT('Ctrl Pts',(-38.5,8.41280987414854,23.5));
#7319=CARTESIAN_POINT('Ctrl Pts',(-38.5436657902247,9.66725703296479,22.5751455070729));
#7320=CARTESIAN_POINT('Ctrl Pts',(-38.6900802401874,9.65173550066643,22.5751455070729));
#7321=CARTESIAN_POINT('Ctrl Pts',(-38.835763801551,9.6360538226494,22.5751455070729));
#7322=CARTESIAN_POINT('Ctrl Pts',(-38.9807160061821,9.62021175762182,22.5751455070729));
#7323=CARTESIAN_POINT('Ctrl Pts',(-38.5613763690497,9.83432073565459,22.5270072377051));
#7324=CARTESIAN_POINT('Ctrl Pts',(-38.7079696490776,9.81878024541435,22.5270072377051));
#7325=CARTESIAN_POINT('Ctrl Pts',(-38.8538335924447,9.80307915522166,22.5270072377051));
#7326=CARTESIAN_POINT('Ctrl Pts',(-38.9989682997603,9.7872171441753,22.5270072377051));
#7327=CARTESIAN_POINT('Ctrl Pts',(-38.5942875267453,10.1447713380182,22.5668322170462));
#7328=CARTESIAN_POINT('Ctrl Pts',(-38.7412130819765,10.129195622974,22.5668322170462));
#7329=CARTESIAN_POINT('Ctrl Pts',(-38.8874123069834,10.1134584507625,22.5668322170462));
#7330=CARTESIAN_POINT('Ctrl Pts',(-39.0328861134125,10.0975593790159,22.5668322170462));
#7331=CARTESIAN_POINT('Ctrl Pts',(-38.6254461861086,10.4386906421537,22.8702240492419));
#7332=CARTESIAN_POINT('Ctrl Pts',(-38.7726863003481,10.4230815804158,22.8702240492419));
#7333=CARTESIAN_POINT('Ctrl Pts',(-38.9192029994278,10.4073102425809,22.8702240492419));
#7334=CARTESIAN_POINT('Ctrl Pts',(-39.0649978249393,10.3913760861304,22.8702240492419));
#7335=CARTESIAN_POINT('Ctrl Pts',(-38.6314235078223,10.4950746546424,23.1044662700899));
#7336=CARTESIAN_POINT('Ctrl Pts',(-38.7787241039599,10.4794591811621,23.1044662700899));
#7337=CARTESIAN_POINT('Ctrl Pts',(-38.9253014259021,10.4636813192878,23.1044662700899));
#7338=CARTESIAN_POINT('Ctrl Pts',(-39.0711579754238,10.4477404169186,23.1044662700899));
#7339=CARTESIAN_POINT('Ctrl Pts',(-38.6310283430684,10.4913470696995,23.2209129645918));
#7340=CARTESIAN_POINT('Ctrl Pts',(-38.7783247460474,10.47573204074,23.2209129645918));
#7341=CARTESIAN_POINT('Ctrl Pts',(-38.9248984534885,10.4599545678266,23.2209129645918));
#7342=CARTESIAN_POINT('Ctrl Pts',(-39.070750723737,10.4440141331462,23.2209129645918));
#7343=CARTESIAN_POINT('',(-38.6310638182333,10.4916817063654,23.2));
#7344=CARTESIAN_POINT('Origin',(-38.5625406790685,9.84530365955452,23.2));
#7345=CARTESIAN_POINT('Origin',(-38.5625406790685,9.84530365955452,23.2));
#7346=CARTESIAN_POINT('Ctrl Pts',(-38.6310638182134,10.4916817063675,23.2));
#7347=CARTESIAN_POINT('Ctrl Pts',(-38.6101333497897,10.4939005648322,23.2));
#7348=CARTESIAN_POINT('Ctrl Pts',(-38.5891882918428,10.4961161418057,23.2));
#7349=CARTESIAN_POINT('Ctrl Pts',(-38.5682286434737,10.4983284376374,23.2));
#7350=CARTESIAN_POINT('Ctrl Pts',(-38.6310638182134,10.4916817063675,23.0232809721115));
#7351=CARTESIAN_POINT('Ctrl Pts',(-38.6101331156239,10.4939005896563,23.0232809721115));
#7352=CARTESIAN_POINT('Ctrl Pts',(-38.5891885253785,10.496116117156,23.0232809721115));
#7353=CARTESIAN_POINT('Ctrl Pts',(-38.5682286434737,10.4983284376374,23.0232809721115));
#7354=CARTESIAN_POINT('Ctrl Pts',(-38.6176519767516,10.3651679477464,22.7309916454436));
#7355=CARTESIAN_POINT('Ctrl Pts',(-38.596740782673,10.3673847629198,22.7309916454436));
#7356=CARTESIAN_POINT('Ctrl Pts',(-38.5758148687181,10.369598314843,22.7309916454436));
#7357=CARTESIAN_POINT('Ctrl Pts',(-38.5548744428258,10.3718085817377,22.7309916454436));
#7358=CARTESIAN_POINT('Ctrl Pts',(-38.5775901832829,9.98726547378443,22.5325870581748));
#7359=CARTESIAN_POINT('Ctrl Pts',(-38.556736368348,9.98947620614137,22.5325870581748));
#7360=CARTESIAN_POINT('Ctrl Pts',(-38.5358680263052,9.99168366811057,22.5325870581748));
#7361=CARTESIAN_POINT('Ctrl Pts',(-38.5149848251462,9.99388789492116,22.5325870581748));
#7362=CARTESIAN_POINT('Ctrl Pts',(-38.5519254191904,9.74517002561581,22.5471291089198));
#7363=CARTESIAN_POINT('Ctrl Pts',(-38.5311084734497,9.74737684943511,22.5471291089198));
#7364=CARTESIAN_POINT('Ctrl Pts',(-38.5102767931138,9.74958043333101,22.5471291089198));
#7365=CARTESIAN_POINT('Ctrl Pts',(-38.489430361932,9.75178077906183,22.5471291089198));
#7366=CARTESIAN_POINT('Ctrl Pts',(-38.5401851419311,9.63442411443414,22.5855652618796));
#7367=CARTESIAN_POINT('Ctrl Pts',(-38.519385040569,9.63662915256517,22.5855652618796));
#7368=CARTESIAN_POINT('Ctrl Pts',(-38.4985701736451,9.63883095793925,22.5855652618796));
#7369=CARTESIAN_POINT('Ctrl Pts',(-38.4777405415128,9.64102953052644,22.5855652618796));
#7370=CARTESIAN_POINT('',(-38.5,9.8519192387121,22.55));
#7371=CARTESIAN_POINT('Ctrl Pts',(-38.4999999921161,9.638678216214,22.5855652616241));
#7372=CARTESIAN_POINT('Ctrl Pts',(-38.5000000610255,9.66898740301094,22.575162549714));
#7373=CARTESIAN_POINT('Ctrl Pts',(-38.4999993340086,9.69996968806066,22.5670689117493));
#7374=CARTESIAN_POINT('Ctrl Pts',(-38.4999974600204,9.73136705768055,22.5612570837728));
#7375=CARTESIAN_POINT('Ctrl Pts',(-38.4999955658837,9.76310200203914,22.5553827688321));
#7376=CARTESIAN_POINT('Ctrl Pts',(-38.4999926279365,9.79526222437447,22.5518394473603));
#7377=CARTESIAN_POINT('Ctrl Pts',(-38.4999895336353,9.82759153829841,22.5506501511505));
#7378=CARTESIAN_POINT('Ctrl Pts',(-38.4999887622305,9.83565118898299,22.5503536613446));
#7379=CARTESIAN_POINT('Ctrl Pts',(-38.4999879817881,9.8437213470712,22.5502037262989));
#7380=CARTESIAN_POINT('Ctrl Pts',(-38.4999872034164,9.85179800200017,22.5502012090835));
#7381=CARTESIAN_POINT('',(-38.5682286434935,10.4983284376353,23.2));
#7382=CARTESIAN_POINT('Ctrl Pts',(-38.6310638182134,10.4916817063675,23.2));
#7383=CARTESIAN_POINT('Ctrl Pts',(-38.6101333497897,10.4939005648322,23.2));
#7384=CARTESIAN_POINT('Ctrl Pts',(-38.5891882918428,10.4961161418057,23.2));
#7385=CARTESIAN_POINT('Ctrl Pts',(-38.5682286434737,10.4983284376374,23.2));
#7386=CARTESIAN_POINT('Origin',(-38.5000000000198,9.85191923889991,23.2));
#7387=CARTESIAN_POINT('Ctrl Pts',(-38.6308053493991,10.4892435727759,23.2564032175067));
#7388=CARTESIAN_POINT('Ctrl Pts',(-38.6098752517534,10.4914623919341,23.2564032175067));
#7389=CARTESIAN_POINT('Ctrl Pts',(-38.5889305640839,10.4936779297397,23.2564032175067));
#7390=CARTESIAN_POINT('Ctrl Pts',(-38.567971285495,10.495890186541,23.2564032175067));
#7391=CARTESIAN_POINT('Ctrl Pts',(-38.6309775535332,10.4908679725515,23.2376494769265));
#7392=CARTESIAN_POINT('Ctrl Pts',(-38.610047208841,10.4930868178994,23.2376494769265));
#7393=CARTESIAN_POINT('Ctrl Pts',(-38.5891022745085,10.495302381797,23.2376494769265));
#7394=CARTESIAN_POINT('Ctrl Pts',(-38.5681427495379,10.4975146646039,23.2376494769265));
#7395=CARTESIAN_POINT('Ctrl Pts',(-38.6310638182134,10.4916817063675,23.2188247473992));
#7396=CARTESIAN_POINT('Ctrl Pts',(-38.6101333497731,10.493900564834,23.2188247473992));
#7397=CARTESIAN_POINT('Ctrl Pts',(-38.5891882918594,10.496116141804,23.2188247473992));
#7398=CARTESIAN_POINT('Ctrl Pts',(-38.5682286434737,10.4983284376374,23.2188247473992));
#7399=CARTESIAN_POINT('Ctrl Pts',(-38.6310638182134,10.4916817063675,23.2));
#7400=CARTESIAN_POINT('Ctrl Pts',(-38.6101333497897,10.4939005648322,23.2));
#7401=CARTESIAN_POINT('Ctrl Pts',(-38.5891882918428,10.4961161418057,23.2));
#7402=CARTESIAN_POINT('Ctrl Pts',(-38.5682286434737,10.4983284376374,23.2));
#7403=CARTESIAN_POINT('Origin',(-38.5000000000198,9.85191923889991,23.2));
#7404=CARTESIAN_POINT('Origin',(-38.5000000000198,9.85191923889991,23.2));
#7405=CARTESIAN_POINT('',(-38.5,9.8519192387121,22.1));
#7406=CARTESIAN_POINT('',(-38.5,9.8519192387121,31.6));
#7407=CARTESIAN_POINT('Origin',(-38.5000000000198,9.85191923889991,23.2));
#7408=CARTESIAN_POINT('Ctrl Pts',(-38.4999999999803,9.25535809554441,22.2736885540144));
#7409=CARTESIAN_POINT('Ctrl Pts',(-38.479257544912,9.25755702253811,22.2736885540144));
#7410=CARTESIAN_POINT('Ctrl Pts',(-38.4585002464404,9.25975273832438,22.2736885540144));
#7411=CARTESIAN_POINT('Ctrl Pts',(-38.4377281054726,9.26194524270558,22.2736885540144));
#7412=CARTESIAN_POINT('Ctrl Pts',(-38.52985952483,9.53702267755757,22.0922871404974));
#7413=CARTESIAN_POINT('Ctrl Pts',(-38.5090744013863,9.53922612786551,22.0922871404974));
#7414=CARTESIAN_POINT('Ctrl Pts',(-38.4882739959086,9.54142640350889,22.0922871404974));
#7415=CARTESIAN_POINT('Ctrl Pts',(-38.4674593013883,9.54362339942761,22.0922871404974));
#7416=CARTESIAN_POINT('Ctrl Pts',(-38.5947143562356,10.1487976160842,22.025924963268));
#7417=CARTESIAN_POINT('Ctrl Pts',(-38.5738359593089,10.151010954401,22.025924963268));
#7418=CARTESIAN_POINT('Ctrl Pts',(-38.5529431195915,10.1532210077328,22.025924963268));
#7419=CARTESIAN_POINT('Ctrl Pts',(-38.5320354025922,10.1554278221962,22.025924963268));
#7420=CARTESIAN_POINT('Ctrl Pts',(-38.6636267132134,10.7988471504081,22.5290074072428));
#7421=CARTESIAN_POINT('Ctrl Pts',(-38.6426495724673,10.8010709566493,22.5290074072428));
#7422=CARTESIAN_POINT('Ctrl Pts',(-38.6216577862098,10.8032914765411,22.5290074072428));
#7423=CARTESIAN_POINT('Ctrl Pts',(-38.6006515911159,10.8055086853905,22.5290074072428));
#7424=CARTESIAN_POINT('Ctrl Pts',(-38.6785029145583,10.9391742003134,22.9757650034145));
#7425=CARTESIAN_POINT('Ctrl Pts',(-38.657504326534,10.9414002802005,22.9757650034145));
#7426=CARTESIAN_POINT('Ctrl Pts',(-38.6364914428423,10.9436230317776,22.9757650034145));
#7427=CARTESIAN_POINT('Ctrl Pts',(-38.6154638581862,10.9458424983004,22.9757650034145));
#7428=CARTESIAN_POINT('Ctrl Pts',(-38.6785029145583,10.9391742003134,23.2));
#7429=CARTESIAN_POINT('Ctrl Pts',(-38.6575043939154,10.9414002730573,23.2));
#7430=CARTESIAN_POINT('Ctrl Pts',(-38.6364913756423,10.9436230388706,23.2));
#7431=CARTESIAN_POINT('Ctrl Pts',(-38.6154638581862,10.9458424983004,23.2));
#7432=CARTESIAN_POINT('Ctrl Pts',(-38.5000421913279,9.85231896636326,22.1023345823251));
#7433=CARTESIAN_POINT('Ctrl Pts',(-38.5000444934089,9.80365423009662,22.1024876266231));
#7434=CARTESIAN_POINT('Ctrl Pts',(-38.5000455469978,9.75507856262821,22.1057198390395));
#7435=CARTESIAN_POINT('Ctrl Pts',(-38.5000446491021,9.70690170687961,22.1119851834517));
#7436=CARTESIAN_POINT('Ctrl Pts',(-38.5000437512065,9.65872485113102,22.118250527864));
#7437=CARTESIAN_POINT('Ctrl Pts',(-38.5000407759926,9.61094561498001,22.1275491031913));
#7438=CARTESIAN_POINT('Ctrl Pts',(-38.500036102348,9.56388108978324,22.1398876949476));
#7439=CARTESIAN_POINT('Ctrl Pts',(-38.5000314731276,9.51726392430485,22.152109005399));
#7440=CARTESIAN_POINT('Ctrl Pts',(-38.5000251306268,9.47155730372843,22.1672581271024));
#7441=CARTESIAN_POINT('Ctrl Pts',(-38.5000185823588,9.42706120066203,22.1853129426547));
#7442=CARTESIAN_POINT('Ctrl Pts',(-38.5000122144828,9.38379087869916,22.2028703831514));
#7443=CARTESIAN_POINT('Ctrl Pts',(-38.500005553377,9.34166435057346,22.2231759327695));
#7444=CARTESIAN_POINT('Ctrl Pts',(-38.5000021140896,9.30097537246745,22.2462544900556));
#7445=CARTESIAN_POINT('Ctrl Pts',(-38.5000008108525,9.2855572413096,22.2549995664801));
#7446=CARTESIAN_POINT('Ctrl Pts',(-38.5,9.27034578053435,22.2641432565769));
#7447=CARTESIAN_POINT('Ctrl Pts',(-38.5,9.25535809573076,22.2736885538944));
#7448=CARTESIAN_POINT('Origin',(-42.,1.9997696405952,40.));
#7449=CARTESIAN_POINT('',(-42.,1.9997696405952,23.5));
#7450=CARTESIAN_POINT('',(-42.,1.9997696405952,40.));
#7451=CARTESIAN_POINT('',(-42.,0.999777383315431,23.5));
#7452=CARTESIAN_POINT('Origin',(-64.,15.0885369404915,40.));
#7453=CARTESIAN_POINT('',(-64.,1.9997696405952,23.5));
#7454=CARTESIAN_POINT('',(-64.,7.54416103326359,23.5));
#7455=CARTESIAN_POINT('',(-64.,1.9997696405952,40.));
#7456=CARTESIAN_POINT('Origin',(-47.,15.0885369404915,40.));
#7457=CARTESIAN_POINT('',(-47.,1.9997696405952,23.5));
#7458=CARTESIAN_POINT('',(-47.,7.54416103326359,23.5));
#7459=CARTESIAN_POINT('',(-47.,1.9997696405952,40.));
#7460=CARTESIAN_POINT('Origin',(-55.5,15.0885369404915,40.));
#7461=CARTESIAN_POINT('',(-55.5,1.9997696405952,23.5));
#7462=CARTESIAN_POINT('',(-55.5,7.54416103326359,23.5));
#7463=CARTESIAN_POINT('',(-55.5,1.9997696405952,40.));
#7464=CARTESIAN_POINT('Origin',(-76.,1.99980061147611,40.));
#7465=CARTESIAN_POINT('',(-76.,1.99980061147611,23.5));
#7466=CARTESIAN_POINT('',(-76.,1.99980061147611,40.));
#7467=CARTESIAN_POINT('',(-76.,0.999792868755887,23.5));
#7468=CARTESIAN_POINT('Origin',(-63.8574065988597,-0.0002148739643415,23.5));
#7469=CARTESIAN_POINT('',(-38.5,1.9997696405952,23.5));
#7470=CARTESIAN_POINT('',(-51.1787032994298,1.9997696405952,23.5));
#7471=CARTESIAN_POINT('',(-38.5,7.54416103326359,23.5));
#7472=CARTESIAN_POINT('Origin',(-63.8574065988597,-0.0002148739643415,23.5));
#7473=CARTESIAN_POINT('',(-72.5,1.99980061147611,23.5));
#7474=CARTESIAN_POINT('',(-68.1787032994298,1.99980061147611,23.5));
#7475=CARTESIAN_POINT('',(-72.5,7.54417651870405,23.5));
#7476=CARTESIAN_POINT('Origin',(-63.8574065988597,-0.0002148739643415,23.5));
#7477=CARTESIAN_POINT('',(-59.,1.9997696405952,23.5));
#7478=CARTESIAN_POINT('',(-59.,0.999777383315429,23.5));
#7479=CARTESIAN_POINT('',(-59.6787032994298,1.9997696405952,23.5));
#7480=CARTESIAN_POINT('Origin',(-63.8574065988597,-0.0002148739643415,23.5));
#7481=CARTESIAN_POINT('',(-50.5,1.9997696405952,23.5));
#7482=CARTESIAN_POINT('',(-50.5,0.99977738331543,23.5));
#7483=CARTESIAN_POINT('',(-55.4287032994298,1.9997696405952,23.5));
#7484=CARTESIAN_POINT('Origin',(-63.8574065988597,-0.0002148739643415,23.5));
#7485=CARTESIAN_POINT('',(-67.5,1.9997696405952,23.5));
#7486=CARTESIAN_POINT('',(-67.5,0.999777383315429,23.5));
#7487=CARTESIAN_POINT('',(-63.9287032994298,1.9997696405952,23.5));
#7488=CARTESIAN_POINT('Origin',(-42.,-15.0889976593011,40.));
#7489=CARTESIAN_POINT('',(-42.,-2.00023035940481,40.));
#7490=CARTESIAN_POINT('Ctrl Pts',(-42.0000000000155,-14.160428277511,22.547563802493));
#7491=CARTESIAN_POINT('Ctrl Pts',(-42.0000000000155,-14.160428277511,22.8652213175747));
#7492=CARTESIAN_POINT('Ctrl Pts',(-42.0000000000155,-14.1524547605839,23.1828787580173));
#7493=CARTESIAN_POINT('Ctrl Pts',(-42.0000000000155,-14.1365221692452,23.4999999984646));
#7494=CARTESIAN_POINT('Origin',(-50.5,-2.00023035940481,40.));
#7495=CARTESIAN_POINT('',(-50.5,-2.00023035940481,23.5));
#7496=CARTESIAN_POINT('',(-57.1787032994298,-2.00023035940481,23.5));
#7497=CARTESIAN_POINT('',(-50.5,-2.00023035940481,40.));
#7498=CARTESIAN_POINT('Origin',(-50.5,-15.0889976593011,40.));
#7499=CARTESIAN_POINT('',(-50.5,-7.54460626663274,23.5));
#7500=CARTESIAN_POINT('Ctrl Pts',(-50.5000000000244,-12.6329279643063,22.547563802493));
#7501=CARTESIAN_POINT('Ctrl Pts',(-50.5000000000244,-12.6329279643063,22.8652746982964));
#7502=CARTESIAN_POINT('Ctrl Pts',(-50.5000000000244,-12.6236906259891,23.1829854568641));
#7503=CARTESIAN_POINT('Ctrl Pts',(-50.5000000000244,-12.6052383058242,23.4999999946266));
#7504=CARTESIAN_POINT('Origin',(-59.,-2.0002303594048,40.));
#7505=CARTESIAN_POINT('',(-59.,-2.0002303594048,40.));
#7506=CARTESIAN_POINT('Origin',(-59.,-15.0889976593011,40.));
#7507=CARTESIAN_POINT('Ctrl Pts',(-59.0000000000169,-10.8397083626297,22.547563802493));
#7508=CARTESIAN_POINT('Ctrl Pts',(-59.0000000000169,-10.8397083626297,22.8653746252313));
#7509=CARTESIAN_POINT('Ctrl Pts',(-59.0000000000169,-10.8283706623866,23.1831851429843));
#7510=CARTESIAN_POINT('Ctrl Pts',(-59.0000000000169,-10.8057355864646,23.4999999812108));
#7511=CARTESIAN_POINT('Origin',(-67.5,-2.0002303594048,40.));
#7512=CARTESIAN_POINT('',(-67.5,-2.0002303594048,40.));
#7513=CARTESIAN_POINT('Origin',(-67.5,-15.0889976593011,40.));
#7514=CARTESIAN_POINT('Ctrl Pts',(-67.5000000000019,-8.9933016540072,22.547563802493));
#7515=CARTESIAN_POINT('Ctrl Pts',(-67.5000000000019,-8.9933016540072,22.8655639424028));
#7516=CARTESIAN_POINT('Ctrl Pts',(-67.5000000000019,-8.97853264075863,23.1835632797397));
#7517=CARTESIAN_POINT('Ctrl Pts',(-67.5000000000019,-8.94907881661701,23.4999999339299));
#7518=CARTESIAN_POINT('Origin',(-76.,-2.0002303594048,40.));
#7519=CARTESIAN_POINT('',(-76.,-2.0002303594048,40.));
#7520=CARTESIAN_POINT('Origin',(-76.,-15.0889976593011,40.));
#7521=CARTESIAN_POINT('Ctrl Pts',(-76.,-7.38023557213953,22.547563802493));
#7522=CARTESIAN_POINT('Ctrl Pts',(-76.,-7.38023557213953,22.8659023848209));
#7523=CARTESIAN_POINT('Ctrl Pts',(-76.,-7.36025449464766,23.1842392506874));
#7524=CARTESIAN_POINT('Ctrl Pts',(-76.,-7.32046551427863,23.4999999461669));
#7525=CARTESIAN_POINT('Ctrl Pts',(-79.9999911292008,-6.92371024840252,23.5796543073026));
#7526=CARTESIAN_POINT('Ctrl Pts',(-80.0420368409302,-6.92439611660132,23.5796653545114));
#7527=CARTESIAN_POINT('Ctrl Pts',(-88.7997781277168,-1.97835642989682,23.5));
#7528=CARTESIAN_POINT('Ctrl Pts',(-92.,-1.97835642989682,23.5));
#7529=CARTESIAN_POINT('Ctrl Pts',(-79.9999911181871,-6.97462017640788,23.2381390468742));
#7530=CARTESIAN_POINT('Ctrl Pts',(-80.0420897900416,-6.97531081572772,23.2381464435727));
#7531=CARTESIAN_POINT('Ctrl Pts',(-88.7997781277168,-1.99290212376249,23.1848420806923));
#7532=CARTESIAN_POINT('Ctrl Pts',(-92.,-1.99290212376249,23.1848420806923));
#7533=CARTESIAN_POINT('Ctrl Pts',(-79.9999910832268,-7.12805288843149,21.252600914285));
#7534=CARTESIAN_POINT('Ctrl Pts',(-80.0422578641045,-7.12875970165683,21.2525870260457));
#7535=CARTESIAN_POINT('Ctrl Pts',(-88.7997781277168,-2.03674004193514,21.3525430912182));
#7536=CARTESIAN_POINT('Ctrl Pts',(-92.,-2.03674004193514,21.3525430912182));
#7537=CARTESIAN_POINT('Ctrl Pts',(-79.9999913864992,-5.79541287973025,17.6377401714806));
#7538=CARTESIAN_POINT('Ctrl Pts',(-80.040799860389,-5.79598694722452,17.6376876236959));
#7539=CARTESIAN_POINT('Ctrl Pts',(-88.7997781277168,-1.65598574981227,18.0166687620294));
#7540=CARTESIAN_POINT('Ctrl Pts',(-92.,-1.65598574981227,18.0166687620294));
#7541=CARTESIAN_POINT('Ctrl Pts',(-79.9999917184834,-2.76696892136672,15.9116338151458));
#7542=CARTESIAN_POINT('Ctrl Pts',(-80.0392038230625,-2.7672432140034,15.9115626940812));
#7543=CARTESIAN_POINT('Ctrl Pts',(-88.7997781277168,-0.790716038508725,
16.4237792171116));
#7544=CARTESIAN_POINT('Ctrl Pts',(-92.,-0.790716038508725,16.4237792171116));
#7545=CARTESIAN_POINT('Ctrl Pts',(-79.9999917760758,-1.14893280778778,15.642460836195));
#7546=CARTESIAN_POINT('Ctrl Pts',(-80.0389269434508,-1.14904660422406,15.6423869258994));
#7547=CARTESIAN_POINT('Ctrl Pts',(-88.7997781277168,-0.328420001295048,
16.1753803728738));
#7548=CARTESIAN_POINT('Ctrl Pts',(-92.,-0.328420001295048,16.1753803728738));
#7549=CARTESIAN_POINT('Origin',(-92.,-0.000214873964342719,22.547563802493));
#7550=CARTESIAN_POINT('Origin',(-80.,-0.000214873964342719,22.547563802493));
#7551=CARTESIAN_POINT('Ctrl Pts',(-92.,-1.93751196463734,24.1523940184773));
#7552=CARTESIAN_POINT('Ctrl Pts',(-95.9625350398562,-1.82236725244626,24.0570182638414));
#7553=CARTESIAN_POINT('Ctrl Pts',(-98.7474437840557,-1.54750364153053,23.8292946656353));
#7554=CARTESIAN_POINT('Ctrl Pts',(-100.354726232599,-1.1129522344724,23.4693093188597));
#7555=CARTESIAN_POINT('Ctrl Pts',(-92.,-1.97909409693204,23.6287378823485));
#7556=CARTESIAN_POINT('Ctrl Pts',(-95.9625350398562,-1.86156839423773,23.564339741507));
#7557=CARTESIAN_POINT('Ctrl Pts',(-98.7474437840557,-1.58037731008457,23.4115530503589));
#7558=CARTESIAN_POINT('Ctrl Pts',(-100.354726232599,-1.13684906003976,23.1685656185282));
#7559=CARTESIAN_POINT('Ctrl Pts',(-92.,-2.08659581058993,21.0164763247274));
#7560=CARTESIAN_POINT('Ctrl Pts',(-95.9625350398562,-1.96250113972093,21.1075788140259));
#7561=CARTESIAN_POINT('Ctrl Pts',(-98.7474437840558,-1.66687400223596,21.3244366534553));
#7562=CARTESIAN_POINT('Ctrl Pts',(-100.354726232599,-1.19863248658315,21.6680353581954));
#7563=CARTESIAN_POINT('Ctrl Pts',(-92.,-1.67275198609089,18.4483020744421));
#7564=CARTESIAN_POINT('Ctrl Pts',(-95.9625350398562,-1.57305138883633,18.6924415415871));
#7565=CARTESIAN_POINT('Ctrl Pts',(-98.7474437840557,-1.33720454037944,19.2715217099902));
#7566=CARTESIAN_POINT('Ctrl Pts',(-100.354726232599,-0.96076461187024,20.1934263270949));
#7567=CARTESIAN_POINT('Ctrl Pts',(-92.,-1.14999999999551,17.2620042926107));
#7568=CARTESIAN_POINT('Ctrl Pts',(-95.9625350398562,-1.08168129943608,17.576091956101));
#7569=CARTESIAN_POINT('Ctrl Pts',(-98.7474437840557,-0.918479970816737,
18.3262329014279));
#7570=CARTESIAN_POINT('Ctrl Pts',(-100.354726232599,-0.660553278076361,
19.5118932543694));
#7571=CARTESIAN_POINT('Ctrl Pts',(-92.,1.14999999999549,17.2629798055899));
#7572=CARTESIAN_POINT('Ctrl Pts',(-95.9612671772967,1.08167763488506,17.5769089764156));
#7573=CARTESIAN_POINT('Ctrl Pts',(-98.7456615308488,0.918497895530892,18.3265322160207));
#7574=CARTESIAN_POINT('Ctrl Pts',(-100.353183060656,0.660617974214473,19.5113159338212));
#7575=CARTESIAN_POINT('Ctrl Pts',(-92.,1.67251226989549,18.4493957507065));
#7576=CARTESIAN_POINT('Ctrl Pts',(-95.9612671772967,1.5728326008431,18.693391359767));
#7577=CARTESIAN_POINT('Ctrl Pts',(-98.7456615308488,1.33707654777662,19.2720272423705));
#7578=CARTESIAN_POINT('Ctrl Pts',(-100.353183060656,0.960804185347368,20.1931720164656));
#7579=CARTESIAN_POINT('Ctrl Pts',(-92.,2.08610855105184,21.0168596559575));
#7580=CARTESIAN_POINT('Ctrl Pts',(-95.9612671772967,1.96205706949734,21.1079101474518));
#7581=CARTESIAN_POINT('Ctrl Pts',(-98.7456615308488,1.66658729980552,21.3246042705915));
#7582=CARTESIAN_POINT('Ctrl Pts',(-100.353183060656,1.19861884092827,21.6679260422526));
#7583=CARTESIAN_POINT('Ctrl Pts',(-92.,1.9786795535413,23.6283506995964));
#7584=CARTESIAN_POINT('Ctrl Pts',(-95.9612671772967,1.86119045005377,23.5639963505996));
#7585=CARTESIAN_POINT('Ctrl Pts',(-98.7456615308488,1.58013992868145,23.4113409831829));
#7586=CARTESIAN_POINT('Ctrl Pts',(-100.353183060656,1.13685407248172,23.1685759140784));
#7587=CARTESIAN_POINT('Ctrl Pts',(-92.,1.93712688809819,24.1518313532845));
#7588=CARTESIAN_POINT('Ctrl Pts',(-95.9612671772967,1.8220163597832,24.056519537531));
#7589=CARTESIAN_POINT('Ctrl Pts',(-98.7456615308488,1.54728546165691,23.8289909594706));
#7590=CARTESIAN_POINT('Ctrl Pts',(-100.353183060656,1.11296523974665,23.469331555309));
#7591=CARTESIAN_POINT('Origin',(-92.,-0.000214873964342719,22.547563802493));
#7592=CARTESIAN_POINT('Ctrl Pts',(-79.9999999923108,1.148935928093,15.6425328515029));
#7593=CARTESIAN_POINT('Ctrl Pts',(-80.0401406566953,1.14893603291421,15.6425327834484));
#7594=CARTESIAN_POINT('Ctrl Pts',(-88.7999997956756,0.328113926623473,16.1754468373033));
#7595=CARTESIAN_POINT('Ctrl Pts',(-92.,0.328113926623473,16.1754468373033));
#7596=CARTESIAN_POINT('Ctrl Pts',(-79.9999999922577,2.76688303921788,15.9117952536025));
#7597=CARTESIAN_POINT('Ctrl Pts',(-80.04041757853,2.76688329181301,15.9117951881171));
#7598=CARTESIAN_POINT('Ctrl Pts',(-88.7999997956756,0.790384529802014,16.4239282029459));
#7599=CARTESIAN_POINT('Ctrl Pts',(-92.,0.790384529802014,16.4239282029459));
#7600=CARTESIAN_POINT('Ctrl Pts',(-79.9999999919521,5.79509527883767,17.63795708304));
#7601=CARTESIAN_POINT('Ctrl Pts',(-80.0420133577239,5.79509580743901,17.6379570346571));
#7602=CARTESIAN_POINT('Ctrl Pts',(-88.7999997956756,1.65558802683625,18.0168689379102));
#7603=CARTESIAN_POINT('Ctrl Pts',(-92.,1.65558802683625,18.0168689379102));
#7604=CARTESIAN_POINT('Ctrl Pts',(-79.9999999916729,7.12761678867937,21.2526740711097));
#7605=CARTESIAN_POINT('Ctrl Pts',(-80.0434710356599,7.12761743949968,21.2526740583224));
#7606=CARTESIAN_POINT('Ctrl Pts',(-88.7999997956757,2.03630845821959,21.3526106033022));
#7607=CARTESIAN_POINT('Ctrl Pts',(-92.,2.03630845821959,21.3526106033022));
#7608=CARTESIAN_POINT('Ctrl Pts',(-79.999999991705,6.97419050032911,23.2381390476429));
#7609=CARTESIAN_POINT('Ctrl Pts',(-80.0433029910699,6.97419113625751,23.2381390544536));
#7610=CARTESIAN_POINT('Ctrl Pts',(-88.7999997956756,1.9924723758338,23.1848420806923));
#7611=CARTESIAN_POINT('Ctrl Pts',(-92.,1.9924723758338,23.1848420806923));
#7612=CARTESIAN_POINT('Ctrl Pts',(-79.9999999917152,6.92328057179928,23.5796543084514));
#7613=CARTESIAN_POINT('Ctrl Pts',(-80.0432500492933,6.92328120333448,23.5796543186235));
#7614=CARTESIAN_POINT('Ctrl Pts',(-88.7999997956756,1.97792668196814,23.5));
#7615=CARTESIAN_POINT('Ctrl Pts',(-92.,1.97792668196814,23.5));
#7616=CARTESIAN_POINT('Ctrl Pts',(-50.5,-12.5991421276894,23.5995083357724));
#7617=CARTESIAN_POINT('Ctrl Pts',(-52.1564810693963,-12.2684454835357,23.5677003906731));
#7618=CARTESIAN_POINT('Ctrl Pts',(-53.8311196426193,-11.9197272306124,23.5341590432171));
#7619=CARTESIAN_POINT('Ctrl Pts',(-55.5000000000224,-11.5645870079348,23.5000000007679));
#7620=CARTESIAN_POINT('Ctrl Pts',(-50.5,-12.6216559734771,23.2494858592878));
#7621=CARTESIAN_POINT('Ctrl Pts',(-52.1564810693963,-12.2903683576251,23.2282616414758));
#7622=CARTESIAN_POINT('Ctrl Pts',(-53.8311196426193,-11.9410270159173,23.2058807958904));
#7623=CARTESIAN_POINT('Ctrl Pts',(-55.5000000000224,-11.5852521396252,23.1830877812857));
#7624=CARTESIAN_POINT('Ctrl Pts',(-50.5,-12.6329279643112,22.8985249146222));
#7625=CARTESIAN_POINT('Ctrl Pts',(-52.1564810693963,-12.3013444812304,22.8879128028267));
#7626=CARTESIAN_POINT('Ctrl Pts',(-53.8311196426193,-11.9516911487825,22.8767223781061));
#7627=CARTESIAN_POINT('Ctrl Pts',(-55.5000000000224,-11.5955985361137,22.8653258677006));
#7628=CARTESIAN_POINT('Ctrl Pts',(-50.5,-12.6329279643112,22.547563802493));
#7629=CARTESIAN_POINT('Ctrl Pts',(-52.1564810693963,-12.3013445095136,22.547563802493));
#7630=CARTESIAN_POINT('Ctrl Pts',(-53.8311196426193,-11.9516911184088,22.547563802493));
#7631=CARTESIAN_POINT('Ctrl Pts',(-55.5000000000224,-11.5955985361137,22.547563802493));
#7632=CARTESIAN_POINT('Ctrl Pts',(-58.9999999999999,-10.7959043476783,23.6288253609173));
#7633=CARTESIAN_POINT('Ctrl Pts',(-60.6993475083835,-10.4270256995243,23.5851667723787));
#7634=CARTESIAN_POINT('Ctrl Pts',(-62.3747389490481,-10.0599775221792,23.5417248289951));
#7635=CARTESIAN_POINT('Ctrl Pts',(-64.0000000000068,-9.70743752877894,23.4999999999971));
#7636=CARTESIAN_POINT('Ctrl Pts',(-58.9999999999999,-10.8250873396689,23.2693770292848));
#7637=CARTESIAN_POINT('Ctrl Pts',(-60.6993475083835,-10.4552114637803,23.240232044192));
#7638=CARTESIAN_POINT('Ctrl Pts',(-62.3747389490481,-10.0871712199372,23.2112316985674));
#7639=CARTESIAN_POINT('Ctrl Pts',(-64.0000000000068,-9.73367816877475,23.1833776254089));
#7640=CARTESIAN_POINT('Ctrl Pts',(-58.9999999999999,-10.8397083626334,22.9084706125425));
#7641=CARTESIAN_POINT('Ctrl Pts',(-60.6993475083835,-10.4693328999703,22.8938981109337));
#7642=CARTESIAN_POINT('Ctrl Pts',(-62.3747389490481,-10.1007955485668,22.8793979324148));
#7643=CARTESIAN_POINT('Ctrl Pts',(-64.0000000000068,-9.74682503870866,22.8654708871745));
#7644=CARTESIAN_POINT('Ctrl Pts',(-58.9999999999999,-10.8397083626334,22.547563802493));
#7645=CARTESIAN_POINT('Ctrl Pts',(-60.6993475083835,-10.469332972112,22.547563802493));
#7646=CARTESIAN_POINT('Ctrl Pts',(-62.3747389490481,-10.1007954796205,22.547563802493));
#7647=CARTESIAN_POINT('Ctrl Pts',(-64.0000000000068,-9.74682503870866,22.547563802493));
#7648=CARTESIAN_POINT('Ctrl Pts',(-67.4999999999998,-8.93373330241989,23.6525049951641));
#7649=CARTESIAN_POINT('Ctrl Pts',(-69.2723101551217,-8.5608204413192,23.5958887641923));
#7650=CARTESIAN_POINT('Ctrl Pts',(-70.9523486344962,-8.2195267607905,23.5440730081226));
#7651=CARTESIAN_POINT('Ctrl Pts',(-72.5000000000003,-7.92923206471786,23.4999999999828));
#7652=CARTESIAN_POINT('Ctrl Pts',(-67.4999999999998,-8.97340163768156,23.2858209271593));
#7653=CARTESIAN_POINT('Ctrl Pts',(-69.2723101551217,-8.59883270051168,23.247993253459));
#7654=CARTESIAN_POINT('Ctrl Pts',(-70.9523486344962,-8.25602389093218,23.2133730243121));
#7655=CARTESIAN_POINT('Ctrl Pts',(-72.5000000000003,-7.96444001942656,23.1839260028081));
#7656=CARTESIAN_POINT('Ctrl Pts',(-67.4999999999998,-8.99330165400766,22.9166929055262));
#7657=CARTESIAN_POINT('Ctrl Pts',(-69.2723101551217,-8.61790202801996,22.897779037055));
#7658=CARTESIAN_POINT('Ctrl Pts',(-70.9523486344962,-8.27433296405696,22.8804689040902));
#7659=CARTESIAN_POINT('Ctrl Pts',(-72.5000000000003,-7.9821024413278,22.8657453687227));
#7660=CARTESIAN_POINT('Ctrl Pts',(-67.4999999999998,-8.99330165400766,22.547563802493));
#7661=CARTESIAN_POINT('Ctrl Pts',(-69.2723101551217,-8.61790222452973,22.547563802493));
#7662=CARTESIAN_POINT('Ctrl Pts',(-70.9523486344962,-8.27433281108357,22.547563802493));
#7663=CARTESIAN_POINT('Ctrl Pts',(-72.5000000000003,-7.9821024413278,22.547563802493));
#7664=CARTESIAN_POINT('Ctrl Pts',(-75.9999999992614,-7.31160345337305,23.5678647754092));
#7665=CARTESIAN_POINT('Ctrl Pts',(-77.6095175164987,-7.07269678390317,23.5247999042397));
#7666=CARTESIAN_POINT('Ctrl Pts',(-78.9679326628554,-6.93511684080414,23.5));
#7667=CARTESIAN_POINT('Ctrl Pts',(-80.,-6.93511684080414,23.5));
#7668=CARTESIAN_POINT('Ctrl Pts',(-75.9999999992614,-7.35728714932312,23.2298789130295));
#7669=CARTESIAN_POINT('Ctrl Pts',(-77.6095175164987,-7.11688747250387,23.2010797258623));
#7670=CARTESIAN_POINT('Ctrl Pts',(-78.9679326628554,-6.97844813819803,23.1844950871154));
#7671=CARTESIAN_POINT('Ctrl Pts',(-80.,-6.97844813819803,23.1844950871154));
#7672=CARTESIAN_POINT('Ctrl Pts',(-75.9999999992614,-7.38023557225019,22.8887223434458));
#7673=CARTESIAN_POINT('Ctrl Pts',(-77.6095175164987,-7.13908603322502,22.8743227023759));
#7674=CARTESIAN_POINT('Ctrl Pts',(-78.9679326628554,-7.00021487396434,22.8660303649265));
#7675=CARTESIAN_POINT('Ctrl Pts',(-80.,-7.00021487396434,22.8660303649265));
#7676=CARTESIAN_POINT('Ctrl Pts',(-75.9999999992614,-7.38023557225019,22.547563802493));
#7677=CARTESIAN_POINT('Ctrl Pts',(-77.6095175164987,-7.13908628213972,22.547563802493));
#7678=CARTESIAN_POINT('Ctrl Pts',(-78.9679326628554,-7.00021487396434,22.547563802493));
#7679=CARTESIAN_POINT('Ctrl Pts',(-80.,-7.00021487396434,22.547563802493));
#7680=CARTESIAN_POINT('Ctrl Pts',(-33.,-14.9767058352724,23.5269514485804));
#7681=CARTESIAN_POINT('Ctrl Pts',(-34.6211608259308,-14.9767058352724,23.5269514485804));
#7682=CARTESIAN_POINT('Ctrl Pts',(-36.4782271885484,-14.8430684967225,23.5171198329092));
#7683=CARTESIAN_POINT('Ctrl Pts',(-38.5000000000102,-14.6103652480492,23.4999999999999));
#7684=CARTESIAN_POINT('Ctrl Pts',(-33.,-14.9923744325617,23.2008301635023));
#7685=CARTESIAN_POINT('Ctrl Pts',(-34.6211608259308,-14.9923744325617,23.2008301635023));
#7686=CARTESIAN_POINT('Ctrl Pts',(-36.4782271885484,-14.8585972877354,23.194272327559));
#7687=CARTESIAN_POINT('Ctrl Pts',(-38.5000000000102,-14.6256505751087,23.1828531399933));
#7688=CARTESIAN_POINT('Ctrl Pts',(-33.,-15.0002148739643,22.8741970097516));
#7689=CARTESIAN_POINT('Ctrl Pts',(-34.6211608259308,-15.0002148739643,22.8741970097516));
#7690=CARTESIAN_POINT('Ctrl Pts',(-36.4782271885484,-14.8663677677766,22.8709180915775));
#7691=CARTESIAN_POINT('Ctrl Pts',(-38.5000000000102,-14.6332992311382,22.8652084972609));
#7692=CARTESIAN_POINT('Ctrl Pts',(-33.,-15.0002148739643,22.547563802493));
#7693=CARTESIAN_POINT('Ctrl Pts',(-34.6211608259308,-15.0002148739643,22.547563802493));
#7694=CARTESIAN_POINT('Ctrl Pts',(-36.4782271885484,-14.8663677609506,22.547563802493));
#7695=CARTESIAN_POINT('Ctrl Pts',(-38.5000000000102,-14.6332992311382,22.547563802493));
#7696=CARTESIAN_POINT('Origin',(-33.,-0.000214873964342719,22.547563802493));
#7697=CARTESIAN_POINT('Ctrl Pts',(-42.,-14.1328948127145,23.5696425870963));
#7698=CARTESIAN_POINT('Ctrl Pts',(-43.6081503094798,-13.8884484462872,23.5496058274385));
#7699=CARTESIAN_POINT('Ctrl Pts',(-45.2843124085924,-13.6006288345191,23.526013853174));
#7700=CARTESIAN_POINT('Ctrl Pts',(-47.0000000005931,-13.2832625584648,23.5000000003615));
#7701=CARTESIAN_POINT('Ctrl Pts',(-42.,-14.1512445050723,23.2293915511376));
#7702=CARTESIAN_POINT('Ctrl Pts',(-43.6081503094798,-13.9064807415455,23.2160250480183));
#7703=CARTESIAN_POINT('Ctrl Pts',(-45.2843124085924,-13.6182874538136,23.2002868664693));
#7704=CARTESIAN_POINT('Ctrl Pts',(-47.0000000005931,-13.3005090990813,23.1829330502485));
#7705=CARTESIAN_POINT('Ctrl Pts',(-42.,-14.1604282775133,22.8884777197993));
#7706=CARTESIAN_POINT('Ctrl Pts',(-43.6081503094798,-13.9155056665591,22.881794467278));
#7707=CARTESIAN_POINT('Ctrl Pts',(-45.2843124085924,-13.6271253463804,22.8739253757849));
#7708=CARTESIAN_POINT('Ctrl Pts',(-47.0000000005931,-13.3091407590203,22.8652484664259));
#7709=CARTESIAN_POINT('Ctrl Pts',(-42.,-14.1604282775133,22.547563802493));
#7710=CARTESIAN_POINT('Ctrl Pts',(-43.6081503094798,-13.9155056776006,22.547563802493));
#7711=CARTESIAN_POINT('Ctrl Pts',(-45.2843124085924,-13.6271253320451,22.547563802493));
#7712=CARTESIAN_POINT('Ctrl Pts',(-47.0000000005931,-13.3091407590203,22.547563802493));
#7713=CARTESIAN_POINT('Origin',(-72.5,1.99980061147611,40.));
#7714=CARTESIAN_POINT('',(-72.5,1.99980061147611,40.));
#7715=CARTESIAN_POINT('Ctrl Pts',(-32.6622914014752,-0.000240515912042025,
16.3));
#7716=CARTESIAN_POINT('Ctrl Pts',(-32.6622914014752,-0.000240515912042025,
13.3));
#7717=CARTESIAN_POINT('Ctrl Pts',(-32.6763035694575,0.400647115377249,16.3));
#7718=CARTESIAN_POINT('Ctrl Pts',(-32.6763035694575,0.400647115377249,13.3));
#7719=CARTESIAN_POINT('Ctrl Pts',(-32.6809878156133,1.20389432496683,16.3));
#7720=CARTESIAN_POINT('Ctrl Pts',(-32.6809878156133,1.20389432496683,13.3));
#7721=CARTESIAN_POINT('Ctrl Pts',(-32.6179968944,2.41317762123834,16.3));
#7722=CARTESIAN_POINT('Ctrl Pts',(-32.6179968944,2.41317762123834,13.3));
#7723=CARTESIAN_POINT('Ctrl Pts',(-32.3993655424182,4.02794160189179,16.3));
#7724=CARTESIAN_POINT('Ctrl Pts',(-32.3993655424182,4.02794160189179,13.3));
#7725=CARTESIAN_POINT('Ctrl Pts',(-31.9315452209987,6.01427032622305,16.3));
#7726=CARTESIAN_POINT('Ctrl Pts',(-31.9315452209987,6.01427032622305,13.3));
#7727=CARTESIAN_POINT('Ctrl Pts',(-31.3041995126444,7.92534734423703,16.3));
#7728=CARTESIAN_POINT('Ctrl Pts',(-31.3041995126444,7.92534734423703,13.3));
#7729=CARTESIAN_POINT('Ctrl Pts',(-30.5475906520192,9.72244167012575,16.3));
#7730=CARTESIAN_POINT('Ctrl Pts',(-30.5475906520192,9.72244167012575,13.3));
#7731=CARTESIAN_POINT('Ctrl Pts',(-29.6741090947269,11.3863040597681,16.3));
#7732=CARTESIAN_POINT('Ctrl Pts',(-29.6741090947269,11.3863040597681,13.3));
#7733=CARTESIAN_POINT('Ctrl Pts',(-28.6781256038843,12.9175989815887,16.3));
#7734=CARTESIAN_POINT('Ctrl Pts',(-28.6781256038843,12.9175989815887,13.3));
#7735=CARTESIAN_POINT('Ctrl Pts',(-27.5460596146013,14.325729597643,16.3));
#7736=CARTESIAN_POINT('Ctrl Pts',(-27.5460596146013,14.325729597643,13.3));
#7737=CARTESIAN_POINT('Ctrl Pts',(-26.3491060826247,15.5347356193357,16.3));
#7738=CARTESIAN_POINT('Ctrl Pts',(-26.3491060826247,15.5347356193357,13.3));
#7739=CARTESIAN_POINT('Ctrl Pts',(-25.3025411816198,16.4109126209974,16.3));
#7740=CARTESIAN_POINT('Ctrl Pts',(-25.3025411816198,16.4109126209974,13.3));
#7741=CARTESIAN_POINT('Ctrl Pts',(-24.4865636550229,17.0063778646969,16.3));
#7742=CARTESIAN_POINT('Ctrl Pts',(-24.4865636550229,17.0063778646969,13.3));
#7743=CARTESIAN_POINT('Ctrl Pts',(-23.9561188670779,17.3612021451043,16.3));
#7744=CARTESIAN_POINT('Ctrl Pts',(-23.9561188670779,17.3612021451043,13.3));
#7745=CARTESIAN_POINT('Ctrl Pts',(-23.741209437547,17.5,16.3));
#7746=CARTESIAN_POINT('Ctrl Pts',(-23.741209437547,17.5,13.3));
#7747=CARTESIAN_POINT('',(-32.,5.59484032549484,13.3));
#7748=CARTESIAN_POINT('',(-31.9999999999722,5.59484032570786,15.2382757170245));
#7749=CARTESIAN_POINT('Ctrl Pts',(-32.,5.59484032549486,13.3));
#7750=CARTESIAN_POINT('Ctrl Pts',(-32.,5.59484032549486,13.8));
#7751=CARTESIAN_POINT('Ctrl Pts',(-32.,5.59484032549486,14.3));
#7752=CARTESIAN_POINT('Ctrl Pts',(-32.,5.59484032549486,14.9460919056748));
#7753=CARTESIAN_POINT('Ctrl Pts',(-31.9999999999722,5.59484032570786,15.0921838113497));
#7754=CARTESIAN_POINT('Ctrl Pts',(-31.9999999999722,5.59484032570786,15.2382757170245));
#7755=CARTESIAN_POINT('',(-32.6622914014752,-0.000240515912042025,13.3269368604686));
#7756=CARTESIAN_POINT('Ctrl Pts',(-32.6622914014752,-0.000240515912042043,
13.3269368604686));
#7757=CARTESIAN_POINT('Ctrl Pts',(-32.6669614075006,0.133368191605265,13.3264765238674));
#7758=CARTESIAN_POINT('Ctrl Pts',(-32.6700717382473,0.266985170160659,13.3290004014936));
#7759=CARTESIAN_POINT('Ctrl Pts',(-32.6734600601324,0.556888976932832,13.3409621904401));
#7760=CARTESIAN_POINT('Ctrl Pts',(-32.6731626727578,0.712995469551777,13.3514985446556));
#7761=CARTESIAN_POINT('Ctrl Pts',(-32.6657170625497,1.20180502431576,13.397345887683));
#7762=CARTESIAN_POINT('Ctrl Pts',(-32.6511569084266,1.53223572008114,13.4470952950049));
#7763=CARTESIAN_POINT('Ctrl Pts',(-32.5472850454775,2.99975736077305,13.7520013366945));
#7764=CARTESIAN_POINT('Ctrl Pts',(-32.3635227083554,4.07201796551759,14.2050361301502));
#7765=CARTESIAN_POINT('Ctrl Pts',(-32.0945278844597,5.22327023739325,14.9628938446454));
#7766=CARTESIAN_POINT('Ctrl Pts',(-32.04777068824,5.4117358194496,15.0972857217706));
#7767=CARTESIAN_POINT('Ctrl Pts',(-31.9999999999444,5.59484032570786,15.2382757170245));
#7768=CARTESIAN_POINT('',(-32.6622914014752,-0.000240515912042025,13.3));
#7769=CARTESIAN_POINT('',(-32.6622914014752,-0.000240515912042025,16.3));
#7770=CARTESIAN_POINT('Ctrl Pts',(-32.6622914014752,-0.000240515912042025,
13.3));
#7771=CARTESIAN_POINT('Ctrl Pts',(-32.6763035694575,0.400647115377249,13.3));
#7772=CARTESIAN_POINT('Ctrl Pts',(-32.6809878156133,1.20389432496683,13.3));
#7773=CARTESIAN_POINT('Ctrl Pts',(-32.622305152773,2.33046879929734,13.3));
#7774=CARTESIAN_POINT('Ctrl Pts',(-32.4759809049995,3.45859652350336,13.3));
#7775=CARTESIAN_POINT('Ctrl Pts',(-32.2528845984366,4.57514173056163,13.3));
#7776=CARTESIAN_POINT('Ctrl Pts',(-32.0812740053088,5.283317985222,13.3));
#7777=CARTESIAN_POINT('Ctrl Pts',(-32.,5.59484032549484,13.3));
#7778=CARTESIAN_POINT('Ctrl Pts',(-32.6735443426859,-5.59523248513616,15.2862173413944));
#7779=CARTESIAN_POINT('Ctrl Pts',(-32.673544342686,-0.0171934380140343,
10.9170242640645));
#7780=CARTESIAN_POINT('Ctrl Pts',(-32.673544342686,5.59484032570786,15.2382757170245));
#7781=CARTESIAN_POINT('Ctrl Pts',(-31.9999999999444,-5.59523248513616,15.2862173413944));
#7782=CARTESIAN_POINT('Ctrl Pts',(-31.9999999999444,-0.0171934380140341,
10.9170242640645));
#7783=CARTESIAN_POINT('Ctrl Pts',(-31.9999999999444,5.59484032570786,15.2382757170245));
#7784=CARTESIAN_POINT('',(-31.9999999999998,-5.59523248513617,15.2862173413944));
#7785=CARTESIAN_POINT('Origin',(-32.,0.0306694453749043,23.1527413035213));
#7786=CARTESIAN_POINT('Ctrl Pts',(-31.9999999999996,-5.59523248513616,15.2862173413944));
#7787=CARTESIAN_POINT('Ctrl Pts',(-32.0144140878156,-5.53998348305866,15.2429416390612));
#7788=CARTESIAN_POINT('Ctrl Pts',(-32.0287390264302,-5.48423390587634,15.2002684246581));
#7789=CARTESIAN_POINT('Ctrl Pts',(-32.1983547009396,-4.81343994698647,14.6986279853024));
#7790=CARTESIAN_POINT('Ctrl Pts',(-32.3409792445708,-4.14207753836459,14.31382270916));
#7791=CARTESIAN_POINT('Ctrl Pts',(-32.5443950982615,-2.82083006921932,13.7662374526021));
#7792=CARTESIAN_POINT('Ctrl Pts',(-32.6135123931027,-2.18808892579138,13.580211672474));
#7793=CARTESIAN_POINT('Ctrl Pts',(-32.6614999139101,-1.28149916859141,13.4195375323191));
#7794=CARTESIAN_POINT('Ctrl Pts',(-32.6696575131577,-1.02409171941816,13.3853008675449));
#7795=CARTESIAN_POINT('Ctrl Pts',(-32.673544342686,-0.605635147550249,13.3480409147018));
#7796=CARTESIAN_POINT('Ctrl Pts',(-32.67283794675,-0.445680425003871,13.3381050706304));
#7797=CARTESIAN_POINT('Ctrl Pts',(-32.6688063386164,-0.22624089514272,13.3303666682196));
#7798=CARTESIAN_POINT('Ctrl Pts',(-32.6674114010617,-0.166949601338622,
13.3288643531298));
#7799=CARTESIAN_POINT('Ctrl Pts',(-32.6646820368739,-0.0718475484965299,
13.3273978940903));
#7800=CARTESIAN_POINT('Ctrl Pts',(-32.6635426564392,-0.0360429989142707,
13.3270602146545));
#7801=CARTESIAN_POINT('Ctrl Pts',(-32.6622914014752,-0.000240515912042018,
13.3269368604686));
#7802=CARTESIAN_POINT('Ctrl Pts',(87.,-0.00104038737368763,16.9));
#7803=CARTESIAN_POINT('Ctrl Pts',(87.,-0.00104038737368763,12.7));
#7804=CARTESIAN_POINT('Ctrl Pts',(86.963919299027,-0.331413329206814,16.9));
#7805=CARTESIAN_POINT('Ctrl Pts',(86.963919299027,-0.331413329206814,12.7));
#7806=CARTESIAN_POINT('Ctrl Pts',(86.8705085563814,-0.996277279189784,16.9));
#7807=CARTESIAN_POINT('Ctrl Pts',(86.8705085563814,-0.996277279189784,12.7));
#7808=CARTESIAN_POINT('Ctrl Pts',(86.6666711666809,-2.0054112702067,16.9));
#7809=CARTESIAN_POINT('Ctrl Pts',(86.6666711666809,-2.0054112702067,12.7));
#7810=CARTESIAN_POINT('Ctrl Pts',(86.2652585683899,-3.36487274974525,16.9));
#7811=CARTESIAN_POINT('Ctrl Pts',(86.2652585683899,-3.36487274974525,12.7));
#7812=CARTESIAN_POINT('Ctrl Pts',(85.5375858920747,-5.03529707598747,16.9));
#7813=CARTESIAN_POINT('Ctrl Pts',(85.5375858920747,-5.03529707598747,12.7));
#7814=CARTESIAN_POINT('Ctrl Pts',(84.5759561908392,-6.61613153046051,16.9));
#7815=CARTESIAN_POINT('Ctrl Pts',(84.5759561908392,-6.61613153046051,12.7));
#7816=CARTESIAN_POINT('Ctrl Pts',(83.3811752745336,-8.05776877052006,16.9));
#7817=CARTESIAN_POINT('Ctrl Pts',(83.3811752745336,-8.05776877052006,12.7));
#7818=CARTESIAN_POINT('Ctrl Pts',(81.9683890658011,-9.3404204011474,16.9));
#7819=CARTESIAN_POINT('Ctrl Pts',(81.9683890658011,-9.3404204011474,12.7));
#7820=CARTESIAN_POINT('Ctrl Pts',(80.3614761230305,-10.4654669668873,16.9));
#7821=CARTESIAN_POINT('Ctrl Pts',(80.3614761230305,-10.4654669668873,12.7));
#7822=CARTESIAN_POINT('Ctrl Pts',(78.5879114566835,-11.4485320102378,16.9));
#7823=CARTESIAN_POINT('Ctrl Pts',(78.5879114566835,-11.4485320102378,12.7));
#7824=CARTESIAN_POINT('Ctrl Pts',(76.6737438321325,-12.3123093596474,16.9));
#7825=CARTESIAN_POINT('Ctrl Pts',(76.6737438321325,-12.3123093596474,12.7));
#7826=CARTESIAN_POINT('Ctrl Pts',(74.637725456721,-13.0787646628147,16.9));
#7827=CARTESIAN_POINT('Ctrl Pts',(74.637725456721,-13.0787646628147,12.7));
#7828=CARTESIAN_POINT('Ctrl Pts',(72.4920371992394,-13.7674761110084,16.9));
#7829=CARTESIAN_POINT('Ctrl Pts',(72.4920371992394,-13.7674761110084,12.7));
#7830=CARTESIAN_POINT('Ctrl Pts',(70.2445777178619,-14.3955146025776,16.9));
#7831=CARTESIAN_POINT('Ctrl Pts',(70.2445777178619,-14.3955146025776,12.7));
#7832=CARTESIAN_POINT('Ctrl Pts',(67.9007455739144,-14.9767596055402,16.9));
#7833=CARTESIAN_POINT('Ctrl Pts',(67.9007455739144,-14.9767596055402,12.7));
#7834=CARTESIAN_POINT('Ctrl Pts',(65.4653467324142,-15.5215158186069,16.9));
#7835=CARTESIAN_POINT('Ctrl Pts',(65.4653467324142,-15.5215158186069,12.7));
#7836=CARTESIAN_POINT('Ctrl Pts',(62.9446623823721,-16.0358164892975,16.9));
#7837=CARTESIAN_POINT('Ctrl Pts',(62.9446623823721,-16.0358164892975,12.7));
#7838=CARTESIAN_POINT('Ctrl Pts',(60.3468407965251,-16.5221924303746,16.9));
#7839=CARTESIAN_POINT('Ctrl Pts',(60.3468407965251,-16.5221924303746,12.7));
#7840=CARTESIAN_POINT('Ctrl Pts',(57.6818448739072,-16.9807824154026,16.9));
#7841=CARTESIAN_POINT('Ctrl Pts',(57.6818448739072,-16.9807824154026,12.7));
#7842=CARTESIAN_POINT('Ctrl Pts',(54.9615491178916,-17.4103192600954,16.9));
#7843=CARTESIAN_POINT('Ctrl Pts',(54.9615491178916,-17.4103192600954,12.7));
#7844=CARTESIAN_POINT('Ctrl Pts',(52.199795451347,-17.8091770369555,16.9));
#7845=CARTESIAN_POINT('Ctrl Pts',(52.199795451347,-17.8091770369555,12.7));
#7846=CARTESIAN_POINT('Ctrl Pts',(49.4124313824843,-18.1763629751838,16.9));
#7847=CARTESIAN_POINT('Ctrl Pts',(49.4124313824843,-18.1763629751838,12.7));
#7848=CARTESIAN_POINT('Ctrl Pts',(46.6174685851045,-18.5126103218322,16.9));
#7849=CARTESIAN_POINT('Ctrl Pts',(46.6174685851045,-18.5126103218322,12.7));
#7850=CARTESIAN_POINT('Ctrl Pts',(43.8331580091472,-18.8200322686142,16.9));
#7851=CARTESIAN_POINT('Ctrl Pts',(43.8331580091472,-18.8200322686142,12.7));
#7852=CARTESIAN_POINT('Ctrl Pts',(41.0758812451449,-19.1016678252203,16.9));
#7853=CARTESIAN_POINT('Ctrl Pts',(41.0758812451449,-19.1016678252203,12.7));
#7854=CARTESIAN_POINT('Ctrl Pts',(38.3581472721838,-19.3610723569672,16.9));
#7855=CARTESIAN_POINT('Ctrl Pts',(38.3581472721838,-19.3610723569672,12.7));
#7856=CARTESIAN_POINT('Ctrl Pts',(35.6864448020194,-19.6018830560781,16.9));
#7857=CARTESIAN_POINT('Ctrl Pts',(35.6864448020194,-19.6018830560781,12.7));
#7858=CARTESIAN_POINT('Ctrl Pts',(33.059364565202,-19.8274142312818,16.9));
#7859=CARTESIAN_POINT('Ctrl Pts',(33.059364565202,-19.8274142312818,12.7));
#7860=CARTESIAN_POINT('Ctrl Pts',(30.4650125681876,-20.040191245281,16.9));
#7861=CARTESIAN_POINT('Ctrl Pts',(30.4650125681876,-20.040191245281,12.7));
#7862=CARTESIAN_POINT('Ctrl Pts',(27.8844130005471,-20.2419883262132,16.9));
#7863=CARTESIAN_POINT('Ctrl Pts',(27.8844130005471,-20.2419883262132,12.7));
#7864=CARTESIAN_POINT('Ctrl Pts',(25.2958852263322,-20.4339483728248,16.9));
#7865=CARTESIAN_POINT('Ctrl Pts',(25.2958852263322,-20.4339483728248,12.7));
#7866=CARTESIAN_POINT('Ctrl Pts',(22.6791066671266,-20.6166743475981,16.9));
#7867=CARTESIAN_POINT('Ctrl Pts',(22.6791066671266,-20.6166743475981,12.7));
#7868=CARTESIAN_POINT('Ctrl Pts',(20.0192321159234,-20.7903287715283,16.9));
#7869=CARTESIAN_POINT('Ctrl Pts',(20.0192321159234,-20.7903287715283,12.7));
#7870=CARTESIAN_POINT('Ctrl Pts',(17.3111772363698,-20.9547358113263,16.9));
#7871=CARTESIAN_POINT('Ctrl Pts',(17.3111772363698,-20.9547358113263,12.7));
#7872=CARTESIAN_POINT('Ctrl Pts',(14.5633336202958,-21.1094620567883,16.9));
#7873=CARTESIAN_POINT('Ctrl Pts',(14.5633336202958,-21.1094620567883,12.7));
#7874=CARTESIAN_POINT('Ctrl Pts',(11.7933264584192,-21.2535930286557,16.9));
#7875=CARTESIAN_POINT('Ctrl Pts',(11.7933264584192,-21.2535930286557,12.7));
#7876=CARTESIAN_POINT('Ctrl Pts',(9.02430624398103,-21.3855290751347,16.9));
#7877=CARTESIAN_POINT('Ctrl Pts',(9.02430624398103,-21.3855290751347,12.7));
#7878=CARTESIAN_POINT('Ctrl Pts',(6.28103109824511,-21.5027723462172,16.9));
#7879=CARTESIAN_POINT('Ctrl Pts',(6.28103109824511,-21.5027723462172,12.7));
#7880=CARTESIAN_POINT('Ctrl Pts',(3.58608732330347,-21.6017172736697,16.9));
#7881=CARTESIAN_POINT('Ctrl Pts',(3.58608732330347,-21.6017172736697,12.7));
#7882=CARTESIAN_POINT('Ctrl Pts',(0.955944344317935,-21.6774350107738,16.9));
#7883=CARTESIAN_POINT('Ctrl Pts',(0.955944344317935,-21.6774350107738,12.7));
#7884=CARTESIAN_POINT('Ctrl Pts',(-1.60263298701734,-21.7234645935911,16.9));
#7885=CARTESIAN_POINT('Ctrl Pts',(-1.60263298701734,-21.7234645935911,12.7));
#7886=CARTESIAN_POINT('Ctrl Pts',(-4.08947771366702,-21.7315910688438,16.9));
#7887=CARTESIAN_POINT('Ctrl Pts',(-4.08947771366702,-21.7315910688438,12.7));
#7888=CARTESIAN_POINT('Ctrl Pts',(-6.50828846068569,-21.6916613182535,16.9));
#7889=CARTESIAN_POINT('Ctrl Pts',(-6.50828846068569,-21.6916613182535,12.7));
#7890=CARTESIAN_POINT('Ctrl Pts',(-8.8636631874706,-21.5913047939841,16.9));
#7891=CARTESIAN_POINT('Ctrl Pts',(-8.8636631874706,-21.5913047939841,12.7));
#7892=CARTESIAN_POINT('Ctrl Pts',(-11.1584708624891,-21.4158688109063,16.9));
#7893=CARTESIAN_POINT('Ctrl Pts',(-11.1584708624891,-21.4158688109063,12.7));
#7894=CARTESIAN_POINT('Ctrl Pts',(-13.3904914388673,-21.1478148183127,16.9));
#7895=CARTESIAN_POINT('Ctrl Pts',(-13.3904914388673,-21.1478148183127,12.7));
#7896=CARTESIAN_POINT('Ctrl Pts',(-15.5520119478173,-20.7683199820723,16.9));
#7897=CARTESIAN_POINT('Ctrl Pts',(-15.5520119478173,-20.7683199820723,12.7));
#7898=CARTESIAN_POINT('Ctrl Pts',(-17.6314339911346,-20.2602852408729,16.9));
#7899=CARTESIAN_POINT('Ctrl Pts',(-17.6314339911346,-20.2602852408729,12.7));
#7900=CARTESIAN_POINT('Ctrl Pts',(-19.6142576028981,-19.6110783496845,16.9));
#7901=CARTESIAN_POINT('Ctrl Pts',(-19.6142576028981,-19.6110783496845,12.7));
#7902=CARTESIAN_POINT('Ctrl Pts',(-21.4843630366105,-18.8150636197738,16.9));
#7903=CARTESIAN_POINT('Ctrl Pts',(-21.4843630366105,-18.8150636197738,12.7));
#7904=CARTESIAN_POINT('Ctrl Pts',(-23.2250385811818,-17.8771013551883,16.9));
#7905=CARTESIAN_POINT('Ctrl Pts',(-23.2250385811818,-17.8771013551883,12.7));
#7906=CARTESIAN_POINT('Ctrl Pts',(-24.8212944456573,-16.8087650434801,16.9));
#7907=CARTESIAN_POINT('Ctrl Pts',(-24.8212944456573,-16.8087650434801,12.7));
#7908=CARTESIAN_POINT('Ctrl Pts',(-26.2627959110693,-15.6223067491226,16.9));
#7909=CARTESIAN_POINT('Ctrl Pts',(-26.2627959110693,-15.6223067491226,12.7));
#7910=CARTESIAN_POINT('Ctrl Pts',(-27.54600202551,-14.3261900625521,16.9));
#7911=CARTESIAN_POINT('Ctrl Pts',(-27.54600202551,-14.3261900625521,12.7));
#7912=CARTESIAN_POINT('Ctrl Pts',(-28.6780736753438,-12.9180639973142,16.9));
#7913=CARTESIAN_POINT('Ctrl Pts',(-28.6780736753438,-12.9180639973142,12.7));
#7914=CARTESIAN_POINT('Ctrl Pts',(-29.6740633218484,-11.3867730792716,16.9));
#7915=CARTESIAN_POINT('Ctrl Pts',(-29.6740633218484,-11.3867730792716,12.7));
#7916=CARTESIAN_POINT('Ctrl Pts',(-30.5475515677137,-9.72291420096133,16.9));
#7917=CARTESIAN_POINT('Ctrl Pts',(-30.5475515677137,-9.72291420096133,12.7));
#7918=CARTESIAN_POINT('Ctrl Pts',(-31.3041676524937,-7.92582291658789,16.9));
#7919=CARTESIAN_POINT('Ctrl Pts',(-31.3041676524937,-7.92582291658789,12.7));
#7920=CARTESIAN_POINT('Ctrl Pts',(-31.9315210432043,-6.01474842046359,16.9));
#7921=CARTESIAN_POINT('Ctrl Pts',(-31.9315210432043,-6.01474842046359,12.7));
#7922=CARTESIAN_POINT('Ctrl Pts',(-32.3993493494858,-4.02842157674467,16.9));
#7923=CARTESIAN_POINT('Ctrl Pts',(-32.3993493494858,-4.02842157674467,12.7));
#7924=CARTESIAN_POINT('Ctrl Pts',(-32.6179871926736,-2.41365847498294,16.9));
#7925=CARTESIAN_POINT('Ctrl Pts',(-32.6179871926736,-2.41365847498294,12.7));
#7926=CARTESIAN_POINT('Ctrl Pts',(-32.6809829750977,-1.20437543193911,16.9));
#7927=CARTESIAN_POINT('Ctrl Pts',(-32.6809829750977,-1.20437543193911,12.7));
#7928=CARTESIAN_POINT('Ctrl Pts',(-32.6763019579246,-0.401128203525769,
16.9));
#7929=CARTESIAN_POINT('Ctrl Pts',(-32.6763019579246,-0.401128203525769,
12.7));
#7930=CARTESIAN_POINT('Ctrl Pts',(-32.6622914014752,-0.000240515912042025,
16.9));
#7931=CARTESIAN_POINT('Ctrl Pts',(-32.6622914014752,-0.000240515912042025,
12.7));
#7932=CARTESIAN_POINT('',(-31.9999999999865,-5.59523248523849,13.3));
#7933=CARTESIAN_POINT('Ctrl Pts',(-31.9999999999998,-5.59523248513617,15.2862173413944));
#7934=CARTESIAN_POINT('Ctrl Pts',(-31.9999999999998,-5.59523248513617,15.1241448942613));
#7935=CARTESIAN_POINT('Ctrl Pts',(-32.,-5.59523248513463,14.9620724471282));
#7936=CARTESIAN_POINT('Ctrl Pts',(-32.,-5.59523248513463,14.2999999999933));
#7937=CARTESIAN_POINT('Ctrl Pts',(-32.,-5.59523248513463,13.7999999999915));
#7938=CARTESIAN_POINT('Ctrl Pts',(-32.,-5.59523248513463,13.2999999999897));
#7939=CARTESIAN_POINT('Ctrl Pts',(-31.9999999999729,-5.59523248523849,13.3));
#7940=CARTESIAN_POINT('Ctrl Pts',(-32.3919091142552,-4.09305019350331,13.3));
#7941=CARTESIAN_POINT('Ctrl Pts',(-32.7383138193295,-2.17548968681685,13.3));
#7942=CARTESIAN_POINT('Ctrl Pts',(-32.6622914014752,-0.000240515912042025,
13.3));
#7943=CARTESIAN_POINT('Ctrl Pts',(-32.6622914014752,-0.000240515912042025,
13.3));
#7944=CARTESIAN_POINT('Ctrl Pts',(-32.6622914014752,-0.000240515912042025,
12.6298366799443));
#7945=CARTESIAN_POINT('Ctrl Pts',(-32.6384205061846,-0.000240404780112017,
11.9721488842094));
#7946=CARTESIAN_POINT('Ctrl Pts',(-32.5906787156034,-0.000240182516252001,
11.3269366127952));
#7947=CARTESIAN_POINT('Ctrl Pts',(-32.7275604365622,1.86710427367453,13.3));
#7948=CARTESIAN_POINT('Ctrl Pts',(-32.7275604365622,1.86710427367453,12.6298366799443));
#7949=CARTESIAN_POINT('Ctrl Pts',(-32.7036690434603,1.8662311144393,11.9721488842094));
#7950=CARTESIAN_POINT('Ctrl Pts',(-32.6558572767532,1.86451615092168,11.3269366127952));
#7951=CARTESIAN_POINT('Ctrl Pts',(-32.4763073876549,3.76915951245142,13.3));
#7952=CARTESIAN_POINT('Ctrl Pts',(-32.4763073876549,3.76915951245142,12.6298366799443));
#7953=CARTESIAN_POINT('Ctrl Pts',(-32.452546586761,3.76739274694822,11.9721488842094));
#7954=CARTESIAN_POINT('Ctrl Pts',(-32.4050023884798,3.76388339671775,11.3269366127952));
#7955=CARTESIAN_POINT('Ctrl Pts',(-32.,5.59484032549488,13.3));
#7956=CARTESIAN_POINT('Ctrl Pts',(-32.,5.59484032549488,12.6298366799443));
#7957=CARTESIAN_POINT('Ctrl Pts',(-31.9764814889601,5.59221135589952,11.9721488842094));
#7958=CARTESIAN_POINT('Ctrl Pts',(-31.9294392878322,5.58695831308964,11.3269366127952));
#7959=CARTESIAN_POINT('',(-31.9999999999966,5.59434924337476,13.2156173843806));
#7960=CARTESIAN_POINT('Ctrl Pts',(-31.9999999998313,5.59434924358282,13.2156173843806));
#7961=CARTESIAN_POINT('Ctrl Pts',(-31.9999999995617,5.59467688616303,13.2437433845235));
#7962=CARTESIAN_POINT('Ctrl Pts',(-32.,5.59484032549488,13.2718716035481));
#7963=CARTESIAN_POINT('Ctrl Pts',(-32.,5.59484032549488,13.3));
#7964=CARTESIAN_POINT('',(-32.5906787339304,-0.000240182516337323,11.3269368604775));
#7965=CARTESIAN_POINT('Ctrl Pts',(-32.6622914014752,-0.000240515912042025,
13.3));
#7966=CARTESIAN_POINT('Ctrl Pts',(-32.6622914014752,-0.000240515912042025,
12.6298367656978));
#7967=CARTESIAN_POINT('Ctrl Pts',(-32.6384205122936,-0.000240404780140458,
11.9721490525236));
#7968=CARTESIAN_POINT('Ctrl Pts',(-32.5906787339304,-0.000240182516337323,
11.3269368604775));
#7969=CARTESIAN_POINT('Ctrl Pts',(-31.9999999999932,5.59434924337476,13.2156173843806));
#7970=CARTESIAN_POINT('Ctrl Pts',(-32.2182354651552,4.75051386511196,12.5917316735561));
#7971=CARTESIAN_POINT('Ctrl Pts',(-32.3906122095123,3.80976621098656,12.0963268717667));
#7972=CARTESIAN_POINT('Ctrl Pts',(-32.5455429287939,2.30527723911779,11.611072975131));
#7973=CARTESIAN_POINT('Ctrl Pts',(-32.5794898635338,1.80203963984676,11.4936681233738));
#7974=CARTESIAN_POINT('Ctrl Pts',(-32.6067717925236,0.862390417982426,11.3579868634712));
#7975=CARTESIAN_POINT('Ctrl Pts',(-32.6057736413342,0.43162510973223,11.3269366127952));
#7976=CARTESIAN_POINT('Ctrl Pts',(-32.5906787339304,-0.000240182516337423,
11.3269368604775));
#7977=CARTESIAN_POINT('Ctrl Pts',(-31.9999999999729,-5.59523248523849,13.3));
#7978=CARTESIAN_POINT('Ctrl Pts',(-31.9999999999729,-5.59523248523849,12.6298367656978));
#7979=CARTESIAN_POINT('Ctrl Pts',(-31.9764814937541,-5.59260333653176,11.9721490525236));
#7980=CARTESIAN_POINT('Ctrl Pts',(-31.929439302404,-5.58734993533912,11.3269368604775));
#7981=CARTESIAN_POINT('Ctrl Pts',(-32.4763003814767,-3.76957961683816,13.3));
#7982=CARTESIAN_POINT('Ctrl Pts',(-32.4763003814767,-3.76957961683816,12.6298367656978));
#7983=CARTESIAN_POINT('Ctrl Pts',(-32.4525395887902,-3.76781265902176,11.9721490525236));
#7984=CARTESIAN_POINT('Ctrl Pts',(-32.4049954078011,-3.76430292304594,11.3269368604775));
#7985=CARTESIAN_POINT('Ctrl Pts',(-32.7275519027701,-1.86755617549939,13.3));
#7986=CARTESIAN_POINT('Ctrl Pts',(-32.7275519027701,-1.86755617549939,12.6298367656978));
#7987=CARTESIAN_POINT('Ctrl Pts',(-32.7036605192694,-1.8666828082588,11.9721490525236));
#7988=CARTESIAN_POINT('Ctrl Pts',(-32.6558487731405,-1.86496742699658,11.3269368604775));
#7989=CARTESIAN_POINT('Ctrl Pts',(-32.6622914014759,-0.000240515931295959,
13.3));
#7990=CARTESIAN_POINT('Ctrl Pts',(-32.6622914014759,-0.000240515931295959,
12.6298367656978));
#7991=CARTESIAN_POINT('Ctrl Pts',(-32.6384205122942,-0.000240404799385495,
11.9721490525236));
#7992=CARTESIAN_POINT('Ctrl Pts',(-32.590678733931,-0.000240182535564568,
11.3269368604775));
#7993=CARTESIAN_POINT('',(-31.9999999999995,-5.59474072551752,13.2155593066653));
#7994=CARTESIAN_POINT('Ctrl Pts',(-32.,-5.59523248513466,13.3));
#7995=CARTESIAN_POINT('Ctrl Pts',(-32.,-5.59523248513466,13.2718522480112));
#7996=CARTESIAN_POINT('Ctrl Pts',(-31.9999999995724,-5.59506882052582,13.2437046686642));
#7997=CARTESIAN_POINT('Ctrl Pts',(-31.9999999998364,-5.59474072572687,13.2155593066653));
#7998=CARTESIAN_POINT('Ctrl Pts',(-32.590678733931,-0.000240182535564404,
11.3269368604775));
#7999=CARTESIAN_POINT('Ctrl Pts',(-32.6097309693432,-0.545386076765498,
11.3269371731293));
#8000=CARTESIAN_POINT('Ctrl Pts',(-32.6062683490654,-1.08819021567092,11.3764054473646));
#8001=CARTESIAN_POINT('Ctrl Pts',(-32.5478493329319,-2.37453342662728,11.6113035698931));
#8002=CARTESIAN_POINT('Ctrl Pts',(-32.4736377190479,-3.10022915713782,11.8412244717503));
#8003=CARTESIAN_POINT('Ctrl Pts',(-32.2695355822054,-4.4309997689273,12.4432273542719));
#8004=CARTESIAN_POINT('Ctrl Pts',(-32.1448110834397,-5.03480712330682,12.8015832684925));
#8005=CARTESIAN_POINT('Ctrl Pts',(-31.9999999999989,-5.59474072551752,13.2155593066653));
#8006=CARTESIAN_POINT('Ctrl Pts',(-34.5,-10.3153310229456,23.5));
#8007=CARTESIAN_POINT('Ctrl Pts',(-34.5,-10.4942623850857,16.5201380653885));
#8008=CARTESIAN_POINT('Ctrl Pts',(-34.5,-5.24724870149841,12.9696688247162));
#8009=CARTESIAN_POINT('Ctrl Pts',(-34.5,-0.000235017911114495,9.41919958404395));
#8010=CARTESIAN_POINT('Ctrl Pts',(-34.5,5.24677866567617,12.9696688247162));
#8011=CARTESIAN_POINT('Ctrl Pts',(-34.5,10.4937923492635,16.5201380653885));
#8012=CARTESIAN_POINT('Ctrl Pts',(-34.5,10.3148609871234,23.5));
#8013=CARTESIAN_POINT('Ctrl Pts',(-31.9999999999932,-10.3153310229456,23.5));
#8014=CARTESIAN_POINT('Ctrl Pts',(-31.9999999999932,-10.4942623850857,16.5201380653885));
#8015=CARTESIAN_POINT('Ctrl Pts',(-31.9999999999932,-5.24724870149841,12.9696688247162));
#8016=CARTESIAN_POINT('Ctrl Pts',(-31.9999999999932,-0.000235017911114495,
9.41919958404395));
#8017=CARTESIAN_POINT('Ctrl Pts',(-31.9999999999932,5.24677866567617,12.9696688247162));
#8018=CARTESIAN_POINT('Ctrl Pts',(-31.9999999999932,10.4937923492635,16.5201380653885));
#8019=CARTESIAN_POINT('Ctrl Pts',(-31.9999999999932,10.3148609871234,23.5));
#8020=CARTESIAN_POINT('Origin',(-32.,-0.000235017911116141,23.1527413224608));
#8021=CARTESIAN_POINT('Origin',(-32.,-0.000235017911116141,23.1527413224608));
#8022=CARTESIAN_POINT('Ctrl Pts',(-33.,-14.9779828546153,23.5));
#8023=CARTESIAN_POINT('Ctrl Pts',(-33.,-15.4692848944621,12.9839327982501));
#8024=CARTESIAN_POINT('Ctrl Pts',(-33.,-7.73474988421322,7.55342472474141));
#8025=CARTESIAN_POINT('Ctrl Pts',(-33.,-0.00021487396434276,2.12291665123273));
#8026=CARTESIAN_POINT('Ctrl Pts',(-33.,7.73432013628453,7.5534247247414));
#8027=CARTESIAN_POINT('Ctrl Pts',(-33.,15.4688551465334,12.9839327982501));
#8028=CARTESIAN_POINT('Ctrl Pts',(-33.,14.9775531066866,23.5));
#8029=CARTESIAN_POINT('Ctrl Pts',(-32.,-14.9779828546153,23.5));
#8030=CARTESIAN_POINT('Ctrl Pts',(-32.,-15.4692848944621,12.9839327982501));
#8031=CARTESIAN_POINT('Ctrl Pts',(-32.,-7.73474988421322,7.55342472474141));
#8032=CARTESIAN_POINT('Ctrl Pts',(-32.,-0.00021487396434276,2.12291665123273));
#8033=CARTESIAN_POINT('Ctrl Pts',(-32.,7.73432013628453,7.5534247247414));
#8034=CARTESIAN_POINT('Ctrl Pts',(-32.,15.4688551465334,12.9839327982501));
#8035=CARTESIAN_POINT('Ctrl Pts',(-32.,14.9775531066866,23.5));
#8036=CARTESIAN_POINT('Origin',(-32.,-0.000214873964342719,22.547563802493));
#8037=CARTESIAN_POINT('Origin',(-32.,-0.000214873964342719,22.547563802493));
#8038=CARTESIAN_POINT('Origin',(-42.,-2.00023035940481,40.));
#8039=CARTESIAN_POINT('Origin',(-38.5,15.0885369404915,40.));
#8040=CARTESIAN_POINT('',(-38.5,1.9997696405952,40.));
#8041=CARTESIAN_POINT('Origin',(-38.5,1.9997696405952,40.));
#8042=CARTESIAN_POINT('Origin',(-67.5,1.9997696405952,40.));
#8043=CARTESIAN_POINT('',(-67.5,1.9997696405952,40.));
#8044=CARTESIAN_POINT('Origin',(-64.,1.9997696405952,40.));
#8045=CARTESIAN_POINT('Origin',(-50.5,1.9997696405952,40.));
#8046=CARTESIAN_POINT('',(-50.5,1.9997696405952,40.));
#8047=CARTESIAN_POINT('Origin',(-47.,1.9997696405952,40.));
#8048=CARTESIAN_POINT('Origin',(-59.,1.9997696405952,40.));
#8049=CARTESIAN_POINT('',(-59.,1.9997696405952,40.));
#8050=CARTESIAN_POINT('Origin',(-55.5,1.9997696405952,40.));
#8051=CARTESIAN_POINT('Origin',(-72.5,15.0885679113724,40.));
#8052=CARTESIAN_POINT('Origin',(-63.8574065988597,-0.0002148739643415,23.5));
#8053=UNCERTAINTY_MEASURE_WITH_UNIT(LENGTH_MEASURE(0.01),#8057,
'DISTANCE_ACCURACY_VALUE',
'Maximum model space distance between geometric entities at asserted c
onnectivities');
#8054=UNCERTAINTY_MEASURE_WITH_UNIT(LENGTH_MEASURE(0.01),#8057,
'DISTANCE_ACCURACY_VALUE',
'Maximum model space distance between geometric entities at asserted c
onnectivities');
#8055=(
GEOMETRIC_REPRESENTATION_CONTEXT(3)
GLOBAL_UNCERTAINTY_ASSIGNED_CONTEXT((#8053))
GLOBAL_UNIT_ASSIGNED_CONTEXT((#8057,#8058,#8059))
REPRESENTATION_CONTEXT('','3D')
);
#8056=(
GEOMETRIC_REPRESENTATION_CONTEXT(3)
GLOBAL_UNCERTAINTY_ASSIGNED_CONTEXT((#8054))
GLOBAL_UNIT_ASSIGNED_CONTEXT((#8057,#8058,#8059))
REPRESENTATION_CONTEXT('','3D')
);
#8057=(
LENGTH_UNIT()
NAMED_UNIT(*)
SI_UNIT(.MILLI.,.METRE.)
);
#8058=(
NAMED_UNIT(*)
PLANE_ANGLE_UNIT()
SI_UNIT($,.RADIAN.)
);
#8059=(
NAMED_UNIT(*)
SI_UNIT($,.STERADIAN.)
SOLID_ANGLE_UNIT()
);
#8060=SHAPE_DEFINITION_REPRESENTATION(#8061,#8062);
#8061=PRODUCT_DEFINITION_SHAPE('',$,#8064);
#8062=SHAPE_REPRESENTATION('',(#2473),#8055);
#8063=PRODUCT_DEFINITION_CONTEXT('part definition',#8068,'design');
#8064=PRODUCT_DEFINITION('pez_semana_15_colagrande',
'pez_semana_15_colagrande v10',#8065,#8063);
#8065=PRODUCT_DEFINITION_FORMATION('',$,#8070);
#8066=PRODUCT_RELATED_PRODUCT_CATEGORY('pez_semana_15_colagrande v10',
'pez_semana_15_colagrande v10',(#8070));
#8067=APPLICATION_PROTOCOL_DEFINITION('international standard',
'automotive_design',2009,#8068);
#8068=APPLICATION_CONTEXT(
'Core Data for Automotive Mechanical Design Process');
#8069=PRODUCT_CONTEXT('part definition',#8068,'mechanical');
#8070=PRODUCT('pez_semana_15_colagrande','pez_semana_15_colagrande v10',
$,(#8069));
#8071=PRESENTATION_STYLE_ASSIGNMENT((#8073));
#8072=PRESENTATION_STYLE_ASSIGNMENT((#8074));
#8073=SURFACE_STYLE_USAGE(.BOTH.,#8075);
#8074=SURFACE_STYLE_USAGE(.BOTH.,#8076);
#8075=SURFACE_SIDE_STYLE('',(#8077));
#8076=SURFACE_SIDE_STYLE('',(#8078));
#8077=SURFACE_STYLE_FILL_AREA(#8079);
#8078=SURFACE_STYLE_FILL_AREA(#8080);
#8079=FILL_AREA_STYLE('Steel - Satin',(#8081));
#8080=FILL_AREA_STYLE('Glass - Frosted Light',(#8082));
#8081=FILL_AREA_STYLE_COLOUR('Steel - Satin',#8083);
#8082=FILL_AREA_STYLE_COLOUR('Glass - Frosted Light',#8084);
#8083=COLOUR_RGB('Steel - Satin',0.627450980392157,0.627450980392157,0.627450980392157);
#8084=COLOUR_RGB('Glass - Frosted Light',0.964705882352941,0.964705882352941,
0.952941176470588);
ENDSEC;
END-ISO-10303-21;
