ISO-10303-21;
HEADER;
/* Generated by software containing ST-Developer
 * from STEP Tools, Inc. (www.steptools.com) 
 */

FILE_DESCRIPTION(
/* description */ (''),
/* implementation_level */ '2;1');

FILE_NAME(
/* name */ 'silicone_tail.step',
/* time_stamp */ '2026-08-19T10:21:45-05:00',
/* author */ (''),
/* organization */ (''),
/* preprocessor_version */ 'ST-DEVELOPER v20.1',
/* originating_system */ 'Autodesk Translation Framework v15.8.0.0',
/* authorisation */ '');

FILE_SCHEMA (('AUTOMOTIVE_DESIGN { 1 0 10303 214 3 1 1 }'));
ENDSEC;

DATA;
#10=MECHANICAL_DESIGN_GEOMETRIC_PRESENTATION_REPRESENTATION('',(#17),#2707);
#11=ITEM_DEFINED_TRANSFORMATION($,$,#897,#953);
#12=(
REPRESENTATION_RELATIONSHIP($,$,#2718,#2717)
REPRESENTATION_RELATIONSHIP_WITH_TRANSFORMATION(#11)
SHAPE_REPRESENTATION_RELATIONSHIP()
);
#13=CONTEXT_DEPENDENT_SHAPE_REPRESENTATION(#12,#2716);
#14=NEXT_ASSEMBLY_USAGE_OCCURRENCE('Component19:1','Component19:1',
'Component19:1',#2720,#2721,'Component19:1');
#15=SHAPE_REPRESENTATION_RELATIONSHIP('SRR','None',#2718,#16);
#16=ADVANCED_BREP_SHAPE_REPRESENTATION('',(#18),#2706);
#17=STYLED_ITEM('',(#2732),#18);
#18=MANIFOLD_SOLID_BREP('Body1',#883);
#19=(
BOUNDED_CURVE()
B_SPLINE_CURVE(5,(#1572,#1573,#1574,#1575,#1576,#1577,#1578,#1579),
 .UNSPECIFIED.,.F.,.F.)
B_SPLINE_CURVE_WITH_KNOTS((6,1,1,6),(0.,0.0166666666666667,0.0333333333333333,
0.0465802545112459),.UNSPECIFIED.)
CURVE()
GEOMETRIC_REPRESENTATION_ITEM()
RATIONAL_B_SPLINE_CURVE((1.,1.,1.,1.,1.,1.,1.,1.))
REPRESENTATION_ITEM('')
);
#20=(
BOUNDED_SURFACE()
B_SPLINE_SURFACE(5,1,((#1531,#1532),(#1533,#1534),(#1535,#1536),(#1537,
#1538),(#1539,#1540),(#1541,#1542),(#1543,#1544),(#1545,#1546),(#1547,#1548),
(#1549,#1550),(#1551,#1552),(#1553,#1554),(#1555,#1556),(#1557,#1558),(#1559,
#1560),(#1561,#1562)),.UNSPECIFIED.,.F.,.F.,.F.)
B_SPLINE_SURFACE_WITH_KNOTS((6,1,1,1,1,1,1,1,1,1,1,6),(2,2),(0.,0.0166666666666667,
0.0333333333333333,0.05,0.0666666666666667,0.0833333333333333,0.1,0.116666666666667,
0.133333333333333,0.15,0.166666666666667,0.177732276638539),(0.,0.3),
 .UNSPECIFIED.)
GEOMETRIC_REPRESENTATION_ITEM()
RATIONAL_B_SPLINE_SURFACE(((1.,1.),(1.,1.),(1.,1.),(1.,1.),(1.,1.),(1.,
1.),(1.,1.),(1.,1.),(1.,1.),(1.,1.),(1.,1.),(1.,1.),(1.,1.),(1.,1.),(1.,
1.),(1.,1.)))
REPRESENTATION_ITEM('')
SURFACE()
);
#21=(
BOUNDED_SURFACE()
B_SPLINE_SURFACE(1,2,((#1594,#1595,#1596),(#1597,#1598,#1599)),
 .UNSPECIFIED.,.F.,.F.,.F.)
B_SPLINE_SURFACE_WITH_KNOTS((2,2),(3,3),(0.000148145572602038,0.0686962931114256),
(2.49908241141867,3.77591537899477),.UNSPECIFIED.)
GEOMETRIC_REPRESENTATION_ITEM()
RATIONAL_B_SPLINE_SURFACE(((1.,0.803040420515371,1.),(1.,0.803040420515371,
1.)))
REPRESENTATION_ITEM('')
SURFACE()
);
#22=(
BOUNDED_SURFACE()
B_SPLINE_SURFACE(5,1,((#1618,#1619),(#1620,#1621),(#1622,#1623),(#1624,
#1625),(#1626,#1627),(#1628,#1629),(#1630,#1631),(#1632,#1633),(#1634,#1635),
(#1636,#1637),(#1638,#1639),(#1640,#1641),(#1642,#1643),(#1644,#1645),(#1646,
#1647),(#1648,#1649),(#1650,#1651),(#1652,#1653),(#1654,#1655),(#1656,#1657),
(#1658,#1659),(#1660,#1661),(#1662,#1663),(#1664,#1665),(#1666,#1667),(#1668,
#1669),(#1670,#1671),(#1672,#1673),(#1674,#1675),(#1676,#1677),(#1678,#1679),
(#1680,#1681),(#1682,#1683),(#1684,#1685),(#1686,#1687),(#1688,#1689),(#1690,
#1691),(#1692,#1693),(#1694,#1695),(#1696,#1697),(#1698,#1699),(#1700,#1701),
(#1702,#1703),(#1704,#1705),(#1706,#1707),(#1708,#1709),(#1710,#1711),(#1712,
#1713),(#1714,#1715),(#1716,#1717),(#1718,#1719),(#1720,#1721),(#1722,#1723),
(#1724,#1725),(#1726,#1727),(#1728,#1729),(#1730,#1731),(#1732,#1733),(#1734,
#1735),(#1736,#1737),(#1738,#1739),(#1740,#1741),(#1742,#1743),(#1744,#1745),
(#1746,#1747)),.UNSPECIFIED.,.F.,.F.,.F.)
B_SPLINE_SURFACE_WITH_KNOTS((6,1,1,1,1,1,1,1,1,1,1,1,1,1,1,1,1,1,1,1,1,
1,1,1,1,1,1,1,1,1,1,1,1,1,1,1,1,1,1,1,1,1,1,1,1,1,1,1,1,1,1,1,1,1,1,1,1,
1,1,1,6),(2,2),(-0.999989509426445,-0.983333333333335,-0.966666666666668,
-0.950000000000001,-0.933333333333335,-0.916666666666668,-0.900000000000001,
-0.883333333333334,-0.866666666666668,-0.850000000000001,-0.833333333333334,
-0.816666666666668,-0.800000000000001,-0.783333333333334,-0.766666666666667,
-0.750000000000001,-0.733333333333334,-0.716666666666667,-0.700000000000001,
-0.683333333333334,-0.666666666666667,-0.65,-0.633333333333334,-0.616666666666667,
-0.6,-0.583333333333333,-0.566666666666667,-0.55,-0.533333333333333,-0.516666666666667,
-0.5,-0.483333333333333,-0.466666666666667,-0.45,-0.433333333333333,-0.416666666666667,
-0.4,-0.383333333333333,-0.366666666666667,-0.35,-0.333333333333333,-0.316666666666667,
-0.3,-0.283333333333333,-0.266666666666667,-0.25,-0.233333333333333,-0.216666666666667,
-0.2,-0.183333333333333,-0.166666666666667,-0.15,-0.133333333333333,-0.116666666666667,
-0.1,-0.0833333333333333,-0.0666666666666667,-0.05,-0.0333333333333333,
-0.0166666666666667,0.),(-0.0599999999999998,0.36),.UNSPECIFIED.)
GEOMETRIC_REPRESENTATION_ITEM()
RATIONAL_B_SPLINE_SURFACE(((1.,1.),(1.,1.),(1.,1.),(1.,1.),(1.,1.),(1.,
1.),(1.,1.),(1.,1.),(1.,1.),(1.,1.),(1.,1.),(1.,1.),(1.,1.),(1.,1.),(1.,
1.),(1.,1.),(1.,1.),(1.,1.),(1.,1.),(1.,1.),(1.,1.),(1.,1.),(1.,1.),(1.,
1.),(1.,1.),(1.,1.),(1.,1.),(1.,1.),(1.,1.),(1.,1.),(1.,1.),(1.,1.),(1.,
1.),(1.,1.),(1.,1.),(1.,1.),(1.,1.),(1.,1.),(1.,1.),(1.,1.),(1.,1.),(1.,
1.),(1.,1.),(1.,1.),(1.,1.),(1.,1.),(1.,1.),(1.,1.),(1.,1.),(1.,1.),(1.,
1.),(1.,1.),(1.,1.),(1.,1.),(1.,1.),(1.,1.),(1.,1.),(1.,1.),(1.,1.),(1.,
1.),(1.,1.),(1.,1.),(1.,1.),(1.,1.),(1.,1.)))
REPRESENTATION_ITEM('')
SURFACE()
);
#23=(
BOUNDED_SURFACE()
B_SPLINE_SURFACE(1,2,((#1822,#1823,#1824,#1825,#1826,#1827,#1828,#1829,
#1830),(#1831,#1832,#1833,#1834,#1835,#1836,#1837,#1838,#1839)),
 .UNSPECIFIED.,.F.,.T.,.F.)
B_SPLINE_SURFACE_WITH_KNOTS((2,2),(3,2,2,2,3),(-0.126841265202879,0.0845608434691585),
(-3.14159265358979,-1.5707963267949,0.,1.5707963267949,3.14159265358979),
 .UNSPECIFIED.)
GEOMETRIC_REPRESENTATION_ITEM()
RATIONAL_B_SPLINE_SURFACE(((1.,0.707106781186548,1.,0.707106781186548,1.,
0.707106781186548,1.,0.707106781186548,1.),(1.,0.707106781186548,1.,0.707106781186548,
1.,0.707106781186548,1.,0.707106781186548,1.)))
REPRESENTATION_ITEM('')
SURFACE()
);
#24=(
BOUNDED_SURFACE()
B_SPLINE_SURFACE(1,2,((#1847,#1848,#1849,#1850,#1851,#1852,#1853,#1854,
#1855),(#1856,#1857,#1858,#1859,#1860,#1861,#1862,#1863,#1864)),
 .UNSPECIFIED.,.F.,.T.,.F.)
B_SPLINE_SURFACE_WITH_KNOTS((2,2),(3,2,2,2,3),(0.,0.0571428571428572),(-3.14159265358979,
-1.5707963267949,0.,1.5707963267949,3.14159265358979),.UNSPECIFIED.)
GEOMETRIC_REPRESENTATION_ITEM()
RATIONAL_B_SPLINE_SURFACE(((1.,0.707106781186548,1.,0.707106781186548,1.,
0.707106781186548,1.,0.707106781186548,1.),(1.,0.707106781186548,1.,0.707106781186548,
1.,0.707106781186548,1.,0.707106781186548,1.)))
REPRESENTATION_ITEM('')
SURFACE()
);
#25=ELLIPSE('',#910,6.45975652722204,2.);
#26=ELLIPSE('',#911,6.45975652722204,2.);
#27=ELLIPSE('',#912,9.8258576916329,9.38891203732509);
#28=ELLIPSE('',#913,11.8258044619848,10.3195460979271);
#29=ELLIPSE('',#914,11.8258044619848,10.3195460979271);
#30=ELLIPSE('',#915,11.8258044619848,10.3195460979271);
#31=ELLIPSE('',#917,17.5,15.);
#32=ELLIPSE('',#918,17.5,15.);
#33=ELLIPSE('',#919,17.5,15.);
#34=CYLINDRICAL_SURFACE('',#904,0.749999999999993);
#35=CYLINDRICAL_SURFACE('',#905,0.749999999999993);
#36=B_SPLINE_SURFACE_WITH_KNOTS('',3,3,((#1171,#1172,#1173,#1174),(#1175,
#1176,#1177,#1178),(#1179,#1180,#1181,#1182),(#1183,#1184,#1185,#1186),
(#1187,#1188,#1189,#1190)),.UNSPECIFIED.,.F.,.F.,.F.,(4,1,4),(4,4),(0.266182966116646,
0.580675980638083,1.),(8.29854399654009,8.35762612902312),.UNSPECIFIED.);
#37=B_SPLINE_SURFACE_WITH_KNOTS('',3,3,((#1210,#1211,#1212,#1213),(#1214,
#1215,#1216,#1217),(#1218,#1219,#1220,#1221),(#1222,#1223,#1224,#1225),
(#1226,#1227,#1228,#1229)),.UNSPECIFIED.,.F.,.F.,.F.,(4,1,4),(4,4),(0.266328091365476,
0.580758909351701,1.),(-0.0614387405840575,-0.00236315977570811),
 .UNSPECIFIED.);
#38=B_SPLINE_SURFACE_WITH_KNOTS('',3,3,((#1274,#1275,#1276,#1277),(#1278,
#1279,#1280,#1281),(#1282,#1283,#1284,#1285),(#1286,#1287,#1288,#1289),
(#1290,#1291,#1292,#1293)),.UNSPECIFIED.,.F.,.F.,.F.,(4,1,4),(4,4),(0.266182965814111,
0.685506985348905,1.),(-0.0614387405960166,-0.00235660810129859),
 .UNSPECIFIED.);
#39=B_SPLINE_SURFACE_WITH_KNOTS('',3,3,((#1332,#1333,#1334,#1335),(#1336,
#1337,#1338,#1339),(#1340,#1341,#1342,#1343),(#1344,#1345,#1346,#1347),
(#1348,#1349,#1350,#1351)),.UNSPECIFIED.,.F.,.F.,.F.,(4,1,4),(4,4),(0.266328091062929,
0.580758909178817,1.),(8.29855054820768,8.35762612902772),.UNSPECIFIED.);
#40=B_SPLINE_SURFACE_WITH_KNOTS('',3,3,((#1444,#1445,#1446,#1447),(#1448,
#1449,#1450,#1451),(#1452,#1453,#1454,#1455),(#1456,#1457,#1458,#1459),
(#1460,#1461,#1462,#1463),(#1464,#1465,#1466,#1467),(#1468,#1469,#1470,
#1471)),.UNSPECIFIED.,.F.,.F.,.F.,(4,1,1,1,4),(4,4),(0.520094705974707,
0.635047352987353,0.75,0.864952647013642,0.979905294027284),(0.,1.),
 .UNSPECIFIED.);
#41=B_SPLINE_SURFACE_WITH_KNOTS('',3,3,((#1474,#1475,#1476,#1477),(#1478,
#1479,#1480,#1481),(#1482,#1483,#1484,#1485),(#1486,#1487,#1488,#1489),
(#1490,#1491,#1492,#1493),(#1494,#1495,#1496,#1497),(#1498,#1499,#1500,
#1501)),.UNSPECIFIED.,.F.,.F.,.F.,(4,1,1,1,4),(4,4),(0.583353078411429,
0.666676539205715,0.75,0.833323460794285,0.916646921588571),(0.,0.658080376400911),
 .UNSPECIFIED.);
#42=B_SPLINE_SURFACE_WITH_KNOTS('',3,3,((#1502,#1503,#1504,#1505),(#1506,
#1507,#1508,#1509),(#1510,#1511,#1512,#1513),(#1514,#1515,#1516,#1517),
(#1518,#1519,#1520,#1521),(#1522,#1523,#1524,#1525),(#1526,#1527,#1528,
#1529)),.UNSPECIFIED.,.F.,.F.,.F.,(4,1,1,1,4),(4,4),(0.0833135896694212,
0.166656794834711,0.25,0.333343205165289,0.416686410330579),(0.,0.658256768399405),
 .UNSPECIFIED.);
#43=B_SPLINE_SURFACE_WITH_KNOTS('',3,3,((#1759,#1760,#1761,#1762),(#1763,
#1764,#1765,#1766),(#1767,#1768,#1769,#1770),(#1771,#1772,#1773,#1774)),
 .UNSPECIFIED.,.F.,.F.,.F.,(4,4),(4,4),(0.,0.0465807431631072),(0.,0.0372312955586508),
 .UNSPECIFIED.);
#44=B_SPLINE_SURFACE_WITH_KNOTS('',3,3,((#1793,#1794,#1795,#1796),(#1797,
#1798,#1799,#1800),(#1801,#1802,#1803,#1804),(#1805,#1806,#1807,#1808)),
 .UNSPECIFIED.,.F.,.F.,.F.,(4,4),(4,4),(0.953419990020115,1.),(0.,0.0372312907945691),
 .UNSPECIFIED.);
#45=B_SPLINE_SURFACE_WITH_KNOTS('',3,3,((#2578,#2579,#2580,#2581),(#2582,
#2583,#2584,#2585),(#2586,#2587,#2588,#2589),(#2590,#2591,#2592,#2593),
(#2594,#2595,#2596,#2597),(#2598,#2599,#2600,#2601),(#2602,#2603,#2604,
#2605),(#2606,#2607,#2608,#2609),(#2610,#2611,#2612,#2613),(#2614,#2615,
#2616,#2617),(#2618,#2619,#2620,#2621),(#2622,#2623,#2624,#2625),(#2626,
#2627,#2628,#2629),(#2630,#2631,#2632,#2633),(#2634,#2635,#2636,#2637),
(#2638,#2639,#2640,#2641),(#2642,#2643,#2644,#2645)),.UNSPECIFIED.,.T.,
 .F.,.F.,(4,1,1,1,1,1,1,1,1,1,1,1,1,1,4),(4,4),(0.,0.0714285714285714,0.142857142857143,
0.19047619047619,0.285714285714286,0.333333333333333,0.428571428571429,
0.523809523809524,0.571428571428571,0.619047619047619,0.714285714285714,
0.785714285714286,0.857142857142857,0.928571428571429,1.),(0.,1.),
 .UNSPECIFIED.);
#46=B_SPLINE_SURFACE_WITH_KNOTS('',3,3,((#2673,#2674,#2675,#2676),(#2677,
#2678,#2679,#2680),(#2681,#2682,#2683,#2684),(#2685,#2686,#2687,#2688),
(#2689,#2690,#2691,#2692),(#2693,#2694,#2695,#2696),(#2697,#2698,#2699,
#2700)),.UNSPECIFIED.,.F.,.F.,.F.,(4,1,1,1,4),(4,4),(0.0200839018262368,
0.135041950913118,0.25,0.364958049085886,0.479916098171773),(0.,1.),
 .UNSPECIFIED.);
#47=FACE_BOUND('',#120,.T.);
#48=FACE_BOUND('',#121,.T.);
#49=FACE_BOUND('',#127,.T.);
#50=FACE_BOUND('',#128,.T.);
#51=FACE_BOUND('',#144,.T.);
#52=FACE_BOUND('',#176,.T.);
#53=FACE_BOUND('',#177,.T.);
#54=FACE_BOUND('',#178,.T.);
#55=FACE_BOUND('',#179,.T.);
#56=FACE_BOUND('',#180,.T.);
#57=CIRCLE('',#899,0.749999999999993);
#58=CIRCLE('',#900,0.749999999999993);
#59=CIRCLE('',#902,0.749999999999993);
#60=CIRCLE('',#903,0.749999999999993);
#61=CIRCLE('',#907,7.);
#62=CIRCLE('',#908,7.);
#63=CIRCLE('',#909,7.);
#64=CIRCLE('',#951,7.);
#65=CIRCLE('',#952,7.);
#66=FACE_OUTER_BOUND('',#119,.T.);
#67=FACE_OUTER_BOUND('',#122,.T.);
#68=FACE_OUTER_BOUND('',#123,.T.);
#69=FACE_OUTER_BOUND('',#124,.T.);
#70=FACE_OUTER_BOUND('',#125,.T.);
#71=FACE_OUTER_BOUND('',#126,.T.);
#72=FACE_OUTER_BOUND('',#129,.T.);
#73=FACE_OUTER_BOUND('',#130,.T.);
#74=FACE_OUTER_BOUND('',#131,.T.);
#75=FACE_OUTER_BOUND('',#132,.T.);
#76=FACE_OUTER_BOUND('',#133,.T.);
#77=FACE_OUTER_BOUND('',#134,.T.);
#78=FACE_OUTER_BOUND('',#135,.T.);
#79=FACE_OUTER_BOUND('',#136,.T.);
#80=FACE_OUTER_BOUND('',#137,.T.);
#81=FACE_OUTER_BOUND('',#138,.T.);
#82=FACE_OUTER_BOUND('',#139,.T.);
#83=FACE_OUTER_BOUND('',#140,.T.);
#84=FACE_OUTER_BOUND('',#141,.T.);
#85=FACE_OUTER_BOUND('',#142,.T.);
#86=FACE_OUTER_BOUND('',#143,.T.);
#87=FACE_OUTER_BOUND('',#145,.T.);
#88=FACE_OUTER_BOUND('',#146,.T.);
#89=FACE_OUTER_BOUND('',#147,.T.);
#90=FACE_OUTER_BOUND('',#148,.T.);
#91=FACE_OUTER_BOUND('',#149,.T.);
#92=FACE_OUTER_BOUND('',#150,.T.);
#93=FACE_OUTER_BOUND('',#151,.T.);
#94=FACE_OUTER_BOUND('',#152,.T.);
#95=FACE_OUTER_BOUND('',#153,.T.);
#96=FACE_OUTER_BOUND('',#154,.T.);
#97=FACE_OUTER_BOUND('',#155,.T.);
#98=FACE_OUTER_BOUND('',#156,.T.);
#99=FACE_OUTER_BOUND('',#157,.T.);
#100=FACE_OUTER_BOUND('',#158,.T.);
#101=FACE_OUTER_BOUND('',#159,.T.);
#102=FACE_OUTER_BOUND('',#160,.T.);
#103=FACE_OUTER_BOUND('',#161,.T.);
#104=FACE_OUTER_BOUND('',#162,.T.);
#105=FACE_OUTER_BOUND('',#163,.T.);
#106=FACE_OUTER_BOUND('',#164,.T.);
#107=FACE_OUTER_BOUND('',#165,.T.);
#108=FACE_OUTER_BOUND('',#166,.T.);
#109=FACE_OUTER_BOUND('',#167,.T.);
#110=FACE_OUTER_BOUND('',#168,.T.);
#111=FACE_OUTER_BOUND('',#169,.T.);
#112=FACE_OUTER_BOUND('',#170,.T.);
#113=FACE_OUTER_BOUND('',#171,.T.);
#114=FACE_OUTER_BOUND('',#172,.T.);
#115=FACE_OUTER_BOUND('',#173,.T.);
#116=FACE_OUTER_BOUND('',#174,.T.);
#117=FACE_OUTER_BOUND('',#175,.T.);
#118=FACE_OUTER_BOUND('',#181,.T.);
#119=EDGE_LOOP('',(#535,#536,#537,#538,#539,#540));
#120=EDGE_LOOP('',(#541));
#121=EDGE_LOOP('',(#542));
#122=EDGE_LOOP('',(#543,#544,#545));
#123=EDGE_LOOP('',(#546,#547,#548));
#124=EDGE_LOOP('',(#549,#550,#551));
#125=EDGE_LOOP('',(#552,#553,#554));
#126=EDGE_LOOP('',(#555,#556,#557,#558,#559,#560));
#127=EDGE_LOOP('',(#561));
#128=EDGE_LOOP('',(#562));
#129=EDGE_LOOP('',(#563,#564,#565,#566));
#130=EDGE_LOOP('',(#567,#568,#569,#570));
#131=EDGE_LOOP('',(#571,#572,#573,#574,#575,#576,#577,#578));
#132=EDGE_LOOP('',(#579,#580,#581,#582,#583,#584));
#133=EDGE_LOOP('',(#585,#586));
#134=EDGE_LOOP('',(#587,#588));
#135=EDGE_LOOP('',(#589,#590,#591,#592));
#136=EDGE_LOOP('',(#593,#594,#595));
#137=EDGE_LOOP('',(#596,#597,#598,#599));
#138=EDGE_LOOP('',(#600,#601,#602,#603));
#139=EDGE_LOOP('',(#604,#605,#606,#607));
#140=EDGE_LOOP('',(#608,#609,#610,#611,#612,#613,#614));
#141=EDGE_LOOP('',(#615));
#142=EDGE_LOOP('',(#616,#617,#618,#619,#620));
#143=EDGE_LOOP('',(#621));
#144=EDGE_LOOP('',(#622,#623,#624,#625,#626,#627,#628));
#145=EDGE_LOOP('',(#629,#630,#631));
#146=EDGE_LOOP('',(#632,#633,#634));
#147=EDGE_LOOP('',(#635,#636,#637,#638));
#148=EDGE_LOOP('',(#639,#640));
#149=EDGE_LOOP('',(#641,#642));
#150=EDGE_LOOP('',(#643,#644,#645,#646));
#151=EDGE_LOOP('',(#647,#648));
#152=EDGE_LOOP('',(#649,#650));
#153=EDGE_LOOP('',(#651,#652,#653,#654));
#154=EDGE_LOOP('',(#655,#656,#657));
#155=EDGE_LOOP('',(#658,#659,#660));
#156=EDGE_LOOP('',(#661,#662,#663,#664));
#157=EDGE_LOOP('',(#665,#666,#667));
#158=EDGE_LOOP('',(#668,#669,#670));
#159=EDGE_LOOP('',(#671,#672,#673,#674));
#160=EDGE_LOOP('',(#675,#676,#677));
#161=EDGE_LOOP('',(#678,#679,#680));
#162=EDGE_LOOP('',(#681,#682,#683,#684));
#163=EDGE_LOOP('',(#685,#686));
#164=EDGE_LOOP('',(#687,#688));
#165=EDGE_LOOP('',(#689,#690,#691,#692));
#166=EDGE_LOOP('',(#693,#694));
#167=EDGE_LOOP('',(#695,#696));
#168=EDGE_LOOP('',(#697,#698,#699,#700));
#169=EDGE_LOOP('',(#701,#702,#703));
#170=EDGE_LOOP('',(#704,#705,#706));
#171=EDGE_LOOP('',(#707,#708,#709,#710));
#172=EDGE_LOOP('',(#711,#712));
#173=EDGE_LOOP('',(#713,#714,#715,#716));
#174=EDGE_LOOP('',(#717,#718));
#175=EDGE_LOOP('',(#719,#720,#721,#722,#723,#724,#725,#726,#727,#728,#729,
#730,#731,#732,#733,#734,#735,#736,#737,#738,#739,#740,#741,#742,#743,#744,
#745,#746,#747,#748,#749,#750,#751,#752,#753,#754,#755,#756,#757,#758,#759,
#760,#761,#762,#763,#764,#765,#766,#767));
#176=EDGE_LOOP('',(#768,#769,#770,#771));
#177=EDGE_LOOP('',(#772,#773,#774,#775));
#178=EDGE_LOOP('',(#776,#777,#778,#779));
#179=EDGE_LOOP('',(#780,#781,#782,#783));
#180=EDGE_LOOP('',(#784,#785,#786,#787));
#181=EDGE_LOOP('',(#788,#789,#790,#791,#792,#793,#794));
#182=LINE('',#1120,#209);
#183=LINE('',#1432,#210);
#184=LINE('',#1438,#211);
#185=LINE('',#1440,#212);
#186=LINE('',#1581,#213);
#187=LINE('',#1843,#214);
#188=LINE('',#1868,#215);
#189=LINE('',#1890,#216);
#190=LINE('',#1934,#217);
#191=LINE('',#1972,#218);
#192=LINE('',#2001,#219);
#193=LINE('',#2039,#220);
#194=LINE('',#2062,#221);
#195=LINE('',#2089,#222);
#196=LINE('',#2130,#223);
#197=LINE('',#2157,#224);
#198=LINE('',#2195,#225);
#199=LINE('',#2222,#226);
#200=LINE('',#2266,#227);
#201=LINE('',#2313,#228);
#202=LINE('',#2342,#229);
#203=LINE('',#2389,#230);
#204=LINE('',#2418,#231);
#205=LINE('',#2457,#232);
#206=LINE('',#2501,#233);
#207=LINE('',#2545,#234);
#208=LINE('',#2553,#235);
#209=VECTOR('',#960,10.);
#210=VECTOR('',#967,10.);
#211=VECTOR('',#974,0.749999999999993);
#212=VECTOR('',#977,0.749999999999993);
#213=VECTOR('',#990,10.);
#214=VECTOR('',#995,11.8258044619848);
#215=VECTOR('',#1004,17.5);
#216=VECTOR('',#1013,10.);
#217=VECTOR('',#1016,10.);
#218=VECTOR('',#1021,10.);
#219=VECTOR('',#1024,10.);
#220=VECTOR('',#1029,10.);
#221=VECTOR('',#1032,10.);
#222=VECTOR('',#1037,10.);
#223=VECTOR('',#1040,10.);
#224=VECTOR('',#1045,10.);
#225=VECTOR('',#1048,10.);
#226=VECTOR('',#1053,10.);
#227=VECTOR('',#1056,10.);
#228=VECTOR('',#1061,10.);
#229=VECTOR('',#1064,10.);
#230=VECTOR('',#1069,10.);
#231=VECTOR('',#1072,10.);
#232=VECTOR('',#1077,10.);
#233=VECTOR('',#1080,10.);
#234=VECTOR('',#1085,10.);
#235=VECTOR('',#1088,10.);
#236=B_SPLINE_CURVE_WITH_KNOTS('',3,(#1102,#1103,#1104,#1105,#1106,#1107,
#1108,#1109,#1110,#1111,#1112,#1113),.UNSPECIFIED.,.F.,.F.,(4,2,2,2,2,4),
(-0.524931068104827,-0.507927353517617,-0.449783525434138,-0.286323785577876,
-0.117915477991982,0.),.UNSPECIFIED.);
#237=B_SPLINE_CURVE_WITH_KNOTS('',3,(#1115,#1116,#1117,#1118),
 .UNSPECIFIED.,.F.,.F.,(4,4),(0.00235660810129859,0.0614387405960166),
 .UNSPECIFIED.);
#238=B_SPLINE_CURVE_WITH_KNOTS('',3,(#1122,#1123,#1124,#1125),
 .UNSPECIFIED.,.F.,.F.,(4,4),(-8.35762612902312,-8.29854399654009),
 .UNSPECIFIED.);
#239=B_SPLINE_CURVE_WITH_KNOTS('',3,(#1127,#1128,#1129,#1130,#1131,#1132,
#1133,#1134,#1135,#1136,#1137,#1138,#1139,#1140,#1141,#1142),
 .UNSPECIFIED.,.F.,.F.,(4,3,3,3,3,4),(-0.0616334997231949,-0.0353008950154421,
-0.0232745405909819,-0.0124993330631864,-0.00669171067502606,-0.00172412553539089),
 .UNSPECIFIED.);
#240=B_SPLINE_CURVE_WITH_KNOTS('',3,(#1143,#1144,#1145,#1146,#1147,#1148,
#1149,#1150,#1151,#1152,#1153,#1154,#1155,#1156,#1157,#1158,#1159,#1160,
#1161,#1162,#1163,#1164,#1165,#1166),.UNSPECIFIED.,.F.,.F.,(4,2,2,2,2,2,
2,2,2,2,2,4),(-2.44681626969323,-1.8975169429464,-1.62815632786387,-1.41671986431688,
-1.3111500048495,-1.24548345532088,-1.18938731323529,-1.12811478488237,
-1.04093742534988,-0.846829956114378,-0.585806643000756,0.),
 .UNSPECIFIED.);
#241=B_SPLINE_CURVE_WITH_KNOTS('',3,(#1192,#1193,#1194,#1195,#1196,#1197,
#1198,#1199,#1200,#1201),.UNSPECIFIED.,.F.,.F.,(4,2,2,2,4),(-0.00290719942424617,
-0.00236364308970896,-0.00187520232811993,-0.00102525434927933,0.),
 .UNSPECIFIED.);
#242=B_SPLINE_CURVE_WITH_KNOTS('',3,(#1202,#1203,#1204,#1205,#1206,#1207,
#1208,#1209),.UNSPECIFIED.,.F.,.F.,(4,2,2,4),(0.0101513986318378,0.0112420413970567,
0.0257027115967119,0.0758208194478065),.UNSPECIFIED.);
#243=B_SPLINE_CURVE_WITH_KNOTS('',3,(#1232,#1233,#1234,#1235,#1236,#1237,
#1238,#1239,#1240,#1241,#1242,#1243,#1244,#1245,#1246,#1247,#1248,#1249,
#1250,#1251,#1252,#1253,#1254,#1255,#1256,#1257,#1258,#1259,#1260,#1261,
#1262),.UNSPECIFIED.,.F.,.F.,(4,3,3,3,3,3,3,3,3,3,4),(-0.025163184463994,
-0.0236334950206722,-0.0215580876362139,-0.0203679640513778,-0.016397113375135,
-0.0147926653621386,-0.0134537476296657,-0.00947269760366456,-0.0075053060891693,
-0.00344380046935114,0.),.UNSPECIFIED.);
#244=B_SPLINE_CURVE_WITH_KNOTS('',3,(#1264,#1265,#1266,#1267,#1268,#1269),
 .UNSPECIFIED.,.F.,.F.,(4,2,4),(0.,0.0513867737773493,0.0666990162351348),
 .UNSPECIFIED.);
#245=B_SPLINE_CURVE_WITH_KNOTS('',3,(#1270,#1271,#1272,#1273),
 .UNSPECIFIED.,.F.,.F.,(4,4),(0.00236315977570811,0.0614387405840575),
 .UNSPECIFIED.);
#246=B_SPLINE_CURVE_WITH_KNOTS('',3,(#1295,#1296,#1297,#1298,#1299,#1300,
#1301,#1302,#1303,#1304,#1305,#1306,#1307,#1308,#1309,#1310,#1311,#1312,
#1313,#1314,#1315,#1316,#1317,#1318,#1319,#1320,#1321,#1322,#1323,#1324,
#1325),.UNSPECIFIED.,.F.,.F.,(4,3,3,3,3,3,3,3,3,3,4),(-0.0251689931571355,
-0.0236438030431552,-0.0215772492963498,-0.020370744796334,-0.0163987370681818,
-0.014793241386729,-0.0107796369433673,-0.0101177428340779,-0.00750549334637997,
-0.00346973679121915,0.),.UNSPECIFIED.);
#247=B_SPLINE_CURVE_WITH_KNOTS('',3,(#1326,#1327,#1328,#1329,#1330,#1331),
 .UNSPECIFIED.,.F.,.F.,(4,2,4),(0.,0.0513867737774156,0.0667063033095474),
 .UNSPECIFIED.);
#248=B_SPLINE_CURVE_WITH_KNOTS('',3,(#1354,#1355,#1356,#1357,#1358,#1359,
#1360,#1361,#1362,#1363),.UNSPECIFIED.,.F.,.F.,(4,2,2,2,4),(-0.00290695182245256,
-0.00236311414814858,-0.00187444224231476,-0.00102418827364664,0.),
 .UNSPECIFIED.);
#249=B_SPLINE_CURVE_WITH_KNOTS('',3,(#1365,#1366,#1367,#1368),
 .UNSPECIFIED.,.F.,.F.,(4,4),(-8.35762612902772,-8.29855054820768),
 .UNSPECIFIED.);
#250=B_SPLINE_CURVE_WITH_KNOTS('',3,(#1369,#1370,#1371,#1372,#1373,#1374,
#1375,#1376),.UNSPECIFIED.,.F.,.F.,(4,2,2,4),(0.0101585416333795,0.0112420413974875,
0.0257027115977996,0.0758208194504004),.UNSPECIFIED.);
#251=B_SPLINE_CURVE_WITH_KNOTS('',3,(#1379,#1380,#1381,#1382,#1383,#1384,
#1385,#1386,#1387,#1388,#1389,#1390,#1391,#1392,#1393,#1394),
 .UNSPECIFIED.,.F.,.F.,(4,3,3,3,3,4),(-0.0616254715803826,-0.0353073304862583,
-0.0232823206965213,-0.0125031441129059,-0.00669463391566353,-0.00172396752929047),
 .UNSPECIFIED.);
#252=B_SPLINE_CURVE_WITH_KNOTS('',3,(#1396,#1397,#1398,#1399,#1400,#1401,
#1402,#1403,#1404,#1405,#1406,#1407,#1408,#1409,#1410,#1411,#1412,#1413,
#1414,#1415,#1416,#1417,#1418,#1419),.UNSPECIFIED.,.F.,.F.,(4,2,2,2,2,2,
2,2,2,2,2,4),(-2.44632958544985,-1.89720754915953,-1.62786609129131,-1.41645305288882,
-1.31089041949761,-1.24523719110266,-1.18915557050989,-1.12789563899138,
-1.04072300344109,-0.846647868643712,-0.58567594712201,0.),
 .UNSPECIFIED.);
#253=B_SPLINE_CURVE_WITH_KNOTS('',3,(#1420,#1421,#1422,#1423,#1424,#1425,
#1426,#1427,#1428,#1429,#1430,#1431),.UNSPECIFIED.,.F.,.F.,(4,2,2,2,2,4),
(-0.524759166275729,-0.507753290778517,-0.449616520191147,-0.286194842518541,
-0.117818960498544,0.),.UNSPECIFIED.);
#254=B_SPLINE_CURVE_WITH_KNOTS('',3,(#1565,#1566,#1567,#1568,#1569,#1570),
 .UNSPECIFIED.,.F.,.F.,(4,2,4),(0.,0.15,0.19382757170245),.UNSPECIFIED.);
#255=B_SPLINE_CURVE_WITH_KNOTS('',3,(#1582,#1583,#1584,#1585,#1586,#1587,
#1588,#1589,#1590,#1591,#1592,#1593),.UNSPECIFIED.,.F.,.F.,(4,2,2,2,2,4),
(-0.770430756412242,-0.73029887603862,-0.683326054447876,-0.582903663911914,
-0.232278645953159,-0.161416027071223),.UNSPECIFIED.);
#256=B_SPLINE_CURVE_WITH_KNOTS('',3,(#1602,#1603,#1604,#1605,#1606,#1607,
#1608,#1609,#1610,#1611,#1612,#1613,#1614,#1615,#1616,#1617),
 .UNSPECIFIED.,.F.,.F.,(4,2,2,2,2,2,2,4),(-0.609576871759448,-0.588083692150359,
-0.353232747104658,-0.154585804101998,-0.0766312752861241,-0.0285457552799255,
-0.0107473660955997,0.),.UNSPECIFIED.);
#257=B_SPLINE_CURVE_WITH_KNOTS('',3,(#1749,#1750,#1751,#1752,#1753,#1754),
 .UNSPECIFIED.,.F.,.F.,(4,2,4),(0.101378265860614,0.150000000000541,0.300000000001083),
 .UNSPECIFIED.);
#258=B_SPLINE_CURVE_WITH_KNOTS('',3,(#1755,#1756,#1757,#1758),
 .UNSPECIFIED.,.F.,.F.,(4,4),(-0.652973163857796,0.),.UNSPECIFIED.);
#259=B_SPLINE_CURVE_WITH_KNOTS('',3,(#1776,#1777,#1778,#1779),
 .UNSPECIFIED.,.F.,.F.,(4,4),(0.191662114427775,0.20009910522408),
 .UNSPECIFIED.);
#260=B_SPLINE_CURVE_WITH_KNOTS('',3,(#1781,#1782,#1783,#1784,#1785,#1786,
#1787,#1788),.UNSPECIFIED.,.F.,.F.,(4,2,2,4),(0.0143757182466444,0.336151655078558,
0.491735629269529,0.621591253842076),.UNSPECIFIED.);
#261=B_SPLINE_CURVE_WITH_KNOTS('',3,(#1789,#1790,#1791,#1792),
 .UNSPECIFIED.,.F.,.F.,(4,4),(0.,0.0372312907945691),.UNSPECIFIED.);
#262=B_SPLINE_CURVE_WITH_KNOTS('',3,(#1810,#1811,#1812,#1813),
 .UNSPECIFIED.,.F.,.F.,(4,4),(0.,0.00844436142682605),.UNSPECIFIED.);
#263=B_SPLINE_CURVE_WITH_KNOTS('',3,(#1814,#1815,#1816,#1817,#1818,#1819,
#1820,#1821),.UNSPECIFIED.,.F.,.F.,(4,2,2,4),(0.,0.163643615916738,0.392743572416158,
0.606055285821112),.UNSPECIFIED.);
#264=B_SPLINE_CURVE_WITH_KNOTS('',3,(#1876,#1877,#1878,#1879,#1880,#1881,
#1882,#1883,#1884,#1885,#1886,#1887,#1888),.UNSPECIFIED.,.F.,.F.,(4,3,3,
3,4),(-4.45120237270596,-4.09361609917316,-3.63301672471653,-2.9421176630316,
-2.25121860134666),.UNSPECIFIED.);
#265=B_SPLINE_CURVE_WITH_KNOTS('',3,(#1891,#1892,#1893,#1894,#1895,#1896,
#1897,#1898,#1899,#1900,#1901,#1902,#1903),.UNSPECIFIED.,.F.,.F.,(4,3,3,
3,4),(-2.25121860134666,-1.56011903362317,-0.869019465899684,-0.177919898176193,
-0.0505963719907645),.UNSPECIFIED.);
#266=B_SPLINE_CURVE_WITH_KNOTS('',3,(#1907,#1908,#1909,#1910,#1911,#1912,
#1913,#1914,#1915,#1916,#1917,#1918,#1919),.UNSPECIFIED.,.F.,.F.,(4,3,3,
3,4),(-2.33709233393981,-1.62132322172736,-0.905554109514904,-0.428374701373269,
-0.0505658672820535),.UNSPECIFIED.);
#267=B_SPLINE_CURVE_WITH_KNOTS('',3,(#1921,#1922,#1923,#1924,#1925,#1926,
#1927,#1928,#1929,#1930,#1931,#1932,#1933),.UNSPECIFIED.,.F.,.F.,(4,3,3,
3,4),(-4.62304747135063,-4.48386312770231,-3.76827286311481,-3.05268259852731,
-2.33709233393981),.UNSPECIFIED.);
#268=B_SPLINE_CURVE_WITH_KNOTS('',3,(#1936,#1937,#1938,#1939),
 .UNSPECIFIED.,.F.,.F.,(4,4),(-0.401859220345525,-0.0508628475029308),
 .UNSPECIFIED.);
#269=B_SPLINE_CURVE_WITH_KNOTS('',3,(#1940,#1941,#1942,#1943),
 .UNSPECIFIED.,.F.,.F.,(4,4),(-0.401822723811709,-0.0503883108531454),
 .UNSPECIFIED.);
#270=B_SPLINE_CURVE_WITH_KNOTS('',3,(#1947,#1948,#1949,#1950,#1951,#1952,
#1953,#1954,#1955,#1956,#1957,#1958,#1959,#1960,#1961,#1962,#1963,#1964,
#1965,#1966,#1967,#1968,#1969,#1970,#1971),.UNSPECIFIED.,.F.,.F.,(4,3,3,
3,3,3,3,3,4),(-4.62305377939243,-4.48384865037972,-4.00672890910723,-3.05248942656225,
-2.09824994401727,-1.62113020274478,-1.14401046147229,-0.189770978927305,
-0.0505658499147259),.UNSPECIFIED.);
#271=B_SPLINE_CURVE_WITH_KNOTS('',3,(#1976,#1977,#1978,#1979,#1980,#1981,
#1982,#1983,#1984,#1985,#1986,#1987,#1988,#1989,#1990,#1991,#1992,#1993,
#1994,#1995,#1996,#1997,#1998,#1999,#2000),.UNSPECIFIED.,.F.,.F.,(4,3,3,
3,3,3,3,3,4),(-4.45120868160955,-4.3239002375171,-3.40256791754996,-2.94190175756639,
-2.48123559758282,-1.55990327761567,-0.63857095764853,-0.177904797664958,
-0.050596353572665),.UNSPECIFIED.);
#272=B_SPLINE_CURVE_WITH_KNOTS('',3,(#2003,#2004,#2005,#2006),
 .UNSPECIFIED.,.F.,.F.,(4,4),(-0.401822720930791,-0.0503883105994889),
 .UNSPECIFIED.);
#273=B_SPLINE_CURVE_WITH_KNOTS('',3,(#2007,#2008,#2009,#2010),
 .UNSPECIFIED.,.F.,.F.,(4,4),(-0.401859216766712,-0.0508628469936795),
 .UNSPECIFIED.);
#274=B_SPLINE_CURVE_WITH_KNOTS('',3,(#2014,#2015,#2016,#2017,#2018,#2019,
#2020,#2021,#2022,#2023,#2024,#2025,#2026,#2027,#2028,#2029,#2030,#2031,
#2032,#2033,#2034,#2035,#2036,#2037,#2038),.UNSPECIFIED.,.F.,.F.,(4,3,3,
3,3,3,3,3,4),(-2.84769555185535,-2.82951767429342,-2.52282100018415,-1.9094276519656,
-1.29603430374706,-0.989337629637785,-0.682640955528512,-0.0692476073099665,
-0.0510697297482401),.UNSPECIFIED.);
#275=B_SPLINE_CURVE_WITH_KNOTS('',3,(#2043,#2044,#2045,#2046,#2047,#2048,
#2049,#2050,#2051,#2052,#2053,#2054,#2055,#2056,#2057,#2058,#2059,#2060,
#2061),.UNSPECIFIED.,.F.,.F.,(4,3,3,3,3,3,4),(-2.5740720019128,-2.0133663365863,
-1.73307577161424,-1.45278520664218,-0.89220407669806,-0.331622946753938,
-0.0512078463996581),.UNSPECIFIED.);
#276=B_SPLINE_CURVE_WITH_KNOTS('',3,(#2064,#2065,#2066,#2067),
 .UNSPECIFIED.,.F.,.F.,(4,4),(-0.399106470713713,-0.0515277886406639),
 .UNSPECIFIED.);
#277=B_SPLINE_CURVE_WITH_KNOTS('',3,(#2068,#2069,#2070,#2071),
 .UNSPECIFIED.,.F.,.F.,(4,4),(-0.409365424133824,-0.0516020340381258),
 .UNSPECIFIED.);
#278=B_SPLINE_CURVE_WITH_KNOTS('',3,(#2075,#2076,#2077,#2078,#2079,#2080,
#2081,#2082,#2083,#2084,#2085,#2086,#2087),.UNSPECIFIED.,.F.,.F.,(4,3,3,
3,4),(-2.57406564961588,-2.43384621297748,-2.15364971094195,-1.73335495788864,
-1.31306020483533),.UNSPECIFIED.);
#279=B_SPLINE_CURVE_WITH_KNOTS('',3,(#2090,#2091,#2092,#2093,#2094,#2095,
#2096,#2097,#2098,#2099),.UNSPECIFIED.,.F.,.F.,(4,3,3,4),(-1.31306020483533,
-0.892483187863301,-0.471906170891269,-0.0512078869122474),
 .UNSPECIFIED.);
#280=B_SPLINE_CURVE_WITH_KNOTS('',3,(#2103,#2104,#2105,#2106,#2107,#2108,
#2109,#2110,#2111,#2112,#2113,#2114,#2115),.UNSPECIFIED.,.F.,.F.,(4,3,3,
3,4),(-1.44984422670095,-0.989646270093726,-0.529448313486499,-0.222649675748347,
-0.0510697651017176),.UNSPECIFIED.);
#281=B_SPLINE_CURVE_WITH_KNOTS('',3,(#2117,#2118,#2119,#2120,#2121,#2122,
#2123,#2124,#2125,#2126,#2127,#2128,#2129),.UNSPECIFIED.,.F.,.F.,(4,3,3,
3,4),(-2.84768921227367,-2.82952070137433,-2.36962854314987,-1.90973638492541,
-1.44984422670095),.UNSPECIFIED.);
#282=B_SPLINE_CURVE_WITH_KNOTS('',3,(#2132,#2133,#2134,#2135),
 .UNSPECIFIED.,.F.,.F.,(4,4),(-0.409365416352109,-0.0516020343251205),
 .UNSPECIFIED.);
#283=B_SPLINE_CURVE_WITH_KNOTS('',3,(#2136,#2137,#2138,#2139),
 .UNSPECIFIED.,.F.,.F.,(4,4),(-0.399106373921994,-0.0515277869590495),
 .UNSPECIFIED.);
#284=B_SPLINE_CURVE_WITH_KNOTS('',3,(#2143,#2144,#2145,#2146,#2147,#2148,
#2149,#2150,#2151,#2152,#2153,#2154,#2155),.UNSPECIFIED.,.F.,.F.,(4,3,3,
3,4),(-1.98905344960433,-1.9146518727798,-1.69106617403952,-1.3556876259291,
-1.02030907781868),.UNSPECIFIED.);
#285=B_SPLINE_CURVE_WITH_KNOTS('',3,(#2158,#2159,#2160,#2161,#2162,#2163,
#2164,#2165,#2166,#2167),.UNSPECIFIED.,.F.,.F.,(4,3,3,4),(-1.02030907781868,
-0.684946629956205,-0.349584182093726,-0.051611211764141),.UNSPECIFIED.);
#286=B_SPLINE_CURVE_WITH_KNOTS('',3,(#2171,#2172,#2173,#2174,#2175,#2176,
#2177,#2178,#2179,#2180,#2181,#2182,#2183),.UNSPECIFIED.,.F.,.F.,(4,3,3,
3,4),(-1.12952710431571,-0.762290668336196,-0.39505423235668,-0.15022994170367,
-0.051440066161043),.UNSPECIFIED.);
#287=B_SPLINE_CURVE_WITH_KNOTS('',3,(#2185,#2186,#2187,#2188,#2189,#2190,
#2191,#2192,#2193,#2194),.UNSPECIFIED.,.F.,.F.,(4,3,3,4),(-2.20685918797803,
-1.86348564526564,-1.49650637479067,-1.12952710431571),.UNSPECIFIED.);
#288=B_SPLINE_CURVE_WITH_KNOTS('',3,(#2197,#2198,#2199,#2200),
 .UNSPECIFIED.,.F.,.F.,(4,4),(-0.395438976454073,-0.0503599927561812),
 .UNSPECIFIED.);
#289=B_SPLINE_CURVE_WITH_KNOTS('',3,(#2201,#2202,#2203,#2204),
 .UNSPECIFIED.,.F.,.F.,(4,4),(-0.391294258425941,-0.0509024028030656),
 .UNSPECIFIED.);
#290=B_SPLINE_CURVE_WITH_KNOTS('',3,(#2208,#2209,#2210,#2211,#2212,#2213,
#2214,#2215,#2216,#2217,#2218,#2219,#2220),.UNSPECIFIED.,.F.,.F.,(4,3,3,
3,4),(-3.89614800992946,-3.60339213737018,-3.19600444719038,-2.58492291192068,
-1.97384137665098),.UNSPECIFIED.);
#291=B_SPLINE_CURVE_WITH_KNOTS('',3,(#2223,#2224,#2225,#2226,#2227,#2228,
#2229,#2230,#2231,#2232,#2233,#2234,#2235),.UNSPECIFIED.,.F.,.F.,(4,3,3,
3,4),(-1.97384137665098,-1.36249923879542,-0.751157100939851,-0.139814963084284,
-0.0507149541129199),.UNSPECIFIED.);
#292=B_SPLINE_CURVE_WITH_KNOTS('',3,(#2239,#2240,#2241,#2242,#2243,#2244,
#2245,#2246,#2247,#2248,#2249,#2250,#2251),.UNSPECIFIED.,.F.,.F.,(4,3,3,
3,4),(-2.09663067083723,-1.44996624445843,-0.803301818079636,-0.372192200493772,
-0.0506582613859692),.UNSPECIFIED.);
#293=B_SPLINE_CURVE_WITH_KNOTS('',3,(#2253,#2254,#2255,#2256,#2257,#2258,
#2259,#2260,#2261,#2262,#2263,#2264,#2265),.UNSPECIFIED.,.F.,.F.,(4,3,3,
3,4),(-4.1418560477147,-4.03591561286893,-3.38948729885836,-2.74305898484779,
-2.09663067083723),.UNSPECIFIED.);
#294=B_SPLINE_CURVE_WITH_KNOTS('',3,(#2268,#2269,#2270,#2271,#2272,#2273,
#2274,#2275,#2276,#2277),.UNSPECIFIED.,.F.,.F.,(4,3,3,4),(-0.410915950013524,
-0.229917029949779,-0.0633418034148793,-0.0516701738126064),
 .UNSPECIFIED.);
#295=B_SPLINE_CURVE_WITH_KNOTS('',3,(#2278,#2279,#2280,#2281,#2282,#2283,
#2284),.UNSPECIFIED.,.F.,.F.,(4,3,4),(-0.410904886702921,-0.244033320929431,
-0.0513949115909171),.UNSPECIFIED.);
#296=B_SPLINE_CURVE_WITH_KNOTS('',3,(#2288,#2289,#2290,#2291,#2292,#2293,
#2294,#2295,#2296,#2297,#2298,#2299,#2300,#2301,#2302,#2303,#2304,#2305,
#2306,#2307,#2308,#2309,#2310,#2311,#2312),.UNSPECIFIED.,.F.,.F.,(4,3,3,
3,3,3,3,3,4),(-4.14186235890323,-4.03589919705407,-3.60486833101128,-2.7428065989257,
-1.88074486684013,-1.44971400079734,-1.01868313475455,-0.156621402668974,
-0.0506582408199856),.UNSPECIFIED.);
#297=B_SPLINE_CURVE_WITH_KNOTS('',3,(#2317,#2318,#2319,#2320,#2321,#2322,
#2323,#2324,#2325,#2326,#2327,#2328,#2329,#2330,#2331,#2332,#2333,#2334,
#2335,#2336,#2337,#2338,#2339,#2340,#2341),.UNSPECIFIED.,.F.,.F.,(4,3,3,
3,3,3,3,3,4),(-3.89615432377341,-3.80706993393863,-2.99212090892912,-2.58464639642437,
-2.17717188391961,-1.3622228589101,-0.54727383390059,-0.139799321395835,
-0.050714931561247),.UNSPECIFIED.);
#298=B_SPLINE_CURVE_WITH_KNOTS('',3,(#2344,#2345,#2346,#2347,#2348,#2349,
#2350),.UNSPECIFIED.,.F.,.F.,(4,3,4),(-0.410904879261138,-0.244021412200798,
-0.051394910795825),.UNSPECIFIED.);
#299=B_SPLINE_CURVE_WITH_KNOTS('',3,(#2351,#2352,#2353,#2354,#2355,#2356,
#2357,#2358,#2359,#2360),.UNSPECIFIED.,.F.,.F.,(4,3,3,4),(-0.410915941639354,
-0.229915667307539,-0.0633394136150065,-0.0516701727613655),
 .UNSPECIFIED.);
#300=B_SPLINE_CURVE_WITH_KNOTS('',3,(#2364,#2365,#2366,#2367,#2368,#2369,
#2370,#2371,#2372,#2373,#2374,#2375,#2376,#2377,#2378,#2379,#2380,#2381,
#2382,#2383,#2384,#2385,#2386,#2387,#2388),.UNSPECIFIED.,.F.,.F.,(4,3,3,
3,3,3,3,3,4),(-3.5192674470437,-3.45591284231026,-3.08460837773622,-2.34199944858815,
-1.59939051944008,-1.22808605486604,-0.856781590292001,-0.114172661143926,
-0.0508180564107019),.UNSPECIFIED.);
#301=B_SPLINE_CURVE_WITH_KNOTS('',3,(#2393,#2394,#2395,#2396,#2397,#2398,
#2399,#2400,#2401,#2402,#2403,#2404,#2405,#2406,#2407,#2408,#2409,#2410,
#2411,#2412,#2413,#2414,#2415,#2416,#2417),.UNSPECIFIED.,.F.,.F.,(4,3,3,
3,3,3,3,3,4),(-3.24466566816681,-3.19990591712457,-2.51007534696541,-2.16516006188583,
-1.82024477680625,-1.1304142066471,-0.440583636487942,-0.095668351408364,
-0.0509086003663457),.UNSPECIFIED.);
#302=B_SPLINE_CURVE_WITH_KNOTS('',3,(#2420,#2421,#2422,#2423,#2424,#2425,
#2426,#2427,#2428,#2429),.UNSPECIFIED.,.F.,.F.,(4,3,3,4),(-0.41581592016927,
-0.265326943358399,-0.0855296081310657,-0.0519589046717881),
 .UNSPECIFIED.);
#303=B_SPLINE_CURVE_WITH_KNOTS('',3,(#2430,#2431,#2432,#2433,#2434,#2435,
#2436,#2437,#2438,#2439),.UNSPECIFIED.,.F.,.F.,(4,3,3,4),(-0.417057077675611,
-0.234567448167561,-0.0836173061400866,-0.0520778186595121),
 .UNSPECIFIED.);
#304=B_SPLINE_CURVE_WITH_KNOTS('',3,(#2443,#2444,#2445,#2446,#2447,#2448,
#2449,#2450,#2451,#2452,#2453,#2454,#2455),.UNSPECIFIED.,.F.,.F.,(4,3,3,
3,4),(-3.24465934195588,-3.02750885139191,-2.6826944803545,-2.16547292379839,
-1.64825136724229),.UNSPECIFIED.);
#305=B_SPLINE_CURVE_WITH_KNOTS('',3,(#2458,#2459,#2460,#2461,#2462,#2463,
#2464,#2465,#2466,#2467,#2468,#2469,#2470),.UNSPECIFIED.,.F.,.F.,(4,3,3,
3,4),(-1.64825136724229,-1.13072695613552,-0.613202545028758,-0.0956781339219932,
-0.050908629826711),.UNSPECIFIED.);
#306=B_SPLINE_CURVE_WITH_KNOTS('',3,(#2474,#2475,#2476,#2477,#2478,#2479,
#2480,#2481,#2482,#2483,#2484,#2485,#2486),.UNSPECIFIED.,.F.,.F.,(4,3,3,
3,4),(-1.7854907228881,-1.22838908481031,-0.671287446732525,-0.299886354680668,
-0.0508180826173652),.UNSPECIFIED.);
#307=B_SPLINE_CURVE_WITH_KNOTS('',3,(#2488,#2489,#2490,#2491,#2492,#2493,
#2494,#2495,#2496,#2497,#2498,#2499,#2500),.UNSPECIFIED.,.F.,.F.,(4,3,3,
3,4),(-3.51926112718796,-3.45592635990035,-2.89911448089626,-2.34230260189218,
-1.7854907228881),.UNSPECIFIED.);
#308=B_SPLINE_CURVE_WITH_KNOTS('',3,(#2503,#2504,#2505,#2506,#2507,#2508,
#2509,#2510,#2511,#2512),.UNSPECIFIED.,.F.,.F.,(4,3,3,4),(-0.417057086067976,
-0.234567453101028,-0.0836167078441502,-0.0520778201340803),
 .UNSPECIFIED.);
#309=B_SPLINE_CURVE_WITH_KNOTS('',3,(#2513,#2514,#2515,#2516,#2517,#2518,
#2519,#2520,#2521,#2522),.UNSPECIFIED.,.F.,.F.,(4,3,3,4),(-0.415815931298206,
-0.265331129788213,-0.085538897980368,-0.051958905937679),.UNSPECIFIED.);
#310=B_SPLINE_CURVE_WITH_KNOTS('',3,(#2526,#2527,#2528,#2529,#2530,#2531,
#2532,#2533,#2534,#2535,#2536,#2537,#2538,#2539,#2540,#2541,#2542,#2543,
#2544),.UNSPECIFIED.,.F.,.F.,(4,3,3,3,3,3,4),(-2.20685918797809,-1.98573461793312,
-1.49625748029679,-1.00678034266045,-0.762041773842289,-0.517303205024123,
-0.0514400661610432),.UNSPECIFIED.);
#311=B_SPLINE_CURVE_WITH_KNOTS('',3,(#2548,#2549,#2550,#2551),
 .UNSPECIFIED.,.F.,.F.,(4,4),(-0.391294258425966,-0.050902402803065),
 .UNSPECIFIED.);
#312=B_SPLINE_CURVE_WITH_KNOTS('',3,(#2554,#2555,#2556,#2557),
 .UNSPECIFIED.,.F.,.F.,(4,4),(-0.395438976454069,-0.0503599927561822),
 .UNSPECIFIED.);
#313=B_SPLINE_CURVE_WITH_KNOTS('',3,(#2559,#2560,#2561,#2562,#2563,#2564,
#2565,#2566,#2567,#2568,#2569,#2570,#2571,#2572,#2573,#2574,#2575,#2576,
#2577),.UNSPECIFIED.,.F.,.F.,(4,3,3,3,3,3,4),(-1.98905344960425,-1.57928316066159,
-1.35570282867063,-1.13212249667967,-0.684961832697761,-0.237801168715847,
-0.0516112117641403),.UNSPECIFIED.);
#314=B_SPLINE_CURVE_WITH_KNOTS('',3,(#2646,#2647,#2648,#2649),
 .UNSPECIFIED.,.F.,.F.,(4,4),(0.,0.129347938238163),.UNSPECIFIED.);
#315=B_SPLINE_CURVE_WITH_KNOTS('',3,(#2650,#2651,#2652,#2653),
 .UNSPECIFIED.,.F.,.F.,(4,4),(0.201011961780899,0.296323767752075),
 .UNSPECIFIED.);
#316=B_SPLINE_CURVE_WITH_KNOTS('',3,(#2654,#2655,#2656,#2657),
 .UNSPECIFIED.,.F.,.F.,(4,4),(0.360305834197648,0.450220220675389),
 .UNSPECIFIED.);
#317=B_SPLINE_CURVE_WITH_KNOTS('',3,(#2658,#2659,#2660,#2661),
 .UNSPECIFIED.,.F.,.F.,(4,4),(0.513378735500789,0.606038924328696),
 .UNSPECIFIED.);
#318=B_SPLINE_CURVE_WITH_KNOTS('',3,(#2662,#2663,#2664,#2665),
 .UNSPECIFIED.,.F.,.F.,(4,4),(0.674303636078307,0.781136584383008),
 .UNSPECIFIED.);
#319=B_SPLINE_CURVE_WITH_KNOTS('',3,(#2667,#2668,#2669,#2670),
 .UNSPECIFIED.,.F.,.F.,(4,4),(0.868246722937867,1.),.UNSPECIFIED.);
#320=VERTEX_POINT('',#1100);
#321=VERTEX_POINT('',#1101);
#322=VERTEX_POINT('',#1114);
#323=VERTEX_POINT('',#1119);
#324=VERTEX_POINT('',#1121);
#325=VERTEX_POINT('',#1126);
#326=VERTEX_POINT('',#1167);
#327=VERTEX_POINT('',#1169);
#328=VERTEX_POINT('',#1191);
#329=VERTEX_POINT('',#1230);
#330=VERTEX_POINT('',#1231);
#331=VERTEX_POINT('',#1263);
#332=VERTEX_POINT('',#1294);
#333=VERTEX_POINT('',#1352);
#334=VERTEX_POINT('',#1353);
#335=VERTEX_POINT('',#1364);
#336=VERTEX_POINT('',#1378);
#337=VERTEX_POINT('',#1395);
#338=VERTEX_POINT('',#1433);
#339=VERTEX_POINT('',#1435);
#340=VERTEX_POINT('',#1563);
#341=VERTEX_POINT('',#1564);
#342=VERTEX_POINT('',#1571);
#343=VERTEX_POINT('',#1580);
#344=VERTEX_POINT('',#1600);
#345=VERTEX_POINT('',#1748);
#346=VERTEX_POINT('',#1775);
#347=VERTEX_POINT('',#1780);
#348=VERTEX_POINT('',#1809);
#349=VERTEX_POINT('',#1840);
#350=VERTEX_POINT('',#1842);
#351=VERTEX_POINT('',#1865);
#352=VERTEX_POINT('',#1867);
#353=VERTEX_POINT('',#1869);
#354=VERTEX_POINT('',#1874);
#355=VERTEX_POINT('',#1875);
#356=VERTEX_POINT('',#1889);
#357=VERTEX_POINT('',#1905);
#358=VERTEX_POINT('',#1906);
#359=VERTEX_POINT('',#1920);
#360=VERTEX_POINT('',#1945);
#361=VERTEX_POINT('',#1946);
#362=VERTEX_POINT('',#1974);
#363=VERTEX_POINT('',#1975);
#364=VERTEX_POINT('',#2012);
#365=VERTEX_POINT('',#2013);
#366=VERTEX_POINT('',#2041);
#367=VERTEX_POINT('',#2042);
#368=VERTEX_POINT('',#2073);
#369=VERTEX_POINT('',#2074);
#370=VERTEX_POINT('',#2088);
#371=VERTEX_POINT('',#2101);
#372=VERTEX_POINT('',#2102);
#373=VERTEX_POINT('',#2116);
#374=VERTEX_POINT('',#2141);
#375=VERTEX_POINT('',#2142);
#376=VERTEX_POINT('',#2156);
#377=VERTEX_POINT('',#2169);
#378=VERTEX_POINT('',#2170);
#379=VERTEX_POINT('',#2184);
#380=VERTEX_POINT('',#2206);
#381=VERTEX_POINT('',#2207);
#382=VERTEX_POINT('',#2221);
#383=VERTEX_POINT('',#2237);
#384=VERTEX_POINT('',#2238);
#385=VERTEX_POINT('',#2252);
#386=VERTEX_POINT('',#2286);
#387=VERTEX_POINT('',#2287);
#388=VERTEX_POINT('',#2315);
#389=VERTEX_POINT('',#2316);
#390=VERTEX_POINT('',#2362);
#391=VERTEX_POINT('',#2363);
#392=VERTEX_POINT('',#2391);
#393=VERTEX_POINT('',#2392);
#394=VERTEX_POINT('',#2441);
#395=VERTEX_POINT('',#2442);
#396=VERTEX_POINT('',#2456);
#397=VERTEX_POINT('',#2472);
#398=VERTEX_POINT('',#2473);
#399=VERTEX_POINT('',#2487);
#400=VERTEX_POINT('',#2524);
#401=VERTEX_POINT('',#2525);
#402=VERTEX_POINT('',#2547);
#403=VERTEX_POINT('',#2552);
#404=VERTEX_POINT('',#2666);
#405=EDGE_CURVE('',#320,#321,#236,.T.);
#406=EDGE_CURVE('',#320,#322,#237,.T.);
#407=EDGE_CURVE('',#323,#322,#182,.T.);
#408=EDGE_CURVE('',#323,#324,#238,.T.);
#409=EDGE_CURVE('',#325,#324,#239,.T.);
#410=EDGE_CURVE('',#321,#325,#240,.T.);
#411=EDGE_CURVE('',#326,#326,#57,.T.);
#412=EDGE_CURVE('',#327,#327,#58,.T.);
#413=EDGE_CURVE('',#324,#328,#241,.T.);
#414=EDGE_CURVE('',#328,#323,#242,.T.);
#415=EDGE_CURVE('',#329,#330,#243,.T.);
#416=EDGE_CURVE('',#331,#329,#244,.T.);
#417=EDGE_CURVE('',#330,#331,#245,.T.);
#418=EDGE_CURVE('',#332,#320,#246,.T.);
#419=EDGE_CURVE('',#322,#332,#247,.T.);
#420=EDGE_CURVE('',#333,#334,#248,.T.);
#421=EDGE_CURVE('',#335,#333,#249,.T.);
#422=EDGE_CURVE('',#334,#335,#250,.T.);
#423=EDGE_CURVE('',#336,#333,#251,.T.);
#424=EDGE_CURVE('',#337,#336,#252,.T.);
#425=EDGE_CURVE('',#330,#337,#253,.T.);
#426=EDGE_CURVE('',#335,#331,#183,.T.);
#427=EDGE_CURVE('',#338,#338,#59,.T.);
#428=EDGE_CURVE('',#339,#339,#60,.T.);
#429=EDGE_CURVE('',#339,#326,#184,.T.);
#430=EDGE_CURVE('',#338,#327,#185,.T.);
#431=EDGE_CURVE('',#334,#332,#61,.T.);
#432=EDGE_CURVE('',#328,#329,#62,.T.);
#433=EDGE_CURVE('',#329,#334,#63,.T.);
#434=EDGE_CURVE('',#337,#336,#25,.T.);
#435=EDGE_CURVE('',#321,#325,#26,.T.);
#436=EDGE_CURVE('',#340,#341,#254,.T.);
#437=EDGE_CURVE('',#342,#340,#19,.T.);
#438=EDGE_CURVE('',#342,#343,#186,.T.);
#439=EDGE_CURVE('',#343,#341,#255,.T.);
#440=EDGE_CURVE('',#341,#344,#27,.T.);
#441=EDGE_CURVE('',#344,#343,#256,.T.);
#442=EDGE_CURVE('',#344,#345,#257,.T.);
#443=EDGE_CURVE('',#345,#342,#258,.T.);
#444=EDGE_CURVE('',#346,#340,#259,.T.);
#445=EDGE_CURVE('',#346,#347,#260,.T.);
#446=EDGE_CURVE('',#342,#347,#261,.T.);
#447=EDGE_CURVE('',#345,#348,#262,.T.);
#448=EDGE_CURVE('',#347,#348,#263,.T.);
#449=EDGE_CURVE('',#349,#349,#28,.T.);
#450=EDGE_CURVE('',#349,#350,#187,.T.);
#451=EDGE_CURVE('',#348,#350,#29,.T.);
#452=EDGE_CURVE('',#350,#346,#30,.T.);
#453=EDGE_CURVE('',#351,#351,#31,.T.);
#454=EDGE_CURVE('',#351,#352,#188,.T.);
#455=EDGE_CURVE('',#352,#353,#32,.T.);
#456=EDGE_CURVE('',#353,#352,#33,.T.);
#457=EDGE_CURVE('',#354,#355,#264,.T.);
#458=EDGE_CURVE('',#356,#354,#189,.T.);
#459=EDGE_CURVE('',#355,#356,#265,.T.);
#460=EDGE_CURVE('',#357,#358,#266,.T.);
#461=EDGE_CURVE('',#359,#357,#267,.T.);
#462=EDGE_CURVE('',#359,#358,#190,.T.);
#463=EDGE_CURVE('',#358,#354,#268,.T.);
#464=EDGE_CURVE('',#356,#359,#269,.T.);
#465=EDGE_CURVE('',#360,#361,#270,.T.);
#466=EDGE_CURVE('',#361,#360,#191,.T.);
#467=EDGE_CURVE('',#362,#363,#271,.T.);
#468=EDGE_CURVE('',#362,#363,#192,.T.);
#469=EDGE_CURVE('',#363,#360,#272,.T.);
#470=EDGE_CURVE('',#361,#362,#273,.T.);
#471=EDGE_CURVE('',#364,#365,#274,.T.);
#472=EDGE_CURVE('',#365,#364,#193,.T.);
#473=EDGE_CURVE('',#366,#367,#275,.T.);
#474=EDGE_CURVE('',#366,#367,#194,.T.);
#475=EDGE_CURVE('',#367,#364,#276,.T.);
#476=EDGE_CURVE('',#365,#366,#277,.T.);
#477=EDGE_CURVE('',#368,#369,#278,.T.);
#478=EDGE_CURVE('',#370,#368,#195,.T.);
#479=EDGE_CURVE('',#369,#370,#279,.T.);
#480=EDGE_CURVE('',#371,#372,#280,.T.);
#481=EDGE_CURVE('',#373,#371,#281,.T.);
#482=EDGE_CURVE('',#373,#372,#196,.T.);
#483=EDGE_CURVE('',#372,#368,#282,.T.);
#484=EDGE_CURVE('',#370,#373,#283,.T.);
#485=EDGE_CURVE('',#374,#375,#284,.T.);
#486=EDGE_CURVE('',#376,#374,#197,.T.);
#487=EDGE_CURVE('',#375,#376,#285,.T.);
#488=EDGE_CURVE('',#377,#378,#286,.T.);
#489=EDGE_CURVE('',#379,#377,#287,.T.);
#490=EDGE_CURVE('',#379,#378,#198,.T.);
#491=EDGE_CURVE('',#378,#374,#288,.T.);
#492=EDGE_CURVE('',#376,#379,#289,.T.);
#493=EDGE_CURVE('',#380,#381,#290,.T.);
#494=EDGE_CURVE('',#382,#380,#199,.T.);
#495=EDGE_CURVE('',#381,#382,#291,.T.);
#496=EDGE_CURVE('',#383,#384,#292,.T.);
#497=EDGE_CURVE('',#385,#383,#293,.T.);
#498=EDGE_CURVE('',#385,#384,#200,.T.);
#499=EDGE_CURVE('',#384,#380,#294,.T.);
#500=EDGE_CURVE('',#382,#385,#295,.T.);
#501=EDGE_CURVE('',#386,#387,#296,.T.);
#502=EDGE_CURVE('',#387,#386,#201,.T.);
#503=EDGE_CURVE('',#388,#389,#297,.T.);
#504=EDGE_CURVE('',#388,#389,#202,.T.);
#505=EDGE_CURVE('',#389,#386,#298,.T.);
#506=EDGE_CURVE('',#387,#388,#299,.T.);
#507=EDGE_CURVE('',#390,#391,#300,.T.);
#508=EDGE_CURVE('',#391,#390,#203,.T.);
#509=EDGE_CURVE('',#392,#393,#301,.T.);
#510=EDGE_CURVE('',#392,#393,#204,.T.);
#511=EDGE_CURVE('',#393,#390,#302,.T.);
#512=EDGE_CURVE('',#391,#392,#303,.T.);
#513=EDGE_CURVE('',#394,#395,#304,.T.);
#514=EDGE_CURVE('',#396,#394,#205,.T.);
#515=EDGE_CURVE('',#395,#396,#305,.T.);
#516=EDGE_CURVE('',#397,#398,#306,.T.);
#517=EDGE_CURVE('',#399,#397,#307,.T.);
#518=EDGE_CURVE('',#399,#398,#206,.T.);
#519=EDGE_CURVE('',#398,#394,#308,.T.);
#520=EDGE_CURVE('',#396,#399,#309,.T.);
#521=EDGE_CURVE('',#400,#401,#310,.T.);
#522=EDGE_CURVE('',#401,#400,#207,.T.);
#523=EDGE_CURVE('',#402,#400,#311,.T.);
#524=EDGE_CURVE('',#403,#402,#208,.T.);
#525=EDGE_CURVE('',#401,#403,#312,.T.);
#526=EDGE_CURVE('',#403,#402,#313,.T.);
#527=EDGE_CURVE('',#353,#357,#314,.T.);
#528=EDGE_CURVE('',#355,#383,#315,.T.);
#529=EDGE_CURVE('',#381,#397,#316,.T.);
#530=EDGE_CURVE('',#395,#371,#317,.T.);
#531=EDGE_CURVE('',#369,#377,#318,.T.);
#532=EDGE_CURVE('',#375,#404,#319,.T.);
#533=EDGE_CURVE('',#404,#328,#64,.T.);
#534=EDGE_CURVE('',#332,#404,#65,.T.);
#535=ORIENTED_EDGE('',*,*,#405,.F.);
#536=ORIENTED_EDGE('',*,*,#406,.T.);
#537=ORIENTED_EDGE('',*,*,#407,.F.);
#538=ORIENTED_EDGE('',*,*,#408,.T.);
#539=ORIENTED_EDGE('',*,*,#409,.F.);
#540=ORIENTED_EDGE('',*,*,#410,.F.);
#541=ORIENTED_EDGE('',*,*,#411,.F.);
#542=ORIENTED_EDGE('',*,*,#412,.F.);
#543=ORIENTED_EDGE('',*,*,#413,.F.);
#544=ORIENTED_EDGE('',*,*,#408,.F.);
#545=ORIENTED_EDGE('',*,*,#414,.F.);
#546=ORIENTED_EDGE('',*,*,#415,.F.);
#547=ORIENTED_EDGE('',*,*,#416,.F.);
#548=ORIENTED_EDGE('',*,*,#417,.F.);
#549=ORIENTED_EDGE('',*,*,#418,.F.);
#550=ORIENTED_EDGE('',*,*,#419,.F.);
#551=ORIENTED_EDGE('',*,*,#406,.F.);
#552=ORIENTED_EDGE('',*,*,#420,.F.);
#553=ORIENTED_EDGE('',*,*,#421,.F.);
#554=ORIENTED_EDGE('',*,*,#422,.F.);
#555=ORIENTED_EDGE('',*,*,#423,.F.);
#556=ORIENTED_EDGE('',*,*,#424,.F.);
#557=ORIENTED_EDGE('',*,*,#425,.F.);
#558=ORIENTED_EDGE('',*,*,#417,.T.);
#559=ORIENTED_EDGE('',*,*,#426,.F.);
#560=ORIENTED_EDGE('',*,*,#421,.T.);
#561=ORIENTED_EDGE('',*,*,#427,.F.);
#562=ORIENTED_EDGE('',*,*,#428,.F.);
#563=ORIENTED_EDGE('',*,*,#428,.T.);
#564=ORIENTED_EDGE('',*,*,#429,.T.);
#565=ORIENTED_EDGE('',*,*,#411,.T.);
#566=ORIENTED_EDGE('',*,*,#429,.F.);
#567=ORIENTED_EDGE('',*,*,#427,.T.);
#568=ORIENTED_EDGE('',*,*,#430,.T.);
#569=ORIENTED_EDGE('',*,*,#412,.T.);
#570=ORIENTED_EDGE('',*,*,#430,.F.);
#571=ORIENTED_EDGE('',*,*,#431,.F.);
#572=ORIENTED_EDGE('',*,*,#422,.T.);
#573=ORIENTED_EDGE('',*,*,#426,.T.);
#574=ORIENTED_EDGE('',*,*,#416,.T.);
#575=ORIENTED_EDGE('',*,*,#432,.F.);
#576=ORIENTED_EDGE('',*,*,#414,.T.);
#577=ORIENTED_EDGE('',*,*,#407,.T.);
#578=ORIENTED_EDGE('',*,*,#419,.T.);
#579=ORIENTED_EDGE('',*,*,#420,.T.);
#580=ORIENTED_EDGE('',*,*,#433,.F.);
#581=ORIENTED_EDGE('',*,*,#415,.T.);
#582=ORIENTED_EDGE('',*,*,#425,.T.);
#583=ORIENTED_EDGE('',*,*,#434,.T.);
#584=ORIENTED_EDGE('',*,*,#423,.T.);
#585=ORIENTED_EDGE('',*,*,#424,.T.);
#586=ORIENTED_EDGE('',*,*,#434,.F.);
#587=ORIENTED_EDGE('',*,*,#410,.T.);
#588=ORIENTED_EDGE('',*,*,#435,.F.);
#589=ORIENTED_EDGE('',*,*,#436,.F.);
#590=ORIENTED_EDGE('',*,*,#437,.F.);
#591=ORIENTED_EDGE('',*,*,#438,.T.);
#592=ORIENTED_EDGE('',*,*,#439,.T.);
#593=ORIENTED_EDGE('',*,*,#440,.F.);
#594=ORIENTED_EDGE('',*,*,#439,.F.);
#595=ORIENTED_EDGE('',*,*,#441,.F.);
#596=ORIENTED_EDGE('',*,*,#442,.F.);
#597=ORIENTED_EDGE('',*,*,#441,.T.);
#598=ORIENTED_EDGE('',*,*,#438,.F.);
#599=ORIENTED_EDGE('',*,*,#443,.F.);
#600=ORIENTED_EDGE('',*,*,#444,.F.);
#601=ORIENTED_EDGE('',*,*,#445,.T.);
#602=ORIENTED_EDGE('',*,*,#446,.F.);
#603=ORIENTED_EDGE('',*,*,#437,.T.);
#604=ORIENTED_EDGE('',*,*,#447,.F.);
#605=ORIENTED_EDGE('',*,*,#443,.T.);
#606=ORIENTED_EDGE('',*,*,#446,.T.);
#607=ORIENTED_EDGE('',*,*,#448,.T.);
#608=ORIENTED_EDGE('',*,*,#449,.T.);
#609=ORIENTED_EDGE('',*,*,#450,.T.);
#610=ORIENTED_EDGE('',*,*,#451,.F.);
#611=ORIENTED_EDGE('',*,*,#448,.F.);
#612=ORIENTED_EDGE('',*,*,#445,.F.);
#613=ORIENTED_EDGE('',*,*,#452,.F.);
#614=ORIENTED_EDGE('',*,*,#450,.F.);
#615=ORIENTED_EDGE('',*,*,#449,.F.);
#616=ORIENTED_EDGE('',*,*,#453,.F.);
#617=ORIENTED_EDGE('',*,*,#454,.T.);
#618=ORIENTED_EDGE('',*,*,#455,.T.);
#619=ORIENTED_EDGE('',*,*,#456,.T.);
#620=ORIENTED_EDGE('',*,*,#454,.F.);
#621=ORIENTED_EDGE('',*,*,#453,.T.);
#622=ORIENTED_EDGE('',*,*,#447,.T.);
#623=ORIENTED_EDGE('',*,*,#451,.T.);
#624=ORIENTED_EDGE('',*,*,#452,.T.);
#625=ORIENTED_EDGE('',*,*,#444,.T.);
#626=ORIENTED_EDGE('',*,*,#436,.T.);
#627=ORIENTED_EDGE('',*,*,#440,.T.);
#628=ORIENTED_EDGE('',*,*,#442,.T.);
#629=ORIENTED_EDGE('',*,*,#457,.F.);
#630=ORIENTED_EDGE('',*,*,#458,.F.);
#631=ORIENTED_EDGE('',*,*,#459,.F.);
#632=ORIENTED_EDGE('',*,*,#460,.F.);
#633=ORIENTED_EDGE('',*,*,#461,.F.);
#634=ORIENTED_EDGE('',*,*,#462,.T.);
#635=ORIENTED_EDGE('',*,*,#463,.F.);
#636=ORIENTED_EDGE('',*,*,#462,.F.);
#637=ORIENTED_EDGE('',*,*,#464,.F.);
#638=ORIENTED_EDGE('',*,*,#458,.T.);
#639=ORIENTED_EDGE('',*,*,#465,.F.);
#640=ORIENTED_EDGE('',*,*,#466,.F.);
#641=ORIENTED_EDGE('',*,*,#467,.F.);
#642=ORIENTED_EDGE('',*,*,#468,.T.);
#643=ORIENTED_EDGE('',*,*,#469,.F.);
#644=ORIENTED_EDGE('',*,*,#468,.F.);
#645=ORIENTED_EDGE('',*,*,#470,.F.);
#646=ORIENTED_EDGE('',*,*,#466,.T.);
#647=ORIENTED_EDGE('',*,*,#471,.F.);
#648=ORIENTED_EDGE('',*,*,#472,.F.);
#649=ORIENTED_EDGE('',*,*,#473,.F.);
#650=ORIENTED_EDGE('',*,*,#474,.T.);
#651=ORIENTED_EDGE('',*,*,#475,.F.);
#652=ORIENTED_EDGE('',*,*,#474,.F.);
#653=ORIENTED_EDGE('',*,*,#476,.F.);
#654=ORIENTED_EDGE('',*,*,#472,.T.);
#655=ORIENTED_EDGE('',*,*,#477,.F.);
#656=ORIENTED_EDGE('',*,*,#478,.F.);
#657=ORIENTED_EDGE('',*,*,#479,.F.);
#658=ORIENTED_EDGE('',*,*,#480,.F.);
#659=ORIENTED_EDGE('',*,*,#481,.F.);
#660=ORIENTED_EDGE('',*,*,#482,.T.);
#661=ORIENTED_EDGE('',*,*,#483,.F.);
#662=ORIENTED_EDGE('',*,*,#482,.F.);
#663=ORIENTED_EDGE('',*,*,#484,.F.);
#664=ORIENTED_EDGE('',*,*,#478,.T.);
#665=ORIENTED_EDGE('',*,*,#485,.F.);
#666=ORIENTED_EDGE('',*,*,#486,.F.);
#667=ORIENTED_EDGE('',*,*,#487,.F.);
#668=ORIENTED_EDGE('',*,*,#488,.F.);
#669=ORIENTED_EDGE('',*,*,#489,.F.);
#670=ORIENTED_EDGE('',*,*,#490,.T.);
#671=ORIENTED_EDGE('',*,*,#491,.F.);
#672=ORIENTED_EDGE('',*,*,#490,.F.);
#673=ORIENTED_EDGE('',*,*,#492,.F.);
#674=ORIENTED_EDGE('',*,*,#486,.T.);
#675=ORIENTED_EDGE('',*,*,#493,.F.);
#676=ORIENTED_EDGE('',*,*,#494,.F.);
#677=ORIENTED_EDGE('',*,*,#495,.F.);
#678=ORIENTED_EDGE('',*,*,#496,.F.);
#679=ORIENTED_EDGE('',*,*,#497,.F.);
#680=ORIENTED_EDGE('',*,*,#498,.T.);
#681=ORIENTED_EDGE('',*,*,#499,.F.);
#682=ORIENTED_EDGE('',*,*,#498,.F.);
#683=ORIENTED_EDGE('',*,*,#500,.F.);
#684=ORIENTED_EDGE('',*,*,#494,.T.);
#685=ORIENTED_EDGE('',*,*,#501,.F.);
#686=ORIENTED_EDGE('',*,*,#502,.F.);
#687=ORIENTED_EDGE('',*,*,#503,.F.);
#688=ORIENTED_EDGE('',*,*,#504,.T.);
#689=ORIENTED_EDGE('',*,*,#505,.F.);
#690=ORIENTED_EDGE('',*,*,#504,.F.);
#691=ORIENTED_EDGE('',*,*,#506,.F.);
#692=ORIENTED_EDGE('',*,*,#502,.T.);
#693=ORIENTED_EDGE('',*,*,#507,.F.);
#694=ORIENTED_EDGE('',*,*,#508,.F.);
#695=ORIENTED_EDGE('',*,*,#509,.F.);
#696=ORIENTED_EDGE('',*,*,#510,.T.);
#697=ORIENTED_EDGE('',*,*,#511,.F.);
#698=ORIENTED_EDGE('',*,*,#510,.F.);
#699=ORIENTED_EDGE('',*,*,#512,.F.);
#700=ORIENTED_EDGE('',*,*,#508,.T.);
#701=ORIENTED_EDGE('',*,*,#513,.F.);
#702=ORIENTED_EDGE('',*,*,#514,.F.);
#703=ORIENTED_EDGE('',*,*,#515,.F.);
#704=ORIENTED_EDGE('',*,*,#516,.F.);
#705=ORIENTED_EDGE('',*,*,#517,.F.);
#706=ORIENTED_EDGE('',*,*,#518,.T.);
#707=ORIENTED_EDGE('',*,*,#519,.F.);
#708=ORIENTED_EDGE('',*,*,#518,.F.);
#709=ORIENTED_EDGE('',*,*,#520,.F.);
#710=ORIENTED_EDGE('',*,*,#514,.T.);
#711=ORIENTED_EDGE('',*,*,#521,.F.);
#712=ORIENTED_EDGE('',*,*,#522,.F.);
#713=ORIENTED_EDGE('',*,*,#523,.F.);
#714=ORIENTED_EDGE('',*,*,#524,.F.);
#715=ORIENTED_EDGE('',*,*,#525,.F.);
#716=ORIENTED_EDGE('',*,*,#522,.T.);
#717=ORIENTED_EDGE('',*,*,#526,.F.);
#718=ORIENTED_EDGE('',*,*,#524,.T.);
#719=ORIENTED_EDGE('',*,*,#459,.T.);
#720=ORIENTED_EDGE('',*,*,#464,.T.);
#721=ORIENTED_EDGE('',*,*,#461,.T.);
#722=ORIENTED_EDGE('',*,*,#527,.F.);
#723=ORIENTED_EDGE('',*,*,#455,.F.);
#724=ORIENTED_EDGE('',*,*,#456,.F.);
#725=ORIENTED_EDGE('',*,*,#527,.T.);
#726=ORIENTED_EDGE('',*,*,#460,.T.);
#727=ORIENTED_EDGE('',*,*,#463,.T.);
#728=ORIENTED_EDGE('',*,*,#457,.T.);
#729=ORIENTED_EDGE('',*,*,#528,.T.);
#730=ORIENTED_EDGE('',*,*,#496,.T.);
#731=ORIENTED_EDGE('',*,*,#499,.T.);
#732=ORIENTED_EDGE('',*,*,#493,.T.);
#733=ORIENTED_EDGE('',*,*,#529,.T.);
#734=ORIENTED_EDGE('',*,*,#516,.T.);
#735=ORIENTED_EDGE('',*,*,#519,.T.);
#736=ORIENTED_EDGE('',*,*,#513,.T.);
#737=ORIENTED_EDGE('',*,*,#530,.T.);
#738=ORIENTED_EDGE('',*,*,#480,.T.);
#739=ORIENTED_EDGE('',*,*,#483,.T.);
#740=ORIENTED_EDGE('',*,*,#477,.T.);
#741=ORIENTED_EDGE('',*,*,#531,.T.);
#742=ORIENTED_EDGE('',*,*,#488,.T.);
#743=ORIENTED_EDGE('',*,*,#491,.T.);
#744=ORIENTED_EDGE('',*,*,#485,.T.);
#745=ORIENTED_EDGE('',*,*,#532,.T.);
#746=ORIENTED_EDGE('',*,*,#533,.T.);
#747=ORIENTED_EDGE('',*,*,#432,.T.);
#748=ORIENTED_EDGE('',*,*,#433,.T.);
#749=ORIENTED_EDGE('',*,*,#431,.T.);
#750=ORIENTED_EDGE('',*,*,#534,.T.);
#751=ORIENTED_EDGE('',*,*,#532,.F.);
#752=ORIENTED_EDGE('',*,*,#487,.T.);
#753=ORIENTED_EDGE('',*,*,#492,.T.);
#754=ORIENTED_EDGE('',*,*,#489,.T.);
#755=ORIENTED_EDGE('',*,*,#531,.F.);
#756=ORIENTED_EDGE('',*,*,#479,.T.);
#757=ORIENTED_EDGE('',*,*,#484,.T.);
#758=ORIENTED_EDGE('',*,*,#481,.T.);
#759=ORIENTED_EDGE('',*,*,#530,.F.);
#760=ORIENTED_EDGE('',*,*,#515,.T.);
#761=ORIENTED_EDGE('',*,*,#520,.T.);
#762=ORIENTED_EDGE('',*,*,#517,.T.);
#763=ORIENTED_EDGE('',*,*,#529,.F.);
#764=ORIENTED_EDGE('',*,*,#495,.T.);
#765=ORIENTED_EDGE('',*,*,#500,.T.);
#766=ORIENTED_EDGE('',*,*,#497,.T.);
#767=ORIENTED_EDGE('',*,*,#528,.F.);
#768=ORIENTED_EDGE('',*,*,#525,.T.);
#769=ORIENTED_EDGE('',*,*,#526,.T.);
#770=ORIENTED_EDGE('',*,*,#523,.T.);
#771=ORIENTED_EDGE('',*,*,#521,.T.);
#772=ORIENTED_EDGE('',*,*,#509,.T.);
#773=ORIENTED_EDGE('',*,*,#511,.T.);
#774=ORIENTED_EDGE('',*,*,#507,.T.);
#775=ORIENTED_EDGE('',*,*,#512,.T.);
#776=ORIENTED_EDGE('',*,*,#503,.T.);
#777=ORIENTED_EDGE('',*,*,#505,.T.);
#778=ORIENTED_EDGE('',*,*,#501,.T.);
#779=ORIENTED_EDGE('',*,*,#506,.T.);
#780=ORIENTED_EDGE('',*,*,#473,.T.);
#781=ORIENTED_EDGE('',*,*,#475,.T.);
#782=ORIENTED_EDGE('',*,*,#471,.T.);
#783=ORIENTED_EDGE('',*,*,#476,.T.);
#784=ORIENTED_EDGE('',*,*,#467,.T.);
#785=ORIENTED_EDGE('',*,*,#469,.T.);
#786=ORIENTED_EDGE('',*,*,#465,.T.);
#787=ORIENTED_EDGE('',*,*,#470,.T.);
#788=ORIENTED_EDGE('',*,*,#405,.T.);
#789=ORIENTED_EDGE('',*,*,#435,.T.);
#790=ORIENTED_EDGE('',*,*,#409,.T.);
#791=ORIENTED_EDGE('',*,*,#413,.T.);
#792=ORIENTED_EDGE('',*,*,#533,.F.);
#793=ORIENTED_EDGE('',*,*,#534,.F.);
#794=ORIENTED_EDGE('',*,*,#418,.T.);
#795=PLANE('',#898);
#796=PLANE('',#901);
#797=PLANE('',#906);
#798=PLANE('',#916);
#799=PLANE('',#920);
#800=PLANE('',#921);
#801=PLANE('',#922);
#802=PLANE('',#923);
#803=PLANE('',#924);
#804=PLANE('',#925);
#805=PLANE('',#926);
#806=PLANE('',#927);
#807=PLANE('',#928);
#808=PLANE('',#929);
#809=PLANE('',#930);
#810=PLANE('',#931);
#811=PLANE('',#932);
#812=PLANE('',#933);
#813=PLANE('',#934);
#814=PLANE('',#935);
#815=PLANE('',#936);
#816=PLANE('',#937);
#817=PLANE('',#938);
#818=PLANE('',#939);
#819=PLANE('',#940);
#820=PLANE('',#941);
#821=PLANE('',#942);
#822=PLANE('',#943);
#823=PLANE('',#944);
#824=PLANE('',#945);
#825=PLANE('',#946);
#826=PLANE('',#947);
#827=PLANE('',#948);
#828=PLANE('',#949);
#829=PLANE('',#950);
#830=ADVANCED_FACE('',(#66,#47,#48),#795,.T.);
#831=ADVANCED_FACE('',(#67),#36,.T.);
#832=ADVANCED_FACE('',(#68),#37,.T.);
#833=ADVANCED_FACE('',(#69),#38,.T.);
#834=ADVANCED_FACE('',(#70),#39,.T.);
#835=ADVANCED_FACE('',(#71,#49,#50),#796,.F.);
#836=ADVANCED_FACE('',(#72),#34,.T.);
#837=ADVANCED_FACE('',(#73),#35,.T.);
#838=ADVANCED_FACE('',(#74),#797,.F.);
#839=ADVANCED_FACE('',(#75),#40,.F.);
#840=ADVANCED_FACE('',(#76),#41,.F.);
#841=ADVANCED_FACE('',(#77),#42,.F.);
#842=ADVANCED_FACE('',(#78),#20,.T.);
#843=ADVANCED_FACE('',(#79),#21,.T.);
#844=ADVANCED_FACE('',(#80),#22,.T.);
#845=ADVANCED_FACE('',(#81),#43,.T.);
#846=ADVANCED_FACE('',(#82),#44,.T.);
#847=ADVANCED_FACE('',(#83),#23,.T.);
#848=ADVANCED_FACE('',(#84),#798,.T.);
#849=ADVANCED_FACE('',(#85),#24,.F.);
#850=ADVANCED_FACE('',(#86,#51),#799,.T.);
#851=ADVANCED_FACE('',(#87),#800,.F.);
#852=ADVANCED_FACE('',(#88),#801,.F.);
#853=ADVANCED_FACE('',(#89),#802,.F.);
#854=ADVANCED_FACE('',(#90),#803,.F.);
#855=ADVANCED_FACE('',(#91),#804,.F.);
#856=ADVANCED_FACE('',(#92),#805,.F.);
#857=ADVANCED_FACE('',(#93),#806,.F.);
#858=ADVANCED_FACE('',(#94),#807,.F.);
#859=ADVANCED_FACE('',(#95),#808,.F.);
#860=ADVANCED_FACE('',(#96),#809,.F.);
#861=ADVANCED_FACE('',(#97),#810,.F.);
#862=ADVANCED_FACE('',(#98),#811,.F.);
#863=ADVANCED_FACE('',(#99),#812,.F.);
#864=ADVANCED_FACE('',(#100),#813,.F.);
#865=ADVANCED_FACE('',(#101),#814,.F.);
#866=ADVANCED_FACE('',(#102),#815,.F.);
#867=ADVANCED_FACE('',(#103),#816,.F.);
#868=ADVANCED_FACE('',(#104),#817,.F.);
#869=ADVANCED_FACE('',(#105),#818,.F.);
#870=ADVANCED_FACE('',(#106),#819,.F.);
#871=ADVANCED_FACE('',(#107),#820,.F.);
#872=ADVANCED_FACE('',(#108),#821,.F.);
#873=ADVANCED_FACE('',(#109),#822,.F.);
#874=ADVANCED_FACE('',(#110),#823,.F.);
#875=ADVANCED_FACE('',(#111),#824,.F.);
#876=ADVANCED_FACE('',(#112),#825,.F.);
#877=ADVANCED_FACE('',(#113),#826,.F.);
#878=ADVANCED_FACE('',(#114),#827,.F.);
#879=ADVANCED_FACE('',(#115),#828,.F.);
#880=ADVANCED_FACE('',(#116),#829,.F.);
#881=ADVANCED_FACE('',(#117,#52,#53,#54,#55,#56),#45,.F.);
#882=ADVANCED_FACE('',(#118),#46,.F.);
#883=CLOSED_SHELL('',(#830,#831,#832,#833,#834,#835,#836,#837,#838,#839,
#840,#841,#842,#843,#844,#845,#846,#847,#848,#849,#850,#851,#852,#853,#854,
#855,#856,#857,#858,#859,#860,#861,#862,#863,#864,#865,#866,#867,#868,#869,
#870,#871,#872,#873,#874,#875,#876,#877,#878,#879,#880,#881,#882));
#884=DERIVED_UNIT_ELEMENT(#886,1.);
#885=DERIVED_UNIT_ELEMENT(#2709,-3.);
#886=(
MASS_UNIT()
NAMED_UNIT(*)
SI_UNIT(.KILO.,.GRAM.)
);
#887=DERIVED_UNIT((#884,#885));
#888=MEASURE_REPRESENTATION_ITEM('density measure',
POSITIVE_RATIO_MEASURE(7850.),#887);
#889=PROPERTY_DEFINITION_REPRESENTATION(#894,#891);
#890=PROPERTY_DEFINITION_REPRESENTATION(#895,#892);
#891=REPRESENTATION('material name',(#893),#2706);
#892=REPRESENTATION('density',(#888),#2706);
#893=DESCRIPTIVE_REPRESENTATION_ITEM('Steel','Steel');
#894=PROPERTY_DEFINITION('material property','material name',#2721);
#895=PROPERTY_DEFINITION('material property','density of part',#2721);
#896=AXIS2_PLACEMENT_3D('',#1097,#954,#955);
#897=AXIS2_PLACEMENT_3D('',#1098,#956,#957);
#898=AXIS2_PLACEMENT_3D('',#1099,#958,#959);
#899=AXIS2_PLACEMENT_3D('',#1168,#961,#962);
#900=AXIS2_PLACEMENT_3D('',#1170,#963,#964);
#901=AXIS2_PLACEMENT_3D('',#1377,#965,#966);
#902=AXIS2_PLACEMENT_3D('',#1434,#968,#969);
#903=AXIS2_PLACEMENT_3D('',#1436,#970,#971);
#904=AXIS2_PLACEMENT_3D('',#1437,#972,#973);
#905=AXIS2_PLACEMENT_3D('',#1439,#975,#976);
#906=AXIS2_PLACEMENT_3D('',#1441,#978,#979);
#907=AXIS2_PLACEMENT_3D('',#1442,#980,#981);
#908=AXIS2_PLACEMENT_3D('',#1443,#982,#983);
#909=AXIS2_PLACEMENT_3D('',#1472,#984,#985);
#910=AXIS2_PLACEMENT_3D('',#1473,#986,#987);
#911=AXIS2_PLACEMENT_3D('',#1530,#988,#989);
#912=AXIS2_PLACEMENT_3D('',#1601,#991,#992);
#913=AXIS2_PLACEMENT_3D('',#1841,#993,#994);
#914=AXIS2_PLACEMENT_3D('',#1844,#996,#997);
#915=AXIS2_PLACEMENT_3D('',#1845,#998,#999);
#916=AXIS2_PLACEMENT_3D('',#1846,#1000,#1001);
#917=AXIS2_PLACEMENT_3D('',#1866,#1002,#1003);
#918=AXIS2_PLACEMENT_3D('',#1870,#1005,#1006);
#919=AXIS2_PLACEMENT_3D('',#1871,#1007,#1008);
#920=AXIS2_PLACEMENT_3D('',#1872,#1009,#1010);
#921=AXIS2_PLACEMENT_3D('',#1873,#1011,#1012);
#922=AXIS2_PLACEMENT_3D('',#1904,#1014,#1015);
#923=AXIS2_PLACEMENT_3D('',#1935,#1017,#1018);
#924=AXIS2_PLACEMENT_3D('',#1944,#1019,#1020);
#925=AXIS2_PLACEMENT_3D('',#1973,#1022,#1023);
#926=AXIS2_PLACEMENT_3D('',#2002,#1025,#1026);
#927=AXIS2_PLACEMENT_3D('',#2011,#1027,#1028);
#928=AXIS2_PLACEMENT_3D('',#2040,#1030,#1031);
#929=AXIS2_PLACEMENT_3D('',#2063,#1033,#1034);
#930=AXIS2_PLACEMENT_3D('',#2072,#1035,#1036);
#931=AXIS2_PLACEMENT_3D('',#2100,#1038,#1039);
#932=AXIS2_PLACEMENT_3D('',#2131,#1041,#1042);
#933=AXIS2_PLACEMENT_3D('',#2140,#1043,#1044);
#934=AXIS2_PLACEMENT_3D('',#2168,#1046,#1047);
#935=AXIS2_PLACEMENT_3D('',#2196,#1049,#1050);
#936=AXIS2_PLACEMENT_3D('',#2205,#1051,#1052);
#937=AXIS2_PLACEMENT_3D('',#2236,#1054,#1055);
#938=AXIS2_PLACEMENT_3D('',#2267,#1057,#1058);
#939=AXIS2_PLACEMENT_3D('',#2285,#1059,#1060);
#940=AXIS2_PLACEMENT_3D('',#2314,#1062,#1063);
#941=AXIS2_PLACEMENT_3D('',#2343,#1065,#1066);
#942=AXIS2_PLACEMENT_3D('',#2361,#1067,#1068);
#943=AXIS2_PLACEMENT_3D('',#2390,#1070,#1071);
#944=AXIS2_PLACEMENT_3D('',#2419,#1073,#1074);
#945=AXIS2_PLACEMENT_3D('',#2440,#1075,#1076);
#946=AXIS2_PLACEMENT_3D('',#2471,#1078,#1079);
#947=AXIS2_PLACEMENT_3D('',#2502,#1081,#1082);
#948=AXIS2_PLACEMENT_3D('',#2523,#1083,#1084);
#949=AXIS2_PLACEMENT_3D('',#2546,#1086,#1087);
#950=AXIS2_PLACEMENT_3D('',#2558,#1089,#1090);
#951=AXIS2_PLACEMENT_3D('',#2671,#1091,#1092);
#952=AXIS2_PLACEMENT_3D('',#2672,#1093,#1094);
#953=AXIS2_PLACEMENT_3D('',#2701,#1095,#1096);
#954=DIRECTION('axis',(0.,0.,1.));
#955=DIRECTION('refdir',(1.,0.,0.));
#956=DIRECTION('axis',(0.,0.,1.));
#957=DIRECTION('refdir',(1.,0.,0.));
#958=DIRECTION('center_axis',(0.,1.,0.));
#959=DIRECTION('ref_axis',(1.,0.,0.));
#960=DIRECTION('',(0.,0.,1.));
#961=DIRECTION('center_axis',(0.,1.,0.));
#962=DIRECTION('ref_axis',(1.,0.,0.));
#963=DIRECTION('center_axis',(0.,1.,0.));
#964=DIRECTION('ref_axis',(1.,0.,0.));
#965=DIRECTION('center_axis',(0.,1.,0.));
#966=DIRECTION('ref_axis',(1.,0.,0.));
#967=DIRECTION('',(0.,0.,-1.));
#968=DIRECTION('center_axis',(0.,-1.,0.));
#969=DIRECTION('ref_axis',(1.,0.,0.));
#970=DIRECTION('center_axis',(0.,-1.,0.));
#971=DIRECTION('ref_axis',(1.,0.,0.));
#972=DIRECTION('center_axis',(0.,1.,0.));
#973=DIRECTION('ref_axis',(1.,0.,0.));
#974=DIRECTION('',(0.,-1.,0.));
#975=DIRECTION('center_axis',(0.,1.,0.));
#976=DIRECTION('ref_axis',(1.,0.,0.));
#977=DIRECTION('',(0.,-1.,0.));
#978=DIRECTION('center_axis',(1.,0.,0.));
#979=DIRECTION('ref_axis',(0.,0.,-1.));
#980=DIRECTION('center_axis',(1.,0.,0.));
#981=DIRECTION('ref_axis',(0.,1.,4.53034369736952E-17));
#982=DIRECTION('center_axis',(1.,0.,0.));
#983=DIRECTION('ref_axis',(0.,1.,4.53034369736952E-17));
#984=DIRECTION('center_axis',(1.,0.,0.));
#985=DIRECTION('ref_axis',(0.,1.,4.53034369736952E-17));
#986=DIRECTION('center_axis',(1.,0.,0.));
#987=DIRECTION('ref_axis',(0.,0.,-1.));
#988=DIRECTION('center_axis',(1.,0.,0.));
#989=DIRECTION('ref_axis',(0.,0.,-1.));
#990=DIRECTION('',(0.,0.,1.));
#991=DIRECTION('center_axis',(-1.,0.,0.));
#992=DIRECTION('ref_axis',(-4.39436519377084E-32,1.16319446885072E-16,1.));
#993=DIRECTION('center_axis',(-1.,0.,0.));
#994=DIRECTION('ref_axis',(0.,1.19881246810675E-16,-1.));
#995=DIRECTION('',(1.,0.,0.));
#996=DIRECTION('center_axis',(-1.,0.,0.));
#997=DIRECTION('ref_axis',(0.,1.19881246810675E-16,-1.));
#998=DIRECTION('center_axis',(-1.,0.,0.));
#999=DIRECTION('ref_axis',(0.,1.19881246810675E-16,-1.));
#1000=DIRECTION('center_axis',(1.,0.,0.));
#1001=DIRECTION('ref_axis',(0.,1.,0.));
#1002=DIRECTION('center_axis',(1.,0.,0.));
#1003=DIRECTION('ref_axis',(0.,-1.99951400577334E-18,-1.));
#1004=DIRECTION('',(-1.,0.,0.));
#1005=DIRECTION('center_axis',(1.,0.,0.));
#1006=DIRECTION('ref_axis',(0.,-1.99951400577334E-18,-1.));
#1007=DIRECTION('center_axis',(1.,0.,0.));
#1008=DIRECTION('ref_axis',(0.,-1.99951400577334E-18,-1.));
#1009=DIRECTION('center_axis',(1.,0.,0.));
#1010=DIRECTION('ref_axis',(0.,0.,-1.));
#1011=DIRECTION('center_axis',(-1.,0.,0.));
#1012=DIRECTION('ref_axis',(0.,1.,0.));
#1013=DIRECTION('',(0.,0.,-1.));
#1014=DIRECTION('center_axis',(1.,0.,0.));
#1015=DIRECTION('ref_axis',(0.,-1.,0.));
#1016=DIRECTION('',(0.,0.,-1.));
#1017=DIRECTION('center_axis',(1.58603289232165E-16,1.,0.));
#1018=DIRECTION('ref_axis',(1.,-1.58603289232165E-16,0.));
#1019=DIRECTION('center_axis',(1.,0.,0.));
#1020=DIRECTION('ref_axis',(0.,-1.,0.));
#1021=DIRECTION('',(0.,0.,-1.));
#1022=DIRECTION('center_axis',(-1.,0.,0.));
#1023=DIRECTION('ref_axis',(0.,1.,0.));
#1024=DIRECTION('',(0.,0.,-1.));
#1025=DIRECTION('center_axis',(0.,-1.,0.));
#1026=DIRECTION('ref_axis',(-1.,0.,0.));
#1027=DIRECTION('center_axis',(1.,0.,0.));
#1028=DIRECTION('ref_axis',(0.,-1.,0.));
#1029=DIRECTION('',(0.,0.,-1.));
#1030=DIRECTION('center_axis',(-1.,0.,0.));
#1031=DIRECTION('ref_axis',(0.,1.,0.));
#1032=DIRECTION('',(0.,0.,-1.));
#1033=DIRECTION('center_axis',(0.,-1.,0.));
#1034=DIRECTION('ref_axis',(-1.,0.,0.));
#1035=DIRECTION('center_axis',(-1.,0.,0.));
#1036=DIRECTION('ref_axis',(0.,1.,0.));
#1037=DIRECTION('',(0.,0.,-1.));
#1038=DIRECTION('center_axis',(1.,0.,0.));
#1039=DIRECTION('ref_axis',(0.,-1.,0.));
#1040=DIRECTION('',(0.,0.,-1.));
#1041=DIRECTION('center_axis',(0.,1.,0.));
#1042=DIRECTION('ref_axis',(1.,0.,0.));
#1043=DIRECTION('center_axis',(-1.,0.,0.));
#1044=DIRECTION('ref_axis',(0.,1.,0.));
#1045=DIRECTION('',(0.,0.,-1.));
#1046=DIRECTION('center_axis',(1.,0.,0.));
#1047=DIRECTION('ref_axis',(0.,-1.,0.));
#1048=DIRECTION('',(0.,0.,-1.));
#1049=DIRECTION('center_axis',(0.,1.,0.));
#1050=DIRECTION('ref_axis',(1.,0.,0.));
#1051=DIRECTION('center_axis',(-1.,0.,0.));
#1052=DIRECTION('ref_axis',(0.,1.,0.));
#1053=DIRECTION('',(0.,0.,-1.));
#1054=DIRECTION('center_axis',(1.,0.,0.));
#1055=DIRECTION('ref_axis',(0.,-1.,0.));
#1056=DIRECTION('',(0.,0.,-1.));
#1057=DIRECTION('center_axis',(-7.93016446160827E-17,1.,0.));
#1058=DIRECTION('ref_axis',(1.,7.93016446160827E-17,0.));
#1059=DIRECTION('center_axis',(1.,0.,0.));
#1060=DIRECTION('ref_axis',(0.,-1.,0.));
#1061=DIRECTION('',(0.,0.,-1.));
#1062=DIRECTION('center_axis',(-1.,0.,0.));
#1063=DIRECTION('ref_axis',(0.,1.,0.));
#1064=DIRECTION('',(0.,0.,-1.));
#1065=DIRECTION('center_axis',(-7.93016446160827E-17,-1.,0.));
#1066=DIRECTION('ref_axis',(-1.,7.93016446160827E-17,0.));
#1067=DIRECTION('center_axis',(1.,0.,0.));
#1068=DIRECTION('ref_axis',(0.,-1.,0.));
#1069=DIRECTION('',(0.,0.,-1.));
#1070=DIRECTION('center_axis',(-1.,0.,0.));
#1071=DIRECTION('ref_axis',(0.,1.,0.));
#1072=DIRECTION('',(0.,0.,-1.));
#1073=DIRECTION('center_axis',(-7.93016446160827E-17,-1.,0.));
#1074=DIRECTION('ref_axis',(-1.,7.93016446160827E-17,0.));
#1075=DIRECTION('center_axis',(-1.,0.,0.));
#1076=DIRECTION('ref_axis',(0.,1.,0.));
#1077=DIRECTION('',(0.,0.,-1.));
#1078=DIRECTION('center_axis',(1.,0.,0.));
#1079=DIRECTION('ref_axis',(0.,-1.,0.));
#1080=DIRECTION('',(0.,0.,-1.));
#1081=DIRECTION('center_axis',(-7.93016446160827E-17,1.,0.));
#1082=DIRECTION('ref_axis',(1.,7.93016446160827E-17,0.));
#1083=DIRECTION('center_axis',(1.,0.,0.));
#1084=DIRECTION('ref_axis',(0.,-1.,0.));
#1085=DIRECTION('',(0.,0.,-1.));
#1086=DIRECTION('center_axis',(0.,-1.,0.));
#1087=DIRECTION('ref_axis',(-1.,0.,0.));
#1088=DIRECTION('',(0.,0.,-1.));
#1089=DIRECTION('center_axis',(-1.,0.,0.));
#1090=DIRECTION('ref_axis',(0.,1.,0.));
#1091=DIRECTION('center_axis',(1.,0.,0.));
#1092=DIRECTION('ref_axis',(0.,1.,4.53034369736952E-17));
#1093=DIRECTION('center_axis',(1.,0.,0.));
#1094=DIRECTION('ref_axis',(0.,1.,4.53034369736952E-17));
#1095=DIRECTION('',(0.,0.,1.));
#1096=DIRECTION('',(1.,0.,0.));
#1097=CARTESIAN_POINT('',(0.,0.,0.));
#1098=CARTESIAN_POINT('',(0.,0.,0.));
#1099=CARTESIAN_POINT('Origin',(-98.3320658020732,-0.922379675002443,19.6142565187869));
#1100=CARTESIAN_POINT('',(-80.1828826649788,-0.922379675002447,26.5299399070869));
#1101=CARTESIAN_POINT('',(-92.,-0.922379675002443,25.2089704070793));
#1102=CARTESIAN_POINT('Ctrl Pts',(-80.1828826649788,-0.922379675002443,
26.5299399070869));
#1103=CARTESIAN_POINT('Ctrl Pts',(-80.3279450551138,-0.922379675002443,
26.5197363604528));
#1104=CARTESIAN_POINT('Ctrl Pts',(-80.5139712385014,-0.922379675002443,
26.5065242588004));
#1105=CARTESIAN_POINT('Ctrl Pts',(-81.221538009756,-0.922379675002443,26.456060330238));
#1106=CARTESIAN_POINT('Ctrl Pts',(-81.826493273123,-0.922379675002447,26.4122683234641));
#1107=CARTESIAN_POINT('Ctrl Pts',(-83.9946831096758,-0.922379675002447,
26.2499017041858));
#1108=CARTESIAN_POINT('Ctrl Pts',(-85.8939893065257,-0.922379674978329,
26.0967238157886));
#1109=CARTESIAN_POINT('Ctrl Pts',(-88.9693638042098,-0.922379674978329,
25.7204879550115));
#1110=CARTESIAN_POINT('Ctrl Pts',(-89.8392376060228,-0.922379675002447,
25.5380032167583));
#1111=CARTESIAN_POINT('Ctrl Pts',(-91.1592619376727,-0.922379675002447,
25.2862051695848));
#1112=CARTESIAN_POINT('Ctrl Pts',(-91.6069484066934,-0.922379675002443,
25.2089704070793));
#1113=CARTESIAN_POINT('Ctrl Pts',(-92.,-0.922379675002443,25.2089704070793));
#1114=CARTESIAN_POINT('',(-80.,-0.922379675002443,25.9681358764298));
#1115=CARTESIAN_POINT('Ctrl Pts',(-80.1828826649788,-0.922379675002464,
26.5299399070869));
#1116=CARTESIAN_POINT('Ctrl Pts',(-80.1219217766525,-0.922379675002464,
26.3426718968678));
#1117=CARTESIAN_POINT('Ctrl Pts',(-80.0609608883263,-0.922379675002457,
26.1554038866488));
#1118=CARTESIAN_POINT('Ctrl Pts',(-80.,-0.922379675002456,25.9681358764298));
#1119=CARTESIAN_POINT('',(-80.,-0.922379675002443,13.2603771612198));
#1120=CARTESIAN_POINT('',(-80.,-0.922379675002447,26.6142565188817));
#1121=CARTESIAN_POINT('',(-80.1828826649427,-0.922379675002443,12.6985731306739));
#1122=CARTESIAN_POINT('Ctrl Pts',(-80.,-0.922379675002449,13.2603771612198));
#1123=CARTESIAN_POINT('Ctrl Pts',(-80.0609608883142,-0.922379675002449,
13.0731091510379));
#1124=CARTESIAN_POINT('Ctrl Pts',(-80.1219217766284,-0.922379675002449,
12.8858411408559));
#1125=CARTESIAN_POINT('Ctrl Pts',(-80.1828826649427,-0.922379675002449,
12.6985731306739));
#1126=CARTESIAN_POINT('',(-92.,-0.922379675002443,14.019542630684));
#1127=CARTESIAN_POINT('Ctrl Pts',(-92.,-0.922379675002443,14.019542630684));
#1128=CARTESIAN_POINT('Ctrl Pts',(-91.2798542596891,-0.922379675002443,
14.019542630684));
#1129=CARTESIAN_POINT('Ctrl Pts',(-90.8238004493692,-0.922379675002442,
13.8637488359));
#1130=CARTESIAN_POINT('Ctrl Pts',(-89.490965204469,-0.922379675002442,13.6266257756672));
#1131=CARTESIAN_POINT('Ctrl Pts',(-88.8822464991803,-0.922379675002442,
13.5183293881195));
#1132=CARTESIAN_POINT('Ctrl Pts',(-88.090170098949,-0.922379675002445,13.3935389310069));
#1133=CARTESIAN_POINT('Ctrl Pts',(-87.0046204731147,-0.922379675002445,
13.269291259513));
#1134=CARTESIAN_POINT('Ctrl Pts',(-86.0320046589411,-0.922379675002445,
13.1579695407326));
#1135=CARTESIAN_POINT('Ctrl Pts',(-84.8907743356391,-0.922379675002442,
13.0548792684162));
#1136=CARTESIAN_POINT('Ctrl Pts',(-83.690755255128,-0.922379675002442,12.9588725621984));
#1137=CARTESIAN_POINT('Ctrl Pts',(-83.0439688558667,-0.922379675002442,
12.9071268584608));
#1138=CARTESIAN_POINT('Ctrl Pts',(-82.3787701730119,-0.922379675002448,
12.857059604436));
#1139=CARTESIAN_POINT('Ctrl Pts',(-81.7101364570939,-0.922379675002448,
12.8081648283268));
#1140=CARTESIAN_POINT('Ctrl Pts',(-81.1382165406365,-0.922379675002448,
12.7663423841367));
#1141=CARTESIAN_POINT('Ctrl Pts',(-80.4942650716433,-0.92237967500244,12.7204754645928));
#1142=CARTESIAN_POINT('Ctrl Pts',(-80.1828826649427,-0.92237967500244,12.6985731306739));
#1143=CARTESIAN_POINT('Ctrl Pts',(-92.,-0.922379675002441,25.2089704070793));
#1144=CARTESIAN_POINT('Ctrl Pts',(-93.6517779327215,-0.922379675002441,
25.024212248752));
#1145=CARTESIAN_POINT('Ctrl Pts',(-95.4573402503436,-0.922379675002443,
24.6901708225802));
#1146=CARTESIAN_POINT('Ctrl Pts',(-97.7617918043141,-0.922379675002443,
23.7661312274178));
#1147=CARTESIAN_POINT('Ctrl Pts',(-98.5102738513893,-0.922379675002443,
23.3724730761926));
#1148=CARTESIAN_POINT('Ctrl Pts',(-99.6421618062276,-0.922379675002443,
22.4533630488451));
#1149=CARTESIAN_POINT('Ctrl Pts',(-100.068884524244,-0.922379675002443,
21.9749159274273));
#1150=CARTESIAN_POINT('Ctrl Pts',(-100.521464769536,-0.922379675002443,
21.1300920226008));
#1151=CARTESIAN_POINT('Ctrl Pts',(-100.637675360139,-0.922379674997549,
20.8335506672571));
#1152=CARTESIAN_POINT('Ctrl Pts',(-100.76377331002,-0.922379674997549,20.3319687080863));
#1153=CARTESIAN_POINT('Ctrl Pts',(-100.796811284941,-0.922379675002443,
20.1363538502075));
#1154=CARTESIAN_POINT('Ctrl Pts',(-100.828893975179,-0.922379675002443,
19.7700601074647));
#1155=CARTESIAN_POINT('Ctrl Pts',(-100.832130374082,-0.922379675002443,
19.600564484181));
#1156=CARTESIAN_POINT('Ctrl Pts',(-100.814708234598,-0.922379675002447,
19.2466325407977));
#1157=CARTESIAN_POINT('Ctrl Pts',(-100.791850096154,-0.922379675015654,
19.0629553901722));
#1158=CARTESIAN_POINT('Ctrl Pts',(-100.703715622577,-0.922379675015654,
18.6234509131097));
#1159=CARTESIAN_POINT('Ctrl Pts',(-100.625087972952,-0.922379675002447,
18.372321677607));
#1160=CARTESIAN_POINT('Ctrl Pts',(-100.290560370766,-0.922379675002447,
17.5910940972097));
#1161=CARTESIAN_POINT('Ctrl Pts',(-99.9454198913224,-0.922379675002465,
17.1182751229957));
#1162=CARTESIAN_POINT('Ctrl Pts',(-98.9567183655021,-0.922379675002465,
16.1557273868953));
#1163=CARTESIAN_POINT('Ctrl Pts',(-98.2629298814007,-0.922379675002447,
15.7275049433402));
#1164=CARTESIAN_POINT('Ctrl Pts',(-95.9349088894909,-0.922379675002443,
14.6413246794429));
#1165=CARTESIAN_POINT('Ctrl Pts',(-93.9405868712589,-0.922379675002443,
14.2366052571457));
#1166=CARTESIAN_POINT('Ctrl Pts',(-92.,-0.922379675002443,14.019542630684));
#1167=CARTESIAN_POINT('',(-89.2686730416572,-0.922379675002443,19.6142565188817));
#1168=CARTESIAN_POINT('Origin',(-88.5186730416572,-0.922379675002443,19.6142565188817));
#1169=CARTESIAN_POINT('',(-86.2686730416572,-0.922379675002443,19.6142565188817));
#1170=CARTESIAN_POINT('Origin',(-85.5186730416572,-0.922379675002443,19.6142565188817));
#1171=CARTESIAN_POINT('Ctrl Pts',(-80.0090883320711,-0.803588158687691,
12.6419982949316));
#1172=CARTESIAN_POINT('Ctrl Pts',(-79.9481274437568,-0.803588158687691,
12.8292663051136));
#1173=CARTESIAN_POINT('Ctrl Pts',(-79.8871665554426,-0.803588158687693,
13.0165343152956));
#1174=CARTESIAN_POINT('Ctrl Pts',(-79.8262056671284,-0.803588158687693,
13.2038023254776));
#1175=CARTESIAN_POINT('Ctrl Pts',(-80.0218040157498,-0.833684697127061,
12.6461375997271));
#1176=CARTESIAN_POINT('Ctrl Pts',(-79.9608431274356,-0.833684697127061,
12.833405609909));
#1177=CARTESIAN_POINT('Ctrl Pts',(-79.8998822391213,-0.833684697127064,
13.020673620091));
#1178=CARTESIAN_POINT('Ctrl Pts',(-79.8389213508071,-0.833684697127064,
13.207941630273));
#1179=CARTESIAN_POINT('Ctrl Pts',(-80.0682926901295,-0.896098037588225,
12.6612709419566));
#1180=CARTESIAN_POINT('Ctrl Pts',(-80.0073318018152,-0.896098037588225,
12.8485389521386));
#1181=CARTESIAN_POINT('Ctrl Pts',(-79.946370913501,-0.896098037588229,13.0358069623206));
#1182=CARTESIAN_POINT('Ctrl Pts',(-79.8854100251868,-0.896098037588228,
13.2230749725026));
#1183=CARTESIAN_POINT('Ctrl Pts',(-80.1411278035401,-0.922379675002445,
12.6849807747768));
#1184=CARTESIAN_POINT('Ctrl Pts',(-80.0801669152259,-0.922379675002445,
12.8722487849588));
#1185=CARTESIAN_POINT('Ctrl Pts',(-80.0192060269116,-0.922379675002448,
13.0595167951408));
#1186=CARTESIAN_POINT('Ctrl Pts',(-79.9582451385974,-0.922379675002447,
13.2467848053227));
#1187=CARTESIAN_POINT('Ctrl Pts',(-80.1828826649427,-0.922379675002449,
12.6985731306739));
#1188=CARTESIAN_POINT('Ctrl Pts',(-80.1219217766284,-0.922379675002449,
12.8858411408559));
#1189=CARTESIAN_POINT('Ctrl Pts',(-80.0609608883142,-0.922379675002449,
13.0731091510379));
#1190=CARTESIAN_POINT('Ctrl Pts',(-80.,-0.922379675002449,13.2603771612198));
#1191=CARTESIAN_POINT('',(-80.,-0.803588158687694,12.6699170787599));
#1192=CARTESIAN_POINT('Ctrl Pts',(-80.1828826649427,-0.922379675002448,
12.6985731306739));
#1193=CARTESIAN_POINT('Ctrl Pts',(-80.1660833079702,-0.922379675002446,
12.6973914803362));
#1194=CARTESIAN_POINT('Ctrl Pts',(-80.1493630582995,-0.920377320910353,
12.6959195526314));
#1195=CARTESIAN_POINT('Ctrl Pts',(-80.1184889100283,-0.912753892456104,
12.6926458885134));
#1196=CARTESIAN_POINT('Ctrl Pts',(-80.1043439711056,-0.907543995196329,
12.6909032664377));
#1197=CARTESIAN_POINT('Ctrl Pts',(-80.0676132865276,-0.889035530175306,
12.6857158297424));
#1198=CARTESIAN_POINT('Ctrl Pts',(-80.0469386350954,-0.87280998206166,12.6820231112927));
#1199=CARTESIAN_POINT('Ctrl Pts',(-80.0098869185167,-0.828899960175535,
12.6736522210458));
#1200=CARTESIAN_POINT('Ctrl Pts',(-80.0013302802876,-0.806711104601253,
12.6703132712872));
#1201=CARTESIAN_POINT('Ctrl Pts',(-80.,-0.803588158687696,12.6699170787599));
#1202=CARTESIAN_POINT('Ctrl Pts',(-80.,-0.803588158687698,12.6699170787599));
#1203=CARTESIAN_POINT('Ctrl Pts',(-80.,-0.805709136365453,12.672961566276));
#1204=CARTESIAN_POINT('Ctrl Pts',(-80.,-0.807749118381675,12.6760326142611));
#1205=CARTESIAN_POINT('Ctrl Pts',(-80.,-0.835667379107763,12.7198074828282));
#1206=CARTESIAN_POINT('Ctrl Pts',(-80.,-0.85362556960114,12.7703659326017));
#1207=CARTESIAN_POINT('Ctrl Pts',(-80.,-0.901504679083205,12.9262451639278));
#1208=CARTESIAN_POINT('Ctrl Pts',(-80.,-0.92237967500244,13.0899367465591));
#1209=CARTESIAN_POINT('Ctrl Pts',(-80.,-0.922379675002445,13.2603771612198));
#1210=CARTESIAN_POINT('Ctrl Pts',(-79.8262232748976,0.958870471417967,13.2038080572907));
#1211=CARTESIAN_POINT('Ctrl Pts',(-79.8871774032001,0.958870471417966,13.0165608134391));
#1212=CARTESIAN_POINT('Ctrl Pts',(-79.9481315315026,0.958870471417963,12.8293135695875));
#1213=CARTESIAN_POINT('Ctrl Pts',(-80.0090856598051,0.958870471417963,12.6420663257358));
#1214=CARTESIAN_POINT('Ctrl Pts',(-79.8389429661171,0.98895800914405,13.2079486666509));
#1215=CARTESIAN_POINT('Ctrl Pts',(-79.8998970944196,0.98895800914405,13.0207014227993));
#1216=CARTESIAN_POINT('Ctrl Pts',(-79.9608512227221,0.988958009144046,12.8334541789477));
#1217=CARTESIAN_POINT('Ctrl Pts',(-80.0218053510246,0.988958009144046,12.646206935096));
#1218=CARTESIAN_POINT('Ctrl Pts',(-79.8854325071965,1.05134944580664,13.2230822910151));
#1219=CARTESIAN_POINT('Ctrl Pts',(-79.946386635499,1.05134944580664,13.0358350471635));
#1220=CARTESIAN_POINT('Ctrl Pts',(-80.0073407638015,1.05134944580663,12.8485878033118));
#1221=CARTESIAN_POINT('Ctrl Pts',(-80.068294892104,1.05134944580663,12.6613405594602));
#1222=CARTESIAN_POINT('Ctrl Pts',(-79.958253396357,1.07762032499757,13.2467874934506));
#1223=CARTESIAN_POINT('Ctrl Pts',(-80.0192075246595,1.07762032499757,13.059540249599));
#1224=CARTESIAN_POINT('Ctrl Pts',(-80.080161652962,1.07762032499756,12.8722930057473));
#1225=CARTESIAN_POINT('Ctrl Pts',(-80.1411157812645,1.07762032499756,12.6850457618957));
#1226=CARTESIAN_POINT('Ctrl Pts',(-80.,1.07762032499757,13.2603771612198));
#1227=CARTESIAN_POINT('Ctrl Pts',(-80.0609541283025,1.07762032499757,13.0731299173682));
#1228=CARTESIAN_POINT('Ctrl Pts',(-80.121908256605,1.07762032499756,12.8858826735166));
#1229=CARTESIAN_POINT('Ctrl Pts',(-80.1828623849075,1.07762032499756,12.6986354296649));
#1230=CARTESIAN_POINT('',(-80.,0.958870471417974,12.6699769005312));
#1231=CARTESIAN_POINT('',(-80.1828623849075,1.07762032499755,12.6986354296649));
#1232=CARTESIAN_POINT('Ctrl Pts',(-80.,0.958870471417966,12.6699769005312));
#1233=CARTESIAN_POINT('Ctrl Pts',(-80.0002793546776,0.959525873062401,12.6700600932676));
#1234=CARTESIAN_POINT('Ctrl Pts',(-80.0009265480163,0.961069888892863,12.6702863183606));
#1235=CARTESIAN_POINT('Ctrl Pts',(-80.0019370125867,0.963316016480595,12.6706267704055));
#1236=CARTESIAN_POINT('Ctrl Pts',(-80.0033079612065,0.966363451894603,12.6710886789918));
#1237=CARTESIAN_POINT('Ctrl Pts',(-80.0053530554496,0.970703298092826,12.6717626262089));
#1238=CARTESIAN_POINT('Ctrl Pts',(-80.008119068542,0.975817381214397,12.6725956106954));
#1239=CARTESIAN_POINT('Ctrl Pts',(-80.0097052137209,0.978750005904553,12.6730732781118));
#1240=CARTESIAN_POINT('Ctrl Pts',(-80.0115287306943,0.981936292010406,12.6736033429917));
#1241=CARTESIAN_POINT('Ctrl Pts',(-80.0135899085013,0.985275914717217,12.6741730339894));
#1242=CARTESIAN_POINT('Ctrl Pts',(-80.0204670340309,0.996418575238111,12.6760738096));
#1243=CARTESIAN_POINT('Ctrl Pts',(-80.0284535009906,1.00680618145253,12.6779903198914));
#1244=CARTESIAN_POINT('Ctrl Pts',(-80.0374223564141,1.01629227595279,12.6798792965831));
#1245=CARTESIAN_POINT('Ctrl Pts',(-80.0410462807156,1.02012519406353,12.6806425498874));
#1246=CARTESIAN_POINT('Ctrl Pts',(-80.0448310882041,1.02381063667925,12.6814014697404));
#1247=CARTESIAN_POINT('Ctrl Pts',(-80.048770188103,1.02733742727305,12.6821537825816));
#1248=CARTESIAN_POINT('Ctrl Pts',(-80.0520573813695,1.03028054691701,12.6827815903979));
#1249=CARTESIAN_POINT('Ctrl Pts',(-80.0554414346951,1.03310368770376,12.683402875172));
#1250=CARTESIAN_POINT('Ctrl Pts',(-80.0589169357567,1.03580199531922,12.6840166512731));
#1251=CARTESIAN_POINT('Ctrl Pts',(-80.0692507622915,1.04382496591866,12.6858416128102));
#1252=CARTESIAN_POINT('Ctrl Pts',(-80.0803903399937,1.05074734288847,12.6875993093413));
#1253=CARTESIAN_POINT('Ctrl Pts',(-80.0921441046166,1.0565406902128,12.6892477857117));
#1254=CARTESIAN_POINT('Ctrl Pts',(-80.0979526869332,1.0594036992913,12.6900624447594));
#1255=CARTESIAN_POINT('Ctrl Pts',(-80.1039118403575,1.06199037310689,12.6908506161502));
#1256=CARTESIAN_POINT('Ctrl Pts',(-80.1100009105539,1.06429344039455,12.6916080389683));
#1257=CARTESIAN_POINT('Ctrl Pts',(-80.122571256944,1.06904791893261,12.6931716713261));
#1258=CARTESIAN_POINT('Ctrl Pts',(-80.1355696453184,1.07254974072075,12.6945881247787));
#1259=CARTESIAN_POINT('Ctrl Pts',(-80.1488020534642,1.07477206486064,12.6958355595402));
#1260=CARTESIAN_POINT('Ctrl Pts',(-80.1600219747567,1.07665640077752,12.6968932747865));
#1261=CARTESIAN_POINT('Ctrl Pts',(-80.1714113502099,1.07762032499756,12.6978298652343));
#1262=CARTESIAN_POINT('Ctrl Pts',(-80.1828623849075,1.07762032499756,12.6986354296649));
#1263=CARTESIAN_POINT('',(-80.,1.07762032499755,13.2603771612199));
#1264=CARTESIAN_POINT('Ctrl Pts',(-80.,1.07762032499757,13.2603771612198));
#1265=CARTESIAN_POINT('Ctrl Pts',(-80.,1.07762032499757,13.0890879152953));
#1266=CARTESIAN_POINT('Ctrl Pts',(-80.,1.05653690862056,12.9246496934711));
#1267=CARTESIAN_POINT('Ctrl Pts',(-80.,1.00788143655734,12.7674416021407));
#1268=CARTESIAN_POINT('Ctrl Pts',(-80.,0.988047892499238,12.7118844007453));
#1269=CARTESIAN_POINT('Ctrl Pts',(-80.,0.958870471417979,12.6699769005312));
#1270=CARTESIAN_POINT('Ctrl Pts',(-80.1828623849075,1.07762032499756,12.6986354296649));
#1271=CARTESIAN_POINT('Ctrl Pts',(-80.121908256605,1.07762032499756,12.8858826735166));
#1272=CARTESIAN_POINT('Ctrl Pts',(-80.0609541283025,1.07762032499757,13.0731299173682));
#1273=CARTESIAN_POINT('Ctrl Pts',(-80.,1.07762032499757,13.2603771612198));
#1274=CARTESIAN_POINT('Ctrl Pts',(-79.8262056670917,-0.80358815860084,26.024710712184));
#1275=CARTESIAN_POINT('Ctrl Pts',(-79.887166555418,-0.80358815860084,26.211978722403));
#1276=CARTESIAN_POINT('Ctrl Pts',(-79.9481274437443,-0.803588158600841,
26.3992467326221));
#1277=CARTESIAN_POINT('Ctrl Pts',(-80.0090883320705,-0.803588158600841,
26.5865147428411));
#1278=CARTESIAN_POINT('Ctrl Pts',(-79.8431599119855,-0.843716876545019,
26.019191639127));
#1279=CARTESIAN_POINT('Ctrl Pts',(-79.9041208003118,-0.843716876545019,
26.2064596493461));
#1280=CARTESIAN_POINT('Ctrl Pts',(-79.9650816886381,-0.843716876545021,
26.3937276595651));
#1281=CARTESIAN_POINT('Ctrl Pts',(-80.0260425769643,-0.843716876545021,
26.5809956697842));
#1282=CARTESIAN_POINT('Ctrl Pts',(-79.8955723511691,-0.903043413011467,
26.0021299485145));
#1283=CARTESIAN_POINT('Ctrl Pts',(-79.9565332394954,-0.903043413011468,
26.1893979587335));
#1284=CARTESIAN_POINT('Ctrl Pts',(-80.0174941278217,-0.903043413011472,
26.3766659689526));
#1285=CARTESIAN_POINT('Ctrl Pts',(-80.078455016148,-0.903043413011472,26.5639339791716));
#1286=CARTESIAN_POINT('Ctrl Pts',(-79.9686838539352,-0.922379675002454,
25.9783301433568));
#1287=CARTESIAN_POINT('Ctrl Pts',(-80.0296447422614,-0.922379675002455,
26.1655981535758));
#1288=CARTESIAN_POINT('Ctrl Pts',(-80.0906056305877,-0.922379675002461,
26.3528661637949));
#1289=CARTESIAN_POINT('Ctrl Pts',(-80.151566518914,-0.922379675002461,26.5401341740139));
#1290=CARTESIAN_POINT('Ctrl Pts',(-80.,-0.922379675002456,25.9681358764298));
#1291=CARTESIAN_POINT('Ctrl Pts',(-80.0609608883263,-0.922379675002457,
26.1554038866488));
#1292=CARTESIAN_POINT('Ctrl Pts',(-80.1219217766525,-0.922379675002464,
26.3426718968678));
#1293=CARTESIAN_POINT('Ctrl Pts',(-80.1828826649788,-0.922379675002464,
26.5299399070869));
#1294=CARTESIAN_POINT('',(-80.,-0.803588158600839,26.5585959590145));
#1295=CARTESIAN_POINT('Ctrl Pts',(-80.,-0.803588158600842,26.5585959590145));
#1296=CARTESIAN_POINT('Ctrl Pts',(-80.0002783746649,-0.804241666761053,
26.558513051703));
#1297=CARTESIAN_POINT('Ctrl Pts',(-80.0009220386847,-0.805778091759908,
26.5582880963285));
#1298=CARTESIAN_POINT('Ctrl Pts',(-80.0019271725683,-0.808011762920005,
26.5579493918028));
#1299=CARTESIAN_POINT('Ctrl Pts',(-80.0032890770117,-0.811038271853362,
26.5574904646828));
#1300=CARTESIAN_POINT('Ctrl Pts',(-80.0053201205177,-0.815344521495301,
26.5568209096516));
#1301=CARTESIAN_POINT('Ctrl Pts',(-80.0080679754486,-0.820417811452275,
26.555992509543));
#1302=CARTESIAN_POINT('Ctrl Pts',(-80.0096722402033,-0.823379721914288,
26.5555088693471));
#1303=CARTESIAN_POINT('Ctrl Pts',(-80.0115211610389,-0.826602176816708,
26.5549709791566));
#1304=CARTESIAN_POINT('Ctrl Pts',(-80.0136149179476,-0.829981131928193,
26.5543921731814));
#1305=CARTESIAN_POINT('Ctrl Pts',(-80.0205079039433,-0.841105198034634,
26.5524866504032));
#1306=CARTESIAN_POINT('Ctrl Pts',(-80.0285144272726,-0.851468998592802,
26.5505642008445));
#1307=CARTESIAN_POINT('Ctrl Pts',(-80.0374907497952,-0.86095181731454,26.5486735395906));
#1308=CARTESIAN_POINT('Ctrl Pts',(-80.0411190023143,-0.864784796892561,
26.5479093294768));
#1309=CARTESIAN_POINT('Ctrl Pts',(-80.0449062018519,-0.868473542692211,
26.5471501496715));
#1310=CARTESIAN_POINT('Ctrl Pts',(-80.0488446337405,-0.872008581676599,
26.5463986385936));
#1311=CARTESIAN_POINT('Ctrl Pts',(-80.0586903828824,-0.880845882417488,
26.5445199239784));
#1312=CARTESIAN_POINT('Ctrl Pts',(-80.0693831304941,-0.888639382416303,
26.5427073747574));
#1313=CARTESIAN_POINT('Ctrl Pts',(-80.0807746946875,-0.895273725874768,
26.5409883110572));
#1314=CARTESIAN_POINT('Ctrl Pts',(-80.0826533076254,-0.896367812976805,
26.5407048157221));
#1315=CARTESIAN_POINT('Ctrl Pts',(-80.0845510101765,-0.897430302664421,
26.5404238353379));
#1316=CARTESIAN_POINT('Ctrl Pts',(-80.0864672302905,-0.898460583698365,
26.5401454623095));
#1317=CARTESIAN_POINT('Ctrl Pts',(-80.0940298372707,-0.902526719150143,
26.539046827663));
#1318=CARTESIAN_POINT('Ctrl Pts',(-80.1018805504092,-0.906091848202236,
26.5379889093305));
#1319=CARTESIAN_POINT('Ctrl Pts',(-80.1099661934564,-0.909147329661848,
26.5369832507384));
#1320=CARTESIAN_POINT('Ctrl Pts',(-80.1224579891611,-0.913867850955038,
26.5354295732377));
#1321=CARTESIAN_POINT('Ctrl Pts',(-80.1353867292875,-0.917327949533593,
26.5340164762531));
#1322=CARTESIAN_POINT('Ctrl Pts',(-80.1485461090714,-0.919528188201079,
26.53277057643));
#1323=CARTESIAN_POINT('Ctrl Pts',(-80.15985986984,-0.921419840720178,26.531699415572));
#1324=CARTESIAN_POINT('Ctrl Pts',(-80.1713453812654,-0.922379675002463,
26.5307514283385));
#1325=CARTESIAN_POINT('Ctrl Pts',(-80.1828826649788,-0.922379675002464,
26.5299399070869));
#1326=CARTESIAN_POINT('Ctrl Pts',(-80.,-0.922379675002455,25.9681358764298));
#1327=CARTESIAN_POINT('Ctrl Pts',(-80.,-0.922379675002457,26.1394251223545));
#1328=CARTESIAN_POINT('Ctrl Pts',(-80.,-0.901296258625401,26.3038633441787));
#1329=CARTESIAN_POINT('Ctrl Pts',(-80.,-0.852635470801064,26.4610886109803));
#1330=CARTESIAN_POINT('Ctrl Pts',(-80.,-0.832788347578155,26.5166815100192));
#1331=CARTESIAN_POINT('Ctrl Pts',(-80.,-0.803588158600847,26.5585959590145));
#1332=CARTESIAN_POINT('Ctrl Pts',(-80.0090856598045,0.95887047133111,26.5864467120369));
#1333=CARTESIAN_POINT('Ctrl Pts',(-79.94813153149,0.95887047133111,26.3991994681482));
#1334=CARTESIAN_POINT('Ctrl Pts',(-79.8871774031754,0.958870471331108,26.2119522242595));
#1335=CARTESIAN_POINT('Ctrl Pts',(-79.8262232748609,0.958870471331108,26.0247049803708));
#1336=CARTESIAN_POINT('Ctrl Pts',(-80.0218053510157,0.988958009075956,26.5823061026794));
#1337=CARTESIAN_POINT('Ctrl Pts',(-79.9608512227012,0.988958009075956,26.3950588587907));
#1338=CARTESIAN_POINT('Ctrl Pts',(-79.8998970943866,0.988958009075953,26.207811614902));
#1339=CARTESIAN_POINT('Ctrl Pts',(-79.8389429660721,0.988958009075953,26.0205643710133));
#1340=CARTESIAN_POINT('Ctrl Pts',(-80.0682952513337,1.05134893930067,26.5671723613732));
#1341=CARTESIAN_POINT('Ctrl Pts',(-80.0073411230191,1.05134893930067,26.3799251174845));
#1342=CARTESIAN_POINT('Ctrl Pts',(-79.9463869947046,1.05134893930067,26.1926778735958));
#1343=CARTESIAN_POINT('Ctrl Pts',(-79.88543286639,1.05134893930067,26.0054306297071));
#1344=CARTESIAN_POINT('Ctrl Pts',(-80.1411157812835,1.07762032499755,26.5434672758707));
#1345=CARTESIAN_POINT('Ctrl Pts',(-80.0801616529689,1.07762032499755,26.356220031982));
#1346=CARTESIAN_POINT('Ctrl Pts',(-80.0192075246544,1.07762032499754,26.1689727880932));
#1347=CARTESIAN_POINT('Ctrl Pts',(-79.9582533963398,1.07762032499754,25.9817255442045));
#1348=CARTESIAN_POINT('Ctrl Pts',(-80.1828623849437,1.07762032499755,26.5298776080958));
#1349=CARTESIAN_POINT('Ctrl Pts',(-80.1219082566291,1.07762032499755,26.3426303642071));
#1350=CARTESIAN_POINT('Ctrl Pts',(-80.0609541283145,1.07762032499754,26.1553831203184));
#1351=CARTESIAN_POINT('Ctrl Pts',(-80.,1.07762032499754,25.9681358764297));
#1352=CARTESIAN_POINT('',(-80.1828623849437,1.07762032499755,26.5298776080958));
#1353=CARTESIAN_POINT('',(-80.,0.95887047133111,26.5585361372432));
#1354=CARTESIAN_POINT('Ctrl Pts',(-80.1828623849437,1.07762032499754,26.5298776080958));
#1355=CARTESIAN_POINT('Ctrl Pts',(-80.166058810104,1.07762032499754,26.5310597163118));
#1356=CARTESIAN_POINT('Ctrl Pts',(-80.1493344172571,1.07561695318755,26.5325323747906));
#1357=CARTESIAN_POINT('Ctrl Pts',(-80.1184537435238,1.06798979708421,26.5358078075049));
#1358=CARTESIAN_POINT('Ctrl Pts',(-80.1043063974955,1.06277755782473,26.5375513917481));
#1359=CARTESIAN_POINT('Ctrl Pts',(-80.0675731464254,1.04426235353606,26.5427414239513));
#1360=CARTESIAN_POINT('Ctrl Pts',(-80.046899031773,1.028032392644,26.5464358708426));
#1361=CARTESIAN_POINT('Ctrl Pts',(-80.0098798986983,0.984145898479318,26.5548042209865));
#1362=CARTESIAN_POINT('Ctrl Pts',(-80.0013295877281,0.961989853444148,26.5581401816699));
#1363=CARTESIAN_POINT('Ctrl Pts',(-80.,0.958870471331125,26.5585361372432));
#1364=CARTESIAN_POINT('',(-80.,1.07762032499755,25.9681358764298));
#1365=CARTESIAN_POINT('Ctrl Pts',(-80.,1.07762032499754,25.9681358764297));
#1366=CARTESIAN_POINT('Ctrl Pts',(-80.0609541283145,1.07762032499754,26.1553831203184));
#1367=CARTESIAN_POINT('Ctrl Pts',(-80.1219082566291,1.07762032499755,26.3426303642071));
#1368=CARTESIAN_POINT('Ctrl Pts',(-80.1828623849437,1.07762032499755,26.5298776080958));
#1369=CARTESIAN_POINT('Ctrl Pts',(-80.,0.958870471331109,26.5585361372432));
#1370=CARTESIAN_POINT('Ctrl Pts',(-80.,0.960976503978022,26.555511244699));
#1371=CARTESIAN_POINT('Ctrl Pts',(-80.,0.96300259174213,26.5524603167945));
#1372=CARTESIAN_POINT('Ctrl Pts',(-80.,0.990908029102648,26.5087055548218));
#1373=CARTESIAN_POINT('Ctrl Pts',(-80.,1.00886621959599,26.4581471050486));
#1374=CARTESIAN_POINT('Ctrl Pts',(-80.,1.05674532907818,26.3022678737222));
#1375=CARTESIAN_POINT('Ctrl Pts',(-80.,1.07762032499754,26.1385762910909));
#1376=CARTESIAN_POINT('Ctrl Pts',(-80.,1.07762032499754,25.9681358764297));
#1377=CARTESIAN_POINT('Origin',(-98.3320658020732,1.07762032499755,19.6142565187869));
#1378=CARTESIAN_POINT('',(-92.,1.07762032499755,25.2081690255599));
#1379=CARTESIAN_POINT('Ctrl Pts',(-92.,1.07762032499755,25.2081690255599));
#1380=CARTESIAN_POINT('Ctrl Pts',(-91.2801640861424,1.07762032499755,25.2081690255599));
#1381=CARTESIAN_POINT('Ctrl Pts',(-90.8242591490086,1.07762032499756,25.3639613727162));
#1382=CARTESIAN_POINT('Ctrl Pts',(-89.4928171236716,1.07762032499756,25.6010819578384));
#1383=CARTESIAN_POINT('Ctrl Pts',(-88.8844685578711,1.07762032499756,25.7094246157505));
#1384=CARTESIAN_POINT('Ctrl Pts',(-88.0928636281934,1.07762032499755,25.8342922954743));
#1385=CARTESIAN_POINT('Ctrl Pts',(-87.0078705519496,1.07762032499755,25.9586065843285));
#1386=CARTESIAN_POINT('Ctrl Pts',(-86.0352865652976,1.07762032499755,26.0700414766785));
#1387=CARTESIAN_POINT('Ctrl Pts',(-84.893535291407,1.07762032499755,26.1732559045772));
#1388=CARTESIAN_POINT('Ctrl Pts',(-83.6928970022563,1.07762032499755,26.2693524822043));
#1389=CARTESIAN_POINT('Ctrl Pts',(-83.045916252694,1.07762032499755,26.3211354682921));
#1390=CARTESIAN_POINT('Ctrl Pts',(-82.380456486566,1.07762032499756,26.3712374962535));
#1391=CARTESIAN_POINT('Ctrl Pts',(-81.7114791935722,1.07762032499756,26.4201685659027));
#1392=CARTESIAN_POINT('Ctrl Pts',(-81.1389979839997,1.07762032499756,26.4620416133616));
#1393=CARTESIAN_POINT('Ctrl Pts',(-80.4944403157595,1.07762032499755,26.5079585322171));
#1394=CARTESIAN_POINT('Ctrl Pts',(-80.1828623849437,1.07762032499755,26.5298776080958));
#1395=CARTESIAN_POINT('',(-92.,1.07762032499755,14.0203440122034));
#1396=CARTESIAN_POINT('Ctrl Pts',(-92.,1.07762032499755,14.0203440122034));
#1397=CARTESIAN_POINT('Ctrl Pts',(-93.6513536712879,1.07762032499755,14.2050811464011));
#1398=CARTESIAN_POINT('Ctrl Pts',(-95.4563700956252,1.07762032499755,14.5390441467823));
#1399=CARTESIAN_POINT('Ctrl Pts',(-97.7604609574225,1.07762032499755,15.4628129194079));
#1400=CARTESIAN_POINT('Ctrl Pts',(-98.5089671738522,1.07762032499755,15.8564297385897));
#1401=CARTESIAN_POINT('Ctrl Pts',(-99.640886544952,1.07762032499755,16.7754432206318));
#1402=CARTESIAN_POINT('Ctrl Pts',(-100.067633474075,1.07762032499755,17.2538415024609));
#1403=CARTESIAN_POINT('Ctrl Pts',(-100.520251845432,1.07762032499755,18.0986071528488));
#1404=CARTESIAN_POINT('Ctrl Pts',(-100.636476295801,1.07762032499266,18.3951410424786));
#1405=CARTESIAN_POINT('Ctrl Pts',(-100.762576630337,1.07762032499266,18.8966913574373));
#1406=CARTESIAN_POINT('Ctrl Pts',(-100.795612149405,1.07762032499755,19.0922779839401));
#1407=CARTESIAN_POINT('Ctrl Pts',(-100.82768959836,1.07762032499755,19.4585106204126));
#1408=CARTESIAN_POINT('Ctrl Pts',(-100.830924433512,1.07762032499755,19.6279725853295));
#1409=CARTESIAN_POINT('Ctrl Pts',(-100.813501157487,1.07762032499755,19.9818445438717));
#1410=CARTESIAN_POINT('Ctrl Pts',(-100.790642269995,1.07762032501075,20.1654945608328));
#1411=CARTESIAN_POINT('Ctrl Pts',(-100.702499264195,1.07762032501075,20.6049723701618));
#1412=CARTESIAN_POINT('Ctrl Pts',(-100.623856462309,1.07762032499755,20.8560988617446));
#1413=CARTESIAN_POINT('Ctrl Pts',(-100.289293064554,1.07762032499755,21.6372467584876));
#1414=CARTESIAN_POINT('Ctrl Pts',(-99.9441430241677,1.07762032499757,22.1099935021341));
#1415=CARTESIAN_POINT('Ctrl Pts',(-98.955496896729,1.07762032499757,23.0723583667574));
#1416=CARTESIAN_POINT('Ctrl Pts',(-98.2617817473598,1.07762032499755,23.5005002999288));
#1417=CARTESIAN_POINT('Ctrl Pts',(-95.9340891402824,1.07762032499755,24.5864667771489));
#1418=CARTESIAN_POINT('Ctrl Pts',(-93.9401504875183,1.07762032499755,24.99112415673));
#1419=CARTESIAN_POINT('Ctrl Pts',(-92.,1.07762032499755,25.2081690255599));
#1420=CARTESIAN_POINT('Ctrl Pts',(-80.1828623849075,1.07762032499756,12.698635429665));
#1421=CARTESIAN_POINT('Ctrl Pts',(-80.3279853055946,1.07762032499756,12.7088446261313));
#1422=CARTESIAN_POINT('Ctrl Pts',(-80.5140577779408,1.07762032499756,12.7220619423128));
#1423=CARTESIAN_POINT('Ctrl Pts',(-81.221891166297,1.07762032499756,12.7725527426372));
#1424=CARTESIAN_POINT('Ctrl Pts',(-81.8269491883319,1.07762032499756,12.8163602987486));
#1425=CARTESIAN_POINT('Ctrl Pts',(-83.9954878128637,1.07762032499756,12.9787920742641));
#1426=CARTESIAN_POINT('Ctrl Pts',(-85.8952042475868,1.07762032497295,13.1320553070214));
#1427=CARTESIAN_POINT('Ctrl Pts',(-88.9711613873569,1.07762032497295,13.5086708636715));
#1428=CARTESIAN_POINT('Ctrl Pts',(-89.8411285594204,1.07762032499755,13.6914119056409));
#1429=CARTESIAN_POINT('Ctrl Pts',(-91.1600070739639,1.07762032499755,13.9431665502899));
#1430=CARTESIAN_POINT('Ctrl Pts',(-91.6072701316715,1.07762032499755,14.0203440122034));
#1431=CARTESIAN_POINT('Ctrl Pts',(-92.,1.07762032499755,14.0203440122034));
#1432=CARTESIAN_POINT('',(-80.,1.07762032499755,26.6142565188817));
#1433=CARTESIAN_POINT('',(-86.2686730416572,1.07762032499755,19.6142565188817));
#1434=CARTESIAN_POINT('Origin',(-85.5186730416572,1.07762032499755,19.6142565188817));
#1435=CARTESIAN_POINT('',(-89.2686730416572,1.07762032499755,19.6142565188817));
#1436=CARTESIAN_POINT('Origin',(-88.5186730416572,1.07762032499755,19.6142565188817));
#1437=CARTESIAN_POINT('Origin',(-88.5186730416572,-0.922379675002443,19.6142565188817));
#1438=CARTESIAN_POINT('',(-89.2686730416572,-0.922379675002443,19.6142565188817));
#1439=CARTESIAN_POINT('Origin',(-85.5186730416572,-0.922379675002443,19.6142565188817));
#1440=CARTESIAN_POINT('',(-86.2686730416572,-0.922379675002443,19.6142565188817));
#1441=CARTESIAN_POINT('Origin',(-80.,0.0776203249975538,26.6142565188817));
#1442=CARTESIAN_POINT('Origin',(-80.,0.0774054510332123,19.6142565188817));
#1443=CARTESIAN_POINT('Origin',(-80.,0.0774054510332123,19.6142565188817));
#1444=CARTESIAN_POINT('Ctrl Pts',(-80.,0.958870471417969,12.6699769005312));
#1445=CARTESIAN_POINT('Ctrl Pts',(-80.0401009182988,0.958870471417969,12.6699769005312));
#1446=CARTESIAN_POINT('Ctrl Pts',(-88.8,0.329252599714573,13.205920005811));
#1447=CARTESIAN_POINT('Ctrl Pts',(-92.,0.329252599714573,13.205920005811));
#1448=CARTESIAN_POINT('Ctrl Pts',(-80.,2.63074926704848,12.8821951229623));
#1449=CARTESIAN_POINT('Ctrl Pts',(-80.0403247528946,2.63074926704848,12.8821951229623));
#1450=CARTESIAN_POINT('Ctrl Pts',(-88.8,0.806932255609004,13.4017597268889));
#1451=CARTESIAN_POINT('Ctrl Pts',(-92.,0.806932255609004,13.4017597268889));
#1452=CARTESIAN_POINT('Ctrl Pts',(-80.,5.80339558615241,14.5690089330612));
#1453=CARTESIAN_POINT('Ctrl Pts',(-80.0419409604118,5.80339558615241,14.5690089330612));
#1454=CARTESIAN_POINT('Ctrl Pts',(-88.8,1.71340263249584,14.9583892297452));
#1455=CARTESIAN_POINT('Ctrl Pts',(-92.,1.71340263249584,14.9583892297452));
#1456=CARTESIAN_POINT('Ctrl Pts',(-80.0000000000001,7.72126213418778,19.6142565188963));
#1457=CARTESIAN_POINT('Ctrl Pts',(-80.0440295197942,7.72126213418778,19.6142565188963));
#1458=CARTESIAN_POINT('Ctrl Pts',(-88.8000000000001,2.26136450336309,19.6142565188952));
#1459=CARTESIAN_POINT('Ctrl Pts',(-92.,2.26136450336309,19.6142565188952));
#1460=CARTESIAN_POINT('Ctrl Pts',(-80.,5.80339558612962,24.6595041047453));
#1461=CARTESIAN_POINT('Ctrl Pts',(-80.0419409604118,5.80339558612962,24.6595041047453));
#1462=CARTESIAN_POINT('Ctrl Pts',(-88.8,1.71340263248933,24.270123808058));
#1463=CARTESIAN_POINT('Ctrl Pts',(-92.,1.71340263248933,24.270123808058));
#1464=CARTESIAN_POINT('Ctrl Pts',(-80.,2.63074926697875,26.3463179148311));
#1465=CARTESIAN_POINT('Ctrl Pts',(-80.0403247528945,2.63074926697875,26.3463179148311));
#1466=CARTESIAN_POINT('Ctrl Pts',(-88.8,0.80693225558908,25.8267533109022));
#1467=CARTESIAN_POINT('Ctrl Pts',(-92.,0.80693225558908,25.8267533109022));
#1468=CARTESIAN_POINT('Ctrl Pts',(-80.,0.958870471331105,26.5585361372432));
#1469=CARTESIAN_POINT('Ctrl Pts',(-80.0401009182988,0.958870471331105,26.5585361372432));
#1470=CARTESIAN_POINT('Ctrl Pts',(-88.8,0.329252599689753,26.0225930319625));
#1471=CARTESIAN_POINT('Ctrl Pts',(-92.,0.329252599689753,26.0225930319625));
#1472=CARTESIAN_POINT('Origin',(-80.,0.0774054510332123,19.6142565188817));
#1473=CARTESIAN_POINT('Origin',(-92.,0.0774054510332123,19.6142565188817));
#1474=CARTESIAN_POINT('Ctrl Pts',(-92.,1.07762032499755,14.0203440122034));
#1475=CARTESIAN_POINT('Ctrl Pts',(-96.3872025093394,1.01181796637394,14.3883993909321));
#1476=CARTESIAN_POINT('Ctrl Pts',(-99.3308390793323,0.844844284330566,15.322065735054));
#1477=CARTESIAN_POINT('Ctrl Pts',(-100.830909709979,0.576870942968743,16.8207451825006));
#1478=CARTESIAN_POINT('Ctrl Pts',(-92.,1.37986275276457,14.5841184438278));
#1479=CARTESIAN_POINT('Ctrl Pts',(-96.3872025093394,1.29417270916847,14.9151194872584));
#1480=CARTESIAN_POINT('Ctrl Pts',(-99.3308390793323,1.07679284149149,15.7542976656913));
#1481=CARTESIAN_POINT('Ctrl Pts',(-100.830909709979,0.727782665185469,17.1024237931197));
#1482=CARTESIAN_POINT('Ctrl Pts',(-92.,1.88990499769415,16.2346595438705));
#1483=CARTESIAN_POINT('Ctrl Pts',(-96.3872025093394,1.77061404654688,16.4570731319543));
#1484=CARTESIAN_POINT('Ctrl Pts',(-99.3308390793323,1.46827395845306,17.0209364569782));
#1485=CARTESIAN_POINT('Ctrl Pts',(-100.830909709979,0.982526593652249,17.926579132263));
#1486=CARTESIAN_POINT('Ctrl Pts',(-92.,2.17149100581443,19.6142565188817));
#1487=CARTESIAN_POINT('Ctrl Pts',(-96.3872025093394,2.03368409494478,19.6142565188817));
#1488=CARTESIAN_POINT('Ctrl Pts',(-99.3308390793322,1.6842750099432,19.6142565188817));
#1489=CARTESIAN_POINT('Ctrl Pts',(-100.830909709979,1.12332032388324,19.6142565188817));
#1490=CARTESIAN_POINT('Ctrl Pts',(-92.,1.88990499769415,22.9938534938928));
#1491=CARTESIAN_POINT('Ctrl Pts',(-96.3872025093394,1.77061404654688,22.771439905809));
#1492=CARTESIAN_POINT('Ctrl Pts',(-99.3308390793322,1.46827395845306,22.2075765807851));
#1493=CARTESIAN_POINT('Ctrl Pts',(-100.830909709979,0.982526593652248,21.3019339055003));
#1494=CARTESIAN_POINT('Ctrl Pts',(-92.,1.37986275276457,24.6443945939356));
#1495=CARTESIAN_POINT('Ctrl Pts',(-96.3872025093394,1.29417270916847,24.313393550505));
#1496=CARTESIAN_POINT('Ctrl Pts',(-99.3308390793323,1.07679284149149,23.4742153720721));
#1497=CARTESIAN_POINT('Ctrl Pts',(-100.830909709979,0.727782665185469,22.1260892446436));
#1498=CARTESIAN_POINT('Ctrl Pts',(-92.,1.07762032499755,25.2081690255599));
#1499=CARTESIAN_POINT('Ctrl Pts',(-96.3872025093394,1.01181796637394,24.8401136468312));
#1500=CARTESIAN_POINT('Ctrl Pts',(-99.3308390793323,0.844844284330565,23.9064473027093));
#1501=CARTESIAN_POINT('Ctrl Pts',(-100.830909709979,0.576870942968742,22.4077678552627));
#1502=CARTESIAN_POINT('Ctrl Pts',(-92.,-0.922379675002445,25.2089704070793));
#1503=CARTESIAN_POINT('Ctrl Pts',(-96.388378455996,-0.856587952280852,24.8407635763858));
#1504=CARTESIAN_POINT('Ctrl Pts',(-99.3324170015133,-0.689614187088806,
23.9065617404031));
#1505=CARTESIAN_POINT('Ctrl Pts',(-100.832115636552,-0.421630052751283,
22.4069628361208));
#1506=CARTESIAN_POINT('Ctrl Pts',(-92.,-1.22473703167524,24.645304669414));
#1507=CARTESIAN_POINT('Ctrl Pts',(-96.388378455996,-1.1390447351608,24.3141548808326));
#1508=CARTESIAN_POINT('Ctrl Pts',(-99.3324170015133,-0.921623873581631,
23.4744641549627));
#1509=CARTESIAN_POINT('Ctrl Pts',(-100.832115636552,-0.572534004311435,
22.1254598494963));
#1510=CARTESIAN_POINT('Ctrl Pts',(-92.,-1.73500304540497,22.9946521746698));
#1511=CARTESIAN_POINT('Ctrl Pts',(-96.388378455996,-1.61568609714769,22.7721263721856));
#1512=CARTESIAN_POINT('Ctrl Pts',(-99.3324170015133,-1.31323115576934,22.2078871462207));
#1513=CARTESIAN_POINT('Ctrl Pts',(-100.832115636552,-0.827279661259462,
21.3016043207983));
#1514=CARTESIAN_POINT('Ctrl Pts',(-92.,-2.01672610894179,19.6142565188817));
#1515=CARTESIAN_POINT('Ctrl Pts',(-96.388378455996,-1.87887924540704,19.6142565188817));
#1516=CARTESIAN_POINT('Ctrl Pts',(-99.3324170015133,-1.52931203040122,19.6142565188817));
#1517=CARTESIAN_POINT('Ctrl Pts',(-100.832115636552,-0.968081268427895,
19.6142565188817));
#1518=CARTESIAN_POINT('Ctrl Pts',(-92.,-1.73500304540497,16.2338608630935));
#1519=CARTESIAN_POINT('Ctrl Pts',(-96.388378455996,-1.61568609714769,16.4563866655777));
#1520=CARTESIAN_POINT('Ctrl Pts',(-99.3324170015133,-1.31323115576934,17.0206258915426));
#1521=CARTESIAN_POINT('Ctrl Pts',(-100.832115636552,-0.827279661259462,
17.926908716965));
#1522=CARTESIAN_POINT('Ctrl Pts',(-92.,-1.22473703167524,14.5832083683493));
#1523=CARTESIAN_POINT('Ctrl Pts',(-96.388378455996,-1.1390447351608,14.9143581569307));
#1524=CARTESIAN_POINT('Ctrl Pts',(-99.3324170015133,-0.921623873581631,
15.7540488828007));
#1525=CARTESIAN_POINT('Ctrl Pts',(-100.832115636552,-0.572534004311435,
17.103053188267));
#1526=CARTESIAN_POINT('Ctrl Pts',(-92.,-0.922379675002445,14.019542630684));
#1527=CARTESIAN_POINT('Ctrl Pts',(-96.388378455996,-0.856587952280852,14.3877494613775));
#1528=CARTESIAN_POINT('Ctrl Pts',(-99.3324170015133,-0.689614187088806,
15.3219512973602));
#1529=CARTESIAN_POINT('Ctrl Pts',(-100.832115636552,-0.421630052751283,
16.8215502016425));
#1530=CARTESIAN_POINT('Origin',(-92.,0.0774054510332123,19.6142565188817));
#1531=CARTESIAN_POINT('Ctrl Pts',(-32.6622914014752,0.0773798090855138,
13.3666927163886));
#1532=CARTESIAN_POINT('Ctrl Pts',(-32.6622914014752,0.0773798090855138,
10.3666927163886));
#1533=CARTESIAN_POINT('Ctrl Pts',(-32.6763035694575,0.478267440374802,13.3666927163886));
#1534=CARTESIAN_POINT('Ctrl Pts',(-32.6763035694575,0.478267440374802,10.3666927163886));
#1535=CARTESIAN_POINT('Ctrl Pts',(-32.6809878156133,1.28151464996438,13.3666927163886));
#1536=CARTESIAN_POINT('Ctrl Pts',(-32.6809878156133,1.28151464996438,10.3666927163886));
#1537=CARTESIAN_POINT('Ctrl Pts',(-32.6179968944,2.49079794623589,13.3666927163886));
#1538=CARTESIAN_POINT('Ctrl Pts',(-32.6179968944,2.49079794623589,10.3666927163886));
#1539=CARTESIAN_POINT('Ctrl Pts',(-32.3993655424182,4.10556192688935,13.3666927163886));
#1540=CARTESIAN_POINT('Ctrl Pts',(-32.3993655424182,4.10556192688935,10.3666927163886));
#1541=CARTESIAN_POINT('Ctrl Pts',(-31.9315452209987,6.0918906512206,13.3666927163886));
#1542=CARTESIAN_POINT('Ctrl Pts',(-31.9315452209987,6.0918906512206,10.3666927163886));
#1543=CARTESIAN_POINT('Ctrl Pts',(-31.3041995126444,8.00296766923459,13.3666927163886));
#1544=CARTESIAN_POINT('Ctrl Pts',(-31.3041995126444,8.00296766923459,10.3666927163886));
#1545=CARTESIAN_POINT('Ctrl Pts',(-30.5475906520192,9.8000619951233,13.3666927163886));
#1546=CARTESIAN_POINT('Ctrl Pts',(-30.5475906520192,9.8000619951233,10.3666927163886));
#1547=CARTESIAN_POINT('Ctrl Pts',(-29.6741090947269,11.4639243847657,13.3666927163886));
#1548=CARTESIAN_POINT('Ctrl Pts',(-29.6741090947269,11.4639243847657,10.3666927163886));
#1549=CARTESIAN_POINT('Ctrl Pts',(-28.6781256038843,12.9952193065862,13.3666927163886));
#1550=CARTESIAN_POINT('Ctrl Pts',(-28.6781256038843,12.9952193065862,10.3666927163886));
#1551=CARTESIAN_POINT('Ctrl Pts',(-27.5460596146013,14.4033499226405,13.3666927163886));
#1552=CARTESIAN_POINT('Ctrl Pts',(-27.5460596146013,14.4033499226405,10.3666927163886));
#1553=CARTESIAN_POINT('Ctrl Pts',(-26.3491060826247,15.6123559443333,13.3666927163886));
#1554=CARTESIAN_POINT('Ctrl Pts',(-26.3491060826247,15.6123559443333,10.3666927163886));
#1555=CARTESIAN_POINT('Ctrl Pts',(-25.3025411816198,16.488532945995,13.3666927163886));
#1556=CARTESIAN_POINT('Ctrl Pts',(-25.3025411816198,16.488532945995,10.3666927163886));
#1557=CARTESIAN_POINT('Ctrl Pts',(-24.4865636550229,17.0839981896944,13.3666927163886));
#1558=CARTESIAN_POINT('Ctrl Pts',(-24.4865636550229,17.0839981896944,10.3666927163886));
#1559=CARTESIAN_POINT('Ctrl Pts',(-23.9561188670779,17.4388224701018,13.3666927163886));
#1560=CARTESIAN_POINT('Ctrl Pts',(-23.9561188670779,17.4388224701018,10.3666927163886));
#1561=CARTESIAN_POINT('Ctrl Pts',(-23.741209437547,17.5776203249975,13.3666927163886));
#1562=CARTESIAN_POINT('Ctrl Pts',(-23.741209437547,17.5776203249975,10.3666927163886));
#1563=CARTESIAN_POINT('',(-32.,5.6724606504924,10.3666927163886));
#1564=CARTESIAN_POINT('',(-31.9999999999722,5.67246065070542,12.3049684334131));
#1565=CARTESIAN_POINT('Ctrl Pts',(-32.,5.67246065049241,10.3666927163887));
#1566=CARTESIAN_POINT('Ctrl Pts',(-32.,5.67246065049241,10.8666927163886));
#1567=CARTESIAN_POINT('Ctrl Pts',(-32.,5.67246065049241,11.3666927163886));
#1568=CARTESIAN_POINT('Ctrl Pts',(-32.,5.67246065049241,12.0127846220635));
#1569=CARTESIAN_POINT('Ctrl Pts',(-31.9999999999722,5.67246065070542,12.1588765277383));
#1570=CARTESIAN_POINT('Ctrl Pts',(-31.9999999999722,5.67246065070542,12.3049684334131));
#1571=CARTESIAN_POINT('',(-32.6622914014752,0.0773798090855138,10.3666927163886));
#1572=CARTESIAN_POINT('Ctrl Pts',(-32.6622914014752,0.0773798090855138,
10.3666927163886));
#1573=CARTESIAN_POINT('Ctrl Pts',(-32.6763035694575,0.478267440374802,10.3666927163886));
#1574=CARTESIAN_POINT('Ctrl Pts',(-32.6809878156133,1.28151464996438,10.3666927163886));
#1575=CARTESIAN_POINT('Ctrl Pts',(-32.622305152773,2.40808912429489,10.3666927163886));
#1576=CARTESIAN_POINT('Ctrl Pts',(-32.4759809049995,3.53621684850092,10.3666927163886));
#1577=CARTESIAN_POINT('Ctrl Pts',(-32.2528845984366,4.65276205555918,10.3666927163886));
#1578=CARTESIAN_POINT('Ctrl Pts',(-32.0812740053088,5.36093831021955,10.3666927163886));
#1579=CARTESIAN_POINT('Ctrl Pts',(-32.,5.6724606504924,10.3666927163886));
#1580=CARTESIAN_POINT('',(-32.6622914014752,0.0773798090855138,10.3936295768573));
#1581=CARTESIAN_POINT('',(-32.6622914014752,0.0773798090855138,13.3666927163886));
#1582=CARTESIAN_POINT('Ctrl Pts',(-32.6622914014752,0.0773798090855136,
10.3936295768573));
#1583=CARTESIAN_POINT('Ctrl Pts',(-32.6669614075006,0.210988516602821,10.3931692402561));
#1584=CARTESIAN_POINT('Ctrl Pts',(-32.6700717382473,0.344605495158214,10.3956931178822));
#1585=CARTESIAN_POINT('Ctrl Pts',(-32.6734600601324,0.634509301930386,10.4076549068288));
#1586=CARTESIAN_POINT('Ctrl Pts',(-32.6731626727578,0.790615794549332,10.4181912610442));
#1587=CARTESIAN_POINT('Ctrl Pts',(-32.6657170625497,1.27942534931332,10.4640386040717));
#1588=CARTESIAN_POINT('Ctrl Pts',(-32.6511569084266,1.6098560450787,10.5137880113935));
#1589=CARTESIAN_POINT('Ctrl Pts',(-32.5472850454775,3.0773776857706,10.8186940530832));
#1590=CARTESIAN_POINT('Ctrl Pts',(-32.3635227083554,4.14963829051515,11.2717288465388));
#1591=CARTESIAN_POINT('Ctrl Pts',(-32.0945278844597,5.30089056239081,12.0295865610341));
#1592=CARTESIAN_POINT('Ctrl Pts',(-32.04777068824,5.48935614444715,12.1639784381592));
#1593=CARTESIAN_POINT('Ctrl Pts',(-31.9999999999444,5.67246065070542,12.3049684334131));
#1594=CARTESIAN_POINT('Ctrl Pts',(-32.673544342686,-5.51761216013861,12.3529100577831));
#1595=CARTESIAN_POINT('Ctrl Pts',(-32.673544342686,0.0604268869835167,7.98371698045314));
#1596=CARTESIAN_POINT('Ctrl Pts',(-32.673544342686,5.67246065070542,12.3049684334132));
#1597=CARTESIAN_POINT('Ctrl Pts',(-31.9999999999444,-5.51761216013861,12.3529100577831));
#1598=CARTESIAN_POINT('Ctrl Pts',(-31.9999999999444,0.0604268869835169,
7.98371698045314));
#1599=CARTESIAN_POINT('Ctrl Pts',(-31.9999999999444,5.67246065070542,12.3049684334132));
#1600=CARTESIAN_POINT('',(-31.9999999999998,-5.51761216013861,12.3529100577831));
#1601=CARTESIAN_POINT('Origin',(-32.,0.108289770372458,20.2194340199099));
#1602=CARTESIAN_POINT('Ctrl Pts',(-31.9999999999996,-5.51761216013861,12.3529100577831));
#1603=CARTESIAN_POINT('Ctrl Pts',(-32.0144140878156,-5.4623631580611,12.3096343554498));
#1604=CARTESIAN_POINT('Ctrl Pts',(-32.0287390264302,-5.40661358087879,12.2669611410467));
#1605=CARTESIAN_POINT('Ctrl Pts',(-32.1983547009396,-4.73581962198891,11.765320701691));
#1606=CARTESIAN_POINT('Ctrl Pts',(-32.3409792445708,-4.06445721336704,11.3805154255487));
#1607=CARTESIAN_POINT('Ctrl Pts',(-32.5443950982615,-2.74320974422177,10.8329301689907));
#1608=CARTESIAN_POINT('Ctrl Pts',(-32.6135123931027,-2.11046860079382,10.6469043888627));
#1609=CARTESIAN_POINT('Ctrl Pts',(-32.6614999139101,-1.20387884359386,10.4862302487077));
#1610=CARTESIAN_POINT('Ctrl Pts',(-32.6696575131577,-0.946471394420607,
10.4519935839336));
#1611=CARTESIAN_POINT('Ctrl Pts',(-32.673544342686,-0.528014822552691,10.4147336310904));
#1612=CARTESIAN_POINT('Ctrl Pts',(-32.67283794675,-0.368060100006318,10.404797787019));
#1613=CARTESIAN_POINT('Ctrl Pts',(-32.6688063386164,-0.148620570145166,
10.3970593846083));
#1614=CARTESIAN_POINT('Ctrl Pts',(-32.6674114010617,-0.0893292763410658,
10.3955570695185));
#1615=CARTESIAN_POINT('Ctrl Pts',(-32.6646820368739,0.00577277650102737,
10.394090610479));
#1616=CARTESIAN_POINT('Ctrl Pts',(-32.6635426564392,0.0415773260832842,
10.3937529310431));
#1617=CARTESIAN_POINT('Ctrl Pts',(-32.6622914014752,0.0773798090855138,
10.3936295768573));
#1618=CARTESIAN_POINT('Ctrl Pts',(87.,0.0765799376238663,13.9666927163886));
#1619=CARTESIAN_POINT('Ctrl Pts',(87.,0.0765799376238663,9.76669271638864));
#1620=CARTESIAN_POINT('Ctrl Pts',(86.963919299027,-0.25379300420926,13.9666927163886));
#1621=CARTESIAN_POINT('Ctrl Pts',(86.963919299027,-0.25379300420926,9.76669271638864));
#1622=CARTESIAN_POINT('Ctrl Pts',(86.8705085563814,-0.91865695419223,13.9666927163886));
#1623=CARTESIAN_POINT('Ctrl Pts',(86.8705085563814,-0.91865695419223,9.76669271638864));
#1624=CARTESIAN_POINT('Ctrl Pts',(86.6666711666809,-1.92779094520914,13.9666927163886));
#1625=CARTESIAN_POINT('Ctrl Pts',(86.6666711666809,-1.92779094520914,9.76669271638864));
#1626=CARTESIAN_POINT('Ctrl Pts',(86.2652585683899,-3.28725242474769,13.9666927163886));
#1627=CARTESIAN_POINT('Ctrl Pts',(86.2652585683899,-3.28725242474769,9.76669271638865));
#1628=CARTESIAN_POINT('Ctrl Pts',(85.5375858920747,-4.95767675098992,13.9666927163886));
#1629=CARTESIAN_POINT('Ctrl Pts',(85.5375858920747,-4.95767675098992,9.76669271638865));
#1630=CARTESIAN_POINT('Ctrl Pts',(84.5759561908392,-6.53851120546295,13.9666927163886));
#1631=CARTESIAN_POINT('Ctrl Pts',(84.5759561908392,-6.53851120546295,9.76669271638865));
#1632=CARTESIAN_POINT('Ctrl Pts',(83.3811752745336,-7.98014844552251,13.9666927163886));
#1633=CARTESIAN_POINT('Ctrl Pts',(83.3811752745336,-7.98014844552251,9.76669271638865));
#1634=CARTESIAN_POINT('Ctrl Pts',(81.9683890658011,-9.26280007614984,13.9666927163886));
#1635=CARTESIAN_POINT('Ctrl Pts',(81.9683890658011,-9.26280007614984,9.76669271638865));
#1636=CARTESIAN_POINT('Ctrl Pts',(80.3614761230305,-10.3878466418898,13.9666927163886));
#1637=CARTESIAN_POINT('Ctrl Pts',(80.3614761230305,-10.3878466418898,9.76669271638865));
#1638=CARTESIAN_POINT('Ctrl Pts',(78.5879114566835,-11.3709116852403,13.9666927163886));
#1639=CARTESIAN_POINT('Ctrl Pts',(78.5879114566835,-11.3709116852403,9.76669271638865));
#1640=CARTESIAN_POINT('Ctrl Pts',(76.6737438321325,-12.2346890346499,13.9666927163886));
#1641=CARTESIAN_POINT('Ctrl Pts',(76.6737438321325,-12.2346890346499,9.76669271638865));
#1642=CARTESIAN_POINT('Ctrl Pts',(74.637725456721,-13.0011443378172,13.9666927163886));
#1643=CARTESIAN_POINT('Ctrl Pts',(74.637725456721,-13.0011443378172,9.76669271638865));
#1644=CARTESIAN_POINT('Ctrl Pts',(72.4920371992394,-13.6898557860109,13.9666927163886));
#1645=CARTESIAN_POINT('Ctrl Pts',(72.4920371992394,-13.6898557860109,9.76669271638865));
#1646=CARTESIAN_POINT('Ctrl Pts',(70.2445777178619,-14.31789427758,13.9666927163886));
#1647=CARTESIAN_POINT('Ctrl Pts',(70.2445777178619,-14.31789427758,9.76669271638865));
#1648=CARTESIAN_POINT('Ctrl Pts',(67.9007455739144,-14.8991392805427,13.9666927163886));
#1649=CARTESIAN_POINT('Ctrl Pts',(67.9007455739144,-14.8991392805427,9.76669271638865));
#1650=CARTESIAN_POINT('Ctrl Pts',(65.4653467324142,-15.4438954936094,13.9666927163886));
#1651=CARTESIAN_POINT('Ctrl Pts',(65.4653467324142,-15.4438954936094,9.76669271638865));
#1652=CARTESIAN_POINT('Ctrl Pts',(62.9446623823721,-15.9581961642999,13.9666927163886));
#1653=CARTESIAN_POINT('Ctrl Pts',(62.9446623823721,-15.9581961642999,9.76669271638865));
#1654=CARTESIAN_POINT('Ctrl Pts',(60.3468407965251,-16.4445721053771,13.9666927163886));
#1655=CARTESIAN_POINT('Ctrl Pts',(60.3468407965251,-16.4445721053771,9.76669271638865));
#1656=CARTESIAN_POINT('Ctrl Pts',(57.6818448739072,-16.9031620904051,13.9666927163886));
#1657=CARTESIAN_POINT('Ctrl Pts',(57.6818448739072,-16.9031620904051,9.76669271638865));
#1658=CARTESIAN_POINT('Ctrl Pts',(54.9615491178916,-17.3326989350979,13.9666927163886));
#1659=CARTESIAN_POINT('Ctrl Pts',(54.9615491178916,-17.3326989350979,9.76669271638865));
#1660=CARTESIAN_POINT('Ctrl Pts',(52.199795451347,-17.731556711958,13.9666927163886));
#1661=CARTESIAN_POINT('Ctrl Pts',(52.199795451347,-17.731556711958,9.76669271638865));
#1662=CARTESIAN_POINT('Ctrl Pts',(49.4124313824843,-18.0987426501863,13.9666927163886));
#1663=CARTESIAN_POINT('Ctrl Pts',(49.4124313824843,-18.0987426501863,9.76669271638865));
#1664=CARTESIAN_POINT('Ctrl Pts',(46.6174685851045,-18.4349899968347,13.9666927163886));
#1665=CARTESIAN_POINT('Ctrl Pts',(46.6174685851045,-18.4349899968347,9.76669271638865));
#1666=CARTESIAN_POINT('Ctrl Pts',(43.8331580091472,-18.7424119436167,13.9666927163886));
#1667=CARTESIAN_POINT('Ctrl Pts',(43.8331580091472,-18.7424119436167,9.76669271638865));
#1668=CARTESIAN_POINT('Ctrl Pts',(41.0758812451449,-19.0240475002228,13.9666927163886));
#1669=CARTESIAN_POINT('Ctrl Pts',(41.0758812451449,-19.0240475002228,9.76669271638865));
#1670=CARTESIAN_POINT('Ctrl Pts',(38.3581472721838,-19.2834520319696,13.9666927163886));
#1671=CARTESIAN_POINT('Ctrl Pts',(38.3581472721838,-19.2834520319696,9.76669271638865));
#1672=CARTESIAN_POINT('Ctrl Pts',(35.6864448020194,-19.5242627310806,13.9666927163886));
#1673=CARTESIAN_POINT('Ctrl Pts',(35.6864448020194,-19.5242627310806,9.76669271638865));
#1674=CARTESIAN_POINT('Ctrl Pts',(33.059364565202,-19.7497939062842,13.9666927163886));
#1675=CARTESIAN_POINT('Ctrl Pts',(33.059364565202,-19.7497939062842,9.76669271638865));
#1676=CARTESIAN_POINT('Ctrl Pts',(30.4650125681876,-19.9625709202835,13.9666927163886));
#1677=CARTESIAN_POINT('Ctrl Pts',(30.4650125681876,-19.9625709202835,9.76669271638865));
#1678=CARTESIAN_POINT('Ctrl Pts',(27.8844130005471,-20.1643680012156,13.9666927163886));
#1679=CARTESIAN_POINT('Ctrl Pts',(27.8844130005471,-20.1643680012156,9.76669271638865));
#1680=CARTESIAN_POINT('Ctrl Pts',(25.2958852263322,-20.3563280478272,13.9666927163886));
#1681=CARTESIAN_POINT('Ctrl Pts',(25.2958852263322,-20.3563280478272,9.76669271638865));
#1682=CARTESIAN_POINT('Ctrl Pts',(22.6791066671266,-20.5390540226006,13.9666927163886));
#1683=CARTESIAN_POINT('Ctrl Pts',(22.6791066671266,-20.5390540226006,9.76669271638865));
#1684=CARTESIAN_POINT('Ctrl Pts',(20.0192321159234,-20.7127084465307,13.9666927163886));
#1685=CARTESIAN_POINT('Ctrl Pts',(20.0192321159234,-20.7127084465307,9.76669271638865));
#1686=CARTESIAN_POINT('Ctrl Pts',(17.3111772363698,-20.8771154863287,13.9666927163886));
#1687=CARTESIAN_POINT('Ctrl Pts',(17.3111772363698,-20.8771154863287,9.76669271638865));
#1688=CARTESIAN_POINT('Ctrl Pts',(14.5633336202958,-21.0318417317907,13.9666927163886));
#1689=CARTESIAN_POINT('Ctrl Pts',(14.5633336202958,-21.0318417317907,9.76669271638865));
#1690=CARTESIAN_POINT('Ctrl Pts',(11.7933264584192,-21.1759727036582,13.9666927163886));
#1691=CARTESIAN_POINT('Ctrl Pts',(11.7933264584192,-21.1759727036582,9.76669271638865));
#1692=CARTESIAN_POINT('Ctrl Pts',(9.02430624398103,-21.3079087501371,13.9666927163886));
#1693=CARTESIAN_POINT('Ctrl Pts',(9.02430624398103,-21.3079087501371,9.76669271638865));
#1694=CARTESIAN_POINT('Ctrl Pts',(6.28103109824511,-21.4251520212196,13.9666927163886));
#1695=CARTESIAN_POINT('Ctrl Pts',(6.28103109824511,-21.4251520212196,9.76669271638865));
#1696=CARTESIAN_POINT('Ctrl Pts',(3.58608732330347,-21.5240969486722,13.9666927163886));
#1697=CARTESIAN_POINT('Ctrl Pts',(3.58608732330347,-21.5240969486722,9.76669271638865));
#1698=CARTESIAN_POINT('Ctrl Pts',(0.955944344317935,-21.5998146857762,13.9666927163886));
#1699=CARTESIAN_POINT('Ctrl Pts',(0.955944344317935,-21.5998146857762,9.76669271638865));
#1700=CARTESIAN_POINT('Ctrl Pts',(-1.60263298701734,-21.6458442685935,13.9666927163886));
#1701=CARTESIAN_POINT('Ctrl Pts',(-1.60263298701734,-21.6458442685935,9.76669271638865));
#1702=CARTESIAN_POINT('Ctrl Pts',(-4.08947771366702,-21.6539707438462,13.9666927163886));
#1703=CARTESIAN_POINT('Ctrl Pts',(-4.08947771366702,-21.6539707438462,9.76669271638865));
#1704=CARTESIAN_POINT('Ctrl Pts',(-6.50828846068569,-21.6140409932559,13.9666927163886));
#1705=CARTESIAN_POINT('Ctrl Pts',(-6.50828846068569,-21.6140409932559,9.76669271638865));
#1706=CARTESIAN_POINT('Ctrl Pts',(-8.8636631874706,-21.5136844689866,13.9666927163886));
#1707=CARTESIAN_POINT('Ctrl Pts',(-8.8636631874706,-21.5136844689866,9.76669271638865));
#1708=CARTESIAN_POINT('Ctrl Pts',(-11.1584708624891,-21.3382484859088,13.9666927163886));
#1709=CARTESIAN_POINT('Ctrl Pts',(-11.1584708624891,-21.3382484859088,9.76669271638865));
#1710=CARTESIAN_POINT('Ctrl Pts',(-13.3904914388673,-21.0701944933151,13.9666927163886));
#1711=CARTESIAN_POINT('Ctrl Pts',(-13.3904914388673,-21.0701944933151,9.76669271638865));
#1712=CARTESIAN_POINT('Ctrl Pts',(-15.5520119478173,-20.6906996570748,13.9666927163886));
#1713=CARTESIAN_POINT('Ctrl Pts',(-15.5520119478173,-20.6906996570748,9.76669271638865));
#1714=CARTESIAN_POINT('Ctrl Pts',(-17.6314339911346,-20.1826649158754,13.9666927163886));
#1715=CARTESIAN_POINT('Ctrl Pts',(-17.6314339911346,-20.1826649158754,9.76669271638865));
#1716=CARTESIAN_POINT('Ctrl Pts',(-19.6142576028981,-19.533458024687,13.9666927163886));
#1717=CARTESIAN_POINT('Ctrl Pts',(-19.6142576028981,-19.533458024687,9.76669271638865));
#1718=CARTESIAN_POINT('Ctrl Pts',(-21.4843630366105,-18.7374432947762,13.9666927163886));
#1719=CARTESIAN_POINT('Ctrl Pts',(-21.4843630366105,-18.7374432947762,9.76669271638865));
#1720=CARTESIAN_POINT('Ctrl Pts',(-23.2250385811818,-17.7994810301908,13.9666927163886));
#1721=CARTESIAN_POINT('Ctrl Pts',(-23.2250385811818,-17.7994810301908,9.76669271638865));
#1722=CARTESIAN_POINT('Ctrl Pts',(-24.8212944456573,-16.7311447184826,13.9666927163886));
#1723=CARTESIAN_POINT('Ctrl Pts',(-24.8212944456573,-16.7311447184826,9.76669271638865));
#1724=CARTESIAN_POINT('Ctrl Pts',(-26.2627959110693,-15.544686424125,13.9666927163886));
#1725=CARTESIAN_POINT('Ctrl Pts',(-26.2627959110693,-15.544686424125,9.76669271638865));
#1726=CARTESIAN_POINT('Ctrl Pts',(-27.54600202551,-14.2485697375545,13.9666927163886));
#1727=CARTESIAN_POINT('Ctrl Pts',(-27.54600202551,-14.2485697375545,9.76669271638865));
#1728=CARTESIAN_POINT('Ctrl Pts',(-28.6780736753438,-12.8404436723166,13.9666927163886));
#1729=CARTESIAN_POINT('Ctrl Pts',(-28.6780736753438,-12.8404436723166,9.76669271638865));
#1730=CARTESIAN_POINT('Ctrl Pts',(-29.6740633218484,-11.3091527542741,13.9666927163886));
#1731=CARTESIAN_POINT('Ctrl Pts',(-29.6740633218484,-11.3091527542741,9.76669271638865));
#1732=CARTESIAN_POINT('Ctrl Pts',(-30.5475515677137,-9.64529387596377,13.9666927163886));
#1733=CARTESIAN_POINT('Ctrl Pts',(-30.5475515677137,-9.64529387596377,9.76669271638865));
#1734=CARTESIAN_POINT('Ctrl Pts',(-31.3041676524937,-7.84820259159034,13.9666927163886));
#1735=CARTESIAN_POINT('Ctrl Pts',(-31.3041676524937,-7.84820259159034,9.76669271638865));
#1736=CARTESIAN_POINT('Ctrl Pts',(-31.9315210432043,-5.93712809546604,13.9666927163886));
#1737=CARTESIAN_POINT('Ctrl Pts',(-31.9315210432043,-5.93712809546604,9.76669271638865));
#1738=CARTESIAN_POINT('Ctrl Pts',(-32.3993493494858,-3.95080125174712,13.9666927163886));
#1739=CARTESIAN_POINT('Ctrl Pts',(-32.3993493494858,-3.95080125174712,9.76669271638865));
#1740=CARTESIAN_POINT('Ctrl Pts',(-32.6179871926736,-2.33603814998538,13.9666927163886));
#1741=CARTESIAN_POINT('Ctrl Pts',(-32.6179871926736,-2.33603814998538,9.76669271638864));
#1742=CARTESIAN_POINT('Ctrl Pts',(-32.6809829750977,-1.12675510694156,13.9666927163886));
#1743=CARTESIAN_POINT('Ctrl Pts',(-32.6809829750977,-1.12675510694156,9.76669271638864));
#1744=CARTESIAN_POINT('Ctrl Pts',(-32.6763019579246,-0.323507878528213,
13.9666927163886));
#1745=CARTESIAN_POINT('Ctrl Pts',(-32.6763019579246,-0.323507878528213,
9.76669271638864));
#1746=CARTESIAN_POINT('Ctrl Pts',(-32.6622914014752,0.0773798090855138,
13.9666927163886));
#1747=CARTESIAN_POINT('Ctrl Pts',(-32.6622914014752,0.0773798090855138,
9.76669271638864));
#1748=CARTESIAN_POINT('',(-31.9999999999865,-5.51761216024093,10.3666927163887));
#1749=CARTESIAN_POINT('Ctrl Pts',(-31.9999999999998,-5.51761216013861,12.3529100577831));
#1750=CARTESIAN_POINT('Ctrl Pts',(-31.9999999999998,-5.51761216013861,12.19083761065));
#1751=CARTESIAN_POINT('Ctrl Pts',(-32.,-5.51761216013707,12.0287651635169));
#1752=CARTESIAN_POINT('Ctrl Pts',(-32.,-5.51761216013707,11.366692716382));
#1753=CARTESIAN_POINT('Ctrl Pts',(-32.,-5.51761216013707,10.8666927163802));
#1754=CARTESIAN_POINT('Ctrl Pts',(-32.,-5.51761216013707,10.3666927163784));
#1755=CARTESIAN_POINT('Ctrl Pts',(-31.9999999999729,-5.51761216024093,10.3666927163886));
#1756=CARTESIAN_POINT('Ctrl Pts',(-32.3919091142552,-4.01542986850576,10.3666927163886));
#1757=CARTESIAN_POINT('Ctrl Pts',(-32.7383138193295,-2.09786936181929,10.3666927163886));
#1758=CARTESIAN_POINT('Ctrl Pts',(-32.6622914014752,0.0773798090855138,
10.3666927163886));
#1759=CARTESIAN_POINT('Ctrl Pts',(-32.6622914014752,0.0773798090855138,
10.3666927163886));
#1760=CARTESIAN_POINT('Ctrl Pts',(-32.6622914014752,0.0773798090855138,
9.69652939633293));
#1761=CARTESIAN_POINT('Ctrl Pts',(-32.6384205061846,0.0773799202174438,
9.03884160059799));
#1762=CARTESIAN_POINT('Ctrl Pts',(-32.5906787156034,0.0773801424813038,
8.39362932918384));
#1763=CARTESIAN_POINT('Ctrl Pts',(-32.7275604365622,1.94472459867208,10.3666927163886));
#1764=CARTESIAN_POINT('Ctrl Pts',(-32.7275604365622,1.94472459867208,9.69652939633293));
#1765=CARTESIAN_POINT('Ctrl Pts',(-32.7036690434603,1.94385143943685,9.03884160059799));
#1766=CARTESIAN_POINT('Ctrl Pts',(-32.6558572767532,1.94213647591923,8.39362932918384));
#1767=CARTESIAN_POINT('Ctrl Pts',(-32.4763073876549,3.84677983744897,10.3666927163886));
#1768=CARTESIAN_POINT('Ctrl Pts',(-32.4763073876549,3.84677983744897,9.69652939633293));
#1769=CARTESIAN_POINT('Ctrl Pts',(-32.452546586761,3.84501307194576,9.03884160059799));
#1770=CARTESIAN_POINT('Ctrl Pts',(-32.4050023884798,3.8415037217153,8.39362932918384));
#1771=CARTESIAN_POINT('Ctrl Pts',(-32.,5.67246065049243,10.3666927163886));
#1772=CARTESIAN_POINT('Ctrl Pts',(-32.,5.67246065049243,9.69652939633293));
#1773=CARTESIAN_POINT('Ctrl Pts',(-31.9764814889601,5.66983168089707,9.03884160059799));
#1774=CARTESIAN_POINT('Ctrl Pts',(-31.9294392878322,5.66457863808719,8.39362932918384));
#1775=CARTESIAN_POINT('',(-31.9999999999966,5.67196956837232,10.2823101007693));
#1776=CARTESIAN_POINT('Ctrl Pts',(-31.9999999998313,5.67196956858038,10.2823101007693));
#1777=CARTESIAN_POINT('Ctrl Pts',(-31.9999999995617,5.67229721116058,10.3104361009121));
#1778=CARTESIAN_POINT('Ctrl Pts',(-32.,5.67246065049243,10.3385643199367));
#1779=CARTESIAN_POINT('Ctrl Pts',(-32.,5.67246065049243,10.3666927163886));
#1780=CARTESIAN_POINT('',(-32.5906787339304,0.0773801424812159,8.39362957686611));
#1781=CARTESIAN_POINT('Ctrl Pts',(-31.9999999999932,5.67196956837232,10.2823101007693));
#1782=CARTESIAN_POINT('Ctrl Pts',(-32.2182354651552,4.82813419010952,9.6584243899447));
#1783=CARTESIAN_POINT('Ctrl Pts',(-32.3906122095123,3.88738653598411,9.16301958815539));
#1784=CARTESIAN_POINT('Ctrl Pts',(-32.5455429287939,2.38289756411535,8.67776569151966));
#1785=CARTESIAN_POINT('Ctrl Pts',(-32.5794898635338,1.87965996484431,8.5603608397624));
#1786=CARTESIAN_POINT('Ctrl Pts',(-32.6067717925236,0.94001074297998,8.42467957985988));
#1787=CARTESIAN_POINT('Ctrl Pts',(-32.6057736413342,0.509245434729784,8.39362932918383));
#1788=CARTESIAN_POINT('Ctrl Pts',(-32.5906787339304,0.0773801424812155,
8.39362957686611));
#1789=CARTESIAN_POINT('Ctrl Pts',(-32.6622914014752,0.0773798090855138,
10.3666927163886));
#1790=CARTESIAN_POINT('Ctrl Pts',(-32.6622914014752,0.0773798090855138,
9.6965294820864));
#1791=CARTESIAN_POINT('Ctrl Pts',(-32.6384205122936,0.077379920217413,9.03884176891222));
#1792=CARTESIAN_POINT('Ctrl Pts',(-32.5906787339304,0.0773801424812159,
8.39362957686611));
#1793=CARTESIAN_POINT('Ctrl Pts',(-31.9999999999729,-5.51761216024094,10.3666927163887));
#1794=CARTESIAN_POINT('Ctrl Pts',(-31.9999999999729,-5.51761216024094,9.69652948208641));
#1795=CARTESIAN_POINT('Ctrl Pts',(-31.9764814937541,-5.5149830115342,9.03884176891223));
#1796=CARTESIAN_POINT('Ctrl Pts',(-31.929439302404,-5.50972961034157,8.39362957686612));
#1797=CARTESIAN_POINT('Ctrl Pts',(-32.4763003814767,-3.69195929184061,10.3666927163887));
#1798=CARTESIAN_POINT('Ctrl Pts',(-32.4763003814767,-3.69195929184061,9.69652948208641));
#1799=CARTESIAN_POINT('Ctrl Pts',(-32.4525395887902,-3.6901923340242,9.03884176891223));
#1800=CARTESIAN_POINT('Ctrl Pts',(-32.4049954078011,-3.68668259804838,8.39362957686612));
#1801=CARTESIAN_POINT('Ctrl Pts',(-32.7275519027701,-1.78993585050184,10.3666927163886));
#1802=CARTESIAN_POINT('Ctrl Pts',(-32.7275519027701,-1.78993585050184,9.6965294820864));
#1803=CARTESIAN_POINT('Ctrl Pts',(-32.7036605192694,-1.78906248326125,9.03884176891222));
#1804=CARTESIAN_POINT('Ctrl Pts',(-32.6558487731405,-1.78734710199903,8.39362957686611));
#1805=CARTESIAN_POINT('Ctrl Pts',(-32.6622914014759,0.0773798090662598,
10.3666927163886));
#1806=CARTESIAN_POINT('Ctrl Pts',(-32.6622914014759,0.0773798090662598,
9.6965294820864));
#1807=CARTESIAN_POINT('Ctrl Pts',(-32.6384205122942,0.0773799201981703,
9.03884176891222));
#1808=CARTESIAN_POINT('Ctrl Pts',(-32.590678733931,0.0773801424619912,8.39362957686611));
#1809=CARTESIAN_POINT('',(-31.9999999999995,-5.51712040051997,10.282252023054));
#1810=CARTESIAN_POINT('Ctrl Pts',(-32.,-5.51761216013711,10.3666927163887));
#1811=CARTESIAN_POINT('Ctrl Pts',(-32.,-5.51761216013711,10.3385449643998));
#1812=CARTESIAN_POINT('Ctrl Pts',(-31.9999999995724,-5.51744849552827,10.3103973850529));
#1813=CARTESIAN_POINT('Ctrl Pts',(-31.9999999998364,-5.51712040072931,10.282252023054));
#1814=CARTESIAN_POINT('Ctrl Pts',(-32.590678733931,0.0773801424619859,8.39362957686611));
#1815=CARTESIAN_POINT('Ctrl Pts',(-32.6097309693432,-0.467765751767947,
8.39362988951795));
#1816=CARTESIAN_POINT('Ctrl Pts',(-32.6062683490654,-1.01056989067337,8.44309816375328));
#1817=CARTESIAN_POINT('Ctrl Pts',(-32.5478493329319,-2.29691310162973,8.67799628628175));
#1818=CARTESIAN_POINT('Ctrl Pts',(-32.4736377190479,-3.02260883214026,8.90791718813896));
#1819=CARTESIAN_POINT('Ctrl Pts',(-32.2695355822054,-4.35337944392974,9.50992007066056));
#1820=CARTESIAN_POINT('Ctrl Pts',(-32.1448110834397,-4.95718679830927,9.86827598488115));
#1821=CARTESIAN_POINT('Ctrl Pts',(-31.9999999999989,-5.51712040051997,10.2822520230539));
#1822=CARTESIAN_POINT('Ctrl Pts',(-34.5,0.077385307086438,32.0452385008342));
#1823=CARTESIAN_POINT('Ctrl Pts',(-34.5,-10.2421607908407,32.0452385008342));
#1824=CARTESIAN_POINT('Ctrl Pts',(-34.5,-10.2421607908407,20.2194340388494));
#1825=CARTESIAN_POINT('Ctrl Pts',(-34.5,-10.2421607908407,8.39362957686463));
#1826=CARTESIAN_POINT('Ctrl Pts',(-34.5,0.0773853070864408,8.39362957686463));
#1827=CARTESIAN_POINT('Ctrl Pts',(-34.5,10.3969314050136,8.39362957686463));
#1828=CARTESIAN_POINT('Ctrl Pts',(-34.5,10.3969314050136,20.2194340388494));
#1829=CARTESIAN_POINT('Ctrl Pts',(-34.5,10.3969314050136,32.0452385008342));
#1830=CARTESIAN_POINT('Ctrl Pts',(-34.5,0.077385307086438,32.0452385008342));
#1831=CARTESIAN_POINT('Ctrl Pts',(-31.9999999999932,0.077385307086438,32.0452385008342));
#1832=CARTESIAN_POINT('Ctrl Pts',(-31.9999999999932,-10.2421607908407,32.0452385008342));
#1833=CARTESIAN_POINT('Ctrl Pts',(-31.9999999999932,-10.2421607908407,20.2194340388494));
#1834=CARTESIAN_POINT('Ctrl Pts',(-31.9999999999932,-10.2421607908407,8.39362957686463));
#1835=CARTESIAN_POINT('Ctrl Pts',(-31.9999999999932,0.0773853070864408,
8.39362957686463));
#1836=CARTESIAN_POINT('Ctrl Pts',(-31.9999999999932,10.3969314050136,8.39362957686463));
#1837=CARTESIAN_POINT('Ctrl Pts',(-31.9999999999932,10.3969314050136,20.2194340388494));
#1838=CARTESIAN_POINT('Ctrl Pts',(-31.9999999999932,10.3969314050136,32.0452385008342));
#1839=CARTESIAN_POINT('Ctrl Pts',(-31.9999999999932,0.077385307086438,32.0452385008342));
#1840=CARTESIAN_POINT('',(-34.5,0.0773853070864394,32.0452385008342));
#1841=CARTESIAN_POINT('Origin',(-34.5,0.0773853070864394,20.2194340388494));
#1842=CARTESIAN_POINT('',(-31.9999999999932,0.0773853070864367,32.0452385008342));
#1843=CARTESIAN_POINT('',(-33.,0.0773853070864367,32.0452385008342));
#1844=CARTESIAN_POINT('Origin',(-32.,0.0773853070864394,20.2194340388494));
#1845=CARTESIAN_POINT('Origin',(-32.,0.0773853070864394,20.2194340388494));
#1846=CARTESIAN_POINT('Origin',(-34.5,0.0773853070864394,20.2194340388494));
#1847=CARTESIAN_POINT('Ctrl Pts',(-33.,0.0774054510332123,37.1142565188817));
#1848=CARTESIAN_POINT('Ctrl Pts',(-33.,-14.9225945489668,37.1142565188817));
#1849=CARTESIAN_POINT('Ctrl Pts',(-33.,-14.9225945489668,19.6142565188817));
#1850=CARTESIAN_POINT('Ctrl Pts',(-33.,-14.9225945489668,2.11425651888166));
#1851=CARTESIAN_POINT('Ctrl Pts',(-33.,0.0774054510332123,2.11425651888166));
#1852=CARTESIAN_POINT('Ctrl Pts',(-33.,15.0774054510332,2.11425651888166));
#1853=CARTESIAN_POINT('Ctrl Pts',(-33.,15.0774054510332,19.6142565188817));
#1854=CARTESIAN_POINT('Ctrl Pts',(-33.,15.0774054510332,37.1142565188817));
#1855=CARTESIAN_POINT('Ctrl Pts',(-33.,0.0774054510332123,37.1142565188817));
#1856=CARTESIAN_POINT('Ctrl Pts',(-32.,0.0774054510332123,37.1142565188817));
#1857=CARTESIAN_POINT('Ctrl Pts',(-32.,-14.9225945489668,37.1142565188817));
#1858=CARTESIAN_POINT('Ctrl Pts',(-32.,-14.9225945489668,19.6142565188817));
#1859=CARTESIAN_POINT('Ctrl Pts',(-32.,-14.9225945489668,2.11425651888166));
#1860=CARTESIAN_POINT('Ctrl Pts',(-32.,0.0774054510332123,2.11425651888166));
#1861=CARTESIAN_POINT('Ctrl Pts',(-32.,15.0774054510332,2.11425651888166));
#1862=CARTESIAN_POINT('Ctrl Pts',(-32.,15.0774054510332,19.6142565188817));
#1863=CARTESIAN_POINT('Ctrl Pts',(-32.,15.0774054510332,37.1142565188817));
#1864=CARTESIAN_POINT('Ctrl Pts',(-32.,0.0774054510332123,37.1142565188817));
#1865=CARTESIAN_POINT('',(-32.,0.0774054510332105,37.1142565188817));
#1866=CARTESIAN_POINT('Origin',(-32.,0.0774054510332123,19.6142565188817));
#1867=CARTESIAN_POINT('',(-33.,0.0774054510332105,37.1142565188817));
#1868=CARTESIAN_POINT('',(-33.,0.0774054510332105,37.1142565188817));
#1869=CARTESIAN_POINT('',(-33.,-14.9225945489668,19.6142565188817));
#1870=CARTESIAN_POINT('Origin',(-33.,0.0774054510332123,19.6142565188817));
#1871=CARTESIAN_POINT('Origin',(-33.,0.0774054510332123,19.6142565188817));
#1872=CARTESIAN_POINT('Origin',(-32.,0.0774054510332123,19.6142565188817));
#1873=CARTESIAN_POINT('Origin',(-42.,-15.0113773343036,37.0666927163886));
#1874=CARTESIAN_POINT('',(-42.,-1.92261003440725,3.38086231481967));
#1875=CARTESIAN_POINT('',(-42.,-14.0828079525158,19.6142565188817));
#1876=CARTESIAN_POINT('Ctrl Pts',(-42.0000000000031,-1.92244079689461,3.3861099829958));
#1877=CARTESIAN_POINT('Ctrl Pts',(-42.0000000000031,-3.00765090975228,3.56394597633472));
#1878=CARTESIAN_POINT('Ctrl Pts',(-42.0000000000031,-4.07511156435608,3.88527601881048));
#1879=CARTESIAN_POINT('Ctrl Pts',(-42.0000000000031,-5.09588156883874,4.34784082353577));
#1880=CARTESIAN_POINT('Ctrl Pts',(-42.0000000000031,-6.41071398923271,4.94366084089046));
#1881=CARTESIAN_POINT('Ctrl Pts',(-42.0000000000031,-7.64807973210171,5.77381016730622));
#1882=CARTESIAN_POINT('Ctrl Pts',(-42.0000000000031,-8.75181850523976,6.79523498930378));
#1883=CARTESIAN_POINT('Ctrl Pts',(-42.0000000000031,-10.4074266649468,8.32737222230012));
#1884=CARTESIAN_POINT('Ctrl Pts',(-42.0000000000031,-11.7623741427593,10.2898793203555));
#1885=CARTESIAN_POINT('Ctrl Pts',(-42.0000000000031,-12.6812194646514,12.4983248531592));
#1886=CARTESIAN_POINT('Ctrl Pts',(-42.0000000000031,-13.6000647865435,14.7067703859629));
#1887=CARTESIAN_POINT('Ctrl Pts',(-42.0000000000031,-14.0828079525153,17.1611543535149));
#1888=CARTESIAN_POINT('Ctrl Pts',(-42.0000000000031,-14.0828079525153,19.6142565188817));
#1889=CARTESIAN_POINT('',(-42.,-1.92261003440725,35.8476507229436));
#1890=CARTESIAN_POINT('',(-42.,-1.92261003440725,37.0666927163887));
#1891=CARTESIAN_POINT('Ctrl Pts',(-42.0000000000155,-14.0828079525134,19.6142565188817));
#1892=CARTESIAN_POINT('Ctrl Pts',(-42.0000000000155,-14.0828079525134,22.0673586842481));
#1893=CARTESIAN_POINT('Ctrl Pts',(-42.0000000000155,-13.5999344359956,24.5191402411367));
#1894=CARTESIAN_POINT('Ctrl Pts',(-42.0000000000155,-12.6809448976497,26.7289702532799));
#1895=CARTESIAN_POINT('Ctrl Pts',(-42.0000000000155,-11.7619553593039,28.9388002654231));
#1896=CARTESIAN_POINT('Ctrl Pts',(-42.0000000000155,-10.4068497991299,30.9066787328209));
#1897=CARTESIAN_POINT('Ctrl Pts',(-42.0000000000155,-8.75125531492167,32.4354142011751));
#1898=CARTESIAN_POINT('Ctrl Pts',(-42.0000000000155,-7.09566083071342,33.9641496695294));
#1899=CARTESIAN_POINT('Ctrl Pts',(-42.0000000000155,-5.13957742247085,35.0537421388401));
#1900=CARTESIAN_POINT('Ctrl Pts',(-42.0000000000155,-3.07435589143201,35.6003020437562));
#1901=CARTESIAN_POINT('Ctrl Pts',(-42.0000000000155,-2.69387339662724,35.700996556697));
#1902=CARTESIAN_POINT('Ctrl Pts',(-42.0000000000155,-2.30968654722667,35.7832595158961));
#1903=CARTESIAN_POINT('Ctrl Pts',(-42.0000000000155,-1.92316682400539,35.8470448648973));
#1904=CARTESIAN_POINT('Origin',(-38.5,-1.92261003440725,37.0666927163887));
#1905=CARTESIAN_POINT('',(-38.5,-14.5556789061418,19.6142565188817));
#1906=CARTESIAN_POINT('',(-38.5,-1.92261003440725,2.75554137890771));
#1907=CARTESIAN_POINT('Ctrl Pts',(-38.5000000000103,-14.5556789061407,19.6142565188816));
#1908=CARTESIAN_POINT('Ctrl Pts',(-38.5000000000103,-14.5556789061407,17.0683063588895));
#1909=CARTESIAN_POINT('Ctrl Pts',(-38.5000000000102,-14.0568148516806,14.521025881504));
#1910=CARTESIAN_POINT('Ctrl Pts',(-38.5000000000102,-13.1072852984697,12.2289924158962));
#1911=CARTESIAN_POINT('Ctrl Pts',(-38.5000000000102,-12.1577557452589,9.93695895028852));
#1912=CARTESIAN_POINT('Ctrl Pts',(-38.5000000000102,-10.7575606932972,7.90017249645864));
#1913=CARTESIAN_POINT('Ctrl Pts',(-38.5000000000103,-9.04666459498361,6.31004506982792));
#1914=CARTESIAN_POINT('Ctrl Pts',(-38.5000000000103,-7.90606719610788,5.24996011874078));
#1915=CARTESIAN_POINT('Ctrl Pts',(-38.5000000000102,-6.62738044329794,4.38839029085326));
#1916=CARTESIAN_POINT('Ctrl Pts',(-38.5000000000103,-5.26864006454414,3.7700189527464));
#1917=CARTESIAN_POINT('Ctrl Pts',(-38.5000000000103,-4.1928515674486,3.28042080517454));
#1918=CARTESIAN_POINT('Ctrl Pts',(-38.5000000000103,-3.06687946763694,2.94327766820856));
#1919=CARTESIAN_POINT('Ctrl Pts',(-38.5000000000103,-1.92244727608561,2.76107670571597));
#1920=CARTESIAN_POINT('',(-38.5,-1.92261003440725,36.4729716588556));
#1921=CARTESIAN_POINT('Ctrl Pts',(-38.5000000000025,-1.92315738647646,36.4723347657941));
#1922=CARTESIAN_POINT('Ctrl Pts',(-38.5000000000025,-2.34512877622731,36.404702342123));
#1923=CARTESIAN_POINT('Ctrl Pts',(-38.5000000000025,-2.76450118739427,36.3156924511167));
#1924=CARTESIAN_POINT('Ctrl Pts',(-38.5000000000025,-3.17960687523757,36.2053613396706));
#1925=CARTESIAN_POINT('Ctrl Pts',(-38.5000000000025,-5.31379511228601,35.6381145706561));
#1926=CARTESIAN_POINT('Ctrl Pts',(-38.5000000000024,-7.33520063116854,34.5072818802233));
#1927=CARTESIAN_POINT('Ctrl Pts',(-38.5000000000024,-9.04608259729942,32.9206849723602));
#1928=CARTESIAN_POINT('Ctrl Pts',(-38.5000000000024,-10.7569645634303,31.3340880644973));
#1929=CARTESIAN_POINT('Ctrl Pts',(-38.5000000000025,-12.1573229768095,29.2917269392041));
#1930=CARTESIAN_POINT('Ctrl Pts',(-38.5000000000025,-13.1070015624873,26.9982565927983));
#1931=CARTESIAN_POINT('Ctrl Pts',(-38.5000000000025,-14.0566801481652,24.7047862463925));
#1932=CARTESIAN_POINT('Ctrl Pts',(-38.5000000000024,-14.5556789061416,22.160206678874));
#1933=CARTESIAN_POINT('Ctrl Pts',(-38.5000000000024,-14.5556789061416,19.6142565188817));
#1934=CARTESIAN_POINT('',(-38.5,-1.92261003440725,37.0666927163887));
#1935=CARTESIAN_POINT('Origin',(-42.,-1.92261003440725,37.0666927163887));
#1936=CARTESIAN_POINT('Ctrl Pts',(-38.5,-1.92261003440725,2.75554137890771));
#1937=CARTESIAN_POINT('Ctrl Pts',(-39.6649734705342,-1.92261003440725,2.93309782839022));
#1938=CARTESIAN_POINT('Ctrl Pts',(-40.8457268543255,-1.92261003440725,3.14833985542637));
#1939=CARTESIAN_POINT('Ctrl Pts',(-42.,-1.92261003440725,3.38086231481968));
#1940=CARTESIAN_POINT('Ctrl Pts',(-42.,-1.92261003440725,35.8476507229436));
#1941=CARTESIAN_POINT('Ctrl Pts',(-40.8457269624014,-1.92261003440725,36.0801731605656));
#1942=CARTESIAN_POINT('Ctrl Pts',(-39.6649734896311,-1.92261003440725,36.2954152064625));
#1943=CARTESIAN_POINT('Ctrl Pts',(-38.5,-1.92261003440725,36.4729716588556));
#1944=CARTESIAN_POINT('Origin',(-38.5,15.1661572654891,37.0666927163887));
#1945=CARTESIAN_POINT('',(-38.5,2.07738996559276,2.75553640925655));
#1946=CARTESIAN_POINT('',(-38.5,2.07738996559276,36.4729766285068));
#1947=CARTESIAN_POINT('Ctrl Pts',(-38.5000000000025,2.07671940790481,2.75503809253649));
#1948=CARTESIAN_POINT('Ctrl Pts',(-38.5000000000025,2.49852752907256,2.82130689494345));
#1949=CARTESIAN_POINT('Ctrl Pts',(-38.5000000000025,2.9178559453159,2.9090065818539));
#1950=CARTESIAN_POINT('Ctrl Pts',(-38.5000000000025,3.3331172303908,3.01826160951731));
#1951=CARTESIAN_POINT('Ctrl Pts',(-38.5000000000025,4.75640786846292,3.3927286345558));
#1952=CARTESIAN_POINT('Ctrl Pts',(-38.5000000000025,6.13192001025029,4.02041635138631));
#1953=CARTESIAN_POINT('Ctrl Pts',(-38.5000000000025,7.39507801960987,4.87176514171657));
#1954=CARTESIAN_POINT('Ctrl Pts',(-38.5000000000025,9.92139403832904,6.57446272237711));
#1955=CARTESIAN_POINT('Ctrl Pts',(-38.5000000000025,11.9982935273371,9.17180459703668));
#1956=CARTESIAN_POINT('Ctrl Pts',(-38.5000000000025,13.2639644095258,12.2272280096046));
#1957=CARTESIAN_POINT('Ctrl Pts',(-38.5000000000025,14.5296352917145,15.2826514221724));
#1958=CARTESIAN_POINT('Ctrl Pts',(-38.5000000000025,14.984077567084,18.7961563726486));
#1959=CARTESIAN_POINT('Ctrl Pts',(-38.5000000000025,14.5502328037755,22.1511333477464));
#1960=CARTESIAN_POINT('Ctrl Pts',(-38.5000000000025,14.3333104221212,23.8286218352954));
#1961=CARTESIAN_POINT('Ctrl Pts',(-38.5000000000025,13.8943162807975,25.4664783289997));
#1962=CARTESIAN_POINT('Ctrl Pts',(-38.5000000000025,13.2605752187667,26.9965551205348));
#1963=CARTESIAN_POINT('Ctrl Pts',(-38.5000000000025,12.6268341567358,28.52663191207));
#1964=CARTESIAN_POINT('Ctrl Pts',(-38.5000000000025,11.7983461739978,29.9489290014359));
#1965=CARTESIAN_POINT('Ctrl Pts',(-38.5000000000025,10.8057351767742,31.1925068318459));
#1966=CARTESIAN_POINT('Ctrl Pts',(-38.5000000000025,8.82051318232685,33.679662492666));
#1967=CARTESIAN_POINT('Ctrl Pts',(-38.5000000000024,6.17879912993688,35.4519411176622));
#1968=CARTESIAN_POINT('Ctrl Pts',(-38.5000000000024,3.33465809398737,36.2086998825874));
#1969=CARTESIAN_POINT('Ctrl Pts',(-38.5000000000024,2.91975279287429,36.3190963851738));
#1970=CARTESIAN_POINT('Ctrl Pts',(-38.5000000000024,2.50053960663406,36.4078814265578));
#1971=CARTESIAN_POINT('Ctrl Pts',(-38.5000000000024,2.078686402467,36.4751112577652));
#1972=CARTESIAN_POINT('',(-38.5,2.07738996559276,37.0666927163887));
#1973=CARTESIAN_POINT('Origin',(-42.,2.07738996559276,37.0666927163887));
#1974=CARTESIAN_POINT('',(-42.,2.07738996559276,35.847655839817));
#1975=CARTESIAN_POINT('',(-42.,2.07738996559276,3.38085719794631));
#1976=CARTESIAN_POINT('Ctrl Pts',(-42.0000000000031,2.07865158467698,35.8497805241776));
#1977=CARTESIAN_POINT('Ctrl Pts',(-42.0000000000031,2.46505988532934,35.7863451292669));
#1978=CARTESIAN_POINT('Ctrl Pts',(-42.0000000000031,2.84909966877662,35.7042732524894));
#1979=CARTESIAN_POINT('Ctrl Pts',(-42.0000000000031,3.2293993443021,35.603518833697));
#1980=CARTESIAN_POINT('Ctrl Pts',(-42.0000000000031,5.98163141211546,34.8743582263645));
#1981=CARTESIAN_POINT('Ctrl Pts',(-42.0000000000031,8.53797796352817,33.1667126483282));
#1982=CARTESIAN_POINT('Ctrl Pts',(-42.0000000000031,10.4590471249322,30.7702608115883));
#1983=CARTESIAN_POINT('Ctrl Pts',(-42.0000000000031,11.4195817056342,29.5720348932184));
#1984=CARTESIAN_POINT('Ctrl Pts',(-42.0000000000031,12.2212969388341,28.2016074101725));
#1985=CARTESIAN_POINT('Ctrl Pts',(-42.0000000000031,12.8345585357679,26.7273308318346));
#1986=CARTESIAN_POINT('Ctrl Pts',(-42.0000000000031,13.4478201327017,25.2530542534966));
#1987=CARTESIAN_POINT('Ctrl Pts',(-42.0000000000031,13.8726280933695,23.6749285798667));
#1988=CARTESIAN_POINT('Ctrl Pts',(-42.0000000000031,14.0825405862695,22.058616247501));
#1989=CARTESIAN_POINT('Ctrl Pts',(-42.0000000000031,14.5023655720694,18.8259915827695));
#1990=CARTESIAN_POINT('Ctrl Pts',(-42.0000000000031,14.062608686798,15.4406202830948));
#1991=CARTESIAN_POINT('Ctrl Pts',(-42.0000000000031,12.8378382041716,12.4966247928197));
#1992=CARTESIAN_POINT('Ctrl Pts',(-42.0000000000031,11.6130677215452,9.55262930254451));
#1993=CARTESIAN_POINT('Ctrl Pts',(-42.0000000000031,9.60328364156377,7.05000962166887));
#1994=CARTESIAN_POINT('Ctrl Pts',(-42.0000000000031,7.15860601402542,5.40940754401634));
#1995=CARTESIAN_POINT('Ctrl Pts',(-42.0000000000031,5.93626720025625,4.58910650519008));
#1996=CARTESIAN_POINT('Ctrl Pts',(-42.0000000000031,4.60520499959784,3.9843098671696));
#1997=CARTESIAN_POINT('Ctrl Pts',(-42.0000000000031,3.22790827401092,3.6234992415668));
#1998=CARTESIAN_POINT('Ctrl Pts',(-42.0000000000031,2.84728230575197,3.52378660072707));
#1999=CARTESIAN_POINT('Ctrl Pts',(-42.0000000000031,2.46312525227299,3.44270798724406));
#2000=CARTESIAN_POINT('Ctrl Pts',(-42.0000000000031,2.07674255269969,3.38016149233971));
#2001=CARTESIAN_POINT('',(-42.,2.07738996559276,37.0666927163887));
#2002=CARTESIAN_POINT('Origin',(-38.5,2.07738996559276,37.0666927163887));
#2003=CARTESIAN_POINT('Ctrl Pts',(-42.,2.07738996559276,3.38085719794631));
#2004=CARTESIAN_POINT('Ctrl Pts',(-40.8457269609976,2.07738996559276,3.14833481638535));
#2005=CARTESIAN_POINT('Ctrl Pts',(-39.6649734872897,2.07738996559276,2.93309282067741));
#2006=CARTESIAN_POINT('Ctrl Pts',(-38.5,2.07738996559276,2.75553640925656));
#2007=CARTESIAN_POINT('Ctrl Pts',(-38.5,2.07738996559276,36.4729766285068));
#2008=CARTESIAN_POINT('Ctrl Pts',(-39.6649734681928,2.07738996559276,36.2954202199965));
#2009=CARTESIAN_POINT('Ctrl Pts',(-40.8457268529217,2.07738996559276,36.0801782431493));
#2010=CARTESIAN_POINT('Ctrl Pts',(-42.,2.07738996559276,35.847655839817));
#2011=CARTESIAN_POINT('Origin',(-64.,15.1661572654891,37.0666927163887));
#2012=CARTESIAN_POINT('',(-64.,2.07738996559275,9.2349983030882));
#2013=CARTESIAN_POINT('',(-64.,2.07738996559276,29.9935147346751));
#2014=CARTESIAN_POINT('Ctrl Pts',(-64.0000000000015,2.0770354078265,9.23273525327781));
#2015=CARTESIAN_POINT('Ctrl Pts',(-64.0000000000015,2.13343837062632,9.245457715995));
#2016=CARTESIAN_POINT('Ctrl Pts',(-64.0000000000015,2.18973840345377,9.25873384238694));
#2017=CARTESIAN_POINT('Ctrl Pts',(-64.0000000000015,2.24592664230274,9.27256428261895));
#2018=CARTESIAN_POINT('Ctrl Pts',(-64.0000000000015,3.19393313647832,9.50591110796606));
#2019=CARTESIAN_POINT('Ctrl Pts',(-64.0000000000015,4.11011596544576,9.89705085122307));
#2020=CARTESIAN_POINT('Ctrl Pts',(-64.0000000000015,4.95146344853242,10.4275636179113));
#2021=CARTESIAN_POINT('Ctrl Pts',(-64.0000000000015,6.63415841470574,11.4885891512877));
#2022=CARTESIAN_POINT('Ctrl Pts',(-64.0000000000015,8.01751199735595,13.1071067783888));
#2023=CARTESIAN_POINT('Ctrl Pts',(-64.0000000000015,8.86053322134791,15.0110751006748));
#2024=CARTESIAN_POINT('Ctrl Pts',(-64.0000000000015,9.70355444533986,16.9150434229607));
#2025=CARTESIAN_POINT('Ctrl Pts',(-64.0000000000015,10.0062433106736,19.1044624404315));
#2026=CARTESIAN_POINT('Ctrl Pts',(-64.0000000000015,9.71727376216476,21.1950957242867));
#2027=CARTESIAN_POINT('Ctrl Pts',(-64.0000000000015,9.57278898791036,22.2404123662143));
#2028=CARTESIAN_POINT('Ctrl Pts',(-64.0000000000015,9.28038961019533,23.2610325747381));
#2029=CARTESIAN_POINT('Ctrl Pts',(-64.0000000000015,8.85827579425345,24.2144905242206));
#2030=CARTESIAN_POINT('Ctrl Pts',(-64.0000000000015,8.43616197831157,25.1679484737031));
#2031=CARTESIAN_POINT('Ctrl Pts',(-64.0000000000015,7.88433372414283,26.0542441641444));
#2032=CARTESIAN_POINT('Ctrl Pts',(-64.0000000000015,7.2231885958135,26.8291720466953));
#2033=CARTESIAN_POINT('Ctrl Pts',(-64.0000000000015,5.90089833915484,28.3790278117971));
#2034=CARTESIAN_POINT('Ctrl Pts',(-64.0000000000015,4.1413405858538,29.4834123453376));
#2035=CARTESIAN_POINT('Ctrl Pts',(-64.0000000000015,2.24695296022904,29.9549819190023));
#2036=CARTESIAN_POINT('Ctrl Pts',(-64.0000000000015,2.19081288891417,29.9689568569386));
#2037=CARTESIAN_POINT('Ctrl Pts',(-64.0000000000015,2.13455440597274,29.98237603785));
#2038=CARTESIAN_POINT('Ctrl Pts',(-64.0000000000015,2.07818682458389,29.9952397555945));
#2039=CARTESIAN_POINT('',(-64.,2.07738996559275,37.0666927163887));
#2040=CARTESIAN_POINT('Origin',(-67.5,2.07738996559275,37.0666927163887));
#2041=CARTESIAN_POINT('',(-67.5,2.07738996559275,28.9893759343292));
#2042=CARTESIAN_POINT('',(-67.5,2.07738996559275,10.2391371034341));
#2043=CARTESIAN_POINT('Ctrl Pts',(-67.5000000000008,2.07805741131591,28.9909063013303));
#2044=CARTESIAN_POINT('Ctrl Pts',(-67.5000000000008,3.82643099238742,28.5634746059583));
#2045=CARTESIAN_POINT('Ctrl Pts',(-67.5000000000008,5.4504053229803,27.5619506136365));
#2046=CARTESIAN_POINT('Ctrl Pts',(-67.5000000000008,6.67073860442263,26.156319870173));
#2047=CARTESIAN_POINT('Ctrl Pts',(-67.5000000000008,7.28076972424465,25.4536605970621));
#2048=CARTESIAN_POINT('Ctrl Pts',(-67.5000000000008,7.78993540272531,24.6500195104144));
#2049=CARTESIAN_POINT('Ctrl Pts',(-67.5000000000008,8.17941503858388,23.7854796160441));
#2050=CARTESIAN_POINT('Ctrl Pts',(-67.5000000000008,8.56889467444245,22.9209397216737));
#2051=CARTESIAN_POINT('Ctrl Pts',(-67.5000000000008,8.83868826767892,21.9955010195807));
#2052=CARTESIAN_POINT('Ctrl Pts',(-67.5000000000008,8.97200273202107,21.0476690363389));
#2053=CARTESIAN_POINT('Ctrl Pts',(-67.5000000000008,9.23863166070536,19.1520050698553));
#2054=CARTESIAN_POINT('Ctrl Pts',(-67.5000000000008,8.95934407381234,17.1667679787766));
#2055=CARTESIAN_POINT('Ctrl Pts',(-67.5000000000008,8.18149794098963,15.4403608801448));
#2056=CARTESIAN_POINT('Ctrl Pts',(-67.5000000000008,7.40365180816691,13.7139537815129));
#2057=CARTESIAN_POINT('Ctrl Pts',(-67.5000000000008,6.12724712941451,12.246376675328));
#2058=CARTESIAN_POINT('Ctrl Pts',(-67.5000000000008,4.57464354731222,11.28430078824));
#2059=CARTESIAN_POINT('Ctrl Pts',(-67.5000000000008,3.79799683904892,10.8030491156176));
#2060=CARTESIAN_POINT('Ctrl Pts',(-67.5000000000008,2.95223903268527,10.4482850757287));
#2061=CARTESIAN_POINT('Ctrl Pts',(-67.5000000000008,2.07710944092721,10.2367330123197));
#2062=CARTESIAN_POINT('',(-67.5,2.07738996559275,37.0666927163887));
#2063=CARTESIAN_POINT('Origin',(-64.,2.07738996559275,37.0666927163887));
#2064=CARTESIAN_POINT('Ctrl Pts',(-67.5,2.07738996559275,10.2391371034341));
#2065=CARTESIAN_POINT('Ctrl Pts',(-66.3378588242342,2.07738996559275,9.91079441853765));
#2066=CARTESIAN_POINT('Ctrl Pts',(-65.1350751074389,2.07738996559275,9.56413083094498));
#2067=CARTESIAN_POINT('Ctrl Pts',(-64.,2.07738996559275,9.2349983030882));
#2068=CARTESIAN_POINT('Ctrl Pts',(-64.,2.07738996559275,29.9935147346751));
#2069=CARTESIAN_POINT('Ctrl Pts',(-65.1350750456287,2.07738996559275,29.6643822247412));
#2070=CARTESIAN_POINT('Ctrl Pts',(-66.3378588131197,2.07738996559275,29.3177186223659));
#2071=CARTESIAN_POINT('Ctrl Pts',(-67.5,2.07738996559275,28.9893759343292));
#2072=CARTESIAN_POINT('Origin',(-67.5,-15.0113773343036,37.0666927163886));
#2073=CARTESIAN_POINT('',(-67.5,-1.92261003440725,10.2391446573407));
#2074=CARTESIAN_POINT('',(-67.5,-8.91568132901006,19.6142565188817));
#2075=CARTESIAN_POINT('Ctrl Pts',(-67.5000000000008,-1.92243588613769,10.2408235788919));
#2076=CARTESIAN_POINT('Ctrl Pts',(-67.5000000000008,-2.36003813314099,10.3464929630791));
#2077=CARTESIAN_POINT('Ctrl Pts',(-67.5000000000008,-2.79024229134267,10.4869302870647));
#2078=CARTESIAN_POINT('Ctrl Pts',(-67.5000000000008,-3.20812547861508,10.6617807035582));
#2079=CARTESIAN_POINT('Ctrl Pts',(-67.5000000000008,-4.04316953627413,11.0111793051749));
#2080=CARTESIAN_POINT('Ctrl Pts',(-67.5000000000008,-4.82901486128066,11.4979924456104));
#2081=CARTESIAN_POINT('Ctrl Pts',(-67.5000000000008,-5.52999430886733,12.0969726645816));
#2082=CARTESIAN_POINT('Ctrl Pts',(-67.5000000000008,-6.58146348024733,12.9954429930385));
#2083=CARTESIAN_POINT('Ctrl Pts',(-67.5000000000008,-7.44198442743265,14.1462892482009));
#2084=CARTESIAN_POINT('Ctrl Pts',(-67.5000000000008,-8.02553888962329,15.4413578233289));
#2085=CARTESIAN_POINT('Ctrl Pts',(-67.5000000000008,-8.60909335181393,16.736426398457));
#2086=CARTESIAN_POINT('Ctrl Pts',(-67.5000000000008,-8.91568132900989,18.1757172935507));
#2087=CARTESIAN_POINT('Ctrl Pts',(-67.5000000000008,-8.91568132900989,19.6142565188817));
#2088=CARTESIAN_POINT('',(-67.5,-1.92261003440725,28.9893683804226));
#2089=CARTESIAN_POINT('',(-67.5,-1.92261003440725,37.0666927163887));
#2090=CARTESIAN_POINT('Ctrl Pts',(-67.5000000000019,-8.91568132900965,19.6142565188817));
#2091=CARTESIAN_POINT('Ctrl Pts',(-67.5000000000019,-8.91568132900965,21.0527957442126));
#2092=CARTESIAN_POINT('Ctrl Pts',(-67.5000000000019,-8.60901056677796,22.4905605431363));
#2093=CARTESIAN_POINT('Ctrl Pts',(-67.5000000000019,-8.02536451337696,23.7864409995895));
#2094=CARTESIAN_POINT('Ctrl Pts',(-67.5000000000019,-7.44171845997596,25.0823214560428));
#2095=CARTESIAN_POINT('Ctrl Pts',(-67.5000000000019,-6.58109711540565,26.2363175700257));
#2096=CARTESIAN_POINT('Ctrl Pts',(-67.5000000000019,-5.52963662927229,27.1327930480675));
#2097=CARTESIAN_POINT('Ctrl Pts',(-67.5000000000019,-4.47787297044767,28.029527011223));
#2098=CARTESIAN_POINT('Ctrl Pts',(-67.5000000000019,-3.23516010157047,28.6685918079793));
#2099=CARTESIAN_POINT('Ctrl Pts',(-67.5000000000019,-1.92312919678806,28.9890121989594));
#2100=CARTESIAN_POINT('Origin',(-64.,-1.92261003440725,37.0666927163887));
#2101=CARTESIAN_POINT('',(-64.,-9.66920471371258,19.6142565188817));
#2102=CARTESIAN_POINT('',(-64.,-1.92261003440725,9.23500536830455));
#2103=CARTESIAN_POINT('Ctrl Pts',(-64.0000000000068,-9.6692047137111,19.6142565188816));
#2104=CARTESIAN_POINT('Ctrl Pts',(-64.0000000000068,-9.6692047137111,18.0277633229453));
#2105=CARTESIAN_POINT('Ctrl Pts',(-64.0000000000067,-9.33692798070351,16.4404411479008));
#2106=CARTESIAN_POINT('Ctrl Pts',(-64.0000000000067,-8.70447796748992,15.0121745796125));
#2107=CARTESIAN_POINT('Ctrl Pts',(-64.0000000000067,-8.07202795427634,13.5839080113242));
#2108=CARTESIAN_POINT('Ctrl Pts',(-64.0000000000068,-7.13940466085676,12.3146970497921));
#2109=CARTESIAN_POINT('Ctrl Pts',(-64.0000000000068,-5.99983374773826,11.323818916094));
#2110=CARTESIAN_POINT('Ctrl Pts',(-64.0000000000068,-5.24011980565926,10.6632334936286));
#2111=CARTESIAN_POINT('Ctrl Pts',(-64.0000000000068,-4.38842914371407,10.1263515502005));
#2112=CARTESIAN_POINT('Ctrl Pts',(-64.0000000000068,-3.48341742755336,9.74101725109093));
#2113=CARTESIAN_POINT('Ctrl Pts',(-64.0000000000068,-2.97728144684037,9.52551556210775));
#2114=CARTESIAN_POINT('Ctrl Pts',(-64.0000000000068,-2.45446820425971,9.35741353141925));
#2115=CARTESIAN_POINT('Ctrl Pts',(-64.0000000000068,-1.92242444947181,9.23725737010361));
#2116=CARTESIAN_POINT('',(-64.,-1.92261003440724,29.9935076694588));
#2117=CARTESIAN_POINT('Ctrl Pts',(-64.0000000000015,-1.92316474069971,29.9931502095248));
#2118=CARTESIAN_POINT('Ctrl Pts',(-64.0000000000015,-1.97954819516784,29.9802822969687));
#2119=CARTESIAN_POINT('Ctrl Pts',(-64.0000000000015,-2.03582371469725,29.9668659713952));
#2120=CARTESIAN_POINT('Ctrl Pts',(-64.0000000000015,-2.09198199122308,29.9529015265009));
#2121=CARTESIAN_POINT('Ctrl Pts',(-64.0000000000015,-3.51349370105598,29.5994251884326));
#2122=CARTESIAN_POINT('Ctrl Pts',(-64.0000000000015,-4.85988459832111,28.8947537469776));
#2123=CARTESIAN_POINT('Ctrl Pts',(-64.0000000000015,-5.99944609846341,27.9060756343525));
#2124=CARTESIAN_POINT('Ctrl Pts',(-64.0000000000015,-7.13900759860572,26.9173975217275));
#2125=CARTESIAN_POINT('Ctrl Pts',(-64.0000000000015,-8.07173970162518,25.6447127379324));
#2126=CARTESIAN_POINT('Ctrl Pts',(-64.0000000000015,-8.70428898040181,24.2155507862051));
#2127=CARTESIAN_POINT('Ctrl Pts',(-64.0000000000015,-9.33683825917845,22.7863888344778));
#2128=CARTESIAN_POINT('Ctrl Pts',(-64.0000000000015,-9.66920471371224,21.2007497148182));
#2129=CARTESIAN_POINT('Ctrl Pts',(-64.0000000000015,-9.66920471371224,19.6142565188817));
#2130=CARTESIAN_POINT('',(-64.,-1.92261003440725,37.0666927163887));
#2131=CARTESIAN_POINT('Origin',(-67.5,-1.92261003440725,37.0666927163887));
#2132=CARTESIAN_POINT('Ctrl Pts',(-64.,-1.92261003440725,9.23500536830455));
#2133=CARTESIAN_POINT('Ctrl Pts',(-65.1350748421216,-1.92261003440725,9.56413796934252));
#2134=CARTESIAN_POINT('Ctrl Pts',(-66.3378588120841,-1.92261003440725,9.91080179852502));
#2135=CARTESIAN_POINT('Ctrl Pts',(-67.5,-1.92261003440725,10.2391446573407));
#2136=CARTESIAN_POINT('Ctrl Pts',(-67.5,-1.92261003440725,28.9893683804226));
#2137=CARTESIAN_POINT('Ctrl Pts',(-66.3378588231989,-1.92261003440725,29.317711236098));
#2138=CARTESIAN_POINT('Ctrl Pts',(-65.1350749039333,-1.92261003440725,29.6643750504975));
#2139=CARTESIAN_POINT('Ctrl Pts',(-64.,-1.92261003440725,29.9935076694588));
#2140=CARTESIAN_POINT('Origin',(-76.,-15.0113773343036,37.0666927163886));
#2141=CARTESIAN_POINT('',(-76.,-1.92261003440725,12.3960970345851));
#2142=CARTESIAN_POINT('',(-76.,-7.30261524714198,19.6142565188817));
#2143=CARTESIAN_POINT('Ctrl Pts',(-76.000000000003,-1.92248732720785,12.3965301045527));
#2144=CARTESIAN_POINT('Ctrl Pts',(-76.000000000003,-2.15827325672883,12.4633854828386));
#2145=CARTESIAN_POINT('Ctrl Pts',(-76.000000000003,-2.39077625853944,12.5421883290054));
#2146=CARTESIAN_POINT('Ctrl Pts',(-76.000000000003,-2.61880852514077,12.6328572816102));
#2147=CARTESIAN_POINT('Ctrl Pts',(-76.000000000003,-3.30407294881868,12.9053284036941));
#2148=CARTESIAN_POINT('Ctrl Pts',(-76.000000000003,-3.94896328580309,13.2849593524326));
#2149=CARTESIAN_POINT('Ctrl Pts',(-76.000000000003,-4.52420991231901,13.7520614290123));
#2150=CARTESIAN_POINT('Ctrl Pts',(-76.000000000003,-5.38707985209289,14.4527145438817));
#2151=CARTESIAN_POINT('Ctrl Pts',(-76.000000000003,-6.09325144331267,15.3501776963937));
#2152=CARTESIAN_POINT('Ctrl Pts',(-76.000000000003,-6.57213529207483,16.3601095799446));
#2153=CARTESIAN_POINT('Ctrl Pts',(-76.000000000003,-7.05101914083699,17.3700414634955));
#2154=CARTESIAN_POINT('Ctrl Pts',(-76.000000000003,-7.30261524714153,18.4924420780852));
#2155=CARTESIAN_POINT('Ctrl Pts',(-76.000000000003,-7.30261524714153,19.6142565188817));
#2156=CARTESIAN_POINT('',(-76.,-1.92261003440725,26.8324160031782));
#2157=CARTESIAN_POINT('',(-76.,-1.92261003440725,37.0666927163887));
#2158=CARTESIAN_POINT('Ctrl Pts',(-76.,-7.30261524714198,19.6142565188817));
#2159=CARTESIAN_POINT('Ctrl Pts',(-76.,-7.30261524714198,20.7360709596782));
#2160=CARTESIAN_POINT('Ctrl Pts',(-76.,-7.05095120473359,21.8572814803927));
#2161=CARTESIAN_POINT('Ctrl Pts',(-76.,-6.57199219323308,22.8678464924527));
#2162=CARTESIAN_POINT('Ctrl Pts',(-76.,-6.09303318173257,23.8784115045126));
#2163=CARTESIAN_POINT('Ctrl Pts',(-76.,-5.38677920113993,24.7783310079181));
#2164=CARTESIAN_POINT('Ctrl Pts',(-76.,-4.52391638876301,25.4774284808118));
#2165=CARTESIAN_POINT('Ctrl Pts',(-76.,-3.75725394092591,26.0985837469299));
#2166=CARTESIAN_POINT('Ctrl Pts',(-76.,-2.86695657982516,26.5611999700012));
#2167=CARTESIAN_POINT('Ctrl Pts',(-76.,-1.92297715080717,26.831952573638));
#2168=CARTESIAN_POINT('Origin',(-72.5,-1.92261003440725,37.0666927163887));
#2169=CARTESIAN_POINT('',(-72.5,-7.9044821163303,19.6142565188817));
#2170=CARTESIAN_POINT('',(-72.5,-1.92261003440725,11.5899504211182));
#2171=CARTESIAN_POINT('Ctrl Pts',(-72.5,-7.90448211633029,19.6142565188817));
#2172=CARTESIAN_POINT('Ctrl Pts',(-72.5,-7.90448211633029,18.3742657946675));
#2173=CARTESIAN_POINT('Ctrl Pts',(-72.5,-7.63236745499798,17.1336271468397));
#2174=CARTESIAN_POINT('Ctrl Pts',(-72.5,-7.11442892948799,16.0173051223148));
#2175=CARTESIAN_POINT('Ctrl Pts',(-72.5,-6.59649040397799,14.9009830977899));
#2176=CARTESIAN_POINT('Ctrl Pts',(-72.5,-5.83272801429031,13.9089776965679));
#2177=CARTESIAN_POINT('Ctrl Pts',(-72.5,-4.89948796982319,13.134515065553));
#2178=CARTESIAN_POINT('Ctrl Pts',(-72.5,-4.27732794017845,12.6182066448763));
#2179=CARTESIAN_POINT('Ctrl Pts',(-72.5,-3.57984450840951,12.1985838998471));
#2180=CARTESIAN_POINT('Ctrl Pts',(-72.5,-2.83869433994671,11.8974096131617));
#2181=CARTESIAN_POINT('Ctrl Pts',(-72.5,-2.53963033487783,11.7758817605988));
#2182=CARTESIAN_POINT('Ctrl Pts',(-72.5,-2.233456378865,11.6736400464555));
#2183=CARTESIAN_POINT('Ctrl Pts',(-72.5,-1.92246309446677,11.5908448231433));
#2184=CARTESIAN_POINT('',(-72.5,-1.92261003440725,27.6385626166451));
#2185=CARTESIAN_POINT('Ctrl Pts',(-72.5000000000002,-1.92304651056379,27.6381541104181));
#2186=CARTESIAN_POINT('Ctrl Pts',(-72.5000000000002,-3.00447406376221,27.3468127458767));
#2187=CARTESIAN_POINT('Ctrl Pts',(-72.5000000000002,-4.02596779885164,26.8181146130018));
#2188=CARTESIAN_POINT('Ctrl Pts',(-72.5000000000002,-4.89917050837958,26.0950777517616));
#2189=CARTESIAN_POINT('Ctrl Pts',(-72.5000000000002,-5.83240284418517,25.3223346400807));
#2190=CARTESIAN_POINT('Ctrl Pts',(-72.5000000000002,-6.5962543423913,24.3276141264369));
#2191=CARTESIAN_POINT('Ctrl Pts',(-72.5000000000002,-7.11427416042757,23.2105922771907));
#2192=CARTESIAN_POINT('Ctrl Pts',(-72.5000000000002,-7.63229397846384,22.0935704279445));
#2193=CARTESIAN_POINT('Ctrl Pts',(-72.5000000000002,-7.90448211633026,20.8542472430958));
#2194=CARTESIAN_POINT('Ctrl Pts',(-72.5000000000002,-7.90448211633026,19.6142565188817));
#2195=CARTESIAN_POINT('',(-72.5,-1.92261003440725,37.0666927163887));
#2196=CARTESIAN_POINT('Origin',(-76.,-1.92261003440725,37.0666927163887));
#2197=CARTESIAN_POINT('Ctrl Pts',(-72.5,-1.92261003440725,11.5899504211182));
#2198=CARTESIAN_POINT('Ctrl Pts',(-73.6290226906517,-1.92261003440725,11.8751857844914));
#2199=CARTESIAN_POINT('Ctrl Pts',(-74.847280895272,-1.92261003440725,12.1645104346327));
#2200=CARTESIAN_POINT('Ctrl Pts',(-76.,-1.92261003440725,12.3960970345851));
#2201=CARTESIAN_POINT('Ctrl Pts',(-76.,-1.92261003440725,26.8324160031782));
#2202=CARTESIAN_POINT('Ctrl Pts',(-74.8472811128115,-1.92261003440725,27.0640025594259));
#2203=CARTESIAN_POINT('Ctrl Pts',(-73.6290240704522,-1.92261003440725,27.3533269046803));
#2204=CARTESIAN_POINT('Ctrl Pts',(-72.5,-1.92261003440725,27.6385626166451));
#2205=CARTESIAN_POINT('Origin',(-50.5,-15.0113773343036,37.0666927163886));
#2206=CARTESIAN_POINT('',(-50.5,-1.92261003440725,5.40284716703693));
#2207=CARTESIAN_POINT('',(-50.5,-12.5553076393136,19.6142565188817));
#2208=CARTESIAN_POINT('Ctrl Pts',(-50.5000000000034,-1.92242433580697,5.407126075586));
#2209=CARTESIAN_POINT('Ctrl Pts',(-50.5000000000034,-2.81626259165682,5.56894070310374));
#2210=CARTESIAN_POINT('Ctrl Pts',(-50.5000000000034,-3.69488850186425,5.83854319576108));
#2211=CARTESIAN_POINT('Ctrl Pts',(-50.5000000000034,-4.53782518099081,6.21436081559514));
#2212=CARTESIAN_POINT('Ctrl Pts',(-50.5000000000034,-5.71082309107599,6.73733400391971));
#2213=CARTESIAN_POINT('Ctrl Pts',(-50.5000000000034,-6.81471086253923,7.46598666307113));
#2214=CARTESIAN_POINT('Ctrl Pts',(-50.5000000000034,-7.79938636497548,8.36252887419983));
#2215=CARTESIAN_POINT('Ctrl Pts',(-50.5000000000034,-9.27639961862986,9.70734219089288));
#2216=CARTESIAN_POINT('Ctrl Pts',(-50.5000000000034,-10.4851852669735,11.4299069995348));
#2217=CARTESIAN_POINT('Ctrl Pts',(-50.5000000000034,-11.3049122721443,13.3683410364765));
#2218=CARTESIAN_POINT('Ctrl Pts',(-50.5000000000034,-12.1246392773151,15.3067750734181));
#2219=CARTESIAN_POINT('Ctrl Pts',(-50.5000000000034,-12.5553076393129,17.4610783386594));
#2220=CARTESIAN_POINT('Ctrl Pts',(-50.5000000000034,-12.5553076393129,19.6142565188817));
#2221=CARTESIAN_POINT('',(-50.5,-1.92261003440725,33.8256658707264));
#2222=CARTESIAN_POINT('',(-50.5,-1.92261003440725,37.0666927163887));
#2223=CARTESIAN_POINT('Ctrl Pts',(-50.5000000000244,-12.5553076393087,19.6142565188817));
#2224=CARTESIAN_POINT('Ctrl Pts',(-50.5000000000244,-12.5553076393087,21.7674346991031));
#2225=CARTESIAN_POINT('Ctrl Pts',(-50.5000000000244,-12.124522988029,23.9194537325922));
#2226=CARTESIAN_POINT('Ctrl Pts',(-50.5000000000244,-11.3046673234215,25.859102978075));
#2227=CARTESIAN_POINT('Ctrl Pts',(-50.5000000000244,-10.4848116588139,27.7987522235578));
#2228=CARTESIAN_POINT('Ctrl Pts',(-50.5000000000244,-9.27588498087862,29.5260316810343));
#2229=CARTESIAN_POINT('Ctrl Pts',(-50.5000000000244,-7.79888392751051,30.8678591435278));
#2230=CARTESIAN_POINT('Ctrl Pts',(-50.5000000000244,-6.3218828741424,32.2096866060213));
#2231=CARTESIAN_POINT('Ctrl Pts',(-50.5000000000244,-4.57680744534149,33.1660620735318));
#2232=CARTESIAN_POINT('Ctrl Pts',(-50.5000000000244,-2.73436691665031,33.6457978456754));
#2233=CARTESIAN_POINT('Ctrl Pts',(-50.5000000000244,-2.46584057522809,33.7157168958358));
#2234=CARTESIAN_POINT('Ctrl Pts',(-50.5000000000244,-2.19524604517426,33.7755113654181));
#2235=CARTESIAN_POINT('Ctrl Pts',(-50.5000000000244,-1.9231890754783,33.8251612405559));
#2236=CARTESIAN_POINT('Origin',(-47.,-1.92261003440725,37.0666927163887));
#2237=CARTESIAN_POINT('',(-47.,-13.2315204341327,19.6142565188817));
#2238=CARTESIAN_POINT('',(-47.,-1.92261003440725,4.50731556463102));
#2239=CARTESIAN_POINT('Ctrl Pts',(-47.000000000022,-13.2315204341286,19.6142565188816));
#2240=CARTESIAN_POINT('Ctrl Pts',(-47.000000000022,-13.2315204341286,17.3283042668809));
#2241=CARTESIAN_POINT('Ctrl Pts',(-47.000000000022,-12.777798951663,15.0411575523611));
#2242=CARTESIAN_POINT('Ctrl Pts',(-47.000000000022,-11.914193019995,12.9831914756083));
#2243=CARTESIAN_POINT('Ctrl Pts',(-47.000000000022,-11.0505870883269,10.9252253988556));
#2244=CARTESIAN_POINT('Ctrl Pts',(-47.000000000022,-9.77709670745643,9.0964399598698));
#2245=CARTESIAN_POINT('Ctrl Pts',(-47.000000000022,-8.22102084444091,7.6686997672315));
#2246=CARTESIAN_POINT('Ctrl Pts',(-47.000000000022,-7.1836369357639,6.7168729721393));
#2247=CARTESIAN_POINT('Ctrl Pts',(-47.000000000022,-6.02065947946689,5.94328850875709));
#2248=CARTESIAN_POINT('Ctrl Pts',(-47.000000000022,-4.78487250820231,5.38806658213363));
#2249=CARTESIAN_POINT('Ctrl Pts',(-47.000000000022,-3.86318707934578,4.97396611704553));
#2250=CARTESIAN_POINT('Ctrl Pts',(-47.000000000022,-2.90100059355529,4.68133210503636));
#2251=CARTESIAN_POINT('Ctrl Pts',(-47.000000000022,-1.92243067161044,4.51203121694215));
#2252=CARTESIAN_POINT('',(-47.,-1.92261003440725,34.7211974731323));
#2253=CARTESIAN_POINT('Ctrl Pts',(-47.0000000000035,-1.9231810212126,34.7206481350007));
#2254=CARTESIAN_POINT('Ctrl Pts',(-47.0000000000035,-2.24589665671396,34.6643908438794));
#2255=CARTESIAN_POINT('Ctrl Pts',(-47.0000000000035,-2.5667645903811,34.5945120683976));
#2256=CARTESIAN_POINT('Ctrl Pts',(-47.0000000000035,-2.88487745524647,34.5110420193445));
#2257=CARTESIAN_POINT('Ctrl Pts',(-47.0000000000035,-4.82594144275383,34.0017237108223));
#2258=CARTESIAN_POINT('Ctrl Pts',(-47.0000000000035,-6.66442850248849,32.986374087741));
#2259=CARTESIAN_POINT('Ctrl Pts',(-47.0000000000035,-8.22049151215311,31.5618038696976));
#2260=CARTESIAN_POINT('Ctrl Pts',(-47.0000000000035,-9.77655452181773,30.1372336516541));
#2261=CARTESIAN_POINT('Ctrl Pts',(-47.0000000000035,-11.0501934814123,28.3034428386485));
#2262=CARTESIAN_POINT('Ctrl Pts',(-47.0000000000035,-11.9139349594909,26.2441866184558));
#2263=CARTESIAN_POINT('Ctrl Pts',(-47.0000000000035,-12.7776764375695,24.184930398263));
#2264=CARTESIAN_POINT('Ctrl Pts',(-47.0000000000035,-13.231520434132,21.9002087708831));
#2265=CARTESIAN_POINT('Ctrl Pts',(-47.0000000000035,-13.231520434132,19.6142565188817));
#2266=CARTESIAN_POINT('',(-47.,-1.92261003440725,37.0666927163887));
#2267=CARTESIAN_POINT('Origin',(-50.5,-1.92261003440725,37.0666927163887));
#2268=CARTESIAN_POINT('Ctrl Pts',(-47.0000000000001,-1.92243067160883,4.5120312169365));
#2269=CARTESIAN_POINT('Ctrl Pts',(-47.5878735384126,-1.92243249062367,4.65620089364562));
#2270=CARTESIAN_POINT('Ctrl Pts',(-48.1772269717219,-1.92243601021239,4.80422111595182));
#2271=CARTESIAN_POINT('Ctrl Pts',(-48.7657638905047,-1.9224348815715,4.95495868377261));
#2272=CARTESIAN_POINT('Ctrl Pts',(-49.3074006612427,-1.92243384287131,5.09368406676509));
#2273=CARTESIAN_POINT('Ctrl Pts',(-49.848344551398,-1.92242898195136,5.23470986263339));
#2274=CARTESIAN_POINT('Ctrl Pts',(-50.3868419124134,-1.92242511824777,5.37716137905089));
#2275=CARTESIAN_POINT('Ctrl Pts',(-50.4245734639191,-1.92242484752494,5.38714270322793));
#2276=CARTESIAN_POINT('Ctrl Pts',(-50.4622930243094,-1.92242458557404,5.39713103447167));
#2277=CARTESIAN_POINT('Ctrl Pts',(-50.5000000000001,-1.92242433580644,5.40712607558503));
#2278=CARTESIAN_POINT('Ctrl Pts',(-50.5000000000001,-1.92318907547666,33.8251612405627));
#2279=CARTESIAN_POINT('Ctrl Pts',(-49.9612921903865,-1.92319081760289,33.9680209141738));
#2280=CARTESIAN_POINT('Ctrl Pts',(-49.4200114484281,-1.92319397649486,34.1095114895556));
#2281=CARTESIAN_POINT('Ctrl Pts',(-48.8779135443404,-1.92319317823847,34.2487564223581));
#2282=CARTESIAN_POINT('Ctrl Pts',(-48.2521096366158,-1.92319225672233,34.4095023363739));
#2283=CARTESIAN_POINT('Ctrl Pts',(-47.6252180940953,-1.92318575000981,34.5672540927));
#2284=CARTESIAN_POINT('Ctrl Pts',(-47.0000000000001,-1.92318102121206,34.7206481350016));
#2285=CARTESIAN_POINT('Origin',(-47.,15.1661572654891,37.0666927163887));
#2286=CARTESIAN_POINT('',(-47.,2.07738996559276,4.50731015965109));
#2287=CARTESIAN_POINT('',(-47.,2.07738996559276,34.7212028781122));
#2288=CARTESIAN_POINT('Ctrl Pts',(-47.0000000000035,2.07678699511839,4.50626592342832));
#2289=CARTESIAN_POINT('Ctrl Pts',(-47.0000000000035,2.39941026708875,4.56150789878524));
#2290=CARTESIAN_POINT('Ctrl Pts',(-47.0000000000035,2.72027099723674,4.6304237469632));
#2291=CARTESIAN_POINT('Ctrl Pts',(-47.0000000000035,3.03850549783807,4.71308031620983));
#2292=CARTESIAN_POINT('Ctrl Pts',(-47.0000000000035,4.3330015283939,5.0493059629796));
#2293=CARTESIAN_POINT('Ctrl Pts',(-47.0000000000035,5.58404257362761,5.61289285968722));
#2294=CARTESIAN_POINT('Ctrl Pts',(-47.0000000000035,6.73289649379085,6.37730007985844));
#2295=CARTESIAN_POINT('Ctrl Pts',(-47.0000000000035,9.03060433411732,7.90611452020087));
#2296=CARTESIAN_POINT('Ctrl Pts',(-47.0000000000035,10.9195636741619,10.2382102543977));
#2297=CARTESIAN_POINT('Ctrl Pts',(-47.0000000000035,12.0707030754599,12.9816072542818));
#2298=CARTESIAN_POINT('Ctrl Pts',(-47.0000000000035,13.2218424767579,15.725004254166));
#2299=CARTESIAN_POINT('Ctrl Pts',(-47.0000000000035,13.6351619393094,18.8797025197375));
#2300=CARTESIAN_POINT('Ctrl Pts',(-47.0000000000035,13.2405761049355,21.8920620278517));
#2301=CARTESIAN_POINT('Ctrl Pts',(-47.0000000000035,13.0432831877485,23.3982417819089));
#2302=CARTESIAN_POINT('Ctrl Pts',(-47.0000000000035,12.6440139463302,24.8688368466017));
#2303=CARTESIAN_POINT('Ctrl Pts',(-47.0000000000035,12.0676205750435,26.2426589042006));
#2304=CARTESIAN_POINT('Ctrl Pts',(-47.0000000000035,11.4912272037568,27.6164809617995));
#2305=CARTESIAN_POINT('Ctrl Pts',(-47.0000000000035,10.7377097026017,28.8935300123045));
#2306=CARTESIAN_POINT('Ctrl Pts',(-47.0000000000035,9.83492079819879,30.0101109990955));
#2307=CARTESIAN_POINT('Ctrl Pts',(-47.0000000000035,8.02934298939291,32.2432729726774));
#2308=CARTESIAN_POINT('Ctrl Pts',(-47.0000000000035,5.62667956759564,33.8345626914033));
#2309=CARTESIAN_POINT('Ctrl Pts',(-47.0000000000035,3.03990692756439,34.5140396230757));
#2310=CARTESIAN_POINT('Ctrl Pts',(-47.0000000000035,2.72194523442783,34.5975597718118));
#2311=CARTESIAN_POINT('Ctrl Pts',(-47.0000000000035,2.40120185200317,34.6673034247981));
#2312=CARTESIAN_POINT('Ctrl Pts',(-47.0000000000035,2.07858423437346,34.7233007957243));
#2313=CARTESIAN_POINT('',(-47.,2.07738996559276,37.0666927163887));
#2314=CARTESIAN_POINT('Origin',(-50.5,2.07738996559276,37.0666927163887));
#2315=CARTESIAN_POINT('',(-50.5,2.07738996559276,33.8256715285817));
#2316=CARTESIAN_POINT('',(-50.5,2.07738996559276,5.4028415091816));
#2317=CARTESIAN_POINT('Ctrl Pts',(-50.5000000000034,2.07852551152168,33.8277376138385));
#2318=CARTESIAN_POINT('Ctrl Pts',(-50.5000000000034,2.35049642068879,33.7782815262518));
#2319=CARTESIAN_POINT('Ctrl Pts',(-50.5000000000034,2.62098495071976,33.7185827739426));
#2320=CARTESIAN_POINT('Ctrl Pts',(-50.5000000000034,2.88938528364016,33.6486213407653));
#2321=CARTESIAN_POINT('Ctrl Pts',(-50.5000000000034,5.34472667433019,33.0086102023172));
#2322=CARTESIAN_POINT('Ctrl Pts',(-50.5000000000034,7.62531324623876,31.5097467427797));
#2323=CARTESIAN_POINT('Ctrl Pts',(-50.5000000000034,9.33915150920219,29.4062926438549));
#2324=CARTESIAN_POINT('Ctrl Pts',(-50.5000000000034,10.1960706406839,28.3545655943926));
#2325=CARTESIAN_POINT('Ctrl Pts',(-50.5000000000034,10.9113026949293,27.1516908850834));
#2326=CARTESIAN_POINT('Ctrl Pts',(-50.5000000000034,11.4584101136248,25.8576639974526));
#2327=CARTESIAN_POINT('Ctrl Pts',(-50.5000000000034,12.0055175323203,24.5636371098218));
#2328=CARTESIAN_POINT('Ctrl Pts',(-50.5000000000034,12.3845003154658,23.1784580438694));
#2329=CARTESIAN_POINT('Ctrl Pts',(-50.5000000000034,12.5717689830567,21.759761140166));
#2330=CARTESIAN_POINT('Ctrl Pts',(-50.5000000000034,12.9463063182383,18.9223673327591));
#2331=CARTESIAN_POINT('Ctrl Pts',(-50.5000000000034,12.5539871912013,15.9509021743481));
#2332=CARTESIAN_POINT('Ctrl Pts',(-50.5000000000034,11.4613359953749,13.3668488308603));
#2333=CARTESIAN_POINT('Ctrl Pts',(-50.5000000000034,10.3686847995485,10.7827954873725));
#2334=CARTESIAN_POINT('Ctrl Pts',(-50.5000000000034,8.57570153493277,8.58615395880801));
#2335=CARTESIAN_POINT('Ctrl Pts',(-50.5000000000034,6.394737859672,7.14613705046187));
#2336=CARTESIAN_POINT('Ctrl Pts',(-50.5000000000034,5.30425602204161,6.42612859628879));
#2337=CARTESIAN_POINT('Ctrl Pts',(-50.5000000000034,4.11677908174997,5.89527629717032));
#2338=CARTESIAN_POINT('Ctrl Pts',(-50.5000000000034,2.88805505911253,5.57857951331496));
#2339=CARTESIAN_POINT('Ctrl Pts',(-50.5000000000034,2.61942444180372,5.50934146556834));
#2340=CARTESIAN_POINT('Ctrl Pts',(-50.5000000000034,2.34882233006003,5.45033944865174));
#2341=CARTESIAN_POINT('Ctrl Pts',(-50.5000000000034,2.07682532335627,5.40152917653902));
#2342=CARTESIAN_POINT('',(-50.5,2.07738996559276,37.0666927163887));
#2343=CARTESIAN_POINT('Origin',(-47.,2.07738996559276,37.0666927163887));
#2344=CARTESIAN_POINT('Ctrl Pts',(-50.5000000000001,2.07682532335397,5.40152917653773));
#2345=CARTESIAN_POINT('Ctrl Pts',(-49.9612537596111,2.07682172093175,5.25869425385881));
#2346=CARTESIAN_POINT('Ctrl Pts',(-49.4199342187438,2.07681985042175,5.11722866206323));
#2347=CARTESIAN_POINT('Ctrl Pts',(-48.8777975258269,2.07681432616034,4.97800886883697));
#2348=CARTESIAN_POINT('Ctrl Pts',(-48.2520321562587,2.0768079497399,4.81731337174617));
#2349=CARTESIAN_POINT('Ctrl Pts',(-47.6251794563524,2.07679639431012,4.65961144413874));
#2350=CARTESIAN_POINT('Ctrl Pts',(-47.0000000000001,2.07678699511785,4.5062659234274));
#2351=CARTESIAN_POINT('Ctrl Pts',(-47.0000000000001,2.07858423437134,34.7233007957255));
#2352=CARTESIAN_POINT('Ctrl Pts',(-47.5878779475883,2.07857814979626,34.5790564581163));
#2353=CARTESIAN_POINT('Ctrl Pts',(-48.1772358135382,2.07857331407798,34.4309587012062));
#2354=CARTESIAN_POINT('Ctrl Pts',(-48.7657771359657,2.07856337900041,34.2801411414047));
#2355=CARTESIAN_POINT('Ctrl Pts',(-49.3074172467067,2.07855423565514,34.1413423235824));
#2356=CARTESIAN_POINT('Ctrl Pts',(-49.8483644540889,2.07854088810159,34.0002410182872));
#2357=CARTESIAN_POINT('Ctrl Pts',(-50.3868650768036,2.07852816187905,33.8577122495802));
#2358=CARTESIAN_POINT('Ctrl Pts',(-50.4245889019407,2.07852727036329,33.847727617955));
#2359=CARTESIAN_POINT('Ctrl Pts',(-50.4623007407462,2.07852638577324,33.8377359736667));
#2360=CARTESIAN_POINT('Ctrl Pts',(-50.5000000000001,2.07852551152116,33.8277376138395));
#2361=CARTESIAN_POINT('Origin',(-55.5,15.1661572654891,37.0666927163887));
#2362=CARTESIAN_POINT('',(-55.5,2.07738996559275,6.77811991580846));
#2363=CARTESIAN_POINT('',(-55.5,2.07738996559276,32.4503931219548));
#2364=CARTESIAN_POINT('Ctrl Pts',(-55.500000000003,2.07689069667098,6.7764193986968));
#2365=CARTESIAN_POINT('Ctrl Pts',(-55.500000000003,2.27128159750492,6.81407378322858));
#2366=CARTESIAN_POINT('Ctrl Pts',(-55.500000000003,2.4648218500607,6.85735416372285));
#2367=CARTESIAN_POINT('Ctrl Pts',(-55.500000000003,2.65725985859246,6.90627960138339));
#2368=CARTESIAN_POINT('Ctrl Pts',(-55.500000000003,3.78508777295185,7.19301856078546));
#2369=CARTESIAN_POINT('Ctrl Pts',(-55.500000000003,4.8750555901711,7.67365506739095));
#2370=CARTESIAN_POINT('Ctrl Pts',(-55.500000000003,5.87599301299577,8.32555456695951));
#2371=CARTESIAN_POINT('Ctrl Pts',(-55.500000000003,7.8778678586451,9.62935356609665));
#2372=CARTESIAN_POINT('Ctrl Pts',(-55.500000000003,9.52362112671608,11.6182045370861));
#2373=CARTESIAN_POINT('Ctrl Pts',(-55.500000000003,10.5265497718857,13.9578202342558));
#2374=CARTESIAN_POINT('Ctrl Pts',(-55.500000000003,11.5294784170554,16.2974359314254));
#2375=CARTESIAN_POINT('Ctrl Pts',(-55.500000000003,11.8895824393237,18.9878163547752));
#2376=CARTESIAN_POINT('Ctrl Pts',(-55.500000000003,11.5458000652468,21.5568078609262));
#2377=CARTESIAN_POINT('Ctrl Pts',(-55.500000000003,11.3739088782083,22.8413036140017));
#2378=CARTESIAN_POINT('Ctrl Pts',(-55.500000000003,11.0260460920835,24.0954521377774));
#2379=CARTESIAN_POINT('Ctrl Pts',(-55.500000000003,10.5238641475705,25.2670709925083));
#2380=CARTESIAN_POINT('Ctrl Pts',(-55.500000000003,10.0216822030575,26.4386898472391));
#2381=CARTESIAN_POINT('Ctrl Pts',(-55.500000000003,9.36518110015639,27.527779032925));
#2382=CARTESIAN_POINT('Ctrl Pts',(-55.500000000003,8.5786274892331,28.480018320191));
#2383=CARTESIAN_POINT('Ctrl Pts',(-55.500000000003,7.0055202673865,30.384496894723));
#2384=CARTESIAN_POINT('Ctrl Pts',(-55.500000000003,4.91220301345125,31.7415758755752));
#2385=CARTESIAN_POINT('Ctrl Pts',(-55.500000000003,2.65848085234451,32.3210453782657));
#2386=CARTESIAN_POINT('Ctrl Pts',(-55.500000000003,2.4662078118638,32.3704819792234));
#2387=CARTESIAN_POINT('Ctrl Pts',(-55.500000000003,2.27276727998906,32.4142588258152));
#2388=CARTESIAN_POINT('Ctrl Pts',(-55.500000000003,2.07842360178442,32.4523845332155));
#2389=CARTESIAN_POINT('',(-55.5,2.07738996559275,37.0666927163887));
#2390=CARTESIAN_POINT('Origin',(-59.,2.07738996559275,37.0666927163887));
#2391=CARTESIAN_POINT('',(-59.,2.07738996559276,31.4468861740617));
#2392=CARTESIAN_POINT('',(-59.,2.07738996559275,7.78162686370159));
#2393=CARTESIAN_POINT('Ctrl Pts',(-59.0000000000025,2.07833734476591,31.4487951316701));
#2394=CARTESIAN_POINT('Ctrl Pts',(-59.0000000000025,2.21619152162678,31.4201042629408));
#2395=CARTESIAN_POINT('Ctrl Pts',(-59.0000000000025,2.35352311584403,31.3883923367318));
#2396=CARTESIAN_POINT('Ctrl Pts',(-59.0000000000025,2.49022341561621,31.35365585153));
#2397=CARTESIAN_POINT('Ctrl Pts',(-59.0000000000025,4.59702793389358,30.8183023512512));
#2398=CARTESIAN_POINT('Ctrl Pts',(-59.0000000000025,6.55388416261923,29.5645401097859));
#2399=CARTESIAN_POINT('Ctrl Pts',(-59.0000000000025,8.02444227307133,27.8050527401353));
#2400=CARTESIAN_POINT('Ctrl Pts',(-59.0000000000025,8.75972132829739,26.92530905531));
#2401=CARTESIAN_POINT('Ctrl Pts',(-59.0000000000025,9.37342585395506,25.9191340884383));
#2402=CARTESIAN_POINT('Ctrl Pts',(-59.0000000000025,9.84287111564502,24.8367125771067));
#2403=CARTESIAN_POINT('Ctrl Pts',(-59.0000000000025,10.312316377335,23.7542910657752));
#2404=CARTESIAN_POINT('Ctrl Pts',(-59.0000000000025,10.6375023750573,22.5956230099837));
#2405=CARTESIAN_POINT('Ctrl Pts',(-59.0000000000025,10.7981881666576,21.4089181112628));
#2406=CARTESIAN_POINT('Ctrl Pts',(-59.0000000000025,11.1195597498584,19.0355083138209));
#2407=CARTESIAN_POINT('Ctrl Pts',(-59.0000000000025,10.7829305085715,16.549951144661));
#2408=CARTESIAN_POINT('Ctrl Pts',(-59.0000000000025,9.84538166709603,14.3884543843112));
#2409=CARTESIAN_POINT('Ctrl Pts',(-59.0000000000025,8.90783282562056,12.2269576239615));
#2410=CARTESIAN_POINT('Ctrl Pts',(-59.0000000000025,7.36936438395648,10.3895212724218));
#2411=CARTESIAN_POINT('Ctrl Pts',(-59.0000000000025,5.49798953455238,9.18498271671313));
#2412=CARTESIAN_POINT('Ctrl Pts',(-59.0000000000025,4.56230210985033,8.58271343885877));
#2413=CARTESIAN_POINT('Ctrl Pts',(-59.0000000000025,3.54338808321328,8.13866860996213));
#2414=CARTESIAN_POINT('Ctrl Pts',(-59.0000000000025,2.48908201708982,7.87375957701136));
#2415=CARTESIAN_POINT('Ctrl Pts',(-59.0000000000025,2.3522644300383,7.8393822592276));
#2416=CARTESIAN_POINT('Ctrl Pts',(-59.0000000000025,2.21485082957456,7.80802164628879));
#2417=CARTESIAN_POINT('Ctrl Pts',(-59.0000000000025,2.07694468434809,7.77966999104416));
#2418=CARTESIAN_POINT('',(-59.,2.07738996559275,37.0666927163887));
#2419=CARTESIAN_POINT('Origin',(-55.5,2.07738996559275,37.0666927163887));
#2420=CARTESIAN_POINT('Ctrl Pts',(-58.9999999999998,2.07694468434564,7.77966999104288));
#2421=CARTESIAN_POINT('Ctrl Pts',(-58.5170293082497,2.07693576035586,7.63986646287712));
#2422=CARTESIAN_POINT('Ctrl Pts',(-58.0344446097351,2.07692625908594,7.50057840425989));
#2423=CARTESIAN_POINT('Ctrl Pts',(-57.5520041419001,2.07691810144894,7.3619339906126));
#2424=CARTESIAN_POINT('Ctrl Pts',(-56.9756063727029,2.07690835507797,7.19628799682485));
#2425=CARTESIAN_POINT('Ctrl Pts',(-56.3994137287491,2.07690094143449,7.0315596018155));
#2426=CARTESIAN_POINT('Ctrl Pts',(-55.8229403237268,2.07689438826727,6.86794747625884));
#2427=CARTESIAN_POINT('Ctrl Pts',(-55.7153045920421,2.07689316469834,6.83739878018133));
#2428=CARTESIAN_POINT('Ctrl Pts',(-55.607658926943,2.07689194870844,6.80688898802368));
#2429=CARTESIAN_POINT('Ctrl Pts',(-55.5,2.07689069667059,6.77641939869588));
#2430=CARTESIAN_POINT('Ctrl Pts',(-55.5,2.07842360178201,32.4523845332168));
#2431=CARTESIAN_POINT('Ctrl Pts',(-56.0834321573744,2.07840868653013,32.2872060752878));
#2432=CARTESIAN_POINT('Ctrl Pts',(-56.6664783899824,2.07839271944747,32.1208466469091));
#2433=CARTESIAN_POINT('Ctrl Pts',(-57.2496516832465,2.07837859145854,31.9535114415704));
#2434=CARTESIAN_POINT('Ctrl Pts',(-57.7320357599864,2.07836690519483,31.815096600792));
#2435=CARTESIAN_POINT('Ctrl Pts',(-58.2145073905069,2.07835616562025,31.676013208874));
#2436=CARTESIAN_POINT('Ctrl Pts',(-58.6973186239907,2.07834467972127,31.5363859824406));
#2437=CARTESIAN_POINT('Ctrl Pts',(-58.7981970905454,2.07834227986021,31.5072123023043));
#2438=CARTESIAN_POINT('Ctrl Pts',(-58.8990902133353,2.07833984200902,31.4780149379009));
#2439=CARTESIAN_POINT('Ctrl Pts',(-58.9999999999998,2.07833734476557,31.4487951316709));
#2440=CARTESIAN_POINT('Origin',(-59.,-15.0113773343036,37.0666927163886));
#2441=CARTESIAN_POINT('',(-59.,-1.92261003440725,7.78163332157363));
#2442=CARTESIAN_POINT('',(-59.,-10.7620880376358,19.6142565188817));
#2443=CARTESIAN_POINT('Ctrl Pts',(-59.0000000000025,-1.92241779987209,7.78468546644251));
#2444=CARTESIAN_POINT('Ctrl Pts',(-59.0000000000025,-2.5914769698065,7.92282526808449));
#2445=CARTESIAN_POINT('Ctrl Pts',(-59.0000000000025,-3.24884311504971,8.13008355606614));
#2446=CARTESIAN_POINT('Ctrl Pts',(-59.0000000000025,-3.88269100859097,8.40557492387054));
#2447=CARTESIAN_POINT('Ctrl Pts',(-59.0000000000025,-4.88918131021165,8.84302907130993));
#2448=CARTESIAN_POINT('Ctrl Pts',(-59.0000000000025,-5.83637169009455,9.45252901299852));
#2449=CARTESIAN_POINT('Ctrl Pts',(-59.0000000000025,-6.68127203895671,10.2024644157468));
#2450=CARTESIAN_POINT('Ctrl Pts',(-59.0000000000025,-7.94862256224996,11.3273675198692));
#2451=CARTESIAN_POINT('Ctrl Pts',(-59.0000000000025,-8.98582051574658,12.7682504113758));
#2452=CARTESIAN_POINT('Ctrl Pts',(-59.0000000000025,-9.68918688459291,14.3897025774312));
#2453=CARTESIAN_POINT('Ctrl Pts',(-59.0000000000025,-10.3925532534392,16.0111547434867));
#2454=CARTESIAN_POINT('Ctrl Pts',(-59.0000000000025,-10.7620880376353,17.8131761840909));
#2455=CARTESIAN_POINT('Ctrl Pts',(-59.0000000000025,-10.7620880376353,19.6142565188817));
#2456=CARTESIAN_POINT('',(-59.,-1.92261003440725,31.4468797161897));
#2457=CARTESIAN_POINT('',(-59.,-1.92261003440725,37.0666927163887));
#2458=CARTESIAN_POINT('Ctrl Pts',(-59.0000000000169,-10.7620880376322,19.6142565188817));
#2459=CARTESIAN_POINT('Ctrl Pts',(-59.0000000000169,-10.7620880376322,21.4153368536718));
#2460=CARTESIAN_POINT('Ctrl Pts',(-59.0000000000169,-10.3924534714728,23.2154475908672));
#2461=CARTESIAN_POINT('Ctrl Pts',(-59.0000000000169,-9.68897670645764,24.8379162488351));
#2462=CARTESIAN_POINT('Ctrl Pts',(-59.0000000000169,-8.98549994144246,26.460384906803));
#2463=CARTESIAN_POINT('Ctrl Pts',(-59.0000000000168,-7.94818097757142,27.9052114855434));
#2464=CARTESIAN_POINT('Ctrl Pts',(-59.0000000000168,-6.68084092272797,29.0276169964194));
#2465=CARTESIAN_POINT('Ctrl Pts',(-59.0000000000169,-5.41350086788452,30.1500225072954));
#2466=CARTESIAN_POINT('Ctrl Pts',(-59.0000000000169,-3.91613972206866,30.9500069503069));
#2467=CARTESIAN_POINT('Ctrl Pts',(-59.0000000000169,-2.33523449837054,31.3512940676668));
#2468=CARTESIAN_POINT('Ctrl Pts',(-59.0000000000169,-2.19847506950564,31.3860082277304));
#2469=CARTESIAN_POINT('Ctrl Pts',(-59.0000000000169,-2.06109044123324,31.4177387492397));
#2470=CARTESIAN_POINT('Ctrl Pts',(-59.0000000000169,-1.92318930093766,31.4464821314679));
#2471=CARTESIAN_POINT('Origin',(-55.5,-1.92261003440725,37.0666927163887));
#2472=CARTESIAN_POINT('',(-55.5,-11.5179782111209,19.6142565188817));
#2473=CARTESIAN_POINT('',(-55.5,-1.92261003440725,6.77812601067176));
#2474=CARTESIAN_POINT('Ctrl Pts',(-55.5000000000224,-11.5179782111161,19.6142565188817));
#2475=CARTESIAN_POINT('Ctrl Pts',(-55.5000000000224,-11.5179782111161,17.6647574955954));
#2476=CARTESIAN_POINT('Ctrl Pts',(-55.5000000000224,-11.1226739836868,15.7142398143244));
#2477=CARTESIAN_POINT('Ctrl Pts',(-55.5000000000224,-10.3702584847198,13.959171285192));
#2478=CARTESIAN_POINT('Ctrl Pts',(-55.5000000000224,-9.61784298575284,12.2041027560597));
#2479=CARTESIAN_POINT('Ctrl Pts',(-55.5000000000224,-8.50831621524811,10.6444833790659));
#2480=CARTESIAN_POINT('Ctrl Pts',(-55.5000000000224,-7.1525872259394,9.42688222024083));
#2481=CARTESIAN_POINT('Ctrl Pts',(-55.5000000000224,-6.24876789973359,8.61514811435745));
#2482=CARTESIAN_POINT('Ctrl Pts',(-55.5000000000224,-5.23552536517045,7.95542210543792));
#2483=CARTESIAN_POINT('Ctrl Pts',(-55.5000000000224,-4.15884763924861,7.48191938782334));
#2484=CARTESIAN_POINT('Ctrl Pts',(-55.5000000000224,-3.43680813397177,7.16437992383847));
#2485=CARTESIAN_POINT('Ctrl Pts',(-55.5000000000224,-2.6862400117911,6.93059039143606));
#2486=CARTESIAN_POINT('Ctrl Pts',(-55.5000000000224,-1.92241840373558,6.78170805336874));
#2487=CARTESIAN_POINT('',(-55.5,-1.92261003440725,32.4503870270916));
#2488=CARTESIAN_POINT('Ctrl Pts',(-55.500000000003,-1.92319383566279,32.4499477933204));
#2489=CARTESIAN_POINT('Ctrl Pts',(-55.500000000003,-2.11760246534846,32.4117173526554));
#2490=CARTESIAN_POINT('Ctrl Pts',(-55.500000000003,-2.31111912818971,32.3678948738606));
#2491=CARTESIAN_POINT('Ctrl Pts',(-55.500000000003,-2.50347952124233,32.3184889707375));
#2492=CARTESIAN_POINT('Ctrl Pts',(-55.500000000003,-4.19462889288509,31.8841336406395));
#2493=CARTESIAN_POINT('Ctrl Pts',(-55.500000000003,-5.7964082550566,31.0182261848915));
#2494=CARTESIAN_POINT('Ctrl Pts',(-55.500000000003,-7.15212604590088,29.8033284344035));
#2495=CARTESIAN_POINT('Ctrl Pts',(-55.500000000003,-8.50784383674517,28.5884306839155));
#2496=CARTESIAN_POINT('Ctrl Pts',(-55.500000000003,-9.61750005626223,27.0245426386874));
#2497=CARTESIAN_POINT('Ctrl Pts',(-55.500000000003,-10.370033649856,25.2683738532508));
#2498=CARTESIAN_POINT('Ctrl Pts',(-55.500000000003,-11.1225672434498,23.5122050678141));
#2499=CARTESIAN_POINT('Ctrl Pts',(-55.500000000003,-11.5179782111203,21.5637555421688));
#2500=CARTESIAN_POINT('Ctrl Pts',(-55.500000000003,-11.5179782111203,19.6142565188817));
#2501=CARTESIAN_POINT('',(-55.5,-1.92261003440725,37.0666927163887));
#2502=CARTESIAN_POINT('Origin',(-59.,-1.92261003440725,37.0666927163887));
#2503=CARTESIAN_POINT('Ctrl Pts',(-55.5,-1.92241840373389,6.78170805336207));
#2504=CARTESIAN_POINT('Ctrl Pts',(-56.0834321591664,-1.92241637158518,6.94678953697043));
#2505=CARTESIAN_POINT('Ctrl Pts',(-56.6664783940091,-1.92241392599415,7.11304957747397));
#2506=CARTESIAN_POINT('Ctrl Pts',(-57.2496516879342,-1.92241404295701,7.28028283500787));
#2507=CARTESIAN_POINT('Ctrl Pts',(-57.7320376837889,-1.92241413970569,7.41861389768829));
#2508=CARTESIAN_POINT('Ctrl Pts',(-58.2145112330752,-1.92241567847961,7.55761176452881));
#2509=CARTESIAN_POINT('Ctrl Pts',(-58.6973243867845,-1.92241702106638,7.69715163137675));
#2510=CARTESIAN_POINT('Ctrl Pts',(-58.7982009330637,-1.92241730157969,7.72630638767892));
#2511=CARTESIAN_POINT('Ctrl Pts',(-58.8990921349642,-1.92241756813888,7.75548474707971));
#2512=CARTESIAN_POINT('Ctrl Pts',(-58.9999999999998,-1.92241779987176,7.78468546644167));
#2513=CARTESIAN_POINT('Ctrl Pts',(-58.9999999999998,-1.9231893009358,31.4464821314732));
#2514=CARTESIAN_POINT('Ctrl Pts',(-58.5170427249775,-1.92318956624124,31.5863102326826));
#2515=CARTESIAN_POINT('Ctrl Pts',(-58.034471419121,-1.9231887470087,31.7256234861624));
#2516=CARTESIAN_POINT('Ctrl Pts',(-57.5520443417917,-1.92318881938856,31.8642935998471));
#2517=CARTESIAN_POINT('Ctrl Pts',(-56.9756629395024,-1.92318890586464,32.0299701929266));
#2518=CARTESIAN_POINT('Ctrl Pts',(-56.3994866593075,-1.92319068021871,32.1947299078898));
#2519=CARTESIAN_POINT('Ctrl Pts',(-55.8230296602767,-1.92319275336476,32.3583739101104));
#2520=CARTESIAN_POINT('Ctrl Pts',(-55.7153641552336,-1.92319314056852,32.3889378796276));
#2521=CARTESIAN_POINT('Ctrl Pts',(-55.6076887121999,-1.923193515727,32.4194629410285));
#2522=CARTESIAN_POINT('Ctrl Pts',(-55.5,-1.9231938356624,32.4499477933213));
#2523=CARTESIAN_POINT('Origin',(-72.5,15.16618823637,37.0666927163887));
#2524=CARTESIAN_POINT('',(-72.5,2.07742093647367,11.5899504211182));
#2525=CARTESIAN_POINT('',(-72.5,2.07742093647367,27.6385626166451));
#2526=CARTESIAN_POINT('Ctrl Pts',(-72.5000000000002,2.07725953546524,11.5874942555284));
#2527=CARTESIAN_POINT('Ctrl Pts',(-72.5000000000002,2.77387121773291,11.7736608077234));
#2528=CARTESIAN_POINT('Ctrl Pts',(-72.5000000000002,3.44643337535547,12.0593719225459));
#2529=CARTESIAN_POINT('Ctrl Pts',(-72.5000000000002,4.0689658269235,12.4340089057287));
#2530=CARTESIAN_POINT('Ctrl Pts',(-72.5000000000002,5.44699180756091,13.2632981979304));
#2531=CARTESIAN_POINT('Ctrl Pts',(-72.5000000000002,6.57987519737399,14.5283189680937));
#2532=CARTESIAN_POINT('Ctrl Pts',(-72.5000000000002,7.27025888083596,16.0164457781418));
#2533=CARTESIAN_POINT('Ctrl Pts',(-72.5000000000002,7.96064256429794,17.5045725881899));
#2534=CARTESIAN_POINT('Ctrl Pts',(-72.5000000000002,8.20852654140882,19.2158054381228));
#2535=CARTESIAN_POINT('Ctrl Pts',(-72.5000000000002,7.97187785970285,20.8498281281372));
#2536=CARTESIAN_POINT('Ctrl Pts',(-72.5000000000002,7.85355351884986,21.6668394731444));
#2537=CARTESIAN_POINT('Ctrl Pts',(-72.5000000000002,7.61409601329266,22.4645482781719));
#2538=CARTESIAN_POINT('Ctrl Pts',(-72.5000000000002,7.26841018380644,23.2097635846823));
#2539=CARTESIAN_POINT('Ctrl Pts',(-72.5000000000002,6.92272435432022,23.9549788911927));
#2540=CARTESIAN_POINT('Ctrl Pts',(-72.5000000000002,6.47081020090498,24.647700699186));
#2541=CARTESIAN_POINT('Ctrl Pts',(-72.5000000000002,5.92937210182896,25.2533782960135));
#2542=CARTESIAN_POINT('Ctrl Pts',(-72.5000000000002,4.89873743907984,26.4062937018674));
#2543=CARTESIAN_POINT('Ctrl Pts',(-72.5000000000002,3.54372500926042,27.2438163192788));
#2544=CARTESIAN_POINT('Ctrl Pts',(-72.5000000000002,2.07786812550169,27.6397060883719));
#2545=CARTESIAN_POINT('',(-72.5,2.07742093647367,37.0666927163887));
#2546=CARTESIAN_POINT('Origin',(-72.5,2.07742093647367,37.0666927163887));
#2547=CARTESIAN_POINT('',(-76.,2.07742093647367,12.3960970345851));
#2548=CARTESIAN_POINT('Ctrl Pts',(-76.,2.07742093647367,12.3960970345851));
#2549=CARTESIAN_POINT('Ctrl Pts',(-74.8472811128115,2.07742093647367,12.1645104783374));
#2550=CARTESIAN_POINT('Ctrl Pts',(-73.6290240704522,2.07742093647367,11.8751861330831));
#2551=CARTESIAN_POINT('Ctrl Pts',(-72.5,2.07742093647367,11.5899504211182));
#2552=CARTESIAN_POINT('',(-76.,2.07742093647367,26.8324160031782));
#2553=CARTESIAN_POINT('',(-76.,2.07742093647367,37.0666927163887));
#2554=CARTESIAN_POINT('Ctrl Pts',(-72.5,2.07742093647367,27.6385626166451));
#2555=CARTESIAN_POINT('Ctrl Pts',(-73.6290226906517,2.07742093647367,27.3533272532719));
#2556=CARTESIAN_POINT('Ctrl Pts',(-74.8472808952721,2.07742093647367,27.0640026031306));
#2557=CARTESIAN_POINT('Ctrl Pts',(-76.,2.07742093647367,26.8324160031782));
#2558=CARTESIAN_POINT('Origin',(-76.,2.07742093647367,37.0666927163887));
#2559=CARTESIAN_POINT('Ctrl Pts',(-76.000000000003,2.07771062161014,26.8332621369849));
#2560=CARTESIAN_POINT('Ctrl Pts',(-76.000000000003,3.37506477441522,26.4599701051351));
#2561=CARTESIAN_POINT('Ctrl Pts',(-76.000000000003,4.57060661147996,25.7202176000392));
#2562=CARTESIAN_POINT('Ctrl Pts',(-76.000000000003,5.48810995462551,24.7159464908011));
#2563=CARTESIAN_POINT('Ctrl Pts',(-76.000000000003,5.98872141328595,24.167992492985));
#2564=CARTESIAN_POINT('Ctrl Pts',(-76.000000000003,6.40655939682751,23.5412899600657));
#2565=CARTESIAN_POINT('Ctrl Pts',(-76.000000000003,6.72617910521645,22.8670967777935));
#2566=CARTESIAN_POINT('Ctrl Pts',(-76.000000000003,7.04579881360539,22.1929035955213));
#2567=CARTESIAN_POINT('Ctrl Pts',(-76.000000000003,7.26720024684171,21.4712197638962));
#2568=CARTESIAN_POINT('Ctrl Pts',(-76.000000000003,7.37660244992002,20.7320730047908));
#2569=CARTESIAN_POINT('Ctrl Pts',(-76.000000000003,7.59540685607663,19.25377948658));
#2570=CARTESIAN_POINT('Ctrl Pts',(-76.000000000003,7.36621434160121,17.705634258448));
#2571=CARTESIAN_POINT('Ctrl Pts',(-76.000000000003,6.72788840295178,16.3593321348524));
#2572=CARTESIAN_POINT('Ctrl Pts',(-76.000000000003,6.08956246430234,15.0130300112568));
#2573=CARTESIAN_POINT('Ctrl Pts',(-76.000000000003,5.0421031014789,13.8685709921975));
#2574=CARTESIAN_POINT('Ctrl Pts',(-76.000000000003,3.76798589876242,13.118316425431));
#2575=CARTESIAN_POINT('Ctrl Pts',(-76.000000000003,3.2374655595789,12.8059234160702));
#2576=CARTESIAN_POINT('Ctrl Pts',(-76.000000000003,2.66764852198141,12.561875421744));
#2577=CARTESIAN_POINT('Ctrl Pts',(-76.000000000003,2.07734346785756,12.3936945218778));
#2578=CARTESIAN_POINT('Ctrl Pts',(-33.,-14.9225945489668,19.6142565188817));
#2579=CARTESIAN_POINT('Ctrl Pts',(-45.5333333333333,-14.9225945489668,19.6142565188817));
#2580=CARTESIAN_POINT('Ctrl Pts',(-72.1666666666667,-6.92259454896679,19.6142565188817));
#2581=CARTESIAN_POINT('Ctrl Pts',(-80.,-6.92259454896679,19.6142565188817));
#2582=CARTESIAN_POINT('Ctrl Pts',(-33.,-14.9225945489668,16.9962626408902));
#2583=CARTESIAN_POINT('Ctrl Pts',(-45.5333333333334,-14.9225945489668,16.9962626408902));
#2584=CARTESIAN_POINT('Ctrl Pts',(-72.1666666666667,-6.92259454896679,18.5670589676851));
#2585=CARTESIAN_POINT('Ctrl Pts',(-80.,-6.92259454896679,18.5670589676851));
#2586=CARTESIAN_POINT('Ctrl Pts',(-33.,-13.8998490177784,11.7575389611279));
#2587=CARTESIAN_POINT('Ctrl Pts',(-45.5333333333333,-13.8998490177784,11.7575389611279));
#2588=CARTESIAN_POINT('Ctrl Pts',(-72.1666666666667,-6.44531330107886,16.4715694957802));
#2589=CARTESIAN_POINT('Ctrl Pts',(-80.,-6.44531330107886,16.4715694957802));
#2590=CARTESIAN_POINT('Ctrl Pts',(-33.,-10.0723714531453,6.17241316597713));
#2591=CARTESIAN_POINT('Ctrl Pts',(-45.5333333333334,-10.0723714531453,6.17241316597713));
#2592=CARTESIAN_POINT('Ctrl Pts',(-72.1666666666667,-4.65915710425011,14.2375191777198));
#2593=CARTESIAN_POINT('Ctrl Pts',(-80.,-4.65915710425011,14.2375191777198));
#2594=CARTESIAN_POINT('Ctrl Pts',(-33.,-4.17400076738104,2.18563818254461));
#2595=CARTESIAN_POINT('Ctrl Pts',(-45.5333333333333,-4.17400076738104,2.18563818254461));
#2596=CARTESIAN_POINT('Ctrl Pts',(-72.1666666666667,-1.9065841175601,12.6428091843468));
#2597=CARTESIAN_POINT('Ctrl Pts',(-80.,-1.9065841175601,12.6428091843468));
#2598=CARTESIAN_POINT('Ctrl Pts',(-33.,2.05372645772822,1.64280263430246));
#2599=CARTESIAN_POINT('Ctrl Pts',(-45.5333333333334,2.05372645772822,1.64280263430246));
#2600=CARTESIAN_POINT('Ctrl Pts',(-72.1666666666667,0.999688587490884,12.42567496505));
#2601=CARTESIAN_POINT('Ctrl Pts',(-80.,0.999688587490884,12.42567496505));
#2602=CARTESIAN_POINT('Ctrl Pts',(-33.,9.10373779614235,4.87005080627314));
#2603=CARTESIAN_POINT('Ctrl Pts',(-45.5333333333333,9.10373779614235,4.87005080627314));
#2604=CARTESIAN_POINT('Ctrl Pts',(-72.1666666666667,4.28969387875081,13.7165742338382));
#2605=CARTESIAN_POINT('Ctrl Pts',(-80.,4.28969387875081,13.7165742338382));
#2606=CARTESIAN_POINT('Ctrl Pts',(-33.,14.426178980568,11.5471504150595));
#2607=CARTESIAN_POINT('Ctrl Pts',(-45.5333333333334,14.426178980568,11.5471504150595));
#2608=CARTESIAN_POINT('Ctrl Pts',(-72.1666666666667,6.77349976481611,16.3874140773528));
#2609=CARTESIAN_POINT('Ctrl Pts',(-80.,6.77349976481611,16.3874140773528));
#2610=CARTESIAN_POINT('Ctrl Pts',(-33.,15.5907718244545,20.5794702491084));
#2611=CARTESIAN_POINT('Ctrl Pts',(-45.5333333333333,15.5907718244545,20.5794702491084));
#2612=CARTESIAN_POINT('Ctrl Pts',(-72.1666666666667,7.31697642529647,20.0003420109724));
#2613=CARTESIAN_POINT('Ctrl Pts',(-80.,7.31697642529647,20.0003420109724));
#2614=CARTESIAN_POINT('Ctrl Pts',(-33.,13.7907652204805,27.3162844113456));
#2615=CARTESIAN_POINT('Ctrl Pts',(-45.5333333333333,13.7907652204805,27.3162844113456));
#2616=CARTESIAN_POINT('Ctrl Pts',(-72.1666666666667,6.47697334344195,22.6950676758672));
#2617=CARTESIAN_POINT('Ctrl Pts',(-80.,6.47697334344195,22.6950676758672));
#2618=CARTESIAN_POINT('Ctrl Pts',(-33.,10.393717971183,33.1664618911065));
#2619=CARTESIAN_POINT('Ctrl Pts',(-45.5333333333334,10.393717971183,33.1664618911065));
#2620=CARTESIAN_POINT('Ctrl Pts',(-72.1666666666667,4.89168462710309,25.0351386677716));
#2621=CARTESIAN_POINT('Ctrl Pts',(-80.,4.89168462710309,25.0351386677716));
#2622=CARTESIAN_POINT('Ctrl Pts',(-33.,4.30082278299616,37.266928189428));
#2623=CARTESIAN_POINT('Ctrl Pts',(-45.5333333333333,4.30082278299616,37.266928189428));
#2624=CARTESIAN_POINT('Ctrl Pts',(-72.1666666666667,2.04833353928259,26.6753251871002));
#2625=CARTESIAN_POINT('Ctrl Pts',(-80.,2.04833353928259,26.6753251871002));
#2626=CARTESIAN_POINT('Ctrl Pts',(-33.,-3.37688514367431,37.2543800561279));
#2627=CARTESIAN_POINT('Ctrl Pts',(-45.5333333333334,-3.37688514367431,37.2543800561279));
#2628=CARTESIAN_POINT('Ctrl Pts',(-72.1666666666667,-1.53459682649696,26.6703059337801));
#2629=CARTESIAN_POINT('Ctrl Pts',(-80.,-1.53459682649696,26.6703059337801));
#2630=CARTESIAN_POINT('Ctrl Pts',(-33.,-9.59315822250155,33.7658831792744));
#2631=CARTESIAN_POINT('Ctrl Pts',(-45.5333333333333,-9.59315822250155,33.7658831792744));
#2632=CARTESIAN_POINT('Ctrl Pts',(-72.1666666666667,-4.43552426328301,25.2749071830388));
#2633=CARTESIAN_POINT('Ctrl Pts',(-80.,-4.43552426328301,25.2749071830388));
#2634=CARTESIAN_POINT('Ctrl Pts',(-33.,-13.8995728555292,27.4654193995576));
#2635=CARTESIAN_POINT('Ctrl Pts',(-45.5333333333334,-13.8995728555292,27.4654193995576));
#2636=CARTESIAN_POINT('Ctrl Pts',(-72.1666666666667,-6.44518442536258,22.7547216711521));
#2637=CARTESIAN_POINT('Ctrl Pts',(-80.,-6.44518442536258,22.7547216711521));
#2638=CARTESIAN_POINT('Ctrl Pts',(-33.,-14.9225945489668,22.2322503968732));
#2639=CARTESIAN_POINT('Ctrl Pts',(-45.5333333333333,-14.9225945489668,22.2322503968732));
#2640=CARTESIAN_POINT('Ctrl Pts',(-72.1666666666667,-6.92259454896679,20.6614540700783));
#2641=CARTESIAN_POINT('Ctrl Pts',(-80.,-6.92259454896679,20.6614540700783));
#2642=CARTESIAN_POINT('Ctrl Pts',(-33.,-14.9225945489668,19.6142565188817));
#2643=CARTESIAN_POINT('Ctrl Pts',(-45.5333333333333,-14.9225945489668,19.6142565188817));
#2644=CARTESIAN_POINT('Ctrl Pts',(-72.1666666666667,-6.92259454896679,19.6142565188817));
#2645=CARTESIAN_POINT('Ctrl Pts',(-80.,-6.92259454896679,19.6142565188817));
#2646=CARTESIAN_POINT('Ctrl Pts',(-33.,-14.9225945489668,19.6142565188817));
#2647=CARTESIAN_POINT('Ctrl Pts',(-34.6211608259183,-14.9225945489668,19.6142565188817));
#2648=CARTESIAN_POINT('Ctrl Pts',(-36.4782271885198,-14.7887474359551,19.6142565188817));
#2649=CARTESIAN_POINT('Ctrl Pts',(-38.4999999999635,-14.5556789061461,19.6142565188817));
#2650=CARTESIAN_POINT('Ctrl Pts',(-42.0000000000324,-14.0828079525108,19.6142565188817));
#2651=CARTESIAN_POINT('Ctrl Pts',(-43.6081503093147,-13.8378853526277,19.6142565188817));
#2652=CARTESIAN_POINT('Ctrl Pts',(-45.2843124082128,-13.5495050071127,19.6142565188817));
#2653=CARTESIAN_POINT('Ctrl Pts',(-46.9999999999926,-13.231520434134,19.6142565188817));
#2654=CARTESIAN_POINT('Ctrl Pts',(-50.5,-12.5553076393136,19.6142565188817));
#2655=CARTESIAN_POINT('Ctrl Pts',(-52.1564810693889,-12.2237241845175,19.6142565188817));
#2656=CARTESIAN_POINT('Ctrl Pts',(-53.8311196426043,-11.8740707934144,19.6142565188817));
#2657=CARTESIAN_POINT('Ctrl Pts',(-55.5,-11.5179782111209,19.6142565188817));
#2658=CARTESIAN_POINT('Ctrl Pts',(-59.,-10.7620880376358,19.6142565188817));
#2659=CARTESIAN_POINT('Ctrl Pts',(-60.6993475083812,-10.391712647115,19.6142565188817));
#2660=CARTESIAN_POINT('Ctrl Pts',(-62.3747389490435,-10.0231751546239,19.6142565188817));
#2661=CARTESIAN_POINT('Ctrl Pts',(-64.,-9.66920471371257,19.6142565188817));
#2662=CARTESIAN_POINT('Ctrl Pts',(-67.4999999999999,-8.91568132901007,19.6142565188817));
#2663=CARTESIAN_POINT('Ctrl Pts',(-69.2723101551254,-8.54028189953139,19.6142565188817));
#2664=CARTESIAN_POINT('Ctrl Pts',(-70.9523486345031,-8.1967124860846,19.6142565188817));
#2665=CARTESIAN_POINT('Ctrl Pts',(-72.5000000000097,-7.90448211632846,19.6142565188817));
#2666=CARTESIAN_POINT('',(-80.,-6.92259454896679,19.6142565188817));
#2667=CARTESIAN_POINT('Ctrl Pts',(-76.,-7.30261524714197,19.6142565188817));
#2668=CARTESIAN_POINT('Ctrl Pts',(-77.6095175169143,-7.06146595709968,19.6142565188817));
#2669=CARTESIAN_POINT('Ctrl Pts',(-78.9679326630133,-6.92259454896679,19.6142565188817));
#2670=CARTESIAN_POINT('Ctrl Pts',(-80.,-6.92259454896679,19.6142565188817));
#2671=CARTESIAN_POINT('Origin',(-80.,0.0774054510332123,19.6142565188817));
#2672=CARTESIAN_POINT('Origin',(-80.,0.0774054510332123,19.6142565188817));
#2673=CARTESIAN_POINT('Ctrl Pts',(-80.,-0.803588158600837,26.5585959590145));
#2674=CARTESIAN_POINT('Ctrl Pts',(-80.0401008552012,-0.803588158600837,
26.5585959590145));
#2675=CARTESIAN_POINT('Ctrl Pts',(-88.8,-0.174307008862231,26.0226482368307));
#2676=CARTESIAN_POINT('Ctrl Pts',(-92.,-0.174307008862231,26.0226482368307));
#2677=CARTESIAN_POINT('Ctrl Pts',(-80.,-2.47555992549681,26.3464812640427));
#2678=CARTESIAN_POINT('Ctrl Pts',(-80.0403245904766,-2.47555992549681,26.3464812640427));
#2679=CARTESIAN_POINT('Ctrl Pts',(-88.8,-0.652013227975367,25.8269040532074));
#2680=CARTESIAN_POINT('Ctrl Pts',(-92.,-0.652013227975367,25.8269040532074));
#2681=CARTESIAN_POINT('Ctrl Pts',(-80.,-5.64846001420563,24.6597398449488));
#2682=CARTESIAN_POINT('Ctrl Pts',(-80.0419408295427,-5.64846001420563,24.6597398449488));
#2683=CARTESIAN_POINT('Ctrl Pts',(-88.8,-1.5585561104636,24.2703413543891));
#2684=CARTESIAN_POINT('Ctrl Pts',(-92.,-1.5585561104636,24.2703413543891));
#2685=CARTESIAN_POINT('Ctrl Pts',(-80.,-7.56651555143205,19.6142565188963));
#2686=CARTESIAN_POINT('Ctrl Pts',(-80.0440295852287,-7.56651555143205,19.6142565188963));
#2687=CARTESIAN_POINT('Ctrl Pts',(-88.8,-2.10657197824258,19.6142565188952));
#2688=CARTESIAN_POINT('Ctrl Pts',(-92.,-2.10657197824258,19.6142565188952));
#2689=CARTESIAN_POINT('Ctrl Pts',(-80.,-5.64846001422842,14.5687731928577));
#2690=CARTESIAN_POINT('Ctrl Pts',(-80.0419408295427,-5.64846001422842,14.5687731928577));
#2691=CARTESIAN_POINT('Ctrl Pts',(-88.8,-1.55855611047011,14.9581716834141));
#2692=CARTESIAN_POINT('Ctrl Pts',(-92.,-1.55855611047011,14.9581716834141));
#2693=CARTESIAN_POINT('Ctrl Pts',(-80.,-2.47555992556654,12.8820317737507));
#2694=CARTESIAN_POINT('Ctrl Pts',(-80.0403245904766,-2.47555992556654,12.8820317737507));
#2695=CARTESIAN_POINT('Ctrl Pts',(-88.8,-0.652013227995288,13.4016089845837));
#2696=CARTESIAN_POINT('Ctrl Pts',(-92.,-0.652013227995288,13.4016089845837));
#2697=CARTESIAN_POINT('Ctrl Pts',(-80.,-0.803588158687697,12.6699170787599));
#2698=CARTESIAN_POINT('Ctrl Pts',(-80.0401008552012,-0.803588158687697,
12.6699170787599));
#2699=CARTESIAN_POINT('Ctrl Pts',(-88.8,-0.174307008887046,13.2058648009428));
#2700=CARTESIAN_POINT('Ctrl Pts',(-92.,-0.174307008887046,13.2058648009428));
#2701=CARTESIAN_POINT('',(0.,0.,0.));
#2702=UNCERTAINTY_MEASURE_WITH_UNIT(LENGTH_MEASURE(0.01),#2708,
'DISTANCE_ACCURACY_VALUE',
'Maximum model space distance between geometric entities at asserted c
onnectivities');
#2703=UNCERTAINTY_MEASURE_WITH_UNIT(LENGTH_MEASURE(0.01),#2708,
'DISTANCE_ACCURACY_VALUE',
'Maximum model space distance between geometric entities at asserted c
onnectivities');
#2704=UNCERTAINTY_MEASURE_WITH_UNIT(LENGTH_MEASURE(0.01),#2708,
'DISTANCE_ACCURACY_VALUE',
'Maximum model space distance between geometric entities at asserted c
onnectivities');
#2705=(
GEOMETRIC_REPRESENTATION_CONTEXT(3)
GLOBAL_UNCERTAINTY_ASSIGNED_CONTEXT((#2702))
GLOBAL_UNIT_ASSIGNED_CONTEXT((#2708,#2710,#2711))
REPRESENTATION_CONTEXT('','3D')
);
#2706=(
GEOMETRIC_REPRESENTATION_CONTEXT(3)
GLOBAL_UNCERTAINTY_ASSIGNED_CONTEXT((#2703))
GLOBAL_UNIT_ASSIGNED_CONTEXT((#2708,#2710,#2711))
REPRESENTATION_CONTEXT('','3D')
);
#2707=(
GEOMETRIC_REPRESENTATION_CONTEXT(3)
GLOBAL_UNCERTAINTY_ASSIGNED_CONTEXT((#2704))
GLOBAL_UNIT_ASSIGNED_CONTEXT((#2708,#2710,#2711))
REPRESENTATION_CONTEXT('','3D')
);
#2708=(
LENGTH_UNIT()
NAMED_UNIT(*)
SI_UNIT(.MILLI.,.METRE.)
);
#2709=(
LENGTH_UNIT()
NAMED_UNIT(*)
SI_UNIT($,.METRE.)
);
#2710=(
NAMED_UNIT(*)
PLANE_ANGLE_UNIT()
SI_UNIT($,.RADIAN.)
);
#2711=(
NAMED_UNIT(*)
SI_UNIT($,.STERADIAN.)
SOLID_ANGLE_UNIT()
);
#2712=SHAPE_DEFINITION_REPRESENTATION(#2714,#2717);
#2713=SHAPE_DEFINITION_REPRESENTATION(#2715,#2718);
#2714=PRODUCT_DEFINITION_SHAPE('',$,#2720);
#2715=PRODUCT_DEFINITION_SHAPE('',$,#2721);
#2716=PRODUCT_DEFINITION_SHAPE($,$,#14);
#2717=SHAPE_REPRESENTATION('',(#896,#953),#2705);
#2718=SHAPE_REPRESENTATION('',(#897),#2706);
#2719=PRODUCT_DEFINITION_CONTEXT('part definition',#2727,'design');
#2720=PRODUCT_DEFINITION('pez_semana_15_colagrande',
'pez_semana_15_colagrande v10',#2722,#2719);
#2721=PRODUCT_DEFINITION('Component19','Component19',#2723,#2719);
#2722=PRODUCT_DEFINITION_FORMATION('',$,#2729);
#2723=PRODUCT_DEFINITION_FORMATION('',$,#2730);
#2724=PRODUCT_RELATED_PRODUCT_CATEGORY('pez_semana_15_colagrande v10',
'pez_semana_15_colagrande v10',(#2729));
#2725=PRODUCT_RELATED_PRODUCT_CATEGORY('Component19','Component19',(#2730));
#2726=APPLICATION_PROTOCOL_DEFINITION('international standard',
'automotive_design',2009,#2727);
#2727=APPLICATION_CONTEXT(
'Core Data for Automotive Mechanical Design Process');
#2728=PRODUCT_CONTEXT('part definition',#2727,'mechanical');
#2729=PRODUCT('pez_semana_15_colagrande','pez_semana_15_colagrande v10',
$,(#2728));
#2730=PRODUCT('Component19','Component19',$,(#2728));
#2731=PRESENTATION_STYLE_ASSIGNMENT((#2733));
#2732=PRESENTATION_STYLE_ASSIGNMENT((#2734));
#2733=SURFACE_STYLE_USAGE(.BOTH.,#2735);
#2734=SURFACE_STYLE_USAGE(.BOTH.,#2736);
#2735=SURFACE_SIDE_STYLE('',(#2737));
#2736=SURFACE_SIDE_STYLE('',(#2738));
#2737=SURFACE_STYLE_FILL_AREA(#2739);
#2738=SURFACE_STYLE_FILL_AREA(#2740);
#2739=FILL_AREA_STYLE('Steel - Satin',(#2741));
#2740=FILL_AREA_STYLE('Glass - Frosted Light',(#2742));
#2741=FILL_AREA_STYLE_COLOUR('Steel - Satin',#2743);
#2742=FILL_AREA_STYLE_COLOUR('Glass - Frosted Light',#2744);
#2743=COLOUR_RGB('Steel - Satin',0.627450980392157,0.627450980392157,0.627450980392157);
#2744=COLOUR_RGB('Glass - Frosted Light',0.964705882352941,0.964705882352941,
0.952941176470588);
ENDSEC;
END-ISO-10303-21;
