ISO-10303-21;
HEADER;
/* Generated by software containing ST-Developer
 * from STEP Tools, Inc. (www.steptools.com) 
 */

FILE_DESCRIPTION(
/* description */ (''),
/* implementation_level */ '2;1');

FILE_NAME(
/* name */ 'Stainless Steel Socket Head Screw - 91292A833_18-8.step',
/* time_stamp */ '2026-08-19T10:11:44-05:00',
/* author */ (''),
/* organization */ (''),
/* preprocessor_version */ 'ST-DEVELOPER v20.1',
/* originating_system */ 'Autodesk Translation Framework v15.8.0.0',
/* authorisation */ '');

FILE_SCHEMA (('AUTOMOTIVE_DESIGN { 1 0 10303 214 3 1 1 }'));
ENDSEC;

DATA;
#10=MECHANICAL_DESIGN_GEOMETRIC_PRESENTATION_REPRESENTATION('',(#13),#5576);
#11=SHAPE_REPRESENTATION_RELATIONSHIP('SRR','None',#5583,#12);
#12=ADVANCED_BREP_SHAPE_REPRESENTATION('',(#14),#5575);
#13=STYLED_ITEM('',(#5593),#14);
#14=MANIFOLD_SOLID_BREP('Body1',#1400);
#15=(
BOUNDED_SURFACE()
B_SPLINE_SURFACE(1,2,((#3133,#3134,#3135,#3136,#3137,#3138,#3139,#3140,
#3141,#3142,#3143,#3144,#3145,#3146,#3147,#3148,#3149,#3150,#3151,#3152,
#3153,#3154,#3155,#3156,#3157,#3158,#3159,#3160,#3161,#3162,#3163,#3164,
#3165,#3166,#3167,#3168,#3169,#3170,#3171,#3172,#3173,#3174,#3175,#3176,
#3177,#3178,#3179,#3180,#3181,#3182,#3183,#3184,#3185,#3186,#3187,#3188,
#3189,#3190,#3191,#3192,#3193,#3194,#3195,#3196,#3197,#3198,#3199,#3200,
#3201,#3202,#3203,#3204,#3205,#3206,#3207,#3208,#3209,#3210,#3211,#3212,
#3213,#3214,#3215,#3216,#3217,#3218,#3219,#3220,#3221,#3222,#3223,#3224,
#3225,#3226,#3227,#3228,#3229,#3230,#3231,#3232,#3233,#3234,#3235,#3236,
#3237,#3238,#3239,#3240,#3241,#3242,#3243,#3244,#3245,#3246,#3247,#3248,
#3249,#3250,#3251,#3252,#3253,#3254,#3255,#3256,#3257,#3258,#3259,#3260,
#3261,#3262,#3263,#3264,#3265,#3266,#3267,#3268,#3269,#3270,#3271,#3272,
#3273,#3274,#3275,#3276,#3277,#3278,#3279,#3280,#3281,#3282,#3283,#3284,
#3285,#3286,#3287,#3288,#3289,#3290,#3291,#3292,#3293,#3294,#3295,#3296,
#3297,#3298,#3299,#3300,#3301,#3302,#3303,#3304,#3305,#3306,#3307,#3308,
#3309,#3310,#3311,#3312,#3313,#3314,#3315,#3316,#3317,#3318,#3319,#3320,
#3321,#3322,#3323,#3324,#3325,#3326,#3327,#3328,#3329,#3330,#3331,#3332,
#3333,#3334,#3335,#3336,#3337,#3338,#3339,#3340,#3341,#3342,#3343,#3344,
#3345,#3346,#3347,#3348,#3349,#3350,#3351,#3352,#3353,#3354,#3355,#3356,
#3357,#3358,#3359,#3360,#3361,#3362,#3363,#3364,#3365,#3366,#3367,#3368,
#3369,#3370,#3371,#3372,#3373,#3374,#3375,#3376,#3377,#3378,#3379,#3380,
#3381,#3382,#3383,#3384,#3385,#3386,#3387,#3388,#3389,#3390,#3391,#3392,
#3393,#3394,#3395,#3396,#3397,#3398,#3399,#3400,#3401,#3402,#3403,#3404,
#3405,#3406,#3407,#3408,#3409,#3410,#3411,#3412,#3413,#3414,#3415,#3416,
#3417,#3418,#3419,#3420,#3421,#3422,#3423,#3424,#3425,#3426,#3427,#3428,
#3429,#3430,#3431,#3432,#3433,#3434,#3435,#3436,#3437,#3438,#3439,#3440,
#3441,#3442,#3443,#3444,#3445),(#3446,#3447,#3448,#3449,#3450,#3451,#3452,
#3453,#3454,#3455,#3456,#3457,#3458,#3459,#3460,#3461,#3462,#3463,#3464,
#3465,#3466,#3467,#3468,#3469,#3470,#3471,#3472,#3473,#3474,#3475,#3476,
#3477,#3478,#3479,#3480,#3481,#3482,#3483,#3484,#3485,#3486,#3487,#3488,
#3489,#3490,#3491,#3492,#3493,#3494,#3495,#3496,#3497,#3498,#3499,#3500,
#3501,#3502,#3503,#3504,#3505,#3506,#3507,#3508,#3509,#3510,#3511,#3512,
#3513,#3514,#3515,#3516,#3517,#3518,#3519,#3520,#3521,#3522,#3523,#3524,
#3525,#3526,#3527,#3528,#3529,#3530,#3531,#3532,#3533,#3534,#3535,#3536,
#3537,#3538,#3539,#3540,#3541,#3542,#3543,#3544,#3545,#3546,#3547,#3548,
#3549,#3550,#3551,#3552,#3553,#3554,#3555,#3556,#3557,#3558,#3559,#3560,
#3561,#3562,#3563,#3564,#3565,#3566,#3567,#3568,#3569,#3570,#3571,#3572,
#3573,#3574,#3575,#3576,#3577,#3578,#3579,#3580,#3581,#3582,#3583,#3584,
#3585,#3586,#3587,#3588,#3589,#3590,#3591,#3592,#3593,#3594,#3595,#3596,
#3597,#3598,#3599,#3600,#3601,#3602,#3603,#3604,#3605,#3606,#3607,#3608,
#3609,#3610,#3611,#3612,#3613,#3614,#3615,#3616,#3617,#3618,#3619,#3620,
#3621,#3622,#3623,#3624,#3625,#3626,#3627,#3628,#3629,#3630,#3631,#3632,
#3633,#3634,#3635,#3636,#3637,#3638,#3639,#3640,#3641,#3642,#3643,#3644,
#3645,#3646,#3647,#3648,#3649,#3650,#3651,#3652,#3653,#3654,#3655,#3656,
#3657,#3658,#3659,#3660,#3661,#3662,#3663,#3664,#3665,#3666,#3667,#3668,
#3669,#3670,#3671,#3672,#3673,#3674,#3675,#3676,#3677,#3678,#3679,#3680,
#3681,#3682,#3683,#3684,#3685,#3686,#3687,#3688,#3689,#3690,#3691,#3692,
#3693,#3694,#3695,#3696,#3697,#3698,#3699,#3700,#3701,#3702,#3703,#3704,
#3705,#3706,#3707,#3708,#3709,#3710,#3711,#3712,#3713,#3714,#3715,#3716,
#3717,#3718,#3719,#3720,#3721,#3722,#3723,#3724,#3725,#3726,#3727,#3728,
#3729,#3730,#3731,#3732,#3733,#3734,#3735,#3736,#3737,#3738,#3739,#3740,
#3741,#3742,#3743,#3744,#3745,#3746,#3747,#3748,#3749,#3750,#3751,#3752,
#3753,#3754,#3755,#3756,#3757,#3758)),.UNSPECIFIED.,.F.,.F.,.F.)
B_SPLINE_SURFACE_WITH_KNOTS((2,2),(3,2,2,2,2,2,2,2,2,2,2,2,2,2,2,2,2,2,
2,2,2,2,2,2,2,2,2,2,2,2,2,2,2,2,2,2,2,2,2,2,2,2,2,2,2,2,2,2,2,2,2,2,2,2,
2,2,2,2,2,2,2,2,2,2,2,2,2,2,2,2,2,2,2,2,2,2,2,2,2,2,2,2,2,2,2,2,2,2,2,2,
2,2,2,2,2,2,2,2,2,2,2,2,2,2,2,2,2,2,2,2,2,2,2,2,2,2,2,2,2,2,2,2,2,2,2,2,
2,2,2,2,2,2,2,2,2,2,2,2,2,2,2,2,2,2,2,2,2,2,2,2,2,2,2,2,2,2,3),(0.,1.),
(0.,0.00641025641025641,0.0128205128205128,0.0192307692307692,0.0256410256410256,
0.032051282051282,0.0384615384615385,0.0448717948717949,0.0512820512820513,
0.0576923076923077,0.0641025641025641,0.0705128205128205,0.0769230769230769,
0.0833333333333333,0.0897435897435897,0.0961538461538462,0.102564102564103,
0.108974358974359,0.115384615384615,0.121794871794872,0.128205128205128,
0.134615384615385,0.141025641025641,0.147435897435897,0.153846153846154,
0.16025641025641,0.166666666666667,0.173076923076923,0.179487179487179,
0.185897435897436,0.192307692307692,0.198717948717949,0.205128205128205,
0.211538461538462,0.217948717948718,0.224358974358974,0.230769230769231,
0.237179487179487,0.243589743589744,0.25,0.256410256410256,0.262820512820513,
0.269230769230769,0.275641025641026,0.282051282051282,0.288461538461538,
0.294871794871795,0.301282051282051,0.307692307692308,0.314102564102564,
0.320512820512821,0.326923076923077,0.333333333333333,0.33974358974359,
0.346153846153846,0.352564102564103,0.358974358974359,0.365384615384615,
0.371794871794872,0.378205128205128,0.384615384615385,0.391025641025641,
0.397435897435897,0.403846153846154,0.41025641025641,0.416666666666667,
0.423076923076923,0.429487179487179,0.435897435897436,0.442307692307692,
0.448717948717949,0.455128205128205,0.461538461538462,0.467948717948718,
0.474358974358974,0.480769230769231,0.487179487179487,0.493589743589744,
0.5,0.506410256410256,0.512820512820513,0.519230769230769,0.525641025641026,
0.532051282051282,0.538461538461538,0.544871794871795,0.551282051282051,
0.557692307692308,0.564102564102564,0.57051282051282,0.576923076923077,
0.583333333333333,0.58974358974359,0.596153846153846,0.602564102564103,
0.608974358974359,0.615384615384615,0.621794871794872,0.628205128205128,
0.634615384615385,0.641025641025641,0.647435897435897,0.653846153846154,
0.66025641025641,0.666666666666667,0.673076923076923,0.67948717948718,0.685897435897436,
0.692307692307692,0.698717948717949,0.705128205128205,0.711538461538462,
0.717948717948718,0.724358974358974,0.730769230769231,0.737179487179487,
0.743589743589744,0.75,0.756410256410256,0.762820512820513,0.769230769230769,
0.775641025641026,0.782051282051282,0.788461538461538,0.794871794871795,
0.801282051282051,0.807692307692308,0.814102564102564,0.82051282051282,
0.826923076923077,0.833333333333333,0.83974358974359,0.846153846153846,
0.852564102564103,0.858974358974359,0.865384615384615,0.871794871794872,
0.878205128205128,0.884615384615385,0.891025641025641,0.897435897435897,
0.903846153846154,0.91025641025641,0.916666666666667,0.923076923076923,
0.92948717948718,0.935897435897436,0.942307692307692,0.948717948717949,
0.955128205128205,0.961538461538462,0.967948717948718,0.974358974358974,
0.980769230769231,0.987179487179487,0.993589743589744,1.),.UNSPECIFIED.)
GEOMETRIC_REPRESENTATION_ITEM()
RATIONAL_B_SPLINE_SURFACE(((1.,0.866025403784439,1.,0.866025403784439,1.,
0.866025403784439,1.,0.866025403784439,1.,0.866025403784439,1.,0.866025403784439,
1.,0.866025403784439,1.,0.866025403784439,1.,0.866025403784439,1.,0.866025403784439,
1.,0.866025403784439,1.,0.866025403784439,1.,0.866025403784439,1.,0.866025403784439,
1.,0.866025403784439,1.,0.866025403784439,1.,0.866025403784439,1.,0.866025403784439,
1.,0.866025403784439,1.,0.866025403784439,1.,0.866025403784439,1.,0.866025403784439,
1.,0.866025403784439,1.,0.866025403784439,1.,0.866025403784439,1.,0.866025403784439,
1.,0.866025403784439,1.,0.866025403784439,1.,0.866025403784439,1.,0.866025403784439,
1.,0.866025403784439,1.,0.866025403784439,1.,0.866025403784439,1.,0.866025403784439,
1.,0.866025403784439,1.,0.866025403784439,1.,0.866025403784439,1.,0.866025403784439,
1.,0.866025403784439,1.,0.866025403784439,1.,0.866025403784439,1.,0.866025403784439,
1.,0.866025403784439,1.,0.866025403784439,1.,0.866025403784439,1.,0.866025403784439,
1.,0.866025403784439,1.,0.866025403784439,1.,0.866025403784439,1.,0.866025403784439,
1.,0.866025403784439,1.,0.866025403784439,1.,0.866025403784439,1.,0.866025403784439,
1.,0.866025403784439,1.,0.866025403784439,1.,0.866025403784439,1.,0.866025403784439,
1.,0.866025403784439,1.,0.866025403784439,1.,0.866025403784439,1.,0.866025403784439,
1.,0.866025403784439,1.,0.866025403784439,1.,0.866025403784439,1.,0.866025403784439,
1.,0.866025403784439,1.,0.866025403784439,1.,0.866025403784439,1.,0.866025403784439,
1.,0.866025403784439,1.,0.866025403784439,1.,0.866025403784439,1.,0.866025403784439,
1.,0.866025403784439,1.,0.866025403784439,1.,0.866025403784439,1.,0.866025403784439,
1.,0.866025403784439,1.,0.866025403784439,1.,0.866025403784439,1.,0.866025403784439,
1.,0.866025403784439,1.,0.866025403784439,1.,0.866025403784439,1.,0.866025403784439,
1.,0.866025403784439,1.,0.866025403784439,1.,0.866025403784439,1.,0.866025403784439,
1.,0.866025403784439,1.,0.866025403784439,1.,0.866025403784439,1.,0.866025403784439,
1.,0.866025403784439,1.,0.866025403784439,1.,0.866025403784439,1.,0.866025403784439,
1.,0.866025403784439,1.,0.866025403784439,1.,0.866025403784439,1.,0.866025403784439,
1.,0.866025403784439,1.,0.866025403784439,1.,0.866025403784439,1.,0.866025403784439,
1.,0.866025403784439,1.,0.866025403784439,1.,0.866025403784439,1.,0.866025403784439,
1.,0.866025403784439,1.,0.866025403784439,1.,0.866025403784439,1.,0.866025403784439,
1.,0.866025403784439,1.,0.866025403784439,1.,0.866025403784439,1.,0.866025403784439,
1.,0.866025403784439,1.,0.866025403784439,1.,0.866025403784439,1.,0.866025403784439,
1.,0.866025403784439,1.,0.866025403784439,1.,0.866025403784439,1.,0.866025403784439,
1.,0.866025403784439,1.,0.866025403784439,1.,0.866025403784439,1.,0.866025403784439,
1.,0.866025403784439,1.,0.866025403784439,1.,0.866025403784439,1.,0.866025403784439,
1.,0.866025403784439,1.,0.866025403784439,1.,0.866025403784439,1.,0.866025403784439,
1.,0.866025403784439,1.,0.866025403784439,1.,0.866025403784439,1.,0.866025403784439,
1.,0.866025403784439,1.,0.866025403784439,1.,0.866025403784439,1.,0.866025403784439,
1.,0.866025403784439,1.,0.866025403784439,1.,0.866025403784439,1.,0.866025403784439,
1.,0.866025403784439,1.,0.866025403784439,1.,0.866025403784439,1.,0.866025403784439,
1.,0.866025403784439,1.,0.866025403784439,1.),(1.,0.866025403784439,1.,
0.866025403784439,1.,0.866025403784439,1.,0.866025403784439,1.,0.866025403784439,
1.,0.866025403784439,1.,0.866025403784439,1.,0.866025403784439,1.,0.866025403784439,
1.,0.866025403784439,1.,0.866025403784439,1.,0.866025403784439,1.,0.866025403784439,
1.,0.866025403784439,1.,0.866025403784439,1.,0.866025403784439,1.,0.866025403784439,
1.,0.866025403784439,1.,0.866025403784439,1.,0.866025403784439,1.,0.866025403784439,
1.,0.866025403784439,1.,0.866025403784439,1.,0.866025403784439,1.,0.866025403784439,
1.,0.866025403784439,1.,0.866025403784439,1.,0.866025403784439,1.,0.866025403784439,
1.,0.866025403784439,1.,0.866025403784439,1.,0.866025403784439,1.,0.866025403784439,
1.,0.866025403784439,1.,0.866025403784439,1.,0.866025403784439,1.,0.866025403784439,
1.,0.866025403784439,1.,0.866025403784439,1.,0.866025403784439,1.,0.866025403784439,
1.,0.866025403784439,1.,0.866025403784439,1.,0.866025403784439,1.,0.866025403784439,
1.,0.866025403784439,1.,0.866025403784439,1.,0.866025403784439,1.,0.866025403784439,
1.,0.866025403784439,1.,0.866025403784439,1.,0.866025403784439,1.,0.866025403784439,
1.,0.866025403784439,1.,0.866025403784439,1.,0.866025403784439,1.,0.866025403784439,
1.,0.866025403784439,1.,0.866025403784439,1.,0.866025403784439,1.,0.866025403784439,
1.,0.866025403784439,1.,0.866025403784439,1.,0.866025403784439,1.,0.866025403784439,
1.,0.866025403784439,1.,0.866025403784439,1.,0.866025403784439,1.,0.866025403784439,
1.,0.866025403784439,1.,0.866025403784439,1.,0.866025403784439,1.,0.866025403784439,
1.,0.866025403784439,1.,0.866025403784439,1.,0.866025403784439,1.,0.866025403784439,
1.,0.866025403784439,1.,0.866025403784439,1.,0.866025403784439,1.,0.866025403784439,
1.,0.866025403784439,1.,0.866025403784439,1.,0.866025403784439,1.,0.866025403784439,
1.,0.866025403784439,1.,0.866025403784439,1.,0.866025403784439,1.,0.866025403784439,
1.,0.866025403784439,1.,0.866025403784439,1.,0.866025403784439,1.,0.866025403784439,
1.,0.866025403784439,1.,0.866025403784439,1.,0.866025403784439,1.,0.866025403784439,
1.,0.866025403784439,1.,0.866025403784439,1.,0.866025403784439,1.,0.866025403784439,
1.,0.866025403784439,1.,0.866025403784439,1.,0.866025403784439,1.,0.866025403784439,
1.,0.866025403784439,1.,0.866025403784439,1.,0.866025403784439,1.,0.866025403784439,
1.,0.866025403784439,1.,0.866025403784439,1.,0.866025403784439,1.,0.866025403784439,
1.,0.866025403784439,1.,0.866025403784439,1.,0.866025403784439,1.,0.866025403784439,
1.,0.866025403784439,1.,0.866025403784439,1.,0.866025403784439,1.,0.866025403784439,
1.,0.866025403784439,1.,0.866025403784439,1.,0.866025403784439,1.,0.866025403784439,
1.,0.866025403784439,1.,0.866025403784439,1.,0.866025403784439,1.,0.866025403784439,
1.,0.866025403784439,1.,0.866025403784439,1.,0.866025403784439,1.,0.866025403784439,
1.,0.866025403784439,1.,0.866025403784439,1.,0.866025403784439,1.,0.866025403784439,
1.,0.866025403784439,1.,0.866025403784439,1.,0.866025403784439,1.,0.866025403784439,
1.,0.866025403784439,1.,0.866025403784439,1.,0.866025403784439,1.,0.866025403784439,
1.,0.866025403784439,1.,0.866025403784439,1.,0.866025403784439,1.,0.866025403784439,
1.,0.866025403784439,1.,0.866025403784439,1.,0.866025403784439,1.,0.866025403784439,
1.,0.866025403784439,1.,0.866025403784439,1.,0.866025403784439,1.)))
REPRESENTATION_ITEM('')
SURFACE()
);
#16=(
BOUNDED_SURFACE()
B_SPLINE_SURFACE(1,2,((#4305,#4306,#4307,#4308,#4309,#4310,#4311,#4312,
#4313,#4314,#4315,#4316,#4317,#4318,#4319,#4320,#4321,#4322,#4323,#4324,
#4325,#4326,#4327,#4328,#4329,#4330,#4331,#4332,#4333,#4334,#4335,#4336,
#4337,#4338,#4339,#4340,#4341,#4342,#4343,#4344,#4345,#4346,#4347,#4348,
#4349,#4350,#4351,#4352,#4353,#4354,#4355,#4356,#4357,#4358,#4359,#4360,
#4361,#4362,#4363,#4364,#4365,#4366,#4367,#4368,#4369,#4370,#4371,#4372,
#4373,#4374,#4375,#4376,#4377,#4378,#4379,#4380,#4381,#4382,#4383,#4384,
#4385,#4386,#4387,#4388,#4389,#4390,#4391,#4392,#4393,#4394,#4395,#4396,
#4397,#4398,#4399,#4400,#4401,#4402,#4403,#4404,#4405,#4406,#4407,#4408,
#4409,#4410,#4411,#4412,#4413,#4414,#4415,#4416,#4417,#4418,#4419,#4420,
#4421,#4422,#4423,#4424,#4425,#4426,#4427,#4428,#4429,#4430,#4431,#4432,
#4433,#4434,#4435,#4436,#4437,#4438,#4439,#4440,#4441,#4442,#4443,#4444,
#4445,#4446,#4447,#4448,#4449,#4450,#4451,#4452,#4453,#4454,#4455,#4456,
#4457,#4458,#4459,#4460,#4461,#4462,#4463,#4464,#4465,#4466,#4467,#4468,
#4469,#4470,#4471,#4472,#4473,#4474,#4475,#4476,#4477,#4478,#4479,#4480,
#4481,#4482,#4483,#4484,#4485,#4486,#4487,#4488,#4489,#4490,#4491,#4492,
#4493,#4494,#4495,#4496,#4497,#4498,#4499,#4500,#4501,#4502,#4503,#4504,
#4505,#4506,#4507,#4508,#4509,#4510,#4511,#4512,#4513,#4514,#4515,#4516,
#4517,#4518,#4519,#4520,#4521,#4522,#4523,#4524,#4525,#4526,#4527,#4528,
#4529,#4530,#4531,#4532,#4533,#4534,#4535,#4536,#4537,#4538,#4539,#4540,
#4541,#4542,#4543,#4544,#4545,#4546,#4547,#4548,#4549,#4550,#4551,#4552,
#4553,#4554,#4555,#4556,#4557,#4558,#4559,#4560,#4561,#4562,#4563,#4564,
#4565,#4566,#4567,#4568,#4569,#4570,#4571,#4572,#4573,#4574,#4575,#4576,
#4577,#4578,#4579,#4580,#4581,#4582,#4583,#4584,#4585,#4586,#4587,#4588,
#4589,#4590,#4591,#4592,#4593,#4594,#4595,#4596,#4597,#4598,#4599,#4600,
#4601,#4602,#4603,#4604,#4605,#4606,#4607,#4608,#4609,#4610,#4611,#4612,
#4613,#4614,#4615,#4616,#4617),(#4618,#4619,#4620,#4621,#4622,#4623,#4624,
#4625,#4626,#4627,#4628,#4629,#4630,#4631,#4632,#4633,#4634,#4635,#4636,
#4637,#4638,#4639,#4640,#4641,#4642,#4643,#4644,#4645,#4646,#4647,#4648,
#4649,#4650,#4651,#4652,#4653,#4654,#4655,#4656,#4657,#4658,#4659,#4660,
#4661,#4662,#4663,#4664,#4665,#4666,#4667,#4668,#4669,#4670,#4671,#4672,
#4673,#4674,#4675,#4676,#4677,#4678,#4679,#4680,#4681,#4682,#4683,#4684,
#4685,#4686,#4687,#4688,#4689,#4690,#4691,#4692,#4693,#4694,#4695,#4696,
#4697,#4698,#4699,#4700,#4701,#4702,#4703,#4704,#4705,#4706,#4707,#4708,
#4709,#4710,#4711,#4712,#4713,#4714,#4715,#4716,#4717,#4718,#4719,#4720,
#4721,#4722,#4723,#4724,#4725,#4726,#4727,#4728,#4729,#4730,#4731,#4732,
#4733,#4734,#4735,#4736,#4737,#4738,#4739,#4740,#4741,#4742,#4743,#4744,
#4745,#4746,#4747,#4748,#4749,#4750,#4751,#4752,#4753,#4754,#4755,#4756,
#4757,#4758,#4759,#4760,#4761,#4762,#4763,#4764,#4765,#4766,#4767,#4768,
#4769,#4770,#4771,#4772,#4773,#4774,#4775,#4776,#4777,#4778,#4779,#4780,
#4781,#4782,#4783,#4784,#4785,#4786,#4787,#4788,#4789,#4790,#4791,#4792,
#4793,#4794,#4795,#4796,#4797,#4798,#4799,#4800,#4801,#4802,#4803,#4804,
#4805,#4806,#4807,#4808,#4809,#4810,#4811,#4812,#4813,#4814,#4815,#4816,
#4817,#4818,#4819,#4820,#4821,#4822,#4823,#4824,#4825,#4826,#4827,#4828,
#4829,#4830,#4831,#4832,#4833,#4834,#4835,#4836,#4837,#4838,#4839,#4840,
#4841,#4842,#4843,#4844,#4845,#4846,#4847,#4848,#4849,#4850,#4851,#4852,
#4853,#4854,#4855,#4856,#4857,#4858,#4859,#4860,#4861,#4862,#4863,#4864,
#4865,#4866,#4867,#4868,#4869,#4870,#4871,#4872,#4873,#4874,#4875,#4876,
#4877,#4878,#4879,#4880,#4881,#4882,#4883,#4884,#4885,#4886,#4887,#4888,
#4889,#4890,#4891,#4892,#4893,#4894,#4895,#4896,#4897,#4898,#4899,#4900,
#4901,#4902,#4903,#4904,#4905,#4906,#4907,#4908,#4909,#4910,#4911,#4912,
#4913,#4914,#4915,#4916,#4917,#4918,#4919,#4920,#4921,#4922,#4923,#4924,
#4925,#4926,#4927,#4928,#4929,#4930)),.UNSPECIFIED.,.F.,.F.,.F.)
B_SPLINE_SURFACE_WITH_KNOTS((2,2),(3,2,2,2,2,2,2,2,2,2,2,2,2,2,2,2,2,2,
2,2,2,2,2,2,2,2,2,2,2,2,2,2,2,2,2,2,2,2,2,2,2,2,2,2,2,2,2,2,2,2,2,2,2,2,
2,2,2,2,2,2,2,2,2,2,2,2,2,2,2,2,2,2,2,2,2,2,2,2,2,2,2,2,2,2,2,2,2,2,2,2,
2,2,2,2,2,2,2,2,2,2,2,2,2,2,2,2,2,2,2,2,2,2,2,2,2,2,2,2,2,2,2,2,2,2,2,2,
2,2,2,2,2,2,2,2,2,2,2,2,2,2,2,2,2,2,2,2,2,2,2,2,2,2,2,2,2,2,3),(0.,1.),
(0.,0.00641025641025641,0.0128205128205128,0.0192307692307692,0.0256410256410256,
0.032051282051282,0.0384615384615385,0.0448717948717949,0.0512820512820513,
0.0576923076923077,0.0641025641025641,0.0705128205128205,0.0769230769230769,
0.0833333333333333,0.0897435897435897,0.0961538461538462,0.102564102564103,
0.108974358974359,0.115384615384615,0.121794871794872,0.128205128205128,
0.134615384615385,0.141025641025641,0.147435897435897,0.153846153846154,
0.16025641025641,0.166666666666667,0.173076923076923,0.179487179487179,
0.185897435897436,0.192307692307692,0.198717948717949,0.205128205128205,
0.211538461538462,0.217948717948718,0.224358974358974,0.230769230769231,
0.237179487179487,0.243589743589744,0.25,0.256410256410256,0.262820512820513,
0.269230769230769,0.275641025641026,0.282051282051282,0.288461538461538,
0.294871794871795,0.301282051282051,0.307692307692308,0.314102564102564,
0.320512820512821,0.326923076923077,0.333333333333333,0.33974358974359,
0.346153846153846,0.352564102564103,0.358974358974359,0.365384615384615,
0.371794871794872,0.378205128205128,0.384615384615385,0.391025641025641,
0.397435897435897,0.403846153846154,0.41025641025641,0.416666666666667,
0.423076923076923,0.429487179487179,0.435897435897436,0.442307692307692,
0.448717948717949,0.455128205128205,0.461538461538462,0.467948717948718,
0.474358974358974,0.480769230769231,0.487179487179487,0.493589743589744,
0.5,0.506410256410256,0.512820512820513,0.519230769230769,0.525641025641026,
0.532051282051282,0.538461538461538,0.544871794871795,0.551282051282051,
0.557692307692308,0.564102564102564,0.57051282051282,0.576923076923077,
0.583333333333333,0.58974358974359,0.596153846153846,0.602564102564103,
0.608974358974359,0.615384615384615,0.621794871794872,0.628205128205128,
0.634615384615385,0.641025641025641,0.647435897435897,0.653846153846154,
0.66025641025641,0.666666666666667,0.673076923076923,0.67948717948718,0.685897435897436,
0.692307692307692,0.698717948717949,0.705128205128205,0.711538461538462,
0.717948717948718,0.724358974358974,0.730769230769231,0.737179487179487,
0.743589743589744,0.75,0.756410256410256,0.762820512820513,0.769230769230769,
0.775641025641026,0.782051282051282,0.788461538461538,0.794871794871795,
0.801282051282051,0.807692307692308,0.814102564102564,0.82051282051282,
0.826923076923077,0.833333333333333,0.83974358974359,0.846153846153846,
0.852564102564103,0.858974358974359,0.865384615384615,0.871794871794872,
0.878205128205128,0.884615384615385,0.891025641025641,0.897435897435897,
0.903846153846154,0.91025641025641,0.916666666666667,0.923076923076923,
0.92948717948718,0.935897435897436,0.942307692307692,0.948717948717949,
0.955128205128205,0.961538461538462,0.967948717948718,0.974358974358974,
0.980769230769231,0.987179487179487,0.993589743589744,1.),.UNSPECIFIED.)
GEOMETRIC_REPRESENTATION_ITEM()
RATIONAL_B_SPLINE_SURFACE(((1.,0.866025403784439,1.,0.866025403784439,1.,
0.866025403784439,1.,0.866025403784439,1.,0.866025403784439,1.,0.866025403784439,
1.,0.866025403784439,1.,0.866025403784439,1.,0.866025403784439,1.,0.866025403784439,
1.,0.866025403784439,1.,0.866025403784439,1.,0.866025403784439,1.,0.866025403784439,
1.,0.866025403784439,1.,0.866025403784439,1.,0.866025403784439,1.,0.866025403784439,
1.,0.866025403784439,1.,0.866025403784439,1.,0.866025403784439,1.,0.866025403784439,
1.,0.866025403784439,1.,0.866025403784439,1.,0.866025403784439,1.,0.866025403784439,
1.,0.866025403784439,1.,0.866025403784439,1.,0.866025403784439,1.,0.866025403784439,
1.,0.866025403784439,1.,0.866025403784439,1.,0.866025403784439,1.,0.866025403784439,
1.,0.866025403784439,1.,0.866025403784439,1.,0.866025403784439,1.,0.866025403784439,
1.,0.866025403784439,1.,0.866025403784439,1.,0.866025403784439,1.,0.866025403784439,
1.,0.866025403784439,1.,0.866025403784439,1.,0.866025403784439,1.,0.866025403784439,
1.,0.866025403784439,1.,0.866025403784439,1.,0.866025403784439,1.,0.866025403784439,
1.,0.866025403784439,1.,0.866025403784439,1.,0.866025403784439,1.,0.866025403784439,
1.,0.866025403784439,1.,0.866025403784439,1.,0.866025403784439,1.,0.866025403784439,
1.,0.866025403784439,1.,0.866025403784439,1.,0.866025403784439,1.,0.866025403784439,
1.,0.866025403784439,1.,0.866025403784439,1.,0.866025403784439,1.,0.866025403784439,
1.,0.866025403784439,1.,0.866025403784439,1.,0.866025403784439,1.,0.866025403784439,
1.,0.866025403784439,1.,0.866025403784439,1.,0.866025403784439,1.,0.866025403784439,
1.,0.866025403784439,1.,0.866025403784439,1.,0.866025403784439,1.,0.866025403784439,
1.,0.866025403784439,1.,0.866025403784439,1.,0.866025403784439,1.,0.866025403784439,
1.,0.866025403784439,1.,0.866025403784439,1.,0.866025403784439,1.,0.866025403784439,
1.,0.866025403784439,1.,0.866025403784439,1.,0.866025403784439,1.,0.866025403784439,
1.,0.866025403784439,1.,0.866025403784439,1.,0.866025403784439,1.,0.866025403784439,
1.,0.866025403784439,1.,0.866025403784439,1.,0.866025403784439,1.,0.866025403784439,
1.,0.866025403784439,1.,0.866025403784439,1.,0.866025403784439,1.,0.866025403784439,
1.,0.866025403784439,1.,0.866025403784439,1.,0.866025403784439,1.,0.866025403784439,
1.,0.866025403784439,1.,0.866025403784439,1.,0.866025403784439,1.,0.866025403784439,
1.,0.866025403784439,1.,0.866025403784439,1.,0.866025403784439,1.,0.866025403784439,
1.,0.866025403784439,1.,0.866025403784439,1.,0.866025403784439,1.,0.866025403784439,
1.,0.866025403784439,1.,0.866025403784439,1.,0.866025403784439,1.,0.866025403784439,
1.,0.866025403784439,1.,0.866025403784439,1.,0.866025403784439,1.,0.866025403784439,
1.,0.866025403784439,1.,0.866025403784439,1.,0.866025403784439,1.,0.866025403784439,
1.,0.866025403784439,1.,0.866025403784439,1.,0.866025403784439,1.,0.866025403784439,
1.,0.866025403784439,1.,0.866025403784439,1.,0.866025403784439,1.,0.866025403784439,
1.,0.866025403784439,1.,0.866025403784439,1.,0.866025403784439,1.,0.866025403784439,
1.,0.866025403784439,1.,0.866025403784439,1.,0.866025403784439,1.,0.866025403784439,
1.,0.866025403784439,1.,0.866025403784439,1.,0.866025403784439,1.,0.866025403784439,
1.,0.866025403784439,1.,0.866025403784439,1.,0.866025403784439,1.,0.866025403784439,
1.,0.866025403784439,1.,0.866025403784439,1.),(1.,0.866025403784439,1.,
0.866025403784439,1.,0.866025403784439,1.,0.866025403784439,1.,0.866025403784439,
1.,0.866025403784439,1.,0.866025403784439,1.,0.866025403784439,1.,0.866025403784439,
1.,0.866025403784439,1.,0.866025403784439,1.,0.866025403784439,1.,0.866025403784439,
1.,0.866025403784439,1.,0.866025403784439,1.,0.866025403784439,1.,0.866025403784439,
1.,0.866025403784439,1.,0.866025403784439,1.,0.866025403784439,1.,0.866025403784439,
1.,0.866025403784439,1.,0.866025403784439,1.,0.866025403784439,1.,0.866025403784439,
1.,0.866025403784439,1.,0.866025403784439,1.,0.866025403784439,1.,0.866025403784439,
1.,0.866025403784439,1.,0.866025403784439,1.,0.866025403784439,1.,0.866025403784439,
1.,0.866025403784439,1.,0.866025403784439,1.,0.866025403784439,1.,0.866025403784439,
1.,0.866025403784439,1.,0.866025403784439,1.,0.866025403784439,1.,0.866025403784439,
1.,0.866025403784439,1.,0.866025403784439,1.,0.866025403784439,1.,0.866025403784439,
1.,0.866025403784439,1.,0.866025403784439,1.,0.866025403784439,1.,0.866025403784439,
1.,0.866025403784439,1.,0.866025403784439,1.,0.866025403784439,1.,0.866025403784439,
1.,0.866025403784439,1.,0.866025403784439,1.,0.866025403784439,1.,0.866025403784439,
1.,0.866025403784439,1.,0.866025403784439,1.,0.866025403784439,1.,0.866025403784439,
1.,0.866025403784439,1.,0.866025403784439,1.,0.866025403784439,1.,0.866025403784439,
1.,0.866025403784439,1.,0.866025403784439,1.,0.866025403784439,1.,0.866025403784439,
1.,0.866025403784439,1.,0.866025403784439,1.,0.866025403784439,1.,0.866025403784439,
1.,0.866025403784439,1.,0.866025403784439,1.,0.866025403784439,1.,0.866025403784439,
1.,0.866025403784439,1.,0.866025403784439,1.,0.866025403784439,1.,0.866025403784439,
1.,0.866025403784439,1.,0.866025403784439,1.,0.866025403784439,1.,0.866025403784439,
1.,0.866025403784439,1.,0.866025403784439,1.,0.866025403784439,1.,0.866025403784439,
1.,0.866025403784439,1.,0.866025403784439,1.,0.866025403784439,1.,0.866025403784439,
1.,0.866025403784439,1.,0.866025403784439,1.,0.866025403784439,1.,0.866025403784439,
1.,0.866025403784439,1.,0.866025403784439,1.,0.866025403784439,1.,0.866025403784439,
1.,0.866025403784439,1.,0.866025403784439,1.,0.866025403784439,1.,0.866025403784439,
1.,0.866025403784439,1.,0.866025403784439,1.,0.866025403784439,1.,0.866025403784439,
1.,0.866025403784439,1.,0.866025403784439,1.,0.866025403784439,1.,0.866025403784439,
1.,0.866025403784439,1.,0.866025403784439,1.,0.866025403784439,1.,0.866025403784439,
1.,0.866025403784439,1.,0.866025403784439,1.,0.866025403784439,1.,0.866025403784439,
1.,0.866025403784439,1.,0.866025403784439,1.,0.866025403784439,1.,0.866025403784439,
1.,0.866025403784439,1.,0.866025403784439,1.,0.866025403784439,1.,0.866025403784439,
1.,0.866025403784439,1.,0.866025403784439,1.,0.866025403784439,1.,0.866025403784439,
1.,0.866025403784439,1.,0.866025403784439,1.,0.866025403784439,1.,0.866025403784439,
1.,0.866025403784439,1.,0.866025403784439,1.,0.866025403784439,1.,0.866025403784439,
1.,0.866025403784439,1.,0.866025403784439,1.,0.866025403784439,1.,0.866025403784439,
1.,0.866025403784439,1.,0.866025403784439,1.,0.866025403784439,1.,0.866025403784439,
1.,0.866025403784439,1.,0.866025403784439,1.,0.866025403784439,1.,0.866025403784439,
1.,0.866025403784439,1.,0.866025403784439,1.,0.866025403784439,1.)))
REPRESENTATION_ITEM('')
SURFACE()
);
#17=(
BOUNDED_SURFACE()
B_SPLINE_SURFACE(1,2,((#4937,#4938,#4939,#4940,#4941,#4942,#4943,#4944,
#4945,#4946,#4947,#4948,#4949,#4950,#4951,#4952,#4953,#4954,#4955,#4956,
#4957,#4958,#4959,#4960,#4961,#4962,#4963,#4964,#4965,#4966,#4967,#4968,
#4969,#4970,#4971,#4972,#4973,#4974,#4975,#4976,#4977,#4978,#4979,#4980,
#4981,#4982,#4983,#4984,#4985,#4986,#4987,#4988,#4989,#4990,#4991,#4992,
#4993,#4994,#4995,#4996,#4997,#4998,#4999,#5000,#5001,#5002,#5003,#5004,
#5005,#5006,#5007,#5008,#5009,#5010,#5011,#5012,#5013,#5014,#5015,#5016,
#5017,#5018,#5019,#5020,#5021,#5022,#5023,#5024,#5025,#5026,#5027,#5028,
#5029,#5030,#5031,#5032,#5033,#5034,#5035,#5036,#5037,#5038,#5039,#5040,
#5041,#5042,#5043,#5044,#5045,#5046,#5047,#5048,#5049,#5050,#5051,#5052,
#5053,#5054,#5055,#5056,#5057,#5058,#5059,#5060,#5061,#5062,#5063,#5064,
#5065,#5066,#5067,#5068,#5069,#5070,#5071,#5072,#5073,#5074,#5075,#5076,
#5077,#5078,#5079,#5080,#5081,#5082,#5083,#5084,#5085,#5086,#5087,#5088,
#5089,#5090,#5091,#5092,#5093,#5094,#5095,#5096,#5097,#5098,#5099,#5100,
#5101,#5102,#5103,#5104,#5105,#5106,#5107,#5108,#5109,#5110,#5111,#5112,
#5113,#5114,#5115,#5116,#5117,#5118,#5119,#5120,#5121,#5122,#5123,#5124,
#5125,#5126,#5127,#5128,#5129,#5130,#5131,#5132,#5133,#5134,#5135,#5136,
#5137,#5138,#5139,#5140,#5141,#5142,#5143,#5144,#5145,#5146,#5147,#5148,
#5149,#5150,#5151,#5152,#5153,#5154,#5155,#5156,#5157,#5158,#5159,#5160,
#5161,#5162,#5163,#5164,#5165,#5166,#5167,#5168,#5169,#5170,#5171,#5172,
#5173,#5174,#5175,#5176,#5177,#5178,#5179,#5180,#5181,#5182,#5183,#5184,
#5185,#5186,#5187,#5188,#5189,#5190,#5191,#5192,#5193,#5194,#5195,#5196,
#5197,#5198,#5199,#5200,#5201,#5202,#5203,#5204,#5205,#5206,#5207,#5208,
#5209,#5210,#5211,#5212,#5213,#5214,#5215,#5216,#5217,#5218,#5219,#5220,
#5221,#5222,#5223,#5224,#5225,#5226,#5227,#5228,#5229,#5230,#5231,#5232,
#5233,#5234,#5235,#5236,#5237,#5238,#5239,#5240,#5241,#5242,#5243,#5244,
#5245,#5246,#5247,#5248,#5249),(#5250,#5251,#5252,#5253,#5254,#5255,#5256,
#5257,#5258,#5259,#5260,#5261,#5262,#5263,#5264,#5265,#5266,#5267,#5268,
#5269,#5270,#5271,#5272,#5273,#5274,#5275,#5276,#5277,#5278,#5279,#5280,
#5281,#5282,#5283,#5284,#5285,#5286,#5287,#5288,#5289,#5290,#5291,#5292,
#5293,#5294,#5295,#5296,#5297,#5298,#5299,#5300,#5301,#5302,#5303,#5304,
#5305,#5306,#5307,#5308,#5309,#5310,#5311,#5312,#5313,#5314,#5315,#5316,
#5317,#5318,#5319,#5320,#5321,#5322,#5323,#5324,#5325,#5326,#5327,#5328,
#5329,#5330,#5331,#5332,#5333,#5334,#5335,#5336,#5337,#5338,#5339,#5340,
#5341,#5342,#5343,#5344,#5345,#5346,#5347,#5348,#5349,#5350,#5351,#5352,
#5353,#5354,#5355,#5356,#5357,#5358,#5359,#5360,#5361,#5362,#5363,#5364,
#5365,#5366,#5367,#5368,#5369,#5370,#5371,#5372,#5373,#5374,#5375,#5376,
#5377,#5378,#5379,#5380,#5381,#5382,#5383,#5384,#5385,#5386,#5387,#5388,
#5389,#5390,#5391,#5392,#5393,#5394,#5395,#5396,#5397,#5398,#5399,#5400,
#5401,#5402,#5403,#5404,#5405,#5406,#5407,#5408,#5409,#5410,#5411,#5412,
#5413,#5414,#5415,#5416,#5417,#5418,#5419,#5420,#5421,#5422,#5423,#5424,
#5425,#5426,#5427,#5428,#5429,#5430,#5431,#5432,#5433,#5434,#5435,#5436,
#5437,#5438,#5439,#5440,#5441,#5442,#5443,#5444,#5445,#5446,#5447,#5448,
#5449,#5450,#5451,#5452,#5453,#5454,#5455,#5456,#5457,#5458,#5459,#5460,
#5461,#5462,#5463,#5464,#5465,#5466,#5467,#5468,#5469,#5470,#5471,#5472,
#5473,#5474,#5475,#5476,#5477,#5478,#5479,#5480,#5481,#5482,#5483,#5484,
#5485,#5486,#5487,#5488,#5489,#5490,#5491,#5492,#5493,#5494,#5495,#5496,
#5497,#5498,#5499,#5500,#5501,#5502,#5503,#5504,#5505,#5506,#5507,#5508,
#5509,#5510,#5511,#5512,#5513,#5514,#5515,#5516,#5517,#5518,#5519,#5520,
#5521,#5522,#5523,#5524,#5525,#5526,#5527,#5528,#5529,#5530,#5531,#5532,
#5533,#5534,#5535,#5536,#5537,#5538,#5539,#5540,#5541,#5542,#5543,#5544,
#5545,#5546,#5547,#5548,#5549,#5550,#5551,#5552,#5553,#5554,#5555,#5556,
#5557,#5558,#5559,#5560,#5561,#5562)),.UNSPECIFIED.,.F.,.F.,.F.)
B_SPLINE_SURFACE_WITH_KNOTS((2,2),(3,2,2,2,2,2,2,2,2,2,2,2,2,2,2,2,2,2,
2,2,2,2,2,2,2,2,2,2,2,2,2,2,2,2,2,2,2,2,2,2,2,2,2,2,2,2,2,2,2,2,2,2,2,2,
2,2,2,2,2,2,2,2,2,2,2,2,2,2,2,2,2,2,2,2,2,2,2,2,2,2,2,2,2,2,2,2,2,2,2,2,
2,2,2,2,2,2,2,2,2,2,2,2,2,2,2,2,2,2,2,2,2,2,2,2,2,2,2,2,2,2,2,2,2,2,2,2,
2,2,2,2,2,2,2,2,2,2,2,2,2,2,2,2,2,2,2,2,2,2,2,2,2,2,2,2,2,2,3),(0.,1.),
(0.,0.00641025641025641,0.0128205128205128,0.0192307692307692,0.0256410256410256,
0.032051282051282,0.0384615384615385,0.0448717948717949,0.0512820512820513,
0.0576923076923077,0.0641025641025641,0.0705128205128205,0.0769230769230769,
0.0833333333333333,0.0897435897435897,0.0961538461538462,0.102564102564103,
0.108974358974359,0.115384615384615,0.121794871794872,0.128205128205128,
0.134615384615385,0.141025641025641,0.147435897435897,0.153846153846154,
0.16025641025641,0.166666666666667,0.173076923076923,0.179487179487179,
0.185897435897436,0.192307692307692,0.198717948717949,0.205128205128205,
0.211538461538462,0.217948717948718,0.224358974358974,0.230769230769231,
0.237179487179487,0.243589743589744,0.25,0.256410256410256,0.262820512820513,
0.269230769230769,0.275641025641026,0.282051282051282,0.288461538461538,
0.294871794871795,0.301282051282051,0.307692307692308,0.314102564102564,
0.320512820512821,0.326923076923077,0.333333333333333,0.33974358974359,
0.346153846153846,0.352564102564103,0.358974358974359,0.365384615384615,
0.371794871794872,0.378205128205128,0.384615384615385,0.391025641025641,
0.397435897435897,0.403846153846154,0.41025641025641,0.416666666666667,
0.423076923076923,0.429487179487179,0.435897435897436,0.442307692307692,
0.448717948717949,0.455128205128205,0.461538461538462,0.467948717948718,
0.474358974358974,0.480769230769231,0.487179487179487,0.493589743589744,
0.5,0.506410256410256,0.512820512820513,0.519230769230769,0.525641025641026,
0.532051282051282,0.538461538461538,0.544871794871795,0.551282051282051,
0.557692307692308,0.564102564102564,0.57051282051282,0.576923076923077,
0.583333333333333,0.58974358974359,0.596153846153846,0.602564102564103,
0.608974358974359,0.615384615384615,0.621794871794872,0.628205128205128,
0.634615384615385,0.641025641025641,0.647435897435897,0.653846153846154,
0.66025641025641,0.666666666666667,0.673076923076923,0.67948717948718,0.685897435897436,
0.692307692307692,0.698717948717949,0.705128205128205,0.711538461538462,
0.717948717948718,0.724358974358974,0.730769230769231,0.737179487179487,
0.743589743589744,0.75,0.756410256410256,0.762820512820513,0.769230769230769,
0.775641025641026,0.782051282051282,0.788461538461538,0.794871794871795,
0.801282051282051,0.807692307692308,0.814102564102564,0.82051282051282,
0.826923076923077,0.833333333333333,0.83974358974359,0.846153846153846,
0.852564102564103,0.858974358974359,0.865384615384615,0.871794871794872,
0.878205128205128,0.884615384615385,0.891025641025641,0.897435897435897,
0.903846153846154,0.91025641025641,0.916666666666667,0.923076923076923,
0.92948717948718,0.935897435897436,0.942307692307692,0.948717948717949,
0.955128205128205,0.961538461538462,0.967948717948718,0.974358974358974,
0.980769230769231,0.987179487179487,0.993589743589744,1.),.UNSPECIFIED.)
GEOMETRIC_REPRESENTATION_ITEM()
RATIONAL_B_SPLINE_SURFACE(((1.,0.866025403784439,1.,0.866025403784439,1.,
0.866025403784439,1.,0.866025403784439,1.,0.866025403784439,1.,0.866025403784439,
1.,0.866025403784439,1.,0.866025403784439,1.,0.866025403784439,1.,0.866025403784439,
1.,0.866025403784439,1.,0.866025403784439,1.,0.866025403784439,1.,0.866025403784439,
1.,0.866025403784439,1.,0.866025403784439,1.,0.866025403784439,1.,0.866025403784439,
1.,0.866025403784439,1.,0.866025403784439,1.,0.866025403784439,1.,0.866025403784439,
1.,0.866025403784439,1.,0.866025403784439,1.,0.866025403784439,1.,0.866025403784439,
1.,0.866025403784439,1.,0.866025403784439,1.,0.866025403784439,1.,0.866025403784439,
1.,0.866025403784439,1.,0.866025403784439,1.,0.866025403784439,1.,0.866025403784439,
1.,0.866025403784439,1.,0.866025403784439,1.,0.866025403784439,1.,0.866025403784439,
1.,0.866025403784439,1.,0.866025403784439,1.,0.866025403784439,1.,0.866025403784439,
1.,0.866025403784439,1.,0.866025403784439,1.,0.866025403784439,1.,0.866025403784439,
1.,0.866025403784439,1.,0.866025403784439,1.,0.866025403784439,1.,0.866025403784439,
1.,0.866025403784439,1.,0.866025403784439,1.,0.866025403784439,1.,0.866025403784439,
1.,0.866025403784439,1.,0.866025403784439,1.,0.866025403784439,1.,0.866025403784439,
1.,0.866025403784439,1.,0.866025403784439,1.,0.866025403784439,1.,0.866025403784439,
1.,0.866025403784439,1.,0.866025403784439,1.,0.866025403784439,1.,0.866025403784439,
1.,0.866025403784439,1.,0.866025403784439,1.,0.866025403784439,1.,0.866025403784439,
1.,0.866025403784439,1.,0.866025403784439,1.,0.866025403784439,1.,0.866025403784439,
1.,0.866025403784439,1.,0.866025403784439,1.,0.866025403784439,1.,0.866025403784439,
1.,0.866025403784439,1.,0.866025403784439,1.,0.866025403784439,1.,0.866025403784439,
1.,0.866025403784439,1.,0.866025403784439,1.,0.866025403784439,1.,0.866025403784439,
1.,0.866025403784439,1.,0.866025403784439,1.,0.866025403784439,1.,0.866025403784439,
1.,0.866025403784439,1.,0.866025403784439,1.,0.866025403784439,1.,0.866025403784439,
1.,0.866025403784439,1.,0.866025403784439,1.,0.866025403784439,1.,0.866025403784439,
1.,0.866025403784439,1.,0.866025403784439,1.,0.866025403784439,1.,0.866025403784439,
1.,0.866025403784439,1.,0.866025403784439,1.,0.866025403784439,1.,0.866025403784439,
1.,0.866025403784439,1.,0.866025403784439,1.,0.866025403784439,1.,0.866025403784439,
1.,0.866025403784439,1.,0.866025403784439,1.,0.866025403784439,1.,0.866025403784439,
1.,0.866025403784439,1.,0.866025403784439,1.,0.866025403784439,1.,0.866025403784439,
1.,0.866025403784439,1.,0.866025403784439,1.,0.866025403784439,1.,0.866025403784439,
1.,0.866025403784439,1.,0.866025403784439,1.,0.866025403784439,1.,0.866025403784439,
1.,0.866025403784439,1.,0.866025403784439,1.,0.866025403784439,1.,0.866025403784439,
1.,0.866025403784439,1.,0.866025403784439,1.,0.866025403784439,1.,0.866025403784439,
1.,0.866025403784439,1.,0.866025403784439,1.,0.866025403784439,1.,0.866025403784439,
1.,0.866025403784439,1.,0.866025403784439,1.,0.866025403784439,1.,0.866025403784439,
1.,0.866025403784439,1.,0.866025403784439,1.,0.866025403784439,1.,0.866025403784439,
1.,0.866025403784439,1.,0.866025403784439,1.,0.866025403784439,1.,0.866025403784439,
1.,0.866025403784439,1.,0.866025403784439,1.,0.866025403784439,1.,0.866025403784439,
1.,0.866025403784439,1.,0.866025403784439,1.),(1.,0.866025403784439,1.,
0.866025403784439,1.,0.866025403784439,1.,0.866025403784439,1.,0.866025403784439,
1.,0.866025403784439,1.,0.866025403784439,1.,0.866025403784439,1.,0.866025403784439,
1.,0.866025403784439,1.,0.866025403784439,1.,0.866025403784439,1.,0.866025403784439,
1.,0.866025403784439,1.,0.866025403784439,1.,0.866025403784439,1.,0.866025403784439,
1.,0.866025403784439,1.,0.866025403784439,1.,0.866025403784439,1.,0.866025403784439,
1.,0.866025403784439,1.,0.866025403784439,1.,0.866025403784439,1.,0.866025403784439,
1.,0.866025403784439,1.,0.866025403784439,1.,0.866025403784439,1.,0.866025403784439,
1.,0.866025403784439,1.,0.866025403784439,1.,0.866025403784439,1.,0.866025403784439,
1.,0.866025403784439,1.,0.866025403784439,1.,0.866025403784439,1.,0.866025403784439,
1.,0.866025403784439,1.,0.866025403784439,1.,0.866025403784439,1.,0.866025403784439,
1.,0.866025403784439,1.,0.866025403784439,1.,0.866025403784439,1.,0.866025403784439,
1.,0.866025403784439,1.,0.866025403784439,1.,0.866025403784439,1.,0.866025403784439,
1.,0.866025403784439,1.,0.866025403784439,1.,0.866025403784439,1.,0.866025403784439,
1.,0.866025403784439,1.,0.866025403784439,1.,0.866025403784439,1.,0.866025403784439,
1.,0.866025403784439,1.,0.866025403784439,1.,0.866025403784439,1.,0.866025403784439,
1.,0.866025403784439,1.,0.866025403784439,1.,0.866025403784439,1.,0.866025403784439,
1.,0.866025403784439,1.,0.866025403784439,1.,0.866025403784439,1.,0.866025403784439,
1.,0.866025403784439,1.,0.866025403784439,1.,0.866025403784439,1.,0.866025403784439,
1.,0.866025403784439,1.,0.866025403784439,1.,0.866025403784439,1.,0.866025403784439,
1.,0.866025403784439,1.,0.866025403784439,1.,0.866025403784439,1.,0.866025403784439,
1.,0.866025403784439,1.,0.866025403784439,1.,0.866025403784439,1.,0.866025403784439,
1.,0.866025403784439,1.,0.866025403784439,1.,0.866025403784439,1.,0.866025403784439,
1.,0.866025403784439,1.,0.866025403784439,1.,0.866025403784439,1.,0.866025403784439,
1.,0.866025403784439,1.,0.866025403784439,1.,0.866025403784439,1.,0.866025403784439,
1.,0.866025403784439,1.,0.866025403784439,1.,0.866025403784439,1.,0.866025403784439,
1.,0.866025403784439,1.,0.866025403784439,1.,0.866025403784439,1.,0.866025403784439,
1.,0.866025403784439,1.,0.866025403784439,1.,0.866025403784439,1.,0.866025403784439,
1.,0.866025403784439,1.,0.866025403784439,1.,0.866025403784439,1.,0.866025403784439,
1.,0.866025403784439,1.,0.866025403784439,1.,0.866025403784439,1.,0.866025403784439,
1.,0.866025403784439,1.,0.866025403784439,1.,0.866025403784439,1.,0.866025403784439,
1.,0.866025403784439,1.,0.866025403784439,1.,0.866025403784439,1.,0.866025403784439,
1.,0.866025403784439,1.,0.866025403784439,1.,0.866025403784439,1.,0.866025403784439,
1.,0.866025403784439,1.,0.866025403784439,1.,0.866025403784439,1.,0.866025403784439,
1.,0.866025403784439,1.,0.866025403784439,1.,0.866025403784439,1.,0.866025403784439,
1.,0.866025403784439,1.,0.866025403784439,1.,0.866025403784439,1.,0.866025403784439,
1.,0.866025403784439,1.,0.866025403784439,1.,0.866025403784439,1.,0.866025403784439,
1.,0.866025403784439,1.,0.866025403784439,1.,0.866025403784439,1.,0.866025403784439,
1.,0.866025403784439,1.,0.866025403784439,1.,0.866025403784439,1.,0.866025403784439,
1.,0.866025403784439,1.,0.866025403784439,1.,0.866025403784439,1.)))
REPRESENTATION_ITEM('')
SURFACE()
);
#18=FACE_BOUND('',#325,.T.);
#19=FACE_BOUND('',#330,.T.);
#20=PLANE('',#1484);
#21=PLANE('',#1485);
#22=PLANE('',#1486);
#23=PLANE('',#1487);
#24=PLANE('',#1488);
#25=PLANE('',#1489);
#26=PLANE('',#1490);
#27=PLANE('',#1493);
#28=PLANE('',#1501);
#29=PLANE('',#1507);
#30=TOROIDAL_SURFACE('',#1471,1.8,0.1);
#31=TOROIDAL_SURFACE('',#1478,1.8,0.0999999999999998);
#32=TOROIDAL_SURFACE('',#1495,1.8,0.0999999999999998);
#33=TOROIDAL_SURFACE('',#1499,1.8,0.1);
#34=(
BOUNDED_CURVE()
B_SPLINE_CURVE(2,(#1828,#1829,#1830,#1831,#1832,#1833,#1834,#1835,#1836),
 .UNSPECIFIED.,.F.,.F.)
B_SPLINE_CURVE_WITH_KNOTS((3,2,2,2,3),(0.0288461538461539,0.032051282051282,
0.0384615384615384,0.0448717948717948,0.048076923076923),.UNSPECIFIED.)
CURVE()
GEOMETRIC_REPRESENTATION_ITEM()
RATIONAL_B_SPLINE_CURVE((0.933012701892219,0.933012701892219,1.,0.866025403784439,
1.,0.866025403784439,1.,0.933012701892221,0.933012701892219))
REPRESENTATION_ITEM('')
);
#35=(
BOUNDED_CURVE()
B_SPLINE_CURVE(2,(#1840,#1841,#1842,#1843,#1844,#1845,#1846,#1847,#1848),
 .UNSPECIFIED.,.F.,.F.)
B_SPLINE_CURVE_WITH_KNOTS((3,2,2,2,3),(0.913461538461538,0.916666666666667,
0.923076923076923,0.92948717948718,0.932692307692308),.UNSPECIFIED.)
CURVE()
GEOMETRIC_REPRESENTATION_ITEM()
RATIONAL_B_SPLINE_CURVE((0.933012701892219,0.933012701892219,1.,0.866025403784439,
1.,0.866025403784439,1.,0.933012701892219,0.933012701892219))
REPRESENTATION_ITEM('')
);
#36=(
BOUNDED_CURVE()
B_SPLINE_CURVE(2,(#1853,#1854,#1855,#1856,#1857,#1858,#1859,#1860,#1861),
 .UNSPECIFIED.,.F.,.F.)
B_SPLINE_CURVE_WITH_KNOTS((3,2,2,2,3),(0.0673076923076923,0.0705128205128205,
0.0769230769230769,0.0833333333333334,0.0865384615384616),.UNSPECIFIED.)
CURVE()
GEOMETRIC_REPRESENTATION_ITEM()
RATIONAL_B_SPLINE_CURVE((0.933012701892219,0.933012701892219,1.,0.866025403784439,
1.,0.866025403784439,1.,0.933012701892219,0.933012701892219))
REPRESENTATION_ITEM('')
);
#37=(
BOUNDED_CURVE()
B_SPLINE_CURVE(2,(#1865,#1866,#1867,#1868,#1869,#1870,#1871,#1872,#1873),
 .UNSPECIFIED.,.F.,.F.)
B_SPLINE_CURVE_WITH_KNOTS((3,2,2,2,3),(0.875,0.878205128205128,0.884615384615385,
0.891025641025641,0.894230769230769),.UNSPECIFIED.)
CURVE()
GEOMETRIC_REPRESENTATION_ITEM()
RATIONAL_B_SPLINE_CURVE((0.933012701892219,0.933012701892219,1.,0.866025403784439,
1.,0.866025403784439,1.,0.933012701892219,0.933012701892219))
REPRESENTATION_ITEM('')
);
#38=(
BOUNDED_CURVE()
B_SPLINE_CURVE(2,(#1878,#1879,#1880,#1881,#1882,#1883,#1884,#1885,#1886),
 .UNSPECIFIED.,.F.,.F.)
B_SPLINE_CURVE_WITH_KNOTS((3,2,2,2,3),(0.105769230769231,0.108974358974359,
0.115384615384615,0.121794871794872,0.125),.UNSPECIFIED.)
CURVE()
GEOMETRIC_REPRESENTATION_ITEM()
RATIONAL_B_SPLINE_CURVE((0.933012701892219,0.933012701892219,1.,0.866025403784439,
1.,0.866025403784439,1.,0.933012701892219,0.933012701892219))
REPRESENTATION_ITEM('')
);
#39=(
BOUNDED_CURVE()
B_SPLINE_CURVE(2,(#1890,#1891,#1892,#1893,#1894,#1895,#1896,#1897,#1898),
 .UNSPECIFIED.,.F.,.F.)
B_SPLINE_CURVE_WITH_KNOTS((3,2,2,2,3),(0.836538461538462,0.83974358974359,
0.846153846153846,0.852564102564103,0.855769230769231),.UNSPECIFIED.)
CURVE()
GEOMETRIC_REPRESENTATION_ITEM()
RATIONAL_B_SPLINE_CURVE((0.933012701892219,0.933012701892219,1.,0.866025403784439,
1.,0.866025403784439,1.,0.933012701892219,0.933012701892219))
REPRESENTATION_ITEM('')
);
#40=(
BOUNDED_CURVE()
B_SPLINE_CURVE(2,(#1903,#1904,#1905,#1906,#1907,#1908,#1909,#1910,#1911),
 .UNSPECIFIED.,.F.,.F.)
B_SPLINE_CURVE_WITH_KNOTS((3,2,2,2,3),(0.144230769230769,0.147435897435897,
0.153846153846154,0.16025641025641,0.163461538461538),.UNSPECIFIED.)
CURVE()
GEOMETRIC_REPRESENTATION_ITEM()
RATIONAL_B_SPLINE_CURVE((0.933012701892219,0.933012701892219,1.,0.866025403784439,
1.,0.866025403784439,1.,0.933012701892219,0.933012701892219))
REPRESENTATION_ITEM('')
);
#41=(
BOUNDED_CURVE()
B_SPLINE_CURVE(2,(#1915,#1916,#1917,#1918,#1919,#1920,#1921,#1922,#1923),
 .UNSPECIFIED.,.F.,.F.)
B_SPLINE_CURVE_WITH_KNOTS((3,2,2,2,3),(0.798076923076923,0.801282051282051,
0.807692307692308,0.814102564102564,0.817307692307692),.UNSPECIFIED.)
CURVE()
GEOMETRIC_REPRESENTATION_ITEM()
RATIONAL_B_SPLINE_CURVE((0.933012701892219,0.933012701892221,1.,0.866025403784439,
1.,0.866025403784439,1.,0.933012701892219,0.933012701892219))
REPRESENTATION_ITEM('')
);
#42=(
BOUNDED_CURVE()
B_SPLINE_CURVE(2,(#1928,#1929,#1930,#1931,#1932,#1933,#1934,#1935,#1936),
 .UNSPECIFIED.,.F.,.F.)
B_SPLINE_CURVE_WITH_KNOTS((3,2,2,2,3),(0.182692307692308,0.185897435897436,
0.192307692307692,0.198717948717949,0.201923076923077),.UNSPECIFIED.)
CURVE()
GEOMETRIC_REPRESENTATION_ITEM()
RATIONAL_B_SPLINE_CURVE((0.933012701892219,0.933012701892219,1.,0.866025403784439,
1.,0.866025403784439,1.,0.933012701892221,0.933012701892219))
REPRESENTATION_ITEM('')
);
#43=(
BOUNDED_CURVE()
B_SPLINE_CURVE(2,(#1940,#1941,#1942,#1943,#1944,#1945,#1946,#1947,#1948),
 .UNSPECIFIED.,.F.,.F.)
B_SPLINE_CURVE_WITH_KNOTS((3,2,2,2,3),(0.759615384615385,0.762820512820513,
0.769230769230769,0.775641025641026,0.778846153846154),.UNSPECIFIED.)
CURVE()
GEOMETRIC_REPRESENTATION_ITEM()
RATIONAL_B_SPLINE_CURVE((0.933012701892219,0.933012701892219,1.,0.866025403784439,
1.,0.866025403784439,1.,0.933012701892219,0.933012701892219))
REPRESENTATION_ITEM('')
);
#44=(
BOUNDED_CURVE()
B_SPLINE_CURVE(2,(#1953,#1954,#1955,#1956,#1957,#1958,#1959,#1960,#1961),
 .UNSPECIFIED.,.F.,.F.)
B_SPLINE_CURVE_WITH_KNOTS((3,2,2,2,3),(0.221153846153846,0.224358974358974,
0.230769230769231,0.237179487179487,0.240384615384615),.UNSPECIFIED.)
CURVE()
GEOMETRIC_REPRESENTATION_ITEM()
RATIONAL_B_SPLINE_CURVE((0.933012701892219,0.933012701892219,1.,0.866025403784439,
1.,0.866025403784439,1.,0.933012701892219,0.933012701892219))
REPRESENTATION_ITEM('')
);
#45=(
BOUNDED_CURVE()
B_SPLINE_CURVE(2,(#1965,#1966,#1967,#1968,#1969,#1970,#1971,#1972,#1973),
 .UNSPECIFIED.,.F.,.F.)
B_SPLINE_CURVE_WITH_KNOTS((3,2,2,2,3),(0.721153846153846,0.724358974358974,
0.730769230769231,0.737179487179487,0.740384615384615),.UNSPECIFIED.)
CURVE()
GEOMETRIC_REPRESENTATION_ITEM()
RATIONAL_B_SPLINE_CURVE((0.933012701892219,0.933012701892219,1.,0.866025403784439,
1.,0.866025403784439,1.,0.933012701892219,0.933012701892219))
REPRESENTATION_ITEM('')
);
#46=(
BOUNDED_CURVE()
B_SPLINE_CURVE(2,(#1978,#1979,#1980,#1981,#1982,#1983,#1984,#1985,#1986),
 .UNSPECIFIED.,.F.,.F.)
B_SPLINE_CURVE_WITH_KNOTS((3,2,2,2,3),(0.259615384615385,0.262820512820513,
0.269230769230769,0.275641025641026,0.278846153846154),.UNSPECIFIED.)
CURVE()
GEOMETRIC_REPRESENTATION_ITEM()
RATIONAL_B_SPLINE_CURVE((0.933012701892219,0.933012701892219,1.,0.866025403784439,
1.,0.866025403784439,1.,0.933012701892219,0.933012701892219))
REPRESENTATION_ITEM('')
);
#47=(
BOUNDED_CURVE()
B_SPLINE_CURVE(2,(#1990,#1991,#1992,#1993,#1994,#1995,#1996,#1997,#1998),
 .UNSPECIFIED.,.F.,.F.)
B_SPLINE_CURVE_WITH_KNOTS((3,2,2,2,3),(0.682692307692308,0.685897435897436,
0.692307692307692,0.698717948717949,0.701923076923077),.UNSPECIFIED.)
CURVE()
GEOMETRIC_REPRESENTATION_ITEM()
RATIONAL_B_SPLINE_CURVE((0.933012701892219,0.933012701892219,1.,0.866025403784439,
1.,0.866025403784439,1.,0.933012701892221,0.933012701892219))
REPRESENTATION_ITEM('')
);
#48=(
BOUNDED_CURVE()
B_SPLINE_CURVE(2,(#2003,#2004,#2005,#2006,#2007,#2008,#2009,#2010,#2011),
 .UNSPECIFIED.,.F.,.F.)
B_SPLINE_CURVE_WITH_KNOTS((3,2,2,2,3),(0.298076923076923,0.301282051282051,
0.307692307692308,0.314102564102564,0.317307692307692),.UNSPECIFIED.)
CURVE()
GEOMETRIC_REPRESENTATION_ITEM()
RATIONAL_B_SPLINE_CURVE((0.933012701892219,0.933012701892221,1.,0.866025403784439,
1.,0.866025403784439,1.,0.933012701892219,0.933012701892219))
REPRESENTATION_ITEM('')
);
#49=(
BOUNDED_CURVE()
B_SPLINE_CURVE(2,(#2015,#2016,#2017,#2018,#2019,#2020,#2021,#2022,#2023),
 .UNSPECIFIED.,.F.,.F.)
B_SPLINE_CURVE_WITH_KNOTS((3,2,2,2,3),(0.644230769230769,0.647435897435897,
0.653846153846154,0.66025641025641,0.663461538461538),.UNSPECIFIED.)
CURVE()
GEOMETRIC_REPRESENTATION_ITEM()
RATIONAL_B_SPLINE_CURVE((0.933012701892219,0.933012701892219,1.,0.866025403784439,
1.,0.866025403784439,1.,0.933012701892219,0.933012701892219))
REPRESENTATION_ITEM('')
);
#50=(
BOUNDED_CURVE()
B_SPLINE_CURVE(2,(#2028,#2029,#2030,#2031,#2032,#2033,#2034,#2035,#2036),
 .UNSPECIFIED.,.F.,.F.)
B_SPLINE_CURVE_WITH_KNOTS((3,2,2,2,3),(0.336538461538462,0.33974358974359,
0.346153846153846,0.352564102564103,0.355769230769231),.UNSPECIFIED.)
CURVE()
GEOMETRIC_REPRESENTATION_ITEM()
RATIONAL_B_SPLINE_CURVE((0.933012701892219,0.933012701892219,1.,0.866025403784439,
1.,0.866025403784439,1.,0.933012701892219,0.933012701892219))
REPRESENTATION_ITEM('')
);
#51=(
BOUNDED_CURVE()
B_SPLINE_CURVE(2,(#2040,#2041,#2042,#2043,#2044,#2045,#2046,#2047,#2048),
 .UNSPECIFIED.,.F.,.F.)
B_SPLINE_CURVE_WITH_KNOTS((3,2,2,2,3),(0.605769230769231,0.608974358974359,
0.615384615384615,0.621794871794872,0.625),.UNSPECIFIED.)
CURVE()
GEOMETRIC_REPRESENTATION_ITEM()
RATIONAL_B_SPLINE_CURVE((0.933012701892219,0.933012701892219,1.,0.866025403784439,
1.,0.866025403784439,1.,0.933012701892219,0.933012701892219))
REPRESENTATION_ITEM('')
);
#52=(
BOUNDED_CURVE()
B_SPLINE_CURVE(2,(#2053,#2054,#2055,#2056,#2057,#2058,#2059,#2060,#2061),
 .UNSPECIFIED.,.F.,.F.)
B_SPLINE_CURVE_WITH_KNOTS((3,2,2,2,3),(0.375,0.378205128205128,0.384615384615385,
0.391025641025641,0.394230769230769),.UNSPECIFIED.)
CURVE()
GEOMETRIC_REPRESENTATION_ITEM()
RATIONAL_B_SPLINE_CURVE((0.933012701892219,0.933012701892219,1.,0.866025403784439,
1.,0.866025403784439,1.,0.933012701892219,0.933012701892219))
REPRESENTATION_ITEM('')
);
#53=(
BOUNDED_CURVE()
B_SPLINE_CURVE(2,(#2065,#2066,#2067,#2068,#2069,#2070,#2071,#2072,#2073),
 .UNSPECIFIED.,.F.,.F.)
B_SPLINE_CURVE_WITH_KNOTS((3,2,2,2,3),(0.567307692307692,0.57051282051282,
0.576923076923077,0.583333333333333,0.586538461538462),.UNSPECIFIED.)
CURVE()
GEOMETRIC_REPRESENTATION_ITEM()
RATIONAL_B_SPLINE_CURVE((0.933012701892219,0.933012701892219,1.,0.866025403784439,
1.,0.866025403784439,1.,0.933012701892219,0.933012701892219))
REPRESENTATION_ITEM('')
);
#54=(
BOUNDED_CURVE()
B_SPLINE_CURVE(2,(#2078,#2079,#2080,#2081,#2082,#2083,#2084,#2085,#2086),
 .UNSPECIFIED.,.F.,.F.)
B_SPLINE_CURVE_WITH_KNOTS((3,2,2,2,3),(0.413461538461538,0.416666666666667,
0.423076923076923,0.42948717948718,0.432692307692308),.UNSPECIFIED.)
CURVE()
GEOMETRIC_REPRESENTATION_ITEM()
RATIONAL_B_SPLINE_CURVE((0.933012701892219,0.933012701892219,1.,0.866025403784439,
1.,0.866025403784439,1.,0.933012701892219,0.933012701892219))
REPRESENTATION_ITEM('')
);
#55=(
BOUNDED_CURVE()
B_SPLINE_CURVE(2,(#2090,#2091,#2092,#2093,#2094,#2095,#2096,#2097,#2098),
 .UNSPECIFIED.,.F.,.F.)
B_SPLINE_CURVE_WITH_KNOTS((3,2,2,2,3),(0.528846153846154,0.532051282051282,
0.538461538461538,0.544871794871795,0.548076923076923),.UNSPECIFIED.)
CURVE()
GEOMETRIC_REPRESENTATION_ITEM()
RATIONAL_B_SPLINE_CURVE((0.933012701892219,0.933012701892219,1.,0.866025403784439,
1.,0.866025403784439,1.,0.933012701892221,0.933012701892219))
REPRESENTATION_ITEM('')
);
#56=(
BOUNDED_CURVE()
B_SPLINE_CURVE(2,(#2103,#2104,#2105,#2106,#2107,#2108,#2109,#2110,#2111),
 .UNSPECIFIED.,.F.,.F.)
B_SPLINE_CURVE_WITH_KNOTS((3,2,2,2,3),(0.451923076923077,0.455128205128205,
0.461538461538462,0.467948717948718,0.471153846153846),.UNSPECIFIED.)
CURVE()
GEOMETRIC_REPRESENTATION_ITEM()
RATIONAL_B_SPLINE_CURVE((0.933012701892219,0.933012701892221,1.,0.866025403784439,
1.,0.866025403784439,1.,0.933012701892219,0.933012701892219))
REPRESENTATION_ITEM('')
);
#57=(
BOUNDED_CURVE()
B_SPLINE_CURVE(2,(#2115,#2116,#2117,#2118,#2119,#2120,#2121,#2122,#2123),
 .UNSPECIFIED.,.F.,.F.)
B_SPLINE_CURVE_WITH_KNOTS((3,2,2,2,3),(0.490384615384615,0.493589743589744,
0.5,0.506410256410256,0.509615384615385),.UNSPECIFIED.)
CURVE()
GEOMETRIC_REPRESENTATION_ITEM()
RATIONAL_B_SPLINE_CURVE((0.933012701892219,0.93301270189222,1.,0.866025403784439,
1.,0.866025403784439,1.,0.933012701892219,0.933012701892219))
REPRESENTATION_ITEM('')
);
#58=(
BOUNDED_CURVE()
B_SPLINE_CURVE(2,(#2128,#2129,#2130,#2131,#2132,#2133,#2134,#2135,#2136),
 .UNSPECIFIED.,.F.,.F.)
B_SPLINE_CURVE_WITH_KNOTS((3,2,2,2,3),(0.490384615384615,0.493589743589744,
0.5,0.506410256410256,0.509615384615385),.UNSPECIFIED.)
CURVE()
GEOMETRIC_REPRESENTATION_ITEM()
RATIONAL_B_SPLINE_CURVE((0.933012701892219,0.933012701892219,1.,0.866025403784439,
1.,0.866025403784439,1.,0.933012701892219,0.933012701892219))
REPRESENTATION_ITEM('')
);
#59=(
BOUNDED_CURVE()
B_SPLINE_CURVE(2,(#2140,#2141,#2142,#2143,#2144,#2145,#2146,#2147,#2148),
 .UNSPECIFIED.,.F.,.F.)
B_SPLINE_CURVE_WITH_KNOTS((3,2,2,2,3),(0.451923076923077,0.455128205128205,
0.461538461538462,0.467948717948718,0.471153846153846),.UNSPECIFIED.)
CURVE()
GEOMETRIC_REPRESENTATION_ITEM()
RATIONAL_B_SPLINE_CURVE((0.933012701892219,0.933012701892221,1.,0.866025403784439,
1.,0.866025403784439,1.,0.933012701892221,0.933012701892219))
REPRESENTATION_ITEM('')
);
#60=(
BOUNDED_CURVE()
B_SPLINE_CURVE(2,(#2153,#2154,#2155,#2156,#2157,#2158,#2159,#2160,#2161),
 .UNSPECIFIED.,.F.,.F.)
B_SPLINE_CURVE_WITH_KNOTS((3,2,2,2,3),(0.528846153846154,0.532051282051282,
0.538461538461538,0.544871794871795,0.548076923076923),.UNSPECIFIED.)
CURVE()
GEOMETRIC_REPRESENTATION_ITEM()
RATIONAL_B_SPLINE_CURVE((0.933012701892219,0.933012701892222,1.,0.866025403784439,
1.,0.866025403784439,1.,0.933012701892219,0.933012701892219))
REPRESENTATION_ITEM('')
);
#61=(
BOUNDED_CURVE()
B_SPLINE_CURVE(2,(#2165,#2166,#2167,#2168,#2169,#2170,#2171,#2172,#2173),
 .UNSPECIFIED.,.F.,.F.)
B_SPLINE_CURVE_WITH_KNOTS((3,2,2,2,3),(0.413461538461538,0.416666666666667,
0.423076923076923,0.429487179487179,0.432692307692308),.UNSPECIFIED.)
CURVE()
GEOMETRIC_REPRESENTATION_ITEM()
RATIONAL_B_SPLINE_CURVE((0.933012701892219,0.93301270189222,1.,0.866025403784439,
1.,0.866025403784439,1.,0.93301270189222,0.933012701892219))
REPRESENTATION_ITEM('')
);
#62=(
BOUNDED_CURVE()
B_SPLINE_CURVE(2,(#2178,#2179,#2180,#2181,#2182,#2183,#2184,#2185,#2186),
 .UNSPECIFIED.,.F.,.F.)
B_SPLINE_CURVE_WITH_KNOTS((3,2,2,2,3),(0.567307692307692,0.57051282051282,
0.576923076923077,0.583333333333333,0.586538461538461),.UNSPECIFIED.)
CURVE()
GEOMETRIC_REPRESENTATION_ITEM()
RATIONAL_B_SPLINE_CURVE((0.933012701892219,0.933012701892219,1.,0.866025403784439,
1.,0.866025403784439,1.,0.933012701892221,0.933012701892219))
REPRESENTATION_ITEM('')
);
#63=(
BOUNDED_CURVE()
B_SPLINE_CURVE(2,(#2190,#2191,#2192,#2193,#2194,#2195,#2196,#2197,#2198),
 .UNSPECIFIED.,.F.,.F.)
B_SPLINE_CURVE_WITH_KNOTS((3,2,2,2,3),(0.375,0.378205128205128,0.384615384615385,
0.391025641025641,0.394230769230769),.UNSPECIFIED.)
CURVE()
GEOMETRIC_REPRESENTATION_ITEM()
RATIONAL_B_SPLINE_CURVE((0.933012701892219,0.933012701892221,1.,0.866025403784439,
1.,0.866025403784439,1.,0.933012701892221,0.933012701892219))
REPRESENTATION_ITEM('')
);
#64=(
BOUNDED_CURVE()
B_SPLINE_CURVE(2,(#2203,#2204,#2205,#2206,#2207,#2208,#2209,#2210,#2211),
 .UNSPECIFIED.,.F.,.F.)
B_SPLINE_CURVE_WITH_KNOTS((3,2,2,2,3),(0.605769230769231,0.608974358974359,
0.615384615384615,0.621794871794872,0.625),.UNSPECIFIED.)
CURVE()
GEOMETRIC_REPRESENTATION_ITEM()
RATIONAL_B_SPLINE_CURVE((0.933012701892219,0.933012701892219,1.,0.866025403784439,
1.,0.866025403784439,1.,0.933012701892219,0.933012701892219))
REPRESENTATION_ITEM('')
);
#65=(
BOUNDED_CURVE()
B_SPLINE_CURVE(2,(#2215,#2216,#2217,#2218,#2219,#2220,#2221,#2222,#2223),
 .UNSPECIFIED.,.F.,.F.)
B_SPLINE_CURVE_WITH_KNOTS((3,2,2,2,3),(0.336538461538462,0.33974358974359,
0.346153846153846,0.352564102564103,0.355769230769231),.UNSPECIFIED.)
CURVE()
GEOMETRIC_REPRESENTATION_ITEM()
RATIONAL_B_SPLINE_CURVE((0.933012701892219,0.93301270189222,1.,0.866025403784439,
1.,0.866025403784439,1.,0.933012701892221,0.933012701892219))
REPRESENTATION_ITEM('')
);
#66=(
BOUNDED_CURVE()
B_SPLINE_CURVE(2,(#2228,#2229,#2230,#2231,#2232,#2233,#2234,#2235,#2236),
 .UNSPECIFIED.,.F.,.F.)
B_SPLINE_CURVE_WITH_KNOTS((3,2,2,2,3),(0.644230769230769,0.647435897435897,
0.653846153846154,0.66025641025641,0.663461538461538),.UNSPECIFIED.)
CURVE()
GEOMETRIC_REPRESENTATION_ITEM()
RATIONAL_B_SPLINE_CURVE((0.933012701892219,0.933012701892222,1.,0.866025403784439,
1.,0.866025403784439,1.,0.933012701892221,0.933012701892219))
REPRESENTATION_ITEM('')
);
#67=(
BOUNDED_CURVE()
B_SPLINE_CURVE(2,(#2240,#2241,#2242,#2243,#2244,#2245,#2246,#2247,#2248),
 .UNSPECIFIED.,.F.,.F.)
B_SPLINE_CURVE_WITH_KNOTS((3,2,2,2,3),(0.298076923076923,0.301282051282051,
0.307692307692308,0.314102564102564,0.317307692307692),.UNSPECIFIED.)
CURVE()
GEOMETRIC_REPRESENTATION_ITEM()
RATIONAL_B_SPLINE_CURVE((0.933012701892219,0.933012701892221,1.,0.866025403784439,
1.,0.866025403784439,1.,0.93301270189222,0.933012701892219))
REPRESENTATION_ITEM('')
);
#68=(
BOUNDED_CURVE()
B_SPLINE_CURVE(2,(#2253,#2254,#2255,#2256,#2257,#2258,#2259,#2260,#2261),
 .UNSPECIFIED.,.F.,.F.)
B_SPLINE_CURVE_WITH_KNOTS((3,2,2,2,3),(0.682692307692308,0.685897435897436,
0.692307692307692,0.698717948717949,0.701923076923077),.UNSPECIFIED.)
CURVE()
GEOMETRIC_REPRESENTATION_ITEM()
RATIONAL_B_SPLINE_CURVE((0.933012701892219,0.933012701892219,1.,0.866025403784439,
1.,0.866025403784439,1.,0.933012701892222,0.933012701892219))
REPRESENTATION_ITEM('')
);
#69=(
BOUNDED_CURVE()
B_SPLINE_CURVE(2,(#2265,#2266,#2267,#2268,#2269,#2270,#2271,#2272,#2273),
 .UNSPECIFIED.,.F.,.F.)
B_SPLINE_CURVE_WITH_KNOTS((3,2,2,2,3),(0.259615384615385,0.262820512820513,
0.269230769230769,0.275641025641026,0.278846153846154),.UNSPECIFIED.)
CURVE()
GEOMETRIC_REPRESENTATION_ITEM()
RATIONAL_B_SPLINE_CURVE((0.933012701892219,0.93301270189222,1.,0.866025403784439,
1.,0.866025403784439,1.,0.933012701892221,0.933012701892219))
REPRESENTATION_ITEM('')
);
#70=(
BOUNDED_CURVE()
B_SPLINE_CURVE(2,(#2278,#2279,#2280,#2281,#2282,#2283,#2284,#2285,#2286),
 .UNSPECIFIED.,.F.,.F.)
B_SPLINE_CURVE_WITH_KNOTS((3,2,2,2,3),(0.721153846153846,0.724358974358974,
0.730769230769231,0.737179487179487,0.740384615384615),.UNSPECIFIED.)
CURVE()
GEOMETRIC_REPRESENTATION_ITEM()
RATIONAL_B_SPLINE_CURVE((0.933012701892219,0.933012701892222,1.,0.866025403784439,
1.,0.866025403784439,1.,0.933012701892219,0.933012701892219))
REPRESENTATION_ITEM('')
);
#71=(
BOUNDED_CURVE()
B_SPLINE_CURVE(2,(#2290,#2291,#2292,#2293,#2294,#2295,#2296,#2297,#2298),
 .UNSPECIFIED.,.F.,.F.)
B_SPLINE_CURVE_WITH_KNOTS((3,2,2,2,3),(0.221153846153846,0.224358974358974,
0.230769230769231,0.237179487179487,0.240384615384615),.UNSPECIFIED.)
CURVE()
GEOMETRIC_REPRESENTATION_ITEM()
RATIONAL_B_SPLINE_CURVE((0.933012701892219,0.93301270189222,1.,0.866025403784439,
1.,0.866025403784439,1.,0.93301270189222,0.933012701892219))
REPRESENTATION_ITEM('')
);
#72=(
BOUNDED_CURVE()
B_SPLINE_CURVE(2,(#2303,#2304,#2305,#2306,#2307,#2308,#2309,#2310,#2311),
 .UNSPECIFIED.,.F.,.F.)
B_SPLINE_CURVE_WITH_KNOTS((3,2,2,2,3),(0.759615384615385,0.762820512820513,
0.769230769230769,0.775641025641026,0.778846153846154),.UNSPECIFIED.)
CURVE()
GEOMETRIC_REPRESENTATION_ITEM()
RATIONAL_B_SPLINE_CURVE((0.933012701892219,0.933012701892222,1.,0.866025403784439,
1.,0.866025403784439,1.,0.933012701892222,0.933012701892219))
REPRESENTATION_ITEM('')
);
#73=(
BOUNDED_CURVE()
B_SPLINE_CURVE(2,(#2315,#2316,#2317,#2318,#2319,#2320,#2321,#2322,#2323),
 .UNSPECIFIED.,.F.,.F.)
B_SPLINE_CURVE_WITH_KNOTS((3,2,2,2,3),(0.182692307692308,0.185897435897436,
0.192307692307692,0.198717948717949,0.201923076923077),.UNSPECIFIED.)
CURVE()
GEOMETRIC_REPRESENTATION_ITEM()
RATIONAL_B_SPLINE_CURVE((0.933012701892219,0.93301270189222,1.,0.866025403784439,
1.,0.866025403784439,1.,0.93301270189222,0.933012701892219))
REPRESENTATION_ITEM('')
);
#74=(
BOUNDED_CURVE()
B_SPLINE_CURVE(2,(#2328,#2329,#2330,#2331,#2332,#2333,#2334,#2335,#2336),
 .UNSPECIFIED.,.F.,.F.)
B_SPLINE_CURVE_WITH_KNOTS((3,2,2,2,3),(0.798076923076923,0.801282051282051,
0.807692307692308,0.814102564102564,0.817307692307692),.UNSPECIFIED.)
CURVE()
GEOMETRIC_REPRESENTATION_ITEM()
RATIONAL_B_SPLINE_CURVE((0.933012701892219,0.933012701892219,1.,0.866025403784439,
1.,0.866025403784439,1.,0.933012701892219,0.933012701892219))
REPRESENTATION_ITEM('')
);
#75=(
BOUNDED_CURVE()
B_SPLINE_CURVE(2,(#2340,#2341,#2342,#2343,#2344,#2345,#2346,#2347,#2348),
 .UNSPECIFIED.,.F.,.F.)
B_SPLINE_CURVE_WITH_KNOTS((3,2,2,2,3),(0.144230769230769,0.147435897435897,
0.153846153846154,0.16025641025641,0.163461538461538),.UNSPECIFIED.)
CURVE()
GEOMETRIC_REPRESENTATION_ITEM()
RATIONAL_B_SPLINE_CURVE((0.933012701892219,0.93301270189222,1.,0.866025403784439,
1.,0.866025403784439,1.,0.93301270189222,0.933012701892219))
REPRESENTATION_ITEM('')
);
#76=(
BOUNDED_CURVE()
B_SPLINE_CURVE(2,(#2353,#2354,#2355,#2356,#2357,#2358,#2359,#2360,#2361),
 .UNSPECIFIED.,.F.,.F.)
B_SPLINE_CURVE_WITH_KNOTS((3,2,2,2,3),(0.836538461538462,0.83974358974359,
0.846153846153846,0.852564102564103,0.855769230769231),.UNSPECIFIED.)
CURVE()
GEOMETRIC_REPRESENTATION_ITEM()
RATIONAL_B_SPLINE_CURVE((0.933012701892219,0.933012701892219,1.,0.866025403784439,
1.,0.866025403784439,1.,0.933012701892221,0.933012701892219))
REPRESENTATION_ITEM('')
);
#77=(
BOUNDED_CURVE()
B_SPLINE_CURVE(2,(#2365,#2366,#2367,#2368,#2369,#2370,#2371,#2372,#2373),
 .UNSPECIFIED.,.F.,.F.)
B_SPLINE_CURVE_WITH_KNOTS((3,2,2,2,3),(0.105769230769231,0.108974358974359,
0.115384615384615,0.121794871794872,0.125),.UNSPECIFIED.)
CURVE()
GEOMETRIC_REPRESENTATION_ITEM()
RATIONAL_B_SPLINE_CURVE((0.933012701892219,0.93301270189222,1.,0.866025403784439,
1.,0.866025403784439,1.,0.93301270189222,0.933012701892219))
REPRESENTATION_ITEM('')
);
#78=(
BOUNDED_CURVE()
B_SPLINE_CURVE(2,(#2378,#2379,#2380,#2381,#2382,#2383,#2384,#2385,#2386),
 .UNSPECIFIED.,.F.,.F.)
B_SPLINE_CURVE_WITH_KNOTS((3,2,2,2,3),(0.875,0.878205128205128,0.884615384615385,
0.891025641025641,0.894230769230769),.UNSPECIFIED.)
CURVE()
GEOMETRIC_REPRESENTATION_ITEM()
RATIONAL_B_SPLINE_CURVE((0.933012701892219,0.933012701892219,1.,0.866025403784439,
1.,0.866025403784439,1.,0.933012701892221,0.933012701892219))
REPRESENTATION_ITEM('')
);
#79=(
BOUNDED_CURVE()
B_SPLINE_CURVE(2,(#2390,#2391,#2392,#2393,#2394,#2395,#2396,#2397,#2398),
 .UNSPECIFIED.,.F.,.F.)
B_SPLINE_CURVE_WITH_KNOTS((3,2,2,2,3),(0.0673076923076923,0.0705128205128205,
0.0769230769230769,0.0833333333333333,0.0865384615384615),.UNSPECIFIED.)
CURVE()
GEOMETRIC_REPRESENTATION_ITEM()
RATIONAL_B_SPLINE_CURVE((0.933012701892219,0.93301270189222,1.,0.866025403784439,
1.,0.866025403784439,1.,0.93301270189222,0.933012701892219))
REPRESENTATION_ITEM('')
);
#80=(
BOUNDED_CURVE()
B_SPLINE_CURVE(2,(#2402,#2403,#2404,#2405,#2406,#2407,#2408),
 .UNSPECIFIED.,.F.,.F.)
B_SPLINE_CURVE_WITH_KNOTS((3,2,2,3),(0.0181450384842419,0.0192307692307693,
0.0256410256410257,0.0288461538461539),.UNSPECIFIED.)
CURVE()
GEOMETRIC_REPRESENTATION_ITEM()
RATIONAL_B_SPLINE_CURVE((0.962303180466701,0.977308187215087,1.,0.866025403784439,
1.,0.933012701892219,0.933012701892219))
REPRESENTATION_ITEM('')
);
#81=(
BOUNDED_CURVE()
B_SPLINE_CURVE(2,(#2410,#2411,#2412,#2413,#2414,#2415,#2416),
 .UNSPECIFIED.,.F.,.F.)
B_SPLINE_CURVE_WITH_KNOTS((3,2,2,3),(0.932692307692308,0.935897435897436,
0.942307692307692,0.948053207278974),.UNSPECIFIED.)
CURVE()
GEOMETRIC_REPRESENTATION_ITEM()
RATIONAL_B_SPLINE_CURVE((0.933012701892219,0.933012701892219,1.,0.866025403784439,
1.,0.879918524460842,0.975095182552641))
REPRESENTATION_ITEM('')
);
#82=(
BOUNDED_CURVE()
B_SPLINE_CURVE(2,(#2419,#2420,#2421,#2422,#2423,#2424,#2425,#2426,#2427),
 .UNSPECIFIED.,.F.,.F.)
B_SPLINE_CURVE_WITH_KNOTS((3,2,2,2,3),(0.048076923076923,0.0512820512820513,
0.0576923076923077,0.0641025641025641,0.0673076923076923),.UNSPECIFIED.)
CURVE()
GEOMETRIC_REPRESENTATION_ITEM()
RATIONAL_B_SPLINE_CURVE((0.933012701892219,0.933012701892218,1.,0.866025403784439,
1.,0.866025403784439,1.,0.933012701892219,0.933012701892219))
REPRESENTATION_ITEM('')
);
#83=(
BOUNDED_CURVE()
B_SPLINE_CURVE(2,(#2428,#2429,#2430,#2431,#2432,#2433,#2434,#2435,#2436),
 .UNSPECIFIED.,.F.,.F.)
B_SPLINE_CURVE_WITH_KNOTS((3,2,2,2,3),(0.894230769230769,0.897435897435897,
0.903846153846154,0.91025641025641,0.913461538461538),.UNSPECIFIED.)
CURVE()
GEOMETRIC_REPRESENTATION_ITEM()
RATIONAL_B_SPLINE_CURVE((0.933012701892219,0.933012701892219,1.,0.866025403784439,
1.,0.866025403784439,1.,0.933012701892219,0.933012701892219))
REPRESENTATION_ITEM('')
);
#84=(
BOUNDED_CURVE()
B_SPLINE_CURVE(2,(#2438,#2439,#2440,#2441,#2442,#2443,#2444,#2445,#2446),
 .UNSPECIFIED.,.F.,.F.)
B_SPLINE_CURVE_WITH_KNOTS((3,2,2,2,3),(0.0865384615384616,0.0897435897435898,
0.0961538461538461,0.102564102564103,0.105769230769231),.UNSPECIFIED.)
CURVE()
GEOMETRIC_REPRESENTATION_ITEM()
RATIONAL_B_SPLINE_CURVE((0.933012701892219,0.933012701892219,1.,0.866025403784439,
1.,0.866025403784439,1.,0.933012701892219,0.933012701892219))
REPRESENTATION_ITEM('')
);
#85=(
BOUNDED_CURVE()
B_SPLINE_CURVE(2,(#2447,#2448,#2449,#2450,#2451,#2452,#2453,#2454,#2455),
 .UNSPECIFIED.,.F.,.F.)
B_SPLINE_CURVE_WITH_KNOTS((3,2,2,2,3),(0.855769230769231,0.858974358974359,
0.865384615384615,0.871794871794872,0.875),.UNSPECIFIED.)
CURVE()
GEOMETRIC_REPRESENTATION_ITEM()
RATIONAL_B_SPLINE_CURVE((0.933012701892219,0.933012701892219,1.,0.866025403784439,
1.,0.866025403784439,1.,0.933012701892219,0.933012701892219))
REPRESENTATION_ITEM('')
);
#86=(
BOUNDED_CURVE()
B_SPLINE_CURVE(2,(#2457,#2458,#2459,#2460,#2461,#2462,#2463,#2464,#2465),
 .UNSPECIFIED.,.F.,.F.)
B_SPLINE_CURVE_WITH_KNOTS((3,2,2,2,3),(0.125,0.128205128205128,0.134615384615385,
0.141025641025641,0.144230769230769),.UNSPECIFIED.)
CURVE()
GEOMETRIC_REPRESENTATION_ITEM()
RATIONAL_B_SPLINE_CURVE((0.933012701892219,0.933012701892219,1.,0.866025403784439,
1.,0.866025403784439,1.,0.933012701892219,0.933012701892219))
REPRESENTATION_ITEM('')
);
#87=(
BOUNDED_CURVE()
B_SPLINE_CURVE(2,(#2466,#2467,#2468,#2469,#2470,#2471,#2472,#2473,#2474),
 .UNSPECIFIED.,.F.,.F.)
B_SPLINE_CURVE_WITH_KNOTS((3,2,2,2,3),(0.817307692307692,0.82051282051282,
0.826923076923077,0.833333333333333,0.836538461538462),.UNSPECIFIED.)
CURVE()
GEOMETRIC_REPRESENTATION_ITEM()
RATIONAL_B_SPLINE_CURVE((0.933012701892219,0.933012701892219,1.,0.866025403784439,
1.,0.866025403784439,1.,0.933012701892219,0.933012701892219))
REPRESENTATION_ITEM('')
);
#88=(
BOUNDED_CURVE()
B_SPLINE_CURVE(2,(#2476,#2477,#2478,#2479,#2480,#2481,#2482,#2483,#2484),
 .UNSPECIFIED.,.F.,.F.)
B_SPLINE_CURVE_WITH_KNOTS((3,2,2,2,3),(0.163461538461538,0.166666666666667,
0.173076923076923,0.17948717948718,0.182692307692308),.UNSPECIFIED.)
CURVE()
GEOMETRIC_REPRESENTATION_ITEM()
RATIONAL_B_SPLINE_CURVE((0.933012701892219,0.933012701892219,1.,0.866025403784439,
1.,0.866025403784439,1.,0.933012701892219,0.933012701892219))
REPRESENTATION_ITEM('')
);
#89=(
BOUNDED_CURVE()
B_SPLINE_CURVE(2,(#2485,#2486,#2487,#2488,#2489,#2490,#2491,#2492,#2493),
 .UNSPECIFIED.,.F.,.F.)
B_SPLINE_CURVE_WITH_KNOTS((3,2,2,2,3),(0.778846153846154,0.782051282051282,
0.788461538461538,0.794871794871795,0.798076923076923),.UNSPECIFIED.)
CURVE()
GEOMETRIC_REPRESENTATION_ITEM()
RATIONAL_B_SPLINE_CURVE((0.933012701892219,0.933012701892219,1.,0.866025403784439,
1.,0.866025403784439,1.,0.933012701892218,0.933012701892219))
REPRESENTATION_ITEM('')
);
#90=(
BOUNDED_CURVE()
B_SPLINE_CURVE(2,(#2495,#2496,#2497,#2498,#2499,#2500,#2501,#2502,#2503),
 .UNSPECIFIED.,.F.,.F.)
B_SPLINE_CURVE_WITH_KNOTS((3,2,2,2,3),(0.201923076923077,0.205128205128205,
0.211538461538462,0.217948717948718,0.221153846153846),.UNSPECIFIED.)
CURVE()
GEOMETRIC_REPRESENTATION_ITEM()
RATIONAL_B_SPLINE_CURVE((0.933012701892219,0.933012701892218,1.,0.866025403784439,
1.,0.866025403784439,1.,0.933012701892219,0.933012701892219))
REPRESENTATION_ITEM('')
);
#91=(
BOUNDED_CURVE()
B_SPLINE_CURVE(2,(#2504,#2505,#2506,#2507,#2508,#2509,#2510,#2511,#2512),
 .UNSPECIFIED.,.F.,.F.)
B_SPLINE_CURVE_WITH_KNOTS((3,2,2,2,3),(0.740384615384615,0.743589743589744,
0.75,0.756410256410256,0.759615384615385),.UNSPECIFIED.)
CURVE()
GEOMETRIC_REPRESENTATION_ITEM()
RATIONAL_B_SPLINE_CURVE((0.933012701892219,0.933012701892219,1.,0.866025403784439,
1.,0.866025403784439,1.,0.933012701892219,0.933012701892219))
REPRESENTATION_ITEM('')
);
#92=(
BOUNDED_CURVE()
B_SPLINE_CURVE(2,(#2514,#2515,#2516,#2517,#2518,#2519,#2520,#2521,#2522),
 .UNSPECIFIED.,.F.,.F.)
B_SPLINE_CURVE_WITH_KNOTS((3,2,2,2,3),(0.240384615384615,0.243589743589744,
0.25,0.256410256410256,0.259615384615385),.UNSPECIFIED.)
CURVE()
GEOMETRIC_REPRESENTATION_ITEM()
RATIONAL_B_SPLINE_CURVE((0.933012701892219,0.933012701892219,1.,0.866025403784439,
1.,0.866025403784439,1.,0.933012701892219,0.933012701892219))
REPRESENTATION_ITEM('')
);
#93=(
BOUNDED_CURVE()
B_SPLINE_CURVE(2,(#2523,#2524,#2525,#2526,#2527,#2528,#2529,#2530,#2531),
 .UNSPECIFIED.,.F.,.F.)
B_SPLINE_CURVE_WITH_KNOTS((3,2,2,2,3),(0.701923076923077,0.705128205128205,
0.711538461538462,0.717948717948718,0.721153846153846),.UNSPECIFIED.)
CURVE()
GEOMETRIC_REPRESENTATION_ITEM()
RATIONAL_B_SPLINE_CURVE((0.933012701892219,0.933012701892218,1.,0.866025403784439,
1.,0.866025403784439,1.,0.933012701892219,0.933012701892219))
REPRESENTATION_ITEM('')
);
#94=(
BOUNDED_CURVE()
B_SPLINE_CURVE(2,(#2533,#2534,#2535,#2536,#2537,#2538,#2539,#2540,#2541),
 .UNSPECIFIED.,.F.,.F.)
B_SPLINE_CURVE_WITH_KNOTS((3,2,2,2,3),(0.278846153846154,0.282051282051282,
0.288461538461538,0.294871794871795,0.298076923076923),.UNSPECIFIED.)
CURVE()
GEOMETRIC_REPRESENTATION_ITEM()
RATIONAL_B_SPLINE_CURVE((0.933012701892219,0.933012701892219,1.,0.866025403784439,
1.,0.866025403784439,1.,0.933012701892218,0.933012701892219))
REPRESENTATION_ITEM('')
);
#95=(
BOUNDED_CURVE()
B_SPLINE_CURVE(2,(#2542,#2543,#2544,#2545,#2546,#2547,#2548,#2549,#2550),
 .UNSPECIFIED.,.F.,.F.)
B_SPLINE_CURVE_WITH_KNOTS((3,2,2,2,3),(0.663461538461538,0.666666666666667,
0.673076923076923,0.67948717948718,0.682692307692308),.UNSPECIFIED.)
CURVE()
GEOMETRIC_REPRESENTATION_ITEM()
RATIONAL_B_SPLINE_CURVE((0.933012701892219,0.933012701892219,1.,0.866025403784439,
1.,0.866025403784439,1.,0.933012701892219,0.933012701892219))
REPRESENTATION_ITEM('')
);
#96=(
BOUNDED_CURVE()
B_SPLINE_CURVE(2,(#2552,#2553,#2554,#2555,#2556,#2557,#2558,#2559,#2560),
 .UNSPECIFIED.,.F.,.F.)
B_SPLINE_CURVE_WITH_KNOTS((3,2,2,2,3),(0.317307692307692,0.32051282051282,
0.326923076923077,0.333333333333333,0.336538461538462),.UNSPECIFIED.)
CURVE()
GEOMETRIC_REPRESENTATION_ITEM()
RATIONAL_B_SPLINE_CURVE((0.933012701892219,0.933012701892219,1.,0.866025403784439,
1.,0.866025403784439,1.,0.933012701892219,0.933012701892219))
REPRESENTATION_ITEM('')
);
#97=(
BOUNDED_CURVE()
B_SPLINE_CURVE(2,(#2561,#2562,#2563,#2564,#2565,#2566,#2567,#2568,#2569),
 .UNSPECIFIED.,.F.,.F.)
B_SPLINE_CURVE_WITH_KNOTS((3,2,2,2,3),(0.625,0.628205128205128,0.634615384615385,
0.641025641025641,0.644230769230769),.UNSPECIFIED.)
CURVE()
GEOMETRIC_REPRESENTATION_ITEM()
RATIONAL_B_SPLINE_CURVE((0.933012701892219,0.933012701892219,1.,0.866025403784439,
1.,0.866025403784439,1.,0.933012701892219,0.933012701892219))
REPRESENTATION_ITEM('')
);
#98=(
BOUNDED_CURVE()
B_SPLINE_CURVE(2,(#2571,#2572,#2573,#2574,#2575,#2576,#2577,#2578,#2579),
 .UNSPECIFIED.,.F.,.F.)
B_SPLINE_CURVE_WITH_KNOTS((3,2,2,2,3),(0.355769230769231,0.358974358974359,
0.365384615384615,0.371794871794872,0.375),.UNSPECIFIED.)
CURVE()
GEOMETRIC_REPRESENTATION_ITEM()
RATIONAL_B_SPLINE_CURVE((0.933012701892219,0.933012701892219,1.,0.866025403784439,
1.,0.866025403784439,1.,0.933012701892219,0.933012701892219))
REPRESENTATION_ITEM('')
);
#99=(
BOUNDED_CURVE()
B_SPLINE_CURVE(2,(#2580,#2581,#2582,#2583,#2584,#2585,#2586,#2587,#2588),
 .UNSPECIFIED.,.F.,.F.)
B_SPLINE_CURVE_WITH_KNOTS((3,2,2,2,3),(0.586538461538462,0.58974358974359,
0.596153846153846,0.602564102564103,0.605769230769231),.UNSPECIFIED.)
CURVE()
GEOMETRIC_REPRESENTATION_ITEM()
RATIONAL_B_SPLINE_CURVE((0.933012701892219,0.933012701892219,1.,0.866025403784439,
1.,0.866025403784439,1.,0.933012701892219,0.933012701892219))
REPRESENTATION_ITEM('')
);
#100=(
BOUNDED_CURVE()
B_SPLINE_CURVE(2,(#2590,#2591,#2592,#2593,#2594,#2595,#2596,#2597,#2598),
 .UNSPECIFIED.,.F.,.F.)
B_SPLINE_CURVE_WITH_KNOTS((3,2,2,2,3),(0.394230769230769,0.397435897435897,
0.403846153846154,0.41025641025641,0.413461538461538),.UNSPECIFIED.)
CURVE()
GEOMETRIC_REPRESENTATION_ITEM()
RATIONAL_B_SPLINE_CURVE((0.933012701892219,0.933012701892219,1.,0.866025403784439,
1.,0.866025403784439,1.,0.933012701892219,0.933012701892219))
REPRESENTATION_ITEM('')
);
#101=(
BOUNDED_CURVE()
B_SPLINE_CURVE(2,(#2599,#2600,#2601,#2602,#2603,#2604,#2605,#2606,#2607),
 .UNSPECIFIED.,.F.,.F.)
B_SPLINE_CURVE_WITH_KNOTS((3,2,2,2,3),(0.548076923076923,0.551282051282051,
0.557692307692308,0.564102564102564,0.567307692307692),.UNSPECIFIED.)
CURVE()
GEOMETRIC_REPRESENTATION_ITEM()
RATIONAL_B_SPLINE_CURVE((0.933012701892219,0.933012701892218,1.,0.866025403784439,
1.,0.866025403784439,1.,0.933012701892219,0.933012701892219))
REPRESENTATION_ITEM('')
);
#102=(
BOUNDED_CURVE()
B_SPLINE_CURVE(2,(#2609,#2610,#2611,#2612,#2613,#2614,#2615,#2616,#2617),
 .UNSPECIFIED.,.F.,.F.)
B_SPLINE_CURVE_WITH_KNOTS((3,2,2,2,3),(0.432692307692308,0.435897435897436,
0.442307692307692,0.448717948717949,0.451923076923077),.UNSPECIFIED.)
CURVE()
GEOMETRIC_REPRESENTATION_ITEM()
RATIONAL_B_SPLINE_CURVE((0.933012701892219,0.933012701892219,1.,0.866025403784439,
1.,0.866025403784439,1.,0.933012701892218,0.933012701892219))
REPRESENTATION_ITEM('')
);
#103=(
BOUNDED_CURVE()
B_SPLINE_CURVE(2,(#2618,#2619,#2620,#2621,#2622,#2623,#2624,#2625,#2626),
 .UNSPECIFIED.,.F.,.F.)
B_SPLINE_CURVE_WITH_KNOTS((3,2,2,2,3),(0.509615384615385,0.512820512820513,
0.519230769230769,0.525641025641026,0.528846153846154),.UNSPECIFIED.)
CURVE()
GEOMETRIC_REPRESENTATION_ITEM()
RATIONAL_B_SPLINE_CURVE((0.933012701892219,0.933012701892219,1.,0.866025403784439,
1.,0.866025403784439,1.,0.933012701892219,0.933012701892219))
REPRESENTATION_ITEM('')
);
#104=(
BOUNDED_CURVE()
B_SPLINE_CURVE(2,(#2628,#2629,#2630,#2631,#2632,#2633,#2634,#2635,#2636),
 .UNSPECIFIED.,.F.,.F.)
B_SPLINE_CURVE_WITH_KNOTS((3,2,2,2,3),(0.471153846153846,0.474358974358974,
0.480769230769231,0.487179487179487,0.490384615384615),.UNSPECIFIED.)
CURVE()
GEOMETRIC_REPRESENTATION_ITEM()
RATIONAL_B_SPLINE_CURVE((0.933012701892219,0.933012701892219,1.,0.866025403784439,
1.,0.866025403784439,1.,0.933012701892219,0.933012701892219))
REPRESENTATION_ITEM('')
);
#105=(
BOUNDED_CURVE()
B_SPLINE_CURVE(2,(#2637,#2638,#2639,#2640,#2641,#2642,#2643,#2644,#2645),
 .UNSPECIFIED.,.F.,.F.)
B_SPLINE_CURVE_WITH_KNOTS((3,2,2,2,3),(0.471153846153846,0.474358974358974,
0.480769230769231,0.487179487179487,0.490384615384615),.UNSPECIFIED.)
CURVE()
GEOMETRIC_REPRESENTATION_ITEM()
RATIONAL_B_SPLINE_CURVE((0.933012701892219,0.933012701892218,1.,0.866025403784439,
1.,0.866025403784439,1.,0.933012701892219,0.933012701892219))
REPRESENTATION_ITEM('')
);
#106=(
BOUNDED_CURVE()
B_SPLINE_CURVE(2,(#2647,#2648,#2649,#2650,#2651,#2652,#2653,#2654,#2655),
 .UNSPECIFIED.,.F.,.F.)
B_SPLINE_CURVE_WITH_KNOTS((3,2,2,2,3),(0.509615384615385,0.512820512820513,
0.519230769230769,0.525641025641026,0.528846153846154),.UNSPECIFIED.)
CURVE()
GEOMETRIC_REPRESENTATION_ITEM()
RATIONAL_B_SPLINE_CURVE((0.933012701892219,0.933012701892219,1.,0.866025403784439,
1.,0.866025403784439,1.,0.933012701892217,0.933012701892219))
REPRESENTATION_ITEM('')
);
#107=(
BOUNDED_CURVE()
B_SPLINE_CURVE(2,(#2656,#2657,#2658,#2659,#2660,#2661,#2662,#2663,#2664),
 .UNSPECIFIED.,.F.,.F.)
B_SPLINE_CURVE_WITH_KNOTS((3,2,2,2,3),(0.432692307692308,0.435897435897436,
0.442307692307692,0.448717948717949,0.451923076923077),.UNSPECIFIED.)
CURVE()
GEOMETRIC_REPRESENTATION_ITEM()
RATIONAL_B_SPLINE_CURVE((0.933012701892219,0.933012701892219,1.,0.866025403784439,
1.,0.866025403784439,1.,0.933012701892218,0.933012701892219))
REPRESENTATION_ITEM('')
);
#108=(
BOUNDED_CURVE()
B_SPLINE_CURVE(2,(#2666,#2667,#2668,#2669,#2670,#2671,#2672,#2673,#2674),
 .UNSPECIFIED.,.F.,.F.)
B_SPLINE_CURVE_WITH_KNOTS((3,2,2,2,3),(0.548076923076923,0.551282051282051,
0.557692307692308,0.564102564102564,0.567307692307692),.UNSPECIFIED.)
CURVE()
GEOMETRIC_REPRESENTATION_ITEM()
RATIONAL_B_SPLINE_CURVE((0.933012701892219,0.933012701892219,1.,0.866025403784439,
1.,0.866025403784439,1.,0.933012701892219,0.933012701892219))
REPRESENTATION_ITEM('')
);
#109=(
BOUNDED_CURVE()
B_SPLINE_CURVE(2,(#2675,#2676,#2677,#2678,#2679,#2680,#2681,#2682,#2683),
 .UNSPECIFIED.,.F.,.F.)
B_SPLINE_CURVE_WITH_KNOTS((3,2,2,2,3),(0.394230769230769,0.397435897435897,
0.403846153846154,0.41025641025641,0.413461538461538),.UNSPECIFIED.)
CURVE()
GEOMETRIC_REPRESENTATION_ITEM()
RATIONAL_B_SPLINE_CURVE((0.933012701892219,0.933012701892218,1.,0.866025403784439,
1.,0.866025403784439,1.,0.933012701892219,0.933012701892219))
REPRESENTATION_ITEM('')
);
#110=(
BOUNDED_CURVE()
B_SPLINE_CURVE(2,(#2685,#2686,#2687,#2688,#2689,#2690,#2691,#2692,#2693),
 .UNSPECIFIED.,.F.,.F.)
B_SPLINE_CURVE_WITH_KNOTS((3,2,2,2,3),(0.586538461538461,0.58974358974359,
0.596153846153846,0.602564102564103,0.605769230769231),.UNSPECIFIED.)
CURVE()
GEOMETRIC_REPRESENTATION_ITEM()
RATIONAL_B_SPLINE_CURVE((0.933012701892219,0.933012701892218,1.,0.866025403784439,
1.,0.866025403784439,1.,0.933012701892219,0.933012701892219))
REPRESENTATION_ITEM('')
);
#111=(
BOUNDED_CURVE()
B_SPLINE_CURVE(2,(#2694,#2695,#2696,#2697,#2698,#2699,#2700,#2701,#2702),
 .UNSPECIFIED.,.F.,.F.)
B_SPLINE_CURVE_WITH_KNOTS((3,2,2,2,3),(0.355769230769231,0.358974358974359,
0.365384615384615,0.371794871794872,0.375),.UNSPECIFIED.)
CURVE()
GEOMETRIC_REPRESENTATION_ITEM()
RATIONAL_B_SPLINE_CURVE((0.933012701892219,0.933012701892218,1.,0.866025403784439,
1.,0.866025403784439,1.,0.933012701892218,0.933012701892219))
REPRESENTATION_ITEM('')
);
#112=(
BOUNDED_CURVE()
B_SPLINE_CURVE(2,(#2704,#2705,#2706,#2707,#2708,#2709,#2710,#2711,#2712),
 .UNSPECIFIED.,.F.,.F.)
B_SPLINE_CURVE_WITH_KNOTS((3,2,2,2,3),(0.625,0.628205128205128,0.634615384615385,
0.641025641025641,0.644230769230769),.UNSPECIFIED.)
CURVE()
GEOMETRIC_REPRESENTATION_ITEM()
RATIONAL_B_SPLINE_CURVE((0.933012701892219,0.933012701892219,1.,0.866025403784439,
1.,0.866025403784439,1.,0.933012701892217,0.933012701892219))
REPRESENTATION_ITEM('')
);
#113=(
BOUNDED_CURVE()
B_SPLINE_CURVE(2,(#2713,#2714,#2715,#2716,#2717,#2718,#2719,#2720,#2721),
 .UNSPECIFIED.,.F.,.F.)
B_SPLINE_CURVE_WITH_KNOTS((3,2,2,2,3),(0.317307692307692,0.320512820512821,
0.326923076923077,0.333333333333333,0.336538461538462),.UNSPECIFIED.)
CURVE()
GEOMETRIC_REPRESENTATION_ITEM()
RATIONAL_B_SPLINE_CURVE((0.933012701892219,0.933012701892219,1.,0.866025403784439,
1.,0.866025403784439,1.,0.933012701892219,0.933012701892219))
REPRESENTATION_ITEM('')
);
#114=(
BOUNDED_CURVE()
B_SPLINE_CURVE(2,(#2723,#2724,#2725,#2726,#2727,#2728,#2729,#2730,#2731),
 .UNSPECIFIED.,.F.,.F.)
B_SPLINE_CURVE_WITH_KNOTS((3,2,2,2,3),(0.663461538461538,0.666666666666667,
0.673076923076923,0.67948717948718,0.682692307692308),.UNSPECIFIED.)
CURVE()
GEOMETRIC_REPRESENTATION_ITEM()
RATIONAL_B_SPLINE_CURVE((0.933012701892219,0.933012701892218,1.,0.866025403784439,
1.,0.866025403784439,1.,0.933012701892219,0.933012701892219))
REPRESENTATION_ITEM('')
);
#115=(
BOUNDED_CURVE()
B_SPLINE_CURVE(2,(#2732,#2733,#2734,#2735,#2736,#2737,#2738,#2739,#2740),
 .UNSPECIFIED.,.F.,.F.)
B_SPLINE_CURVE_WITH_KNOTS((3,2,2,2,3),(0.278846153846154,0.282051282051282,
0.288461538461538,0.294871794871795,0.298076923076923),.UNSPECIFIED.)
CURVE()
GEOMETRIC_REPRESENTATION_ITEM()
RATIONAL_B_SPLINE_CURVE((0.933012701892219,0.933012701892218,1.,0.866025403784439,
1.,0.866025403784439,1.,0.933012701892218,0.933012701892219))
REPRESENTATION_ITEM('')
);
#116=(
BOUNDED_CURVE()
B_SPLINE_CURVE(2,(#2742,#2743,#2744,#2745,#2746,#2747,#2748,#2749,#2750),
 .UNSPECIFIED.,.F.,.F.)
B_SPLINE_CURVE_WITH_KNOTS((3,2,2,2,3),(0.701923076923077,0.705128205128205,
0.711538461538462,0.717948717948718,0.721153846153846),.UNSPECIFIED.)
CURVE()
GEOMETRIC_REPRESENTATION_ITEM()
RATIONAL_B_SPLINE_CURVE((0.933012701892219,0.933012701892217,1.,0.866025403784439,
1.,0.866025403784439,1.,0.933012701892217,0.933012701892219))
REPRESENTATION_ITEM('')
);
#117=(
BOUNDED_CURVE()
B_SPLINE_CURVE(2,(#2751,#2752,#2753,#2754,#2755,#2756,#2757,#2758,#2759),
 .UNSPECIFIED.,.F.,.F.)
B_SPLINE_CURVE_WITH_KNOTS((3,2,2,2,3),(0.240384615384615,0.243589743589744,
0.25,0.256410256410256,0.259615384615385),.UNSPECIFIED.)
CURVE()
GEOMETRIC_REPRESENTATION_ITEM()
RATIONAL_B_SPLINE_CURVE((0.933012701892219,0.933012701892218,1.,0.866025403784439,
1.,0.866025403784439,1.,0.933012701892219,0.933012701892219))
REPRESENTATION_ITEM('')
);
#118=(
BOUNDED_CURVE()
B_SPLINE_CURVE(2,(#2761,#2762,#2763,#2764,#2765,#2766,#2767,#2768,#2769),
 .UNSPECIFIED.,.F.,.F.)
B_SPLINE_CURVE_WITH_KNOTS((3,2,2,2,3),(0.740384615384615,0.743589743589744,
0.75,0.756410256410256,0.759615384615385),.UNSPECIFIED.)
CURVE()
GEOMETRIC_REPRESENTATION_ITEM()
RATIONAL_B_SPLINE_CURVE((0.933012701892219,0.933012701892219,1.,0.866025403784439,
1.,0.866025403784439,1.,0.933012701892217,0.933012701892219))
REPRESENTATION_ITEM('')
);
#119=(
BOUNDED_CURVE()
B_SPLINE_CURVE(2,(#2770,#2771,#2772,#2773,#2774,#2775,#2776,#2777,#2778),
 .UNSPECIFIED.,.F.,.F.)
B_SPLINE_CURVE_WITH_KNOTS((3,2,2,2,3),(0.201923076923077,0.205128205128205,
0.211538461538462,0.217948717948718,0.221153846153846),.UNSPECIFIED.)
CURVE()
GEOMETRIC_REPRESENTATION_ITEM()
RATIONAL_B_SPLINE_CURVE((0.933012701892219,0.933012701892218,1.,0.866025403784439,
1.,0.866025403784439,1.,0.933012701892219,0.933012701892219))
REPRESENTATION_ITEM('')
);
#120=(
BOUNDED_CURVE()
B_SPLINE_CURVE(2,(#2780,#2781,#2782,#2783,#2784,#2785,#2786,#2787,#2788),
 .UNSPECIFIED.,.F.,.F.)
B_SPLINE_CURVE_WITH_KNOTS((3,2,2,2,3),(0.778846153846154,0.782051282051282,
0.788461538461538,0.794871794871795,0.798076923076923),.UNSPECIFIED.)
CURVE()
GEOMETRIC_REPRESENTATION_ITEM()
RATIONAL_B_SPLINE_CURVE((0.933012701892219,0.933012701892217,1.,0.866025403784439,
1.,0.866025403784439,1.,0.933012701892219,0.933012701892219))
REPRESENTATION_ITEM('')
);
#121=(
BOUNDED_CURVE()
B_SPLINE_CURVE(2,(#2789,#2790,#2791,#2792,#2793,#2794,#2795,#2796,#2797),
 .UNSPECIFIED.,.F.,.F.)
B_SPLINE_CURVE_WITH_KNOTS((3,2,2,2,3),(0.163461538461538,0.166666666666667,
0.173076923076923,0.179487179487179,0.182692307692308),.UNSPECIFIED.)
CURVE()
GEOMETRIC_REPRESENTATION_ITEM()
RATIONAL_B_SPLINE_CURVE((0.933012701892219,0.933012701892219,1.,0.866025403784439,
1.,0.866025403784439,1.,0.933012701892219,0.933012701892219))
REPRESENTATION_ITEM('')
);
#122=(
BOUNDED_CURVE()
B_SPLINE_CURVE(2,(#2799,#2800,#2801,#2802,#2803,#2804,#2805,#2806,#2807),
 .UNSPECIFIED.,.F.,.F.)
B_SPLINE_CURVE_WITH_KNOTS((3,2,2,2,3),(0.817307692307692,0.82051282051282,
0.826923076923077,0.833333333333333,0.836538461538462),.UNSPECIFIED.)
CURVE()
GEOMETRIC_REPRESENTATION_ITEM()
RATIONAL_B_SPLINE_CURVE((0.933012701892219,0.933012701892219,1.,0.866025403784439,
1.,0.866025403784439,1.,0.933012701892219,0.933012701892219))
REPRESENTATION_ITEM('')
);
#123=(
BOUNDED_CURVE()
B_SPLINE_CURVE(2,(#2808,#2809,#2810,#2811,#2812,#2813,#2814,#2815,#2816),
 .UNSPECIFIED.,.F.,.F.)
B_SPLINE_CURVE_WITH_KNOTS((3,2,2,2,3),(0.125,0.128205128205128,0.134615384615385,
0.141025641025641,0.144230769230769),.UNSPECIFIED.)
CURVE()
GEOMETRIC_REPRESENTATION_ITEM()
RATIONAL_B_SPLINE_CURVE((0.933012701892219,0.933012701892219,1.,0.866025403784439,
1.,0.866025403784439,1.,0.933012701892219,0.933012701892219))
REPRESENTATION_ITEM('')
);
#124=(
BOUNDED_CURVE()
B_SPLINE_CURVE(2,(#2818,#2819,#2820,#2821,#2822,#2823,#2824,#2825,#2826),
 .UNSPECIFIED.,.F.,.F.)
B_SPLINE_CURVE_WITH_KNOTS((3,2,2,2,3),(0.855769230769231,0.858974358974359,
0.865384615384615,0.871794871794872,0.875),.UNSPECIFIED.)
CURVE()
GEOMETRIC_REPRESENTATION_ITEM()
RATIONAL_B_SPLINE_CURVE((0.933012701892219,0.933012701892218,1.,0.866025403784439,
1.,0.866025403784439,1.,0.933012701892219,0.933012701892219))
REPRESENTATION_ITEM('')
);
#125=(
BOUNDED_CURVE()
B_SPLINE_CURVE(2,(#2827,#2828,#2829,#2830,#2831,#2832,#2833,#2834,#2835),
 .UNSPECIFIED.,.F.,.F.)
B_SPLINE_CURVE_WITH_KNOTS((3,2,2,2,3),(0.0865384615384615,0.0897435897435897,
0.0961538461538462,0.102564102564103,0.105769230769231),.UNSPECIFIED.)
CURVE()
GEOMETRIC_REPRESENTATION_ITEM()
RATIONAL_B_SPLINE_CURVE((0.933012701892219,0.933012701892218,1.,0.866025403784439,
1.,0.866025403784439,1.,0.933012701892219,0.933012701892219))
REPRESENTATION_ITEM('')
);
#126=(
BOUNDED_CURVE()
B_SPLINE_CURVE(2,(#2838,#2839,#2840,#2841,#2842,#2843,#2844,#2845,#2846),
 .UNSPECIFIED.,.F.,.F.)
B_SPLINE_CURVE_WITH_KNOTS((3,2,2,2,3),(0.894230769230769,0.897435897435897,
0.903846153846154,0.91025641025641,0.913461538461539),.UNSPECIFIED.)
CURVE()
GEOMETRIC_REPRESENTATION_ITEM()
RATIONAL_B_SPLINE_CURVE((0.933012701892219,0.933012701892218,1.,0.866025403784439,
1.,0.866025403784439,1.,0.933012701892217,0.933012701892219))
REPRESENTATION_ITEM('')
);
#127=(
BOUNDED_CURVE()
B_SPLINE_CURVE(2,(#2849,#2850,#2851,#2852,#2853,#2854,#2855,#2856,#2857),
 .UNSPECIFIED.,.F.,.F.)
B_SPLINE_CURVE_WITH_KNOTS((3,2,2,2,3),(0.048076923076923,0.0512820512820513,
0.0576923076923077,0.0641025641025641,0.0673076923076923),.UNSPECIFIED.)
CURVE()
GEOMETRIC_REPRESENTATION_ITEM()
RATIONAL_B_SPLINE_CURVE((0.933012701892219,0.933012701892219,1.,0.866025403784439,
1.,0.866025403784439,1.,0.933012701892219,0.933012701892219))
REPRESENTATION_ITEM('')
);
#128=(
BOUNDED_CURVE()
B_SPLINE_CURVE(2,(#3119,#3120,#3121,#3122,#3123,#3124,#3125),
 .UNSPECIFIED.,.F.,.F.)
B_SPLINE_CURVE_WITH_KNOTS((3,2,2,3),(0.913461538461539,0.916666666666667,
0.923076923076923,0.927801386555645),.UNSPECIFIED.)
CURVE()
GEOMETRIC_REPRESENTATION_ITEM()
RATIONAL_B_SPLINE_CURVE((0.933012701892219,0.933012701892222,1.,0.866025403784439,
1.,0.901258538444085,0.948065210722602))
REPRESENTATION_ITEM('')
);
#129=(
BOUNDED_CURVE()
B_SPLINE_CURVE(2,(#3128,#3129,#3130,#3131,#3132),.UNSPECIFIED.,.F.,.F.)
B_SPLINE_CURVE_WITH_KNOTS((3,2,3),(0.0384615384615385,0.0448717948717949,
0.048076923076923),.UNSPECIFIED.)
CURVE()
GEOMETRIC_REPRESENTATION_ITEM()
RATIONAL_B_SPLINE_CURVE((1.,0.866025403784439,1.,0.93301270189222,0.933012701892219))
REPRESENTATION_ITEM('')
);
#130=(
BOUNDED_CURVE()
B_SPLINE_CURVE(2,(#3759,#3760,#3761,#3762,#3763,#3764,#3765,#3766,#3767,
#3768,#3769,#3770,#3771,#3772,#3773,#3774,#3775,#3776,#3777,#3778,#3779,
#3780,#3781,#3782,#3783,#3784,#3785,#3786,#3787,#3788,#3789,#3790,#3791,
#3792,#3793,#3794,#3795,#3796,#3797,#3798,#3799,#3800,#3801,#3802,#3803,
#3804,#3805,#3806,#3807,#3808,#3809,#3810,#3811,#3812,#3813,#3814,#3815,
#3816,#3817,#3818,#3819,#3820,#3821,#3822,#3823,#3824,#3825,#3826,#3827,
#3828,#3829,#3830,#3831,#3832,#3833,#3834,#3835,#3836,#3837,#3838,#3839,
#3840,#3841,#3842,#3843,#3844,#3845,#3846,#3847,#3848,#3849,#3850,#3851,
#3852,#3853,#3854,#3855,#3856,#3857,#3858,#3859,#3860,#3861,#3862,#3863,
#3864,#3865,#3866,#3867,#3868,#3869,#3870,#3871,#3872,#3873,#3874,#3875,
#3876,#3877,#3878,#3879,#3880,#3881,#3882,#3883,#3884,#3885,#3886,#3887,
#3888,#3889,#3890,#3891,#3892,#3893,#3894,#3895,#3896,#3897,#3898,#3899,
#3900,#3901,#3902,#3903,#3904,#3905,#3906,#3907,#3908,#3909,#3910,#3911,
#3912,#3913,#3914,#3915,#3916,#3917,#3918,#3919,#3920,#3921,#3922,#3923,
#3924,#3925,#3926,#3927,#3928,#3929,#3930,#3931,#3932,#3933,#3934,#3935,
#3936,#3937,#3938,#3939,#3940,#3941,#3942,#3943,#3944,#3945,#3946,#3947,
#3948,#3949,#3950,#3951,#3952,#3953,#3954,#3955,#3956,#3957,#3958,#3959,
#3960,#3961,#3962,#3963,#3964,#3965,#3966,#3967,#3968,#3969,#3970,#3971,
#3972,#3973,#3974,#3975,#3976,#3977,#3978,#3979,#3980,#3981,#3982,#3983,
#3984,#3985,#3986,#3987,#3988,#3989,#3990,#3991,#3992,#3993,#3994,#3995,
#3996,#3997,#3998,#3999,#4000,#4001,#4002,#4003,#4004,#4005,#4006,#4007,
#4008,#4009,#4010,#4011,#4012,#4013,#4014,#4015,#4016,#4017,#4018,#4019,
#4020,#4021,#4022,#4023,#4024,#4025,#4026,#4027,#4028,#4029,#4030,#4031),
 .UNSPECIFIED.,.F.,.F.)
B_SPLINE_CURVE_WITH_KNOTS((3,2,2,2,2,2,2,2,2,2,2,2,2,2,2,2,2,2,2,2,2,2,
2,2,2,2,2,2,2,2,2,2,2,2,2,2,2,2,2,2,2,2,2,2,2,2,2,2,2,2,2,2,2,2,2,2,2,2,
2,2,2,2,2,2,2,2,2,2,2,2,2,2,2,2,2,2,2,2,2,2,2,2,2,2,2,2,2,2,2,2,2,2,2,2,
2,2,2,2,2,2,2,2,2,2,2,2,2,2,2,2,2,2,2,2,2,2,2,2,2,2,2,2,2,2,2,2,2,2,2,2,
2,2,2,2,2,2,3),(0.0279614721962008,0.032051282051282,0.0384615384615385,
0.0448717948717949,0.0512820512820513,0.0576923076923077,0.0641025641025641,
0.0705128205128205,0.0769230769230769,0.0833333333333333,0.0897435897435897,
0.0961538461538462,0.102564102564103,0.108974358974359,0.115384615384615,
0.121794871794872,0.128205128205128,0.134615384615385,0.141025641025641,
0.147435897435897,0.153846153846154,0.16025641025641,0.166666666666667,
0.173076923076923,0.179487179487179,0.185897435897436,0.192307692307692,
0.198717948717949,0.205128205128205,0.211538461538462,0.217948717948718,
0.224358974358974,0.230769230769231,0.237179487179487,0.243589743589744,
0.25,0.256410256410256,0.262820512820513,0.269230769230769,0.275641025641026,
0.282051282051282,0.288461538461538,0.294871794871795,0.301282051282051,
0.307692307692308,0.314102564102564,0.320512820512821,0.326923076923077,
0.333333333333333,0.33974358974359,0.346153846153846,0.352564102564103,
0.358974358974359,0.365384615384615,0.371794871794872,0.378205128205128,
0.384615384615385,0.391025641025641,0.397435897435897,0.403846153846154,
0.41025641025641,0.416666666666667,0.423076923076923,0.429487179487179,
0.435897435897436,0.442307692307692,0.448717948717949,0.455128205128205,
0.461538461538462,0.467948717948718,0.474358974358974,0.480769230769231,
0.487179487179487,0.493589743589744,0.5,0.506410256410256,0.512820512820513,
0.519230769230769,0.525641025641026,0.532051282051282,0.538461538461538,
0.544871794871795,0.551282051282051,0.557692307692308,0.564102564102564,
0.57051282051282,0.576923076923077,0.583333333333333,0.58974358974359,0.596153846153846,
0.602564102564103,0.608974358974359,0.615384615384615,0.621794871794872,
0.628205128205128,0.634615384615385,0.641025641025641,0.647435897435897,
0.653846153846154,0.66025641025641,0.666666666666667,0.673076923076923,
0.67948717948718,0.685897435897436,0.692307692307692,0.698717948717949,
0.705128205128205,0.711538461538462,0.717948717948718,0.724358974358974,
0.730769230769231,0.737179487179487,0.743589743589744,0.75,0.756410256410256,
0.762820512820513,0.769230769230769,0.775641025641026,0.782051282051282,
0.788461538461538,0.794871794871795,0.801282051282051,0.807692307692308,
0.814102564102564,0.82051282051282,0.826923076923077,0.833333333333333,
0.83974358974359,0.846153846153846,0.852564102564102,0.858974358974359,
0.865384615384615,0.871794871794872,0.878205128205128,0.884615384615385,
0.891025641025641,0.893926677548787),.UNSPECIFIED.)
CURVE()
GEOMETRIC_REPRESENTATION_ITEM()
RATIONAL_B_SPLINE_CURVE((0.938116290832813,0.914522822666462,1.,0.866025403784439,
1.,0.866025403784439,1.,0.866025403784439,1.,0.866025403784439,1.,0.866025403784439,
1.,0.866025403784439,1.,0.866025403784439,1.,0.866025403784439,1.,0.866025403784439,
1.,0.866025403784439,1.,0.866025403784439,1.,0.866025403784439,1.,0.866025403784439,
1.,0.866025403784439,1.,0.866025403784439,1.,0.866025403784439,1.,0.866025403784439,
1.,0.866025403784439,1.,0.866025403784439,1.,0.866025403784439,1.,0.866025403784439,
1.,0.866025403784439,1.,0.866025403784439,1.,0.866025403784439,1.,0.866025403784439,
1.,0.866025403784439,1.,0.866025403784439,1.,0.866025403784439,1.,0.866025403784439,
1.,0.866025403784439,1.,0.866025403784439,1.,0.866025403784439,1.,0.866025403784439,
1.,0.866025403784439,1.,0.866025403784439,1.,0.866025403784439,1.,0.866025403784439,
1.,0.866025403784439,1.,0.866025403784439,1.,0.866025403784439,1.,0.866025403784439,
1.,0.866025403784439,1.,0.866025403784439,1.,0.866025403784439,1.,0.866025403784439,
1.,0.866025403784439,1.,0.866025403784439,1.,0.866025403784439,1.,0.866025403784439,
1.,0.866025403784439,1.,0.866025403784439,1.,0.866025403784439,1.,0.866025403784439,
1.,0.866025403784439,1.,0.866025403784439,1.,0.866025403784439,1.,0.866025403784439,
1.,0.866025403784439,1.,0.866025403784439,1.,0.866025403784439,1.,0.866025403784439,
1.,0.866025403784439,1.,0.866025403784439,1.,0.866025403784439,1.,0.866025403784439,
1.,0.866025403784439,1.,0.866025403784439,1.,0.866025403784439,1.,0.866025403784439,
1.,0.866025403784439,1.,0.866025403784439,1.,0.866025403784439,1.,0.866025403784439,
1.,0.866025403784439,1.,0.866025403784439,1.,0.866025403784439,1.,0.866025403784439,
1.,0.866025403784439,1.,0.866025403784439,1.,0.866025403784439,1.,0.866025403784439,
1.,0.866025403784439,1.,0.866025403784439,1.,0.866025403784439,1.,0.866025403784439,
1.,0.866025403784439,1.,0.866025403784439,1.,0.866025403784439,1.,0.866025403784439,
1.,0.866025403784439,1.,0.866025403784439,1.,0.866025403784439,1.,0.866025403784439,
1.,0.866025403784439,1.,0.866025403784439,1.,0.866025403784439,1.,0.866025403784439,
1.,0.866025403784439,1.,0.866025403784439,1.,0.866025403784439,1.,0.866025403784439,
1.,0.866025403784439,1.,0.866025403784439,1.,0.866025403784439,1.,0.866025403784439,
1.,0.866025403784439,1.,0.866025403784439,1.,0.866025403784439,1.,0.866025403784439,
1.,0.866025403784439,1.,0.866025403784439,1.,0.866025403784439,1.,0.866025403784439,
1.,0.866025403784439,1.,0.866025403784439,1.,0.866025403784439,1.,0.866025403784439,
1.,0.866025403784439,1.,0.866025403784439,1.,0.866025403784439,1.,0.866025403784439,
1.,0.866025403784439,1.,0.866025403784439,1.,0.866025403784439,1.,0.866025403784439,
1.,0.866025403784439,1.,0.866025403784439,1.,0.866025403784439,1.,0.866025403784439,
1.,0.866025403784439,1.,0.866025403784439,1.,0.866025403784439,1.,0.866025403784439,
1.,0.866025403784439,1.,0.939368229299979,0.933615692754245))
REPRESENTATION_ITEM('')
);
#131=(
BOUNDED_CURVE()
B_SPLINE_CURVE(2,(#4032,#4033,#4034,#4035,#4036,#4037,#4038,#4039,#4040,
#4041,#4042,#4043,#4044,#4045,#4046,#4047,#4048,#4049,#4050,#4051,#4052,
#4053,#4054,#4055,#4056,#4057,#4058,#4059,#4060,#4061,#4062,#4063,#4064,
#4065,#4066,#4067,#4068,#4069,#4070,#4071,#4072,#4073,#4074,#4075,#4076,
#4077,#4078,#4079,#4080,#4081,#4082,#4083,#4084,#4085,#4086,#4087,#4088,
#4089,#4090,#4091,#4092,#4093,#4094,#4095,#4096,#4097,#4098,#4099,#4100,
#4101,#4102,#4103,#4104,#4105,#4106,#4107,#4108,#4109,#4110,#4111,#4112,
#4113,#4114,#4115,#4116,#4117,#4118,#4119,#4120,#4121,#4122,#4123,#4124,
#4125,#4126,#4127,#4128,#4129,#4130,#4131,#4132,#4133,#4134,#4135,#4136,
#4137,#4138,#4139,#4140,#4141,#4142,#4143,#4144,#4145,#4146,#4147,#4148,
#4149,#4150,#4151,#4152,#4153,#4154,#4155,#4156,#4157,#4158,#4159,#4160,
#4161,#4162,#4163,#4164,#4165,#4166,#4167,#4168,#4169,#4170,#4171,#4172,
#4173,#4174,#4175,#4176,#4177,#4178,#4179,#4180,#4181,#4182,#4183,#4184,
#4185,#4186,#4187,#4188,#4189,#4190,#4191,#4192,#4193,#4194,#4195,#4196,
#4197,#4198,#4199,#4200,#4201,#4202,#4203,#4204,#4205,#4206,#4207,#4208,
#4209,#4210,#4211,#4212,#4213,#4214,#4215,#4216,#4217,#4218,#4219,#4220,
#4221,#4222,#4223,#4224,#4225,#4226,#4227,#4228,#4229,#4230,#4231,#4232,
#4233,#4234,#4235,#4236,#4237,#4238,#4239,#4240,#4241,#4242,#4243,#4244,
#4245,#4246,#4247,#4248,#4249,#4250,#4251,#4252,#4253,#4254,#4255,#4256,
#4257,#4258,#4259,#4260,#4261,#4262,#4263,#4264,#4265,#4266,#4267,#4268,
#4269,#4270,#4271,#4272,#4273,#4274,#4275,#4276,#4277,#4278,#4279,#4280,
#4281,#4282,#4283,#4284,#4285,#4286,#4287,#4288,#4289,#4290,#4291,#4292,
#4293,#4294,#4295,#4296,#4297,#4298,#4299,#4300,#4301,#4302,#4303,#4304),
 .UNSPECIFIED.,.F.,.F.)
B_SPLINE_CURVE_WITH_KNOTS((3,2,2,2,2,2,2,2,2,2,2,2,2,2,2,2,2,2,2,2,2,2,
2,2,2,2,2,2,2,2,2,2,2,2,2,2,2,2,2,2,2,2,2,2,2,2,2,2,2,2,2,2,2,2,2,2,2,2,
2,2,2,2,2,2,2,2,2,2,2,2,2,2,2,2,2,2,2,2,2,2,2,2,2,2,2,2,2,2,2,2,2,2,2,2,
2,2,2,2,2,2,2,2,2,2,2,2,2,2,2,2,2,2,2,2,2,2,2,2,2,2,2,2,2,2,2,2,2,2,2,2,
2,2,2,2,2,2,3),(0.0327794891754885,0.0384615384615385,0.0448717948717949,
0.0512820512820513,0.0576923076923077,0.0641025641025641,0.0705128205128205,
0.0769230769230769,0.0833333333333333,0.0897435897435897,0.0961538461538462,
0.102564102564103,0.108974358974359,0.115384615384615,0.121794871794872,
0.128205128205128,0.134615384615385,0.141025641025641,0.147435897435897,
0.153846153846154,0.16025641025641,0.166666666666667,0.173076923076923,
0.179487179487179,0.185897435897436,0.192307692307692,0.198717948717949,
0.205128205128205,0.211538461538462,0.217948717948718,0.224358974358974,
0.230769230769231,0.237179487179487,0.243589743589744,0.25,0.256410256410256,
0.262820512820513,0.269230769230769,0.275641025641026,0.282051282051282,
0.288461538461538,0.294871794871795,0.301282051282051,0.307692307692308,
0.314102564102564,0.320512820512821,0.326923076923077,0.333333333333333,
0.33974358974359,0.346153846153846,0.352564102564103,0.358974358974359,
0.365384615384615,0.371794871794872,0.378205128205128,0.384615384615385,
0.391025641025641,0.397435897435897,0.403846153846154,0.41025641025641,
0.416666666666667,0.423076923076923,0.429487179487179,0.435897435897436,
0.442307692307692,0.448717948717949,0.455128205128205,0.461538461538462,
0.467948717948718,0.474358974358974,0.480769230769231,0.487179487179487,
0.493589743589744,0.5,0.506410256410256,0.512820512820513,0.519230769230769,
0.525641025641026,0.532051282051282,0.538461538461538,0.544871794871795,
0.551282051282051,0.557692307692308,0.564102564102564,0.57051282051282,
0.576923076923077,0.583333333333333,0.58974358974359,0.596153846153846,
0.602564102564103,0.608974358974359,0.615384615384615,0.621794871794872,
0.628205128205128,0.634615384615385,0.641025641025641,0.647435897435897,
0.653846153846154,0.66025641025641,0.666666666666667,0.673076923076923,
0.67948717948718,0.685897435897436,0.692307692307692,0.698717948717949,
0.705128205128205,0.711538461538462,0.717948717948718,0.724358974358974,
0.730769230769231,0.737179487179487,0.743589743589744,0.75,0.756410256410256,
0.762820512820513,0.769230769230769,0.775641025641026,0.782051282051282,
0.788461538461538,0.794871794871795,0.801282051282051,0.807692307692308,
0.814102564102564,0.82051282051282,0.826923076923077,0.833333333333333,
0.83974358974359,0.846153846153846,0.852564102564103,0.858974358974359,
0.865384615384615,0.871794871794872,0.878205128205128,0.884615384615385,
0.891025641025641,0.897435897435897,0.898799265908441),.UNSPECIFIED.)
CURVE()
GEOMETRIC_REPRESENTATION_ITEM()
RATIONAL_B_SPLINE_CURVE((0.973018780873183,0.881244959631027,1.,0.866025403784439,
1.,0.866025403784439,1.,0.866025403784439,1.,0.866025403784439,1.,0.866025403784439,
1.,0.866025403784439,1.,0.866025403784439,1.,0.866025403784439,1.,0.866025403784439,
1.,0.866025403784439,1.,0.866025403784439,1.,0.866025403784439,1.,0.866025403784439,
1.,0.866025403784439,1.,0.866025403784439,1.,0.866025403784439,1.,0.866025403784439,
1.,0.866025403784439,1.,0.866025403784439,1.,0.866025403784439,1.,0.866025403784439,
1.,0.866025403784439,1.,0.866025403784439,1.,0.866025403784439,1.,0.866025403784439,
1.,0.866025403784439,1.,0.866025403784439,1.,0.866025403784439,1.,0.866025403784439,
1.,0.866025403784439,1.,0.866025403784439,1.,0.866025403784439,1.,0.866025403784439,
1.,0.866025403784439,1.,0.866025403784439,1.,0.866025403784439,1.,0.866025403784439,
1.,0.866025403784439,1.,0.866025403784439,1.,0.866025403784439,1.,0.866025403784439,
1.,0.866025403784439,1.,0.866025403784439,1.,0.866025403784439,1.,0.866025403784439,
1.,0.866025403784439,1.,0.866025403784439,1.,0.866025403784439,1.,0.866025403784439,
1.,0.866025403784439,1.,0.866025403784439,1.,0.866025403784439,1.,0.866025403784439,
1.,0.866025403784439,1.,0.866025403784439,1.,0.866025403784439,1.,0.866025403784439,
1.,0.866025403784439,1.,0.866025403784439,1.,0.866025403784439,1.,0.866025403784439,
1.,0.866025403784439,1.,0.866025403784439,1.,0.866025403784439,1.,0.866025403784439,
1.,0.866025403784439,1.,0.866025403784439,1.,0.866025403784439,1.,0.866025403784439,
1.,0.866025403784439,1.,0.866025403784439,1.,0.866025403784439,1.,0.866025403784439,
1.,0.866025403784439,1.,0.866025403784439,1.,0.866025403784439,1.,0.866025403784439,
1.,0.866025403784439,1.,0.866025403784439,1.,0.866025403784439,1.,0.866025403784439,
1.,0.866025403784439,1.,0.866025403784439,1.,0.866025403784439,1.,0.866025403784439,
1.,0.866025403784439,1.,0.866025403784439,1.,0.866025403784439,1.,0.866025403784439,
1.,0.866025403784439,1.,0.866025403784439,1.,0.866025403784439,1.,0.866025403784439,
1.,0.866025403784439,1.,0.866025403784439,1.,0.866025403784439,1.,0.866025403784439,
1.,0.866025403784439,1.,0.866025403784439,1.,0.866025403784439,1.,0.866025403784439,
1.,0.866025403784439,1.,0.866025403784439,1.,0.866025403784439,1.,0.866025403784439,
1.,0.866025403784439,1.,0.866025403784439,1.,0.866025403784439,1.,0.866025403784439,
1.,0.866025403784439,1.,0.866025403784439,1.,0.866025403784439,1.,0.866025403784439,
1.,0.866025403784439,1.,0.866025403784439,1.,0.866025403784439,1.,0.866025403784439,
1.,0.866025403784439,1.,0.866025403784439,1.,0.866025403784439,1.,0.866025403784439,
1.,0.866025403784439,1.,0.866025403784439,1.,0.866025403784439,1.,0.866025403784439,
1.,0.866025403784439,1.,0.866025403784439,1.,0.866025403784439,1.,0.866025403784439,
1.,0.866025403784439,1.,0.866025403784439,1.,0.866025403784439,1.,0.866025403784439,
1.,0.866025403784439,1.,0.971505548466093,0.955131809233671))
REPRESENTATION_ITEM('')
);
#132=CYLINDRICAL_SURFACE('',#1418,1.);
#133=CYLINDRICAL_SURFACE('',#1419,1.);
#134=CYLINDRICAL_SURFACE('',#1420,1.);
#135=CYLINDRICAL_SURFACE('',#1421,1.);
#136=CYLINDRICAL_SURFACE('',#1422,1.);
#137=CYLINDRICAL_SURFACE('',#1423,1.);
#138=CYLINDRICAL_SURFACE('',#1424,1.);
#139=CYLINDRICAL_SURFACE('',#1425,1.);
#140=CYLINDRICAL_SURFACE('',#1426,1.);
#141=CYLINDRICAL_SURFACE('',#1427,1.);
#142=CYLINDRICAL_SURFACE('',#1428,1.);
#143=CYLINDRICAL_SURFACE('',#1429,1.);
#144=CYLINDRICAL_SURFACE('',#1430,1.);
#145=CYLINDRICAL_SURFACE('',#1431,1.);
#146=CYLINDRICAL_SURFACE('',#1432,1.);
#147=CYLINDRICAL_SURFACE('',#1433,1.);
#148=CYLINDRICAL_SURFACE('',#1434,1.);
#149=CYLINDRICAL_SURFACE('',#1435,1.);
#150=CYLINDRICAL_SURFACE('',#1436,1.);
#151=CYLINDRICAL_SURFACE('',#1437,1.);
#152=CYLINDRICAL_SURFACE('',#1438,1.);
#153=CYLINDRICAL_SURFACE('',#1439,1.);
#154=CYLINDRICAL_SURFACE('',#1440,1.);
#155=CYLINDRICAL_SURFACE('',#1441,1.);
#156=CYLINDRICAL_SURFACE('',#1443,1.);
#157=CYLINDRICAL_SURFACE('',#1444,1.);
#158=CYLINDRICAL_SURFACE('',#1445,1.);
#159=CYLINDRICAL_SURFACE('',#1446,1.);
#160=CYLINDRICAL_SURFACE('',#1447,1.);
#161=CYLINDRICAL_SURFACE('',#1448,1.);
#162=CYLINDRICAL_SURFACE('',#1449,1.);
#163=CYLINDRICAL_SURFACE('',#1450,1.);
#164=CYLINDRICAL_SURFACE('',#1451,1.);
#165=CYLINDRICAL_SURFACE('',#1452,1.);
#166=CYLINDRICAL_SURFACE('',#1453,1.);
#167=CYLINDRICAL_SURFACE('',#1454,1.);
#168=CYLINDRICAL_SURFACE('',#1455,1.);
#169=CYLINDRICAL_SURFACE('',#1456,1.);
#170=CYLINDRICAL_SURFACE('',#1457,1.);
#171=CYLINDRICAL_SURFACE('',#1458,1.);
#172=CYLINDRICAL_SURFACE('',#1459,1.);
#173=CYLINDRICAL_SURFACE('',#1460,1.);
#174=CYLINDRICAL_SURFACE('',#1461,1.);
#175=CYLINDRICAL_SURFACE('',#1462,1.);
#176=CYLINDRICAL_SURFACE('',#1463,1.);
#177=CYLINDRICAL_SURFACE('',#1464,1.);
#178=CYLINDRICAL_SURFACE('',#1465,1.);
#179=CYLINDRICAL_SURFACE('',#1476,1.9);
#180=CYLINDRICAL_SURFACE('',#1497,1.9);
#181=CYLINDRICAL_SURFACE('',#1504,1.);
#182=FACE_OUTER_BOUND('',#259,.T.);
#183=FACE_OUTER_BOUND('',#260,.T.);
#184=FACE_OUTER_BOUND('',#261,.T.);
#185=FACE_OUTER_BOUND('',#262,.T.);
#186=FACE_OUTER_BOUND('',#263,.T.);
#187=FACE_OUTER_BOUND('',#264,.T.);
#188=FACE_OUTER_BOUND('',#265,.T.);
#189=FACE_OUTER_BOUND('',#266,.T.);
#190=FACE_OUTER_BOUND('',#267,.T.);
#191=FACE_OUTER_BOUND('',#268,.T.);
#192=FACE_OUTER_BOUND('',#269,.T.);
#193=FACE_OUTER_BOUND('',#270,.T.);
#194=FACE_OUTER_BOUND('',#271,.T.);
#195=FACE_OUTER_BOUND('',#272,.T.);
#196=FACE_OUTER_BOUND('',#273,.T.);
#197=FACE_OUTER_BOUND('',#274,.T.);
#198=FACE_OUTER_BOUND('',#275,.T.);
#199=FACE_OUTER_BOUND('',#276,.T.);
#200=FACE_OUTER_BOUND('',#277,.T.);
#201=FACE_OUTER_BOUND('',#278,.T.);
#202=FACE_OUTER_BOUND('',#279,.T.);
#203=FACE_OUTER_BOUND('',#280,.T.);
#204=FACE_OUTER_BOUND('',#281,.T.);
#205=FACE_OUTER_BOUND('',#282,.T.);
#206=FACE_OUTER_BOUND('',#283,.T.);
#207=FACE_OUTER_BOUND('',#284,.T.);
#208=FACE_OUTER_BOUND('',#285,.T.);
#209=FACE_OUTER_BOUND('',#286,.T.);
#210=FACE_OUTER_BOUND('',#287,.T.);
#211=FACE_OUTER_BOUND('',#288,.T.);
#212=FACE_OUTER_BOUND('',#289,.T.);
#213=FACE_OUTER_BOUND('',#290,.T.);
#214=FACE_OUTER_BOUND('',#291,.T.);
#215=FACE_OUTER_BOUND('',#292,.T.);
#216=FACE_OUTER_BOUND('',#293,.T.);
#217=FACE_OUTER_BOUND('',#294,.T.);
#218=FACE_OUTER_BOUND('',#295,.T.);
#219=FACE_OUTER_BOUND('',#296,.T.);
#220=FACE_OUTER_BOUND('',#297,.T.);
#221=FACE_OUTER_BOUND('',#298,.T.);
#222=FACE_OUTER_BOUND('',#299,.T.);
#223=FACE_OUTER_BOUND('',#300,.T.);
#224=FACE_OUTER_BOUND('',#301,.T.);
#225=FACE_OUTER_BOUND('',#302,.T.);
#226=FACE_OUTER_BOUND('',#303,.T.);
#227=FACE_OUTER_BOUND('',#304,.T.);
#228=FACE_OUTER_BOUND('',#305,.T.);
#229=FACE_OUTER_BOUND('',#306,.T.);
#230=FACE_OUTER_BOUND('',#307,.T.);
#231=FACE_OUTER_BOUND('',#308,.T.);
#232=FACE_OUTER_BOUND('',#309,.T.);
#233=FACE_OUTER_BOUND('',#310,.T.);
#234=FACE_OUTER_BOUND('',#311,.T.);
#235=FACE_OUTER_BOUND('',#312,.T.);
#236=FACE_OUTER_BOUND('',#313,.T.);
#237=FACE_OUTER_BOUND('',#314,.T.);
#238=FACE_OUTER_BOUND('',#315,.T.);
#239=FACE_OUTER_BOUND('',#316,.T.);
#240=FACE_OUTER_BOUND('',#317,.T.);
#241=FACE_OUTER_BOUND('',#318,.T.);
#242=FACE_OUTER_BOUND('',#319,.T.);
#243=FACE_OUTER_BOUND('',#320,.T.);
#244=FACE_OUTER_BOUND('',#321,.T.);
#245=FACE_OUTER_BOUND('',#322,.T.);
#246=FACE_OUTER_BOUND('',#323,.T.);
#247=FACE_OUTER_BOUND('',#324,.T.);
#248=FACE_OUTER_BOUND('',#326,.T.);
#249=FACE_OUTER_BOUND('',#327,.T.);
#250=FACE_OUTER_BOUND('',#328,.T.);
#251=FACE_OUTER_BOUND('',#329,.T.);
#252=FACE_OUTER_BOUND('',#331,.T.);
#253=FACE_OUTER_BOUND('',#332,.T.);
#254=FACE_OUTER_BOUND('',#333,.T.);
#255=FACE_OUTER_BOUND('',#334,.T.);
#256=FACE_OUTER_BOUND('',#335,.T.);
#257=FACE_OUTER_BOUND('',#336,.T.);
#258=FACE_OUTER_BOUND('',#337,.T.);
#259=EDGE_LOOP('',(#883,#884,#885,#886,#887));
#260=EDGE_LOOP('',(#888,#889,#890,#891,#892,#893,#894));
#261=EDGE_LOOP('',(#895,#896,#897,#898));
#262=EDGE_LOOP('',(#899,#900,#901,#902));
#263=EDGE_LOOP('',(#903,#904,#905,#906));
#264=EDGE_LOOP('',(#907,#908,#909,#910));
#265=EDGE_LOOP('',(#911,#912,#913,#914));
#266=EDGE_LOOP('',(#915,#916,#917,#918));
#267=EDGE_LOOP('',(#919,#920,#921,#922));
#268=EDGE_LOOP('',(#923,#924,#925,#926));
#269=EDGE_LOOP('',(#927,#928,#929,#930));
#270=EDGE_LOOP('',(#931,#932,#933,#934));
#271=EDGE_LOOP('',(#935,#936,#937,#938));
#272=EDGE_LOOP('',(#939,#940,#941,#942));
#273=EDGE_LOOP('',(#943,#944,#945,#946));
#274=EDGE_LOOP('',(#947,#948,#949,#950));
#275=EDGE_LOOP('',(#951,#952,#953,#954));
#276=EDGE_LOOP('',(#955,#956,#957,#958));
#277=EDGE_LOOP('',(#959,#960,#961,#962));
#278=EDGE_LOOP('',(#963,#964,#965,#966));
#279=EDGE_LOOP('',(#967,#968,#969,#970));
#280=EDGE_LOOP('',(#971,#972,#973,#974));
#281=EDGE_LOOP('',(#975,#976,#977,#978));
#282=EDGE_LOOP('',(#979,#980,#981,#982));
#283=EDGE_LOOP('',(#983,#984,#985,#986));
#284=EDGE_LOOP('',(#987,#988,#989,#990));
#285=EDGE_LOOP('',(#991,#992,#993,#994));
#286=EDGE_LOOP('',(#995,#996,#997,#998));
#287=EDGE_LOOP('',(#999,#1000,#1001,#1002));
#288=EDGE_LOOP('',(#1003,#1004,#1005,#1006));
#289=EDGE_LOOP('',(#1007,#1008,#1009,#1010));
#290=EDGE_LOOP('',(#1011,#1012,#1013,#1014));
#291=EDGE_LOOP('',(#1015,#1016,#1017,#1018));
#292=EDGE_LOOP('',(#1019,#1020,#1021,#1022));
#293=EDGE_LOOP('',(#1023,#1024,#1025,#1026));
#294=EDGE_LOOP('',(#1027,#1028,#1029,#1030));
#295=EDGE_LOOP('',(#1031,#1032,#1033,#1034));
#296=EDGE_LOOP('',(#1035,#1036,#1037,#1038));
#297=EDGE_LOOP('',(#1039,#1040,#1041,#1042));
#298=EDGE_LOOP('',(#1043,#1044,#1045,#1046));
#299=EDGE_LOOP('',(#1047,#1048,#1049,#1050));
#300=EDGE_LOOP('',(#1051,#1052,#1053,#1054));
#301=EDGE_LOOP('',(#1055,#1056,#1057,#1058));
#302=EDGE_LOOP('',(#1059,#1060,#1061,#1062));
#303=EDGE_LOOP('',(#1063,#1064,#1065,#1066));
#304=EDGE_LOOP('',(#1067,#1068,#1069,#1070));
#305=EDGE_LOOP('',(#1071,#1072,#1073,#1074));
#306=EDGE_LOOP('',(#1075,#1076,#1077,#1078));
#307=EDGE_LOOP('',(#1079,#1080,#1081,#1082));
#308=EDGE_LOOP('',(#1083,#1084,#1085,#1086,#1087,#1088,#1089,#1090));
#309=EDGE_LOOP('',(#1091,#1092,#1093,#1094,#1095));
#310=EDGE_LOOP('',(#1096,#1097,#1098));
#311=EDGE_LOOP('',(#1099,#1100,#1101,#1102));
#312=EDGE_LOOP('',(#1103,#1104,#1105,#1106));
#313=EDGE_LOOP('',(#1107,#1108,#1109,#1110));
#314=EDGE_LOOP('',(#1111,#1112,#1113,#1114));
#315=EDGE_LOOP('',(#1115,#1116,#1117,#1118,#1119,#1120,#1121));
#316=EDGE_LOOP('',(#1122,#1123,#1124,#1125,#1126,#1127));
#317=EDGE_LOOP('',(#1128,#1129,#1130,#1131));
#318=EDGE_LOOP('',(#1132,#1133,#1134,#1135,#1136));
#319=EDGE_LOOP('',(#1137,#1138,#1139,#1140));
#320=EDGE_LOOP('',(#1141,#1142,#1143,#1144));
#321=EDGE_LOOP('',(#1145,#1146,#1147,#1148,#1149));
#322=EDGE_LOOP('',(#1150,#1151,#1152,#1153));
#323=EDGE_LOOP('',(#1154,#1155,#1156,#1157,#1158,#1159,#1160));
#324=EDGE_LOOP('',(#1161,#1162));
#325=EDGE_LOOP('',(#1163,#1164));
#326=EDGE_LOOP('',(#1165,#1166,#1167,#1168));
#327=EDGE_LOOP('',(#1169,#1170,#1171,#1172));
#328=EDGE_LOOP('',(#1173,#1174,#1175,#1176));
#329=EDGE_LOOP('',(#1177,#1178));
#330=EDGE_LOOP('',(#1179,#1180));
#331=EDGE_LOOP('',(#1181,#1182,#1183,#1184));
#332=EDGE_LOOP('',(#1185,#1186,#1187,#1188));
#333=EDGE_LOOP('',(#1189,#1190,#1191,#1192,#1193,#1194));
#334=EDGE_LOOP('',(#1195,#1196,#1197,#1198,#1199,#1200,#1201,#1202,#1203,
#1204,#1205,#1206,#1207,#1208,#1209,#1210,#1211,#1212,#1213,#1214,#1215,
#1216,#1217,#1218,#1219,#1220,#1221,#1222,#1223,#1224,#1225,#1226,#1227,
#1228,#1229,#1230,#1231,#1232,#1233,#1234,#1235,#1236,#1237,#1238,#1239,
#1240,#1241,#1242,#1243,#1244,#1245,#1246,#1247,#1248,#1249,#1250,#1251));
#335=EDGE_LOOP('',(#1252,#1253,#1254,#1255,#1256,#1257,#1258,#1259,#1260,
#1261,#1262,#1263,#1264,#1265,#1266,#1267,#1268,#1269,#1270,#1271,#1272,
#1273,#1274,#1275,#1276,#1277,#1278,#1279,#1280,#1281,#1282,#1283,#1284,
#1285,#1286,#1287,#1288,#1289,#1290,#1291,#1292,#1293,#1294,#1295,#1296,
#1297,#1298,#1299,#1300,#1301,#1302,#1303,#1304,#1305,#1306));
#336=EDGE_LOOP('',(#1307,#1308,#1309,#1310));
#337=EDGE_LOOP('',(#1311,#1312));
#338=B_SPLINE_CURVE_WITH_KNOTS('',3,(#1777,#1778,#1779,#1780,#1781,#1782,
#1783,#1784,#1785,#1786),.UNSPECIFIED.,.F.,.F.,(4,2,2,2,4),(0.00361314498528072,
0.00410635706811904,0.00459956915095736,0.00509278123379567,0.00558599331663399),
 .UNSPECIFIED.);
#339=B_SPLINE_CURVE_WITH_KNOTS('',3,(#1788,#1789,#1790,#1791),
 .UNSPECIFIED.,.F.,.F.,(4,4),(8.14956629652519E-18,0.000475355811795435),
 .UNSPECIFIED.);
#340=B_SPLINE_CURVE_WITH_KNOTS('',3,(#1796,#1797,#1798,#1799),
 .UNSPECIFIED.,.F.,.F.,(4,4),(0.000475355811795435,0.000585269157906312),
 .UNSPECIFIED.);
#341=B_SPLINE_CURVE_WITH_KNOTS('',3,(#1801,#1802,#1803,#1804),
 .UNSPECIFIED.,.F.,.F.,(4,4),(1.11082085835109E-14,0.00011512810962978),
 .UNSPECIFIED.);
#342=B_SPLINE_CURVE_WITH_KNOTS('',3,(#1807,#1808,#1809,#1810,#1811,#1812,
#1813,#1814,#1815,#1816,#1817,#1818,#1819,#1820,#1821,#1822,#1823,#1824),
 .UNSPECIFIED.,.F.,.F.,(4,2,2,2,2,2,2,2,4),(0.0007794700039865,0.00113367937664828,
0.00148788874931006,0.00184209812197183,0.00219630749463361,0.00255051686729539,
0.00290472623995717,0.00325893561261895,0.00361314498528072),
 .UNSPECIFIED.);
#343=B_SPLINE_CURVE_WITH_KNOTS('',3,(#2861,#2862,#2863,#2864,#2865,#2866,
#2867,#2868,#2869,#2870,#2871,#2872,#2873,#2874,#2875,#2876),
 .UNSPECIFIED.,.F.,.F.,(4,2,2,2,2,2,2,4),(0.00438965712903403,0.00473343268195098,
0.00507720823486792,0.00542098378778487,0.00576475934070182,0.00645231044653571,
0.00679608599945265,0.0071398615523696),.UNSPECIFIED.);
#344=B_SPLINE_CURVE_WITH_KNOTS('',3,(#2883,#2884,#2885,#2886,#2887,#2888,
#2889,#2890,#2891,#2892),.UNSPECIFIED.,.F.,.F.,(4,2,2,2,4),(0.0100797465129742,
0.0105080833100521,0.0109364201071299,0.0113647569042078,0.0117930937012856),
 .UNSPECIFIED.);
#345=B_SPLINE_CURVE_WITH_KNOTS('',3,(#2894,#2895,#2896,#2897,#2898,#2899,
#2900,#2901,#2902,#2903),.UNSPECIFIED.,.F.,.F.,(4,2,2,2,4),(3.72105654457203E-14,
0.00060442340867476,0.00120884681731231,0.00181327022594986,0.00241769363458741),
 .UNSPECIFIED.);
#346=B_SPLINE_CURVE_WITH_KNOTS('',3,(#2908,#2909,#2910,#2911,#2912,#2913,
#2914,#2915,#2916,#2917),.UNSPECIFIED.,.F.,.F.,(4,2,2,2,4),(1.34388597753059E-17,
0.000457082109373325,0.000914164218746636,0.00137124632811995,0.00182832843749326),
 .UNSPECIFIED.);
#347=B_SPLINE_CURVE_WITH_KNOTS('',3,(#2921,#2922,#2923,#2924,#2925,#2926,
#2927,#2928,#2929,#2930,#2931,#2932,#2933,#2934,#2935,#2936),
 .UNSPECIFIED.,.F.,.F.,(4,2,2,2,2,2,2,4),(0.00518127077741441,0.00580013700337161,
0.0061095701163502,0.0064190032293288,0.0067284363423074,0.00703786945528599,
0.00734730256826459,0.00765673568124319),.UNSPECIFIED.);
#348=B_SPLINE_CURVE_WITH_KNOTS('',3,(#2939,#2940,#2941,#2942),
 .UNSPECIFIED.,.F.,.F.,(4,4),(3.75886300213039E-5,0.00058982076386405),
 .UNSPECIFIED.);
#349=B_SPLINE_CURVE_WITH_KNOTS('',3,(#2945,#2946,#2947,#2948),
 .UNSPECIFIED.,.F.,.F.,(4,4),(0.,3.75886300213039E-5),.UNSPECIFIED.);
#350=B_SPLINE_CURVE_WITH_KNOTS('',3,(#2949,#2950,#2951,#2952),
 .UNSPECIFIED.,.F.,.F.,(4,4),(0.00765673568124319,0.00769420082678519),
 .UNSPECIFIED.);
#351=B_SPLINE_CURVE_WITH_KNOTS('',3,(#2954,#2955,#2956,#2957,#2958,#2959,
#2960,#2961,#2962,#2963,#2964,#2965,#2966,#2967),.UNSPECIFIED.,.F.,.F.,
(4,2,2,2,2,2,4),(0.00182832843749326,0.00214849452393586,0.00246866061037845,
0.00278882669682105,0.00310899278326365,0.00374932495614884,0.00438965712903403),
 .UNSPECIFIED.);
#352=B_SPLINE_CURVE_WITH_KNOTS('',3,(#2968,#2969,#2970,#2971,#2972,#2973,
#2974,#2975,#2976,#2977,#2978,#2979,#2980,#2981,#2982,#2983,#2984,#2985),
 .UNSPECIFIED.,.F.,.F.,(4,2,2,2,2,2,2,2,4),(0.00241769363458741,0.00276314077744078,
0.00310858792029416,0.00345403506314753,0.00379948220600091,0.00414492934885429,
0.00449037649170766,0.00483582363456104,0.00518127077741441),
 .UNSPECIFIED.);
#353=B_SPLINE_CURVE_WITH_KNOTS('',3,(#3010,#3011,#3012,#3013),
 .UNSPECIFIED.,.F.,.F.,(4,4),(0.00279147518065384,0.00322976147954824),
 .UNSPECIFIED.);
#354=B_SPLINE_CURVE_WITH_KNOTS('',3,(#3021,#3022,#3023,#3024),
 .UNSPECIFIED.,.F.,.F.,(4,4),(0.00076514436569017,0.00120312380120662),
 .UNSPECIFIED.);
#355=B_SPLINE_CURVE_WITH_KNOTS('',3,(#3026,#3027,#3028,#3029,#3030,#3031),
 .UNSPECIFIED.,.F.,.F.,(4,2,4),(2.38078915697285E-7,0.000437560897633672,
0.000874883716351647),.UNSPECIFIED.);
#356=B_SPLINE_CURVE_WITH_KNOTS('',3,(#3032,#3033,#3034,#3035,#3036,#3037),
 .UNSPECIFIED.,.F.,.F.,(4,2,4),(2.38078915697328E-7,0.00043756089763367,
0.000874883716351643),.UNSPECIFIED.);
#357=B_SPLINE_CURVE_WITH_KNOTS('',3,(#3055,#3056,#3057,#3058,#3059,#3060),
 .UNSPECIFIED.,.F.,.F.,(4,2,4),(2.38078915697112E-7,0.000437560897633672,
0.000874883716351647),.UNSPECIFIED.);
#358=B_SPLINE_CURVE_WITH_KNOTS('',3,(#3063,#3064,#3065,#3066),
 .UNSPECIFIED.,.F.,.F.,(4,4),(0.00235294439088629,0.00279147518065384),
 .UNSPECIFIED.);
#359=B_SPLINE_CURVE_WITH_KNOTS('',3,(#3074,#3075,#3076,#3077),
 .UNSPECIFIED.,.F.,.F.,(4,4),(0.00120312380120662,0.00164134755641748),
 .UNSPECIFIED.);
#360=B_SPLINE_CURVE_WITH_KNOTS('',3,(#3080,#3081,#3082,#3083,#3084,#3085),
 .UNSPECIFIED.,.F.,.F.,(4,2,4),(2.38078915697328E-7,0.000437560897633671,
0.000874883716351644),.UNSPECIFIED.);
#361=B_SPLINE_CURVE_WITH_KNOTS('',3,(#3099,#3100,#3101,#3102,#3103,#3104,
#3105,#3106,#3107,#3108,#3109,#3110,#3111,#3112,#3113,#3114,#3115,#3116),
 .UNSPECIFIED.,.F.,.F.,(4,2,2,2,2,2,2,2,4),(0.0071398615523696,0.00750734717244518,
0.00787483279252076,0.00824231841259633,0.00860980403267191,0.00897728965274749,
0.00934477527282307,0.00971226089289865,0.0100797465129742),
 .UNSPECIFIED.);
#362=B_SPLINE_CURVE_WITH_KNOTS('',3,(#4931,#4932,#4933,#4934,#4935,#4936),
 .UNSPECIFIED.,.F.,.F.,(4,2,4),(4.28254368465336E-17,0.000389735001993271,
0.0007794700039865),.UNSPECIFIED.);
#363=B_SPLINE_CURVE_WITH_KNOTS('',3,(#5563,#5564,#5565,#5566,#5567,#5568,
#5569,#5570),.UNSPECIFIED.,.F.,.F.,(4,2,2,4),(0.00011512810962978,0.000469551054452287,
0.000823973999274793,0.00153281988891981),.UNSPECIFIED.);
#364=LINE('',#1775,#435);
#365=LINE('',#1792,#436);
#366=LINE('',#1806,#437);
#367=LINE('',#1838,#438);
#368=LINE('',#1849,#439);
#369=LINE('',#1863,#440);
#370=LINE('',#1874,#441);
#371=LINE('',#1888,#442);
#372=LINE('',#1899,#443);
#373=LINE('',#1913,#444);
#374=LINE('',#1924,#445);
#375=LINE('',#1938,#446);
#376=LINE('',#1949,#447);
#377=LINE('',#1963,#448);
#378=LINE('',#1974,#449);
#379=LINE('',#1988,#450);
#380=LINE('',#1999,#451);
#381=LINE('',#2013,#452);
#382=LINE('',#2024,#453);
#383=LINE('',#2038,#454);
#384=LINE('',#2049,#455);
#385=LINE('',#2063,#456);
#386=LINE('',#2074,#457);
#387=LINE('',#2088,#458);
#388=LINE('',#2099,#459);
#389=LINE('',#2113,#460);
#390=LINE('',#2124,#461);
#391=LINE('',#2138,#462);
#392=LINE('',#2149,#463);
#393=LINE('',#2163,#464);
#394=LINE('',#2174,#465);
#395=LINE('',#2188,#466);
#396=LINE('',#2199,#467);
#397=LINE('',#2213,#468);
#398=LINE('',#2224,#469);
#399=LINE('',#2238,#470);
#400=LINE('',#2249,#471);
#401=LINE('',#2263,#472);
#402=LINE('',#2274,#473);
#403=LINE('',#2288,#474);
#404=LINE('',#2299,#475);
#405=LINE('',#2313,#476);
#406=LINE('',#2324,#477);
#407=LINE('',#2338,#478);
#408=LINE('',#2349,#479);
#409=LINE('',#2363,#480);
#410=LINE('',#2374,#481);
#411=LINE('',#2388,#482);
#412=LINE('',#2399,#483);
#413=LINE('',#2848,#484);
#414=LINE('',#2878,#485);
#415=LINE('',#2882,#486);
#416=LINE('',#2904,#487);
#417=LINE('',#2919,#488);
#418=LINE('',#2938,#489);
#419=LINE('',#2999,#490);
#420=LINE('',#3000,#491);
#421=LINE('',#3015,#492);
#422=LINE('',#3019,#493);
#423=LINE('',#3041,#494);
#424=LINE('',#3043,#495);
#425=LINE('',#3045,#496);
#426=LINE('',#3047,#497);
#427=LINE('',#3049,#498);
#428=LINE('',#3050,#499);
#429=LINE('',#3053,#500);
#430=LINE('',#3061,#501);
#431=LINE('',#3067,#502);
#432=LINE('',#3069,#503);
#433=LINE('',#3071,#504);
#434=LINE('',#3078,#505);
#435=VECTOR('',#1514,1000.);
#436=VECTOR('',#1515,1000.);
#437=VECTOR('',#1520,1000.);
#438=VECTOR('',#1523,1000.);
#439=VECTOR('',#1524,1000.);
#440=VECTOR('',#1527,1000.);
#441=VECTOR('',#1528,1000.);
#442=VECTOR('',#1531,1000.);
#443=VECTOR('',#1532,1000.);
#444=VECTOR('',#1535,1000.);
#445=VECTOR('',#1536,1000.);
#446=VECTOR('',#1539,1000.);
#447=VECTOR('',#1540,1000.);
#448=VECTOR('',#1543,1000.);
#449=VECTOR('',#1544,1000.);
#450=VECTOR('',#1547,1000.);
#451=VECTOR('',#1548,1000.);
#452=VECTOR('',#1551,1000.);
#453=VECTOR('',#1552,1000.);
#454=VECTOR('',#1555,1000.);
#455=VECTOR('',#1556,1000.);
#456=VECTOR('',#1559,1000.);
#457=VECTOR('',#1560,1000.);
#458=VECTOR('',#1563,1000.);
#459=VECTOR('',#1564,1000.);
#460=VECTOR('',#1567,1000.);
#461=VECTOR('',#1568,1000.);
#462=VECTOR('',#1571,1000.);
#463=VECTOR('',#1572,1000.);
#464=VECTOR('',#1575,1000.);
#465=VECTOR('',#1576,1000.);
#466=VECTOR('',#1579,1000.);
#467=VECTOR('',#1580,1000.);
#468=VECTOR('',#1583,1000.);
#469=VECTOR('',#1584,1000.);
#470=VECTOR('',#1587,1000.);
#471=VECTOR('',#1588,1000.);
#472=VECTOR('',#1591,1000.);
#473=VECTOR('',#1592,1000.);
#474=VECTOR('',#1595,1000.);
#475=VECTOR('',#1596,1000.);
#476=VECTOR('',#1599,1000.);
#477=VECTOR('',#1600,1000.);
#478=VECTOR('',#1603,1000.);
#479=VECTOR('',#1604,1000.);
#480=VECTOR('',#1607,1000.);
#481=VECTOR('',#1608,1000.);
#482=VECTOR('',#1611,1000.);
#483=VECTOR('',#1612,1000.);
#484=VECTOR('',#1663,1000.);
#485=VECTOR('',#1666,1000.);
#486=VECTOR('',#1669,1000.);
#487=VECTOR('',#1670,1000.);
#488=VECTOR('',#1673,1000.);
#489=VECTOR('',#1674,1000.);
#490=VECTOR('',#1693,1000.);
#491=VECTOR('',#1694,1000.);
#492=VECTOR('',#1705,1000.);
#493=VECTOR('',#1708,1000.);
#494=VECTOR('',#1711,1000.);
#495=VECTOR('',#1712,1000.);
#496=VECTOR('',#1713,1000.);
#497=VECTOR('',#1714,1000.);
#498=VECTOR('',#1715,1000.);
#499=VECTOR('',#1716,1000.);
#500=VECTOR('',#1719,1000.);
#501=VECTOR('',#1720,1000.);
#502=VECTOR('',#1723,1000.);
#503=VECTOR('',#1726,1000.);
#504=VECTOR('',#1729,1000.);
#505=VECTOR('',#1732,1000.);
#506=CIRCLE('',#1415,0.600000000000004);
#507=CIRCLE('',#1417,0.600000000000004);
#508=CIRCLE('',#1442,1.);
#509=CIRCLE('',#1467,1.05079999999999);
#510=CIRCLE('',#1472,1.9);
#511=CIRCLE('',#1473,0.1);
#512=CIRCLE('',#1474,1.8);
#513=CIRCLE('',#1475,0.1);
#514=CIRCLE('',#1477,1.9);
#515=CIRCLE('',#1479,1.8);
#516=CIRCLE('',#1480,0.0999999999999998);
#517=CIRCLE('',#1481,0.0999999999999994);
#518=CIRCLE('',#1483,1.02168783648703);
#519=CIRCLE('',#1492,1.02168783648703);
#520=CIRCLE('',#1494,1.8);
#521=CIRCLE('',#1496,1.9);
#522=CIRCLE('',#1498,1.9);
#523=CIRCLE('',#1500,1.8);
#524=CIRCLE('',#1502,1.05079999999999);
#525=CIRCLE('',#1505,1.00000000000001);
#526=VERTEX_POINT('',#1771);
#527=VERTEX_POINT('',#1772);
#528=VERTEX_POINT('',#1774);
#529=VERTEX_POINT('',#1776);
#530=VERTEX_POINT('',#1787);
#531=VERTEX_POINT('',#1795);
#532=VERTEX_POINT('',#1800);
#533=VERTEX_POINT('',#1805);
#534=VERTEX_POINT('',#1826);
#535=VERTEX_POINT('',#1827);
#536=VERTEX_POINT('',#1837);
#537=VERTEX_POINT('',#1839);
#538=VERTEX_POINT('',#1851);
#539=VERTEX_POINT('',#1852);
#540=VERTEX_POINT('',#1862);
#541=VERTEX_POINT('',#1864);
#542=VERTEX_POINT('',#1876);
#543=VERTEX_POINT('',#1877);
#544=VERTEX_POINT('',#1887);
#545=VERTEX_POINT('',#1889);
#546=VERTEX_POINT('',#1901);
#547=VERTEX_POINT('',#1902);
#548=VERTEX_POINT('',#1912);
#549=VERTEX_POINT('',#1914);
#550=VERTEX_POINT('',#1926);
#551=VERTEX_POINT('',#1927);
#552=VERTEX_POINT('',#1937);
#553=VERTEX_POINT('',#1939);
#554=VERTEX_POINT('',#1951);
#555=VERTEX_POINT('',#1952);
#556=VERTEX_POINT('',#1962);
#557=VERTEX_POINT('',#1964);
#558=VERTEX_POINT('',#1976);
#559=VERTEX_POINT('',#1977);
#560=VERTEX_POINT('',#1987);
#561=VERTEX_POINT('',#1989);
#562=VERTEX_POINT('',#2001);
#563=VERTEX_POINT('',#2002);
#564=VERTEX_POINT('',#2012);
#565=VERTEX_POINT('',#2014);
#566=VERTEX_POINT('',#2026);
#567=VERTEX_POINT('',#2027);
#568=VERTEX_POINT('',#2037);
#569=VERTEX_POINT('',#2039);
#570=VERTEX_POINT('',#2051);
#571=VERTEX_POINT('',#2052);
#572=VERTEX_POINT('',#2062);
#573=VERTEX_POINT('',#2064);
#574=VERTEX_POINT('',#2076);
#575=VERTEX_POINT('',#2077);
#576=VERTEX_POINT('',#2087);
#577=VERTEX_POINT('',#2089);
#578=VERTEX_POINT('',#2101);
#579=VERTEX_POINT('',#2102);
#580=VERTEX_POINT('',#2112);
#581=VERTEX_POINT('',#2114);
#582=VERTEX_POINT('',#2126);
#583=VERTEX_POINT('',#2127);
#584=VERTEX_POINT('',#2137);
#585=VERTEX_POINT('',#2139);
#586=VERTEX_POINT('',#2151);
#587=VERTEX_POINT('',#2152);
#588=VERTEX_POINT('',#2162);
#589=VERTEX_POINT('',#2164);
#590=VERTEX_POINT('',#2176);
#591=VERTEX_POINT('',#2177);
#592=VERTEX_POINT('',#2187);
#593=VERTEX_POINT('',#2189);
#594=VERTEX_POINT('',#2201);
#595=VERTEX_POINT('',#2202);
#596=VERTEX_POINT('',#2212);
#597=VERTEX_POINT('',#2214);
#598=VERTEX_POINT('',#2226);
#599=VERTEX_POINT('',#2227);
#600=VERTEX_POINT('',#2237);
#601=VERTEX_POINT('',#2239);
#602=VERTEX_POINT('',#2251);
#603=VERTEX_POINT('',#2252);
#604=VERTEX_POINT('',#2262);
#605=VERTEX_POINT('',#2264);
#606=VERTEX_POINT('',#2276);
#607=VERTEX_POINT('',#2277);
#608=VERTEX_POINT('',#2287);
#609=VERTEX_POINT('',#2289);
#610=VERTEX_POINT('',#2301);
#611=VERTEX_POINT('',#2302);
#612=VERTEX_POINT('',#2312);
#613=VERTEX_POINT('',#2314);
#614=VERTEX_POINT('',#2326);
#615=VERTEX_POINT('',#2327);
#616=VERTEX_POINT('',#2337);
#617=VERTEX_POINT('',#2339);
#618=VERTEX_POINT('',#2351);
#619=VERTEX_POINT('',#2352);
#620=VERTEX_POINT('',#2362);
#621=VERTEX_POINT('',#2364);
#622=VERTEX_POINT('',#2376);
#623=VERTEX_POINT('',#2377);
#624=VERTEX_POINT('',#2387);
#625=VERTEX_POINT('',#2389);
#626=VERTEX_POINT('',#2401);
#627=VERTEX_POINT('',#2409);
#628=VERTEX_POINT('',#2837);
#629=VERTEX_POINT('',#2847);
#630=VERTEX_POINT('',#2859);
#631=VERTEX_POINT('',#2860);
#632=VERTEX_POINT('',#2877);
#633=VERTEX_POINT('',#2879);
#634=VERTEX_POINT('',#2881);
#635=VERTEX_POINT('',#2893);
#636=VERTEX_POINT('',#2906);
#637=VERTEX_POINT('',#2907);
#638=VERTEX_POINT('',#2918);
#639=VERTEX_POINT('',#2920);
#640=VERTEX_POINT('',#2937);
#641=VERTEX_POINT('',#2944);
#642=VERTEX_POINT('',#2987);
#643=VERTEX_POINT('',#2988);
#644=VERTEX_POINT('',#2990);
#645=VERTEX_POINT('',#2992);
#646=VERTEX_POINT('',#2996);
#647=VERTEX_POINT('',#2997);
#648=VERTEX_POINT('',#3002);
#649=VERTEX_POINT('',#3003);
#650=VERTEX_POINT('',#3008);
#651=VERTEX_POINT('',#3009);
#652=VERTEX_POINT('',#3014);
#653=VERTEX_POINT('',#3016);
#654=VERTEX_POINT('',#3018);
#655=VERTEX_POINT('',#3020);
#656=VERTEX_POINT('',#3025);
#657=VERTEX_POINT('',#3039);
#658=VERTEX_POINT('',#3040);
#659=VERTEX_POINT('',#3042);
#660=VERTEX_POINT('',#3044);
#661=VERTEX_POINT('',#3046);
#662=VERTEX_POINT('',#3048);
#663=VERTEX_POINT('',#3052);
#664=VERTEX_POINT('',#3054);
#665=VERTEX_POINT('',#3073);
#666=VERTEX_POINT('',#3118);
#667=VERTEX_POINT('',#3126);
#668=EDGE_CURVE('',#526,#527,#506,.T.);
#669=EDGE_CURVE('',#526,#528,#364,.T.);
#670=EDGE_CURVE('',#528,#529,#338,.T.);
#671=EDGE_CURVE('',#529,#530,#339,.T.);
#672=EDGE_CURVE('',#527,#530,#365,.T.);
#673=EDGE_CURVE('',#527,#526,#507,.T.);
#674=EDGE_CURVE('',#530,#531,#340,.T.);
#675=EDGE_CURVE('',#531,#532,#341,.T.);
#676=EDGE_CURVE('',#532,#533,#366,.T.);
#677=EDGE_CURVE('',#533,#528,#342,.T.);
#678=EDGE_CURVE('',#534,#535,#34,.T.);
#679=EDGE_CURVE('',#535,#536,#367,.T.);
#680=EDGE_CURVE('',#536,#537,#35,.T.);
#681=EDGE_CURVE('',#534,#537,#368,.T.);
#682=EDGE_CURVE('',#538,#539,#36,.T.);
#683=EDGE_CURVE('',#539,#540,#369,.T.);
#684=EDGE_CURVE('',#540,#541,#37,.T.);
#685=EDGE_CURVE('',#538,#541,#370,.T.);
#686=EDGE_CURVE('',#542,#543,#38,.T.);
#687=EDGE_CURVE('',#543,#544,#371,.T.);
#688=EDGE_CURVE('',#544,#545,#39,.T.);
#689=EDGE_CURVE('',#542,#545,#372,.T.);
#690=EDGE_CURVE('',#546,#547,#40,.T.);
#691=EDGE_CURVE('',#547,#548,#373,.T.);
#692=EDGE_CURVE('',#548,#549,#41,.T.);
#693=EDGE_CURVE('',#546,#549,#374,.T.);
#694=EDGE_CURVE('',#550,#551,#42,.T.);
#695=EDGE_CURVE('',#551,#552,#375,.T.);
#696=EDGE_CURVE('',#552,#553,#43,.T.);
#697=EDGE_CURVE('',#550,#553,#376,.T.);
#698=EDGE_CURVE('',#554,#555,#44,.T.);
#699=EDGE_CURVE('',#555,#556,#377,.T.);
#700=EDGE_CURVE('',#556,#557,#45,.T.);
#701=EDGE_CURVE('',#554,#557,#378,.T.);
#702=EDGE_CURVE('',#558,#559,#46,.T.);
#703=EDGE_CURVE('',#559,#560,#379,.T.);
#704=EDGE_CURVE('',#560,#561,#47,.T.);
#705=EDGE_CURVE('',#558,#561,#380,.T.);
#706=EDGE_CURVE('',#562,#563,#48,.T.);
#707=EDGE_CURVE('',#563,#564,#381,.T.);
#708=EDGE_CURVE('',#564,#565,#49,.T.);
#709=EDGE_CURVE('',#562,#565,#382,.T.);
#710=EDGE_CURVE('',#566,#567,#50,.T.);
#711=EDGE_CURVE('',#567,#568,#383,.T.);
#712=EDGE_CURVE('',#568,#569,#51,.T.);
#713=EDGE_CURVE('',#566,#569,#384,.T.);
#714=EDGE_CURVE('',#570,#571,#52,.T.);
#715=EDGE_CURVE('',#571,#572,#385,.T.);
#716=EDGE_CURVE('',#572,#573,#53,.T.);
#717=EDGE_CURVE('',#570,#573,#386,.T.);
#718=EDGE_CURVE('',#574,#575,#54,.T.);
#719=EDGE_CURVE('',#575,#576,#387,.T.);
#720=EDGE_CURVE('',#576,#577,#55,.T.);
#721=EDGE_CURVE('',#574,#577,#388,.T.);
#722=EDGE_CURVE('',#578,#579,#56,.T.);
#723=EDGE_CURVE('',#579,#580,#389,.T.);
#724=EDGE_CURVE('',#580,#581,#57,.T.);
#725=EDGE_CURVE('',#578,#581,#390,.T.);
#726=EDGE_CURVE('',#582,#583,#58,.T.);
#727=EDGE_CURVE('',#583,#584,#391,.T.);
#728=EDGE_CURVE('',#584,#585,#59,.T.);
#729=EDGE_CURVE('',#582,#585,#392,.T.);
#730=EDGE_CURVE('',#586,#587,#60,.T.);
#731=EDGE_CURVE('',#587,#588,#393,.T.);
#732=EDGE_CURVE('',#588,#589,#61,.T.);
#733=EDGE_CURVE('',#586,#589,#394,.T.);
#734=EDGE_CURVE('',#590,#591,#62,.T.);
#735=EDGE_CURVE('',#591,#592,#395,.T.);
#736=EDGE_CURVE('',#592,#593,#63,.T.);
#737=EDGE_CURVE('',#590,#593,#396,.T.);
#738=EDGE_CURVE('',#594,#595,#64,.T.);
#739=EDGE_CURVE('',#595,#596,#397,.T.);
#740=EDGE_CURVE('',#596,#597,#65,.T.);
#741=EDGE_CURVE('',#594,#597,#398,.T.);
#742=EDGE_CURVE('',#598,#599,#66,.T.);
#743=EDGE_CURVE('',#599,#600,#399,.T.);
#744=EDGE_CURVE('',#600,#601,#67,.T.);
#745=EDGE_CURVE('',#598,#601,#400,.T.);
#746=EDGE_CURVE('',#602,#603,#68,.T.);
#747=EDGE_CURVE('',#603,#604,#401,.T.);
#748=EDGE_CURVE('',#604,#605,#69,.T.);
#749=EDGE_CURVE('',#602,#605,#402,.T.);
#750=EDGE_CURVE('',#606,#607,#70,.T.);
#751=EDGE_CURVE('',#607,#608,#403,.T.);
#752=EDGE_CURVE('',#608,#609,#71,.T.);
#753=EDGE_CURVE('',#606,#609,#404,.T.);
#754=EDGE_CURVE('',#610,#611,#72,.T.);
#755=EDGE_CURVE('',#611,#612,#405,.T.);
#756=EDGE_CURVE('',#612,#613,#73,.T.);
#757=EDGE_CURVE('',#610,#613,#406,.T.);
#758=EDGE_CURVE('',#614,#615,#74,.T.);
#759=EDGE_CURVE('',#615,#616,#407,.T.);
#760=EDGE_CURVE('',#616,#617,#75,.T.);
#761=EDGE_CURVE('',#614,#617,#408,.T.);
#762=EDGE_CURVE('',#618,#619,#76,.T.);
#763=EDGE_CURVE('',#619,#620,#409,.T.);
#764=EDGE_CURVE('',#620,#621,#77,.T.);
#765=EDGE_CURVE('',#618,#621,#410,.T.);
#766=EDGE_CURVE('',#622,#623,#78,.T.);
#767=EDGE_CURVE('',#623,#624,#411,.T.);
#768=EDGE_CURVE('',#624,#625,#79,.T.);
#769=EDGE_CURVE('',#622,#625,#412,.T.);
#770=EDGE_CURVE('',#626,#534,#80,.T.);
#771=EDGE_CURVE('',#537,#627,#81,.T.);
#772=EDGE_CURVE('',#626,#627,#508,.T.);
#773=EDGE_CURVE('',#535,#538,#82,.T.);
#774=EDGE_CURVE('',#541,#536,#83,.T.);
#775=EDGE_CURVE('',#539,#542,#84,.T.);
#776=EDGE_CURVE('',#545,#540,#85,.T.);
#777=EDGE_CURVE('',#543,#546,#86,.T.);
#778=EDGE_CURVE('',#549,#544,#87,.T.);
#779=EDGE_CURVE('',#547,#550,#88,.T.);
#780=EDGE_CURVE('',#553,#548,#89,.T.);
#781=EDGE_CURVE('',#551,#554,#90,.T.);
#782=EDGE_CURVE('',#557,#552,#91,.T.);
#783=EDGE_CURVE('',#555,#558,#92,.T.);
#784=EDGE_CURVE('',#561,#556,#93,.T.);
#785=EDGE_CURVE('',#559,#562,#94,.T.);
#786=EDGE_CURVE('',#565,#560,#95,.T.);
#787=EDGE_CURVE('',#563,#566,#96,.T.);
#788=EDGE_CURVE('',#569,#564,#97,.T.);
#789=EDGE_CURVE('',#567,#570,#98,.T.);
#790=EDGE_CURVE('',#573,#568,#99,.T.);
#791=EDGE_CURVE('',#571,#574,#100,.T.);
#792=EDGE_CURVE('',#577,#572,#101,.T.);
#793=EDGE_CURVE('',#575,#578,#102,.T.);
#794=EDGE_CURVE('',#581,#576,#103,.T.);
#795=EDGE_CURVE('',#579,#582,#104,.T.);
#796=EDGE_CURVE('',#585,#580,#105,.T.);
#797=EDGE_CURVE('',#583,#586,#106,.T.);
#798=EDGE_CURVE('',#589,#584,#107,.T.);
#799=EDGE_CURVE('',#587,#590,#108,.T.);
#800=EDGE_CURVE('',#593,#588,#109,.T.);
#801=EDGE_CURVE('',#591,#594,#110,.T.);
#802=EDGE_CURVE('',#597,#592,#111,.T.);
#803=EDGE_CURVE('',#595,#598,#112,.T.);
#804=EDGE_CURVE('',#601,#596,#113,.T.);
#805=EDGE_CURVE('',#599,#602,#114,.T.);
#806=EDGE_CURVE('',#605,#600,#115,.T.);
#807=EDGE_CURVE('',#603,#606,#116,.T.);
#808=EDGE_CURVE('',#609,#604,#117,.T.);
#809=EDGE_CURVE('',#607,#610,#118,.T.);
#810=EDGE_CURVE('',#613,#608,#119,.T.);
#811=EDGE_CURVE('',#611,#614,#120,.T.);
#812=EDGE_CURVE('',#617,#612,#121,.T.);
#813=EDGE_CURVE('',#615,#618,#122,.T.);
#814=EDGE_CURVE('',#621,#616,#123,.T.);
#815=EDGE_CURVE('',#619,#622,#124,.T.);
#816=EDGE_CURVE('',#625,#620,#125,.T.);
#817=EDGE_CURVE('',#623,#628,#126,.T.);
#818=EDGE_CURVE('',#628,#629,#413,.T.);
#819=EDGE_CURVE('',#629,#624,#127,.T.);
#820=EDGE_CURVE('',#630,#631,#343,.T.);
#821=EDGE_CURVE('',#631,#632,#414,.T.);
#822=EDGE_CURVE('',#632,#633,#509,.T.);
#823=EDGE_CURVE('',#634,#633,#415,.T.);
#824=EDGE_CURVE('',#634,#626,#344,.T.);
#825=EDGE_CURVE('',#627,#635,#345,.T.);
#826=EDGE_CURVE('',#630,#635,#416,.T.);
#827=EDGE_CURVE('',#636,#637,#346,.T.);
#828=EDGE_CURVE('',#637,#638,#417,.T.);
#829=EDGE_CURVE('',#638,#639,#347,.T.);
#830=EDGE_CURVE('',#640,#639,#418,.T.);
#831=EDGE_CURVE('',#640,#636,#348,.T.);
#832=EDGE_CURVE('',#641,#640,#349,.T.);
#833=EDGE_CURVE('',#639,#641,#350,.T.);
#834=EDGE_CURVE('',#637,#630,#351,.T.);
#835=EDGE_CURVE('',#635,#638,#352,.T.);
#836=EDGE_CURVE('',#642,#643,#510,.T.);
#837=EDGE_CURVE('',#643,#644,#511,.T.);
#838=EDGE_CURVE('',#645,#644,#512,.T.);
#839=EDGE_CURVE('',#642,#645,#513,.T.);
#840=EDGE_CURVE('',#646,#647,#514,.T.);
#841=EDGE_CURVE('',#647,#643,#419,.T.);
#842=EDGE_CURVE('',#646,#642,#420,.T.);
#843=EDGE_CURVE('',#648,#649,#515,.T.);
#844=EDGE_CURVE('',#649,#647,#516,.T.);
#845=EDGE_CURVE('',#648,#646,#517,.T.);
#846=EDGE_CURVE('',#650,#651,#353,.T.);
#847=EDGE_CURVE('',#650,#652,#421,.T.);
#848=EDGE_CURVE('',#652,#653,#518,.T.);
#849=EDGE_CURVE('',#654,#653,#422,.T.);
#850=EDGE_CURVE('',#655,#654,#354,.T.);
#851=EDGE_CURVE('',#656,#655,#355,.T.);
#852=EDGE_CURVE('',#651,#656,#356,.T.);
#853=EDGE_CURVE('',#657,#658,#423,.T.);
#854=EDGE_CURVE('',#658,#659,#424,.T.);
#855=EDGE_CURVE('',#659,#660,#425,.T.);
#856=EDGE_CURVE('',#660,#661,#426,.T.);
#857=EDGE_CURVE('',#661,#662,#427,.T.);
#858=EDGE_CURVE('',#662,#657,#428,.T.);
#859=EDGE_CURVE('',#657,#663,#429,.T.);
#860=EDGE_CURVE('',#663,#664,#357,.T.);
#861=EDGE_CURVE('',#658,#664,#430,.T.);
#862=EDGE_CURVE('',#664,#650,#358,.T.);
#863=EDGE_CURVE('',#659,#651,#431,.T.);
#864=EDGE_CURVE('',#660,#656,#432,.T.);
#865=EDGE_CURVE('',#661,#655,#433,.T.);
#866=EDGE_CURVE('',#654,#665,#359,.T.);
#867=EDGE_CURVE('',#662,#665,#434,.T.);
#868=EDGE_CURVE('',#665,#663,#360,.T.);
#869=EDGE_CURVE('',#653,#652,#519,.T.);
#870=EDGE_CURVE('',#649,#648,#520,.T.);
#871=EDGE_CURVE('',#647,#646,#521,.T.);
#872=EDGE_CURVE('',#643,#642,#522,.T.);
#873=EDGE_CURVE('',#644,#645,#523,.T.);
#874=EDGE_CURVE('',#633,#632,#524,.T.);
#875=EDGE_CURVE('',#631,#634,#361,.T.);
#876=EDGE_CURVE('',#628,#666,#128,.T.);
#877=EDGE_CURVE('',#667,#666,#525,.T.);
#878=EDGE_CURVE('',#667,#629,#129,.T.);
#879=EDGE_CURVE('',#531,#641,#130,.T.);
#880=EDGE_CURVE('',#529,#636,#131,.T.);
#881=EDGE_CURVE('',#666,#533,#362,.T.);
#882=EDGE_CURVE('',#532,#667,#363,.T.);
#883=ORIENTED_EDGE('',*,*,#668,.F.);
#884=ORIENTED_EDGE('',*,*,#669,.T.);
#885=ORIENTED_EDGE('',*,*,#670,.T.);
#886=ORIENTED_EDGE('',*,*,#671,.T.);
#887=ORIENTED_EDGE('',*,*,#672,.F.);
#888=ORIENTED_EDGE('',*,*,#669,.F.);
#889=ORIENTED_EDGE('',*,*,#673,.F.);
#890=ORIENTED_EDGE('',*,*,#672,.T.);
#891=ORIENTED_EDGE('',*,*,#674,.T.);
#892=ORIENTED_EDGE('',*,*,#675,.T.);
#893=ORIENTED_EDGE('',*,*,#676,.T.);
#894=ORIENTED_EDGE('',*,*,#677,.T.);
#895=ORIENTED_EDGE('',*,*,#678,.T.);
#896=ORIENTED_EDGE('',*,*,#679,.T.);
#897=ORIENTED_EDGE('',*,*,#680,.T.);
#898=ORIENTED_EDGE('',*,*,#681,.F.);
#899=ORIENTED_EDGE('',*,*,#682,.T.);
#900=ORIENTED_EDGE('',*,*,#683,.T.);
#901=ORIENTED_EDGE('',*,*,#684,.T.);
#902=ORIENTED_EDGE('',*,*,#685,.F.);
#903=ORIENTED_EDGE('',*,*,#686,.T.);
#904=ORIENTED_EDGE('',*,*,#687,.T.);
#905=ORIENTED_EDGE('',*,*,#688,.T.);
#906=ORIENTED_EDGE('',*,*,#689,.F.);
#907=ORIENTED_EDGE('',*,*,#690,.T.);
#908=ORIENTED_EDGE('',*,*,#691,.T.);
#909=ORIENTED_EDGE('',*,*,#692,.T.);
#910=ORIENTED_EDGE('',*,*,#693,.F.);
#911=ORIENTED_EDGE('',*,*,#694,.T.);
#912=ORIENTED_EDGE('',*,*,#695,.T.);
#913=ORIENTED_EDGE('',*,*,#696,.T.);
#914=ORIENTED_EDGE('',*,*,#697,.F.);
#915=ORIENTED_EDGE('',*,*,#698,.T.);
#916=ORIENTED_EDGE('',*,*,#699,.T.);
#917=ORIENTED_EDGE('',*,*,#700,.T.);
#918=ORIENTED_EDGE('',*,*,#701,.F.);
#919=ORIENTED_EDGE('',*,*,#702,.T.);
#920=ORIENTED_EDGE('',*,*,#703,.T.);
#921=ORIENTED_EDGE('',*,*,#704,.T.);
#922=ORIENTED_EDGE('',*,*,#705,.F.);
#923=ORIENTED_EDGE('',*,*,#706,.T.);
#924=ORIENTED_EDGE('',*,*,#707,.T.);
#925=ORIENTED_EDGE('',*,*,#708,.T.);
#926=ORIENTED_EDGE('',*,*,#709,.F.);
#927=ORIENTED_EDGE('',*,*,#710,.T.);
#928=ORIENTED_EDGE('',*,*,#711,.T.);
#929=ORIENTED_EDGE('',*,*,#712,.T.);
#930=ORIENTED_EDGE('',*,*,#713,.F.);
#931=ORIENTED_EDGE('',*,*,#714,.T.);
#932=ORIENTED_EDGE('',*,*,#715,.T.);
#933=ORIENTED_EDGE('',*,*,#716,.T.);
#934=ORIENTED_EDGE('',*,*,#717,.F.);
#935=ORIENTED_EDGE('',*,*,#718,.T.);
#936=ORIENTED_EDGE('',*,*,#719,.T.);
#937=ORIENTED_EDGE('',*,*,#720,.T.);
#938=ORIENTED_EDGE('',*,*,#721,.F.);
#939=ORIENTED_EDGE('',*,*,#722,.T.);
#940=ORIENTED_EDGE('',*,*,#723,.T.);
#941=ORIENTED_EDGE('',*,*,#724,.T.);
#942=ORIENTED_EDGE('',*,*,#725,.F.);
#943=ORIENTED_EDGE('',*,*,#726,.T.);
#944=ORIENTED_EDGE('',*,*,#727,.T.);
#945=ORIENTED_EDGE('',*,*,#728,.T.);
#946=ORIENTED_EDGE('',*,*,#729,.F.);
#947=ORIENTED_EDGE('',*,*,#730,.T.);
#948=ORIENTED_EDGE('',*,*,#731,.T.);
#949=ORIENTED_EDGE('',*,*,#732,.T.);
#950=ORIENTED_EDGE('',*,*,#733,.F.);
#951=ORIENTED_EDGE('',*,*,#734,.T.);
#952=ORIENTED_EDGE('',*,*,#735,.T.);
#953=ORIENTED_EDGE('',*,*,#736,.T.);
#954=ORIENTED_EDGE('',*,*,#737,.F.);
#955=ORIENTED_EDGE('',*,*,#738,.T.);
#956=ORIENTED_EDGE('',*,*,#739,.T.);
#957=ORIENTED_EDGE('',*,*,#740,.T.);
#958=ORIENTED_EDGE('',*,*,#741,.F.);
#959=ORIENTED_EDGE('',*,*,#742,.T.);
#960=ORIENTED_EDGE('',*,*,#743,.T.);
#961=ORIENTED_EDGE('',*,*,#744,.T.);
#962=ORIENTED_EDGE('',*,*,#745,.F.);
#963=ORIENTED_EDGE('',*,*,#746,.T.);
#964=ORIENTED_EDGE('',*,*,#747,.T.);
#965=ORIENTED_EDGE('',*,*,#748,.T.);
#966=ORIENTED_EDGE('',*,*,#749,.F.);
#967=ORIENTED_EDGE('',*,*,#750,.T.);
#968=ORIENTED_EDGE('',*,*,#751,.T.);
#969=ORIENTED_EDGE('',*,*,#752,.T.);
#970=ORIENTED_EDGE('',*,*,#753,.F.);
#971=ORIENTED_EDGE('',*,*,#754,.T.);
#972=ORIENTED_EDGE('',*,*,#755,.T.);
#973=ORIENTED_EDGE('',*,*,#756,.T.);
#974=ORIENTED_EDGE('',*,*,#757,.F.);
#975=ORIENTED_EDGE('',*,*,#758,.T.);
#976=ORIENTED_EDGE('',*,*,#759,.T.);
#977=ORIENTED_EDGE('',*,*,#760,.T.);
#978=ORIENTED_EDGE('',*,*,#761,.F.);
#979=ORIENTED_EDGE('',*,*,#762,.T.);
#980=ORIENTED_EDGE('',*,*,#763,.T.);
#981=ORIENTED_EDGE('',*,*,#764,.T.);
#982=ORIENTED_EDGE('',*,*,#765,.F.);
#983=ORIENTED_EDGE('',*,*,#766,.T.);
#984=ORIENTED_EDGE('',*,*,#767,.T.);
#985=ORIENTED_EDGE('',*,*,#768,.T.);
#986=ORIENTED_EDGE('',*,*,#769,.F.);
#987=ORIENTED_EDGE('',*,*,#770,.T.);
#988=ORIENTED_EDGE('',*,*,#681,.T.);
#989=ORIENTED_EDGE('',*,*,#771,.T.);
#990=ORIENTED_EDGE('',*,*,#772,.F.);
#991=ORIENTED_EDGE('',*,*,#679,.F.);
#992=ORIENTED_EDGE('',*,*,#773,.T.);
#993=ORIENTED_EDGE('',*,*,#685,.T.);
#994=ORIENTED_EDGE('',*,*,#774,.T.);
#995=ORIENTED_EDGE('',*,*,#683,.F.);
#996=ORIENTED_EDGE('',*,*,#775,.T.);
#997=ORIENTED_EDGE('',*,*,#689,.T.);
#998=ORIENTED_EDGE('',*,*,#776,.T.);
#999=ORIENTED_EDGE('',*,*,#687,.F.);
#1000=ORIENTED_EDGE('',*,*,#777,.T.);
#1001=ORIENTED_EDGE('',*,*,#693,.T.);
#1002=ORIENTED_EDGE('',*,*,#778,.T.);
#1003=ORIENTED_EDGE('',*,*,#691,.F.);
#1004=ORIENTED_EDGE('',*,*,#779,.T.);
#1005=ORIENTED_EDGE('',*,*,#697,.T.);
#1006=ORIENTED_EDGE('',*,*,#780,.T.);
#1007=ORIENTED_EDGE('',*,*,#695,.F.);
#1008=ORIENTED_EDGE('',*,*,#781,.T.);
#1009=ORIENTED_EDGE('',*,*,#701,.T.);
#1010=ORIENTED_EDGE('',*,*,#782,.T.);
#1011=ORIENTED_EDGE('',*,*,#699,.F.);
#1012=ORIENTED_EDGE('',*,*,#783,.T.);
#1013=ORIENTED_EDGE('',*,*,#705,.T.);
#1014=ORIENTED_EDGE('',*,*,#784,.T.);
#1015=ORIENTED_EDGE('',*,*,#703,.F.);
#1016=ORIENTED_EDGE('',*,*,#785,.T.);
#1017=ORIENTED_EDGE('',*,*,#709,.T.);
#1018=ORIENTED_EDGE('',*,*,#786,.T.);
#1019=ORIENTED_EDGE('',*,*,#707,.F.);
#1020=ORIENTED_EDGE('',*,*,#787,.T.);
#1021=ORIENTED_EDGE('',*,*,#713,.T.);
#1022=ORIENTED_EDGE('',*,*,#788,.T.);
#1023=ORIENTED_EDGE('',*,*,#711,.F.);
#1024=ORIENTED_EDGE('',*,*,#789,.T.);
#1025=ORIENTED_EDGE('',*,*,#717,.T.);
#1026=ORIENTED_EDGE('',*,*,#790,.T.);
#1027=ORIENTED_EDGE('',*,*,#715,.F.);
#1028=ORIENTED_EDGE('',*,*,#791,.T.);
#1029=ORIENTED_EDGE('',*,*,#721,.T.);
#1030=ORIENTED_EDGE('',*,*,#792,.T.);
#1031=ORIENTED_EDGE('',*,*,#719,.F.);
#1032=ORIENTED_EDGE('',*,*,#793,.T.);
#1033=ORIENTED_EDGE('',*,*,#725,.T.);
#1034=ORIENTED_EDGE('',*,*,#794,.T.);
#1035=ORIENTED_EDGE('',*,*,#723,.F.);
#1036=ORIENTED_EDGE('',*,*,#795,.T.);
#1037=ORIENTED_EDGE('',*,*,#729,.T.);
#1038=ORIENTED_EDGE('',*,*,#796,.T.);
#1039=ORIENTED_EDGE('',*,*,#727,.F.);
#1040=ORIENTED_EDGE('',*,*,#797,.T.);
#1041=ORIENTED_EDGE('',*,*,#733,.T.);
#1042=ORIENTED_EDGE('',*,*,#798,.T.);
#1043=ORIENTED_EDGE('',*,*,#731,.F.);
#1044=ORIENTED_EDGE('',*,*,#799,.T.);
#1045=ORIENTED_EDGE('',*,*,#737,.T.);
#1046=ORIENTED_EDGE('',*,*,#800,.T.);
#1047=ORIENTED_EDGE('',*,*,#735,.F.);
#1048=ORIENTED_EDGE('',*,*,#801,.T.);
#1049=ORIENTED_EDGE('',*,*,#741,.T.);
#1050=ORIENTED_EDGE('',*,*,#802,.T.);
#1051=ORIENTED_EDGE('',*,*,#739,.F.);
#1052=ORIENTED_EDGE('',*,*,#803,.T.);
#1053=ORIENTED_EDGE('',*,*,#745,.T.);
#1054=ORIENTED_EDGE('',*,*,#804,.T.);
#1055=ORIENTED_EDGE('',*,*,#743,.F.);
#1056=ORIENTED_EDGE('',*,*,#805,.T.);
#1057=ORIENTED_EDGE('',*,*,#749,.T.);
#1058=ORIENTED_EDGE('',*,*,#806,.T.);
#1059=ORIENTED_EDGE('',*,*,#747,.F.);
#1060=ORIENTED_EDGE('',*,*,#807,.T.);
#1061=ORIENTED_EDGE('',*,*,#753,.T.);
#1062=ORIENTED_EDGE('',*,*,#808,.T.);
#1063=ORIENTED_EDGE('',*,*,#751,.F.);
#1064=ORIENTED_EDGE('',*,*,#809,.T.);
#1065=ORIENTED_EDGE('',*,*,#757,.T.);
#1066=ORIENTED_EDGE('',*,*,#810,.T.);
#1067=ORIENTED_EDGE('',*,*,#755,.F.);
#1068=ORIENTED_EDGE('',*,*,#811,.T.);
#1069=ORIENTED_EDGE('',*,*,#761,.T.);
#1070=ORIENTED_EDGE('',*,*,#812,.T.);
#1071=ORIENTED_EDGE('',*,*,#759,.F.);
#1072=ORIENTED_EDGE('',*,*,#813,.T.);
#1073=ORIENTED_EDGE('',*,*,#765,.T.);
#1074=ORIENTED_EDGE('',*,*,#814,.T.);
#1075=ORIENTED_EDGE('',*,*,#763,.F.);
#1076=ORIENTED_EDGE('',*,*,#815,.T.);
#1077=ORIENTED_EDGE('',*,*,#769,.T.);
#1078=ORIENTED_EDGE('',*,*,#816,.T.);
#1079=ORIENTED_EDGE('',*,*,#767,.F.);
#1080=ORIENTED_EDGE('',*,*,#817,.T.);
#1081=ORIENTED_EDGE('',*,*,#818,.T.);
#1082=ORIENTED_EDGE('',*,*,#819,.T.);
#1083=ORIENTED_EDGE('',*,*,#820,.T.);
#1084=ORIENTED_EDGE('',*,*,#821,.T.);
#1085=ORIENTED_EDGE('',*,*,#822,.T.);
#1086=ORIENTED_EDGE('',*,*,#823,.F.);
#1087=ORIENTED_EDGE('',*,*,#824,.T.);
#1088=ORIENTED_EDGE('',*,*,#772,.T.);
#1089=ORIENTED_EDGE('',*,*,#825,.T.);
#1090=ORIENTED_EDGE('',*,*,#826,.F.);
#1091=ORIENTED_EDGE('',*,*,#827,.T.);
#1092=ORIENTED_EDGE('',*,*,#828,.T.);
#1093=ORIENTED_EDGE('',*,*,#829,.T.);
#1094=ORIENTED_EDGE('',*,*,#830,.F.);
#1095=ORIENTED_EDGE('',*,*,#831,.T.);
#1096=ORIENTED_EDGE('',*,*,#832,.T.);
#1097=ORIENTED_EDGE('',*,*,#830,.T.);
#1098=ORIENTED_EDGE('',*,*,#833,.T.);
#1099=ORIENTED_EDGE('',*,*,#828,.F.);
#1100=ORIENTED_EDGE('',*,*,#834,.T.);
#1101=ORIENTED_EDGE('',*,*,#826,.T.);
#1102=ORIENTED_EDGE('',*,*,#835,.T.);
#1103=ORIENTED_EDGE('',*,*,#836,.T.);
#1104=ORIENTED_EDGE('',*,*,#837,.T.);
#1105=ORIENTED_EDGE('',*,*,#838,.F.);
#1106=ORIENTED_EDGE('',*,*,#839,.F.);
#1107=ORIENTED_EDGE('',*,*,#840,.T.);
#1108=ORIENTED_EDGE('',*,*,#841,.T.);
#1109=ORIENTED_EDGE('',*,*,#836,.F.);
#1110=ORIENTED_EDGE('',*,*,#842,.F.);
#1111=ORIENTED_EDGE('',*,*,#843,.T.);
#1112=ORIENTED_EDGE('',*,*,#844,.T.);
#1113=ORIENTED_EDGE('',*,*,#840,.F.);
#1114=ORIENTED_EDGE('',*,*,#845,.F.);
#1115=ORIENTED_EDGE('',*,*,#846,.F.);
#1116=ORIENTED_EDGE('',*,*,#847,.T.);
#1117=ORIENTED_EDGE('',*,*,#848,.T.);
#1118=ORIENTED_EDGE('',*,*,#849,.F.);
#1119=ORIENTED_EDGE('',*,*,#850,.F.);
#1120=ORIENTED_EDGE('',*,*,#851,.F.);
#1121=ORIENTED_EDGE('',*,*,#852,.F.);
#1122=ORIENTED_EDGE('',*,*,#853,.T.);
#1123=ORIENTED_EDGE('',*,*,#854,.T.);
#1124=ORIENTED_EDGE('',*,*,#855,.T.);
#1125=ORIENTED_EDGE('',*,*,#856,.T.);
#1126=ORIENTED_EDGE('',*,*,#857,.T.);
#1127=ORIENTED_EDGE('',*,*,#858,.T.);
#1128=ORIENTED_EDGE('',*,*,#859,.T.);
#1129=ORIENTED_EDGE('',*,*,#860,.T.);
#1130=ORIENTED_EDGE('',*,*,#861,.F.);
#1131=ORIENTED_EDGE('',*,*,#853,.F.);
#1132=ORIENTED_EDGE('',*,*,#861,.T.);
#1133=ORIENTED_EDGE('',*,*,#862,.T.);
#1134=ORIENTED_EDGE('',*,*,#846,.T.);
#1135=ORIENTED_EDGE('',*,*,#863,.F.);
#1136=ORIENTED_EDGE('',*,*,#854,.F.);
#1137=ORIENTED_EDGE('',*,*,#863,.T.);
#1138=ORIENTED_EDGE('',*,*,#852,.T.);
#1139=ORIENTED_EDGE('',*,*,#864,.F.);
#1140=ORIENTED_EDGE('',*,*,#855,.F.);
#1141=ORIENTED_EDGE('',*,*,#864,.T.);
#1142=ORIENTED_EDGE('',*,*,#851,.T.);
#1143=ORIENTED_EDGE('',*,*,#865,.F.);
#1144=ORIENTED_EDGE('',*,*,#856,.F.);
#1145=ORIENTED_EDGE('',*,*,#865,.T.);
#1146=ORIENTED_EDGE('',*,*,#850,.T.);
#1147=ORIENTED_EDGE('',*,*,#866,.T.);
#1148=ORIENTED_EDGE('',*,*,#867,.F.);
#1149=ORIENTED_EDGE('',*,*,#857,.F.);
#1150=ORIENTED_EDGE('',*,*,#867,.T.);
#1151=ORIENTED_EDGE('',*,*,#868,.T.);
#1152=ORIENTED_EDGE('',*,*,#859,.F.);
#1153=ORIENTED_EDGE('',*,*,#858,.F.);
#1154=ORIENTED_EDGE('',*,*,#847,.F.);
#1155=ORIENTED_EDGE('',*,*,#862,.F.);
#1156=ORIENTED_EDGE('',*,*,#860,.F.);
#1157=ORIENTED_EDGE('',*,*,#868,.F.);
#1158=ORIENTED_EDGE('',*,*,#866,.F.);
#1159=ORIENTED_EDGE('',*,*,#849,.T.);
#1160=ORIENTED_EDGE('',*,*,#869,.T.);
#1161=ORIENTED_EDGE('',*,*,#843,.F.);
#1162=ORIENTED_EDGE('',*,*,#870,.F.);
#1163=ORIENTED_EDGE('',*,*,#869,.F.);
#1164=ORIENTED_EDGE('',*,*,#848,.F.);
#1165=ORIENTED_EDGE('',*,*,#844,.F.);
#1166=ORIENTED_EDGE('',*,*,#870,.T.);
#1167=ORIENTED_EDGE('',*,*,#845,.T.);
#1168=ORIENTED_EDGE('',*,*,#871,.F.);
#1169=ORIENTED_EDGE('',*,*,#841,.F.);
#1170=ORIENTED_EDGE('',*,*,#871,.T.);
#1171=ORIENTED_EDGE('',*,*,#842,.T.);
#1172=ORIENTED_EDGE('',*,*,#872,.F.);
#1173=ORIENTED_EDGE('',*,*,#837,.F.);
#1174=ORIENTED_EDGE('',*,*,#872,.T.);
#1175=ORIENTED_EDGE('',*,*,#839,.T.);
#1176=ORIENTED_EDGE('',*,*,#873,.F.);
#1177=ORIENTED_EDGE('',*,*,#838,.T.);
#1178=ORIENTED_EDGE('',*,*,#873,.T.);
#1179=ORIENTED_EDGE('',*,*,#874,.F.);
#1180=ORIENTED_EDGE('',*,*,#822,.F.);
#1181=ORIENTED_EDGE('',*,*,#821,.F.);
#1182=ORIENTED_EDGE('',*,*,#875,.T.);
#1183=ORIENTED_EDGE('',*,*,#823,.T.);
#1184=ORIENTED_EDGE('',*,*,#874,.T.);
#1185=ORIENTED_EDGE('',*,*,#818,.F.);
#1186=ORIENTED_EDGE('',*,*,#876,.T.);
#1187=ORIENTED_EDGE('',*,*,#877,.F.);
#1188=ORIENTED_EDGE('',*,*,#878,.T.);
#1189=ORIENTED_EDGE('',*,*,#832,.F.);
#1190=ORIENTED_EDGE('',*,*,#879,.F.);
#1191=ORIENTED_EDGE('',*,*,#674,.F.);
#1192=ORIENTED_EDGE('',*,*,#671,.F.);
#1193=ORIENTED_EDGE('',*,*,#880,.T.);
#1194=ORIENTED_EDGE('',*,*,#831,.F.);
#1195=ORIENTED_EDGE('',*,*,#827,.F.);
#1196=ORIENTED_EDGE('',*,*,#880,.F.);
#1197=ORIENTED_EDGE('',*,*,#670,.F.);
#1198=ORIENTED_EDGE('',*,*,#677,.F.);
#1199=ORIENTED_EDGE('',*,*,#881,.F.);
#1200=ORIENTED_EDGE('',*,*,#876,.F.);
#1201=ORIENTED_EDGE('',*,*,#817,.F.);
#1202=ORIENTED_EDGE('',*,*,#766,.F.);
#1203=ORIENTED_EDGE('',*,*,#815,.F.);
#1204=ORIENTED_EDGE('',*,*,#762,.F.);
#1205=ORIENTED_EDGE('',*,*,#813,.F.);
#1206=ORIENTED_EDGE('',*,*,#758,.F.);
#1207=ORIENTED_EDGE('',*,*,#811,.F.);
#1208=ORIENTED_EDGE('',*,*,#754,.F.);
#1209=ORIENTED_EDGE('',*,*,#809,.F.);
#1210=ORIENTED_EDGE('',*,*,#750,.F.);
#1211=ORIENTED_EDGE('',*,*,#807,.F.);
#1212=ORIENTED_EDGE('',*,*,#746,.F.);
#1213=ORIENTED_EDGE('',*,*,#805,.F.);
#1214=ORIENTED_EDGE('',*,*,#742,.F.);
#1215=ORIENTED_EDGE('',*,*,#803,.F.);
#1216=ORIENTED_EDGE('',*,*,#738,.F.);
#1217=ORIENTED_EDGE('',*,*,#801,.F.);
#1218=ORIENTED_EDGE('',*,*,#734,.F.);
#1219=ORIENTED_EDGE('',*,*,#799,.F.);
#1220=ORIENTED_EDGE('',*,*,#730,.F.);
#1221=ORIENTED_EDGE('',*,*,#797,.F.);
#1222=ORIENTED_EDGE('',*,*,#726,.F.);
#1223=ORIENTED_EDGE('',*,*,#795,.F.);
#1224=ORIENTED_EDGE('',*,*,#722,.F.);
#1225=ORIENTED_EDGE('',*,*,#793,.F.);
#1226=ORIENTED_EDGE('',*,*,#718,.F.);
#1227=ORIENTED_EDGE('',*,*,#791,.F.);
#1228=ORIENTED_EDGE('',*,*,#714,.F.);
#1229=ORIENTED_EDGE('',*,*,#789,.F.);
#1230=ORIENTED_EDGE('',*,*,#710,.F.);
#1231=ORIENTED_EDGE('',*,*,#787,.F.);
#1232=ORIENTED_EDGE('',*,*,#706,.F.);
#1233=ORIENTED_EDGE('',*,*,#785,.F.);
#1234=ORIENTED_EDGE('',*,*,#702,.F.);
#1235=ORIENTED_EDGE('',*,*,#783,.F.);
#1236=ORIENTED_EDGE('',*,*,#698,.F.);
#1237=ORIENTED_EDGE('',*,*,#781,.F.);
#1238=ORIENTED_EDGE('',*,*,#694,.F.);
#1239=ORIENTED_EDGE('',*,*,#779,.F.);
#1240=ORIENTED_EDGE('',*,*,#690,.F.);
#1241=ORIENTED_EDGE('',*,*,#777,.F.);
#1242=ORIENTED_EDGE('',*,*,#686,.F.);
#1243=ORIENTED_EDGE('',*,*,#775,.F.);
#1244=ORIENTED_EDGE('',*,*,#682,.F.);
#1245=ORIENTED_EDGE('',*,*,#773,.F.);
#1246=ORIENTED_EDGE('',*,*,#678,.F.);
#1247=ORIENTED_EDGE('',*,*,#770,.F.);
#1248=ORIENTED_EDGE('',*,*,#824,.F.);
#1249=ORIENTED_EDGE('',*,*,#875,.F.);
#1250=ORIENTED_EDGE('',*,*,#820,.F.);
#1251=ORIENTED_EDGE('',*,*,#834,.F.);
#1252=ORIENTED_EDGE('',*,*,#825,.F.);
#1253=ORIENTED_EDGE('',*,*,#771,.F.);
#1254=ORIENTED_EDGE('',*,*,#680,.F.);
#1255=ORIENTED_EDGE('',*,*,#774,.F.);
#1256=ORIENTED_EDGE('',*,*,#684,.F.);
#1257=ORIENTED_EDGE('',*,*,#776,.F.);
#1258=ORIENTED_EDGE('',*,*,#688,.F.);
#1259=ORIENTED_EDGE('',*,*,#778,.F.);
#1260=ORIENTED_EDGE('',*,*,#692,.F.);
#1261=ORIENTED_EDGE('',*,*,#780,.F.);
#1262=ORIENTED_EDGE('',*,*,#696,.F.);
#1263=ORIENTED_EDGE('',*,*,#782,.F.);
#1264=ORIENTED_EDGE('',*,*,#700,.F.);
#1265=ORIENTED_EDGE('',*,*,#784,.F.);
#1266=ORIENTED_EDGE('',*,*,#704,.F.);
#1267=ORIENTED_EDGE('',*,*,#786,.F.);
#1268=ORIENTED_EDGE('',*,*,#708,.F.);
#1269=ORIENTED_EDGE('',*,*,#788,.F.);
#1270=ORIENTED_EDGE('',*,*,#712,.F.);
#1271=ORIENTED_EDGE('',*,*,#790,.F.);
#1272=ORIENTED_EDGE('',*,*,#716,.F.);
#1273=ORIENTED_EDGE('',*,*,#792,.F.);
#1274=ORIENTED_EDGE('',*,*,#720,.F.);
#1275=ORIENTED_EDGE('',*,*,#794,.F.);
#1276=ORIENTED_EDGE('',*,*,#724,.F.);
#1277=ORIENTED_EDGE('',*,*,#796,.F.);
#1278=ORIENTED_EDGE('',*,*,#728,.F.);
#1279=ORIENTED_EDGE('',*,*,#798,.F.);
#1280=ORIENTED_EDGE('',*,*,#732,.F.);
#1281=ORIENTED_EDGE('',*,*,#800,.F.);
#1282=ORIENTED_EDGE('',*,*,#736,.F.);
#1283=ORIENTED_EDGE('',*,*,#802,.F.);
#1284=ORIENTED_EDGE('',*,*,#740,.F.);
#1285=ORIENTED_EDGE('',*,*,#804,.F.);
#1286=ORIENTED_EDGE('',*,*,#744,.F.);
#1287=ORIENTED_EDGE('',*,*,#806,.F.);
#1288=ORIENTED_EDGE('',*,*,#748,.F.);
#1289=ORIENTED_EDGE('',*,*,#808,.F.);
#1290=ORIENTED_EDGE('',*,*,#752,.F.);
#1291=ORIENTED_EDGE('',*,*,#810,.F.);
#1292=ORIENTED_EDGE('',*,*,#756,.F.);
#1293=ORIENTED_EDGE('',*,*,#812,.F.);
#1294=ORIENTED_EDGE('',*,*,#760,.F.);
#1295=ORIENTED_EDGE('',*,*,#814,.F.);
#1296=ORIENTED_EDGE('',*,*,#764,.F.);
#1297=ORIENTED_EDGE('',*,*,#816,.F.);
#1298=ORIENTED_EDGE('',*,*,#768,.F.);
#1299=ORIENTED_EDGE('',*,*,#819,.F.);
#1300=ORIENTED_EDGE('',*,*,#878,.F.);
#1301=ORIENTED_EDGE('',*,*,#882,.F.);
#1302=ORIENTED_EDGE('',*,*,#675,.F.);
#1303=ORIENTED_EDGE('',*,*,#879,.T.);
#1304=ORIENTED_EDGE('',*,*,#833,.F.);
#1305=ORIENTED_EDGE('',*,*,#829,.F.);
#1306=ORIENTED_EDGE('',*,*,#835,.F.);
#1307=ORIENTED_EDGE('',*,*,#676,.F.);
#1308=ORIENTED_EDGE('',*,*,#882,.T.);
#1309=ORIENTED_EDGE('',*,*,#877,.T.);
#1310=ORIENTED_EDGE('',*,*,#881,.T.);
#1311=ORIENTED_EDGE('',*,*,#673,.T.);
#1312=ORIENTED_EDGE('',*,*,#668,.T.);
#1313=CONICAL_SURFACE('',#1414,0.600000000000004,0.785398163397449);
#1314=CONICAL_SURFACE('',#1416,0.600000000000004,0.785398163397449);
#1315=CONICAL_SURFACE('',#1466,1.05079999999999,0.349065850398867);
#1316=CONICAL_SURFACE('',#1468,1.05079999999999,0.349065850398867);
#1317=CONICAL_SURFACE('',#1469,1.05079999999999,0.349065850398867);
#1318=CONICAL_SURFACE('',#1470,1.05079999999999,0.349065850398867);
#1319=CONICAL_SURFACE('',#1482,1.02168783648703,1.0471975511966);
#1320=CONICAL_SURFACE('',#1491,1.02168783648703,1.0471975511966);
#1321=CONICAL_SURFACE('',#1503,1.05079999999999,0.349065850398867);
#1322=CONICAL_SURFACE('',#1506,0.600000000000004,0.785398163397449);
#1323=ADVANCED_FACE('',(#182),#1313,.T.);
#1324=ADVANCED_FACE('',(#183),#1314,.T.);
#1325=ADVANCED_FACE('',(#184),#132,.T.);
#1326=ADVANCED_FACE('',(#185),#133,.T.);
#1327=ADVANCED_FACE('',(#186),#134,.T.);
#1328=ADVANCED_FACE('',(#187),#135,.T.);
#1329=ADVANCED_FACE('',(#188),#136,.T.);
#1330=ADVANCED_FACE('',(#189),#137,.T.);
#1331=ADVANCED_FACE('',(#190),#138,.T.);
#1332=ADVANCED_FACE('',(#191),#139,.T.);
#1333=ADVANCED_FACE('',(#192),#140,.T.);
#1334=ADVANCED_FACE('',(#193),#141,.T.);
#1335=ADVANCED_FACE('',(#194),#142,.T.);
#1336=ADVANCED_FACE('',(#195),#143,.T.);
#1337=ADVANCED_FACE('',(#196),#144,.T.);
#1338=ADVANCED_FACE('',(#197),#145,.T.);
#1339=ADVANCED_FACE('',(#198),#146,.T.);
#1340=ADVANCED_FACE('',(#199),#147,.T.);
#1341=ADVANCED_FACE('',(#200),#148,.T.);
#1342=ADVANCED_FACE('',(#201),#149,.T.);
#1343=ADVANCED_FACE('',(#202),#150,.T.);
#1344=ADVANCED_FACE('',(#203),#151,.T.);
#1345=ADVANCED_FACE('',(#204),#152,.T.);
#1346=ADVANCED_FACE('',(#205),#153,.T.);
#1347=ADVANCED_FACE('',(#206),#154,.T.);
#1348=ADVANCED_FACE('',(#207),#155,.T.);
#1349=ADVANCED_FACE('',(#208),#156,.T.);
#1350=ADVANCED_FACE('',(#209),#157,.T.);
#1351=ADVANCED_FACE('',(#210),#158,.T.);
#1352=ADVANCED_FACE('',(#211),#159,.T.);
#1353=ADVANCED_FACE('',(#212),#160,.T.);
#1354=ADVANCED_FACE('',(#213),#161,.T.);
#1355=ADVANCED_FACE('',(#214),#162,.T.);
#1356=ADVANCED_FACE('',(#215),#163,.T.);
#1357=ADVANCED_FACE('',(#216),#164,.T.);
#1358=ADVANCED_FACE('',(#217),#165,.T.);
#1359=ADVANCED_FACE('',(#218),#166,.T.);
#1360=ADVANCED_FACE('',(#219),#167,.T.);
#1361=ADVANCED_FACE('',(#220),#168,.T.);
#1362=ADVANCED_FACE('',(#221),#169,.T.);
#1363=ADVANCED_FACE('',(#222),#170,.T.);
#1364=ADVANCED_FACE('',(#223),#171,.T.);
#1365=ADVANCED_FACE('',(#224),#172,.T.);
#1366=ADVANCED_FACE('',(#225),#173,.T.);
#1367=ADVANCED_FACE('',(#226),#174,.T.);
#1368=ADVANCED_FACE('',(#227),#175,.T.);
#1369=ADVANCED_FACE('',(#228),#176,.T.);
#1370=ADVANCED_FACE('',(#229),#177,.T.);
#1371=ADVANCED_FACE('',(#230),#178,.T.);
#1372=ADVANCED_FACE('',(#231),#1315,.T.);
#1373=ADVANCED_FACE('',(#232),#1316,.T.);
#1374=ADVANCED_FACE('',(#233),#1317,.T.);
#1375=ADVANCED_FACE('',(#234),#1318,.T.);
#1376=ADVANCED_FACE('',(#235),#30,.T.);
#1377=ADVANCED_FACE('',(#236),#179,.T.);
#1378=ADVANCED_FACE('',(#237),#31,.T.);
#1379=ADVANCED_FACE('',(#238),#1319,.F.);
#1380=ADVANCED_FACE('',(#239),#20,.T.);
#1381=ADVANCED_FACE('',(#240),#21,.F.);
#1382=ADVANCED_FACE('',(#241),#22,.F.);
#1383=ADVANCED_FACE('',(#242),#23,.F.);
#1384=ADVANCED_FACE('',(#243),#24,.F.);
#1385=ADVANCED_FACE('',(#244),#25,.F.);
#1386=ADVANCED_FACE('',(#245),#26,.F.);
#1387=ADVANCED_FACE('',(#246),#1320,.F.);
#1388=ADVANCED_FACE('',(#247,#18),#27,.T.);
#1389=ADVANCED_FACE('',(#248),#32,.T.);
#1390=ADVANCED_FACE('',(#249),#180,.T.);
#1391=ADVANCED_FACE('',(#250),#33,.T.);
#1392=ADVANCED_FACE('',(#251,#19),#28,.T.);
#1393=ADVANCED_FACE('',(#252),#1321,.T.);
#1394=ADVANCED_FACE('',(#253),#181,.T.);
#1395=ADVANCED_FACE('',(#254),#15,.T.);
#1396=ADVANCED_FACE('',(#255),#16,.T.);
#1397=ADVANCED_FACE('',(#256),#17,.T.);
#1398=ADVANCED_FACE('',(#257),#1322,.T.);
#1399=ADVANCED_FACE('',(#258),#29,.T.);
#1400=CLOSED_SHELL('',(#1323,#1324,#1325,#1326,#1327,#1328,#1329,#1330,
#1331,#1332,#1333,#1334,#1335,#1336,#1337,#1338,#1339,#1340,#1341,#1342,
#1343,#1344,#1345,#1346,#1347,#1348,#1349,#1350,#1351,#1352,#1353,#1354,
#1355,#1356,#1357,#1358,#1359,#1360,#1361,#1362,#1363,#1364,#1365,#1366,
#1367,#1368,#1369,#1370,#1371,#1372,#1373,#1374,#1375,#1376,#1377,#1378,
#1379,#1380,#1381,#1382,#1383,#1384,#1385,#1386,#1387,#1388,#1389,#1390,
#1391,#1392,#1393,#1394,#1395,#1396,#1397,#1398,#1399));
#1401=DERIVED_UNIT_ELEMENT(#1403,1.);
#1402=DERIVED_UNIT_ELEMENT(#5578,-3.);
#1403=(
MASS_UNIT()
NAMED_UNIT(*)
SI_UNIT(.KILO.,.GRAM.)
);
#1404=DERIVED_UNIT((#1401,#1402));
#1405=MEASURE_REPRESENTATION_ITEM('density measure',
POSITIVE_RATIO_MEASURE(7850.),#1404);
#1406=PROPERTY_DEFINITION_REPRESENTATION(#1411,#1408);
#1407=PROPERTY_DEFINITION_REPRESENTATION(#1412,#1409);
#1408=REPRESENTATION('material name',(#1410),#5575);
#1409=REPRESENTATION('density',(#1405),#5575);
#1410=DESCRIPTIVE_REPRESENTATION_ITEM('Steel','Steel');
#1411=PROPERTY_DEFINITION('material property','material name',#5585);
#1412=PROPERTY_DEFINITION('material property','density of part',#5585);
#1413=AXIS2_PLACEMENT_3D('',#1769,#1508,#1509);
#1414=AXIS2_PLACEMENT_3D('',#1770,#1510,#1511);
#1415=AXIS2_PLACEMENT_3D('',#1773,#1512,#1513);
#1416=AXIS2_PLACEMENT_3D('',#1793,#1516,#1517);
#1417=AXIS2_PLACEMENT_3D('',#1794,#1518,#1519);
#1418=AXIS2_PLACEMENT_3D('',#1825,#1521,#1522);
#1419=AXIS2_PLACEMENT_3D('',#1850,#1525,#1526);
#1420=AXIS2_PLACEMENT_3D('',#1875,#1529,#1530);
#1421=AXIS2_PLACEMENT_3D('',#1900,#1533,#1534);
#1422=AXIS2_PLACEMENT_3D('',#1925,#1537,#1538);
#1423=AXIS2_PLACEMENT_3D('',#1950,#1541,#1542);
#1424=AXIS2_PLACEMENT_3D('',#1975,#1545,#1546);
#1425=AXIS2_PLACEMENT_3D('',#2000,#1549,#1550);
#1426=AXIS2_PLACEMENT_3D('',#2025,#1553,#1554);
#1427=AXIS2_PLACEMENT_3D('',#2050,#1557,#1558);
#1428=AXIS2_PLACEMENT_3D('',#2075,#1561,#1562);
#1429=AXIS2_PLACEMENT_3D('',#2100,#1565,#1566);
#1430=AXIS2_PLACEMENT_3D('',#2125,#1569,#1570);
#1431=AXIS2_PLACEMENT_3D('',#2150,#1573,#1574);
#1432=AXIS2_PLACEMENT_3D('',#2175,#1577,#1578);
#1433=AXIS2_PLACEMENT_3D('',#2200,#1581,#1582);
#1434=AXIS2_PLACEMENT_3D('',#2225,#1585,#1586);
#1435=AXIS2_PLACEMENT_3D('',#2250,#1589,#1590);
#1436=AXIS2_PLACEMENT_3D('',#2275,#1593,#1594);
#1437=AXIS2_PLACEMENT_3D('',#2300,#1597,#1598);
#1438=AXIS2_PLACEMENT_3D('',#2325,#1601,#1602);
#1439=AXIS2_PLACEMENT_3D('',#2350,#1605,#1606);
#1440=AXIS2_PLACEMENT_3D('',#2375,#1609,#1610);
#1441=AXIS2_PLACEMENT_3D('',#2400,#1613,#1614);
#1442=AXIS2_PLACEMENT_3D('',#2417,#1615,#1616);
#1443=AXIS2_PLACEMENT_3D('',#2418,#1617,#1618);
#1444=AXIS2_PLACEMENT_3D('',#2437,#1619,#1620);
#1445=AXIS2_PLACEMENT_3D('',#2456,#1621,#1622);
#1446=AXIS2_PLACEMENT_3D('',#2475,#1623,#1624);
#1447=AXIS2_PLACEMENT_3D('',#2494,#1625,#1626);
#1448=AXIS2_PLACEMENT_3D('',#2513,#1627,#1628);
#1449=AXIS2_PLACEMENT_3D('',#2532,#1629,#1630);
#1450=AXIS2_PLACEMENT_3D('',#2551,#1631,#1632);
#1451=AXIS2_PLACEMENT_3D('',#2570,#1633,#1634);
#1452=AXIS2_PLACEMENT_3D('',#2589,#1635,#1636);
#1453=AXIS2_PLACEMENT_3D('',#2608,#1637,#1638);
#1454=AXIS2_PLACEMENT_3D('',#2627,#1639,#1640);
#1455=AXIS2_PLACEMENT_3D('',#2646,#1641,#1642);
#1456=AXIS2_PLACEMENT_3D('',#2665,#1643,#1644);
#1457=AXIS2_PLACEMENT_3D('',#2684,#1645,#1646);
#1458=AXIS2_PLACEMENT_3D('',#2703,#1647,#1648);
#1459=AXIS2_PLACEMENT_3D('',#2722,#1649,#1650);
#1460=AXIS2_PLACEMENT_3D('',#2741,#1651,#1652);
#1461=AXIS2_PLACEMENT_3D('',#2760,#1653,#1654);
#1462=AXIS2_PLACEMENT_3D('',#2779,#1655,#1656);
#1463=AXIS2_PLACEMENT_3D('',#2798,#1657,#1658);
#1464=AXIS2_PLACEMENT_3D('',#2817,#1659,#1660);
#1465=AXIS2_PLACEMENT_3D('',#2836,#1661,#1662);
#1466=AXIS2_PLACEMENT_3D('',#2858,#1664,#1665);
#1467=AXIS2_PLACEMENT_3D('',#2880,#1667,#1668);
#1468=AXIS2_PLACEMENT_3D('',#2905,#1671,#1672);
#1469=AXIS2_PLACEMENT_3D('',#2943,#1675,#1676);
#1470=AXIS2_PLACEMENT_3D('',#2953,#1677,#1678);
#1471=AXIS2_PLACEMENT_3D('',#2986,#1679,#1680);
#1472=AXIS2_PLACEMENT_3D('',#2989,#1681,#1682);
#1473=AXIS2_PLACEMENT_3D('',#2991,#1683,#1684);
#1474=AXIS2_PLACEMENT_3D('',#2993,#1685,#1686);
#1475=AXIS2_PLACEMENT_3D('',#2994,#1687,#1688);
#1476=AXIS2_PLACEMENT_3D('',#2995,#1689,#1690);
#1477=AXIS2_PLACEMENT_3D('',#2998,#1691,#1692);
#1478=AXIS2_PLACEMENT_3D('',#3001,#1695,#1696);
#1479=AXIS2_PLACEMENT_3D('',#3004,#1697,#1698);
#1480=AXIS2_PLACEMENT_3D('',#3005,#1699,#1700);
#1481=AXIS2_PLACEMENT_3D('',#3006,#1701,#1702);
#1482=AXIS2_PLACEMENT_3D('',#3007,#1703,#1704);
#1483=AXIS2_PLACEMENT_3D('',#3017,#1706,#1707);
#1484=AXIS2_PLACEMENT_3D('',#3038,#1709,#1710);
#1485=AXIS2_PLACEMENT_3D('',#3051,#1717,#1718);
#1486=AXIS2_PLACEMENT_3D('',#3062,#1721,#1722);
#1487=AXIS2_PLACEMENT_3D('',#3068,#1724,#1725);
#1488=AXIS2_PLACEMENT_3D('',#3070,#1727,#1728);
#1489=AXIS2_PLACEMENT_3D('',#3072,#1730,#1731);
#1490=AXIS2_PLACEMENT_3D('',#3079,#1733,#1734);
#1491=AXIS2_PLACEMENT_3D('',#3086,#1735,#1736);
#1492=AXIS2_PLACEMENT_3D('',#3087,#1737,#1738);
#1493=AXIS2_PLACEMENT_3D('',#3088,#1739,#1740);
#1494=AXIS2_PLACEMENT_3D('',#3089,#1741,#1742);
#1495=AXIS2_PLACEMENT_3D('',#3090,#1743,#1744);
#1496=AXIS2_PLACEMENT_3D('',#3091,#1745,#1746);
#1497=AXIS2_PLACEMENT_3D('',#3092,#1747,#1748);
#1498=AXIS2_PLACEMENT_3D('',#3093,#1749,#1750);
#1499=AXIS2_PLACEMENT_3D('',#3094,#1751,#1752);
#1500=AXIS2_PLACEMENT_3D('',#3095,#1753,#1754);
#1501=AXIS2_PLACEMENT_3D('',#3096,#1755,#1756);
#1502=AXIS2_PLACEMENT_3D('',#3097,#1757,#1758);
#1503=AXIS2_PLACEMENT_3D('',#3098,#1759,#1760);
#1504=AXIS2_PLACEMENT_3D('',#3117,#1761,#1762);
#1505=AXIS2_PLACEMENT_3D('',#3127,#1763,#1764);
#1506=AXIS2_PLACEMENT_3D('',#5571,#1765,#1766);
#1507=AXIS2_PLACEMENT_3D('',#5572,#1767,#1768);
#1508=DIRECTION('axis',(0.,0.,1.));
#1509=DIRECTION('refdir',(1.,0.,0.));
#1510=DIRECTION('center_axis',(0.,0.,1.));
#1511=DIRECTION('ref_axis',(1.,0.,0.));
#1512=DIRECTION('center_axis',(0.,0.,-1.));
#1513=DIRECTION('ref_axis',(-1.,0.,0.));
#1514=DIRECTION('',(-0.707106781186548,8.65956056235494E-17,0.707106781186547));
#1515=DIRECTION('',(0.707106781186548,0.,0.707106781186547));
#1516=DIRECTION('center_axis',(0.,0.,1.));
#1517=DIRECTION('ref_axis',(1.,0.,0.));
#1518=DIRECTION('center_axis',(0.,0.,-1.));
#1519=DIRECTION('ref_axis',(-1.,0.,0.));
#1520=DIRECTION('',(0.707106781186548,0.,0.707106781186547));
#1521=DIRECTION('center_axis',(0.,0.,-1.));
#1522=DIRECTION('ref_axis',(-1.,0.,0.));
#1523=DIRECTION('',(0.,0.,-1.));
#1524=DIRECTION('',(0.,0.,-1.));
#1525=DIRECTION('center_axis',(0.,0.,-1.));
#1526=DIRECTION('ref_axis',(-1.,0.,0.));
#1527=DIRECTION('',(0.,0.,-1.));
#1528=DIRECTION('',(0.,0.,-1.));
#1529=DIRECTION('center_axis',(0.,0.,-1.));
#1530=DIRECTION('ref_axis',(-1.,0.,0.));
#1531=DIRECTION('',(0.,0.,-1.));
#1532=DIRECTION('',(0.,0.,-1.));
#1533=DIRECTION('center_axis',(0.,0.,-1.));
#1534=DIRECTION('ref_axis',(-1.,0.,0.));
#1535=DIRECTION('',(0.,0.,-1.));
#1536=DIRECTION('',(0.,0.,-1.));
#1537=DIRECTION('center_axis',(0.,0.,-1.));
#1538=DIRECTION('ref_axis',(-1.,0.,0.));
#1539=DIRECTION('',(0.,0.,-1.));
#1540=DIRECTION('',(0.,0.,-1.));
#1541=DIRECTION('center_axis',(0.,0.,-1.));
#1542=DIRECTION('ref_axis',(-1.,0.,0.));
#1543=DIRECTION('',(0.,0.,-1.));
#1544=DIRECTION('',(0.,0.,-1.));
#1545=DIRECTION('center_axis',(0.,0.,-1.));
#1546=DIRECTION('ref_axis',(-1.,0.,0.));
#1547=DIRECTION('',(0.,0.,-1.));
#1548=DIRECTION('',(0.,0.,-1.));
#1549=DIRECTION('center_axis',(0.,0.,-1.));
#1550=DIRECTION('ref_axis',(-1.,0.,0.));
#1551=DIRECTION('',(0.,0.,-1.));
#1552=DIRECTION('',(0.,0.,-1.));
#1553=DIRECTION('center_axis',(0.,0.,-1.));
#1554=DIRECTION('ref_axis',(-1.,0.,0.));
#1555=DIRECTION('',(0.,0.,-1.));
#1556=DIRECTION('',(0.,0.,-1.));
#1557=DIRECTION('center_axis',(0.,0.,-1.));
#1558=DIRECTION('ref_axis',(-1.,0.,0.));
#1559=DIRECTION('',(0.,0.,-1.));
#1560=DIRECTION('',(0.,0.,-1.));
#1561=DIRECTION('center_axis',(0.,0.,-1.));
#1562=DIRECTION('ref_axis',(-1.,0.,0.));
#1563=DIRECTION('',(0.,0.,-1.));
#1564=DIRECTION('',(0.,0.,-1.));
#1565=DIRECTION('center_axis',(0.,0.,-1.));
#1566=DIRECTION('ref_axis',(-1.,0.,0.));
#1567=DIRECTION('',(0.,0.,-1.));
#1568=DIRECTION('',(0.,0.,-1.));
#1569=DIRECTION('center_axis',(0.,0.,-1.));
#1570=DIRECTION('ref_axis',(-1.,0.,0.));
#1571=DIRECTION('',(0.,0.,-1.));
#1572=DIRECTION('',(0.,0.,-1.));
#1573=DIRECTION('center_axis',(0.,0.,-1.));
#1574=DIRECTION('ref_axis',(-1.,0.,0.));
#1575=DIRECTION('',(0.,0.,-1.));
#1576=DIRECTION('',(0.,0.,-1.));
#1577=DIRECTION('center_axis',(0.,0.,-1.));
#1578=DIRECTION('ref_axis',(-1.,0.,0.));
#1579=DIRECTION('',(0.,0.,-1.));
#1580=DIRECTION('',(0.,0.,-1.));
#1581=DIRECTION('center_axis',(0.,0.,-1.));
#1582=DIRECTION('ref_axis',(-1.,0.,0.));
#1583=DIRECTION('',(0.,0.,-1.));
#1584=DIRECTION('',(0.,0.,-1.));
#1585=DIRECTION('center_axis',(0.,0.,-1.));
#1586=DIRECTION('ref_axis',(-1.,0.,0.));
#1587=DIRECTION('',(0.,0.,-1.));
#1588=DIRECTION('',(0.,0.,-1.));
#1589=DIRECTION('center_axis',(0.,0.,-1.));
#1590=DIRECTION('ref_axis',(-1.,0.,0.));
#1591=DIRECTION('',(0.,0.,-1.));
#1592=DIRECTION('',(0.,0.,-1.));
#1593=DIRECTION('center_axis',(0.,0.,-1.));
#1594=DIRECTION('ref_axis',(-1.,0.,0.));
#1595=DIRECTION('',(0.,0.,-1.));
#1596=DIRECTION('',(0.,0.,-1.));
#1597=DIRECTION('center_axis',(0.,0.,-1.));
#1598=DIRECTION('ref_axis',(-1.,0.,0.));
#1599=DIRECTION('',(0.,0.,-1.));
#1600=DIRECTION('',(0.,0.,-1.));
#1601=DIRECTION('center_axis',(0.,0.,-1.));
#1602=DIRECTION('ref_axis',(-1.,0.,0.));
#1603=DIRECTION('',(0.,0.,-1.));
#1604=DIRECTION('',(0.,0.,-1.));
#1605=DIRECTION('center_axis',(0.,0.,-1.));
#1606=DIRECTION('ref_axis',(-1.,0.,0.));
#1607=DIRECTION('',(0.,0.,-1.));
#1608=DIRECTION('',(0.,0.,-1.));
#1609=DIRECTION('center_axis',(0.,0.,-1.));
#1610=DIRECTION('ref_axis',(-1.,0.,0.));
#1611=DIRECTION('',(0.,0.,-1.));
#1612=DIRECTION('',(0.,0.,-1.));
#1613=DIRECTION('center_axis',(0.,0.,-1.));
#1614=DIRECTION('ref_axis',(-1.,0.,0.));
#1615=DIRECTION('center_axis',(0.,0.,1.));
#1616=DIRECTION('ref_axis',(1.,0.,0.));
#1617=DIRECTION('center_axis',(0.,0.,-1.));
#1618=DIRECTION('ref_axis',(-1.,0.,0.));
#1619=DIRECTION('center_axis',(0.,0.,-1.));
#1620=DIRECTION('ref_axis',(-1.,0.,0.));
#1621=DIRECTION('center_axis',(0.,0.,-1.));
#1622=DIRECTION('ref_axis',(-1.,0.,0.));
#1623=DIRECTION('center_axis',(0.,0.,-1.));
#1624=DIRECTION('ref_axis',(-1.,0.,0.));
#1625=DIRECTION('center_axis',(0.,0.,-1.));
#1626=DIRECTION('ref_axis',(-1.,0.,0.));
#1627=DIRECTION('center_axis',(0.,0.,-1.));
#1628=DIRECTION('ref_axis',(-1.,0.,0.));
#1629=DIRECTION('center_axis',(0.,0.,-1.));
#1630=DIRECTION('ref_axis',(-1.,0.,0.));
#1631=DIRECTION('center_axis',(0.,0.,-1.));
#1632=DIRECTION('ref_axis',(-1.,0.,0.));
#1633=DIRECTION('center_axis',(0.,0.,-1.));
#1634=DIRECTION('ref_axis',(-1.,0.,0.));
#1635=DIRECTION('center_axis',(0.,0.,-1.));
#1636=DIRECTION('ref_axis',(-1.,0.,0.));
#1637=DIRECTION('center_axis',(0.,0.,-1.));
#1638=DIRECTION('ref_axis',(-1.,0.,0.));
#1639=DIRECTION('center_axis',(0.,0.,-1.));
#1640=DIRECTION('ref_axis',(-1.,0.,0.));
#1641=DIRECTION('center_axis',(0.,0.,-1.));
#1642=DIRECTION('ref_axis',(-1.,0.,0.));
#1643=DIRECTION('center_axis',(0.,0.,-1.));
#1644=DIRECTION('ref_axis',(-1.,0.,0.));
#1645=DIRECTION('center_axis',(0.,0.,-1.));
#1646=DIRECTION('ref_axis',(-1.,0.,0.));
#1647=DIRECTION('center_axis',(0.,0.,-1.));
#1648=DIRECTION('ref_axis',(-1.,0.,0.));
#1649=DIRECTION('center_axis',(0.,0.,-1.));
#1650=DIRECTION('ref_axis',(-1.,0.,0.));
#1651=DIRECTION('center_axis',(0.,0.,-1.));
#1652=DIRECTION('ref_axis',(-1.,0.,0.));
#1653=DIRECTION('center_axis',(0.,0.,-1.));
#1654=DIRECTION('ref_axis',(-1.,0.,0.));
#1655=DIRECTION('center_axis',(0.,0.,-1.));
#1656=DIRECTION('ref_axis',(-1.,0.,0.));
#1657=DIRECTION('center_axis',(0.,0.,-1.));
#1658=DIRECTION('ref_axis',(-1.,0.,0.));
#1659=DIRECTION('center_axis',(0.,0.,-1.));
#1660=DIRECTION('ref_axis',(-1.,0.,0.));
#1661=DIRECTION('center_axis',(0.,0.,-1.));
#1662=DIRECTION('ref_axis',(-1.,0.,0.));
#1663=DIRECTION('',(0.,0.,-1.));
#1664=DIRECTION('center_axis',(0.,0.,1.));
#1665=DIRECTION('ref_axis',(-1.,0.,0.));
#1666=DIRECTION('',(0.342020143325669,-4.188538737677E-17,0.939692620785908));
#1667=DIRECTION('center_axis',(0.,0.,-1.));
#1668=DIRECTION('ref_axis',(-1.,0.,0.));
#1669=DIRECTION('',(-0.342020143325669,0.,0.939692620785908));
#1670=DIRECTION('',(-0.342020143325669,0.,0.939692620785908));
#1671=DIRECTION('center_axis',(0.,0.,1.));
#1672=DIRECTION('ref_axis',(-1.,0.,0.));
#1673=DIRECTION('',(0.342020143325669,-4.188538737677E-17,0.939692620785908));
#1674=DIRECTION('',(-0.342020143325669,0.,0.939692620785908));
#1675=DIRECTION('center_axis',(0.,0.,1.));
#1676=DIRECTION('ref_axis',(-1.,0.,0.));
#1677=DIRECTION('center_axis',(0.,0.,1.));
#1678=DIRECTION('ref_axis',(-1.,0.,0.));
#1679=DIRECTION('center_axis',(0.,0.,-1.));
#1680=DIRECTION('ref_axis',(-1.,0.,0.));
#1681=DIRECTION('center_axis',(0.,0.,-1.));
#1682=DIRECTION('ref_axis',(-1.,0.,0.));
#1683=DIRECTION('center_axis',(-1.22464679914735E-16,1.,0.));
#1684=DIRECTION('ref_axis',(-1.,-1.22464679914736E-16,0.));
#1685=DIRECTION('center_axis',(0.,0.,-1.));
#1686=DIRECTION('ref_axis',(-1.,0.,0.));
#1687=DIRECTION('center_axis',(0.,-1.,0.));
#1688=DIRECTION('ref_axis',(0.,0.,-1.));
#1689=DIRECTION('center_axis',(0.,0.,-1.));
#1690=DIRECTION('ref_axis',(-1.,0.,0.));
#1691=DIRECTION('center_axis',(0.,0.,-1.));
#1692=DIRECTION('ref_axis',(-1.,0.,0.));
#1693=DIRECTION('',(0.,0.,-1.));
#1694=DIRECTION('',(0.,0.,-1.));
#1695=DIRECTION('center_axis',(0.,0.,-1.));
#1696=DIRECTION('ref_axis',(-1.,0.,0.));
#1697=DIRECTION('center_axis',(0.,0.,-1.));
#1698=DIRECTION('ref_axis',(-1.,0.,0.));
#1699=DIRECTION('center_axis',(-1.22464679914735E-16,1.,0.));
#1700=DIRECTION('ref_axis',(-1.,-1.22464679914737E-16,0.));
#1701=DIRECTION('center_axis',(0.,-1.,0.));
#1702=DIRECTION('ref_axis',(0.,0.,-1.));
#1703=DIRECTION('center_axis',(0.,0.,1.));
#1704=DIRECTION('ref_axis',(1.,0.,0.));
#1705=DIRECTION('',(-0.86602540378444,1.06057523872491E-16,0.499999999999998));
#1706=DIRECTION('center_axis',(0.,0.,1.));
#1707=DIRECTION('ref_axis',(1.,0.,0.));
#1708=DIRECTION('',(0.86602540378444,0.,0.499999999999998));
#1709=DIRECTION('center_axis',(0.,0.,1.));
#1710=DIRECTION('ref_axis',(1.,0.,0.));
#1711=DIRECTION('',(-0.866025403784438,-0.5,0.));
#1712=DIRECTION('',(5.00771532912388E-16,-1.,0.));
#1713=DIRECTION('',(0.866025403784439,-0.5,0.));
#1714=DIRECTION('',(0.866025403784438,0.5,0.));
#1715=DIRECTION('',(0.,1.,0.));
#1716=DIRECTION('',(-0.866025403784439,0.5,0.));
#1717=DIRECTION('center_axis',(-0.5,0.866025403784438,0.));
#1718=DIRECTION('ref_axis',(-0.866025403784438,-0.5,0.));
#1719=DIRECTION('',(0.,0.,1.));
#1720=DIRECTION('',(0.,0.,1.));
#1721=DIRECTION('center_axis',(-1.,-5.00771532912388E-16,0.));
#1722=DIRECTION('ref_axis',(5.00771532912388E-16,-1.,0.));
#1723=DIRECTION('',(0.,0.,1.));
#1724=DIRECTION('center_axis',(-0.5,-0.866025403784439,0.));
#1725=DIRECTION('ref_axis',(0.866025403784439,-0.5,0.));
#1726=DIRECTION('',(0.,0.,1.));
#1727=DIRECTION('center_axis',(0.5,-0.866025403784439,0.));
#1728=DIRECTION('ref_axis',(0.866025403784439,0.5,0.));
#1729=DIRECTION('',(0.,0.,1.));
#1730=DIRECTION('center_axis',(1.,0.,0.));
#1731=DIRECTION('ref_axis',(0.,0.,-1.));
#1732=DIRECTION('',(0.,0.,1.));
#1733=DIRECTION('center_axis',(0.5,0.866025403784439,0.));
#1734=DIRECTION('ref_axis',(-0.866025403784439,0.5,0.));
#1735=DIRECTION('center_axis',(0.,0.,1.));
#1736=DIRECTION('ref_axis',(1.,0.,0.));
#1737=DIRECTION('center_axis',(0.,0.,1.));
#1738=DIRECTION('ref_axis',(1.,0.,0.));
#1739=DIRECTION('center_axis',(0.,0.,1.));
#1740=DIRECTION('ref_axis',(1.,0.,0.));
#1741=DIRECTION('center_axis',(0.,0.,-1.));
#1742=DIRECTION('ref_axis',(-1.,0.,0.));
#1743=DIRECTION('center_axis',(0.,0.,-1.));
#1744=DIRECTION('ref_axis',(-1.,0.,0.));
#1745=DIRECTION('center_axis',(0.,0.,-1.));
#1746=DIRECTION('ref_axis',(-1.,0.,0.));
#1747=DIRECTION('center_axis',(0.,0.,-1.));
#1748=DIRECTION('ref_axis',(-1.,0.,0.));
#1749=DIRECTION('center_axis',(0.,0.,-1.));
#1750=DIRECTION('ref_axis',(-1.,0.,0.));
#1751=DIRECTION('center_axis',(0.,0.,-1.));
#1752=DIRECTION('ref_axis',(-1.,0.,0.));
#1753=DIRECTION('center_axis',(0.,0.,-1.));
#1754=DIRECTION('ref_axis',(-1.,0.,0.));
#1755=DIRECTION('center_axis',(0.,0.,-1.));
#1756=DIRECTION('ref_axis',(-1.,0.,0.));
#1757=DIRECTION('center_axis',(0.,0.,-1.));
#1758=DIRECTION('ref_axis',(-1.,0.,0.));
#1759=DIRECTION('center_axis',(0.,0.,1.));
#1760=DIRECTION('ref_axis',(-1.,0.,0.));
#1761=DIRECTION('center_axis',(0.,0.,-1.));
#1762=DIRECTION('ref_axis',(-1.,0.,0.));
#1763=DIRECTION('center_axis',(0.,0.,-1.));
#1764=DIRECTION('ref_axis',(-1.,0.,0.));
#1765=DIRECTION('center_axis',(0.,0.,1.));
#1766=DIRECTION('ref_axis',(1.,0.,0.));
#1767=DIRECTION('center_axis',(0.,0.,-1.));
#1768=DIRECTION('ref_axis',(-1.,0.,0.));
#1769=CARTESIAN_POINT('',(0.,0.,0.));
#1770=CARTESIAN_POINT('Origin',(0.,-2.60208521396521E-15,-6.));
#1771=CARTESIAN_POINT('',(-0.600000000000004,-2.50591914574187E-15,-6.));
#1772=CARTESIAN_POINT('',(0.600000000000004,-2.60208521396521E-15,-6.));
#1773=CARTESIAN_POINT('Origin',(0.,-2.60208521396521E-15,-6.));
#1774=CARTESIAN_POINT('',(-0.841506350947651,-3.0612766580013E-11,-5.75849364905236));
#1775=CARTESIAN_POINT('',(-0.600000000000004,-2.52860640601637E-15,-6.));
#1776=CARTESIAN_POINT('',(0.594223231930513,0.441342846734136,-5.85980762113534));
#1777=CARTESIAN_POINT('Ctrl Pts',(-0.841506350947651,-3.0612766580013E-11,
-5.75849364905236));
#1778=CARTESIAN_POINT('Ctrl Pts',(-0.833260734379799,0.164172320653473,
-5.76673926562618));
#1779=CARTESIAN_POINT('Ctrl Pts',(-0.775093509254271,0.327823974933771,
-5.77470558744602));
#1780=CARTESIAN_POINT('Ctrl Pts',(-0.577201349697832,0.59161238074719,-5.79003767500599));
#1781=CARTESIAN_POINT('Ctrl Pts',(-0.437567546829111,0.691319360214002,
-5.79890698787613));
#1782=CARTESIAN_POINT('Ctrl Pts',(-0.12019192489054,0.791967757327229,-5.81640493513309));
#1783=CARTESIAN_POINT('Ctrl Pts',(0.0511659650769656,0.79197264911196,-5.82377486011062));
#1784=CARTESIAN_POINT('Ctrl Pts',(0.364564838578547,0.685459613212652,-5.84141629483223));
#1785=CARTESIAN_POINT('Ctrl Pts',(0.501923095075735,0.580253741476742,-5.85107956031888));
#1786=CARTESIAN_POINT('Ctrl Pts',(0.594223231930513,0.441342846734136,-5.85980762113534));
#1787=CARTESIAN_POINT('',(0.740192378864673,-2.54197209480865E-15,-5.85980762113533));
#1788=CARTESIAN_POINT('Ctrl Pts',(0.594223231930513,0.441342846734136,-5.85980762113534));
#1789=CARTESIAN_POINT('Ctrl Pts',(0.688918162748187,0.31384575857625,-5.85980762113534));
#1790=CARTESIAN_POINT('Ctrl Pts',(0.740192378864671,0.15687465036578,-5.85980762113533));
#1791=CARTESIAN_POINT('Ctrl Pts',(0.740192378864673,-2.54197209480865E-15,
-5.85980762113533));
#1792=CARTESIAN_POINT('',(0.600000000000004,-2.60208521396521E-15,-6.));
#1793=CARTESIAN_POINT('Origin',(0.,-2.60208521396521E-15,-6.));
#1794=CARTESIAN_POINT('Origin',(0.,-2.60208521396521E-15,-6.));
#1795=CARTESIAN_POINT('',(0.732138712861072,-0.108892896276469,-5.85980762113434));
#1796=CARTESIAN_POINT('Ctrl Pts',(0.740192378864673,-2.54197209480865E-15,
-5.85980762113533));
#1797=CARTESIAN_POINT('Ctrl Pts',(0.740192378864673,-0.0362730765330344,
-5.85980762113533));
#1798=CARTESIAN_POINT('Ctrl Pts',(0.737541051569096,-0.0725704047001344,
-5.85980762113533));
#1799=CARTESIAN_POINT('Ctrl Pts',(0.732138712861072,-0.108892896276469,
-5.85980762113434));
#1800=CARTESIAN_POINT('',(0.763397459621559,-2.32408877239648E-15,-5.83660254037845));
#1801=CARTESIAN_POINT('Ctrl Pts',(0.732138712861072,-0.108892896276469,
-5.85980762113434));
#1802=CARTESIAN_POINT('Ctrl Pts',(0.745404941879572,-0.0731492770173622,
-5.85194413350782));
#1803=CARTESIAN_POINT('Ctrl Pts',(0.755784858759854,-0.0368430542819456,
-5.84421514124015));
#1804=CARTESIAN_POINT('Ctrl Pts',(0.763397459621559,-2.32408877239648E-15,
-5.83660254037845));
#1805=CARTESIAN_POINT('',(0.968301270189942,1.63900986217975E-11,-5.63169872981006));
#1806=CARTESIAN_POINT('',(0.600000000000004,-2.60208521396521E-15,-6.));
#1807=CARTESIAN_POINT('Ctrl Pts',(0.968301270189942,1.63900986217975E-11,
-5.63169872981006));
#1808=CARTESIAN_POINT('Ctrl Pts',(0.963145156055194,-0.118127884704834,
-5.63685484394681));
#1809=CARTESIAN_POINT('Ctrl Pts',(0.93576882928175,-0.236283986116314,-5.64209932497467));
#1810=CARTESIAN_POINT('Ctrl Pts',(0.841369532433517,-0.452762281652633,
-5.6518562065497));
#1811=CARTESIAN_POINT('Ctrl Pts',(0.773275461068215,-0.553551385675469,
-5.6563391659594));
#1812=CARTESIAN_POINT('Ctrl Pts',(0.606009765506207,-0.71979829222591,-5.66646954425207));
#1813=CARTESIAN_POINT('Ctrl Pts',(0.504971011124115,-0.787532751011133,
-5.67194901873883));
#1814=CARTESIAN_POINT('Ctrl Pts',(0.287189232481841,-0.879113085916512,
-5.68272548225076));
#1815=CARTESIAN_POINT('Ctrl Pts',(0.168494018980031,-0.903960427541643,
-5.6881228369268));
#1816=CARTESIAN_POINT('Ctrl Pts',(-0.0684562321612428,-0.907188144669522,
-5.69796792901153));
#1817=CARTESIAN_POINT('Ctrl Pts',(-0.186977713516366,-0.885351817740165,
-5.70296657645027));
#1818=CARTESIAN_POINT('Ctrl Pts',(-0.4074934518901,-0.795608487744822,-5.71405178732466));
#1819=CARTESIAN_POINT('Ctrl Pts',(-0.507666643858397,-0.728838006823362,
-5.71980534344415));
#1820=CARTESIAN_POINT('Ctrl Pts',(-0.675518420084408,-0.559419717180862,
-5.73104204486245));
#1821=CARTESIAN_POINT('Ctrl Pts',(-0.741832076778271,-0.458340256971891,
-5.73603892828686));
#1822=CARTESIAN_POINT('Ctrl Pts',(-0.8279387438058,-0.238008104693821,-5.74667208323402));
#1823=CARTESIAN_POINT('Ctrl Pts',(-0.847428092878425,-0.117903386304721,
-5.75257190711729));
#1824=CARTESIAN_POINT('Ctrl Pts',(-0.841506350947651,-3.0612766580013E-11,
-5.75849364905236));
#1825=CARTESIAN_POINT('Origin',(0.,-2.60208521396521E-15,-6.));
#1826=CARTESIAN_POINT('',(-1.00000000000001,-8.9767928833814E-15,3.75));
#1827=CARTESIAN_POINT('',(1.00000000000001,-1.74306657929736E-16,3.55));
#1828=CARTESIAN_POINT('Ctrl Pts',(-1.00000000000001,-8.9767928833814E-15,
3.75));
#1829=CARTESIAN_POINT('Ctrl Pts',(-1.00000000000001,0.267949192431117,3.73213672050459));
#1830=CARTESIAN_POINT('Ctrl Pts',(-0.866025403784448,0.499999999999997,
3.71666666666666));
#1831=CARTESIAN_POINT('Ctrl Pts',(-0.577350269189632,1.,3.68333333333333));
#1832=CARTESIAN_POINT('Ctrl Pts',(0.,1.,3.65));
#1833=CARTESIAN_POINT('Ctrl Pts',(0.577350269189633,1.,3.61666666666666));
#1834=CARTESIAN_POINT('Ctrl Pts',(0.866025403784449,0.499999999999996,3.58333333333333));
#1835=CARTESIAN_POINT('Ctrl Pts',(1.00000000000001,0.26794919243112,3.5678632794954));
#1836=CARTESIAN_POINT('Ctrl Pts',(1.00000000000001,-1.74306657929736E-16,
3.55));
#1837=CARTESIAN_POINT('',(1.00000000000001,-9.47066174751565E-15,3.5));
#1838=CARTESIAN_POINT('',(1.,-2.47962053405048E-15,-6.));
#1839=CARTESIAN_POINT('',(-1.00000000000001,-8.9767928833814E-15,3.7));
#1840=CARTESIAN_POINT('Ctrl Pts',(1.00000000000001,-9.47066174751565E-15,
3.5));
#1841=CARTESIAN_POINT('Ctrl Pts',(1.00000000000001,0.267949192431116,3.51786327949541));
#1842=CARTESIAN_POINT('Ctrl Pts',(0.866025403784449,0.499999999999996,3.53333333333333));
#1843=CARTESIAN_POINT('Ctrl Pts',(0.577350269189633,1.,3.56666666666667));
#1844=CARTESIAN_POINT('Ctrl Pts',(0.,1.,3.6));
#1845=CARTESIAN_POINT('Ctrl Pts',(-0.577350269189632,1.,3.63333333333333));
#1846=CARTESIAN_POINT('Ctrl Pts',(-0.866025403784448,0.499999999999997,
3.66666666666667));
#1847=CARTESIAN_POINT('Ctrl Pts',(-1.00000000000001,0.267949192431117,3.68213672050459));
#1848=CARTESIAN_POINT('Ctrl Pts',(-1.00000000000001,-8.9767928833814E-15,
3.7));
#1849=CARTESIAN_POINT('',(-1.,-2.60208521396521E-15,-6.));
#1850=CARTESIAN_POINT('Origin',(0.,-2.60208521396521E-15,-6.));
#1851=CARTESIAN_POINT('',(-1.00000000000001,-8.9767928833814E-15,3.34999999999999));
#1852=CARTESIAN_POINT('',(1.00000000000001,-9.47066174751565E-15,3.14999999999999));
#1853=CARTESIAN_POINT('Ctrl Pts',(-1.00000000000001,-8.9767928833814E-15,
3.35));
#1854=CARTESIAN_POINT('Ctrl Pts',(-1.00000000000001,0.267949192431117,3.33213672050459));
#1855=CARTESIAN_POINT('Ctrl Pts',(-0.866025403784448,0.499999999999997,
3.31666666666666));
#1856=CARTESIAN_POINT('Ctrl Pts',(-0.577350269189632,1.,3.28333333333333));
#1857=CARTESIAN_POINT('Ctrl Pts',(0.,1.,3.25));
#1858=CARTESIAN_POINT('Ctrl Pts',(0.577350269189633,1.,3.21666666666666));
#1859=CARTESIAN_POINT('Ctrl Pts',(0.866025403784449,0.499999999999996,3.18333333333333));
#1860=CARTESIAN_POINT('Ctrl Pts',(1.00000000000001,0.267949192431116,3.1678632794954));
#1861=CARTESIAN_POINT('Ctrl Pts',(1.00000000000001,-9.47066174751565E-15,
3.15));
#1862=CARTESIAN_POINT('',(1.00000000000001,-9.47066174751565E-15,3.1));
#1863=CARTESIAN_POINT('',(1.,-2.47962053405048E-15,-6.));
#1864=CARTESIAN_POINT('',(-1.00000000000001,-8.9767928833814E-15,3.3));
#1865=CARTESIAN_POINT('Ctrl Pts',(1.00000000000001,-9.47066174751565E-15,
3.1));
#1866=CARTESIAN_POINT('Ctrl Pts',(1.00000000000001,0.267949192431116,3.11786327949541));
#1867=CARTESIAN_POINT('Ctrl Pts',(0.866025403784449,0.499999999999996,3.13333333333333));
#1868=CARTESIAN_POINT('Ctrl Pts',(0.577350269189633,1.,3.16666666666666));
#1869=CARTESIAN_POINT('Ctrl Pts',(0.,1.,3.2));
#1870=CARTESIAN_POINT('Ctrl Pts',(-0.577350269189632,1.,3.23333333333333));
#1871=CARTESIAN_POINT('Ctrl Pts',(-0.866025403784448,0.499999999999997,
3.26666666666667));
#1872=CARTESIAN_POINT('Ctrl Pts',(-1.00000000000001,0.267949192431117,3.28213672050459));
#1873=CARTESIAN_POINT('Ctrl Pts',(-1.00000000000001,-8.9767928833814E-15,
3.3));
#1874=CARTESIAN_POINT('',(-1.,-2.60208521396521E-15,-6.));
#1875=CARTESIAN_POINT('Origin',(0.,-2.60208521396521E-15,-6.));
#1876=CARTESIAN_POINT('',(-1.00000000000001,-8.9767928833814E-15,2.95));
#1877=CARTESIAN_POINT('',(1.00000000000001,-9.47066174751565E-15,2.75));
#1878=CARTESIAN_POINT('Ctrl Pts',(-1.00000000000001,-8.9767928833814E-15,
2.95));
#1879=CARTESIAN_POINT('Ctrl Pts',(-1.00000000000001,0.267949192431117,2.93213672050459));
#1880=CARTESIAN_POINT('Ctrl Pts',(-0.866025403784448,0.499999999999997,
2.91666666666666));
#1881=CARTESIAN_POINT('Ctrl Pts',(-0.577350269189632,1.,2.88333333333333));
#1882=CARTESIAN_POINT('Ctrl Pts',(0.,1.,2.84999999999999));
#1883=CARTESIAN_POINT('Ctrl Pts',(0.577350269189633,1.,2.81666666666666));
#1884=CARTESIAN_POINT('Ctrl Pts',(0.866025403784449,0.499999999999996,2.78333333333333));
#1885=CARTESIAN_POINT('Ctrl Pts',(1.00000000000001,0.267949192431116,2.7678632794954));
#1886=CARTESIAN_POINT('Ctrl Pts',(1.00000000000001,-9.47066174751565E-15,
2.75));
#1887=CARTESIAN_POINT('',(1.00000000000001,-9.47066174751565E-15,2.7));
#1888=CARTESIAN_POINT('',(1.,-2.47962053405048E-15,-6.));
#1889=CARTESIAN_POINT('',(-1.00000000000001,-8.9767928833814E-15,2.9));
#1890=CARTESIAN_POINT('Ctrl Pts',(1.00000000000001,-9.47066174751565E-15,
2.7));
#1891=CARTESIAN_POINT('Ctrl Pts',(1.00000000000001,0.267949192431116,2.71786327949541));
#1892=CARTESIAN_POINT('Ctrl Pts',(0.866025403784449,0.499999999999996,2.73333333333333));
#1893=CARTESIAN_POINT('Ctrl Pts',(0.577350269189633,1.,2.76666666666667));
#1894=CARTESIAN_POINT('Ctrl Pts',(0.,1.,2.8));
#1895=CARTESIAN_POINT('Ctrl Pts',(-0.577350269189632,1.,2.83333333333333));
#1896=CARTESIAN_POINT('Ctrl Pts',(-0.866025403784448,0.499999999999997,
2.86666666666667));
#1897=CARTESIAN_POINT('Ctrl Pts',(-1.00000000000001,0.267949192431117,2.88213672050459));
#1898=CARTESIAN_POINT('Ctrl Pts',(-1.00000000000001,-8.9767928833814E-15,
2.9));
#1899=CARTESIAN_POINT('',(-1.,-2.60208521396521E-15,-6.));
#1900=CARTESIAN_POINT('Origin',(0.,-2.60208521396521E-15,-6.));
#1901=CARTESIAN_POINT('',(-1.00000000000001,-8.9767928833814E-15,2.54999999999999));
#1902=CARTESIAN_POINT('',(1.00000000000001,-9.47066174751565E-15,2.35));
#1903=CARTESIAN_POINT('Ctrl Pts',(-1.00000000000001,-8.9767928833814E-15,
2.54999999999999));
#1904=CARTESIAN_POINT('Ctrl Pts',(-1.00000000000001,0.267949192431117,2.53213672050459));
#1905=CARTESIAN_POINT('Ctrl Pts',(-0.866025403784448,0.499999999999997,
2.51666666666666));
#1906=CARTESIAN_POINT('Ctrl Pts',(-0.577350269189632,1.,2.48333333333333));
#1907=CARTESIAN_POINT('Ctrl Pts',(0.,1.,2.45));
#1908=CARTESIAN_POINT('Ctrl Pts',(0.577350269189633,1.,2.41666666666666));
#1909=CARTESIAN_POINT('Ctrl Pts',(0.866025403784449,0.499999999999996,2.38333333333333));
#1910=CARTESIAN_POINT('Ctrl Pts',(1.00000000000001,0.267949192431116,2.3678632794954));
#1911=CARTESIAN_POINT('Ctrl Pts',(1.00000000000001,-9.47066174751565E-15,
2.35));
#1912=CARTESIAN_POINT('',(1.00000000000001,-1.74306657929736E-16,2.3));
#1913=CARTESIAN_POINT('',(1.,-2.47962053405048E-15,-6.));
#1914=CARTESIAN_POINT('',(-1.00000000000001,-8.9767928833814E-15,2.5));
#1915=CARTESIAN_POINT('Ctrl Pts',(1.00000000000001,-1.74306657929736E-16,
2.3));
#1916=CARTESIAN_POINT('Ctrl Pts',(1.00000000000001,0.26794919243112,2.31786327949541));
#1917=CARTESIAN_POINT('Ctrl Pts',(0.866025403784449,0.499999999999996,2.33333333333333));
#1918=CARTESIAN_POINT('Ctrl Pts',(0.577350269189633,1.,2.36666666666666));
#1919=CARTESIAN_POINT('Ctrl Pts',(0.,1.,2.4));
#1920=CARTESIAN_POINT('Ctrl Pts',(-0.577350269189632,1.,2.43333333333333));
#1921=CARTESIAN_POINT('Ctrl Pts',(-0.866025403784448,0.499999999999997,
2.46666666666667));
#1922=CARTESIAN_POINT('Ctrl Pts',(-1.00000000000001,0.267949192431117,2.48213672050459));
#1923=CARTESIAN_POINT('Ctrl Pts',(-1.00000000000001,-8.9767928833814E-15,
2.5));
#1924=CARTESIAN_POINT('',(-1.,-2.60208521396521E-15,-6.));
#1925=CARTESIAN_POINT('Origin',(0.,-2.60208521396521E-15,-6.));
#1926=CARTESIAN_POINT('',(-1.00000000000001,-8.9767928833814E-15,2.14999999999999));
#1927=CARTESIAN_POINT('',(1.00000000000001,-1.74306657929736E-16,1.95));
#1928=CARTESIAN_POINT('Ctrl Pts',(-1.00000000000001,-8.9767928833814E-15,
2.14999999999999));
#1929=CARTESIAN_POINT('Ctrl Pts',(-1.00000000000001,0.267949192431117,2.13213672050459));
#1930=CARTESIAN_POINT('Ctrl Pts',(-0.866025403784448,0.499999999999997,
2.11666666666666));
#1931=CARTESIAN_POINT('Ctrl Pts',(-0.577350269189632,1.,2.08333333333333));
#1932=CARTESIAN_POINT('Ctrl Pts',(0.,1.,2.05));
#1933=CARTESIAN_POINT('Ctrl Pts',(0.577350269189633,1.,2.01666666666666));
#1934=CARTESIAN_POINT('Ctrl Pts',(0.866025403784449,0.499999999999996,1.98333333333333));
#1935=CARTESIAN_POINT('Ctrl Pts',(1.00000000000001,0.26794919243112,1.9678632794954));
#1936=CARTESIAN_POINT('Ctrl Pts',(1.00000000000001,-1.74306657929736E-16,
1.95));
#1937=CARTESIAN_POINT('',(1.00000000000001,-9.47066174751565E-15,1.9));
#1938=CARTESIAN_POINT('',(1.,-2.47962053405048E-15,-6.));
#1939=CARTESIAN_POINT('',(-1.00000000000001,-8.9767928833814E-15,2.1));
#1940=CARTESIAN_POINT('Ctrl Pts',(1.00000000000001,-9.47066174751565E-15,
1.9));
#1941=CARTESIAN_POINT('Ctrl Pts',(1.00000000000001,0.267949192431116,1.91786327949541));
#1942=CARTESIAN_POINT('Ctrl Pts',(0.866025403784449,0.499999999999996,1.93333333333333));
#1943=CARTESIAN_POINT('Ctrl Pts',(0.577350269189633,1.,1.96666666666667));
#1944=CARTESIAN_POINT('Ctrl Pts',(0.,1.,2.));
#1945=CARTESIAN_POINT('Ctrl Pts',(-0.577350269189632,1.,2.03333333333333));
#1946=CARTESIAN_POINT('Ctrl Pts',(-0.866025403784448,0.499999999999997,
2.06666666666667));
#1947=CARTESIAN_POINT('Ctrl Pts',(-1.00000000000001,0.267949192431117,2.08213672050459));
#1948=CARTESIAN_POINT('Ctrl Pts',(-1.00000000000001,-8.9767928833814E-15,
2.1));
#1949=CARTESIAN_POINT('',(-1.,-2.60208521396521E-15,-6.));
#1950=CARTESIAN_POINT('Origin',(0.,-2.60208521396521E-15,-6.));
#1951=CARTESIAN_POINT('',(-1.00000000000001,-8.9767928833814E-15,1.74999999999999));
#1952=CARTESIAN_POINT('',(1.00000000000001,-9.47066174751565E-15,1.55));
#1953=CARTESIAN_POINT('Ctrl Pts',(-1.00000000000001,-8.9767928833814E-15,
1.74999999999999));
#1954=CARTESIAN_POINT('Ctrl Pts',(-1.00000000000001,0.267949192431117,1.73213672050459));
#1955=CARTESIAN_POINT('Ctrl Pts',(-0.866025403784448,0.499999999999997,
1.71666666666666));
#1956=CARTESIAN_POINT('Ctrl Pts',(-0.577350269189632,1.,1.68333333333333));
#1957=CARTESIAN_POINT('Ctrl Pts',(0.,1.,1.65));
#1958=CARTESIAN_POINT('Ctrl Pts',(0.577350269189633,1.,1.61666666666666));
#1959=CARTESIAN_POINT('Ctrl Pts',(0.866025403784449,0.499999999999996,1.58333333333333));
#1960=CARTESIAN_POINT('Ctrl Pts',(1.00000000000001,0.267949192431116,1.5678632794954));
#1961=CARTESIAN_POINT('Ctrl Pts',(1.00000000000001,-9.47066174751565E-15,
1.55));
#1962=CARTESIAN_POINT('',(1.00000000000001,-9.47066174751565E-15,1.5));
#1963=CARTESIAN_POINT('',(1.,-2.47962053405048E-15,-6.));
#1964=CARTESIAN_POINT('',(-1.00000000000001,-8.9767928833814E-15,1.7));
#1965=CARTESIAN_POINT('Ctrl Pts',(1.00000000000001,-9.47066174751565E-15,
1.5));
#1966=CARTESIAN_POINT('Ctrl Pts',(1.00000000000001,0.267949192431116,1.51786327949541));
#1967=CARTESIAN_POINT('Ctrl Pts',(0.866025403784449,0.499999999999996,1.53333333333333));
#1968=CARTESIAN_POINT('Ctrl Pts',(0.577350269189633,1.,1.56666666666667));
#1969=CARTESIAN_POINT('Ctrl Pts',(0.,1.,1.6));
#1970=CARTESIAN_POINT('Ctrl Pts',(-0.577350269189632,1.,1.63333333333333));
#1971=CARTESIAN_POINT('Ctrl Pts',(-0.866025403784448,0.499999999999997,
1.66666666666667));
#1972=CARTESIAN_POINT('Ctrl Pts',(-1.00000000000001,0.267949192431117,1.68213672050459));
#1973=CARTESIAN_POINT('Ctrl Pts',(-1.00000000000001,-8.9767928833814E-15,
1.7));
#1974=CARTESIAN_POINT('',(-1.,-2.60208521396521E-15,-6.));
#1975=CARTESIAN_POINT('Origin',(0.,-2.60208521396521E-15,-6.));
#1976=CARTESIAN_POINT('',(-1.00000000000001,-8.9767928833814E-15,1.34999999999999));
#1977=CARTESIAN_POINT('',(1.00000000000001,-9.47066174751565E-15,1.14999999999999));
#1978=CARTESIAN_POINT('Ctrl Pts',(-1.00000000000001,-8.9767928833814E-15,
1.34999999999999));
#1979=CARTESIAN_POINT('Ctrl Pts',(-1.00000000000001,0.267949192431117,1.33213672050459));
#1980=CARTESIAN_POINT('Ctrl Pts',(-0.866025403784448,0.499999999999997,
1.31666666666666));
#1981=CARTESIAN_POINT('Ctrl Pts',(-0.577350269189632,1.,1.28333333333333));
#1982=CARTESIAN_POINT('Ctrl Pts',(0.,1.,1.24999999999999));
#1983=CARTESIAN_POINT('Ctrl Pts',(0.577350269189633,1.,1.21666666666666));
#1984=CARTESIAN_POINT('Ctrl Pts',(0.866025403784449,0.499999999999996,1.18333333333333));
#1985=CARTESIAN_POINT('Ctrl Pts',(1.00000000000001,0.267949192431116,1.1678632794954));
#1986=CARTESIAN_POINT('Ctrl Pts',(1.00000000000001,-9.47066174751565E-15,
1.14999999999999));
#1987=CARTESIAN_POINT('',(1.00000000000001,-9.47066174751565E-15,1.1));
#1988=CARTESIAN_POINT('',(1.,-2.47962053405048E-15,-6.));
#1989=CARTESIAN_POINT('',(-1.00000000000001,3.19562206204516E-16,1.3));
#1990=CARTESIAN_POINT('Ctrl Pts',(1.00000000000001,-9.47066174751565E-15,
1.1));
#1991=CARTESIAN_POINT('Ctrl Pts',(1.00000000000001,0.267949192431116,1.11786327949541));
#1992=CARTESIAN_POINT('Ctrl Pts',(0.866025403784449,0.499999999999996,1.13333333333333));
#1993=CARTESIAN_POINT('Ctrl Pts',(0.577350269189633,1.,1.16666666666667));
#1994=CARTESIAN_POINT('Ctrl Pts',(0.,1.,1.2));
#1995=CARTESIAN_POINT('Ctrl Pts',(-0.577350269189632,1.,1.23333333333333));
#1996=CARTESIAN_POINT('Ctrl Pts',(-0.866025403784448,0.499999999999997,
1.26666666666667));
#1997=CARTESIAN_POINT('Ctrl Pts',(-1.00000000000001,0.267949192431121,1.28213672050459));
#1998=CARTESIAN_POINT('Ctrl Pts',(-1.00000000000001,3.19562206204516E-16,
1.3));
#1999=CARTESIAN_POINT('',(-1.,-2.60208521396521E-15,-6.));
#2000=CARTESIAN_POINT('Origin',(0.,-2.60208521396521E-15,-6.));
#2001=CARTESIAN_POINT('',(-1.00000000000001,3.19562206204516E-16,0.949999999999994));
#2002=CARTESIAN_POINT('',(1.00000000000001,-9.47066174751565E-15,0.749999999999995));
#2003=CARTESIAN_POINT('Ctrl Pts',(-1.00000000000001,3.19562206204516E-16,
0.949999999999994));
#2004=CARTESIAN_POINT('Ctrl Pts',(-1.00000000000001,0.267949192431121,0.932136720504586));
#2005=CARTESIAN_POINT('Ctrl Pts',(-0.866025403784448,0.499999999999997,
0.916666666666661));
#2006=CARTESIAN_POINT('Ctrl Pts',(-0.577350269189632,1.,0.883333333333328));
#2007=CARTESIAN_POINT('Ctrl Pts',(0.,1.,0.849999999999995));
#2008=CARTESIAN_POINT('Ctrl Pts',(0.577350269189633,1.,0.816666666666661));
#2009=CARTESIAN_POINT('Ctrl Pts',(0.866025403784449,0.499999999999996,0.783333333333328));
#2010=CARTESIAN_POINT('Ctrl Pts',(1.00000000000001,0.267949192431116,0.767863279495403));
#2011=CARTESIAN_POINT('Ctrl Pts',(1.00000000000001,-9.47066174751565E-15,
0.749999999999995));
#2012=CARTESIAN_POINT('',(1.00000000000001,-9.47066174751565E-15,0.699999999999999));
#2013=CARTESIAN_POINT('',(1.,-2.47962053405048E-15,-6.));
#2014=CARTESIAN_POINT('',(-1.00000000000001,-8.9767928833814E-15,0.899999999999999));
#2015=CARTESIAN_POINT('Ctrl Pts',(1.00000000000001,-9.47066174751565E-15,
0.699999999999999));
#2016=CARTESIAN_POINT('Ctrl Pts',(1.00000000000001,0.267949192431116,0.717863279495407));
#2017=CARTESIAN_POINT('Ctrl Pts',(0.866025403784449,0.499999999999996,0.733333333333332));
#2018=CARTESIAN_POINT('Ctrl Pts',(0.577350269189633,1.,0.766666666666666));
#2019=CARTESIAN_POINT('Ctrl Pts',(0.,1.,0.799999999999999));
#2020=CARTESIAN_POINT('Ctrl Pts',(-0.577350269189632,1.,0.833333333333332));
#2021=CARTESIAN_POINT('Ctrl Pts',(-0.866025403784448,0.499999999999997,
0.866666666666665));
#2022=CARTESIAN_POINT('Ctrl Pts',(-1.00000000000001,0.267949192431117,0.882136720504591));
#2023=CARTESIAN_POINT('Ctrl Pts',(-1.00000000000001,-8.9767928833814E-15,
0.899999999999999));
#2024=CARTESIAN_POINT('',(-1.,-2.60208521396521E-15,-6.));
#2025=CARTESIAN_POINT('Origin',(0.,-2.60208521396521E-15,-6.));
#2026=CARTESIAN_POINT('',(-1.00000000000001,-8.9767928833814E-15,0.549999999999995));
#2027=CARTESIAN_POINT('',(1.00000000000001,-9.47066174751565E-15,0.349999999999995));
#2028=CARTESIAN_POINT('Ctrl Pts',(-1.00000000000001,-8.9767928833814E-15,
0.549999999999995));
#2029=CARTESIAN_POINT('Ctrl Pts',(-1.00000000000001,0.267949192431117,0.532136720504587));
#2030=CARTESIAN_POINT('Ctrl Pts',(-0.866025403784448,0.499999999999997,
0.516666666666661));
#2031=CARTESIAN_POINT('Ctrl Pts',(-0.577350269189632,1.,0.483333333333328));
#2032=CARTESIAN_POINT('Ctrl Pts',(0.,1.,0.449999999999995));
#2033=CARTESIAN_POINT('Ctrl Pts',(0.577350269189633,1.,0.416666666666662));
#2034=CARTESIAN_POINT('Ctrl Pts',(0.866025403784449,0.499999999999996,0.383333333333328));
#2035=CARTESIAN_POINT('Ctrl Pts',(1.00000000000001,0.267949192431116,0.367863279495403));
#2036=CARTESIAN_POINT('Ctrl Pts',(1.00000000000001,-9.47066174751565E-15,
0.349999999999995));
#2037=CARTESIAN_POINT('',(1.00000000000001,-9.47066174751565E-15,0.299999999999999));
#2038=CARTESIAN_POINT('',(1.,-2.47962053405048E-15,-6.));
#2039=CARTESIAN_POINT('',(-1.00000000000001,-8.9767928833814E-15,0.499999999999999));
#2040=CARTESIAN_POINT('Ctrl Pts',(1.00000000000001,-9.47066174751565E-15,
0.299999999999999));
#2041=CARTESIAN_POINT('Ctrl Pts',(1.00000000000001,0.267949192431116,0.317863279495407));
#2042=CARTESIAN_POINT('Ctrl Pts',(0.866025403784449,0.499999999999996,0.333333333333333));
#2043=CARTESIAN_POINT('Ctrl Pts',(0.577350269189633,1.,0.366666666666666));
#2044=CARTESIAN_POINT('Ctrl Pts',(0.,1.,0.399999999999999));
#2045=CARTESIAN_POINT('Ctrl Pts',(-0.577350269189632,1.,0.433333333333332));
#2046=CARTESIAN_POINT('Ctrl Pts',(-0.866025403784448,0.499999999999997,
0.466666666666665));
#2047=CARTESIAN_POINT('Ctrl Pts',(-1.00000000000001,0.267949192431117,0.482136720504591));
#2048=CARTESIAN_POINT('Ctrl Pts',(-1.00000000000001,-8.9767928833814E-15,
0.499999999999999));
#2049=CARTESIAN_POINT('',(-1.,-2.60208521396521E-15,-6.));
#2050=CARTESIAN_POINT('Origin',(0.,-2.60208521396521E-15,-6.));
#2051=CARTESIAN_POINT('',(-1.00000000000001,-8.9767928833814E-15,0.149999999999995));
#2052=CARTESIAN_POINT('',(1.00000000000001,-9.47066174751565E-15,-0.0500000000000052));
#2053=CARTESIAN_POINT('Ctrl Pts',(-1.00000000000001,-8.9767928833814E-15,
0.149999999999995));
#2054=CARTESIAN_POINT('Ctrl Pts',(-1.00000000000001,0.267949192431117,0.132136720504587));
#2055=CARTESIAN_POINT('Ctrl Pts',(-0.866025403784448,0.499999999999997,
0.116666666666661));
#2056=CARTESIAN_POINT('Ctrl Pts',(-0.577350269189632,1.,0.083333333333328));
#2057=CARTESIAN_POINT('Ctrl Pts',(0.,1.,0.0499999999999948));
#2058=CARTESIAN_POINT('Ctrl Pts',(0.577350269189633,1.,0.0166666666666617));
#2059=CARTESIAN_POINT('Ctrl Pts',(0.866025403784449,0.499999999999996,-0.0166666666666714));
#2060=CARTESIAN_POINT('Ctrl Pts',(1.00000000000001,0.267949192431116,-0.0321367205045969));
#2061=CARTESIAN_POINT('Ctrl Pts',(1.00000000000001,-9.47066174751565E-15,
-0.0500000000000052));
#2062=CARTESIAN_POINT('',(1.00000000000001,-9.47066174751565E-15,-0.100000000000001));
#2063=CARTESIAN_POINT('',(1.,-2.47962053405048E-15,-6.));
#2064=CARTESIAN_POINT('',(-1.00000000000001,-8.9767928833814E-15,0.0999999999999991));
#2065=CARTESIAN_POINT('Ctrl Pts',(1.00000000000001,-9.47066174751565E-15,
-0.100000000000001));
#2066=CARTESIAN_POINT('Ctrl Pts',(1.00000000000001,0.267949192431116,-0.0821367205045929));
#2067=CARTESIAN_POINT('Ctrl Pts',(0.866025403784449,0.499999999999996,-0.0666666666666675));
#2068=CARTESIAN_POINT('Ctrl Pts',(0.577350269189633,1.,-0.0333333333333343));
#2069=CARTESIAN_POINT('Ctrl Pts',(0.,1.,-1.18923425794504E-15));
#2070=CARTESIAN_POINT('Ctrl Pts',(-0.577350269189632,1.,0.0333333333333319));
#2071=CARTESIAN_POINT('Ctrl Pts',(-0.866025403784448,0.499999999999997,
0.0666666666666659));
#2072=CARTESIAN_POINT('Ctrl Pts',(-1.00000000000001,0.267949192431117,0.082136720504591));
#2073=CARTESIAN_POINT('Ctrl Pts',(-1.00000000000001,-8.9767928833814E-15,
0.0999999999999991));
#2074=CARTESIAN_POINT('',(-1.,-2.60208521396521E-15,-6.));
#2075=CARTESIAN_POINT('Origin',(0.,-2.60208521396521E-15,-6.));
#2076=CARTESIAN_POINT('',(-1.00000000000001,-8.9767928833814E-15,-0.250000000000005));
#2077=CARTESIAN_POINT('',(1.00000000000001,-9.47066174751565E-15,-0.450000000000005));
#2078=CARTESIAN_POINT('Ctrl Pts',(-1.00000000000001,-8.9767928833814E-15,
-0.250000000000005));
#2079=CARTESIAN_POINT('Ctrl Pts',(-1.00000000000001,0.267949192431117,-0.267863279495413));
#2080=CARTESIAN_POINT('Ctrl Pts',(-0.866025403784448,0.499999999999997,
-0.283333333333338));
#2081=CARTESIAN_POINT('Ctrl Pts',(-0.577350269189632,1.,-0.316666666666672));
#2082=CARTESIAN_POINT('Ctrl Pts',(0.,1.,-0.350000000000005));
#2083=CARTESIAN_POINT('Ctrl Pts',(0.577350269189633,1.,-0.383333333333339));
#2084=CARTESIAN_POINT('Ctrl Pts',(0.866025403784449,0.499999999999996,-0.416666666666672));
#2085=CARTESIAN_POINT('Ctrl Pts',(1.00000000000001,0.267949192431116,-0.432136720504597));
#2086=CARTESIAN_POINT('Ctrl Pts',(1.00000000000001,-9.47066174751565E-15,
-0.450000000000005));
#2087=CARTESIAN_POINT('',(1.00000000000001,-9.47066174751565E-15,-0.500000000000001));
#2088=CARTESIAN_POINT('',(1.,-2.47962053405048E-15,-6.));
#2089=CARTESIAN_POINT('',(-1.00000000000001,3.19562206204516E-16,-0.300000000000002));
#2090=CARTESIAN_POINT('Ctrl Pts',(1.00000000000001,-9.47066174751565E-15,
-0.500000000000001));
#2091=CARTESIAN_POINT('Ctrl Pts',(1.00000000000001,0.267949192431116,-0.482136720504593));
#2092=CARTESIAN_POINT('Ctrl Pts',(0.866025403784449,0.499999999999996,-0.466666666666668));
#2093=CARTESIAN_POINT('Ctrl Pts',(0.577350269189633,1.,-0.433333333333335));
#2094=CARTESIAN_POINT('Ctrl Pts',(0.,1.,-0.400000000000001));
#2095=CARTESIAN_POINT('Ctrl Pts',(-0.577350269189632,1.,-0.366666666666667));
#2096=CARTESIAN_POINT('Ctrl Pts',(-0.866025403784448,0.499999999999997,
-0.333333333333334));
#2097=CARTESIAN_POINT('Ctrl Pts',(-1.00000000000001,0.267949192431121,-0.317863279495409));
#2098=CARTESIAN_POINT('Ctrl Pts',(-1.00000000000001,3.19562206204516E-16,
-0.300000000000002));
#2099=CARTESIAN_POINT('',(-1.,-2.60208521396521E-15,-6.));
#2100=CARTESIAN_POINT('Origin',(0.,-2.60208521396521E-15,-6.));
#2101=CARTESIAN_POINT('',(-1.00000000000001,3.19562206204516E-16,-0.650000000000006));
#2102=CARTESIAN_POINT('',(1.00000000000001,-9.47066174751565E-15,-0.850000000000005));
#2103=CARTESIAN_POINT('Ctrl Pts',(-1.00000000000001,3.19562206204516E-16,
-0.650000000000006));
#2104=CARTESIAN_POINT('Ctrl Pts',(-1.00000000000001,0.267949192431121,-0.667863279495414));
#2105=CARTESIAN_POINT('Ctrl Pts',(-0.866025403784448,0.499999999999997,
-0.683333333333338));
#2106=CARTESIAN_POINT('Ctrl Pts',(-0.577350269189632,1.,-0.716666666666672));
#2107=CARTESIAN_POINT('Ctrl Pts',(0.,1.,-0.750000000000006));
#2108=CARTESIAN_POINT('Ctrl Pts',(0.577350269189633,1.,-0.783333333333339));
#2109=CARTESIAN_POINT('Ctrl Pts',(0.866025403784449,0.499999999999996,-0.816666666666672));
#2110=CARTESIAN_POINT('Ctrl Pts',(1.00000000000001,0.267949192431116,-0.832136720504597));
#2111=CARTESIAN_POINT('Ctrl Pts',(1.00000000000001,-9.47066174751565E-15,
-0.850000000000005));
#2112=CARTESIAN_POINT('',(1.00000000000001,-4.82248420272269E-15,-0.900000000000001));
#2113=CARTESIAN_POINT('',(1.,-2.47962053405048E-15,-6.));
#2114=CARTESIAN_POINT('',(-1.00000000000001,-8.9767928833814E-15,-0.700000000000001));
#2115=CARTESIAN_POINT('Ctrl Pts',(1.00000000000001,-4.82248420272269E-15,
-0.900000000000001));
#2116=CARTESIAN_POINT('Ctrl Pts',(1.00000000000001,0.267949192431118,-0.882136720504593));
#2117=CARTESIAN_POINT('Ctrl Pts',(0.866025403784449,0.499999999999996,-0.866666666666668));
#2118=CARTESIAN_POINT('Ctrl Pts',(0.577350269189633,1.,-0.833333333333335));
#2119=CARTESIAN_POINT('Ctrl Pts',(0.,1.,-0.800000000000001));
#2120=CARTESIAN_POINT('Ctrl Pts',(-0.577350269189632,1.,-0.766666666666668));
#2121=CARTESIAN_POINT('Ctrl Pts',(-0.866025403784448,0.499999999999997,
-0.733333333333335));
#2122=CARTESIAN_POINT('Ctrl Pts',(-1.00000000000001,0.267949192431117,-0.717863279495409));
#2123=CARTESIAN_POINT('Ctrl Pts',(-1.00000000000001,-8.9767928833814E-15,
-0.700000000000001));
#2124=CARTESIAN_POINT('',(-1.,-2.60208521396521E-15,-6.));
#2125=CARTESIAN_POINT('Origin',(0.,-2.60208521396521E-15,-6.));
#2126=CARTESIAN_POINT('',(-1.00000000000001,-8.9767928833814E-15,-1.05000000000001));
#2127=CARTESIAN_POINT('',(1.00000000000001,-4.82248420272269E-15,-1.25));
#2128=CARTESIAN_POINT('Ctrl Pts',(-1.00000000000001,-8.9767928833814E-15,
-1.05000000000001));
#2129=CARTESIAN_POINT('Ctrl Pts',(-1.00000000000001,0.267949192431117,-1.06786327949541));
#2130=CARTESIAN_POINT('Ctrl Pts',(-0.866025403784448,0.499999999999997,
-1.08333333333334));
#2131=CARTESIAN_POINT('Ctrl Pts',(-0.577350269189632,1.,-1.11666666666667));
#2132=CARTESIAN_POINT('Ctrl Pts',(0.,1.,-1.15));
#2133=CARTESIAN_POINT('Ctrl Pts',(0.577350269189633,1.,-1.18333333333334));
#2134=CARTESIAN_POINT('Ctrl Pts',(0.866025403784449,0.499999999999996,-1.21666666666667));
#2135=CARTESIAN_POINT('Ctrl Pts',(1.00000000000001,0.267949192431116,-1.2321367205046));
#2136=CARTESIAN_POINT('Ctrl Pts',(1.00000000000001,-4.82248420272269E-15,
-1.25));
#2137=CARTESIAN_POINT('',(1.00000000000001,-1.74306657929736E-16,-1.3));
#2138=CARTESIAN_POINT('',(1.,-2.47962053405048E-15,-6.));
#2139=CARTESIAN_POINT('',(-1.00000000000001,3.19562206204516E-16,-1.1));
#2140=CARTESIAN_POINT('Ctrl Pts',(1.00000000000001,-1.74306657929736E-16,
-1.3));
#2141=CARTESIAN_POINT('Ctrl Pts',(1.00000000000001,0.26794919243112,-1.28213672050459));
#2142=CARTESIAN_POINT('Ctrl Pts',(0.866025403784449,0.499999999999996,-1.26666666666667));
#2143=CARTESIAN_POINT('Ctrl Pts',(0.577350269189633,1.,-1.23333333333333));
#2144=CARTESIAN_POINT('Ctrl Pts',(0.,1.,-1.2));
#2145=CARTESIAN_POINT('Ctrl Pts',(-0.577350269189632,1.,-1.16666666666667));
#2146=CARTESIAN_POINT('Ctrl Pts',(-0.866025403784448,0.499999999999997,
-1.13333333333333));
#2147=CARTESIAN_POINT('Ctrl Pts',(-1.00000000000001,0.267949192431121,-1.11786327949541));
#2148=CARTESIAN_POINT('Ctrl Pts',(-1.00000000000001,3.19562206204516E-16,
-1.1));
#2149=CARTESIAN_POINT('',(-1.,-2.60208521396521E-15,-6.));
#2150=CARTESIAN_POINT('Origin',(0.,-2.60208521396521E-15,-6.));
#2151=CARTESIAN_POINT('',(-1.00000000000001,3.19562206204516E-16,-1.45000000000001));
#2152=CARTESIAN_POINT('',(1.00000000000001,-1.74306657929736E-16,-1.65));
#2153=CARTESIAN_POINT('Ctrl Pts',(-1.00000000000001,3.19562206204516E-16,
-1.45000000000001));
#2154=CARTESIAN_POINT('Ctrl Pts',(-1.00000000000001,0.267949192431125,-1.46786327949541));
#2155=CARTESIAN_POINT('Ctrl Pts',(-0.866025403784448,0.499999999999997,
-1.48333333333334));
#2156=CARTESIAN_POINT('Ctrl Pts',(-0.577350269189632,1.,-1.51666666666667));
#2157=CARTESIAN_POINT('Ctrl Pts',(0.,1.,-1.55));
#2158=CARTESIAN_POINT('Ctrl Pts',(0.577350269189633,1.,-1.58333333333334));
#2159=CARTESIAN_POINT('Ctrl Pts',(0.866025403784449,0.499999999999996,-1.61666666666667));
#2160=CARTESIAN_POINT('Ctrl Pts',(1.00000000000001,0.267949192431116,-1.6321367205046));
#2161=CARTESIAN_POINT('Ctrl Pts',(1.00000000000001,-1.74306657929736E-16,
-1.65000000000001));
#2162=CARTESIAN_POINT('',(1.00000000000001,-4.82248420272269E-15,-1.7));
#2163=CARTESIAN_POINT('',(1.,-2.47962053405048E-15,-6.));
#2164=CARTESIAN_POINT('',(-1.00000000000001,-4.32861533858844E-15,-1.5));
#2165=CARTESIAN_POINT('Ctrl Pts',(1.00000000000001,-4.82248420272269E-15,
-1.7));
#2166=CARTESIAN_POINT('Ctrl Pts',(1.00000000000001,0.267949192431118,-1.68213672050459));
#2167=CARTESIAN_POINT('Ctrl Pts',(0.866025403784449,0.499999999999996,-1.66666666666667));
#2168=CARTESIAN_POINT('Ctrl Pts',(0.577350269189633,1.,-1.63333333333333));
#2169=CARTESIAN_POINT('Ctrl Pts',(0.,1.,-1.6));
#2170=CARTESIAN_POINT('Ctrl Pts',(-0.577350269189632,1.,-1.56666666666667));
#2171=CARTESIAN_POINT('Ctrl Pts',(-0.866025403784448,0.499999999999997,
-1.53333333333333));
#2172=CARTESIAN_POINT('Ctrl Pts',(-1.00000000000001,0.267949192431119,-1.51786327949541));
#2173=CARTESIAN_POINT('Ctrl Pts',(-1.00000000000001,-4.32861533858844E-15,
-1.5));
#2174=CARTESIAN_POINT('',(-1.,-2.60208521396521E-15,-6.));
#2175=CARTESIAN_POINT('Origin',(0.,-2.60208521396521E-15,-6.));
#2176=CARTESIAN_POINT('',(-1.00000000000001,-4.32861533858844E-15,-1.85000000000001));
#2177=CARTESIAN_POINT('',(1.00000000000001,-4.82248420272269E-15,-2.05000000000001));
#2178=CARTESIAN_POINT('Ctrl Pts',(-1.00000000000001,-4.32861533858844E-15,
-1.85000000000001));
#2179=CARTESIAN_POINT('Ctrl Pts',(-1.00000000000001,0.267949192431117,-1.86786327949541));
#2180=CARTESIAN_POINT('Ctrl Pts',(-0.866025403784448,0.499999999999997,
-1.88333333333334));
#2181=CARTESIAN_POINT('Ctrl Pts',(-0.577350269189632,1.,-1.91666666666667));
#2182=CARTESIAN_POINT('Ctrl Pts',(0.,1.,-1.95000000000001));
#2183=CARTESIAN_POINT('Ctrl Pts',(0.577350269189633,1.,-1.98333333333334));
#2184=CARTESIAN_POINT('Ctrl Pts',(0.866025403784449,0.499999999999996,-2.01666666666667));
#2185=CARTESIAN_POINT('Ctrl Pts',(1.00000000000001,0.26794919243112,-2.0321367205046));
#2186=CARTESIAN_POINT('Ctrl Pts',(1.00000000000001,-4.82248420272269E-15,
-2.05000000000001));
#2187=CARTESIAN_POINT('',(1.00000000000001,-1.74306657929736E-16,-2.1));
#2188=CARTESIAN_POINT('',(1.,-2.47962053405048E-15,-6.));
#2189=CARTESIAN_POINT('',(-1.00000000000001,3.19562206204516E-16,-1.9));
#2190=CARTESIAN_POINT('Ctrl Pts',(1.00000000000001,-1.74306657929736E-16,
-2.1));
#2191=CARTESIAN_POINT('Ctrl Pts',(1.00000000000001,0.26794919243112,-2.08213672050459));
#2192=CARTESIAN_POINT('Ctrl Pts',(0.866025403784449,0.499999999999996,-2.06666666666667));
#2193=CARTESIAN_POINT('Ctrl Pts',(0.577350269189633,1.,-2.03333333333333));
#2194=CARTESIAN_POINT('Ctrl Pts',(0.,1.,-2.));
#2195=CARTESIAN_POINT('Ctrl Pts',(-0.577350269189632,1.,-1.96666666666667));
#2196=CARTESIAN_POINT('Ctrl Pts',(-0.866025403784448,0.499999999999997,
-1.93333333333333));
#2197=CARTESIAN_POINT('Ctrl Pts',(-1.00000000000001,0.267949192431121,-1.91786327949541));
#2198=CARTESIAN_POINT('Ctrl Pts',(-1.00000000000001,3.19562206204516E-16,
-1.9));
#2199=CARTESIAN_POINT('',(-1.,-2.60208521396521E-15,-6.));
#2200=CARTESIAN_POINT('Origin',(0.,-2.60208521396521E-15,-6.));
#2201=CARTESIAN_POINT('',(-1.00000000000001,3.19562206204516E-16,-2.25000000000001));
#2202=CARTESIAN_POINT('',(1.00000000000001,-1.74306657929736E-16,-2.45000000000001));
#2203=CARTESIAN_POINT('Ctrl Pts',(-1.00000000000001,3.19562206204516E-16,
-2.25000000000001));
#2204=CARTESIAN_POINT('Ctrl Pts',(-1.00000000000001,0.267949192431117,-2.26786327949541));
#2205=CARTESIAN_POINT('Ctrl Pts',(-0.866025403784448,0.499999999999997,
-2.28333333333334));
#2206=CARTESIAN_POINT('Ctrl Pts',(-0.577350269189632,1.,-2.31666666666667));
#2207=CARTESIAN_POINT('Ctrl Pts',(0.,1.,-2.35000000000001));
#2208=CARTESIAN_POINT('Ctrl Pts',(0.577350269189633,1.,-2.38333333333334));
#2209=CARTESIAN_POINT('Ctrl Pts',(0.866025403784449,0.499999999999996,-2.41666666666667));
#2210=CARTESIAN_POINT('Ctrl Pts',(1.00000000000001,0.267949192431116,-2.4321367205046));
#2211=CARTESIAN_POINT('Ctrl Pts',(1.00000000000001,-1.74306657929736E-16,
-2.45000000000001));
#2212=CARTESIAN_POINT('',(1.00000000000001,-4.82248420272269E-15,-2.5));
#2213=CARTESIAN_POINT('',(1.,-2.47962053405048E-15,-6.));
#2214=CARTESIAN_POINT('',(-1.00000000000001,3.19562206204516E-16,-2.3));
#2215=CARTESIAN_POINT('Ctrl Pts',(1.00000000000001,-4.82248420272269E-15,
-2.5));
#2216=CARTESIAN_POINT('Ctrl Pts',(1.00000000000001,0.267949192431118,-2.48213672050459));
#2217=CARTESIAN_POINT('Ctrl Pts',(0.866025403784449,0.499999999999996,-2.46666666666667));
#2218=CARTESIAN_POINT('Ctrl Pts',(0.577350269189633,1.,-2.43333333333333));
#2219=CARTESIAN_POINT('Ctrl Pts',(0.,1.,-2.4));
#2220=CARTESIAN_POINT('Ctrl Pts',(-0.577350269189632,1.,-2.36666666666667));
#2221=CARTESIAN_POINT('Ctrl Pts',(-0.866025403784448,0.499999999999997,
-2.33333333333333));
#2222=CARTESIAN_POINT('Ctrl Pts',(-1.00000000000001,0.267949192431121,-2.31786327949541));
#2223=CARTESIAN_POINT('Ctrl Pts',(-1.00000000000001,3.19562206204516E-16,
-2.3));
#2224=CARTESIAN_POINT('',(-1.,-2.60208521396521E-15,-6.));
#2225=CARTESIAN_POINT('Origin',(0.,-2.60208521396521E-15,-6.));
#2226=CARTESIAN_POINT('',(-1.00000000000001,3.19562206204516E-16,-2.65000000000001));
#2227=CARTESIAN_POINT('',(1.00000000000001,-4.82248420272269E-15,-2.85000000000001));
#2228=CARTESIAN_POINT('Ctrl Pts',(-1.00000000000001,3.19562206204516E-16,
-2.65000000000001));
#2229=CARTESIAN_POINT('Ctrl Pts',(-1.00000000000001,0.267949192431125,-2.66786327949541));
#2230=CARTESIAN_POINT('Ctrl Pts',(-0.866025403784448,0.499999999999997,
-2.68333333333334));
#2231=CARTESIAN_POINT('Ctrl Pts',(-0.577350269189632,1.,-2.71666666666667));
#2232=CARTESIAN_POINT('Ctrl Pts',(0.,1.,-2.75000000000001));
#2233=CARTESIAN_POINT('Ctrl Pts',(0.577350269189633,1.,-2.78333333333334));
#2234=CARTESIAN_POINT('Ctrl Pts',(0.866025403784449,0.499999999999996,-2.81666666666667));
#2235=CARTESIAN_POINT('Ctrl Pts',(1.00000000000001,0.26794919243112,-2.8321367205046));
#2236=CARTESIAN_POINT('Ctrl Pts',(1.00000000000001,-4.82248420272269E-15,
-2.85000000000001));
#2237=CARTESIAN_POINT('',(1.00000000000001,-1.74306657929736E-16,-2.9));
#2238=CARTESIAN_POINT('',(1.,-2.47962053405048E-15,-6.));
#2239=CARTESIAN_POINT('',(-1.00000000000001,-4.32861533858844E-15,-2.7));
#2240=CARTESIAN_POINT('Ctrl Pts',(1.00000000000001,-1.74306657929736E-16,
-2.9));
#2241=CARTESIAN_POINT('Ctrl Pts',(1.00000000000001,0.26794919243112,-2.88213672050459));
#2242=CARTESIAN_POINT('Ctrl Pts',(0.866025403784449,0.499999999999996,-2.86666666666667));
#2243=CARTESIAN_POINT('Ctrl Pts',(0.577350269189633,1.,-2.83333333333333));
#2244=CARTESIAN_POINT('Ctrl Pts',(0.,1.,-2.8));
#2245=CARTESIAN_POINT('Ctrl Pts',(-0.577350269189632,1.,-2.76666666666667));
#2246=CARTESIAN_POINT('Ctrl Pts',(-0.866025403784448,0.499999999999997,
-2.73333333333333));
#2247=CARTESIAN_POINT('Ctrl Pts',(-1.00000000000001,0.267949192431119,-2.71786327949541));
#2248=CARTESIAN_POINT('Ctrl Pts',(-1.00000000000001,-4.32861533858844E-15,
-2.7));
#2249=CARTESIAN_POINT('',(-1.,-2.60208521396521E-15,-6.));
#2250=CARTESIAN_POINT('Origin',(0.,-2.60208521396521E-15,-6.));
#2251=CARTESIAN_POINT('',(-1.00000000000001,-4.32861533858844E-15,-3.05000000000001));
#2252=CARTESIAN_POINT('',(1.00000000000001,-1.74306657929736E-16,-3.25));
#2253=CARTESIAN_POINT('Ctrl Pts',(-1.00000000000001,-4.32861533858844E-15,
-3.05000000000001));
#2254=CARTESIAN_POINT('Ctrl Pts',(-1.00000000000001,0.267949192431117,-3.06786327949541));
#2255=CARTESIAN_POINT('Ctrl Pts',(-0.866025403784448,0.499999999999997,
-3.08333333333334));
#2256=CARTESIAN_POINT('Ctrl Pts',(-0.577350269189632,1.,-3.11666666666667));
#2257=CARTESIAN_POINT('Ctrl Pts',(0.,1.,-3.15000000000001));
#2258=CARTESIAN_POINT('Ctrl Pts',(0.577350269189633,1.,-3.18333333333334));
#2259=CARTESIAN_POINT('Ctrl Pts',(0.866025403784449,0.499999999999996,-3.21666666666667));
#2260=CARTESIAN_POINT('Ctrl Pts',(1.00000000000001,0.267949192431125,-3.2321367205046));
#2261=CARTESIAN_POINT('Ctrl Pts',(1.00000000000001,-1.74306657929736E-16,
-3.25));
#2262=CARTESIAN_POINT('',(1.00000000000001,-4.82248420272269E-15,-3.3));
#2263=CARTESIAN_POINT('',(1.,-2.47962053405048E-15,-6.));
#2264=CARTESIAN_POINT('',(-1.00000000000001,3.19562206204516E-16,-3.1));
#2265=CARTESIAN_POINT('Ctrl Pts',(1.00000000000001,-4.82248420272269E-15,
-3.3));
#2266=CARTESIAN_POINT('Ctrl Pts',(1.00000000000001,0.267949192431118,-3.28213672050459));
#2267=CARTESIAN_POINT('Ctrl Pts',(0.866025403784449,0.499999999999996,-3.26666666666667));
#2268=CARTESIAN_POINT('Ctrl Pts',(0.577350269189633,1.,-3.23333333333333));
#2269=CARTESIAN_POINT('Ctrl Pts',(0.,1.,-3.2));
#2270=CARTESIAN_POINT('Ctrl Pts',(-0.577350269189632,1.,-3.16666666666667));
#2271=CARTESIAN_POINT('Ctrl Pts',(-0.866025403784448,0.499999999999997,
-3.13333333333333));
#2272=CARTESIAN_POINT('Ctrl Pts',(-1.00000000000001,0.267949192431121,-3.11786327949541));
#2273=CARTESIAN_POINT('Ctrl Pts',(-1.00000000000001,3.19562206204516E-16,
-3.1));
#2274=CARTESIAN_POINT('',(-1.,-2.60208521396521E-15,-6.));
#2275=CARTESIAN_POINT('Origin',(0.,-2.60208521396521E-15,-6.));
#2276=CARTESIAN_POINT('',(-1.00000000000001,3.19562206204516E-16,-3.45000000000001));
#2277=CARTESIAN_POINT('',(1.00000000000001,-4.82248420272269E-15,-3.65000000000001));
#2278=CARTESIAN_POINT('Ctrl Pts',(-1.00000000000001,3.19562206204516E-16,
-3.45000000000001));
#2279=CARTESIAN_POINT('Ctrl Pts',(-1.00000000000001,0.267949192431125,-3.46786327949541));
#2280=CARTESIAN_POINT('Ctrl Pts',(-0.866025403784448,0.499999999999997,
-3.48333333333334));
#2281=CARTESIAN_POINT('Ctrl Pts',(-0.577350269189632,1.,-3.51666666666667));
#2282=CARTESIAN_POINT('Ctrl Pts',(0.,1.,-3.55000000000001));
#2283=CARTESIAN_POINT('Ctrl Pts',(0.577350269189633,1.,-3.58333333333334));
#2284=CARTESIAN_POINT('Ctrl Pts',(0.866025403784449,0.499999999999996,-3.61666666666667));
#2285=CARTESIAN_POINT('Ctrl Pts',(1.00000000000001,0.267949192431116,-3.6321367205046));
#2286=CARTESIAN_POINT('Ctrl Pts',(1.00000000000001,-4.82248420272269E-15,
-3.65000000000001));
#2287=CARTESIAN_POINT('',(1.00000000000001,-2.55649764963613E-15,-3.7));
#2288=CARTESIAN_POINT('',(1.,-2.47962053405048E-15,-6.));
#2289=CARTESIAN_POINT('',(-1.00000000000001,-2.06262878550187E-15,-3.5));
#2290=CARTESIAN_POINT('Ctrl Pts',(1.00000000000001,-2.55649764963613E-15,
-3.7));
#2291=CARTESIAN_POINT('Ctrl Pts',(1.00000000000001,0.267949192431119,-3.68213672050459));
#2292=CARTESIAN_POINT('Ctrl Pts',(0.866025403784449,0.499999999999996,-3.66666666666667));
#2293=CARTESIAN_POINT('Ctrl Pts',(0.577350269189633,1.,-3.63333333333334));
#2294=CARTESIAN_POINT('Ctrl Pts',(0.,1.,-3.6));
#2295=CARTESIAN_POINT('Ctrl Pts',(-0.577350269189632,1.,-3.56666666666667));
#2296=CARTESIAN_POINT('Ctrl Pts',(-0.866025403784448,0.499999999999997,
-3.53333333333333));
#2297=CARTESIAN_POINT('Ctrl Pts',(-1.00000000000001,0.26794919243112,-3.51786327949541));
#2298=CARTESIAN_POINT('Ctrl Pts',(-1.00000000000001,-2.06262878550187E-15,
-3.5));
#2299=CARTESIAN_POINT('',(-1.,-2.60208521396521E-15,-6.));
#2300=CARTESIAN_POINT('Origin',(0.,-2.60208521396521E-15,-6.));
#2301=CARTESIAN_POINT('',(-1.00000000000001,-2.06262878550187E-15,-3.85000000000001));
#2302=CARTESIAN_POINT('',(1.00000000000001,-2.55649764963613E-15,-4.05));
#2303=CARTESIAN_POINT('Ctrl Pts',(-1.00000000000001,-2.06262878550187E-15,
-3.85000000000001));
#2304=CARTESIAN_POINT('Ctrl Pts',(-1.00000000000001,0.267949192431125,-3.86786327949541));
#2305=CARTESIAN_POINT('Ctrl Pts',(-0.866025403784448,0.499999999999997,
-3.88333333333334));
#2306=CARTESIAN_POINT('Ctrl Pts',(-0.577350269189632,1.,-3.91666666666667));
#2307=CARTESIAN_POINT('Ctrl Pts',(0.,1.,-3.95000000000001));
#2308=CARTESIAN_POINT('Ctrl Pts',(0.577350269189633,1.,-3.98333333333334));
#2309=CARTESIAN_POINT('Ctrl Pts',(0.866025403784449,0.499999999999996,-4.01666666666667));
#2310=CARTESIAN_POINT('Ctrl Pts',(1.00000000000001,0.267949192431125,-4.0321367205046));
#2311=CARTESIAN_POINT('Ctrl Pts',(1.00000000000001,-2.55649764963613E-15,
-4.05));
#2312=CARTESIAN_POINT('',(1.00000000000001,-2.55649764963613E-15,-4.1));
#2313=CARTESIAN_POINT('',(1.,-2.47962053405048E-15,-6.));
#2314=CARTESIAN_POINT('',(-1.00000000000001,-2.06262878550187E-15,-3.9));
#2315=CARTESIAN_POINT('Ctrl Pts',(1.00000000000001,-2.55649764963613E-15,
-4.1));
#2316=CARTESIAN_POINT('Ctrl Pts',(1.00000000000001,0.267949192431119,-4.08213672050459));
#2317=CARTESIAN_POINT('Ctrl Pts',(0.866025403784449,0.499999999999996,-4.06666666666667));
#2318=CARTESIAN_POINT('Ctrl Pts',(0.577350269189633,1.,-4.03333333333333));
#2319=CARTESIAN_POINT('Ctrl Pts',(0.,1.,-4.));
#2320=CARTESIAN_POINT('Ctrl Pts',(-0.577350269189632,1.,-3.96666666666667));
#2321=CARTESIAN_POINT('Ctrl Pts',(-0.866025403784448,0.499999999999997,
-3.93333333333333));
#2322=CARTESIAN_POINT('Ctrl Pts',(-1.00000000000001,0.26794919243112,-3.91786327949541));
#2323=CARTESIAN_POINT('Ctrl Pts',(-1.00000000000001,-2.06262878550187E-15,
-3.9));
#2324=CARTESIAN_POINT('',(-1.,-2.60208521396521E-15,-6.));
#2325=CARTESIAN_POINT('Origin',(0.,-2.60208521396521E-15,-6.));
#2326=CARTESIAN_POINT('',(-1.00000000000001,-2.06262878550187E-15,-4.25000000000001));
#2327=CARTESIAN_POINT('',(1.00000000000001,-2.55649764963613E-15,-4.45000000000001));
#2328=CARTESIAN_POINT('Ctrl Pts',(-1.00000000000001,-2.06262878550187E-15,
-4.25000000000001));
#2329=CARTESIAN_POINT('Ctrl Pts',(-1.00000000000001,0.267949192431117,-4.26786327949541));
#2330=CARTESIAN_POINT('Ctrl Pts',(-0.866025403784448,0.499999999999997,
-4.28333333333334));
#2331=CARTESIAN_POINT('Ctrl Pts',(-0.577350269189632,1.,-4.31666666666667));
#2332=CARTESIAN_POINT('Ctrl Pts',(0.,1.,-4.35000000000001));
#2333=CARTESIAN_POINT('Ctrl Pts',(0.577350269189633,1.,-4.38333333333334));
#2334=CARTESIAN_POINT('Ctrl Pts',(0.866025403784449,0.499999999999996,-4.41666666666667));
#2335=CARTESIAN_POINT('Ctrl Pts',(1.00000000000001,0.267949192431116,-4.4321367205046));
#2336=CARTESIAN_POINT('Ctrl Pts',(1.00000000000001,-2.55649764963613E-15,
-4.45000000000001));
#2337=CARTESIAN_POINT('',(1.00000000000001,-2.55649764963613E-15,-4.5));
#2338=CARTESIAN_POINT('',(1.,-2.47962053405048E-15,-6.));
#2339=CARTESIAN_POINT('',(-1.00000000000001,-4.32861533858844E-15,-4.3));
#2340=CARTESIAN_POINT('Ctrl Pts',(1.00000000000001,-2.55649764963613E-15,
-4.5));
#2341=CARTESIAN_POINT('Ctrl Pts',(1.00000000000001,0.267949192431119,-4.48213672050459));
#2342=CARTESIAN_POINT('Ctrl Pts',(0.866025403784449,0.499999999999996,-4.46666666666667));
#2343=CARTESIAN_POINT('Ctrl Pts',(0.577350269189633,1.,-4.43333333333333));
#2344=CARTESIAN_POINT('Ctrl Pts',(0.,1.,-4.4));
#2345=CARTESIAN_POINT('Ctrl Pts',(-0.577350269189632,1.,-4.36666666666667));
#2346=CARTESIAN_POINT('Ctrl Pts',(-0.866025403784448,0.499999999999997,
-4.33333333333333));
#2347=CARTESIAN_POINT('Ctrl Pts',(-1.00000000000001,0.267949192431119,-4.31786327949541));
#2348=CARTESIAN_POINT('Ctrl Pts',(-1.00000000000001,-4.32861533858844E-15,
-4.3));
#2349=CARTESIAN_POINT('',(-1.,-2.60208521396521E-15,-6.));
#2350=CARTESIAN_POINT('Origin',(0.,-2.60208521396521E-15,-6.));
#2351=CARTESIAN_POINT('',(-1.00000000000001,-4.32861533858844E-15,-4.65000000000001));
#2352=CARTESIAN_POINT('',(1.00000000000001,-2.55649764963613E-15,-4.85));
#2353=CARTESIAN_POINT('Ctrl Pts',(-1.00000000000001,-4.32861533858844E-15,
-4.65000000000001));
#2354=CARTESIAN_POINT('Ctrl Pts',(-1.00000000000001,0.267949192431117,-4.66786327949541));
#2355=CARTESIAN_POINT('Ctrl Pts',(-0.866025403784448,0.499999999999997,
-4.68333333333334));
#2356=CARTESIAN_POINT('Ctrl Pts',(-0.577350269189632,1.,-4.71666666666667));
#2357=CARTESIAN_POINT('Ctrl Pts',(0.,1.,-4.75000000000001));
#2358=CARTESIAN_POINT('Ctrl Pts',(0.577350269189633,1.,-4.78333333333334));
#2359=CARTESIAN_POINT('Ctrl Pts',(0.866025403784449,0.499999999999996,-4.81666666666667));
#2360=CARTESIAN_POINT('Ctrl Pts',(1.00000000000001,0.26794919243112,-4.8321367205046));
#2361=CARTESIAN_POINT('Ctrl Pts',(1.00000000000001,-2.55649764963613E-15,
-4.85000000000001));
#2362=CARTESIAN_POINT('',(1.00000000000001,-2.55649764963613E-15,-4.9));
#2363=CARTESIAN_POINT('',(1.,-2.47962053405048E-15,-6.));
#2364=CARTESIAN_POINT('',(-1.00000000000001,-3.1665709523902E-15,-4.7));
#2365=CARTESIAN_POINT('Ctrl Pts',(1.00000000000001,-2.55649764963613E-15,
-4.9));
#2366=CARTESIAN_POINT('Ctrl Pts',(1.00000000000001,0.267949192431119,-4.88213672050459));
#2367=CARTESIAN_POINT('Ctrl Pts',(0.866025403784449,0.499999999999996,-4.86666666666667));
#2368=CARTESIAN_POINT('Ctrl Pts',(0.577350269189633,1.,-4.83333333333334));
#2369=CARTESIAN_POINT('Ctrl Pts',(0.,1.,-4.8));
#2370=CARTESIAN_POINT('Ctrl Pts',(-0.577350269189632,1.,-4.76666666666667));
#2371=CARTESIAN_POINT('Ctrl Pts',(-0.866025403784448,0.499999999999997,
-4.73333333333333));
#2372=CARTESIAN_POINT('Ctrl Pts',(-1.00000000000001,0.267949192431119,-4.71786327949541));
#2373=CARTESIAN_POINT('Ctrl Pts',(-1.00000000000001,-3.1665709523902E-15,
-4.7));
#2374=CARTESIAN_POINT('',(-1.,-2.60208521396521E-15,-6.));
#2375=CARTESIAN_POINT('Origin',(0.,-2.60208521396521E-15,-6.));
#2376=CARTESIAN_POINT('',(-1.00000000000001,-3.1665709523902E-15,-5.05000000000001));
#2377=CARTESIAN_POINT('',(1.00000000000001,-2.55649764963613E-15,-5.25000000000001));
#2378=CARTESIAN_POINT('Ctrl Pts',(-1.00000000000001,-3.1665709523902E-15,
-5.05000000000001));
#2379=CARTESIAN_POINT('Ctrl Pts',(-1.00000000000001,0.267949192431117,-5.06786327949541));
#2380=CARTESIAN_POINT('Ctrl Pts',(-0.866025403784448,0.499999999999997,
-5.08333333333334));
#2381=CARTESIAN_POINT('Ctrl Pts',(-0.577350269189632,1.,-5.11666666666667));
#2382=CARTESIAN_POINT('Ctrl Pts',(0.,1.,-5.15000000000001));
#2383=CARTESIAN_POINT('Ctrl Pts',(0.577350269189633,1.,-5.18333333333334));
#2384=CARTESIAN_POINT('Ctrl Pts',(0.866025403784449,0.499999999999996,-5.21666666666667));
#2385=CARTESIAN_POINT('Ctrl Pts',(1.00000000000001,0.26794919243112,-5.2321367205046));
#2386=CARTESIAN_POINT('Ctrl Pts',(1.00000000000001,-2.55649764963613E-15,
-5.25000000000001));
#2387=CARTESIAN_POINT('',(1.00000000000001,-2.55649764963613E-15,-5.3));
#2388=CARTESIAN_POINT('',(1.,-2.47962053405048E-15,-6.));
#2389=CARTESIAN_POINT('',(-1.00000000000001,-2.06262878550187E-15,-5.1));
#2390=CARTESIAN_POINT('Ctrl Pts',(1.00000000000001,-2.55649764963613E-15,
-5.3));
#2391=CARTESIAN_POINT('Ctrl Pts',(1.00000000000001,0.267949192431119,-5.28213672050459));
#2392=CARTESIAN_POINT('Ctrl Pts',(0.866025403784449,0.499999999999996,-5.26666666666667));
#2393=CARTESIAN_POINT('Ctrl Pts',(0.577350269189633,1.,-5.23333333333334));
#2394=CARTESIAN_POINT('Ctrl Pts',(0.,1.,-5.2));
#2395=CARTESIAN_POINT('Ctrl Pts',(-0.577350269189632,1.,-5.16666666666667));
#2396=CARTESIAN_POINT('Ctrl Pts',(-0.866025403784448,0.499999999999997,
-5.13333333333333));
#2397=CARTESIAN_POINT('Ctrl Pts',(-1.00000000000001,0.26794919243112,-5.11786327949541));
#2398=CARTESIAN_POINT('Ctrl Pts',(-1.00000000000001,-2.06262878550187E-15,
-5.1));
#2399=CARTESIAN_POINT('',(-1.,-2.60208521396521E-15,-6.));
#2400=CARTESIAN_POINT('Origin',(0.,-2.60208521396521E-15,-6.));
#2401=CARTESIAN_POINT('',(0.172015012316317,-0.985094328243675,3.86042814709175));
#2402=CARTESIAN_POINT('Ctrl Pts',(0.172015012316317,-0.985094328243675,
3.86042814709175));
#2403=CARTESIAN_POINT('Ctrl Pts',(0.0866533191238876,-1.00000000000002,
3.85500293171223));
#2404=CARTESIAN_POINT('Ctrl Pts',(-1.22464679914737E-16,-1.00000000000002,
3.85));
#2405=CARTESIAN_POINT('Ctrl Pts',(-0.577350269189633,-1.00000000000002,
3.81666666666666));
#2406=CARTESIAN_POINT('Ctrl Pts',(-0.866025403784448,-0.500000000000015,
3.78333333333333));
#2407=CARTESIAN_POINT('Ctrl Pts',(-1.00000000000001,-0.267949192431135,
3.7678632794954));
#2408=CARTESIAN_POINT('Ctrl Pts',(-1.00000000000001,-8.9767928833814E-15,
3.75));
#2409=CARTESIAN_POINT('',(0.808814649909222,-0.588063654796192,3.86042814709175));
#2410=CARTESIAN_POINT('Ctrl Pts',(-1.00000000000001,-8.9767928833814E-15,
3.7));
#2411=CARTESIAN_POINT('Ctrl Pts',(-1.00000000000001,-0.267949192431135,
3.71786327949541));
#2412=CARTESIAN_POINT('Ctrl Pts',(-0.866025403784448,-0.500000000000015,
3.73333333333333));
#2413=CARTESIAN_POINT('Ctrl Pts',(-0.577350269189633,-1.00000000000002,
3.76666666666667));
#2414=CARTESIAN_POINT('Ctrl Pts',(-1.22464679914737E-16,-1.00000000000002,
3.8));
#2415=CARTESIAN_POINT('Ctrl Pts',(0.509308709047328,-1.00000000000002,3.82940495202691));
#2416=CARTESIAN_POINT('Ctrl Pts',(0.808814649909222,-0.588063654796192,
3.86042814709175));
#2417=CARTESIAN_POINT('Origin',(0.,-9.10729824887824E-15,3.86042814709173));
#2418=CARTESIAN_POINT('Origin',(0.,-2.60208521396521E-15,-6.));
#2419=CARTESIAN_POINT('Ctrl Pts',(1.00000000000001,-1.74306657929736E-16,
3.55));
#2420=CARTESIAN_POINT('Ctrl Pts',(1.00000000000001,-0.267949192431131,3.53213672050459));
#2421=CARTESIAN_POINT('Ctrl Pts',(0.866025403784448,-0.500000000000015,
3.51666666666666));
#2422=CARTESIAN_POINT('Ctrl Pts',(0.577350269189632,-1.00000000000002,3.48333333333333));
#2423=CARTESIAN_POINT('Ctrl Pts',(-1.22464679914737E-16,-1.00000000000002,
3.44999999999999));
#2424=CARTESIAN_POINT('Ctrl Pts',(-0.577350269189633,-1.00000000000002,
3.41666666666666));
#2425=CARTESIAN_POINT('Ctrl Pts',(-0.866025403784448,-0.500000000000015,
3.38333333333333));
#2426=CARTESIAN_POINT('Ctrl Pts',(-1.00000000000001,-0.267949192431135,
3.3678632794954));
#2427=CARTESIAN_POINT('Ctrl Pts',(-1.00000000000001,-8.9767928833814E-15,
3.35));
#2428=CARTESIAN_POINT('Ctrl Pts',(-1.00000000000001,-8.9767928833814E-15,
3.3));
#2429=CARTESIAN_POINT('Ctrl Pts',(-1.00000000000001,-0.267949192431135,
3.31786327949541));
#2430=CARTESIAN_POINT('Ctrl Pts',(-0.866025403784448,-0.500000000000015,
3.33333333333333));
#2431=CARTESIAN_POINT('Ctrl Pts',(-0.577350269189633,-1.00000000000002,
3.36666666666667));
#2432=CARTESIAN_POINT('Ctrl Pts',(-1.22464679914737E-16,-1.00000000000002,
3.4));
#2433=CARTESIAN_POINT('Ctrl Pts',(0.577350269189632,-1.00000000000002,3.43333333333333));
#2434=CARTESIAN_POINT('Ctrl Pts',(0.866025403784448,-0.500000000000015,
3.46666666666667));
#2435=CARTESIAN_POINT('Ctrl Pts',(1.00000000000001,-0.267949192431135,3.48213672050459));
#2436=CARTESIAN_POINT('Ctrl Pts',(1.00000000000001,-9.47066174751565E-15,
3.5));
#2437=CARTESIAN_POINT('Origin',(0.,-2.60208521396521E-15,-6.));
#2438=CARTESIAN_POINT('Ctrl Pts',(1.00000000000001,-9.47066174751565E-15,
3.15));
#2439=CARTESIAN_POINT('Ctrl Pts',(1.00000000000001,-0.267949192431135,3.13213672050459));
#2440=CARTESIAN_POINT('Ctrl Pts',(0.866025403784448,-0.500000000000015,
3.11666666666666));
#2441=CARTESIAN_POINT('Ctrl Pts',(0.577350269189632,-1.00000000000002,3.08333333333333));
#2442=CARTESIAN_POINT('Ctrl Pts',(-1.22464679914737E-16,-1.00000000000002,
3.04999999999999));
#2443=CARTESIAN_POINT('Ctrl Pts',(-0.577350269189633,-1.00000000000002,
3.01666666666666));
#2444=CARTESIAN_POINT('Ctrl Pts',(-0.866025403784448,-0.500000000000015,
2.98333333333333));
#2445=CARTESIAN_POINT('Ctrl Pts',(-1.00000000000001,-0.267949192431135,
2.9678632794954));
#2446=CARTESIAN_POINT('Ctrl Pts',(-1.00000000000001,-8.9767928833814E-15,
2.95));
#2447=CARTESIAN_POINT('Ctrl Pts',(-1.00000000000001,-8.9767928833814E-15,
2.9));
#2448=CARTESIAN_POINT('Ctrl Pts',(-1.00000000000001,-0.267949192431135,
2.91786327949541));
#2449=CARTESIAN_POINT('Ctrl Pts',(-0.866025403784448,-0.500000000000015,
2.93333333333333));
#2450=CARTESIAN_POINT('Ctrl Pts',(-0.577350269189633,-1.00000000000002,
2.96666666666667));
#2451=CARTESIAN_POINT('Ctrl Pts',(-1.22464679914737E-16,-1.00000000000002,
3.));
#2452=CARTESIAN_POINT('Ctrl Pts',(0.577350269189632,-1.00000000000002,3.03333333333333));
#2453=CARTESIAN_POINT('Ctrl Pts',(0.866025403784448,-0.500000000000015,
3.06666666666667));
#2454=CARTESIAN_POINT('Ctrl Pts',(1.00000000000001,-0.267949192431135,3.08213672050459));
#2455=CARTESIAN_POINT('Ctrl Pts',(1.00000000000001,-9.47066174751565E-15,
3.1));
#2456=CARTESIAN_POINT('Origin',(0.,-2.60208521396521E-15,-6.));
#2457=CARTESIAN_POINT('Ctrl Pts',(1.00000000000001,-9.47066174751565E-15,
2.75));
#2458=CARTESIAN_POINT('Ctrl Pts',(1.00000000000001,-0.267949192431135,2.73213672050459));
#2459=CARTESIAN_POINT('Ctrl Pts',(0.866025403784448,-0.500000000000015,
2.71666666666666));
#2460=CARTESIAN_POINT('Ctrl Pts',(0.577350269189632,-1.00000000000002,2.68333333333333));
#2461=CARTESIAN_POINT('Ctrl Pts',(-1.22464679914737E-16,-1.00000000000002,
2.65));
#2462=CARTESIAN_POINT('Ctrl Pts',(-0.577350269189633,-1.00000000000002,
2.61666666666666));
#2463=CARTESIAN_POINT('Ctrl Pts',(-0.866025403784448,-0.500000000000015,
2.58333333333333));
#2464=CARTESIAN_POINT('Ctrl Pts',(-1.00000000000001,-0.267949192431135,
2.5678632794954));
#2465=CARTESIAN_POINT('Ctrl Pts',(-1.00000000000001,-8.9767928833814E-15,
2.54999999999999));
#2466=CARTESIAN_POINT('Ctrl Pts',(-1.00000000000001,-8.9767928833814E-15,
2.5));
#2467=CARTESIAN_POINT('Ctrl Pts',(-1.00000000000001,-0.267949192431135,
2.51786327949541));
#2468=CARTESIAN_POINT('Ctrl Pts',(-0.866025403784448,-0.500000000000015,
2.53333333333333));
#2469=CARTESIAN_POINT('Ctrl Pts',(-0.577350269189633,-1.00000000000002,
2.56666666666667));
#2470=CARTESIAN_POINT('Ctrl Pts',(-1.22464679914737E-16,-1.00000000000002,
2.6));
#2471=CARTESIAN_POINT('Ctrl Pts',(0.577350269189632,-1.00000000000002,2.63333333333333));
#2472=CARTESIAN_POINT('Ctrl Pts',(0.866025403784448,-0.500000000000015,
2.66666666666667));
#2473=CARTESIAN_POINT('Ctrl Pts',(1.00000000000001,-0.267949192431135,2.68213672050459));
#2474=CARTESIAN_POINT('Ctrl Pts',(1.00000000000001,-9.47066174751565E-15,
2.7));
#2475=CARTESIAN_POINT('Origin',(0.,-2.60208521396521E-15,-6.));
#2476=CARTESIAN_POINT('Ctrl Pts',(1.00000000000001,-9.47066174751565E-15,
2.35));
#2477=CARTESIAN_POINT('Ctrl Pts',(1.00000000000001,-0.267949192431135,2.33213672050459));
#2478=CARTESIAN_POINT('Ctrl Pts',(0.866025403784448,-0.500000000000015,
2.31666666666666));
#2479=CARTESIAN_POINT('Ctrl Pts',(0.577350269189632,-1.00000000000002,2.28333333333333));
#2480=CARTESIAN_POINT('Ctrl Pts',(-1.22464679914737E-16,-1.00000000000002,
2.24999999999999));
#2481=CARTESIAN_POINT('Ctrl Pts',(-0.577350269189633,-1.00000000000002,
2.21666666666666));
#2482=CARTESIAN_POINT('Ctrl Pts',(-0.866025403784448,-0.500000000000015,
2.18333333333333));
#2483=CARTESIAN_POINT('Ctrl Pts',(-1.00000000000001,-0.267949192431135,
2.1678632794954));
#2484=CARTESIAN_POINT('Ctrl Pts',(-1.00000000000001,-8.9767928833814E-15,
2.14999999999999));
#2485=CARTESIAN_POINT('Ctrl Pts',(-1.00000000000001,-8.9767928833814E-15,
2.1));
#2486=CARTESIAN_POINT('Ctrl Pts',(-1.00000000000001,-0.267949192431135,
2.11786327949541));
#2487=CARTESIAN_POINT('Ctrl Pts',(-0.866025403784448,-0.500000000000015,
2.13333333333333));
#2488=CARTESIAN_POINT('Ctrl Pts',(-0.577350269189633,-1.00000000000002,
2.16666666666667));
#2489=CARTESIAN_POINT('Ctrl Pts',(-1.22464679914737E-16,-1.00000000000002,
2.2));
#2490=CARTESIAN_POINT('Ctrl Pts',(0.577350269189632,-1.00000000000002,2.23333333333333));
#2491=CARTESIAN_POINT('Ctrl Pts',(0.866025403784448,-0.500000000000015,
2.26666666666667));
#2492=CARTESIAN_POINT('Ctrl Pts',(1.00000000000001,-0.267949192431131,2.28213672050459));
#2493=CARTESIAN_POINT('Ctrl Pts',(1.00000000000001,-1.74306657929736E-16,
2.3));
#2494=CARTESIAN_POINT('Origin',(0.,-2.60208521396521E-15,-6.));
#2495=CARTESIAN_POINT('Ctrl Pts',(1.00000000000001,-1.74306657929736E-16,
1.95));
#2496=CARTESIAN_POINT('Ctrl Pts',(1.00000000000001,-0.267949192431131,1.93213672050459));
#2497=CARTESIAN_POINT('Ctrl Pts',(0.866025403784448,-0.500000000000015,
1.91666666666666));
#2498=CARTESIAN_POINT('Ctrl Pts',(0.577350269189632,-1.00000000000002,1.88333333333333));
#2499=CARTESIAN_POINT('Ctrl Pts',(-1.22464679914737E-16,-1.00000000000002,
1.85));
#2500=CARTESIAN_POINT('Ctrl Pts',(-0.577350269189633,-1.00000000000002,
1.81666666666666));
#2501=CARTESIAN_POINT('Ctrl Pts',(-0.866025403784448,-0.500000000000015,
1.78333333333333));
#2502=CARTESIAN_POINT('Ctrl Pts',(-1.00000000000001,-0.267949192431135,
1.7678632794954));
#2503=CARTESIAN_POINT('Ctrl Pts',(-1.00000000000001,-8.9767928833814E-15,
1.74999999999999));
#2504=CARTESIAN_POINT('Ctrl Pts',(-1.00000000000001,-8.9767928833814E-15,
1.7));
#2505=CARTESIAN_POINT('Ctrl Pts',(-1.00000000000001,-0.267949192431135,
1.71786327949541));
#2506=CARTESIAN_POINT('Ctrl Pts',(-0.866025403784448,-0.500000000000015,
1.73333333333333));
#2507=CARTESIAN_POINT('Ctrl Pts',(-0.577350269189633,-1.00000000000002,
1.76666666666667));
#2508=CARTESIAN_POINT('Ctrl Pts',(-1.22464679914737E-16,-1.00000000000002,
1.8));
#2509=CARTESIAN_POINT('Ctrl Pts',(0.577350269189632,-1.00000000000002,1.83333333333333));
#2510=CARTESIAN_POINT('Ctrl Pts',(0.866025403784448,-0.500000000000015,
1.86666666666667));
#2511=CARTESIAN_POINT('Ctrl Pts',(1.00000000000001,-0.267949192431135,1.88213672050459));
#2512=CARTESIAN_POINT('Ctrl Pts',(1.00000000000001,-9.47066174751565E-15,
1.9));
#2513=CARTESIAN_POINT('Origin',(0.,-2.60208521396521E-15,-6.));
#2514=CARTESIAN_POINT('Ctrl Pts',(1.00000000000001,-9.47066174751565E-15,
1.55));
#2515=CARTESIAN_POINT('Ctrl Pts',(1.00000000000001,-0.267949192431135,1.53213672050459));
#2516=CARTESIAN_POINT('Ctrl Pts',(0.866025403784448,-0.500000000000015,
1.51666666666666));
#2517=CARTESIAN_POINT('Ctrl Pts',(0.577350269189632,-1.00000000000002,1.48333333333333));
#2518=CARTESIAN_POINT('Ctrl Pts',(-1.22464679914737E-16,-1.00000000000002,
1.44999999999999));
#2519=CARTESIAN_POINT('Ctrl Pts',(-0.577350269189633,-1.00000000000002,
1.41666666666666));
#2520=CARTESIAN_POINT('Ctrl Pts',(-0.866025403784448,-0.500000000000015,
1.38333333333333));
#2521=CARTESIAN_POINT('Ctrl Pts',(-1.00000000000001,-0.267949192431135,
1.3678632794954));
#2522=CARTESIAN_POINT('Ctrl Pts',(-1.00000000000001,-8.9767928833814E-15,
1.34999999999999));
#2523=CARTESIAN_POINT('Ctrl Pts',(-1.00000000000001,3.19562206204516E-16,
1.3));
#2524=CARTESIAN_POINT('Ctrl Pts',(-1.00000000000001,-0.26794919243113,1.31786327949541));
#2525=CARTESIAN_POINT('Ctrl Pts',(-0.866025403784448,-0.500000000000015,
1.33333333333333));
#2526=CARTESIAN_POINT('Ctrl Pts',(-0.577350269189633,-1.00000000000002,
1.36666666666667));
#2527=CARTESIAN_POINT('Ctrl Pts',(-1.22464679914737E-16,-1.00000000000002,
1.4));
#2528=CARTESIAN_POINT('Ctrl Pts',(0.577350269189632,-1.00000000000002,1.43333333333333));
#2529=CARTESIAN_POINT('Ctrl Pts',(0.866025403784448,-0.500000000000015,
1.46666666666667));
#2530=CARTESIAN_POINT('Ctrl Pts',(1.00000000000001,-0.267949192431135,1.48213672050459));
#2531=CARTESIAN_POINT('Ctrl Pts',(1.00000000000001,-9.47066174751565E-15,
1.5));
#2532=CARTESIAN_POINT('Origin',(0.,-2.60208521396521E-15,-6.));
#2533=CARTESIAN_POINT('Ctrl Pts',(1.00000000000001,-9.47066174751565E-15,
1.14999999999999));
#2534=CARTESIAN_POINT('Ctrl Pts',(1.00000000000001,-0.267949192431135,1.13213672050459));
#2535=CARTESIAN_POINT('Ctrl Pts',(0.866025403784448,-0.500000000000015,
1.11666666666666));
#2536=CARTESIAN_POINT('Ctrl Pts',(0.577350269189632,-1.00000000000002,1.08333333333333));
#2537=CARTESIAN_POINT('Ctrl Pts',(-1.22464679914737E-16,-1.00000000000002,
1.04999999999999));
#2538=CARTESIAN_POINT('Ctrl Pts',(-0.577350269189633,-1.00000000000002,
1.01666666666666));
#2539=CARTESIAN_POINT('Ctrl Pts',(-0.866025403784448,-0.500000000000015,
0.983333333333329));
#2540=CARTESIAN_POINT('Ctrl Pts',(-1.00000000000001,-0.26794919243113,0.967863279495403));
#2541=CARTESIAN_POINT('Ctrl Pts',(-1.00000000000001,3.19562206204516E-16,
0.949999999999994));
#2542=CARTESIAN_POINT('Ctrl Pts',(-1.00000000000001,-8.9767928833814E-15,
0.899999999999999));
#2543=CARTESIAN_POINT('Ctrl Pts',(-1.00000000000001,-0.267949192431135,
0.917863279495408));
#2544=CARTESIAN_POINT('Ctrl Pts',(-0.866025403784448,-0.500000000000015,
0.933333333333333));
#2545=CARTESIAN_POINT('Ctrl Pts',(-0.577350269189633,-1.00000000000002,
0.966666666666666));
#2546=CARTESIAN_POINT('Ctrl Pts',(-1.22464679914737E-16,-1.00000000000002,
0.999999999999999));
#2547=CARTESIAN_POINT('Ctrl Pts',(0.577350269189632,-1.00000000000002,1.03333333333333));
#2548=CARTESIAN_POINT('Ctrl Pts',(0.866025403784448,-0.500000000000015,
1.06666666666667));
#2549=CARTESIAN_POINT('Ctrl Pts',(1.00000000000001,-0.267949192431135,1.08213672050459));
#2550=CARTESIAN_POINT('Ctrl Pts',(1.00000000000001,-9.47066174751565E-15,
1.1));
#2551=CARTESIAN_POINT('Origin',(0.,-2.60208521396521E-15,-6.));
#2552=CARTESIAN_POINT('Ctrl Pts',(1.00000000000001,-9.47066174751565E-15,
0.749999999999995));
#2553=CARTESIAN_POINT('Ctrl Pts',(1.00000000000001,-0.267949192431135,0.732136720504587));
#2554=CARTESIAN_POINT('Ctrl Pts',(0.866025403784448,-0.500000000000015,
0.716666666666662));
#2555=CARTESIAN_POINT('Ctrl Pts',(0.577350269189632,-1.00000000000002,0.683333333333328));
#2556=CARTESIAN_POINT('Ctrl Pts',(-1.22464679914737E-16,-1.00000000000002,
0.649999999999995));
#2557=CARTESIAN_POINT('Ctrl Pts',(-0.577350269189633,-1.00000000000002,
0.616666666666662));
#2558=CARTESIAN_POINT('Ctrl Pts',(-0.866025403784448,-0.500000000000015,
0.583333333333328));
#2559=CARTESIAN_POINT('Ctrl Pts',(-1.00000000000001,-0.267949192431135,
0.567863279495403));
#2560=CARTESIAN_POINT('Ctrl Pts',(-1.00000000000001,-8.9767928833814E-15,
0.549999999999995));
#2561=CARTESIAN_POINT('Ctrl Pts',(-1.00000000000001,-8.9767928833814E-15,
0.499999999999999));
#2562=CARTESIAN_POINT('Ctrl Pts',(-1.00000000000001,-0.267949192431135,
0.517863279495407));
#2563=CARTESIAN_POINT('Ctrl Pts',(-0.866025403784448,-0.500000000000015,
0.533333333333332));
#2564=CARTESIAN_POINT('Ctrl Pts',(-0.577350269189633,-1.00000000000002,
0.566666666666665));
#2565=CARTESIAN_POINT('Ctrl Pts',(-1.22464679914737E-16,-1.00000000000002,
0.599999999999999));
#2566=CARTESIAN_POINT('Ctrl Pts',(0.577350269189632,-1.00000000000002,0.633333333333333));
#2567=CARTESIAN_POINT('Ctrl Pts',(0.866025403784448,-0.500000000000015,
0.666666666666666));
#2568=CARTESIAN_POINT('Ctrl Pts',(1.00000000000001,-0.267949192431135,0.682136720504591));
#2569=CARTESIAN_POINT('Ctrl Pts',(1.00000000000001,-9.47066174751565E-15,
0.699999999999999));
#2570=CARTESIAN_POINT('Origin',(0.,-2.60208521396521E-15,-6.));
#2571=CARTESIAN_POINT('Ctrl Pts',(1.00000000000001,-9.47066174751565E-15,
0.349999999999995));
#2572=CARTESIAN_POINT('Ctrl Pts',(1.00000000000001,-0.267949192431135,0.332136720504587));
#2573=CARTESIAN_POINT('Ctrl Pts',(0.866025403784448,-0.500000000000015,
0.316666666666662));
#2574=CARTESIAN_POINT('Ctrl Pts',(0.577350269189632,-1.00000000000002,0.283333333333328));
#2575=CARTESIAN_POINT('Ctrl Pts',(-1.22464679914737E-16,-1.00000000000002,
0.249999999999995));
#2576=CARTESIAN_POINT('Ctrl Pts',(-0.577350269189633,-1.00000000000002,
0.216666666666661));
#2577=CARTESIAN_POINT('Ctrl Pts',(-0.866025403784448,-0.500000000000015,
0.183333333333328));
#2578=CARTESIAN_POINT('Ctrl Pts',(-1.00000000000001,-0.267949192431135,
0.167863279495403));
#2579=CARTESIAN_POINT('Ctrl Pts',(-1.00000000000001,-8.9767928833814E-15,
0.149999999999995));
#2580=CARTESIAN_POINT('Ctrl Pts',(-1.00000000000001,-8.9767928833814E-15,
0.0999999999999991));
#2581=CARTESIAN_POINT('Ctrl Pts',(-1.00000000000001,-0.267949192431135,
0.117863279495407));
#2582=CARTESIAN_POINT('Ctrl Pts',(-0.866025403784448,-0.500000000000015,
0.133333333333332));
#2583=CARTESIAN_POINT('Ctrl Pts',(-0.577350269189633,-1.00000000000002,
0.166666666666665));
#2584=CARTESIAN_POINT('Ctrl Pts',(-1.22464679914737E-16,-1.00000000000002,
0.199999999999999));
#2585=CARTESIAN_POINT('Ctrl Pts',(0.577350269189632,-1.00000000000002,0.233333333333332));
#2586=CARTESIAN_POINT('Ctrl Pts',(0.866025403784448,-0.500000000000015,
0.266666666666666));
#2587=CARTESIAN_POINT('Ctrl Pts',(1.00000000000001,-0.267949192431135,0.282136720504591));
#2588=CARTESIAN_POINT('Ctrl Pts',(1.00000000000001,-9.47066174751565E-15,
0.299999999999999));
#2589=CARTESIAN_POINT('Origin',(0.,-2.60208521396521E-15,-6.));
#2590=CARTESIAN_POINT('Ctrl Pts',(1.00000000000001,-9.47066174751565E-15,
-0.0500000000000052));
#2591=CARTESIAN_POINT('Ctrl Pts',(1.00000000000001,-0.267949192431135,-0.0678632794954135));
#2592=CARTESIAN_POINT('Ctrl Pts',(0.866025403784448,-0.500000000000015,
-0.0833333333333386));
#2593=CARTESIAN_POINT('Ctrl Pts',(0.577350269189632,-1.00000000000002,-0.116666666666672));
#2594=CARTESIAN_POINT('Ctrl Pts',(-1.22464679914737E-16,-1.00000000000002,
-0.150000000000005));
#2595=CARTESIAN_POINT('Ctrl Pts',(-0.577350269189633,-1.00000000000002,
-0.183333333333339));
#2596=CARTESIAN_POINT('Ctrl Pts',(-0.866025403784448,-0.500000000000015,
-0.216666666666672));
#2597=CARTESIAN_POINT('Ctrl Pts',(-1.00000000000001,-0.267949192431135,
-0.232136720504597));
#2598=CARTESIAN_POINT('Ctrl Pts',(-1.00000000000001,-8.9767928833814E-15,
-0.250000000000005));
#2599=CARTESIAN_POINT('Ctrl Pts',(-1.00000000000001,3.19562206204516E-16,
-0.300000000000002));
#2600=CARTESIAN_POINT('Ctrl Pts',(-1.00000000000001,-0.26794919243113,-0.282136720504593));
#2601=CARTESIAN_POINT('Ctrl Pts',(-0.866025403784448,-0.500000000000015,
-0.266666666666668));
#2602=CARTESIAN_POINT('Ctrl Pts',(-0.577350269189633,-1.00000000000002,
-0.233333333333334));
#2603=CARTESIAN_POINT('Ctrl Pts',(-1.22464679914737E-16,-1.00000000000002,
-0.200000000000001));
#2604=CARTESIAN_POINT('Ctrl Pts',(0.577350269189632,-1.00000000000002,-0.166666666666668));
#2605=CARTESIAN_POINT('Ctrl Pts',(0.866025403784448,-0.500000000000015,
-0.133333333333335));
#2606=CARTESIAN_POINT('Ctrl Pts',(1.00000000000001,-0.267949192431135,-0.11786327949541));
#2607=CARTESIAN_POINT('Ctrl Pts',(1.00000000000001,-9.47066174751565E-15,
-0.100000000000001));
#2608=CARTESIAN_POINT('Origin',(0.,-2.60208521396521E-15,-6.));
#2609=CARTESIAN_POINT('Ctrl Pts',(1.00000000000001,-9.47066174751565E-15,
-0.450000000000005));
#2610=CARTESIAN_POINT('Ctrl Pts',(1.00000000000001,-0.267949192431135,-0.467863279495414));
#2611=CARTESIAN_POINT('Ctrl Pts',(0.866025403784448,-0.500000000000015,
-0.483333333333339));
#2612=CARTESIAN_POINT('Ctrl Pts',(0.577350269189632,-1.00000000000002,-0.516666666666672));
#2613=CARTESIAN_POINT('Ctrl Pts',(-1.22464679914737E-16,-1.00000000000002,
-0.550000000000005));
#2614=CARTESIAN_POINT('Ctrl Pts',(-0.577350269189633,-1.00000000000002,
-0.583333333333338));
#2615=CARTESIAN_POINT('Ctrl Pts',(-0.866025403784448,-0.500000000000015,
-0.616666666666672));
#2616=CARTESIAN_POINT('Ctrl Pts',(-1.00000000000001,-0.26794919243113,-0.632136720504597));
#2617=CARTESIAN_POINT('Ctrl Pts',(-1.00000000000001,3.19562206204516E-16,
-0.650000000000006));
#2618=CARTESIAN_POINT('Ctrl Pts',(-1.00000000000001,-8.9767928833814E-15,
-0.700000000000001));
#2619=CARTESIAN_POINT('Ctrl Pts',(-1.00000000000001,-0.267949192431135,
-0.682136720504593));
#2620=CARTESIAN_POINT('Ctrl Pts',(-0.866025403784448,-0.500000000000015,
-0.666666666666667));
#2621=CARTESIAN_POINT('Ctrl Pts',(-0.577350269189633,-1.00000000000002,
-0.633333333333334));
#2622=CARTESIAN_POINT('Ctrl Pts',(-1.22464679914737E-16,-1.00000000000002,
-0.600000000000001));
#2623=CARTESIAN_POINT('Ctrl Pts',(0.577350269189632,-1.00000000000002,-0.566666666666668));
#2624=CARTESIAN_POINT('Ctrl Pts',(0.866025403784448,-0.500000000000015,
-0.533333333333335));
#2625=CARTESIAN_POINT('Ctrl Pts',(1.00000000000001,-0.267949192431135,-0.517863279495409));
#2626=CARTESIAN_POINT('Ctrl Pts',(1.00000000000001,-9.47066174751565E-15,
-0.500000000000001));
#2627=CARTESIAN_POINT('Origin',(0.,-2.60208521396521E-15,-6.));
#2628=CARTESIAN_POINT('Ctrl Pts',(1.00000000000001,-9.47066174751565E-15,
-0.850000000000005));
#2629=CARTESIAN_POINT('Ctrl Pts',(1.00000000000001,-0.267949192431135,-0.867863279495413));
#2630=CARTESIAN_POINT('Ctrl Pts',(0.866025403784448,-0.500000000000015,
-0.883333333333339));
#2631=CARTESIAN_POINT('Ctrl Pts',(0.577350269189632,-1.00000000000002,-0.916666666666672));
#2632=CARTESIAN_POINT('Ctrl Pts',(-1.22464679914737E-16,-1.00000000000002,
-0.950000000000005));
#2633=CARTESIAN_POINT('Ctrl Pts',(-0.577350269189633,-1.00000000000002,
-0.983333333333338));
#2634=CARTESIAN_POINT('Ctrl Pts',(-0.866025403784448,-0.500000000000015,
-1.01666666666667));
#2635=CARTESIAN_POINT('Ctrl Pts',(-1.00000000000001,-0.267949192431135,
-1.0321367205046));
#2636=CARTESIAN_POINT('Ctrl Pts',(-1.00000000000001,-8.9767928833814E-15,
-1.05000000000001));
#2637=CARTESIAN_POINT('Ctrl Pts',(-1.00000000000001,3.19562206204516E-16,
-1.1));
#2638=CARTESIAN_POINT('Ctrl Pts',(-1.00000000000001,-0.26794919243113,-1.08213672050459));
#2639=CARTESIAN_POINT('Ctrl Pts',(-0.866025403784448,-0.500000000000015,
-1.06666666666667));
#2640=CARTESIAN_POINT('Ctrl Pts',(-0.577350269189633,-1.00000000000002,
-1.03333333333333));
#2641=CARTESIAN_POINT('Ctrl Pts',(-1.22464679914737E-16,-1.00000000000002,
-1.));
#2642=CARTESIAN_POINT('Ctrl Pts',(0.577350269189632,-1.00000000000002,-0.966666666666668));
#2643=CARTESIAN_POINT('Ctrl Pts',(0.866025403784448,-0.500000000000015,
-0.933333333333334));
#2644=CARTESIAN_POINT('Ctrl Pts',(1.00000000000001,-0.267949192431133,-0.917863279495409));
#2645=CARTESIAN_POINT('Ctrl Pts',(1.00000000000001,-4.82248420272269E-15,
-0.900000000000001));
#2646=CARTESIAN_POINT('Origin',(0.,-2.60208521396521E-15,-6.));
#2647=CARTESIAN_POINT('Ctrl Pts',(1.00000000000001,-4.82248420272269E-15,
-1.25));
#2648=CARTESIAN_POINT('Ctrl Pts',(1.00000000000001,-0.267949192431135,-1.26786327949541));
#2649=CARTESIAN_POINT('Ctrl Pts',(0.866025403784448,-0.500000000000015,
-1.28333333333334));
#2650=CARTESIAN_POINT('Ctrl Pts',(0.577350269189632,-1.00000000000002,-1.31666666666667));
#2651=CARTESIAN_POINT('Ctrl Pts',(-1.22464679914737E-16,-1.00000000000002,
-1.35000000000001));
#2652=CARTESIAN_POINT('Ctrl Pts',(-0.577350269189633,-1.00000000000002,
-1.38333333333334));
#2653=CARTESIAN_POINT('Ctrl Pts',(-0.866025403784448,-0.500000000000015,
-1.41666666666667));
#2654=CARTESIAN_POINT('Ctrl Pts',(-1.00000000000002,-0.267949192431126,
-1.4321367205046));
#2655=CARTESIAN_POINT('Ctrl Pts',(-1.00000000000001,3.19562206204516E-16,
-1.45000000000001));
#2656=CARTESIAN_POINT('Ctrl Pts',(-1.00000000000001,-4.32861533858844E-15,
-1.5));
#2657=CARTESIAN_POINT('Ctrl Pts',(-1.00000000000001,-0.267949192431133,
-1.48213672050459));
#2658=CARTESIAN_POINT('Ctrl Pts',(-0.866025403784448,-0.500000000000015,
-1.46666666666667));
#2659=CARTESIAN_POINT('Ctrl Pts',(-0.577350269189633,-1.00000000000002,
-1.43333333333333));
#2660=CARTESIAN_POINT('Ctrl Pts',(-1.22464679914737E-16,-1.00000000000002,
-1.4));
#2661=CARTESIAN_POINT('Ctrl Pts',(0.577350269189632,-1.00000000000002,-1.36666666666667));
#2662=CARTESIAN_POINT('Ctrl Pts',(0.866025403784448,-0.500000000000015,
-1.33333333333333));
#2663=CARTESIAN_POINT('Ctrl Pts',(1.00000000000001,-0.267949192431131,-1.31786327949541));
#2664=CARTESIAN_POINT('Ctrl Pts',(1.00000000000001,-1.74306657929736E-16,
-1.3));
#2665=CARTESIAN_POINT('Origin',(0.,-2.60208521396521E-15,-6.));
#2666=CARTESIAN_POINT('Ctrl Pts',(1.00000000000001,-1.74306657929736E-16,
-1.65000000000001));
#2667=CARTESIAN_POINT('Ctrl Pts',(1.00000000000001,-0.267949192431135,-1.66786327949541));
#2668=CARTESIAN_POINT('Ctrl Pts',(0.866025403784448,-0.500000000000015,
-1.68333333333334));
#2669=CARTESIAN_POINT('Ctrl Pts',(0.577350269189632,-1.00000000000002,-1.71666666666667));
#2670=CARTESIAN_POINT('Ctrl Pts',(-1.22464679914737E-16,-1.00000000000002,
-1.75000000000001));
#2671=CARTESIAN_POINT('Ctrl Pts',(-0.577350269189633,-1.00000000000002,
-1.78333333333334));
#2672=CARTESIAN_POINT('Ctrl Pts',(-0.866025403784448,-0.500000000000015,
-1.81666666666667));
#2673=CARTESIAN_POINT('Ctrl Pts',(-1.00000000000001,-0.267949192431135,
-1.8321367205046));
#2674=CARTESIAN_POINT('Ctrl Pts',(-1.00000000000001,-4.32861533858844E-15,
-1.85000000000001));
#2675=CARTESIAN_POINT('Ctrl Pts',(-1.00000000000001,3.19562206204516E-16,
-1.9));
#2676=CARTESIAN_POINT('Ctrl Pts',(-1.00000000000001,-0.26794919243113,-1.88213672050459));
#2677=CARTESIAN_POINT('Ctrl Pts',(-0.866025403784448,-0.500000000000015,
-1.86666666666667));
#2678=CARTESIAN_POINT('Ctrl Pts',(-0.577350269189633,-1.00000000000002,
-1.83333333333333));
#2679=CARTESIAN_POINT('Ctrl Pts',(-1.22464679914737E-16,-1.00000000000002,
-1.8));
#2680=CARTESIAN_POINT('Ctrl Pts',(0.577350269189632,-1.00000000000002,-1.76666666666667));
#2681=CARTESIAN_POINT('Ctrl Pts',(0.866025403784448,-0.500000000000015,
-1.73333333333333));
#2682=CARTESIAN_POINT('Ctrl Pts',(1.00000000000001,-0.267949192431133,-1.71786327949541));
#2683=CARTESIAN_POINT('Ctrl Pts',(1.00000000000001,-4.82248420272269E-15,
-1.7));
#2684=CARTESIAN_POINT('Origin',(0.,-2.60208521396521E-15,-6.));
#2685=CARTESIAN_POINT('Ctrl Pts',(1.00000000000001,-4.82248420272269E-15,
-2.05000000000001));
#2686=CARTESIAN_POINT('Ctrl Pts',(1.00000000000001,-0.267949192431131,-2.06786327949541));
#2687=CARTESIAN_POINT('Ctrl Pts',(0.866025403784448,-0.500000000000015,
-2.08333333333334));
#2688=CARTESIAN_POINT('Ctrl Pts',(0.577350269189632,-1.00000000000002,-2.11666666666667));
#2689=CARTESIAN_POINT('Ctrl Pts',(-1.22464679914737E-16,-1.00000000000002,
-2.15000000000001));
#2690=CARTESIAN_POINT('Ctrl Pts',(-0.577350269189633,-1.00000000000002,
-2.18333333333334));
#2691=CARTESIAN_POINT('Ctrl Pts',(-0.866025403784448,-0.500000000000015,
-2.21666666666667));
#2692=CARTESIAN_POINT('Ctrl Pts',(-1.00000000000001,-0.267949192431135,
-2.2321367205046));
#2693=CARTESIAN_POINT('Ctrl Pts',(-1.00000000000001,3.19562206204516E-16,
-2.25000000000001));
#2694=CARTESIAN_POINT('Ctrl Pts',(-1.00000000000001,3.19562206204516E-16,
-2.3));
#2695=CARTESIAN_POINT('Ctrl Pts',(-1.00000000000001,-0.26794919243113,-2.28213672050459));
#2696=CARTESIAN_POINT('Ctrl Pts',(-0.866025403784448,-0.500000000000015,
-2.26666666666667));
#2697=CARTESIAN_POINT('Ctrl Pts',(-0.577350269189633,-1.00000000000002,
-2.23333333333333));
#2698=CARTESIAN_POINT('Ctrl Pts',(-1.22464679914737E-16,-1.00000000000002,
-2.2));
#2699=CARTESIAN_POINT('Ctrl Pts',(0.577350269189632,-1.00000000000002,-2.16666666666667));
#2700=CARTESIAN_POINT('Ctrl Pts',(0.866025403784448,-0.500000000000015,
-2.13333333333333));
#2701=CARTESIAN_POINT('Ctrl Pts',(1.00000000000001,-0.267949192431131,-2.11786327949541));
#2702=CARTESIAN_POINT('Ctrl Pts',(1.00000000000001,-1.74306657929736E-16,
-2.1));
#2703=CARTESIAN_POINT('Origin',(0.,-2.60208521396521E-15,-6.));
#2704=CARTESIAN_POINT('Ctrl Pts',(1.00000000000001,-1.74306657929736E-16,
-2.45000000000001));
#2705=CARTESIAN_POINT('Ctrl Pts',(1.00000000000001,-0.267949192431135,-2.46786327949541));
#2706=CARTESIAN_POINT('Ctrl Pts',(0.866025403784448,-0.500000000000015,
-2.48333333333334));
#2707=CARTESIAN_POINT('Ctrl Pts',(0.577350269189632,-1.00000000000002,-2.51666666666667));
#2708=CARTESIAN_POINT('Ctrl Pts',(-1.22464679914737E-16,-1.00000000000002,
-2.55000000000001));
#2709=CARTESIAN_POINT('Ctrl Pts',(-0.577350269189633,-1.00000000000002,
-2.58333333333334));
#2710=CARTESIAN_POINT('Ctrl Pts',(-0.866025403784448,-0.500000000000015,
-2.61666666666667));
#2711=CARTESIAN_POINT('Ctrl Pts',(-1.00000000000002,-0.267949192431126,
-2.6321367205046));
#2712=CARTESIAN_POINT('Ctrl Pts',(-1.00000000000001,3.19562206204516E-16,
-2.65000000000001));
#2713=CARTESIAN_POINT('Ctrl Pts',(-1.00000000000001,-4.32861533858844E-15,
-2.7));
#2714=CARTESIAN_POINT('Ctrl Pts',(-1.00000000000001,-0.267949192431133,
-2.68213672050459));
#2715=CARTESIAN_POINT('Ctrl Pts',(-0.866025403784448,-0.500000000000015,
-2.66666666666667));
#2716=CARTESIAN_POINT('Ctrl Pts',(-0.577350269189633,-1.00000000000002,
-2.63333333333333));
#2717=CARTESIAN_POINT('Ctrl Pts',(-1.22464679914737E-16,-1.00000000000002,
-2.6));
#2718=CARTESIAN_POINT('Ctrl Pts',(0.577350269189632,-1.00000000000002,-2.56666666666667));
#2719=CARTESIAN_POINT('Ctrl Pts',(0.866025403784448,-0.500000000000015,
-2.53333333333333));
#2720=CARTESIAN_POINT('Ctrl Pts',(1.00000000000001,-0.267949192431133,-2.51786327949541));
#2721=CARTESIAN_POINT('Ctrl Pts',(1.00000000000001,-4.82248420272269E-15,
-2.5));
#2722=CARTESIAN_POINT('Origin',(0.,-2.60208521396521E-15,-6.));
#2723=CARTESIAN_POINT('Ctrl Pts',(1.00000000000001,-4.82248420272269E-15,
-2.85000000000001));
#2724=CARTESIAN_POINT('Ctrl Pts',(1.00000000000001,-0.267949192431131,-2.86786327949541));
#2725=CARTESIAN_POINT('Ctrl Pts',(0.866025403784448,-0.500000000000015,
-2.88333333333334));
#2726=CARTESIAN_POINT('Ctrl Pts',(0.577350269189632,-1.00000000000002,-2.91666666666667));
#2727=CARTESIAN_POINT('Ctrl Pts',(-1.22464679914737E-16,-1.00000000000002,
-2.95000000000001));
#2728=CARTESIAN_POINT('Ctrl Pts',(-0.577350269189633,-1.00000000000002,
-2.98333333333334));
#2729=CARTESIAN_POINT('Ctrl Pts',(-0.866025403784448,-0.500000000000015,
-3.01666666666667));
#2730=CARTESIAN_POINT('Ctrl Pts',(-1.00000000000001,-0.267949192431135,
-3.0321367205046));
#2731=CARTESIAN_POINT('Ctrl Pts',(-1.00000000000001,-4.32861533858844E-15,
-3.05000000000001));
#2732=CARTESIAN_POINT('Ctrl Pts',(-1.00000000000001,3.19562206204516E-16,
-3.1));
#2733=CARTESIAN_POINT('Ctrl Pts',(-1.00000000000001,-0.26794919243113,-3.08213672050459));
#2734=CARTESIAN_POINT('Ctrl Pts',(-0.866025403784448,-0.500000000000015,
-3.06666666666667));
#2735=CARTESIAN_POINT('Ctrl Pts',(-0.577350269189633,-1.00000000000002,
-3.03333333333333));
#2736=CARTESIAN_POINT('Ctrl Pts',(-1.22464679914737E-16,-1.00000000000002,
-3.));
#2737=CARTESIAN_POINT('Ctrl Pts',(0.577350269189632,-1.00000000000002,-2.96666666666667));
#2738=CARTESIAN_POINT('Ctrl Pts',(0.866025403784448,-0.500000000000015,
-2.93333333333333));
#2739=CARTESIAN_POINT('Ctrl Pts',(1.00000000000001,-0.267949192431131,-2.91786327949541));
#2740=CARTESIAN_POINT('Ctrl Pts',(1.00000000000001,-1.74306657929736E-16,
-2.9));
#2741=CARTESIAN_POINT('Origin',(0.,-2.60208521396521E-15,-6.));
#2742=CARTESIAN_POINT('Ctrl Pts',(1.00000000000001,-1.74306657929736E-16,
-3.25));
#2743=CARTESIAN_POINT('Ctrl Pts',(1.00000000000002,-0.267949192431127,-3.26786327949541));
#2744=CARTESIAN_POINT('Ctrl Pts',(0.866025403784448,-0.500000000000015,
-3.28333333333334));
#2745=CARTESIAN_POINT('Ctrl Pts',(0.577350269189632,-1.00000000000002,-3.31666666666667));
#2746=CARTESIAN_POINT('Ctrl Pts',(-1.22464679914737E-16,-1.00000000000002,
-3.35));
#2747=CARTESIAN_POINT('Ctrl Pts',(-0.577350269189633,-1.00000000000002,
-3.38333333333334));
#2748=CARTESIAN_POINT('Ctrl Pts',(-0.866025403784448,-0.500000000000015,
-3.41666666666667));
#2749=CARTESIAN_POINT('Ctrl Pts',(-1.00000000000002,-0.267949192431126,
-3.4321367205046));
#2750=CARTESIAN_POINT('Ctrl Pts',(-1.00000000000001,3.19562206204516E-16,
-3.45000000000001));
#2751=CARTESIAN_POINT('Ctrl Pts',(-1.00000000000001,-2.06262878550187E-15,
-3.5));
#2752=CARTESIAN_POINT('Ctrl Pts',(-1.00000000000001,-0.267949192431132,
-3.48213672050459));
#2753=CARTESIAN_POINT('Ctrl Pts',(-0.866025403784448,-0.500000000000015,
-3.46666666666667));
#2754=CARTESIAN_POINT('Ctrl Pts',(-0.577350269189633,-1.00000000000002,
-3.43333333333333));
#2755=CARTESIAN_POINT('Ctrl Pts',(-1.22464679914737E-16,-1.00000000000002,
-3.4));
#2756=CARTESIAN_POINT('Ctrl Pts',(0.577350269189632,-1.00000000000002,-3.36666666666667));
#2757=CARTESIAN_POINT('Ctrl Pts',(0.866025403784448,-0.500000000000015,
-3.33333333333333));
#2758=CARTESIAN_POINT('Ctrl Pts',(1.00000000000001,-0.267949192431133,-3.31786327949541));
#2759=CARTESIAN_POINT('Ctrl Pts',(1.00000000000001,-4.82248420272269E-15,
-3.3));
#2760=CARTESIAN_POINT('Origin',(0.,-2.60208521396521E-15,-6.));
#2761=CARTESIAN_POINT('Ctrl Pts',(1.00000000000001,-4.82248420272269E-15,
-3.65000000000001));
#2762=CARTESIAN_POINT('Ctrl Pts',(1.00000000000001,-0.267949192431135,-3.66786327949541));
#2763=CARTESIAN_POINT('Ctrl Pts',(0.866025403784448,-0.500000000000015,
-3.68333333333334));
#2764=CARTESIAN_POINT('Ctrl Pts',(0.577350269189632,-1.00000000000002,-3.71666666666667));
#2765=CARTESIAN_POINT('Ctrl Pts',(-1.22464679914737E-16,-1.00000000000002,
-3.75000000000001));
#2766=CARTESIAN_POINT('Ctrl Pts',(-0.577350269189633,-1.00000000000002,
-3.78333333333334));
#2767=CARTESIAN_POINT('Ctrl Pts',(-0.866025403784448,-0.500000000000015,
-3.81666666666667));
#2768=CARTESIAN_POINT('Ctrl Pts',(-1.00000000000002,-0.267949192431126,
-3.8321367205046));
#2769=CARTESIAN_POINT('Ctrl Pts',(-1.00000000000001,-2.06262878550187E-15,
-3.85000000000001));
#2770=CARTESIAN_POINT('Ctrl Pts',(-1.00000000000001,-2.06262878550187E-15,
-3.9));
#2771=CARTESIAN_POINT('Ctrl Pts',(-1.00000000000001,-0.267949192431132,
-3.88213672050459));
#2772=CARTESIAN_POINT('Ctrl Pts',(-0.866025403784448,-0.500000000000015,
-3.86666666666667));
#2773=CARTESIAN_POINT('Ctrl Pts',(-0.577350269189633,-1.00000000000002,
-3.83333333333334));
#2774=CARTESIAN_POINT('Ctrl Pts',(-1.22464679914737E-16,-1.00000000000002,
-3.8));
#2775=CARTESIAN_POINT('Ctrl Pts',(0.577350269189632,-1.00000000000002,-3.76666666666667));
#2776=CARTESIAN_POINT('Ctrl Pts',(0.866025403784448,-0.500000000000015,
-3.73333333333333));
#2777=CARTESIAN_POINT('Ctrl Pts',(1.00000000000001,-0.267949192431132,-3.71786327949541));
#2778=CARTESIAN_POINT('Ctrl Pts',(1.00000000000001,-2.55649764963613E-15,
-3.7));
#2779=CARTESIAN_POINT('Origin',(0.,-2.60208521396521E-15,-6.));
#2780=CARTESIAN_POINT('Ctrl Pts',(1.00000000000001,-2.55649764963613E-15,
-4.05));
#2781=CARTESIAN_POINT('Ctrl Pts',(1.00000000000002,-0.267949192431127,-4.06786327949541));
#2782=CARTESIAN_POINT('Ctrl Pts',(0.866025403784448,-0.500000000000015,
-4.08333333333334));
#2783=CARTESIAN_POINT('Ctrl Pts',(0.577350269189632,-1.00000000000002,-4.11666666666667));
#2784=CARTESIAN_POINT('Ctrl Pts',(-1.22464679914737E-16,-1.00000000000002,
-4.15000000000001));
#2785=CARTESIAN_POINT('Ctrl Pts',(-0.577350269189633,-1.00000000000002,
-4.18333333333334));
#2786=CARTESIAN_POINT('Ctrl Pts',(-0.866025403784448,-0.500000000000015,
-4.21666666666667));
#2787=CARTESIAN_POINT('Ctrl Pts',(-1.00000000000001,-0.267949192431135,
-4.2321367205046));
#2788=CARTESIAN_POINT('Ctrl Pts',(-1.00000000000001,-2.06262878550187E-15,
-4.25000000000001));
#2789=CARTESIAN_POINT('Ctrl Pts',(-1.00000000000001,-4.32861533858844E-15,
-4.3));
#2790=CARTESIAN_POINT('Ctrl Pts',(-1.00000000000001,-0.267949192431133,
-4.28213672050459));
#2791=CARTESIAN_POINT('Ctrl Pts',(-0.866025403784448,-0.500000000000015,
-4.26666666666667));
#2792=CARTESIAN_POINT('Ctrl Pts',(-0.577350269189633,-1.00000000000002,
-4.23333333333333));
#2793=CARTESIAN_POINT('Ctrl Pts',(-1.22464679914737E-16,-1.00000000000002,
-4.2));
#2794=CARTESIAN_POINT('Ctrl Pts',(0.577350269189632,-1.00000000000002,-4.16666666666667));
#2795=CARTESIAN_POINT('Ctrl Pts',(0.866025403784448,-0.500000000000015,
-4.13333333333333));
#2796=CARTESIAN_POINT('Ctrl Pts',(1.00000000000001,-0.267949192431132,-4.11786327949541));
#2797=CARTESIAN_POINT('Ctrl Pts',(1.00000000000001,-2.55649764963613E-15,
-4.1));
#2798=CARTESIAN_POINT('Origin',(0.,-2.60208521396521E-15,-6.));
#2799=CARTESIAN_POINT('Ctrl Pts',(1.00000000000001,-2.55649764963613E-15,
-4.45000000000001));
#2800=CARTESIAN_POINT('Ctrl Pts',(1.00000000000001,-0.267949192431135,-4.46786327949541));
#2801=CARTESIAN_POINT('Ctrl Pts',(0.866025403784448,-0.500000000000015,
-4.48333333333334));
#2802=CARTESIAN_POINT('Ctrl Pts',(0.577350269189632,-1.00000000000002,-4.51666666666667));
#2803=CARTESIAN_POINT('Ctrl Pts',(-1.22464679914737E-16,-1.00000000000002,
-4.55000000000001));
#2804=CARTESIAN_POINT('Ctrl Pts',(-0.577350269189633,-1.00000000000002,
-4.58333333333334));
#2805=CARTESIAN_POINT('Ctrl Pts',(-0.866025403784448,-0.500000000000015,
-4.61666666666667));
#2806=CARTESIAN_POINT('Ctrl Pts',(-1.00000000000001,-0.267949192431135,
-4.6321367205046));
#2807=CARTESIAN_POINT('Ctrl Pts',(-1.00000000000001,-4.32861533858844E-15,
-4.65000000000001));
#2808=CARTESIAN_POINT('Ctrl Pts',(-1.00000000000001,-3.1665709523902E-15,
-4.7));
#2809=CARTESIAN_POINT('Ctrl Pts',(-1.00000000000001,-0.267949192431132,
-4.68213672050459));
#2810=CARTESIAN_POINT('Ctrl Pts',(-0.866025403784448,-0.500000000000015,
-4.66666666666667));
#2811=CARTESIAN_POINT('Ctrl Pts',(-0.577350269189633,-1.00000000000002,
-4.63333333333333));
#2812=CARTESIAN_POINT('Ctrl Pts',(-1.22464679914737E-16,-1.00000000000002,
-4.6));
#2813=CARTESIAN_POINT('Ctrl Pts',(0.577350269189632,-1.00000000000002,-4.56666666666667));
#2814=CARTESIAN_POINT('Ctrl Pts',(0.866025403784448,-0.500000000000015,
-4.53333333333333));
#2815=CARTESIAN_POINT('Ctrl Pts',(1.00000000000001,-0.267949192431132,-4.51786327949541));
#2816=CARTESIAN_POINT('Ctrl Pts',(1.00000000000001,-2.55649764963613E-15,
-4.5));
#2817=CARTESIAN_POINT('Origin',(0.,-2.60208521396521E-15,-6.));
#2818=CARTESIAN_POINT('Ctrl Pts',(1.00000000000001,-2.55649764963613E-15,
-4.85000000000001));
#2819=CARTESIAN_POINT('Ctrl Pts',(1.00000000000001,-0.267949192431131,-4.86786327949541));
#2820=CARTESIAN_POINT('Ctrl Pts',(0.866025403784448,-0.500000000000015,
-4.88333333333334));
#2821=CARTESIAN_POINT('Ctrl Pts',(0.577350269189632,-1.00000000000002,-4.91666666666667));
#2822=CARTESIAN_POINT('Ctrl Pts',(-1.22464679914737E-16,-1.00000000000002,
-4.95000000000001));
#2823=CARTESIAN_POINT('Ctrl Pts',(-0.577350269189633,-1.00000000000002,
-4.98333333333334));
#2824=CARTESIAN_POINT('Ctrl Pts',(-0.866025403784448,-0.500000000000015,
-5.01666666666667));
#2825=CARTESIAN_POINT('Ctrl Pts',(-1.00000000000001,-0.267949192431135,
-5.0321367205046));
#2826=CARTESIAN_POINT('Ctrl Pts',(-1.00000000000001,-3.1665709523902E-15,
-5.05000000000001));
#2827=CARTESIAN_POINT('Ctrl Pts',(-1.00000000000001,-2.06262878550187E-15,
-5.1));
#2828=CARTESIAN_POINT('Ctrl Pts',(-1.00000000000001,-0.267949192431132,
-5.08213672050459));
#2829=CARTESIAN_POINT('Ctrl Pts',(-0.866025403784448,-0.500000000000015,
-5.06666666666667));
#2830=CARTESIAN_POINT('Ctrl Pts',(-0.577350269189633,-1.00000000000002,
-5.03333333333333));
#2831=CARTESIAN_POINT('Ctrl Pts',(-1.22464679914737E-16,-1.00000000000002,
-5.));
#2832=CARTESIAN_POINT('Ctrl Pts',(0.577350269189632,-1.00000000000002,-4.96666666666667));
#2833=CARTESIAN_POINT('Ctrl Pts',(0.866025403784448,-0.500000000000015,
-4.93333333333333));
#2834=CARTESIAN_POINT('Ctrl Pts',(1.00000000000001,-0.267949192431132,-4.91786327949541));
#2835=CARTESIAN_POINT('Ctrl Pts',(1.00000000000001,-2.55649764963613E-15,
-4.9));
#2836=CARTESIAN_POINT('Origin',(0.,-2.60208521396521E-15,-6.));
#2837=CARTESIAN_POINT('',(-1.00000000000001,-2.06262878550187E-15,-5.45000000000001));
#2838=CARTESIAN_POINT('Ctrl Pts',(1.00000000000001,-2.55649764963613E-15,
-5.25000000000001));
#2839=CARTESIAN_POINT('Ctrl Pts',(1.00000000000001,-0.267949192431131,-5.26786327949542));
#2840=CARTESIAN_POINT('Ctrl Pts',(0.866025403784448,-0.500000000000015,
-5.28333333333334));
#2841=CARTESIAN_POINT('Ctrl Pts',(0.577350269189632,-1.00000000000002,-5.31666666666667));
#2842=CARTESIAN_POINT('Ctrl Pts',(-1.22464679914737E-16,-1.00000000000002,
-5.35000000000001));
#2843=CARTESIAN_POINT('Ctrl Pts',(-0.577350269189633,-1.00000000000002,
-5.38333333333334));
#2844=CARTESIAN_POINT('Ctrl Pts',(-0.866025403784448,-0.500000000000015,
-5.41666666666667));
#2845=CARTESIAN_POINT('Ctrl Pts',(-1.00000000000002,-0.267949192431126,
-5.4321367205046));
#2846=CARTESIAN_POINT('Ctrl Pts',(-1.00000000000001,-2.06262878550187E-15,
-5.45));
#2847=CARTESIAN_POINT('',(-1.00000000000001,-2.58554875929108E-15,-5.5));
#2848=CARTESIAN_POINT('',(-1.,-2.60208521396521E-15,-6.));
#2849=CARTESIAN_POINT('Ctrl Pts',(-1.00000000000001,-2.58554875929108E-15,
-5.5));
#2850=CARTESIAN_POINT('Ctrl Pts',(-1.00000000000001,-0.267949192431132,
-5.48213672050459));
#2851=CARTESIAN_POINT('Ctrl Pts',(-0.866025403784448,-0.500000000000015,
-5.46666666666667));
#2852=CARTESIAN_POINT('Ctrl Pts',(-0.577350269189633,-1.00000000000002,
-5.43333333333333));
#2853=CARTESIAN_POINT('Ctrl Pts',(-1.22464679914737E-16,-1.00000000000002,
-5.4));
#2854=CARTESIAN_POINT('Ctrl Pts',(0.577350269189632,-1.00000000000002,-5.36666666666667));
#2855=CARTESIAN_POINT('Ctrl Pts',(0.866025403784448,-0.500000000000015,
-5.33333333333333));
#2856=CARTESIAN_POINT('Ctrl Pts',(1.00000000000001,-0.267949192431132,-5.31786327949541));
#2857=CARTESIAN_POINT('Ctrl Pts',(1.00000000000001,-2.55649764963613E-15,
-5.3));
#2858=CARTESIAN_POINT('Origin',(0.,-9.10729824887824E-15,4.));
#2859=CARTESIAN_POINT('',(-0.846479819439948,2.23984055439711E-14,3.43863491757238));
#2860=CARTESIAN_POINT('',(0.906633312712124,-1.79245346571078E-14,3.603905282039));
#2861=CARTESIAN_POINT('Ctrl Pts',(-0.846479819439948,2.23984055439711E-14,
3.43863491757238));
#2862=CARTESIAN_POINT('Ctrl Pts',(-0.849184459633347,-0.114179071805321,
3.44606585543149));
#2863=CARTESIAN_POINT('Ctrl Pts',(-0.828244346184163,-0.2299275815149,3.45352344997218));
#2864=CARTESIAN_POINT('Ctrl Pts',(-0.742624936736486,-0.442504711167004,
3.46710506701061));
#2865=CARTESIAN_POINT('Ctrl Pts',(-0.678158071629697,-0.539942159002819,
3.47339859629604));
#2866=CARTESIAN_POINT('Ctrl Pts',(-0.515184987023542,-0.703570352304602,
3.48773138809385));
#2867=CARTESIAN_POINT('Ctrl Pts',(-0.418449192667673,-0.768060874491037,
3.49512197574055));
#2868=CARTESIAN_POINT('Ctrl Pts',(-0.205348241625314,-0.855553469338174,
3.50953194651342));
#2869=CARTESIAN_POINT('Ctrl Pts',(-0.0905731441750485,-0.877540149670095,
3.5162583283285));
#2870=CARTESIAN_POINT('Ctrl Pts',(0.2531592359956,-0.875040807007366,3.53524199818065));
#2871=CARTESIAN_POINT('Ctrl Pts',(0.48136959385006,-0.77953294291556,3.55057398863208));
#2872=CARTESIAN_POINT('Ctrl Pts',(0.724226074556844,-0.537496885939933,
3.57090688146474));
#2873=CARTESIAN_POINT('Ctrl Pts',(0.789748990381295,-0.440105749744189,
3.57688697431956));
#2874=CARTESIAN_POINT('Ctrl Pts',(0.879480238686285,-0.229013462376135,
3.58992828875983));
#2875=CARTESIAN_POINT('Ctrl Pts',(0.904085957815153,-0.115181181503969,
3.59690648198024));
#2876=CARTESIAN_POINT('Ctrl Pts',(0.906633312712124,-1.79245346571078E-14,
3.603905282039));
#2877=CARTESIAN_POINT('',(1.05079999999999,-9.23598413453264E-15,4.));
#2878=CARTESIAN_POINT('',(1.05079999999999,-9.23598413453264E-15,4.));
#2879=CARTESIAN_POINT('',(-1.05079999999999,-9.10729824887824E-15,4.));
#2880=CARTESIAN_POINT('Origin',(0.,-9.10729824887824E-15,4.));
#2881=CARTESIAN_POINT('',(-0.9667868059843,-9.87447217171953E-14,3.76917564650562));
#2882=CARTESIAN_POINT('',(-1.05079999999999,-9.10729824887824E-15,4.));
#2883=CARTESIAN_POINT('Ctrl Pts',(-0.9667868059843,-9.87447217171953E-14,
3.76917564650562));
#2884=CARTESIAN_POINT('Ctrl Pts',(-0.969743985989057,-0.142583370774438,
3.77730043179399));
#2885=CARTESIAN_POINT('Ctrl Pts',(-0.940399981459438,-0.286389532636024,
3.78541548129241));
#2886=CARTESIAN_POINT('Ctrl Pts',(-0.82380812352658,-0.545919900702625,
3.79994703526286));
#2887=CARTESIAN_POINT('Ctrl Pts',(-0.736375416373923,-0.663216521632276,
3.80709145186305));
#2888=CARTESIAN_POINT('Ctrl Pts',(-0.51935977666687,-0.850708810095129,
3.82292473318089));
#2889=CARTESIAN_POINT('Ctrl Pts',(-0.390865601510572,-0.92000195972373,
3.83105323603743));
#2890=CARTESIAN_POINT('Ctrl Pts',(-0.115774241210378,-0.99842044360599,
3.8463782427364));
#2891=CARTESIAN_POINT('Ctrl Pts',(0.0295030412882909,-1.00722311700755,
3.85296804762815));
#2892=CARTESIAN_POINT('Ctrl Pts',(0.172015012316317,-0.985094328243675,
3.86042814709175));
#2893=CARTESIAN_POINT('',(-0.926074309945223,-2.47636016365293E-11,3.65731898294862));
#2894=CARTESIAN_POINT('Ctrl Pts',(0.808814649909222,-0.588063654796192,
3.86042814709175));
#2895=CARTESIAN_POINT('Ctrl Pts',(0.6844077951342,-0.74944890976591,3.84472003886513));
#2896=CARTESIAN_POINT('Ctrl Pts',(0.512725689676856,-0.868159166282004,
3.82708224035755));
#2897=CARTESIAN_POINT('Ctrl Pts',(0.127163671597154,-0.987965839204115,
3.79301967797439));
#2898=CARTESIAN_POINT('Ctrl Pts',(-0.0851260084827222,-0.987016621145858,
3.77835395276299));
#2899=CARTESIAN_POINT('Ctrl Pts',(-0.466292427141629,-0.860244561741826,
3.74415109577945));
#2900=CARTESIAN_POINT('Ctrl Pts',(-0.637895339346931,-0.733119720980254,
3.72532671948627));
#2901=CARTESIAN_POINT('Ctrl Pts',(-0.870221191406405,-0.405430133813044,
3.69229754753247));
#2902=CARTESIAN_POINT('Ctrl Pts',(-0.932736250486431,-0.200827429159935,
3.67562251417009));
#2903=CARTESIAN_POINT('Ctrl Pts',(-0.926074309945223,-2.47636016365293E-11,
3.65731898294862));
#2904=CARTESIAN_POINT('',(-1.05079999999999,-9.10729824887824E-15,4.));
#2905=CARTESIAN_POINT('Origin',(0.,-9.10729824887824E-15,4.));
#2906=CARTESIAN_POINT('',(-0.545782423302914,-0.500006304103209,3.14661257462019));
#2907=CARTESIAN_POINT('',(0.786326326167777,7.8191061636314E-14,3.27336455310578));
#2908=CARTESIAN_POINT('Ctrl Pts',(-0.545782423302914,-0.500006304103209,
3.14661257462019));
#2909=CARTESIAN_POINT('Ctrl Pts',(-0.44461185192069,-0.616333213370726,
3.15755162774914));
#2910=CARTESIAN_POINT('Ctrl Pts',(-0.309554931554863,-0.698319921128108,
3.16920764231233));
#2911=CARTESIAN_POINT('Ctrl Pts',(-0.0127087018136065,-0.771357907102974,
3.19053519815389));
#2912=CARTESIAN_POINT('Ctrl Pts',(0.147172912838528,-0.76058192710182,3.19999464048857));
#2913=CARTESIAN_POINT('Ctrl Pts',(0.431588397439305,-0.652656529069955,
3.22173536573371));
#2914=CARTESIAN_POINT('Ctrl Pts',(0.558413211749012,-0.553858628275169,
3.23307318495108));
#2915=CARTESIAN_POINT('Ctrl Pts',(0.732660548976823,-0.304498187960934,
3.25243549522016));
#2916=CARTESIAN_POINT('Ctrl Pts',(0.78242780583318,-0.152884346633124,3.26265345651714));
#2917=CARTESIAN_POINT('Ctrl Pts',(0.786326326167777,7.8191061636314E-14,
3.27336455310578));
#2918=CARTESIAN_POINT('',(0.83391381143373,4.08502178413163E-13,3.40411009432261));
#2919=CARTESIAN_POINT('',(1.05079999999999,-9.23598413453264E-15,4.));
#2920=CARTESIAN_POINT('',(-0.741753312923028,-2.2761544414658E-14,3.15090120569878));
#2921=CARTESIAN_POINT('Ctrl Pts',(0.83391381143373,4.08502178413163E-13,
3.40411009432261));
#2922=CARTESIAN_POINT('Ctrl Pts',(0.826351103127314,-0.205293385253558,
3.38333172402053));
#2923=CARTESIAN_POINT('Ctrl Pts',(0.739205255459484,-0.409462966227039,
3.36473589474763));
#2924=CARTESIAN_POINT('Ctrl Pts',(0.520154928684031,-0.627340720878801,
3.33403673985392));
#2925=CARTESIAN_POINT('Ctrl Pts',(0.432958998322866,-0.685824020553391,
3.32312233502285));
#2926=CARTESIAN_POINT('Ctrl Pts',(0.24212651174286,-0.765850884491007,3.30140421315242));
#2927=CARTESIAN_POINT('Ctrl Pts',(0.140239484737474,-0.787084734752035,
3.29077978927572));
#2928=CARTESIAN_POINT('Ctrl Pts',(-0.0682157304444371,-0.789398392961812,
3.27099139549795));
#2929=CARTESIAN_POINT('Ctrl Pts',(-0.17052832938355,-0.769960431510994,
3.26097903017259));
#2930=CARTESIAN_POINT('Ctrl Pts',(-0.361968940954017,-0.691658362941434,
3.23889077768821));
#2931=CARTESIAN_POINT('Ctrl Pts',(-0.449405707175219,-0.633147643121019,
3.22739714229608));
#2932=CARTESIAN_POINT('Ctrl Pts',(-0.594329810502557,-0.4871406558427,3.20531278048621));
#2933=CARTESIAN_POINT('Ctrl Pts',(-0.652730129539689,-0.398653769798392,
3.19534825150292));
#2934=CARTESIAN_POINT('Ctrl Pts',(-0.728208709002922,-0.207731087826779,
3.17432363346842));
#2935=CARTESIAN_POINT('Ctrl Pts',(-0.746035835461219,-0.10340358391198,
3.16266733967077));
#2936=CARTESIAN_POINT('Ctrl Pts',(-0.741753312923028,-2.2761544414658E-14,
3.15090120569878));
#2937=CARTESIAN_POINT('',(-0.740192378864673,-9.00584399303635E-15,3.14661257462019));
#2938=CARTESIAN_POINT('',(-1.05079999999999,-9.10729824887824E-15,4.));
#2939=CARTESIAN_POINT('Ctrl Pts',(-0.740192378864673,-9.00584399303635E-15,
3.14661257462019));
#2940=CARTESIAN_POINT('Ctrl Pts',(-0.740192378864673,-0.184103742760181,
3.14661257462019));
#2941=CARTESIAN_POINT('Ctrl Pts',(-0.670414257134531,-0.363964290770386,
3.14661257462019));
#2942=CARTESIAN_POINT('Ctrl Pts',(-0.545782423302914,-0.500006304103209,
3.14661257462019));
#2943=CARTESIAN_POINT('Origin',(0.,-9.10729824887824E-15,4.));
#2944=CARTESIAN_POINT('',(-0.739236248319609,0.0376101967515795,3.14661257462019));
#2945=CARTESIAN_POINT('Ctrl Pts',(-0.739236248319609,0.0376101967515795,
3.14661257462019));
#2946=CARTESIAN_POINT('Ctrl Pts',(-0.739874355944147,0.0250680585250009,
3.14661257462019));
#2947=CARTESIAN_POINT('Ctrl Pts',(-0.740192378864673,0.0125313379067417,
3.14661257462019));
#2948=CARTESIAN_POINT('Ctrl Pts',(-0.740192378864673,-9.00584399303635E-15,
3.14661257462019));
#2949=CARTESIAN_POINT('Ctrl Pts',(-0.741753312923028,-2.2761544414658E-14,
3.15090120569878));
#2950=CARTESIAN_POINT('Ctrl Pts',(-0.741234799152359,0.0125197664966341,
3.14947660082219));
#2951=CARTESIAN_POINT('Ctrl Pts',(-0.740397745524444,0.0250563948507971,
3.14804708987569));
#2952=CARTESIAN_POINT('Ctrl Pts',(-0.739236248319609,0.0376101967515795,
3.14661257462019));
#2953=CARTESIAN_POINT('Origin',(0.,-9.10729824887824E-15,4.));
#2954=CARTESIAN_POINT('Ctrl Pts',(0.786326326167777,7.8191061636314E-14,
3.27336455310578));
#2955=CARTESIAN_POINT('Ctrl Pts',(0.789057069666261,0.107088818258568,3.28086720920622));
#2956=CARTESIAN_POINT('Ctrl Pts',(0.76955866930854,0.214527455215031,3.2883122879903));
#2957=CARTESIAN_POINT('Ctrl Pts',(0.690035078568545,0.412243668629387,3.30189106361673));
#2958=CARTESIAN_POINT('Ctrl Pts',(0.629370049030612,0.503651039785385,3.30826084437018));
#2959=CARTESIAN_POINT('Ctrl Pts',(0.479179483499547,0.654560386367509,3.32246970071528));
#2960=CARTESIAN_POINT('Ctrl Pts',(0.388246637528339,0.715380506099879,3.32994291049993));
#2961=CARTESIAN_POINT('Ctrl Pts',(0.190817996080328,0.796583419054015,3.34428549806676));
#2962=CARTESIAN_POINT('Ctrl Pts',(0.084151184499783,0.817321420151448,3.3509966114805));
#2963=CARTESIAN_POINT('Ctrl Pts',(-0.238353379987949,0.815066361137401,
3.37013092265105));
#2964=CARTESIAN_POINT('Ctrl Pts',(-0.449583429204066,0.726319118431745,
3.38537037150038));
#2965=CARTESIAN_POINT('Ctrl Pts',(-0.752095108831541,0.424804384625676,
3.41251564873567));
#2966=CARTESIAN_POINT('Ctrl Pts',(-0.841442032089401,0.21267519614695,3.42479371058276));
#2967=CARTESIAN_POINT('Ctrl Pts',(-0.846479819439948,2.23984055439711E-14,
3.43863491757238));
#2968=CARTESIAN_POINT('Ctrl Pts',(-0.926074309945223,-2.47636016365293E-11,
3.65731898294862));
#2969=CARTESIAN_POINT('Ctrl Pts',(-0.922266799691762,0.114779243482226,
3.64685793449447));
#2970=CARTESIAN_POINT('Ctrl Pts',(-0.896489775643959,0.230034817635833,
3.63621657089971));
#2971=CARTESIAN_POINT('Ctrl Pts',(-0.805677786519117,0.440882284929214,
3.61652063409089));
#2972=CARTESIAN_POINT('Ctrl Pts',(-0.739530504191074,0.539033754625094,
3.60744137948989));
#2973=CARTESIAN_POINT('Ctrl Pts',(-0.576893383436225,0.700831248957847,
3.58694242149204));
#2974=CARTESIAN_POINT('Ctrl Pts',(-0.478814602289191,0.766527948663948,
3.57592012463746));
#2975=CARTESIAN_POINT('Ctrl Pts',(-0.266658361775719,0.855370759430938,
3.55427497688425));
#2976=CARTESIAN_POINT('Ctrl Pts',(-0.151683237243018,0.879191253341721,
3.54354797875486));
#2977=CARTESIAN_POINT('Ctrl Pts',(0.0795239247298027,0.881523432554305,
3.52393817494273));
#2978=CARTESIAN_POINT('Ctrl Pts',(0.193881985512237,0.859975497660734,3.51387779612843));
#2979=CARTESIAN_POINT('Ctrl Pts',(0.409101781408234,0.771821237221603,3.49164739149585));
#2980=CARTESIAN_POINT('Ctrl Pts',(0.505991304693884,0.706882888873247,3.48026179700362));
#2981=CARTESIAN_POINT('Ctrl Pts',(0.668585262441716,0.543053432633062,3.4581608868978));
#2982=CARTESIAN_POINT('Ctrl Pts',(0.733489429882972,0.444580872812137,3.44830310423582));
#2983=CARTESIAN_POINT('Ctrl Pts',(0.818103527703844,0.231173160866938,3.42732073870486));
#2984=CARTESIAN_POINT('Ctrl Pts',(0.838135266519026,0.114593445898982,3.41570844684686));
#2985=CARTESIAN_POINT('Ctrl Pts',(0.83391381143373,4.08502178413163E-13,
3.40411009432261));
#2986=CARTESIAN_POINT('Origin',(0.,-2.60208521396521E-15,4.1));
#2987=CARTESIAN_POINT('',(-1.9,-2.60208521396521E-15,4.1));
#2988=CARTESIAN_POINT('',(1.9,-2.36940232212721E-15,4.1));
#2989=CARTESIAN_POINT('Origin',(0.,-2.60208521396521E-15,4.1));
#2990=CARTESIAN_POINT('',(1.8,-2.37552555612295E-15,4.));
#2991=CARTESIAN_POINT('Origin',(1.8,-2.38164879011869E-15,4.1));
#2992=CARTESIAN_POINT('',(-1.8,-2.60208521396521E-15,4.));
#2993=CARTESIAN_POINT('Origin',(0.,-2.60208521396521E-15,4.));
#2994=CARTESIAN_POINT('Origin',(-1.8,-2.60208521396521E-15,4.1));
#2995=CARTESIAN_POINT('Origin',(0.,-2.60208521396521E-15,-6.));
#2996=CARTESIAN_POINT('',(-1.9,-2.60208521396521E-15,5.9));
#2997=CARTESIAN_POINT('',(1.9,-2.36940232212721E-15,5.9));
#2998=CARTESIAN_POINT('Origin',(0.,-2.60208521396521E-15,5.9));
#2999=CARTESIAN_POINT('',(1.9,-2.36940232212721E-15,-6.));
#3000=CARTESIAN_POINT('',(-1.9,-2.60208521396521E-15,-6.));
#3001=CARTESIAN_POINT('Origin',(0.,-2.60208521396521E-15,5.9));
#3002=CARTESIAN_POINT('',(-1.8,-2.60208521396521E-15,6.));
#3003=CARTESIAN_POINT('',(1.8,-2.37552555612295E-15,6.));
#3004=CARTESIAN_POINT('Origin',(0.,-2.60208521396521E-15,6.));
#3005=CARTESIAN_POINT('Origin',(1.8,-2.38164879011869E-15,5.9));
#3006=CARTESIAN_POINT('Origin',(-1.8,-2.60208521396521E-15,5.9));
#3007=CARTESIAN_POINT('Origin',(0.,0.,6.));
#3008=CARTESIAN_POINT('',(-0.749999999999998,1.79021469711839E-13,5.84314095446675));
#3009=CARTESIAN_POINT('',(-0.749999999999998,-0.433012701892219,5.91012825257645));
#3010=CARTESIAN_POINT('Ctrl Pts',(-0.749999999999998,1.79021469711839E-13,
5.84314095446675));
#3011=CARTESIAN_POINT('Ctrl Pts',(-0.749999999999998,-0.146303647676333,
5.84314095446861));
#3012=CARTESIAN_POINT('Ctrl Pts',(-0.749999999999998,-0.292204424518013,
5.86948040415338));
#3013=CARTESIAN_POINT('Ctrl Pts',(-0.749999999999998,-0.433012701892219,
5.91012825257645));
#3014=CARTESIAN_POINT('',(-1.02168783648703,1.25120673868163E-16,6.));
#3015=CARTESIAN_POINT('',(-1.02168783648703,1.25120673868163E-16,6.));
#3016=CARTESIAN_POINT('',(1.02168783648703,0.,6.));
#3017=CARTESIAN_POINT('Origin',(0.,0.,6.));
#3018=CARTESIAN_POINT('',(0.749999999999997,1.78929621230982E-13,5.84314095446675));
#3019=CARTESIAN_POINT('',(1.02168783648703,0.,6.));
#3020=CARTESIAN_POINT('',(0.749999999999997,-0.433012701892216,5.91012825257645));
#3021=CARTESIAN_POINT('Ctrl Pts',(0.749999999999997,-0.433012701892216,
5.91012825257645));
#3022=CARTESIAN_POINT('Ctrl Pts',(0.749999999999997,-0.292204424518011,
5.86948040415338));
#3023=CARTESIAN_POINT('Ctrl Pts',(0.749999999999997,-0.146303647676333,
5.84314095446861));
#3024=CARTESIAN_POINT('Ctrl Pts',(0.749999999999997,1.78929621230982E-13,
5.84314095446675));
#3025=CARTESIAN_POINT('',(-1.7563448777819E-15,-0.866025403784435,5.91012825257645));
#3026=CARTESIAN_POINT('Ctrl Pts',(-1.7563448777819E-15,-0.866025403784435,
5.91012825257645));
#3027=CARTESIAN_POINT('Ctrl Pts',(0.122459760162473,-0.795323228289733,
5.86930833251741));
#3028=CARTESIAN_POINT('Ctrl Pts',(0.246755613058436,-0.723560984161095,
5.84323463172401));
#3029=CARTESIAN_POINT('Ctrl Pts',(0.501817073773285,-0.576301181157477,
5.8430477999648));
#3030=CARTESIAN_POINT('Ctrl Pts',(0.627387954659308,-0.503802799275554,
5.86925757079371));
#3031=CARTESIAN_POINT('Ctrl Pts',(0.749999999999997,-0.433012701892216,
5.91012825257645));
#3032=CARTESIAN_POINT('Ctrl Pts',(-0.749999999999998,-0.433012701892219,
5.91012825257645));
#3033=CARTESIAN_POINT('Ctrl Pts',(-0.627540239837523,-0.503714877386921,
5.86930833251741));
#3034=CARTESIAN_POINT('Ctrl Pts',(-0.503244386941561,-0.575477121515558,
5.84323463172401));
#3035=CARTESIAN_POINT('Ctrl Pts',(-0.248182926226712,-0.722736924519175,
5.8430477999648));
#3036=CARTESIAN_POINT('Ctrl Pts',(-0.12261204534069,-0.795235306401098,
5.86925757079371));
#3037=CARTESIAN_POINT('Ctrl Pts',(-1.7563448777819E-15,-0.866025403784435,
5.91012825257645));
#3038=CARTESIAN_POINT('Origin',(0.,0.,5.));
#3039=CARTESIAN_POINT('',(5.05971023682703E-16,0.866025403784437,5.));
#3040=CARTESIAN_POINT('',(-0.749999999999998,0.433012701892218,5.));
#3041=CARTESIAN_POINT('',(5.05971023682703E-16,0.866025403784437,5.));
#3042=CARTESIAN_POINT('',(-0.749999999999998,-0.433012701892219,5.));
#3043=CARTESIAN_POINT('',(-0.749999999999998,0.433012701892218,5.));
#3044=CARTESIAN_POINT('',(-1.80701363066531E-15,-0.866025403784435,5.));
#3045=CARTESIAN_POINT('',(-0.749999999999998,-0.433012701892219,5.));
#3046=CARTESIAN_POINT('',(0.749999999999997,-0.433012701892216,5.));
#3047=CARTESIAN_POINT('',(-1.80701363066531E-15,-0.866025403784435,5.));
#3048=CARTESIAN_POINT('',(0.749999999999997,0.43301270189222,5.));
#3049=CARTESIAN_POINT('',(0.749999999999997,-0.433012701892216,5.));
#3050=CARTESIAN_POINT('',(0.749999999999997,0.43301270189222,5.));
#3051=CARTESIAN_POINT('Origin',(5.05971023682703E-16,0.866025403784437,
5.));
#3052=CARTESIAN_POINT('',(4.94531664355409E-16,0.866025403784437,5.91012825257645));
#3053=CARTESIAN_POINT('',(5.05971023682703E-16,0.866025403784437,5.));
#3054=CARTESIAN_POINT('',(-0.749999999999998,0.433012701892218,5.91012825257645));
#3055=CARTESIAN_POINT('Ctrl Pts',(4.94531664355409E-16,0.866025403784437,
5.91012825257645));
#3056=CARTESIAN_POINT('Ctrl Pts',(-0.122459760162475,0.795323228289735,
5.86930833251741));
#3057=CARTESIAN_POINT('Ctrl Pts',(-0.246755613058437,0.723560984161097,
5.84323463172401));
#3058=CARTESIAN_POINT('Ctrl Pts',(-0.501817073773287,0.576301181157479,
5.8430477999648));
#3059=CARTESIAN_POINT('Ctrl Pts',(-0.627387954659309,0.503802799275555,
5.86925757079371));
#3060=CARTESIAN_POINT('Ctrl Pts',(-0.749999999999998,0.433012701892218,
5.91012825257645));
#3061=CARTESIAN_POINT('',(-0.749999999999998,0.433012701892218,5.));
#3062=CARTESIAN_POINT('Origin',(-0.749999999999998,0.433012701892218,5.));
#3063=CARTESIAN_POINT('Ctrl Pts',(-0.749999999999998,0.433012701892218,
5.91012825257645));
#3064=CARTESIAN_POINT('Ctrl Pts',(-0.749999999999998,0.292988891543516,
5.86970686027755));
#3065=CARTESIAN_POINT('Ctrl Pts',(-0.749999999999998,0.146385260783864,
5.84314095446868));
#3066=CARTESIAN_POINT('Ctrl Pts',(-0.749999999999998,1.79021469711839E-13,
5.84314095446675));
#3067=CARTESIAN_POINT('',(-0.749999999999998,-0.433012701892219,5.));
#3068=CARTESIAN_POINT('Origin',(-0.749999999999998,-0.433012701892219,5.));
#3069=CARTESIAN_POINT('',(-1.80701363066531E-15,-0.866025403784435,5.));
#3070=CARTESIAN_POINT('Origin',(-1.80701363066531E-15,-0.866025403784435,
5.));
#3071=CARTESIAN_POINT('',(0.749999999999997,-0.433012701892216,5.));
#3072=CARTESIAN_POINT('Origin',(0.749999999999997,-0.433012701892216,5.));
#3073=CARTESIAN_POINT('',(0.749999999999997,0.43301270189222,5.91012825257645));
#3074=CARTESIAN_POINT('Ctrl Pts',(0.749999999999997,1.78929621230982E-13,
5.84314095446675));
#3075=CARTESIAN_POINT('Ctrl Pts',(0.749999999999997,0.146385260783865,5.84314095446868));
#3076=CARTESIAN_POINT('Ctrl Pts',(0.749999999999997,0.292988891543517,5.86970686027755));
#3077=CARTESIAN_POINT('Ctrl Pts',(0.749999999999997,0.43301270189222,5.91012825257645));
#3078=CARTESIAN_POINT('',(0.749999999999997,0.43301270189222,5.));
#3079=CARTESIAN_POINT('Origin',(0.749999999999997,0.43301270189222,5.));
#3080=CARTESIAN_POINT('Ctrl Pts',(0.749999999999997,0.43301270189222,5.91012825257645));
#3081=CARTESIAN_POINT('Ctrl Pts',(0.627540239837522,0.503714877386922,5.86930833251741));
#3082=CARTESIAN_POINT('Ctrl Pts',(0.50324438694156,0.575477121515559,5.84323463172401));
#3083=CARTESIAN_POINT('Ctrl Pts',(0.248182926226711,0.722736924519176,5.8430477999648));
#3084=CARTESIAN_POINT('Ctrl Pts',(0.122612045340689,0.7952353064011,5.86925757079371));
#3085=CARTESIAN_POINT('Ctrl Pts',(4.94531664355409E-16,0.866025403784437,
5.91012825257645));
#3086=CARTESIAN_POINT('Origin',(0.,0.,6.));
#3087=CARTESIAN_POINT('Origin',(0.,0.,6.));
#3088=CARTESIAN_POINT('Origin',(0.,1.8,6.));
#3089=CARTESIAN_POINT('Origin',(0.,-2.60208521396521E-15,6.));
#3090=CARTESIAN_POINT('Origin',(0.,-2.60208521396521E-15,5.9));
#3091=CARTESIAN_POINT('Origin',(0.,-2.60208521396521E-15,5.9));
#3092=CARTESIAN_POINT('Origin',(0.,-2.60208521396521E-15,-6.));
#3093=CARTESIAN_POINT('Origin',(0.,-2.60208521396521E-15,4.1));
#3094=CARTESIAN_POINT('Origin',(0.,-2.60208521396521E-15,4.1));
#3095=CARTESIAN_POINT('Origin',(0.,-2.60208521396521E-15,4.));
#3096=CARTESIAN_POINT('Origin',(-1.8,-2.60208521396521E-15,4.));
#3097=CARTESIAN_POINT('Origin',(0.,-9.10729824887824E-15,4.));
#3098=CARTESIAN_POINT('Origin',(0.,-9.10729824887824E-15,4.));
#3099=CARTESIAN_POINT('Ctrl Pts',(0.906633312712124,-1.79245346571078E-14,
3.603905282039));
#3100=CARTESIAN_POINT('Ctrl Pts',(0.909356357692847,0.123125183122713,3.61138678663569));
#3101=CARTESIAN_POINT('Ctrl Pts',(0.886943541889269,0.245606436540698,3.61875927101373));
#3102=CARTESIAN_POINT('Ctrl Pts',(0.794569664758111,0.474060763212864,3.63240347086933));
#3103=CARTESIAN_POINT('Ctrl Pts',(0.725239745153397,0.578008788497525,3.63869599308059));
#3104=CARTESIAN_POINT('Ctrl Pts',(0.552448613238563,0.751260202097695,3.65288895496803));
#3105=CARTESIAN_POINT('Ctrl Pts',(0.447888463382705,0.820940365673686,3.66035749843694));
#3106=CARTESIAN_POINT('Ctrl Pts',(0.222152007657389,0.913708551261343,3.67464137099069));
#3107=CARTESIAN_POINT('Ctrl Pts',(0.0986888265019267,0.937629922790488,
3.68143763963102));
#3108=CARTESIAN_POINT('Ctrl Pts',(-0.1458049683171,0.936077269477217,3.69405933802041));
#3109=CARTESIAN_POINT('Ctrl Pts',(-0.268416600248869,0.911241778735231,
3.70105381348306));
#3110=CARTESIAN_POINT('Ctrl Pts',(-0.495009178483129,0.81679889697409,3.7152851659655));
#3111=CARTESIAN_POINT('Ctrl Pts',(-0.598136304965955,0.748055466749601,
3.72245449390573));
#3112=CARTESIAN_POINT('Ctrl Pts',(-0.773230365594431,0.573578907761017,
3.73619349833035));
#3113=CARTESIAN_POINT('Ctrl Pts',(-0.842184818414152,0.4707044023201,3.74209368991229));
#3114=CARTESIAN_POINT('Ctrl Pts',(-0.938262486071779,0.244242404786161,
3.75520069897619));
#3115=CARTESIAN_POINT('Ctrl Pts',(-0.964249734373509,0.122327427339634,
3.7622050995434));
#3116=CARTESIAN_POINT('Ctrl Pts',(-0.9667868059843,-9.87447217171953E-14,
3.76917564650562));
#3117=CARTESIAN_POINT('Origin',(0.,-2.60208521396521E-15,-6.));
#3118=CARTESIAN_POINT('',(0.700629269221985,0.713525491562478,-5.6));
#3119=CARTESIAN_POINT('Ctrl Pts',(-1.00000000000001,-2.06262878550187E-15,
-5.45));
#3120=CARTESIAN_POINT('Ctrl Pts',(-1.00000000000001,0.267949192431125,-5.46786327949541));
#3121=CARTESIAN_POINT('Ctrl Pts',(-0.866025403784448,0.499999999999997,
-5.48333333333334));
#3122=CARTESIAN_POINT('Ctrl Pts',(-0.577350269189632,1.,-5.51666666666667));
#3123=CARTESIAN_POINT('Ctrl Pts',(0.,1.,-5.55000000000001));
#3124=CARTESIAN_POINT('Ctrl Pts',(0.408881731069615,1.,-5.57360679774998));
#3125=CARTESIAN_POINT('Ctrl Pts',(0.700629269221985,0.713525491562478,-5.6));
#3126=CARTESIAN_POINT('',(0.,1.,-5.6));
#3127=CARTESIAN_POINT('Origin',(0.,-2.60208521396521E-15,-5.6));
#3128=CARTESIAN_POINT('Ctrl Pts',(0.,1.,-5.6));
#3129=CARTESIAN_POINT('Ctrl Pts',(-0.577350269189633,1.,-5.56666666666667));
#3130=CARTESIAN_POINT('Ctrl Pts',(-0.866025403784448,0.499999999999997,
-5.53333333333333));
#3131=CARTESIAN_POINT('Ctrl Pts',(-1.00000000000001,0.26794919243112,-5.51786327949541));
#3132=CARTESIAN_POINT('Ctrl Pts',(-1.00000000000001,-2.58554875929108E-15,
-5.5));
#3133=CARTESIAN_POINT('Ctrl Pts',(0.,0.740192378864664,-6.15));
#3134=CARTESIAN_POINT('Ctrl Pts',(-0.427350269189628,0.740192378864664,
-6.11666666666667));
#3135=CARTESIAN_POINT('Ctrl Pts',(-0.641025403784443,0.370096189432327,
-6.08333333333334));
#3136=CARTESIAN_POINT('Ctrl Pts',(-0.854700538379257,-9.06056892262276E-15,
-6.05));
#3137=CARTESIAN_POINT('Ctrl Pts',(-0.641025403784443,-0.370096189432345,
-6.01666666666667));
#3138=CARTESIAN_POINT('Ctrl Pts',(-0.427350269189629,-0.740192378864682,
-5.98333333333334));
#3139=CARTESIAN_POINT('Ctrl Pts',(-9.06474227529887E-17,-0.740192378864682,
-5.95));
#3140=CARTESIAN_POINT('Ctrl Pts',(0.427350269189628,-0.740192378864682,
-5.91666666666667));
#3141=CARTESIAN_POINT('Ctrl Pts',(0.641025403784443,-0.370096189432346,
-5.88333333333334));
#3142=CARTESIAN_POINT('Ctrl Pts',(0.854700538379257,-9.2699101783339E-15,
-5.85));
#3143=CARTESIAN_POINT('Ctrl Pts',(0.641025403784443,0.370096189432327,-5.81666666666667));
#3144=CARTESIAN_POINT('Ctrl Pts',(0.427350269189629,0.740192378864664,-5.78333333333334));
#3145=CARTESIAN_POINT('Ctrl Pts',(0.,0.740192378864664,-5.75));
#3146=CARTESIAN_POINT('Ctrl Pts',(-0.427350269189628,0.740192378864664,
-5.71666666666667));
#3147=CARTESIAN_POINT('Ctrl Pts',(-0.641025403784443,0.370096189432327,
-5.68333333333334));
#3148=CARTESIAN_POINT('Ctrl Pts',(-0.854700538379257,-9.06056892262276E-15,
-5.65));
#3149=CARTESIAN_POINT('Ctrl Pts',(-0.641025403784443,-0.370096189432345,
-5.61666666666667));
#3150=CARTESIAN_POINT('Ctrl Pts',(-0.427350269189629,-0.740192378864682,
-5.58333333333334));
#3151=CARTESIAN_POINT('Ctrl Pts',(-9.06474227529887E-17,-0.740192378864682,
-5.55));
#3152=CARTESIAN_POINT('Ctrl Pts',(0.427350269189628,-0.740192378864682,
-5.51666666666667));
#3153=CARTESIAN_POINT('Ctrl Pts',(0.641025403784443,-0.370096189432346,
-5.48333333333334));
#3154=CARTESIAN_POINT('Ctrl Pts',(0.854700538379257,-9.2699101783339E-15,
-5.45));
#3155=CARTESIAN_POINT('Ctrl Pts',(0.641025403784443,0.370096189432327,-5.41666666666667));
#3156=CARTESIAN_POINT('Ctrl Pts',(0.427350269189629,0.740192378864664,-5.38333333333334));
#3157=CARTESIAN_POINT('Ctrl Pts',(0.,0.740192378864664,-5.35));
#3158=CARTESIAN_POINT('Ctrl Pts',(-0.427350269189628,0.740192378864664,
-5.31666666666667));
#3159=CARTESIAN_POINT('Ctrl Pts',(-0.641025403784443,0.370096189432327,
-5.28333333333334));
#3160=CARTESIAN_POINT('Ctrl Pts',(-0.854700538379257,-9.06056892262276E-15,
-5.25));
#3161=CARTESIAN_POINT('Ctrl Pts',(-0.641025403784443,-0.370096189432345,
-5.21666666666667));
#3162=CARTESIAN_POINT('Ctrl Pts',(-0.427350269189629,-0.740192378864682,
-5.18333333333334));
#3163=CARTESIAN_POINT('Ctrl Pts',(-9.06474227529887E-17,-0.740192378864682,
-5.15));
#3164=CARTESIAN_POINT('Ctrl Pts',(0.427350269189628,-0.740192378864682,
-5.11666666666667));
#3165=CARTESIAN_POINT('Ctrl Pts',(0.641025403784443,-0.370096189432346,
-5.08333333333334));
#3166=CARTESIAN_POINT('Ctrl Pts',(0.854700538379257,-9.2699101783339E-15,
-5.05));
#3167=CARTESIAN_POINT('Ctrl Pts',(0.641025403784443,0.370096189432327,-5.01666666666667));
#3168=CARTESIAN_POINT('Ctrl Pts',(0.427350269189629,0.740192378864664,-4.98333333333334));
#3169=CARTESIAN_POINT('Ctrl Pts',(0.,0.740192378864664,-4.95));
#3170=CARTESIAN_POINT('Ctrl Pts',(-0.427350269189628,0.740192378864664,
-4.91666666666667));
#3171=CARTESIAN_POINT('Ctrl Pts',(-0.641025403784443,0.370096189432327,
-4.88333333333334));
#3172=CARTESIAN_POINT('Ctrl Pts',(-0.854700538379257,-9.06056892262276E-15,
-4.85));
#3173=CARTESIAN_POINT('Ctrl Pts',(-0.641025403784443,-0.370096189432345,
-4.81666666666667));
#3174=CARTESIAN_POINT('Ctrl Pts',(-0.427350269189629,-0.740192378864682,
-4.78333333333334));
#3175=CARTESIAN_POINT('Ctrl Pts',(-9.06474227529887E-17,-0.740192378864682,
-4.75));
#3176=CARTESIAN_POINT('Ctrl Pts',(0.427350269189628,-0.740192378864682,
-4.71666666666667));
#3177=CARTESIAN_POINT('Ctrl Pts',(0.641025403784443,-0.370096189432346,
-4.68333333333334));
#3178=CARTESIAN_POINT('Ctrl Pts',(0.854700538379257,-9.2699101783339E-15,
-4.65));
#3179=CARTESIAN_POINT('Ctrl Pts',(0.641025403784443,0.370096189432327,-4.61666666666667));
#3180=CARTESIAN_POINT('Ctrl Pts',(0.427350269189629,0.740192378864664,-4.58333333333334));
#3181=CARTESIAN_POINT('Ctrl Pts',(0.,0.740192378864664,-4.55));
#3182=CARTESIAN_POINT('Ctrl Pts',(-0.427350269189628,0.740192378864664,
-4.51666666666667));
#3183=CARTESIAN_POINT('Ctrl Pts',(-0.641025403784443,0.370096189432327,
-4.48333333333334));
#3184=CARTESIAN_POINT('Ctrl Pts',(-0.854700538379257,-9.06056892262276E-15,
-4.45));
#3185=CARTESIAN_POINT('Ctrl Pts',(-0.641025403784443,-0.370096189432345,
-4.41666666666667));
#3186=CARTESIAN_POINT('Ctrl Pts',(-0.427350269189629,-0.740192378864682,
-4.38333333333334));
#3187=CARTESIAN_POINT('Ctrl Pts',(-9.06474227529887E-17,-0.740192378864682,
-4.35));
#3188=CARTESIAN_POINT('Ctrl Pts',(0.427350269189628,-0.740192378864682,
-4.31666666666667));
#3189=CARTESIAN_POINT('Ctrl Pts',(0.641025403784443,-0.370096189432346,
-4.28333333333334));
#3190=CARTESIAN_POINT('Ctrl Pts',(0.854700538379257,-9.2699101783339E-15,
-4.25));
#3191=CARTESIAN_POINT('Ctrl Pts',(0.641025403784443,0.370096189432327,-4.21666666666667));
#3192=CARTESIAN_POINT('Ctrl Pts',(0.427350269189629,0.740192378864664,-4.18333333333334));
#3193=CARTESIAN_POINT('Ctrl Pts',(0.,0.740192378864664,-4.15));
#3194=CARTESIAN_POINT('Ctrl Pts',(-0.427350269189628,0.740192378864664,
-4.11666666666667));
#3195=CARTESIAN_POINT('Ctrl Pts',(-0.641025403784443,0.370096189432327,
-4.08333333333334));
#3196=CARTESIAN_POINT('Ctrl Pts',(-0.854700538379257,-9.06056892262276E-15,
-4.05));
#3197=CARTESIAN_POINT('Ctrl Pts',(-0.641025403784443,-0.370096189432345,
-4.01666666666667));
#3198=CARTESIAN_POINT('Ctrl Pts',(-0.427350269189629,-0.740192378864682,
-3.98333333333334));
#3199=CARTESIAN_POINT('Ctrl Pts',(-9.06474227529887E-17,-0.740192378864682,
-3.95));
#3200=CARTESIAN_POINT('Ctrl Pts',(0.427350269189628,-0.740192378864682,
-3.91666666666667));
#3201=CARTESIAN_POINT('Ctrl Pts',(0.641025403784443,-0.370096189432346,
-3.88333333333334));
#3202=CARTESIAN_POINT('Ctrl Pts',(0.854700538379257,-9.2699101783339E-15,
-3.85));
#3203=CARTESIAN_POINT('Ctrl Pts',(0.641025403784443,0.370096189432327,-3.81666666666667));
#3204=CARTESIAN_POINT('Ctrl Pts',(0.427350269189629,0.740192378864664,-3.78333333333334));
#3205=CARTESIAN_POINT('Ctrl Pts',(0.,0.740192378864664,-3.75));
#3206=CARTESIAN_POINT('Ctrl Pts',(-0.427350269189628,0.740192378864664,
-3.71666666666667));
#3207=CARTESIAN_POINT('Ctrl Pts',(-0.641025403784443,0.370096189432327,
-3.68333333333334));
#3208=CARTESIAN_POINT('Ctrl Pts',(-0.854700538379257,-9.06056892262276E-15,
-3.65));
#3209=CARTESIAN_POINT('Ctrl Pts',(-0.641025403784443,-0.370096189432345,
-3.61666666666667));
#3210=CARTESIAN_POINT('Ctrl Pts',(-0.427350269189629,-0.740192378864682,
-3.58333333333334));
#3211=CARTESIAN_POINT('Ctrl Pts',(-9.06474227529887E-17,-0.740192378864682,
-3.55));
#3212=CARTESIAN_POINT('Ctrl Pts',(0.427350269189628,-0.740192378864682,
-3.51666666666667));
#3213=CARTESIAN_POINT('Ctrl Pts',(0.641025403784443,-0.370096189432346,
-3.48333333333334));
#3214=CARTESIAN_POINT('Ctrl Pts',(0.854700538379257,-9.2699101783339E-15,
-3.45));
#3215=CARTESIAN_POINT('Ctrl Pts',(0.641025403784443,0.370096189432327,-3.41666666666667));
#3216=CARTESIAN_POINT('Ctrl Pts',(0.427350269189629,0.740192378864664,-3.38333333333334));
#3217=CARTESIAN_POINT('Ctrl Pts',(0.,0.740192378864664,-3.35));
#3218=CARTESIAN_POINT('Ctrl Pts',(-0.427350269189628,0.740192378864664,
-3.31666666666667));
#3219=CARTESIAN_POINT('Ctrl Pts',(-0.641025403784443,0.370096189432327,
-3.28333333333334));
#3220=CARTESIAN_POINT('Ctrl Pts',(-0.854700538379257,-9.06056892262276E-15,
-3.25));
#3221=CARTESIAN_POINT('Ctrl Pts',(-0.641025403784443,-0.370096189432345,
-3.21666666666667));
#3222=CARTESIAN_POINT('Ctrl Pts',(-0.427350269189629,-0.740192378864682,
-3.18333333333334));
#3223=CARTESIAN_POINT('Ctrl Pts',(-9.06474227529887E-17,-0.740192378864682,
-3.15));
#3224=CARTESIAN_POINT('Ctrl Pts',(0.427350269189628,-0.740192378864682,
-3.11666666666667));
#3225=CARTESIAN_POINT('Ctrl Pts',(0.641025403784443,-0.370096189432346,
-3.08333333333334));
#3226=CARTESIAN_POINT('Ctrl Pts',(0.854700538379257,-9.2699101783339E-15,
-3.05));
#3227=CARTESIAN_POINT('Ctrl Pts',(0.641025403784443,0.370096189432327,-3.01666666666667));
#3228=CARTESIAN_POINT('Ctrl Pts',(0.427350269189629,0.740192378864664,-2.98333333333334));
#3229=CARTESIAN_POINT('Ctrl Pts',(0.,0.740192378864664,-2.95));
#3230=CARTESIAN_POINT('Ctrl Pts',(-0.427350269189628,0.740192378864664,
-2.91666666666667));
#3231=CARTESIAN_POINT('Ctrl Pts',(-0.641025403784443,0.370096189432327,
-2.88333333333334));
#3232=CARTESIAN_POINT('Ctrl Pts',(-0.854700538379257,-9.06056892262276E-15,
-2.85));
#3233=CARTESIAN_POINT('Ctrl Pts',(-0.641025403784443,-0.370096189432345,
-2.81666666666667));
#3234=CARTESIAN_POINT('Ctrl Pts',(-0.427350269189629,-0.740192378864682,
-2.78333333333334));
#3235=CARTESIAN_POINT('Ctrl Pts',(-9.06474227529887E-17,-0.740192378864682,
-2.75));
#3236=CARTESIAN_POINT('Ctrl Pts',(0.427350269189628,-0.740192378864682,
-2.71666666666667));
#3237=CARTESIAN_POINT('Ctrl Pts',(0.641025403784443,-0.370096189432346,
-2.68333333333334));
#3238=CARTESIAN_POINT('Ctrl Pts',(0.854700538379257,-9.2699101783339E-15,
-2.65));
#3239=CARTESIAN_POINT('Ctrl Pts',(0.641025403784443,0.370096189432327,-2.61666666666667));
#3240=CARTESIAN_POINT('Ctrl Pts',(0.427350269189629,0.740192378864664,-2.58333333333334));
#3241=CARTESIAN_POINT('Ctrl Pts',(0.,0.740192378864664,-2.55));
#3242=CARTESIAN_POINT('Ctrl Pts',(-0.427350269189628,0.740192378864664,
-2.51666666666667));
#3243=CARTESIAN_POINT('Ctrl Pts',(-0.641025403784443,0.370096189432327,
-2.48333333333334));
#3244=CARTESIAN_POINT('Ctrl Pts',(-0.854700538379257,-9.06056892262276E-15,
-2.45));
#3245=CARTESIAN_POINT('Ctrl Pts',(-0.641025403784443,-0.370096189432345,
-2.41666666666667));
#3246=CARTESIAN_POINT('Ctrl Pts',(-0.427350269189629,-0.740192378864682,
-2.38333333333334));
#3247=CARTESIAN_POINT('Ctrl Pts',(-9.06474227529887E-17,-0.740192378864682,
-2.35));
#3248=CARTESIAN_POINT('Ctrl Pts',(0.427350269189628,-0.740192378864682,
-2.31666666666667));
#3249=CARTESIAN_POINT('Ctrl Pts',(0.641025403784443,-0.370096189432346,
-2.28333333333334));
#3250=CARTESIAN_POINT('Ctrl Pts',(0.854700538379257,-9.2699101783339E-15,
-2.25));
#3251=CARTESIAN_POINT('Ctrl Pts',(0.641025403784443,0.370096189432327,-2.21666666666667));
#3252=CARTESIAN_POINT('Ctrl Pts',(0.427350269189629,0.740192378864664,-2.18333333333334));
#3253=CARTESIAN_POINT('Ctrl Pts',(0.,0.740192378864664,-2.15));
#3254=CARTESIAN_POINT('Ctrl Pts',(-0.427350269189628,0.740192378864664,
-2.11666666666667));
#3255=CARTESIAN_POINT('Ctrl Pts',(-0.641025403784443,0.370096189432327,
-2.08333333333334));
#3256=CARTESIAN_POINT('Ctrl Pts',(-0.854700538379257,-9.06056892262276E-15,
-2.05));
#3257=CARTESIAN_POINT('Ctrl Pts',(-0.641025403784443,-0.370096189432345,
-2.01666666666667));
#3258=CARTESIAN_POINT('Ctrl Pts',(-0.427350269189629,-0.740192378864682,
-1.98333333333334));
#3259=CARTESIAN_POINT('Ctrl Pts',(-9.06474227529887E-17,-0.740192378864682,
-1.95));
#3260=CARTESIAN_POINT('Ctrl Pts',(0.427350269189628,-0.740192378864682,
-1.91666666666667));
#3261=CARTESIAN_POINT('Ctrl Pts',(0.641025403784443,-0.370096189432346,
-1.88333333333334));
#3262=CARTESIAN_POINT('Ctrl Pts',(0.854700538379257,-9.2699101783339E-15,
-1.85));
#3263=CARTESIAN_POINT('Ctrl Pts',(0.641025403784443,0.370096189432327,-1.81666666666667));
#3264=CARTESIAN_POINT('Ctrl Pts',(0.427350269189629,0.740192378864664,-1.78333333333334));
#3265=CARTESIAN_POINT('Ctrl Pts',(0.,0.740192378864664,-1.75));
#3266=CARTESIAN_POINT('Ctrl Pts',(-0.427350269189628,0.740192378864664,
-1.71666666666667));
#3267=CARTESIAN_POINT('Ctrl Pts',(-0.641025403784443,0.370096189432327,
-1.68333333333334));
#3268=CARTESIAN_POINT('Ctrl Pts',(-0.854700538379257,-9.06056892262276E-15,
-1.65));
#3269=CARTESIAN_POINT('Ctrl Pts',(-0.641025403784443,-0.370096189432345,
-1.61666666666667));
#3270=CARTESIAN_POINT('Ctrl Pts',(-0.427350269189629,-0.740192378864682,
-1.58333333333334));
#3271=CARTESIAN_POINT('Ctrl Pts',(-9.06474227529887E-17,-0.740192378864682,
-1.55));
#3272=CARTESIAN_POINT('Ctrl Pts',(0.427350269189628,-0.740192378864682,
-1.51666666666667));
#3273=CARTESIAN_POINT('Ctrl Pts',(0.641025403784443,-0.370096189432346,
-1.48333333333334));
#3274=CARTESIAN_POINT('Ctrl Pts',(0.854700538379257,-9.2699101783339E-15,
-1.45));
#3275=CARTESIAN_POINT('Ctrl Pts',(0.641025403784443,0.370096189432327,-1.41666666666667));
#3276=CARTESIAN_POINT('Ctrl Pts',(0.427350269189629,0.740192378864664,-1.38333333333334));
#3277=CARTESIAN_POINT('Ctrl Pts',(0.,0.740192378864664,-1.35));
#3278=CARTESIAN_POINT('Ctrl Pts',(-0.427350269189628,0.740192378864664,
-1.31666666666667));
#3279=CARTESIAN_POINT('Ctrl Pts',(-0.641025403784443,0.370096189432327,
-1.28333333333334));
#3280=CARTESIAN_POINT('Ctrl Pts',(-0.854700538379257,-9.06056892262276E-15,
-1.25));
#3281=CARTESIAN_POINT('Ctrl Pts',(-0.641025403784443,-0.370096189432345,
-1.21666666666667));
#3282=CARTESIAN_POINT('Ctrl Pts',(-0.427350269189629,-0.740192378864682,
-1.18333333333334));
#3283=CARTESIAN_POINT('Ctrl Pts',(-9.06474227529887E-17,-0.740192378864682,
-1.15));
#3284=CARTESIAN_POINT('Ctrl Pts',(0.427350269189628,-0.740192378864682,
-1.11666666666667));
#3285=CARTESIAN_POINT('Ctrl Pts',(0.641025403784443,-0.370096189432346,
-1.08333333333334));
#3286=CARTESIAN_POINT('Ctrl Pts',(0.854700538379257,-9.2699101783339E-15,
-1.05));
#3287=CARTESIAN_POINT('Ctrl Pts',(0.641025403784443,0.370096189432327,-1.01666666666667));
#3288=CARTESIAN_POINT('Ctrl Pts',(0.427350269189629,0.740192378864664,-0.983333333333336));
#3289=CARTESIAN_POINT('Ctrl Pts',(0.,0.740192378864664,-0.950000000000002));
#3290=CARTESIAN_POINT('Ctrl Pts',(-0.427350269189628,0.740192378864664,
-0.916666666666669));
#3291=CARTESIAN_POINT('Ctrl Pts',(-0.641025403784443,0.370096189432327,
-0.883333333333336));
#3292=CARTESIAN_POINT('Ctrl Pts',(-0.854700538379257,-9.06056892262276E-15,
-0.850000000000003));
#3293=CARTESIAN_POINT('Ctrl Pts',(-0.641025403784443,-0.370096189432345,
-0.816666666666669));
#3294=CARTESIAN_POINT('Ctrl Pts',(-0.427350269189629,-0.740192378864682,
-0.783333333333336));
#3295=CARTESIAN_POINT('Ctrl Pts',(-9.06474227529887E-17,-0.740192378864682,
-0.750000000000002));
#3296=CARTESIAN_POINT('Ctrl Pts',(0.427350269189628,-0.740192378864682,
-0.716666666666669));
#3297=CARTESIAN_POINT('Ctrl Pts',(0.641025403784443,-0.370096189432346,
-0.683333333333336));
#3298=CARTESIAN_POINT('Ctrl Pts',(0.854700538379257,-9.2699101783339E-15,
-0.650000000000002));
#3299=CARTESIAN_POINT('Ctrl Pts',(0.641025403784443,0.370096189432327,-0.616666666666669));
#3300=CARTESIAN_POINT('Ctrl Pts',(0.427350269189629,0.740192378864664,-0.583333333333336));
#3301=CARTESIAN_POINT('Ctrl Pts',(0.,0.740192378864664,-0.550000000000003));
#3302=CARTESIAN_POINT('Ctrl Pts',(-0.427350269189628,0.740192378864664,
-0.516666666666669));
#3303=CARTESIAN_POINT('Ctrl Pts',(-0.641025403784443,0.370096189432327,
-0.483333333333336));
#3304=CARTESIAN_POINT('Ctrl Pts',(-0.854700538379257,-9.06056892262276E-15,
-0.450000000000003));
#3305=CARTESIAN_POINT('Ctrl Pts',(-0.641025403784443,-0.370096189432345,
-0.416666666666669));
#3306=CARTESIAN_POINT('Ctrl Pts',(-0.427350269189629,-0.740192378864682,
-0.383333333333335));
#3307=CARTESIAN_POINT('Ctrl Pts',(-9.06474227529887E-17,-0.740192378864682,
-0.350000000000002));
#3308=CARTESIAN_POINT('Ctrl Pts',(0.427350269189628,-0.740192378864682,
-0.316666666666669));
#3309=CARTESIAN_POINT('Ctrl Pts',(0.641025403784443,-0.370096189432346,
-0.283333333333336));
#3310=CARTESIAN_POINT('Ctrl Pts',(0.854700538379257,-9.2699101783339E-15,
-0.250000000000003));
#3311=CARTESIAN_POINT('Ctrl Pts',(0.641025403784443,0.370096189432327,-0.216666666666669));
#3312=CARTESIAN_POINT('Ctrl Pts',(0.427350269189629,0.740192378864664,-0.183333333333336));
#3313=CARTESIAN_POINT('Ctrl Pts',(0.,0.740192378864664,-0.150000000000003));
#3314=CARTESIAN_POINT('Ctrl Pts',(-0.427350269189628,0.740192378864664,
-0.116666666666669));
#3315=CARTESIAN_POINT('Ctrl Pts',(-0.641025403784443,0.370096189432327,
-0.0833333333333354));
#3316=CARTESIAN_POINT('Ctrl Pts',(-0.854700538379257,-9.06056892262276E-15,
-0.0500000000000023));
#3317=CARTESIAN_POINT('Ctrl Pts',(-0.641025403784443,-0.370096189432345,
-0.0166666666666692));
#3318=CARTESIAN_POINT('Ctrl Pts',(-0.427350269189629,-0.740192378864682,
0.016666666666664));
#3319=CARTESIAN_POINT('Ctrl Pts',(-9.06474227529887E-17,-0.740192378864682,
0.049999999999998));
#3320=CARTESIAN_POINT('Ctrl Pts',(0.427350269189628,-0.740192378864682,
0.0833333333333311));
#3321=CARTESIAN_POINT('Ctrl Pts',(0.641025403784443,-0.370096189432346,
0.116666666666664));
#3322=CARTESIAN_POINT('Ctrl Pts',(0.854700538379257,-9.2699101783339E-15,
0.149999999999997));
#3323=CARTESIAN_POINT('Ctrl Pts',(0.641025403784443,0.370096189432327,0.183333333333331));
#3324=CARTESIAN_POINT('Ctrl Pts',(0.427350269189629,0.740192378864664,0.216666666666665));
#3325=CARTESIAN_POINT('Ctrl Pts',(0.,0.740192378864664,0.249999999999998));
#3326=CARTESIAN_POINT('Ctrl Pts',(-0.427350269189628,0.740192378864664,
0.283333333333331));
#3327=CARTESIAN_POINT('Ctrl Pts',(-0.641025403784443,0.370096189432327,
0.316666666666664));
#3328=CARTESIAN_POINT('Ctrl Pts',(-0.854700538379257,-9.06056892262276E-15,
0.349999999999998));
#3329=CARTESIAN_POINT('Ctrl Pts',(-0.641025403784443,-0.370096189432345,
0.383333333333331));
#3330=CARTESIAN_POINT('Ctrl Pts',(-0.427350269189629,-0.740192378864682,
0.416666666666664));
#3331=CARTESIAN_POINT('Ctrl Pts',(-9.06474227529887E-17,-0.740192378864682,
0.449999999999997));
#3332=CARTESIAN_POINT('Ctrl Pts',(0.427350269189628,-0.740192378864682,
0.483333333333331));
#3333=CARTESIAN_POINT('Ctrl Pts',(0.641025403784443,-0.370096189432346,
0.516666666666664));
#3334=CARTESIAN_POINT('Ctrl Pts',(0.854700538379257,-9.2699101783339E-15,
0.549999999999997));
#3335=CARTESIAN_POINT('Ctrl Pts',(0.641025403784443,0.370096189432327,0.583333333333331));
#3336=CARTESIAN_POINT('Ctrl Pts',(0.427350269189629,0.740192378864664,0.616666666666665));
#3337=CARTESIAN_POINT('Ctrl Pts',(0.,0.740192378864664,0.649999999999998));
#3338=CARTESIAN_POINT('Ctrl Pts',(-0.427350269189628,0.740192378864664,
0.683333333333331));
#3339=CARTESIAN_POINT('Ctrl Pts',(-0.641025403784443,0.370096189432327,
0.716666666666664));
#3340=CARTESIAN_POINT('Ctrl Pts',(-0.854700538379257,-9.06056892262276E-15,
0.749999999999998));
#3341=CARTESIAN_POINT('Ctrl Pts',(-0.641025403784443,-0.370096189432345,
0.783333333333331));
#3342=CARTESIAN_POINT('Ctrl Pts',(-0.427350269189629,-0.740192378864682,
0.816666666666664));
#3343=CARTESIAN_POINT('Ctrl Pts',(-9.06474227529887E-17,-0.740192378864682,
0.849999999999997));
#3344=CARTESIAN_POINT('Ctrl Pts',(0.427350269189628,-0.740192378864682,
0.883333333333331));
#3345=CARTESIAN_POINT('Ctrl Pts',(0.641025403784443,-0.370096189432346,
0.916666666666665));
#3346=CARTESIAN_POINT('Ctrl Pts',(0.854700538379257,-9.2699101783339E-15,
0.949999999999998));
#3347=CARTESIAN_POINT('Ctrl Pts',(0.641025403784443,0.370096189432327,0.983333333333331));
#3348=CARTESIAN_POINT('Ctrl Pts',(0.427350269189629,0.740192378864664,1.01666666666666));
#3349=CARTESIAN_POINT('Ctrl Pts',(0.,0.740192378864664,1.05));
#3350=CARTESIAN_POINT('Ctrl Pts',(-0.427350269189628,0.740192378864664,
1.08333333333333));
#3351=CARTESIAN_POINT('Ctrl Pts',(-0.641025403784443,0.370096189432327,
1.11666666666666));
#3352=CARTESIAN_POINT('Ctrl Pts',(-0.854700538379257,-9.06056892262276E-15,
1.15));
#3353=CARTESIAN_POINT('Ctrl Pts',(-0.641025403784443,-0.370096189432345,
1.18333333333333));
#3354=CARTESIAN_POINT('Ctrl Pts',(-0.427350269189629,-0.740192378864682,
1.21666666666666));
#3355=CARTESIAN_POINT('Ctrl Pts',(-9.06474227529887E-17,-0.740192378864682,
1.25));
#3356=CARTESIAN_POINT('Ctrl Pts',(0.427350269189628,-0.740192378864682,
1.28333333333333));
#3357=CARTESIAN_POINT('Ctrl Pts',(0.641025403784443,-0.370096189432346,
1.31666666666666));
#3358=CARTESIAN_POINT('Ctrl Pts',(0.854700538379257,-9.2699101783339E-15,
1.35));
#3359=CARTESIAN_POINT('Ctrl Pts',(0.641025403784443,0.370096189432327,1.38333333333333));
#3360=CARTESIAN_POINT('Ctrl Pts',(0.427350269189629,0.740192378864664,1.41666666666666));
#3361=CARTESIAN_POINT('Ctrl Pts',(0.,0.740192378864664,1.45));
#3362=CARTESIAN_POINT('Ctrl Pts',(-0.427350269189628,0.740192378864664,
1.48333333333333));
#3363=CARTESIAN_POINT('Ctrl Pts',(-0.641025403784443,0.370096189432327,
1.51666666666666));
#3364=CARTESIAN_POINT('Ctrl Pts',(-0.854700538379257,-9.06056892262276E-15,
1.55));
#3365=CARTESIAN_POINT('Ctrl Pts',(-0.641025403784443,-0.370096189432345,
1.58333333333333));
#3366=CARTESIAN_POINT('Ctrl Pts',(-0.427350269189629,-0.740192378864682,
1.61666666666666));
#3367=CARTESIAN_POINT('Ctrl Pts',(-9.06474227529887E-17,-0.740192378864682,
1.65));
#3368=CARTESIAN_POINT('Ctrl Pts',(0.427350269189628,-0.740192378864682,
1.68333333333333));
#3369=CARTESIAN_POINT('Ctrl Pts',(0.641025403784443,-0.370096189432346,
1.71666666666667));
#3370=CARTESIAN_POINT('Ctrl Pts',(0.854700538379257,-9.2699101783339E-15,
1.75));
#3371=CARTESIAN_POINT('Ctrl Pts',(0.641025403784443,0.370096189432327,1.78333333333333));
#3372=CARTESIAN_POINT('Ctrl Pts',(0.427350269189629,0.740192378864664,1.81666666666666));
#3373=CARTESIAN_POINT('Ctrl Pts',(0.,0.740192378864664,1.85));
#3374=CARTESIAN_POINT('Ctrl Pts',(-0.427350269189628,0.740192378864664,
1.88333333333333));
#3375=CARTESIAN_POINT('Ctrl Pts',(-0.641025403784443,0.370096189432327,
1.91666666666666));
#3376=CARTESIAN_POINT('Ctrl Pts',(-0.854700538379257,-9.06056892262276E-15,
1.95));
#3377=CARTESIAN_POINT('Ctrl Pts',(-0.641025403784443,-0.370096189432345,
1.98333333333333));
#3378=CARTESIAN_POINT('Ctrl Pts',(-0.427350269189629,-0.740192378864682,
2.01666666666666));
#3379=CARTESIAN_POINT('Ctrl Pts',(-9.06474227529887E-17,-0.740192378864682,
2.05));
#3380=CARTESIAN_POINT('Ctrl Pts',(0.427350269189628,-0.740192378864682,
2.08333333333333));
#3381=CARTESIAN_POINT('Ctrl Pts',(0.641025403784443,-0.370096189432346,
2.11666666666666));
#3382=CARTESIAN_POINT('Ctrl Pts',(0.854700538379257,-9.2699101783339E-15,
2.15));
#3383=CARTESIAN_POINT('Ctrl Pts',(0.641025403784443,0.370096189432327,2.18333333333333));
#3384=CARTESIAN_POINT('Ctrl Pts',(0.427350269189629,0.740192378864664,2.21666666666666));
#3385=CARTESIAN_POINT('Ctrl Pts',(0.,0.740192378864664,2.25));
#3386=CARTESIAN_POINT('Ctrl Pts',(-0.427350269189628,0.740192378864664,
2.28333333333333));
#3387=CARTESIAN_POINT('Ctrl Pts',(-0.641025403784443,0.370096189432327,
2.31666666666667));
#3388=CARTESIAN_POINT('Ctrl Pts',(-0.854700538379257,-9.06056892262276E-15,
2.35));
#3389=CARTESIAN_POINT('Ctrl Pts',(-0.641025403784443,-0.370096189432345,
2.38333333333333));
#3390=CARTESIAN_POINT('Ctrl Pts',(-0.427350269189629,-0.740192378864682,
2.41666666666666));
#3391=CARTESIAN_POINT('Ctrl Pts',(-9.06474227529887E-17,-0.740192378864682,
2.45));
#3392=CARTESIAN_POINT('Ctrl Pts',(0.427350269189628,-0.740192378864682,
2.48333333333333));
#3393=CARTESIAN_POINT('Ctrl Pts',(0.641025403784443,-0.370096189432346,
2.51666666666666));
#3394=CARTESIAN_POINT('Ctrl Pts',(0.854700538379257,-9.2699101783339E-15,
2.55));
#3395=CARTESIAN_POINT('Ctrl Pts',(0.641025403784443,0.370096189432327,2.58333333333333));
#3396=CARTESIAN_POINT('Ctrl Pts',(0.427350269189629,0.740192378864664,2.61666666666666));
#3397=CARTESIAN_POINT('Ctrl Pts',(0.,0.740192378864664,2.65));
#3398=CARTESIAN_POINT('Ctrl Pts',(-0.427350269189628,0.740192378864664,
2.68333333333333));
#3399=CARTESIAN_POINT('Ctrl Pts',(-0.641025403784443,0.370096189432327,
2.71666666666666));
#3400=CARTESIAN_POINT('Ctrl Pts',(-0.854700538379257,-9.06056892262276E-15,
2.75));
#3401=CARTESIAN_POINT('Ctrl Pts',(-0.641025403784443,-0.370096189432345,
2.78333333333333));
#3402=CARTESIAN_POINT('Ctrl Pts',(-0.427350269189629,-0.740192378864682,
2.81666666666667));
#3403=CARTESIAN_POINT('Ctrl Pts',(-9.06474227529887E-17,-0.740192378864682,
2.85));
#3404=CARTESIAN_POINT('Ctrl Pts',(0.427350269189628,-0.740192378864682,
2.88333333333333));
#3405=CARTESIAN_POINT('Ctrl Pts',(0.641025403784443,-0.370096189432346,
2.91666666666666));
#3406=CARTESIAN_POINT('Ctrl Pts',(0.854700538379257,-9.2699101783339E-15,
2.95));
#3407=CARTESIAN_POINT('Ctrl Pts',(0.641025403784443,0.370096189432327,2.98333333333333));
#3408=CARTESIAN_POINT('Ctrl Pts',(0.427350269189629,0.740192378864664,3.01666666666666));
#3409=CARTESIAN_POINT('Ctrl Pts',(0.,0.740192378864664,3.05));
#3410=CARTESIAN_POINT('Ctrl Pts',(-0.427350269189628,0.740192378864664,
3.08333333333333));
#3411=CARTESIAN_POINT('Ctrl Pts',(-0.641025403784443,0.370096189432327,
3.11666666666667));
#3412=CARTESIAN_POINT('Ctrl Pts',(-0.854700538379257,-9.06056892262276E-15,
3.15));
#3413=CARTESIAN_POINT('Ctrl Pts',(-0.641025403784443,-0.370096189432345,
3.18333333333333));
#3414=CARTESIAN_POINT('Ctrl Pts',(-0.427350269189629,-0.740192378864682,
3.21666666666667));
#3415=CARTESIAN_POINT('Ctrl Pts',(-9.06474227529887E-17,-0.740192378864682,
3.25));
#3416=CARTESIAN_POINT('Ctrl Pts',(0.427350269189628,-0.740192378864682,
3.28333333333333));
#3417=CARTESIAN_POINT('Ctrl Pts',(0.641025403784443,-0.370096189432346,
3.31666666666666));
#3418=CARTESIAN_POINT('Ctrl Pts',(0.854700538379257,-9.2699101783339E-15,
3.35));
#3419=CARTESIAN_POINT('Ctrl Pts',(0.641025403784443,0.370096189432327,3.38333333333333));
#3420=CARTESIAN_POINT('Ctrl Pts',(0.427350269189629,0.740192378864664,3.41666666666667));
#3421=CARTESIAN_POINT('Ctrl Pts',(0.,0.740192378864664,3.45));
#3422=CARTESIAN_POINT('Ctrl Pts',(-0.427350269189628,0.740192378864664,
3.48333333333333));
#3423=CARTESIAN_POINT('Ctrl Pts',(-0.641025403784443,0.370096189432327,
3.51666666666666));
#3424=CARTESIAN_POINT('Ctrl Pts',(-0.854700538379257,-9.06056892262276E-15,
3.55));
#3425=CARTESIAN_POINT('Ctrl Pts',(-0.641025403784443,-0.370096189432345,
3.58333333333333));
#3426=CARTESIAN_POINT('Ctrl Pts',(-0.427350269189629,-0.740192378864682,
3.61666666666666));
#3427=CARTESIAN_POINT('Ctrl Pts',(-9.06474227529887E-17,-0.740192378864682,
3.65));
#3428=CARTESIAN_POINT('Ctrl Pts',(0.427350269189628,-0.740192378864682,
3.68333333333333));
#3429=CARTESIAN_POINT('Ctrl Pts',(0.641025403784443,-0.370096189432346,
3.71666666666667));
#3430=CARTESIAN_POINT('Ctrl Pts',(0.854700538379257,-9.2699101783339E-15,
3.75));
#3431=CARTESIAN_POINT('Ctrl Pts',(0.641025403784443,0.370096189432327,3.78333333333333));
#3432=CARTESIAN_POINT('Ctrl Pts',(0.427350269189629,0.740192378864664,3.81666666666666));
#3433=CARTESIAN_POINT('Ctrl Pts',(0.,0.740192378864664,3.85));
#3434=CARTESIAN_POINT('Ctrl Pts',(-0.427350269189628,0.740192378864664,
3.88333333333333));
#3435=CARTESIAN_POINT('Ctrl Pts',(-0.641025403784443,0.370096189432327,
3.91666666666666));
#3436=CARTESIAN_POINT('Ctrl Pts',(-0.854700538379257,-9.06056892262276E-15,
3.95));
#3437=CARTESIAN_POINT('Ctrl Pts',(-0.641025403784443,-0.370096189432345,
3.98333333333333));
#3438=CARTESIAN_POINT('Ctrl Pts',(-0.427350269189629,-0.740192378864682,
4.01666666666666));
#3439=CARTESIAN_POINT('Ctrl Pts',(-9.06474227529887E-17,-0.740192378864682,
4.05));
#3440=CARTESIAN_POINT('Ctrl Pts',(0.427350269189628,-0.740192378864682,
4.08333333333333));
#3441=CARTESIAN_POINT('Ctrl Pts',(0.641025403784443,-0.370096189432346,
4.11666666666666));
#3442=CARTESIAN_POINT('Ctrl Pts',(0.854700538379257,-9.2699101783339E-15,
4.15));
#3443=CARTESIAN_POINT('Ctrl Pts',(0.641025403784443,0.370096189432327,4.18333333333333));
#3444=CARTESIAN_POINT('Ctrl Pts',(0.427350269189629,0.740192378864664,4.21666666666666));
#3445=CARTESIAN_POINT('Ctrl Pts',(0.,0.740192378864664,4.25));
#3446=CARTESIAN_POINT('Ctrl Pts',(0.,0.740192378864664,-6.2));
#3447=CARTESIAN_POINT('Ctrl Pts',(-0.427350269189628,0.740192378864664,
-6.16666666666667));
#3448=CARTESIAN_POINT('Ctrl Pts',(-0.641025403784443,0.370096189432327,
-6.13333333333334));
#3449=CARTESIAN_POINT('Ctrl Pts',(-0.854700538379257,-9.06056892262276E-15,
-6.1));
#3450=CARTESIAN_POINT('Ctrl Pts',(-0.641025403784443,-0.370096189432345,
-6.06666666666667));
#3451=CARTESIAN_POINT('Ctrl Pts',(-0.427350269189629,-0.740192378864682,
-6.03333333333334));
#3452=CARTESIAN_POINT('Ctrl Pts',(-9.06474227529887E-17,-0.740192378864682,
-6.00000000000001));
#3453=CARTESIAN_POINT('Ctrl Pts',(0.427350269189628,-0.740192378864682,
-5.96666666666667));
#3454=CARTESIAN_POINT('Ctrl Pts',(0.641025403784443,-0.370096189432346,
-5.93333333333334));
#3455=CARTESIAN_POINT('Ctrl Pts',(0.854700538379257,-9.2699101783339E-15,
-5.9));
#3456=CARTESIAN_POINT('Ctrl Pts',(0.641025403784443,0.370096189432327,-5.86666666666667));
#3457=CARTESIAN_POINT('Ctrl Pts',(0.427350269189629,0.740192378864664,-5.83333333333334));
#3458=CARTESIAN_POINT('Ctrl Pts',(0.,0.740192378864664,-5.8));
#3459=CARTESIAN_POINT('Ctrl Pts',(-0.427350269189628,0.740192378864664,
-5.76666666666667));
#3460=CARTESIAN_POINT('Ctrl Pts',(-0.641025403784443,0.370096189432327,
-5.73333333333334));
#3461=CARTESIAN_POINT('Ctrl Pts',(-0.854700538379257,-9.06056892262276E-15,
-5.7));
#3462=CARTESIAN_POINT('Ctrl Pts',(-0.641025403784443,-0.370096189432345,
-5.66666666666667));
#3463=CARTESIAN_POINT('Ctrl Pts',(-0.427350269189629,-0.740192378864682,
-5.63333333333334));
#3464=CARTESIAN_POINT('Ctrl Pts',(-9.06474227529887E-17,-0.740192378864682,
-5.6));
#3465=CARTESIAN_POINT('Ctrl Pts',(0.427350269189628,-0.740192378864682,
-5.56666666666667));
#3466=CARTESIAN_POINT('Ctrl Pts',(0.641025403784443,-0.370096189432346,
-5.53333333333334));
#3467=CARTESIAN_POINT('Ctrl Pts',(0.854700538379257,-9.2699101783339E-15,
-5.50000000000001));
#3468=CARTESIAN_POINT('Ctrl Pts',(0.641025403784443,0.370096189432327,-5.46666666666667));
#3469=CARTESIAN_POINT('Ctrl Pts',(0.427350269189629,0.740192378864664,-5.43333333333334));
#3470=CARTESIAN_POINT('Ctrl Pts',(0.,0.740192378864664,-5.4));
#3471=CARTESIAN_POINT('Ctrl Pts',(-0.427350269189628,0.740192378864664,
-5.36666666666667));
#3472=CARTESIAN_POINT('Ctrl Pts',(-0.641025403784443,0.370096189432327,
-5.33333333333334));
#3473=CARTESIAN_POINT('Ctrl Pts',(-0.854700538379257,-9.06056892262276E-15,
-5.3));
#3474=CARTESIAN_POINT('Ctrl Pts',(-0.641025403784443,-0.370096189432345,
-5.26666666666667));
#3475=CARTESIAN_POINT('Ctrl Pts',(-0.427350269189629,-0.740192378864682,
-5.23333333333334));
#3476=CARTESIAN_POINT('Ctrl Pts',(-9.06474227529887E-17,-0.740192378864682,
-5.2));
#3477=CARTESIAN_POINT('Ctrl Pts',(0.427350269189628,-0.740192378864682,
-5.16666666666667));
#3478=CARTESIAN_POINT('Ctrl Pts',(0.641025403784443,-0.370096189432346,
-5.13333333333334));
#3479=CARTESIAN_POINT('Ctrl Pts',(0.854700538379257,-9.2699101783339E-15,
-5.1));
#3480=CARTESIAN_POINT('Ctrl Pts',(0.641025403784443,0.370096189432327,-5.06666666666667));
#3481=CARTESIAN_POINT('Ctrl Pts',(0.427350269189629,0.740192378864664,-5.03333333333334));
#3482=CARTESIAN_POINT('Ctrl Pts',(0.,0.740192378864664,-5.));
#3483=CARTESIAN_POINT('Ctrl Pts',(-0.427350269189628,0.740192378864664,
-4.96666666666667));
#3484=CARTESIAN_POINT('Ctrl Pts',(-0.641025403784443,0.370096189432327,
-4.93333333333334));
#3485=CARTESIAN_POINT('Ctrl Pts',(-0.854700538379257,-9.06056892262276E-15,
-4.9));
#3486=CARTESIAN_POINT('Ctrl Pts',(-0.641025403784443,-0.370096189432345,
-4.86666666666667));
#3487=CARTESIAN_POINT('Ctrl Pts',(-0.427350269189629,-0.740192378864682,
-4.83333333333334));
#3488=CARTESIAN_POINT('Ctrl Pts',(-9.06474227529887E-17,-0.740192378864682,
-4.8));
#3489=CARTESIAN_POINT('Ctrl Pts',(0.427350269189628,-0.740192378864682,
-4.76666666666667));
#3490=CARTESIAN_POINT('Ctrl Pts',(0.641025403784443,-0.370096189432346,
-4.73333333333334));
#3491=CARTESIAN_POINT('Ctrl Pts',(0.854700538379257,-9.2699101783339E-15,
-4.7));
#3492=CARTESIAN_POINT('Ctrl Pts',(0.641025403784443,0.370096189432327,-4.66666666666667));
#3493=CARTESIAN_POINT('Ctrl Pts',(0.427350269189629,0.740192378864664,-4.63333333333334));
#3494=CARTESIAN_POINT('Ctrl Pts',(0.,0.740192378864664,-4.6));
#3495=CARTESIAN_POINT('Ctrl Pts',(-0.427350269189628,0.740192378864664,
-4.56666666666667));
#3496=CARTESIAN_POINT('Ctrl Pts',(-0.641025403784443,0.370096189432327,
-4.53333333333334));
#3497=CARTESIAN_POINT('Ctrl Pts',(-0.854700538379257,-9.06056892262276E-15,
-4.5));
#3498=CARTESIAN_POINT('Ctrl Pts',(-0.641025403784443,-0.370096189432345,
-4.46666666666667));
#3499=CARTESIAN_POINT('Ctrl Pts',(-0.427350269189629,-0.740192378864682,
-4.43333333333334));
#3500=CARTESIAN_POINT('Ctrl Pts',(-9.06474227529887E-17,-0.740192378864682,
-4.4));
#3501=CARTESIAN_POINT('Ctrl Pts',(0.427350269189628,-0.740192378864682,
-4.36666666666667));
#3502=CARTESIAN_POINT('Ctrl Pts',(0.641025403784443,-0.370096189432346,
-4.33333333333334));
#3503=CARTESIAN_POINT('Ctrl Pts',(0.854700538379257,-9.2699101783339E-15,
-4.3));
#3504=CARTESIAN_POINT('Ctrl Pts',(0.641025403784443,0.370096189432327,-4.26666666666667));
#3505=CARTESIAN_POINT('Ctrl Pts',(0.427350269189629,0.740192378864664,-4.23333333333334));
#3506=CARTESIAN_POINT('Ctrl Pts',(0.,0.740192378864664,-4.2));
#3507=CARTESIAN_POINT('Ctrl Pts',(-0.427350269189628,0.740192378864664,
-4.16666666666667));
#3508=CARTESIAN_POINT('Ctrl Pts',(-0.641025403784443,0.370096189432327,
-4.13333333333334));
#3509=CARTESIAN_POINT('Ctrl Pts',(-0.854700538379257,-9.06056892262276E-15,
-4.1));
#3510=CARTESIAN_POINT('Ctrl Pts',(-0.641025403784443,-0.370096189432345,
-4.06666666666667));
#3511=CARTESIAN_POINT('Ctrl Pts',(-0.427350269189629,-0.740192378864682,
-4.03333333333334));
#3512=CARTESIAN_POINT('Ctrl Pts',(-9.06474227529887E-17,-0.740192378864682,
-4.));
#3513=CARTESIAN_POINT('Ctrl Pts',(0.427350269189628,-0.740192378864682,
-3.96666666666667));
#3514=CARTESIAN_POINT('Ctrl Pts',(0.641025403784443,-0.370096189432346,
-3.93333333333334));
#3515=CARTESIAN_POINT('Ctrl Pts',(0.854700538379257,-9.2699101783339E-15,
-3.9));
#3516=CARTESIAN_POINT('Ctrl Pts',(0.641025403784443,0.370096189432327,-3.86666666666667));
#3517=CARTESIAN_POINT('Ctrl Pts',(0.427350269189629,0.740192378864664,-3.83333333333334));
#3518=CARTESIAN_POINT('Ctrl Pts',(0.,0.740192378864664,-3.8));
#3519=CARTESIAN_POINT('Ctrl Pts',(-0.427350269189628,0.740192378864664,
-3.76666666666667));
#3520=CARTESIAN_POINT('Ctrl Pts',(-0.641025403784443,0.370096189432327,
-3.73333333333334));
#3521=CARTESIAN_POINT('Ctrl Pts',(-0.854700538379257,-9.06056892262276E-15,
-3.7));
#3522=CARTESIAN_POINT('Ctrl Pts',(-0.641025403784443,-0.370096189432345,
-3.66666666666667));
#3523=CARTESIAN_POINT('Ctrl Pts',(-0.427350269189629,-0.740192378864682,
-3.63333333333334));
#3524=CARTESIAN_POINT('Ctrl Pts',(-9.06474227529887E-17,-0.740192378864682,
-3.6));
#3525=CARTESIAN_POINT('Ctrl Pts',(0.427350269189628,-0.740192378864682,
-3.56666666666667));
#3526=CARTESIAN_POINT('Ctrl Pts',(0.641025403784443,-0.370096189432346,
-3.53333333333334));
#3527=CARTESIAN_POINT('Ctrl Pts',(0.854700538379257,-9.2699101783339E-15,
-3.5));
#3528=CARTESIAN_POINT('Ctrl Pts',(0.641025403784443,0.370096189432327,-3.46666666666667));
#3529=CARTESIAN_POINT('Ctrl Pts',(0.427350269189629,0.740192378864664,-3.43333333333334));
#3530=CARTESIAN_POINT('Ctrl Pts',(0.,0.740192378864664,-3.4));
#3531=CARTESIAN_POINT('Ctrl Pts',(-0.427350269189628,0.740192378864664,
-3.36666666666667));
#3532=CARTESIAN_POINT('Ctrl Pts',(-0.641025403784443,0.370096189432327,
-3.33333333333334));
#3533=CARTESIAN_POINT('Ctrl Pts',(-0.854700538379257,-9.06056892262276E-15,
-3.3));
#3534=CARTESIAN_POINT('Ctrl Pts',(-0.641025403784443,-0.370096189432345,
-3.26666666666667));
#3535=CARTESIAN_POINT('Ctrl Pts',(-0.427350269189629,-0.740192378864682,
-3.23333333333334));
#3536=CARTESIAN_POINT('Ctrl Pts',(-9.06474227529887E-17,-0.740192378864682,
-3.2));
#3537=CARTESIAN_POINT('Ctrl Pts',(0.427350269189628,-0.740192378864682,
-3.16666666666667));
#3538=CARTESIAN_POINT('Ctrl Pts',(0.641025403784443,-0.370096189432346,
-3.13333333333334));
#3539=CARTESIAN_POINT('Ctrl Pts',(0.854700538379257,-9.2699101783339E-15,
-3.1));
#3540=CARTESIAN_POINT('Ctrl Pts',(0.641025403784443,0.370096189432327,-3.06666666666667));
#3541=CARTESIAN_POINT('Ctrl Pts',(0.427350269189629,0.740192378864664,-3.03333333333334));
#3542=CARTESIAN_POINT('Ctrl Pts',(0.,0.740192378864664,-3.));
#3543=CARTESIAN_POINT('Ctrl Pts',(-0.427350269189628,0.740192378864664,
-2.96666666666667));
#3544=CARTESIAN_POINT('Ctrl Pts',(-0.641025403784443,0.370096189432327,
-2.93333333333334));
#3545=CARTESIAN_POINT('Ctrl Pts',(-0.854700538379257,-9.06056892262276E-15,
-2.9));
#3546=CARTESIAN_POINT('Ctrl Pts',(-0.641025403784443,-0.370096189432345,
-2.86666666666667));
#3547=CARTESIAN_POINT('Ctrl Pts',(-0.427350269189629,-0.740192378864682,
-2.83333333333334));
#3548=CARTESIAN_POINT('Ctrl Pts',(-9.06474227529887E-17,-0.740192378864682,
-2.8));
#3549=CARTESIAN_POINT('Ctrl Pts',(0.427350269189628,-0.740192378864682,
-2.76666666666667));
#3550=CARTESIAN_POINT('Ctrl Pts',(0.641025403784443,-0.370096189432346,
-2.73333333333334));
#3551=CARTESIAN_POINT('Ctrl Pts',(0.854700538379257,-9.2699101783339E-15,
-2.7));
#3552=CARTESIAN_POINT('Ctrl Pts',(0.641025403784443,0.370096189432327,-2.66666666666667));
#3553=CARTESIAN_POINT('Ctrl Pts',(0.427350269189629,0.740192378864664,-2.63333333333334));
#3554=CARTESIAN_POINT('Ctrl Pts',(0.,0.740192378864664,-2.6));
#3555=CARTESIAN_POINT('Ctrl Pts',(-0.427350269189628,0.740192378864664,
-2.56666666666667));
#3556=CARTESIAN_POINT('Ctrl Pts',(-0.641025403784443,0.370096189432327,
-2.53333333333334));
#3557=CARTESIAN_POINT('Ctrl Pts',(-0.854700538379257,-9.06056892262276E-15,
-2.5));
#3558=CARTESIAN_POINT('Ctrl Pts',(-0.641025403784443,-0.370096189432345,
-2.46666666666667));
#3559=CARTESIAN_POINT('Ctrl Pts',(-0.427350269189629,-0.740192378864682,
-2.43333333333334));
#3560=CARTESIAN_POINT('Ctrl Pts',(-9.06474227529887E-17,-0.740192378864682,
-2.4));
#3561=CARTESIAN_POINT('Ctrl Pts',(0.427350269189628,-0.740192378864682,
-2.36666666666667));
#3562=CARTESIAN_POINT('Ctrl Pts',(0.641025403784443,-0.370096189432346,
-2.33333333333334));
#3563=CARTESIAN_POINT('Ctrl Pts',(0.854700538379257,-9.2699101783339E-15,
-2.3));
#3564=CARTESIAN_POINT('Ctrl Pts',(0.641025403784443,0.370096189432327,-2.26666666666667));
#3565=CARTESIAN_POINT('Ctrl Pts',(0.427350269189629,0.740192378864664,-2.23333333333334));
#3566=CARTESIAN_POINT('Ctrl Pts',(0.,0.740192378864664,-2.2));
#3567=CARTESIAN_POINT('Ctrl Pts',(-0.427350269189628,0.740192378864664,
-2.16666666666667));
#3568=CARTESIAN_POINT('Ctrl Pts',(-0.641025403784443,0.370096189432327,
-2.13333333333334));
#3569=CARTESIAN_POINT('Ctrl Pts',(-0.854700538379257,-9.06056892262276E-15,
-2.1));
#3570=CARTESIAN_POINT('Ctrl Pts',(-0.641025403784443,-0.370096189432345,
-2.06666666666667));
#3571=CARTESIAN_POINT('Ctrl Pts',(-0.427350269189629,-0.740192378864682,
-2.03333333333334));
#3572=CARTESIAN_POINT('Ctrl Pts',(-9.06474227529887E-17,-0.740192378864682,
-2.));
#3573=CARTESIAN_POINT('Ctrl Pts',(0.427350269189628,-0.740192378864682,
-1.96666666666667));
#3574=CARTESIAN_POINT('Ctrl Pts',(0.641025403784443,-0.370096189432346,
-1.93333333333334));
#3575=CARTESIAN_POINT('Ctrl Pts',(0.854700538379257,-9.2699101783339E-15,
-1.9));
#3576=CARTESIAN_POINT('Ctrl Pts',(0.641025403784443,0.370096189432327,-1.86666666666667));
#3577=CARTESIAN_POINT('Ctrl Pts',(0.427350269189629,0.740192378864664,-1.83333333333334));
#3578=CARTESIAN_POINT('Ctrl Pts',(0.,0.740192378864664,-1.8));
#3579=CARTESIAN_POINT('Ctrl Pts',(-0.427350269189628,0.740192378864664,
-1.76666666666667));
#3580=CARTESIAN_POINT('Ctrl Pts',(-0.641025403784443,0.370096189432327,
-1.73333333333334));
#3581=CARTESIAN_POINT('Ctrl Pts',(-0.854700538379257,-9.06056892262276E-15,
-1.7));
#3582=CARTESIAN_POINT('Ctrl Pts',(-0.641025403784443,-0.370096189432345,
-1.66666666666667));
#3583=CARTESIAN_POINT('Ctrl Pts',(-0.427350269189629,-0.740192378864682,
-1.63333333333334));
#3584=CARTESIAN_POINT('Ctrl Pts',(-9.06474227529887E-17,-0.740192378864682,
-1.6));
#3585=CARTESIAN_POINT('Ctrl Pts',(0.427350269189628,-0.740192378864682,
-1.56666666666667));
#3586=CARTESIAN_POINT('Ctrl Pts',(0.641025403784443,-0.370096189432346,
-1.53333333333334));
#3587=CARTESIAN_POINT('Ctrl Pts',(0.854700538379257,-9.2699101783339E-15,
-1.5));
#3588=CARTESIAN_POINT('Ctrl Pts',(0.641025403784443,0.370096189432327,-1.46666666666667));
#3589=CARTESIAN_POINT('Ctrl Pts',(0.427350269189629,0.740192378864664,-1.43333333333334));
#3590=CARTESIAN_POINT('Ctrl Pts',(0.,0.740192378864664,-1.4));
#3591=CARTESIAN_POINT('Ctrl Pts',(-0.427350269189628,0.740192378864664,
-1.36666666666667));
#3592=CARTESIAN_POINT('Ctrl Pts',(-0.641025403784443,0.370096189432327,
-1.33333333333334));
#3593=CARTESIAN_POINT('Ctrl Pts',(-0.854700538379257,-9.06056892262276E-15,
-1.3));
#3594=CARTESIAN_POINT('Ctrl Pts',(-0.641025403784443,-0.370096189432345,
-1.26666666666667));
#3595=CARTESIAN_POINT('Ctrl Pts',(-0.427350269189629,-0.740192378864682,
-1.23333333333334));
#3596=CARTESIAN_POINT('Ctrl Pts',(-9.06474227529887E-17,-0.740192378864682,
-1.2));
#3597=CARTESIAN_POINT('Ctrl Pts',(0.427350269189628,-0.740192378864682,
-1.16666666666667));
#3598=CARTESIAN_POINT('Ctrl Pts',(0.641025403784443,-0.370096189432346,
-1.13333333333334));
#3599=CARTESIAN_POINT('Ctrl Pts',(0.854700538379257,-9.2699101783339E-15,
-1.1));
#3600=CARTESIAN_POINT('Ctrl Pts',(0.641025403784443,0.370096189432327,-1.06666666666667));
#3601=CARTESIAN_POINT('Ctrl Pts',(0.427350269189629,0.740192378864664,-1.03333333333334));
#3602=CARTESIAN_POINT('Ctrl Pts',(0.,0.740192378864664,-1.));
#3603=CARTESIAN_POINT('Ctrl Pts',(-0.427350269189628,0.740192378864664,
-0.96666666666667));
#3604=CARTESIAN_POINT('Ctrl Pts',(-0.641025403784443,0.370096189432327,
-0.933333333333337));
#3605=CARTESIAN_POINT('Ctrl Pts',(-0.854700538379257,-9.06056892262276E-15,
-0.900000000000004));
#3606=CARTESIAN_POINT('Ctrl Pts',(-0.641025403784443,-0.370096189432345,
-0.86666666666667));
#3607=CARTESIAN_POINT('Ctrl Pts',(-0.427350269189629,-0.740192378864682,
-0.833333333333337));
#3608=CARTESIAN_POINT('Ctrl Pts',(-9.06474227529887E-17,-0.740192378864682,
-0.800000000000004));
#3609=CARTESIAN_POINT('Ctrl Pts',(0.427350269189628,-0.740192378864682,
-0.766666666666671));
#3610=CARTESIAN_POINT('Ctrl Pts',(0.641025403784443,-0.370096189432346,
-0.733333333333338));
#3611=CARTESIAN_POINT('Ctrl Pts',(0.854700538379257,-9.2699101783339E-15,
-0.700000000000004));
#3612=CARTESIAN_POINT('Ctrl Pts',(0.641025403784443,0.370096189432327,-0.66666666666667));
#3613=CARTESIAN_POINT('Ctrl Pts',(0.427350269189629,0.740192378864664,-0.633333333333337));
#3614=CARTESIAN_POINT('Ctrl Pts',(0.,0.740192378864664,-0.600000000000004));
#3615=CARTESIAN_POINT('Ctrl Pts',(-0.427350269189628,0.740192378864664,
-0.56666666666667));
#3616=CARTESIAN_POINT('Ctrl Pts',(-0.641025403784443,0.370096189432327,
-0.533333333333337));
#3617=CARTESIAN_POINT('Ctrl Pts',(-0.854700538379257,-9.06056892262276E-15,
-0.500000000000004));
#3618=CARTESIAN_POINT('Ctrl Pts',(-0.641025403784443,-0.370096189432345,
-0.466666666666671));
#3619=CARTESIAN_POINT('Ctrl Pts',(-0.427350269189629,-0.740192378864682,
-0.433333333333337));
#3620=CARTESIAN_POINT('Ctrl Pts',(-9.06474227529887E-17,-0.740192378864682,
-0.400000000000004));
#3621=CARTESIAN_POINT('Ctrl Pts',(0.427350269189628,-0.740192378864682,
-0.366666666666671));
#3622=CARTESIAN_POINT('Ctrl Pts',(0.641025403784443,-0.370096189432346,
-0.333333333333337));
#3623=CARTESIAN_POINT('Ctrl Pts',(0.854700538379257,-9.2699101783339E-15,
-0.300000000000004));
#3624=CARTESIAN_POINT('Ctrl Pts',(0.641025403784443,0.370096189432327,-0.26666666666667));
#3625=CARTESIAN_POINT('Ctrl Pts',(0.427350269189629,0.740192378864664,-0.233333333333337));
#3626=CARTESIAN_POINT('Ctrl Pts',(0.,0.740192378864664,-0.200000000000004));
#3627=CARTESIAN_POINT('Ctrl Pts',(-0.427350269189628,0.740192378864664,
-0.166666666666671));
#3628=CARTESIAN_POINT('Ctrl Pts',(-0.641025403784443,0.370096189432327,
-0.133333333333337));
#3629=CARTESIAN_POINT('Ctrl Pts',(-0.854700538379257,-9.06056892262276E-15,
-0.100000000000004));
#3630=CARTESIAN_POINT('Ctrl Pts',(-0.641025403784443,-0.370096189432345,
-0.0666666666666706));
#3631=CARTESIAN_POINT('Ctrl Pts',(-0.427350269189629,-0.740192378864682,
-0.0333333333333375));
#3632=CARTESIAN_POINT('Ctrl Pts',(-9.06474227529887E-17,-0.740192378864682,
-3.46944695195361E-15));
#3633=CARTESIAN_POINT('Ctrl Pts',(0.427350269189628,-0.740192378864682,
0.0333333333333297));
#3634=CARTESIAN_POINT('Ctrl Pts',(0.641025403784443,-0.370096189432346,
0.0666666666666628));
#3635=CARTESIAN_POINT('Ctrl Pts',(0.854700538379257,-9.2699101783339E-15,
0.0999999999999959));
#3636=CARTESIAN_POINT('Ctrl Pts',(0.641025403784443,0.370096189432327,0.13333333333333));
#3637=CARTESIAN_POINT('Ctrl Pts',(0.427350269189629,0.740192378864664,0.166666666666663));
#3638=CARTESIAN_POINT('Ctrl Pts',(0.,0.740192378864664,0.199999999999996));
#3639=CARTESIAN_POINT('Ctrl Pts',(-0.427350269189628,0.740192378864664,
0.233333333333329));
#3640=CARTESIAN_POINT('Ctrl Pts',(-0.641025403784443,0.370096189432327,
0.266666666666662));
#3641=CARTESIAN_POINT('Ctrl Pts',(-0.854700538379257,-9.06056892262276E-15,
0.299999999999996));
#3642=CARTESIAN_POINT('Ctrl Pts',(-0.641025403784443,-0.370096189432345,
0.33333333333333));
#3643=CARTESIAN_POINT('Ctrl Pts',(-0.427350269189629,-0.740192378864682,
0.366666666666663));
#3644=CARTESIAN_POINT('Ctrl Pts',(-9.06474227529887E-17,-0.740192378864682,
0.399999999999996));
#3645=CARTESIAN_POINT('Ctrl Pts',(0.427350269189628,-0.740192378864682,
0.43333333333333));
#3646=CARTESIAN_POINT('Ctrl Pts',(0.641025403784443,-0.370096189432346,
0.466666666666663));
#3647=CARTESIAN_POINT('Ctrl Pts',(0.854700538379257,-9.2699101783339E-15,
0.499999999999996));
#3648=CARTESIAN_POINT('Ctrl Pts',(0.641025403784443,0.370096189432327,0.533333333333329));
#3649=CARTESIAN_POINT('Ctrl Pts',(0.427350269189629,0.740192378864664,0.566666666666663));
#3650=CARTESIAN_POINT('Ctrl Pts',(0.,0.740192378864664,0.599999999999996));
#3651=CARTESIAN_POINT('Ctrl Pts',(-0.427350269189628,0.740192378864664,
0.63333333333333));
#3652=CARTESIAN_POINT('Ctrl Pts',(-0.641025403784443,0.370096189432327,
0.666666666666663));
#3653=CARTESIAN_POINT('Ctrl Pts',(-0.854700538379257,-9.06056892262276E-15,
0.699999999999997));
#3654=CARTESIAN_POINT('Ctrl Pts',(-0.641025403784443,-0.370096189432345,
0.73333333333333));
#3655=CARTESIAN_POINT('Ctrl Pts',(-0.427350269189629,-0.740192378864682,
0.766666666666663));
#3656=CARTESIAN_POINT('Ctrl Pts',(-9.06474227529887E-17,-0.740192378864682,
0.799999999999996));
#3657=CARTESIAN_POINT('Ctrl Pts',(0.427350269189628,-0.740192378864682,
0.833333333333329));
#3658=CARTESIAN_POINT('Ctrl Pts',(0.641025403784443,-0.370096189432346,
0.866666666666663));
#3659=CARTESIAN_POINT('Ctrl Pts',(0.854700538379257,-9.2699101783339E-15,
0.899999999999996));
#3660=CARTESIAN_POINT('Ctrl Pts',(0.641025403784443,0.370096189432327,0.933333333333329));
#3661=CARTESIAN_POINT('Ctrl Pts',(0.427350269189629,0.740192378864664,0.966666666666663));
#3662=CARTESIAN_POINT('Ctrl Pts',(0.,0.740192378864664,0.999999999999997));
#3663=CARTESIAN_POINT('Ctrl Pts',(-0.427350269189628,0.740192378864664,
1.03333333333333));
#3664=CARTESIAN_POINT('Ctrl Pts',(-0.641025403784443,0.370096189432327,
1.06666666666666));
#3665=CARTESIAN_POINT('Ctrl Pts',(-0.854700538379257,-9.06056892262276E-15,
1.1));
#3666=CARTESIAN_POINT('Ctrl Pts',(-0.641025403784443,-0.370096189432345,
1.13333333333333));
#3667=CARTESIAN_POINT('Ctrl Pts',(-0.427350269189629,-0.740192378864682,
1.16666666666666));
#3668=CARTESIAN_POINT('Ctrl Pts',(-9.06474227529887E-17,-0.740192378864682,
1.2));
#3669=CARTESIAN_POINT('Ctrl Pts',(0.427350269189628,-0.740192378864682,
1.23333333333333));
#3670=CARTESIAN_POINT('Ctrl Pts',(0.641025403784443,-0.370096189432346,
1.26666666666666));
#3671=CARTESIAN_POINT('Ctrl Pts',(0.854700538379257,-9.2699101783339E-15,
1.3));
#3672=CARTESIAN_POINT('Ctrl Pts',(0.641025403784443,0.370096189432327,1.33333333333333));
#3673=CARTESIAN_POINT('Ctrl Pts',(0.427350269189629,0.740192378864664,1.36666666666666));
#3674=CARTESIAN_POINT('Ctrl Pts',(0.,0.740192378864664,1.4));
#3675=CARTESIAN_POINT('Ctrl Pts',(-0.427350269189628,0.740192378864664,
1.43333333333333));
#3676=CARTESIAN_POINT('Ctrl Pts',(-0.641025403784443,0.370096189432327,
1.46666666666666));
#3677=CARTESIAN_POINT('Ctrl Pts',(-0.854700538379257,-9.06056892262276E-15,
1.5));
#3678=CARTESIAN_POINT('Ctrl Pts',(-0.641025403784443,-0.370096189432345,
1.53333333333333));
#3679=CARTESIAN_POINT('Ctrl Pts',(-0.427350269189629,-0.740192378864682,
1.56666666666666));
#3680=CARTESIAN_POINT('Ctrl Pts',(-9.06474227529887E-17,-0.740192378864682,
1.6));
#3681=CARTESIAN_POINT('Ctrl Pts',(0.427350269189628,-0.740192378864682,
1.63333333333333));
#3682=CARTESIAN_POINT('Ctrl Pts',(0.641025403784443,-0.370096189432346,
1.66666666666666));
#3683=CARTESIAN_POINT('Ctrl Pts',(0.854700538379257,-9.2699101783339E-15,
1.7));
#3684=CARTESIAN_POINT('Ctrl Pts',(0.641025403784443,0.370096189432327,1.73333333333333));
#3685=CARTESIAN_POINT('Ctrl Pts',(0.427350269189629,0.740192378864664,1.76666666666666));
#3686=CARTESIAN_POINT('Ctrl Pts',(0.,0.740192378864664,1.8));
#3687=CARTESIAN_POINT('Ctrl Pts',(-0.427350269189628,0.740192378864664,
1.83333333333333));
#3688=CARTESIAN_POINT('Ctrl Pts',(-0.641025403784443,0.370096189432327,
1.86666666666666));
#3689=CARTESIAN_POINT('Ctrl Pts',(-0.854700538379257,-9.06056892262276E-15,
1.9));
#3690=CARTESIAN_POINT('Ctrl Pts',(-0.641025403784443,-0.370096189432345,
1.93333333333333));
#3691=CARTESIAN_POINT('Ctrl Pts',(-0.427350269189629,-0.740192378864682,
1.96666666666666));
#3692=CARTESIAN_POINT('Ctrl Pts',(-9.06474227529887E-17,-0.740192378864682,
2.));
#3693=CARTESIAN_POINT('Ctrl Pts',(0.427350269189628,-0.740192378864682,
2.03333333333333));
#3694=CARTESIAN_POINT('Ctrl Pts',(0.641025403784443,-0.370096189432346,
2.06666666666666));
#3695=CARTESIAN_POINT('Ctrl Pts',(0.854700538379257,-9.2699101783339E-15,
2.1));
#3696=CARTESIAN_POINT('Ctrl Pts',(0.641025403784443,0.370096189432327,2.13333333333333));
#3697=CARTESIAN_POINT('Ctrl Pts',(0.427350269189629,0.740192378864664,2.16666666666666));
#3698=CARTESIAN_POINT('Ctrl Pts',(0.,0.740192378864664,2.2));
#3699=CARTESIAN_POINT('Ctrl Pts',(-0.427350269189628,0.740192378864664,
2.23333333333333));
#3700=CARTESIAN_POINT('Ctrl Pts',(-0.641025403784443,0.370096189432327,
2.26666666666666));
#3701=CARTESIAN_POINT('Ctrl Pts',(-0.854700538379257,-9.06056892262276E-15,
2.3));
#3702=CARTESIAN_POINT('Ctrl Pts',(-0.641025403784443,-0.370096189432345,
2.33333333333333));
#3703=CARTESIAN_POINT('Ctrl Pts',(-0.427350269189629,-0.740192378864682,
2.36666666666666));
#3704=CARTESIAN_POINT('Ctrl Pts',(-9.06474227529887E-17,-0.740192378864682,
2.4));
#3705=CARTESIAN_POINT('Ctrl Pts',(0.427350269189628,-0.740192378864682,
2.43333333333333));
#3706=CARTESIAN_POINT('Ctrl Pts',(0.641025403784443,-0.370096189432346,
2.46666666666666));
#3707=CARTESIAN_POINT('Ctrl Pts',(0.854700538379257,-9.2699101783339E-15,
2.5));
#3708=CARTESIAN_POINT('Ctrl Pts',(0.641025403784443,0.370096189432327,2.53333333333333));
#3709=CARTESIAN_POINT('Ctrl Pts',(0.427350269189629,0.740192378864664,2.56666666666666));
#3710=CARTESIAN_POINT('Ctrl Pts',(0.,0.740192378864664,2.6));
#3711=CARTESIAN_POINT('Ctrl Pts',(-0.427350269189628,0.740192378864664,
2.63333333333333));
#3712=CARTESIAN_POINT('Ctrl Pts',(-0.641025403784443,0.370096189432327,
2.66666666666666));
#3713=CARTESIAN_POINT('Ctrl Pts',(-0.854700538379257,-9.06056892262276E-15,
2.7));
#3714=CARTESIAN_POINT('Ctrl Pts',(-0.641025403784443,-0.370096189432345,
2.73333333333333));
#3715=CARTESIAN_POINT('Ctrl Pts',(-0.427350269189629,-0.740192378864682,
2.76666666666666));
#3716=CARTESIAN_POINT('Ctrl Pts',(-9.06474227529887E-17,-0.740192378864682,
2.8));
#3717=CARTESIAN_POINT('Ctrl Pts',(0.427350269189628,-0.740192378864682,
2.83333333333333));
#3718=CARTESIAN_POINT('Ctrl Pts',(0.641025403784443,-0.370096189432346,
2.86666666666666));
#3719=CARTESIAN_POINT('Ctrl Pts',(0.854700538379257,-9.2699101783339E-15,
2.9));
#3720=CARTESIAN_POINT('Ctrl Pts',(0.641025403784443,0.370096189432327,2.93333333333333));
#3721=CARTESIAN_POINT('Ctrl Pts',(0.427350269189629,0.740192378864664,2.96666666666666));
#3722=CARTESIAN_POINT('Ctrl Pts',(0.,0.740192378864664,3.));
#3723=CARTESIAN_POINT('Ctrl Pts',(-0.427350269189628,0.740192378864664,
3.03333333333333));
#3724=CARTESIAN_POINT('Ctrl Pts',(-0.641025403784443,0.370096189432327,
3.06666666666666));
#3725=CARTESIAN_POINT('Ctrl Pts',(-0.854700538379257,-9.06056892262276E-15,
3.1));
#3726=CARTESIAN_POINT('Ctrl Pts',(-0.641025403784443,-0.370096189432345,
3.13333333333333));
#3727=CARTESIAN_POINT('Ctrl Pts',(-0.427350269189629,-0.740192378864682,
3.16666666666666));
#3728=CARTESIAN_POINT('Ctrl Pts',(-9.06474227529887E-17,-0.740192378864682,
3.2));
#3729=CARTESIAN_POINT('Ctrl Pts',(0.427350269189628,-0.740192378864682,
3.23333333333333));
#3730=CARTESIAN_POINT('Ctrl Pts',(0.641025403784443,-0.370096189432346,
3.26666666666666));
#3731=CARTESIAN_POINT('Ctrl Pts',(0.854700538379257,-9.2699101783339E-15,
3.3));
#3732=CARTESIAN_POINT('Ctrl Pts',(0.641025403784443,0.370096189432327,3.33333333333333));
#3733=CARTESIAN_POINT('Ctrl Pts',(0.427350269189629,0.740192378864664,3.36666666666666));
#3734=CARTESIAN_POINT('Ctrl Pts',(0.,0.740192378864664,3.4));
#3735=CARTESIAN_POINT('Ctrl Pts',(-0.427350269189628,0.740192378864664,
3.43333333333333));
#3736=CARTESIAN_POINT('Ctrl Pts',(-0.641025403784443,0.370096189432327,
3.46666666666666));
#3737=CARTESIAN_POINT('Ctrl Pts',(-0.854700538379257,-9.06056892262276E-15,
3.5));
#3738=CARTESIAN_POINT('Ctrl Pts',(-0.641025403784443,-0.370096189432345,
3.53333333333333));
#3739=CARTESIAN_POINT('Ctrl Pts',(-0.427350269189629,-0.740192378864682,
3.56666666666666));
#3740=CARTESIAN_POINT('Ctrl Pts',(-9.06474227529887E-17,-0.740192378864682,
3.6));
#3741=CARTESIAN_POINT('Ctrl Pts',(0.427350269189628,-0.740192378864682,
3.63333333333333));
#3742=CARTESIAN_POINT('Ctrl Pts',(0.641025403784443,-0.370096189432346,
3.66666666666666));
#3743=CARTESIAN_POINT('Ctrl Pts',(0.854700538379257,-9.2699101783339E-15,
3.7));
#3744=CARTESIAN_POINT('Ctrl Pts',(0.641025403784443,0.370096189432327,3.73333333333333));
#3745=CARTESIAN_POINT('Ctrl Pts',(0.427350269189629,0.740192378864664,3.76666666666666));
#3746=CARTESIAN_POINT('Ctrl Pts',(0.,0.740192378864664,3.8));
#3747=CARTESIAN_POINT('Ctrl Pts',(-0.427350269189628,0.740192378864664,
3.83333333333333));
#3748=CARTESIAN_POINT('Ctrl Pts',(-0.641025403784443,0.370096189432327,
3.86666666666666));
#3749=CARTESIAN_POINT('Ctrl Pts',(-0.854700538379257,-9.06056892262276E-15,
3.9));
#3750=CARTESIAN_POINT('Ctrl Pts',(-0.641025403784443,-0.370096189432345,
3.93333333333333));
#3751=CARTESIAN_POINT('Ctrl Pts',(-0.427350269189629,-0.740192378864682,
3.96666666666666));
#3752=CARTESIAN_POINT('Ctrl Pts',(-9.06474227529887E-17,-0.740192378864682,
4.));
#3753=CARTESIAN_POINT('Ctrl Pts',(0.427350269189628,-0.740192378864682,
4.03333333333333));
#3754=CARTESIAN_POINT('Ctrl Pts',(0.641025403784443,-0.370096189432346,
4.06666666666666));
#3755=CARTESIAN_POINT('Ctrl Pts',(0.854700538379257,-9.2699101783339E-15,
4.1));
#3756=CARTESIAN_POINT('Ctrl Pts',(0.641025403784443,0.370096189432327,4.13333333333333));
#3757=CARTESIAN_POINT('Ctrl Pts',(0.427350269189629,0.740192378864664,4.16666666666666));
#3758=CARTESIAN_POINT('Ctrl Pts',(0.,0.740192378864664,4.2));
#3759=CARTESIAN_POINT('Ctrl Pts',(0.732138712861072,-0.108892896276469,
-5.85980762113434));
#3760=CARTESIAN_POINT('Ctrl Pts',(0.770122889836787,0.146492784460251,-5.83680588194428));
#3761=CARTESIAN_POINT('Ctrl Pts',(0.641025403784443,0.370096189432327,-5.81666666666667));
#3762=CARTESIAN_POINT('Ctrl Pts',(0.427350269189629,0.740192378864664,-5.78333333333334));
#3763=CARTESIAN_POINT('Ctrl Pts',(0.,0.740192378864664,-5.75));
#3764=CARTESIAN_POINT('Ctrl Pts',(-0.427350269189628,0.740192378864664,
-5.71666666666667));
#3765=CARTESIAN_POINT('Ctrl Pts',(-0.641025403784443,0.370096189432327,
-5.68333333333334));
#3766=CARTESIAN_POINT('Ctrl Pts',(-0.854700538379257,-9.06056892262276E-15,
-5.65));
#3767=CARTESIAN_POINT('Ctrl Pts',(-0.641025403784443,-0.370096189432345,
-5.61666666666667));
#3768=CARTESIAN_POINT('Ctrl Pts',(-0.427350269189629,-0.740192378864682,
-5.58333333333334));
#3769=CARTESIAN_POINT('Ctrl Pts',(-9.06474227529887E-17,-0.740192378864682,
-5.55));
#3770=CARTESIAN_POINT('Ctrl Pts',(0.427350269189628,-0.740192378864682,
-5.51666666666667));
#3771=CARTESIAN_POINT('Ctrl Pts',(0.641025403784443,-0.370096189432346,
-5.48333333333334));
#3772=CARTESIAN_POINT('Ctrl Pts',(0.854700538379257,-9.2699101783339E-15,
-5.45));
#3773=CARTESIAN_POINT('Ctrl Pts',(0.641025403784443,0.370096189432327,-5.41666666666667));
#3774=CARTESIAN_POINT('Ctrl Pts',(0.427350269189629,0.740192378864664,-5.38333333333334));
#3775=CARTESIAN_POINT('Ctrl Pts',(0.,0.740192378864664,-5.35));
#3776=CARTESIAN_POINT('Ctrl Pts',(-0.427350269189628,0.740192378864664,
-5.31666666666667));
#3777=CARTESIAN_POINT('Ctrl Pts',(-0.641025403784443,0.370096189432327,
-5.28333333333334));
#3778=CARTESIAN_POINT('Ctrl Pts',(-0.854700538379257,-9.06056892262276E-15,
-5.25));
#3779=CARTESIAN_POINT('Ctrl Pts',(-0.641025403784443,-0.370096189432345,
-5.21666666666667));
#3780=CARTESIAN_POINT('Ctrl Pts',(-0.427350269189629,-0.740192378864682,
-5.18333333333334));
#3781=CARTESIAN_POINT('Ctrl Pts',(-9.06474227529887E-17,-0.740192378864682,
-5.15));
#3782=CARTESIAN_POINT('Ctrl Pts',(0.427350269189628,-0.740192378864682,
-5.11666666666667));
#3783=CARTESIAN_POINT('Ctrl Pts',(0.641025403784443,-0.370096189432346,
-5.08333333333334));
#3784=CARTESIAN_POINT('Ctrl Pts',(0.854700538379257,-9.2699101783339E-15,
-5.05));
#3785=CARTESIAN_POINT('Ctrl Pts',(0.641025403784443,0.370096189432327,-5.01666666666667));
#3786=CARTESIAN_POINT('Ctrl Pts',(0.427350269189629,0.740192378864664,-4.98333333333334));
#3787=CARTESIAN_POINT('Ctrl Pts',(0.,0.740192378864664,-4.95));
#3788=CARTESIAN_POINT('Ctrl Pts',(-0.427350269189628,0.740192378864664,
-4.91666666666667));
#3789=CARTESIAN_POINT('Ctrl Pts',(-0.641025403784443,0.370096189432327,
-4.88333333333334));
#3790=CARTESIAN_POINT('Ctrl Pts',(-0.854700538379257,-9.06056892262276E-15,
-4.85));
#3791=CARTESIAN_POINT('Ctrl Pts',(-0.641025403784443,-0.370096189432345,
-4.81666666666667));
#3792=CARTESIAN_POINT('Ctrl Pts',(-0.427350269189629,-0.740192378864682,
-4.78333333333334));
#3793=CARTESIAN_POINT('Ctrl Pts',(-9.06474227529887E-17,-0.740192378864682,
-4.75));
#3794=CARTESIAN_POINT('Ctrl Pts',(0.427350269189628,-0.740192378864682,
-4.71666666666667));
#3795=CARTESIAN_POINT('Ctrl Pts',(0.641025403784443,-0.370096189432346,
-4.68333333333334));
#3796=CARTESIAN_POINT('Ctrl Pts',(0.854700538379257,-9.2699101783339E-15,
-4.65));
#3797=CARTESIAN_POINT('Ctrl Pts',(0.641025403784443,0.370096189432327,-4.61666666666667));
#3798=CARTESIAN_POINT('Ctrl Pts',(0.427350269189629,0.740192378864664,-4.58333333333334));
#3799=CARTESIAN_POINT('Ctrl Pts',(0.,0.740192378864664,-4.55));
#3800=CARTESIAN_POINT('Ctrl Pts',(-0.427350269189628,0.740192378864664,
-4.51666666666667));
#3801=CARTESIAN_POINT('Ctrl Pts',(-0.641025403784443,0.370096189432327,
-4.48333333333334));
#3802=CARTESIAN_POINT('Ctrl Pts',(-0.854700538379257,-9.06056892262276E-15,
-4.45));
#3803=CARTESIAN_POINT('Ctrl Pts',(-0.641025403784443,-0.370096189432345,
-4.41666666666667));
#3804=CARTESIAN_POINT('Ctrl Pts',(-0.427350269189629,-0.740192378864682,
-4.38333333333334));
#3805=CARTESIAN_POINT('Ctrl Pts',(-9.06474227529887E-17,-0.740192378864682,
-4.35));
#3806=CARTESIAN_POINT('Ctrl Pts',(0.427350269189628,-0.740192378864682,
-4.31666666666667));
#3807=CARTESIAN_POINT('Ctrl Pts',(0.641025403784443,-0.370096189432346,
-4.28333333333334));
#3808=CARTESIAN_POINT('Ctrl Pts',(0.854700538379257,-9.2699101783339E-15,
-4.25));
#3809=CARTESIAN_POINT('Ctrl Pts',(0.641025403784443,0.370096189432327,-4.21666666666667));
#3810=CARTESIAN_POINT('Ctrl Pts',(0.427350269189629,0.740192378864664,-4.18333333333334));
#3811=CARTESIAN_POINT('Ctrl Pts',(0.,0.740192378864664,-4.15));
#3812=CARTESIAN_POINT('Ctrl Pts',(-0.427350269189628,0.740192378864664,
-4.11666666666667));
#3813=CARTESIAN_POINT('Ctrl Pts',(-0.641025403784443,0.370096189432327,
-4.08333333333334));
#3814=CARTESIAN_POINT('Ctrl Pts',(-0.854700538379257,-9.06056892262276E-15,
-4.05));
#3815=CARTESIAN_POINT('Ctrl Pts',(-0.641025403784443,-0.370096189432345,
-4.01666666666667));
#3816=CARTESIAN_POINT('Ctrl Pts',(-0.427350269189629,-0.740192378864682,
-3.98333333333334));
#3817=CARTESIAN_POINT('Ctrl Pts',(-9.06474227529887E-17,-0.740192378864682,
-3.95));
#3818=CARTESIAN_POINT('Ctrl Pts',(0.427350269189628,-0.740192378864682,
-3.91666666666667));
#3819=CARTESIAN_POINT('Ctrl Pts',(0.641025403784443,-0.370096189432346,
-3.88333333333334));
#3820=CARTESIAN_POINT('Ctrl Pts',(0.854700538379257,-9.2699101783339E-15,
-3.85));
#3821=CARTESIAN_POINT('Ctrl Pts',(0.641025403784443,0.370096189432327,-3.81666666666667));
#3822=CARTESIAN_POINT('Ctrl Pts',(0.427350269189629,0.740192378864664,-3.78333333333334));
#3823=CARTESIAN_POINT('Ctrl Pts',(0.,0.740192378864664,-3.75));
#3824=CARTESIAN_POINT('Ctrl Pts',(-0.427350269189628,0.740192378864664,
-3.71666666666667));
#3825=CARTESIAN_POINT('Ctrl Pts',(-0.641025403784443,0.370096189432327,
-3.68333333333334));
#3826=CARTESIAN_POINT('Ctrl Pts',(-0.854700538379257,-9.06056892262276E-15,
-3.65));
#3827=CARTESIAN_POINT('Ctrl Pts',(-0.641025403784443,-0.370096189432345,
-3.61666666666667));
#3828=CARTESIAN_POINT('Ctrl Pts',(-0.427350269189629,-0.740192378864682,
-3.58333333333334));
#3829=CARTESIAN_POINT('Ctrl Pts',(-9.06474227529887E-17,-0.740192378864682,
-3.55));
#3830=CARTESIAN_POINT('Ctrl Pts',(0.427350269189628,-0.740192378864682,
-3.51666666666667));
#3831=CARTESIAN_POINT('Ctrl Pts',(0.641025403784443,-0.370096189432346,
-3.48333333333334));
#3832=CARTESIAN_POINT('Ctrl Pts',(0.854700538379257,-9.2699101783339E-15,
-3.45));
#3833=CARTESIAN_POINT('Ctrl Pts',(0.641025403784443,0.370096189432327,-3.41666666666667));
#3834=CARTESIAN_POINT('Ctrl Pts',(0.427350269189629,0.740192378864664,-3.38333333333334));
#3835=CARTESIAN_POINT('Ctrl Pts',(0.,0.740192378864664,-3.35));
#3836=CARTESIAN_POINT('Ctrl Pts',(-0.427350269189628,0.740192378864664,
-3.31666666666667));
#3837=CARTESIAN_POINT('Ctrl Pts',(-0.641025403784443,0.370096189432327,
-3.28333333333334));
#3838=CARTESIAN_POINT('Ctrl Pts',(-0.854700538379257,-9.06056892262276E-15,
-3.25));
#3839=CARTESIAN_POINT('Ctrl Pts',(-0.641025403784443,-0.370096189432345,
-3.21666666666667));
#3840=CARTESIAN_POINT('Ctrl Pts',(-0.427350269189629,-0.740192378864682,
-3.18333333333334));
#3841=CARTESIAN_POINT('Ctrl Pts',(-9.06474227529887E-17,-0.740192378864682,
-3.15));
#3842=CARTESIAN_POINT('Ctrl Pts',(0.427350269189628,-0.740192378864682,
-3.11666666666667));
#3843=CARTESIAN_POINT('Ctrl Pts',(0.641025403784443,-0.370096189432346,
-3.08333333333334));
#3844=CARTESIAN_POINT('Ctrl Pts',(0.854700538379257,-9.2699101783339E-15,
-3.05));
#3845=CARTESIAN_POINT('Ctrl Pts',(0.641025403784443,0.370096189432327,-3.01666666666667));
#3846=CARTESIAN_POINT('Ctrl Pts',(0.427350269189629,0.740192378864664,-2.98333333333334));
#3847=CARTESIAN_POINT('Ctrl Pts',(0.,0.740192378864664,-2.95));
#3848=CARTESIAN_POINT('Ctrl Pts',(-0.427350269189628,0.740192378864664,
-2.91666666666667));
#3849=CARTESIAN_POINT('Ctrl Pts',(-0.641025403784443,0.370096189432327,
-2.88333333333334));
#3850=CARTESIAN_POINT('Ctrl Pts',(-0.854700538379257,-9.06056892262276E-15,
-2.85));
#3851=CARTESIAN_POINT('Ctrl Pts',(-0.641025403784443,-0.370096189432345,
-2.81666666666667));
#3852=CARTESIAN_POINT('Ctrl Pts',(-0.427350269189629,-0.740192378864682,
-2.78333333333334));
#3853=CARTESIAN_POINT('Ctrl Pts',(-9.06474227529887E-17,-0.740192378864682,
-2.75));
#3854=CARTESIAN_POINT('Ctrl Pts',(0.427350269189628,-0.740192378864682,
-2.71666666666667));
#3855=CARTESIAN_POINT('Ctrl Pts',(0.641025403784443,-0.370096189432346,
-2.68333333333334));
#3856=CARTESIAN_POINT('Ctrl Pts',(0.854700538379257,-9.2699101783339E-15,
-2.65));
#3857=CARTESIAN_POINT('Ctrl Pts',(0.641025403784443,0.370096189432327,-2.61666666666667));
#3858=CARTESIAN_POINT('Ctrl Pts',(0.427350269189629,0.740192378864664,-2.58333333333334));
#3859=CARTESIAN_POINT('Ctrl Pts',(0.,0.740192378864664,-2.55));
#3860=CARTESIAN_POINT('Ctrl Pts',(-0.427350269189628,0.740192378864664,
-2.51666666666667));
#3861=CARTESIAN_POINT('Ctrl Pts',(-0.641025403784443,0.370096189432327,
-2.48333333333334));
#3862=CARTESIAN_POINT('Ctrl Pts',(-0.854700538379257,-9.06056892262276E-15,
-2.45));
#3863=CARTESIAN_POINT('Ctrl Pts',(-0.641025403784443,-0.370096189432345,
-2.41666666666667));
#3864=CARTESIAN_POINT('Ctrl Pts',(-0.427350269189629,-0.740192378864682,
-2.38333333333334));
#3865=CARTESIAN_POINT('Ctrl Pts',(-9.06474227529887E-17,-0.740192378864682,
-2.35));
#3866=CARTESIAN_POINT('Ctrl Pts',(0.427350269189628,-0.740192378864682,
-2.31666666666667));
#3867=CARTESIAN_POINT('Ctrl Pts',(0.641025403784443,-0.370096189432346,
-2.28333333333334));
#3868=CARTESIAN_POINT('Ctrl Pts',(0.854700538379257,-9.2699101783339E-15,
-2.25));
#3869=CARTESIAN_POINT('Ctrl Pts',(0.641025403784443,0.370096189432327,-2.21666666666667));
#3870=CARTESIAN_POINT('Ctrl Pts',(0.427350269189629,0.740192378864664,-2.18333333333334));
#3871=CARTESIAN_POINT('Ctrl Pts',(0.,0.740192378864664,-2.15));
#3872=CARTESIAN_POINT('Ctrl Pts',(-0.427350269189628,0.740192378864664,
-2.11666666666667));
#3873=CARTESIAN_POINT('Ctrl Pts',(-0.641025403784443,0.370096189432327,
-2.08333333333334));
#3874=CARTESIAN_POINT('Ctrl Pts',(-0.854700538379257,-9.06056892262276E-15,
-2.05));
#3875=CARTESIAN_POINT('Ctrl Pts',(-0.641025403784443,-0.370096189432345,
-2.01666666666667));
#3876=CARTESIAN_POINT('Ctrl Pts',(-0.427350269189629,-0.740192378864682,
-1.98333333333334));
#3877=CARTESIAN_POINT('Ctrl Pts',(-9.06474227529887E-17,-0.740192378864682,
-1.95));
#3878=CARTESIAN_POINT('Ctrl Pts',(0.427350269189628,-0.740192378864682,
-1.91666666666667));
#3879=CARTESIAN_POINT('Ctrl Pts',(0.641025403784443,-0.370096189432346,
-1.88333333333334));
#3880=CARTESIAN_POINT('Ctrl Pts',(0.854700538379257,-9.2699101783339E-15,
-1.85));
#3881=CARTESIAN_POINT('Ctrl Pts',(0.641025403784443,0.370096189432327,-1.81666666666667));
#3882=CARTESIAN_POINT('Ctrl Pts',(0.427350269189629,0.740192378864664,-1.78333333333334));
#3883=CARTESIAN_POINT('Ctrl Pts',(0.,0.740192378864664,-1.75));
#3884=CARTESIAN_POINT('Ctrl Pts',(-0.427350269189628,0.740192378864664,
-1.71666666666667));
#3885=CARTESIAN_POINT('Ctrl Pts',(-0.641025403784443,0.370096189432327,
-1.68333333333334));
#3886=CARTESIAN_POINT('Ctrl Pts',(-0.854700538379257,-9.06056892262276E-15,
-1.65));
#3887=CARTESIAN_POINT('Ctrl Pts',(-0.641025403784443,-0.370096189432345,
-1.61666666666667));
#3888=CARTESIAN_POINT('Ctrl Pts',(-0.427350269189629,-0.740192378864682,
-1.58333333333334));
#3889=CARTESIAN_POINT('Ctrl Pts',(-9.06474227529887E-17,-0.740192378864682,
-1.55));
#3890=CARTESIAN_POINT('Ctrl Pts',(0.427350269189628,-0.740192378864682,
-1.51666666666667));
#3891=CARTESIAN_POINT('Ctrl Pts',(0.641025403784443,-0.370096189432346,
-1.48333333333334));
#3892=CARTESIAN_POINT('Ctrl Pts',(0.854700538379257,-9.2699101783339E-15,
-1.45));
#3893=CARTESIAN_POINT('Ctrl Pts',(0.641025403784443,0.370096189432327,-1.41666666666667));
#3894=CARTESIAN_POINT('Ctrl Pts',(0.427350269189629,0.740192378864664,-1.38333333333334));
#3895=CARTESIAN_POINT('Ctrl Pts',(0.,0.740192378864664,-1.35));
#3896=CARTESIAN_POINT('Ctrl Pts',(-0.427350269189628,0.740192378864664,
-1.31666666666667));
#3897=CARTESIAN_POINT('Ctrl Pts',(-0.641025403784443,0.370096189432327,
-1.28333333333334));
#3898=CARTESIAN_POINT('Ctrl Pts',(-0.854700538379257,-9.06056892262276E-15,
-1.25));
#3899=CARTESIAN_POINT('Ctrl Pts',(-0.641025403784443,-0.370096189432345,
-1.21666666666667));
#3900=CARTESIAN_POINT('Ctrl Pts',(-0.427350269189629,-0.740192378864682,
-1.18333333333334));
#3901=CARTESIAN_POINT('Ctrl Pts',(-9.06474227529887E-17,-0.740192378864682,
-1.15));
#3902=CARTESIAN_POINT('Ctrl Pts',(0.427350269189628,-0.740192378864682,
-1.11666666666667));
#3903=CARTESIAN_POINT('Ctrl Pts',(0.641025403784443,-0.370096189432346,
-1.08333333333334));
#3904=CARTESIAN_POINT('Ctrl Pts',(0.854700538379257,-9.2699101783339E-15,
-1.05));
#3905=CARTESIAN_POINT('Ctrl Pts',(0.641025403784443,0.370096189432327,-1.01666666666667));
#3906=CARTESIAN_POINT('Ctrl Pts',(0.427350269189629,0.740192378864664,-0.983333333333336));
#3907=CARTESIAN_POINT('Ctrl Pts',(0.,0.740192378864664,-0.950000000000002));
#3908=CARTESIAN_POINT('Ctrl Pts',(-0.427350269189628,0.740192378864664,
-0.916666666666669));
#3909=CARTESIAN_POINT('Ctrl Pts',(-0.641025403784443,0.370096189432327,
-0.883333333333336));
#3910=CARTESIAN_POINT('Ctrl Pts',(-0.854700538379257,-9.06056892262276E-15,
-0.850000000000003));
#3911=CARTESIAN_POINT('Ctrl Pts',(-0.641025403784443,-0.370096189432345,
-0.816666666666669));
#3912=CARTESIAN_POINT('Ctrl Pts',(-0.427350269189629,-0.740192378864682,
-0.783333333333336));
#3913=CARTESIAN_POINT('Ctrl Pts',(-9.06474227529887E-17,-0.740192378864682,
-0.750000000000002));
#3914=CARTESIAN_POINT('Ctrl Pts',(0.427350269189628,-0.740192378864682,
-0.716666666666669));
#3915=CARTESIAN_POINT('Ctrl Pts',(0.641025403784443,-0.370096189432346,
-0.683333333333336));
#3916=CARTESIAN_POINT('Ctrl Pts',(0.854700538379257,-9.2699101783339E-15,
-0.650000000000002));
#3917=CARTESIAN_POINT('Ctrl Pts',(0.641025403784443,0.370096189432327,-0.616666666666669));
#3918=CARTESIAN_POINT('Ctrl Pts',(0.427350269189629,0.740192378864664,-0.583333333333336));
#3919=CARTESIAN_POINT('Ctrl Pts',(0.,0.740192378864664,-0.550000000000003));
#3920=CARTESIAN_POINT('Ctrl Pts',(-0.427350269189628,0.740192378864664,
-0.516666666666669));
#3921=CARTESIAN_POINT('Ctrl Pts',(-0.641025403784443,0.370096189432327,
-0.483333333333336));
#3922=CARTESIAN_POINT('Ctrl Pts',(-0.854700538379257,-9.06056892262276E-15,
-0.450000000000003));
#3923=CARTESIAN_POINT('Ctrl Pts',(-0.641025403784443,-0.370096189432345,
-0.416666666666669));
#3924=CARTESIAN_POINT('Ctrl Pts',(-0.427350269189629,-0.740192378864682,
-0.383333333333335));
#3925=CARTESIAN_POINT('Ctrl Pts',(-9.06474227529887E-17,-0.740192378864682,
-0.350000000000002));
#3926=CARTESIAN_POINT('Ctrl Pts',(0.427350269189628,-0.740192378864682,
-0.316666666666669));
#3927=CARTESIAN_POINT('Ctrl Pts',(0.641025403784443,-0.370096189432346,
-0.283333333333336));
#3928=CARTESIAN_POINT('Ctrl Pts',(0.854700538379257,-9.2699101783339E-15,
-0.250000000000003));
#3929=CARTESIAN_POINT('Ctrl Pts',(0.641025403784443,0.370096189432327,-0.216666666666669));
#3930=CARTESIAN_POINT('Ctrl Pts',(0.427350269189629,0.740192378864664,-0.183333333333336));
#3931=CARTESIAN_POINT('Ctrl Pts',(0.,0.740192378864664,-0.150000000000003));
#3932=CARTESIAN_POINT('Ctrl Pts',(-0.427350269189628,0.740192378864664,
-0.116666666666669));
#3933=CARTESIAN_POINT('Ctrl Pts',(-0.641025403784443,0.370096189432327,
-0.0833333333333354));
#3934=CARTESIAN_POINT('Ctrl Pts',(-0.854700538379257,-9.06056892262276E-15,
-0.0500000000000023));
#3935=CARTESIAN_POINT('Ctrl Pts',(-0.641025403784443,-0.370096189432345,
-0.0166666666666692));
#3936=CARTESIAN_POINT('Ctrl Pts',(-0.427350269189629,-0.740192378864682,
0.016666666666664));
#3937=CARTESIAN_POINT('Ctrl Pts',(-9.06474227529887E-17,-0.740192378864682,
0.049999999999998));
#3938=CARTESIAN_POINT('Ctrl Pts',(0.427350269189628,-0.740192378864682,
0.0833333333333311));
#3939=CARTESIAN_POINT('Ctrl Pts',(0.641025403784443,-0.370096189432346,
0.116666666666664));
#3940=CARTESIAN_POINT('Ctrl Pts',(0.854700538379257,-9.2699101783339E-15,
0.149999999999997));
#3941=CARTESIAN_POINT('Ctrl Pts',(0.641025403784443,0.370096189432327,0.183333333333331));
#3942=CARTESIAN_POINT('Ctrl Pts',(0.427350269189629,0.740192378864664,0.216666666666665));
#3943=CARTESIAN_POINT('Ctrl Pts',(0.,0.740192378864664,0.249999999999998));
#3944=CARTESIAN_POINT('Ctrl Pts',(-0.427350269189628,0.740192378864664,
0.283333333333331));
#3945=CARTESIAN_POINT('Ctrl Pts',(-0.641025403784443,0.370096189432327,
0.316666666666664));
#3946=CARTESIAN_POINT('Ctrl Pts',(-0.854700538379257,-9.06056892262276E-15,
0.349999999999998));
#3947=CARTESIAN_POINT('Ctrl Pts',(-0.641025403784443,-0.370096189432345,
0.383333333333331));
#3948=CARTESIAN_POINT('Ctrl Pts',(-0.427350269189629,-0.740192378864682,
0.416666666666664));
#3949=CARTESIAN_POINT('Ctrl Pts',(-9.06474227529887E-17,-0.740192378864682,
0.449999999999997));
#3950=CARTESIAN_POINT('Ctrl Pts',(0.427350269189628,-0.740192378864682,
0.483333333333331));
#3951=CARTESIAN_POINT('Ctrl Pts',(0.641025403784443,-0.370096189432346,
0.516666666666664));
#3952=CARTESIAN_POINT('Ctrl Pts',(0.854700538379257,-9.2699101783339E-15,
0.549999999999997));
#3953=CARTESIAN_POINT('Ctrl Pts',(0.641025403784443,0.370096189432327,0.583333333333331));
#3954=CARTESIAN_POINT('Ctrl Pts',(0.427350269189629,0.740192378864664,0.616666666666665));
#3955=CARTESIAN_POINT('Ctrl Pts',(0.,0.740192378864664,0.649999999999998));
#3956=CARTESIAN_POINT('Ctrl Pts',(-0.427350269189628,0.740192378864664,
0.683333333333331));
#3957=CARTESIAN_POINT('Ctrl Pts',(-0.641025403784443,0.370096189432327,
0.716666666666664));
#3958=CARTESIAN_POINT('Ctrl Pts',(-0.854700538379257,-9.06056892262276E-15,
0.749999999999998));
#3959=CARTESIAN_POINT('Ctrl Pts',(-0.641025403784443,-0.370096189432345,
0.783333333333331));
#3960=CARTESIAN_POINT('Ctrl Pts',(-0.427350269189629,-0.740192378864682,
0.816666666666664));
#3961=CARTESIAN_POINT('Ctrl Pts',(-9.06474227529887E-17,-0.740192378864682,
0.849999999999997));
#3962=CARTESIAN_POINT('Ctrl Pts',(0.427350269189628,-0.740192378864682,
0.883333333333331));
#3963=CARTESIAN_POINT('Ctrl Pts',(0.641025403784443,-0.370096189432346,
0.916666666666665));
#3964=CARTESIAN_POINT('Ctrl Pts',(0.854700538379257,-9.2699101783339E-15,
0.949999999999998));
#3965=CARTESIAN_POINT('Ctrl Pts',(0.641025403784443,0.370096189432327,0.983333333333331));
#3966=CARTESIAN_POINT('Ctrl Pts',(0.427350269189629,0.740192378864664,1.01666666666666));
#3967=CARTESIAN_POINT('Ctrl Pts',(0.,0.740192378864664,1.05));
#3968=CARTESIAN_POINT('Ctrl Pts',(-0.427350269189628,0.740192378864664,
1.08333333333333));
#3969=CARTESIAN_POINT('Ctrl Pts',(-0.641025403784443,0.370096189432327,
1.11666666666666));
#3970=CARTESIAN_POINT('Ctrl Pts',(-0.854700538379257,-9.06056892262276E-15,
1.15));
#3971=CARTESIAN_POINT('Ctrl Pts',(-0.641025403784443,-0.370096189432345,
1.18333333333333));
#3972=CARTESIAN_POINT('Ctrl Pts',(-0.427350269189629,-0.740192378864682,
1.21666666666666));
#3973=CARTESIAN_POINT('Ctrl Pts',(-9.06474227529887E-17,-0.740192378864682,
1.25));
#3974=CARTESIAN_POINT('Ctrl Pts',(0.427350269189628,-0.740192378864682,
1.28333333333333));
#3975=CARTESIAN_POINT('Ctrl Pts',(0.641025403784443,-0.370096189432346,
1.31666666666666));
#3976=CARTESIAN_POINT('Ctrl Pts',(0.854700538379257,-9.2699101783339E-15,
1.35));
#3977=CARTESIAN_POINT('Ctrl Pts',(0.641025403784443,0.370096189432327,1.38333333333333));
#3978=CARTESIAN_POINT('Ctrl Pts',(0.427350269189629,0.740192378864664,1.41666666666666));
#3979=CARTESIAN_POINT('Ctrl Pts',(0.,0.740192378864664,1.45));
#3980=CARTESIAN_POINT('Ctrl Pts',(-0.427350269189628,0.740192378864664,
1.48333333333333));
#3981=CARTESIAN_POINT('Ctrl Pts',(-0.641025403784443,0.370096189432327,
1.51666666666666));
#3982=CARTESIAN_POINT('Ctrl Pts',(-0.854700538379257,-9.06056892262276E-15,
1.55));
#3983=CARTESIAN_POINT('Ctrl Pts',(-0.641025403784443,-0.370096189432345,
1.58333333333333));
#3984=CARTESIAN_POINT('Ctrl Pts',(-0.427350269189629,-0.740192378864682,
1.61666666666666));
#3985=CARTESIAN_POINT('Ctrl Pts',(-9.06474227529887E-17,-0.740192378864682,
1.65));
#3986=CARTESIAN_POINT('Ctrl Pts',(0.427350269189628,-0.740192378864682,
1.68333333333333));
#3987=CARTESIAN_POINT('Ctrl Pts',(0.641025403784443,-0.370096189432346,
1.71666666666667));
#3988=CARTESIAN_POINT('Ctrl Pts',(0.854700538379257,-9.2699101783339E-15,
1.75));
#3989=CARTESIAN_POINT('Ctrl Pts',(0.641025403784443,0.370096189432327,1.78333333333333));
#3990=CARTESIAN_POINT('Ctrl Pts',(0.427350269189629,0.740192378864664,1.81666666666666));
#3991=CARTESIAN_POINT('Ctrl Pts',(0.,0.740192378864664,1.85));
#3992=CARTESIAN_POINT('Ctrl Pts',(-0.427350269189628,0.740192378864664,
1.88333333333333));
#3993=CARTESIAN_POINT('Ctrl Pts',(-0.641025403784443,0.370096189432327,
1.91666666666666));
#3994=CARTESIAN_POINT('Ctrl Pts',(-0.854700538379257,-9.06056892262276E-15,
1.95));
#3995=CARTESIAN_POINT('Ctrl Pts',(-0.641025403784443,-0.370096189432345,
1.98333333333333));
#3996=CARTESIAN_POINT('Ctrl Pts',(-0.427350269189629,-0.740192378864682,
2.01666666666666));
#3997=CARTESIAN_POINT('Ctrl Pts',(-9.06474227529887E-17,-0.740192378864682,
2.05));
#3998=CARTESIAN_POINT('Ctrl Pts',(0.427350269189628,-0.740192378864682,
2.08333333333333));
#3999=CARTESIAN_POINT('Ctrl Pts',(0.641025403784443,-0.370096189432346,
2.11666666666666));
#4000=CARTESIAN_POINT('Ctrl Pts',(0.854700538379257,-9.2699101783339E-15,
2.15));
#4001=CARTESIAN_POINT('Ctrl Pts',(0.641025403784443,0.370096189432327,2.18333333333333));
#4002=CARTESIAN_POINT('Ctrl Pts',(0.427350269189629,0.740192378864664,2.21666666666666));
#4003=CARTESIAN_POINT('Ctrl Pts',(0.,0.740192378864664,2.25));
#4004=CARTESIAN_POINT('Ctrl Pts',(-0.427350269189628,0.740192378864664,
2.28333333333333));
#4005=CARTESIAN_POINT('Ctrl Pts',(-0.641025403784443,0.370096189432327,
2.31666666666667));
#4006=CARTESIAN_POINT('Ctrl Pts',(-0.854700538379257,-9.06056892262276E-15,
2.35));
#4007=CARTESIAN_POINT('Ctrl Pts',(-0.641025403784443,-0.370096189432345,
2.38333333333333));
#4008=CARTESIAN_POINT('Ctrl Pts',(-0.427350269189629,-0.740192378864682,
2.41666666666666));
#4009=CARTESIAN_POINT('Ctrl Pts',(-9.06474227529887E-17,-0.740192378864682,
2.45));
#4010=CARTESIAN_POINT('Ctrl Pts',(0.427350269189628,-0.740192378864682,
2.48333333333333));
#4011=CARTESIAN_POINT('Ctrl Pts',(0.641025403784443,-0.370096189432346,
2.51666666666666));
#4012=CARTESIAN_POINT('Ctrl Pts',(0.854700538379257,-9.2699101783339E-15,
2.55));
#4013=CARTESIAN_POINT('Ctrl Pts',(0.641025403784443,0.370096189432327,2.58333333333333));
#4014=CARTESIAN_POINT('Ctrl Pts',(0.427350269189629,0.740192378864664,2.61666666666666));
#4015=CARTESIAN_POINT('Ctrl Pts',(0.,0.740192378864664,2.65));
#4016=CARTESIAN_POINT('Ctrl Pts',(-0.427350269189628,0.740192378864664,
2.68333333333333));
#4017=CARTESIAN_POINT('Ctrl Pts',(-0.641025403784443,0.370096189432327,
2.71666666666666));
#4018=CARTESIAN_POINT('Ctrl Pts',(-0.854700538379257,-9.06056892262276E-15,
2.75));
#4019=CARTESIAN_POINT('Ctrl Pts',(-0.641025403784443,-0.370096189432345,
2.78333333333333));
#4020=CARTESIAN_POINT('Ctrl Pts',(-0.427350269189629,-0.740192378864682,
2.81666666666667));
#4021=CARTESIAN_POINT('Ctrl Pts',(-9.06474227529887E-17,-0.740192378864682,
2.85));
#4022=CARTESIAN_POINT('Ctrl Pts',(0.427350269189628,-0.740192378864682,
2.88333333333333));
#4023=CARTESIAN_POINT('Ctrl Pts',(0.641025403784443,-0.370096189432346,
2.91666666666666));
#4024=CARTESIAN_POINT('Ctrl Pts',(0.854700538379257,-9.2699101783339E-15,
2.95));
#4025=CARTESIAN_POINT('Ctrl Pts',(0.641025403784443,0.370096189432327,2.98333333333333));
#4026=CARTESIAN_POINT('Ctrl Pts',(0.427350269189629,0.740192378864664,3.01666666666666));
#4027=CARTESIAN_POINT('Ctrl Pts',(0.,0.740192378864664,3.05));
#4028=CARTESIAN_POINT('Ctrl Pts',(-0.427350269189628,0.740192378864664,
3.08333333333333));
#4029=CARTESIAN_POINT('Ctrl Pts',(-0.641025403784443,0.370096189432327,
3.11666666666667));
#4030=CARTESIAN_POINT('Ctrl Pts',(-0.730176470716715,0.215682011956658,
3.13057423825524));
#4031=CARTESIAN_POINT('Ctrl Pts',(-0.739236248319609,0.0376101967515795,
3.14661257462019));
#4032=CARTESIAN_POINT('Ctrl Pts',(0.594223231930513,0.441342846734136,-5.85980762113534));
#4033=CARTESIAN_POINT('Ctrl Pts',(0.372261019468449,0.740192378864664,-5.82903637026479));
#4034=CARTESIAN_POINT('Ctrl Pts',(0.,0.740192378864664,-5.8));
#4035=CARTESIAN_POINT('Ctrl Pts',(-0.427350269189628,0.740192378864664,
-5.76666666666667));
#4036=CARTESIAN_POINT('Ctrl Pts',(-0.641025403784443,0.370096189432327,
-5.73333333333334));
#4037=CARTESIAN_POINT('Ctrl Pts',(-0.854700538379257,-9.06056892262276E-15,
-5.7));
#4038=CARTESIAN_POINT('Ctrl Pts',(-0.641025403784443,-0.370096189432345,
-5.66666666666667));
#4039=CARTESIAN_POINT('Ctrl Pts',(-0.427350269189629,-0.740192378864682,
-5.63333333333334));
#4040=CARTESIAN_POINT('Ctrl Pts',(-9.06474227529887E-17,-0.740192378864682,
-5.6));
#4041=CARTESIAN_POINT('Ctrl Pts',(0.427350269189628,-0.740192378864682,
-5.56666666666667));
#4042=CARTESIAN_POINT('Ctrl Pts',(0.641025403784443,-0.370096189432346,
-5.53333333333334));
#4043=CARTESIAN_POINT('Ctrl Pts',(0.854700538379257,-9.2699101783339E-15,
-5.50000000000001));
#4044=CARTESIAN_POINT('Ctrl Pts',(0.641025403784443,0.370096189432327,-5.46666666666667));
#4045=CARTESIAN_POINT('Ctrl Pts',(0.427350269189629,0.740192378864664,-5.43333333333334));
#4046=CARTESIAN_POINT('Ctrl Pts',(0.,0.740192378864664,-5.4));
#4047=CARTESIAN_POINT('Ctrl Pts',(-0.427350269189628,0.740192378864664,
-5.36666666666667));
#4048=CARTESIAN_POINT('Ctrl Pts',(-0.641025403784443,0.370096189432327,
-5.33333333333334));
#4049=CARTESIAN_POINT('Ctrl Pts',(-0.854700538379257,-9.06056892262276E-15,
-5.3));
#4050=CARTESIAN_POINT('Ctrl Pts',(-0.641025403784443,-0.370096189432345,
-5.26666666666667));
#4051=CARTESIAN_POINT('Ctrl Pts',(-0.427350269189629,-0.740192378864682,
-5.23333333333334));
#4052=CARTESIAN_POINT('Ctrl Pts',(-9.06474227529887E-17,-0.740192378864682,
-5.2));
#4053=CARTESIAN_POINT('Ctrl Pts',(0.427350269189628,-0.740192378864682,
-5.16666666666667));
#4054=CARTESIAN_POINT('Ctrl Pts',(0.641025403784443,-0.370096189432346,
-5.13333333333334));
#4055=CARTESIAN_POINT('Ctrl Pts',(0.854700538379257,-9.2699101783339E-15,
-5.1));
#4056=CARTESIAN_POINT('Ctrl Pts',(0.641025403784443,0.370096189432327,-5.06666666666667));
#4057=CARTESIAN_POINT('Ctrl Pts',(0.427350269189629,0.740192378864664,-5.03333333333334));
#4058=CARTESIAN_POINT('Ctrl Pts',(0.,0.740192378864664,-5.));
#4059=CARTESIAN_POINT('Ctrl Pts',(-0.427350269189628,0.740192378864664,
-4.96666666666667));
#4060=CARTESIAN_POINT('Ctrl Pts',(-0.641025403784443,0.370096189432327,
-4.93333333333334));
#4061=CARTESIAN_POINT('Ctrl Pts',(-0.854700538379257,-9.06056892262276E-15,
-4.9));
#4062=CARTESIAN_POINT('Ctrl Pts',(-0.641025403784443,-0.370096189432345,
-4.86666666666667));
#4063=CARTESIAN_POINT('Ctrl Pts',(-0.427350269189629,-0.740192378864682,
-4.83333333333334));
#4064=CARTESIAN_POINT('Ctrl Pts',(-9.06474227529887E-17,-0.740192378864682,
-4.8));
#4065=CARTESIAN_POINT('Ctrl Pts',(0.427350269189628,-0.740192378864682,
-4.76666666666667));
#4066=CARTESIAN_POINT('Ctrl Pts',(0.641025403784443,-0.370096189432346,
-4.73333333333334));
#4067=CARTESIAN_POINT('Ctrl Pts',(0.854700538379257,-9.2699101783339E-15,
-4.7));
#4068=CARTESIAN_POINT('Ctrl Pts',(0.641025403784443,0.370096189432327,-4.66666666666667));
#4069=CARTESIAN_POINT('Ctrl Pts',(0.427350269189629,0.740192378864664,-4.63333333333334));
#4070=CARTESIAN_POINT('Ctrl Pts',(0.,0.740192378864664,-4.6));
#4071=CARTESIAN_POINT('Ctrl Pts',(-0.427350269189628,0.740192378864664,
-4.56666666666667));
#4072=CARTESIAN_POINT('Ctrl Pts',(-0.641025403784443,0.370096189432327,
-4.53333333333334));
#4073=CARTESIAN_POINT('Ctrl Pts',(-0.854700538379257,-9.06056892262276E-15,
-4.5));
#4074=CARTESIAN_POINT('Ctrl Pts',(-0.641025403784443,-0.370096189432345,
-4.46666666666667));
#4075=CARTESIAN_POINT('Ctrl Pts',(-0.427350269189629,-0.740192378864682,
-4.43333333333334));
#4076=CARTESIAN_POINT('Ctrl Pts',(-9.06474227529887E-17,-0.740192378864682,
-4.4));
#4077=CARTESIAN_POINT('Ctrl Pts',(0.427350269189628,-0.740192378864682,
-4.36666666666667));
#4078=CARTESIAN_POINT('Ctrl Pts',(0.641025403784443,-0.370096189432346,
-4.33333333333334));
#4079=CARTESIAN_POINT('Ctrl Pts',(0.854700538379257,-9.2699101783339E-15,
-4.3));
#4080=CARTESIAN_POINT('Ctrl Pts',(0.641025403784443,0.370096189432327,-4.26666666666667));
#4081=CARTESIAN_POINT('Ctrl Pts',(0.427350269189629,0.740192378864664,-4.23333333333334));
#4082=CARTESIAN_POINT('Ctrl Pts',(0.,0.740192378864664,-4.2));
#4083=CARTESIAN_POINT('Ctrl Pts',(-0.427350269189628,0.740192378864664,
-4.16666666666667));
#4084=CARTESIAN_POINT('Ctrl Pts',(-0.641025403784443,0.370096189432327,
-4.13333333333334));
#4085=CARTESIAN_POINT('Ctrl Pts',(-0.854700538379257,-9.06056892262276E-15,
-4.1));
#4086=CARTESIAN_POINT('Ctrl Pts',(-0.641025403784443,-0.370096189432345,
-4.06666666666667));
#4087=CARTESIAN_POINT('Ctrl Pts',(-0.427350269189629,-0.740192378864682,
-4.03333333333334));
#4088=CARTESIAN_POINT('Ctrl Pts',(-9.06474227529887E-17,-0.740192378864682,
-4.));
#4089=CARTESIAN_POINT('Ctrl Pts',(0.427350269189628,-0.740192378864682,
-3.96666666666667));
#4090=CARTESIAN_POINT('Ctrl Pts',(0.641025403784443,-0.370096189432346,
-3.93333333333334));
#4091=CARTESIAN_POINT('Ctrl Pts',(0.854700538379257,-9.2699101783339E-15,
-3.9));
#4092=CARTESIAN_POINT('Ctrl Pts',(0.641025403784443,0.370096189432327,-3.86666666666667));
#4093=CARTESIAN_POINT('Ctrl Pts',(0.427350269189629,0.740192378864664,-3.83333333333334));
#4094=CARTESIAN_POINT('Ctrl Pts',(0.,0.740192378864664,-3.8));
#4095=CARTESIAN_POINT('Ctrl Pts',(-0.427350269189628,0.740192378864664,
-3.76666666666667));
#4096=CARTESIAN_POINT('Ctrl Pts',(-0.641025403784443,0.370096189432327,
-3.73333333333334));
#4097=CARTESIAN_POINT('Ctrl Pts',(-0.854700538379257,-9.06056892262276E-15,
-3.7));
#4098=CARTESIAN_POINT('Ctrl Pts',(-0.641025403784443,-0.370096189432345,
-3.66666666666667));
#4099=CARTESIAN_POINT('Ctrl Pts',(-0.427350269189629,-0.740192378864682,
-3.63333333333334));
#4100=CARTESIAN_POINT('Ctrl Pts',(-9.06474227529887E-17,-0.740192378864682,
-3.6));
#4101=CARTESIAN_POINT('Ctrl Pts',(0.427350269189628,-0.740192378864682,
-3.56666666666667));
#4102=CARTESIAN_POINT('Ctrl Pts',(0.641025403784443,-0.370096189432346,
-3.53333333333334));
#4103=CARTESIAN_POINT('Ctrl Pts',(0.854700538379257,-9.2699101783339E-15,
-3.5));
#4104=CARTESIAN_POINT('Ctrl Pts',(0.641025403784443,0.370096189432327,-3.46666666666667));
#4105=CARTESIAN_POINT('Ctrl Pts',(0.427350269189629,0.740192378864664,-3.43333333333334));
#4106=CARTESIAN_POINT('Ctrl Pts',(0.,0.740192378864664,-3.4));
#4107=CARTESIAN_POINT('Ctrl Pts',(-0.427350269189628,0.740192378864664,
-3.36666666666667));
#4108=CARTESIAN_POINT('Ctrl Pts',(-0.641025403784443,0.370096189432327,
-3.33333333333334));
#4109=CARTESIAN_POINT('Ctrl Pts',(-0.854700538379257,-9.06056892262276E-15,
-3.3));
#4110=CARTESIAN_POINT('Ctrl Pts',(-0.641025403784443,-0.370096189432345,
-3.26666666666667));
#4111=CARTESIAN_POINT('Ctrl Pts',(-0.427350269189629,-0.740192378864682,
-3.23333333333334));
#4112=CARTESIAN_POINT('Ctrl Pts',(-9.06474227529887E-17,-0.740192378864682,
-3.2));
#4113=CARTESIAN_POINT('Ctrl Pts',(0.427350269189628,-0.740192378864682,
-3.16666666666667));
#4114=CARTESIAN_POINT('Ctrl Pts',(0.641025403784443,-0.370096189432346,
-3.13333333333334));
#4115=CARTESIAN_POINT('Ctrl Pts',(0.854700538379257,-9.2699101783339E-15,
-3.1));
#4116=CARTESIAN_POINT('Ctrl Pts',(0.641025403784443,0.370096189432327,-3.06666666666667));
#4117=CARTESIAN_POINT('Ctrl Pts',(0.427350269189629,0.740192378864664,-3.03333333333334));
#4118=CARTESIAN_POINT('Ctrl Pts',(0.,0.740192378864664,-3.));
#4119=CARTESIAN_POINT('Ctrl Pts',(-0.427350269189628,0.740192378864664,
-2.96666666666667));
#4120=CARTESIAN_POINT('Ctrl Pts',(-0.641025403784443,0.370096189432327,
-2.93333333333334));
#4121=CARTESIAN_POINT('Ctrl Pts',(-0.854700538379257,-9.06056892262276E-15,
-2.9));
#4122=CARTESIAN_POINT('Ctrl Pts',(-0.641025403784443,-0.370096189432345,
-2.86666666666667));
#4123=CARTESIAN_POINT('Ctrl Pts',(-0.427350269189629,-0.740192378864682,
-2.83333333333334));
#4124=CARTESIAN_POINT('Ctrl Pts',(-9.06474227529887E-17,-0.740192378864682,
-2.8));
#4125=CARTESIAN_POINT('Ctrl Pts',(0.427350269189628,-0.740192378864682,
-2.76666666666667));
#4126=CARTESIAN_POINT('Ctrl Pts',(0.641025403784443,-0.370096189432346,
-2.73333333333334));
#4127=CARTESIAN_POINT('Ctrl Pts',(0.854700538379257,-9.2699101783339E-15,
-2.7));
#4128=CARTESIAN_POINT('Ctrl Pts',(0.641025403784443,0.370096189432327,-2.66666666666667));
#4129=CARTESIAN_POINT('Ctrl Pts',(0.427350269189629,0.740192378864664,-2.63333333333334));
#4130=CARTESIAN_POINT('Ctrl Pts',(0.,0.740192378864664,-2.6));
#4131=CARTESIAN_POINT('Ctrl Pts',(-0.427350269189628,0.740192378864664,
-2.56666666666667));
#4132=CARTESIAN_POINT('Ctrl Pts',(-0.641025403784443,0.370096189432327,
-2.53333333333334));
#4133=CARTESIAN_POINT('Ctrl Pts',(-0.854700538379257,-9.06056892262276E-15,
-2.5));
#4134=CARTESIAN_POINT('Ctrl Pts',(-0.641025403784443,-0.370096189432345,
-2.46666666666667));
#4135=CARTESIAN_POINT('Ctrl Pts',(-0.427350269189629,-0.740192378864682,
-2.43333333333334));
#4136=CARTESIAN_POINT('Ctrl Pts',(-9.06474227529887E-17,-0.740192378864682,
-2.4));
#4137=CARTESIAN_POINT('Ctrl Pts',(0.427350269189628,-0.740192378864682,
-2.36666666666667));
#4138=CARTESIAN_POINT('Ctrl Pts',(0.641025403784443,-0.370096189432346,
-2.33333333333334));
#4139=CARTESIAN_POINT('Ctrl Pts',(0.854700538379257,-9.2699101783339E-15,
-2.3));
#4140=CARTESIAN_POINT('Ctrl Pts',(0.641025403784443,0.370096189432327,-2.26666666666667));
#4141=CARTESIAN_POINT('Ctrl Pts',(0.427350269189629,0.740192378864664,-2.23333333333334));
#4142=CARTESIAN_POINT('Ctrl Pts',(0.,0.740192378864664,-2.2));
#4143=CARTESIAN_POINT('Ctrl Pts',(-0.427350269189628,0.740192378864664,
-2.16666666666667));
#4144=CARTESIAN_POINT('Ctrl Pts',(-0.641025403784443,0.370096189432327,
-2.13333333333334));
#4145=CARTESIAN_POINT('Ctrl Pts',(-0.854700538379257,-9.06056892262276E-15,
-2.1));
#4146=CARTESIAN_POINT('Ctrl Pts',(-0.641025403784443,-0.370096189432345,
-2.06666666666667));
#4147=CARTESIAN_POINT('Ctrl Pts',(-0.427350269189629,-0.740192378864682,
-2.03333333333334));
#4148=CARTESIAN_POINT('Ctrl Pts',(-9.06474227529887E-17,-0.740192378864682,
-2.));
#4149=CARTESIAN_POINT('Ctrl Pts',(0.427350269189628,-0.740192378864682,
-1.96666666666667));
#4150=CARTESIAN_POINT('Ctrl Pts',(0.641025403784443,-0.370096189432346,
-1.93333333333334));
#4151=CARTESIAN_POINT('Ctrl Pts',(0.854700538379257,-9.2699101783339E-15,
-1.9));
#4152=CARTESIAN_POINT('Ctrl Pts',(0.641025403784443,0.370096189432327,-1.86666666666667));
#4153=CARTESIAN_POINT('Ctrl Pts',(0.427350269189629,0.740192378864664,-1.83333333333334));
#4154=CARTESIAN_POINT('Ctrl Pts',(0.,0.740192378864664,-1.8));
#4155=CARTESIAN_POINT('Ctrl Pts',(-0.427350269189628,0.740192378864664,
-1.76666666666667));
#4156=CARTESIAN_POINT('Ctrl Pts',(-0.641025403784443,0.370096189432327,
-1.73333333333334));
#4157=CARTESIAN_POINT('Ctrl Pts',(-0.854700538379257,-9.06056892262276E-15,
-1.7));
#4158=CARTESIAN_POINT('Ctrl Pts',(-0.641025403784443,-0.370096189432345,
-1.66666666666667));
#4159=CARTESIAN_POINT('Ctrl Pts',(-0.427350269189629,-0.740192378864682,
-1.63333333333334));
#4160=CARTESIAN_POINT('Ctrl Pts',(-9.06474227529887E-17,-0.740192378864682,
-1.6));
#4161=CARTESIAN_POINT('Ctrl Pts',(0.427350269189628,-0.740192378864682,
-1.56666666666667));
#4162=CARTESIAN_POINT('Ctrl Pts',(0.641025403784443,-0.370096189432346,
-1.53333333333334));
#4163=CARTESIAN_POINT('Ctrl Pts',(0.854700538379257,-9.2699101783339E-15,
-1.5));
#4164=CARTESIAN_POINT('Ctrl Pts',(0.641025403784443,0.370096189432327,-1.46666666666667));
#4165=CARTESIAN_POINT('Ctrl Pts',(0.427350269189629,0.740192378864664,-1.43333333333334));
#4166=CARTESIAN_POINT('Ctrl Pts',(0.,0.740192378864664,-1.4));
#4167=CARTESIAN_POINT('Ctrl Pts',(-0.427350269189628,0.740192378864664,
-1.36666666666667));
#4168=CARTESIAN_POINT('Ctrl Pts',(-0.641025403784443,0.370096189432327,
-1.33333333333334));
#4169=CARTESIAN_POINT('Ctrl Pts',(-0.854700538379257,-9.06056892262276E-15,
-1.3));
#4170=CARTESIAN_POINT('Ctrl Pts',(-0.641025403784443,-0.370096189432345,
-1.26666666666667));
#4171=CARTESIAN_POINT('Ctrl Pts',(-0.427350269189629,-0.740192378864682,
-1.23333333333334));
#4172=CARTESIAN_POINT('Ctrl Pts',(-9.06474227529887E-17,-0.740192378864682,
-1.2));
#4173=CARTESIAN_POINT('Ctrl Pts',(0.427350269189628,-0.740192378864682,
-1.16666666666667));
#4174=CARTESIAN_POINT('Ctrl Pts',(0.641025403784443,-0.370096189432346,
-1.13333333333334));
#4175=CARTESIAN_POINT('Ctrl Pts',(0.854700538379257,-9.2699101783339E-15,
-1.1));
#4176=CARTESIAN_POINT('Ctrl Pts',(0.641025403784443,0.370096189432327,-1.06666666666667));
#4177=CARTESIAN_POINT('Ctrl Pts',(0.427350269189629,0.740192378864664,-1.03333333333334));
#4178=CARTESIAN_POINT('Ctrl Pts',(0.,0.740192378864664,-1.));
#4179=CARTESIAN_POINT('Ctrl Pts',(-0.427350269189628,0.740192378864664,
-0.96666666666667));
#4180=CARTESIAN_POINT('Ctrl Pts',(-0.641025403784443,0.370096189432327,
-0.933333333333337));
#4181=CARTESIAN_POINT('Ctrl Pts',(-0.854700538379257,-9.06056892262276E-15,
-0.900000000000004));
#4182=CARTESIAN_POINT('Ctrl Pts',(-0.641025403784443,-0.370096189432345,
-0.86666666666667));
#4183=CARTESIAN_POINT('Ctrl Pts',(-0.427350269189629,-0.740192378864682,
-0.833333333333337));
#4184=CARTESIAN_POINT('Ctrl Pts',(-9.06474227529887E-17,-0.740192378864682,
-0.800000000000004));
#4185=CARTESIAN_POINT('Ctrl Pts',(0.427350269189628,-0.740192378864682,
-0.766666666666671));
#4186=CARTESIAN_POINT('Ctrl Pts',(0.641025403784443,-0.370096189432346,
-0.733333333333338));
#4187=CARTESIAN_POINT('Ctrl Pts',(0.854700538379257,-9.2699101783339E-15,
-0.700000000000004));
#4188=CARTESIAN_POINT('Ctrl Pts',(0.641025403784443,0.370096189432327,-0.66666666666667));
#4189=CARTESIAN_POINT('Ctrl Pts',(0.427350269189629,0.740192378864664,-0.633333333333337));
#4190=CARTESIAN_POINT('Ctrl Pts',(0.,0.740192378864664,-0.600000000000004));
#4191=CARTESIAN_POINT('Ctrl Pts',(-0.427350269189628,0.740192378864664,
-0.56666666666667));
#4192=CARTESIAN_POINT('Ctrl Pts',(-0.641025403784443,0.370096189432327,
-0.533333333333337));
#4193=CARTESIAN_POINT('Ctrl Pts',(-0.854700538379257,-9.06056892262276E-15,
-0.500000000000004));
#4194=CARTESIAN_POINT('Ctrl Pts',(-0.641025403784443,-0.370096189432345,
-0.466666666666671));
#4195=CARTESIAN_POINT('Ctrl Pts',(-0.427350269189629,-0.740192378864682,
-0.433333333333337));
#4196=CARTESIAN_POINT('Ctrl Pts',(-9.06474227529887E-17,-0.740192378864682,
-0.400000000000004));
#4197=CARTESIAN_POINT('Ctrl Pts',(0.427350269189628,-0.740192378864682,
-0.366666666666671));
#4198=CARTESIAN_POINT('Ctrl Pts',(0.641025403784443,-0.370096189432346,
-0.333333333333337));
#4199=CARTESIAN_POINT('Ctrl Pts',(0.854700538379257,-9.2699101783339E-15,
-0.300000000000004));
#4200=CARTESIAN_POINT('Ctrl Pts',(0.641025403784443,0.370096189432327,-0.26666666666667));
#4201=CARTESIAN_POINT('Ctrl Pts',(0.427350269189629,0.740192378864664,-0.233333333333337));
#4202=CARTESIAN_POINT('Ctrl Pts',(0.,0.740192378864664,-0.200000000000004));
#4203=CARTESIAN_POINT('Ctrl Pts',(-0.427350269189628,0.740192378864664,
-0.166666666666671));
#4204=CARTESIAN_POINT('Ctrl Pts',(-0.641025403784443,0.370096189432327,
-0.133333333333337));
#4205=CARTESIAN_POINT('Ctrl Pts',(-0.854700538379257,-9.06056892262276E-15,
-0.100000000000004));
#4206=CARTESIAN_POINT('Ctrl Pts',(-0.641025403784443,-0.370096189432345,
-0.0666666666666706));
#4207=CARTESIAN_POINT('Ctrl Pts',(-0.427350269189629,-0.740192378864682,
-0.0333333333333375));
#4208=CARTESIAN_POINT('Ctrl Pts',(-9.06474227529887E-17,-0.740192378864682,
-3.46944695195361E-15));
#4209=CARTESIAN_POINT('Ctrl Pts',(0.427350269189628,-0.740192378864682,
0.0333333333333297));
#4210=CARTESIAN_POINT('Ctrl Pts',(0.641025403784443,-0.370096189432346,
0.0666666666666628));
#4211=CARTESIAN_POINT('Ctrl Pts',(0.854700538379257,-9.2699101783339E-15,
0.0999999999999959));
#4212=CARTESIAN_POINT('Ctrl Pts',(0.641025403784443,0.370096189432327,0.13333333333333));
#4213=CARTESIAN_POINT('Ctrl Pts',(0.427350269189629,0.740192378864664,0.166666666666663));
#4214=CARTESIAN_POINT('Ctrl Pts',(0.,0.740192378864664,0.199999999999996));
#4215=CARTESIAN_POINT('Ctrl Pts',(-0.427350269189628,0.740192378864664,
0.233333333333329));
#4216=CARTESIAN_POINT('Ctrl Pts',(-0.641025403784443,0.370096189432327,
0.266666666666662));
#4217=CARTESIAN_POINT('Ctrl Pts',(-0.854700538379257,-9.06056892262276E-15,
0.299999999999996));
#4218=CARTESIAN_POINT('Ctrl Pts',(-0.641025403784443,-0.370096189432345,
0.33333333333333));
#4219=CARTESIAN_POINT('Ctrl Pts',(-0.427350269189629,-0.740192378864682,
0.366666666666663));
#4220=CARTESIAN_POINT('Ctrl Pts',(-9.06474227529887E-17,-0.740192378864682,
0.399999999999996));
#4221=CARTESIAN_POINT('Ctrl Pts',(0.427350269189628,-0.740192378864682,
0.43333333333333));
#4222=CARTESIAN_POINT('Ctrl Pts',(0.641025403784443,-0.370096189432346,
0.466666666666663));
#4223=CARTESIAN_POINT('Ctrl Pts',(0.854700538379257,-9.2699101783339E-15,
0.499999999999996));
#4224=CARTESIAN_POINT('Ctrl Pts',(0.641025403784443,0.370096189432327,0.533333333333329));
#4225=CARTESIAN_POINT('Ctrl Pts',(0.427350269189629,0.740192378864664,0.566666666666663));
#4226=CARTESIAN_POINT('Ctrl Pts',(0.,0.740192378864664,0.599999999999996));
#4227=CARTESIAN_POINT('Ctrl Pts',(-0.427350269189628,0.740192378864664,
0.63333333333333));
#4228=CARTESIAN_POINT('Ctrl Pts',(-0.641025403784443,0.370096189432327,
0.666666666666663));
#4229=CARTESIAN_POINT('Ctrl Pts',(-0.854700538379257,-9.06056892262276E-15,
0.699999999999997));
#4230=CARTESIAN_POINT('Ctrl Pts',(-0.641025403784443,-0.370096189432345,
0.73333333333333));
#4231=CARTESIAN_POINT('Ctrl Pts',(-0.427350269189629,-0.740192378864682,
0.766666666666663));
#4232=CARTESIAN_POINT('Ctrl Pts',(-9.06474227529887E-17,-0.740192378864682,
0.799999999999996));
#4233=CARTESIAN_POINT('Ctrl Pts',(0.427350269189628,-0.740192378864682,
0.833333333333329));
#4234=CARTESIAN_POINT('Ctrl Pts',(0.641025403784443,-0.370096189432346,
0.866666666666663));
#4235=CARTESIAN_POINT('Ctrl Pts',(0.854700538379257,-9.2699101783339E-15,
0.899999999999996));
#4236=CARTESIAN_POINT('Ctrl Pts',(0.641025403784443,0.370096189432327,0.933333333333329));
#4237=CARTESIAN_POINT('Ctrl Pts',(0.427350269189629,0.740192378864664,0.966666666666663));
#4238=CARTESIAN_POINT('Ctrl Pts',(0.,0.740192378864664,0.999999999999997));
#4239=CARTESIAN_POINT('Ctrl Pts',(-0.427350269189628,0.740192378864664,
1.03333333333333));
#4240=CARTESIAN_POINT('Ctrl Pts',(-0.641025403784443,0.370096189432327,
1.06666666666666));
#4241=CARTESIAN_POINT('Ctrl Pts',(-0.854700538379257,-9.06056892262276E-15,
1.1));
#4242=CARTESIAN_POINT('Ctrl Pts',(-0.641025403784443,-0.370096189432345,
1.13333333333333));
#4243=CARTESIAN_POINT('Ctrl Pts',(-0.427350269189629,-0.740192378864682,
1.16666666666666));
#4244=CARTESIAN_POINT('Ctrl Pts',(-9.06474227529887E-17,-0.740192378864682,
1.2));
#4245=CARTESIAN_POINT('Ctrl Pts',(0.427350269189628,-0.740192378864682,
1.23333333333333));
#4246=CARTESIAN_POINT('Ctrl Pts',(0.641025403784443,-0.370096189432346,
1.26666666666666));
#4247=CARTESIAN_POINT('Ctrl Pts',(0.854700538379257,-9.2699101783339E-15,
1.3));
#4248=CARTESIAN_POINT('Ctrl Pts',(0.641025403784443,0.370096189432327,1.33333333333333));
#4249=CARTESIAN_POINT('Ctrl Pts',(0.427350269189629,0.740192378864664,1.36666666666666));
#4250=CARTESIAN_POINT('Ctrl Pts',(0.,0.740192378864664,1.4));
#4251=CARTESIAN_POINT('Ctrl Pts',(-0.427350269189628,0.740192378864664,
1.43333333333333));
#4252=CARTESIAN_POINT('Ctrl Pts',(-0.641025403784443,0.370096189432327,
1.46666666666666));
#4253=CARTESIAN_POINT('Ctrl Pts',(-0.854700538379257,-9.06056892262276E-15,
1.5));
#4254=CARTESIAN_POINT('Ctrl Pts',(-0.641025403784443,-0.370096189432345,
1.53333333333333));
#4255=CARTESIAN_POINT('Ctrl Pts',(-0.427350269189629,-0.740192378864682,
1.56666666666666));
#4256=CARTESIAN_POINT('Ctrl Pts',(-9.06474227529887E-17,-0.740192378864682,
1.6));
#4257=CARTESIAN_POINT('Ctrl Pts',(0.427350269189628,-0.740192378864682,
1.63333333333333));
#4258=CARTESIAN_POINT('Ctrl Pts',(0.641025403784443,-0.370096189432346,
1.66666666666666));
#4259=CARTESIAN_POINT('Ctrl Pts',(0.854700538379257,-9.2699101783339E-15,
1.7));
#4260=CARTESIAN_POINT('Ctrl Pts',(0.641025403784443,0.370096189432327,1.73333333333333));
#4261=CARTESIAN_POINT('Ctrl Pts',(0.427350269189629,0.740192378864664,1.76666666666666));
#4262=CARTESIAN_POINT('Ctrl Pts',(0.,0.740192378864664,1.8));
#4263=CARTESIAN_POINT('Ctrl Pts',(-0.427350269189628,0.740192378864664,
1.83333333333333));
#4264=CARTESIAN_POINT('Ctrl Pts',(-0.641025403784443,0.370096189432327,
1.86666666666666));
#4265=CARTESIAN_POINT('Ctrl Pts',(-0.854700538379257,-9.06056892262276E-15,
1.9));
#4266=CARTESIAN_POINT('Ctrl Pts',(-0.641025403784443,-0.370096189432345,
1.93333333333333));
#4267=CARTESIAN_POINT('Ctrl Pts',(-0.427350269189629,-0.740192378864682,
1.96666666666666));
#4268=CARTESIAN_POINT('Ctrl Pts',(-9.06474227529887E-17,-0.740192378864682,
2.));
#4269=CARTESIAN_POINT('Ctrl Pts',(0.427350269189628,-0.740192378864682,
2.03333333333333));
#4270=CARTESIAN_POINT('Ctrl Pts',(0.641025403784443,-0.370096189432346,
2.06666666666666));
#4271=CARTESIAN_POINT('Ctrl Pts',(0.854700538379257,-9.2699101783339E-15,
2.1));
#4272=CARTESIAN_POINT('Ctrl Pts',(0.641025403784443,0.370096189432327,2.13333333333333));
#4273=CARTESIAN_POINT('Ctrl Pts',(0.427350269189629,0.740192378864664,2.16666666666666));
#4274=CARTESIAN_POINT('Ctrl Pts',(0.,0.740192378864664,2.2));
#4275=CARTESIAN_POINT('Ctrl Pts',(-0.427350269189628,0.740192378864664,
2.23333333333333));
#4276=CARTESIAN_POINT('Ctrl Pts',(-0.641025403784443,0.370096189432327,
2.26666666666666));
#4277=CARTESIAN_POINT('Ctrl Pts',(-0.854700538379257,-9.06056892262276E-15,
2.3));
#4278=CARTESIAN_POINT('Ctrl Pts',(-0.641025403784443,-0.370096189432345,
2.33333333333333));
#4279=CARTESIAN_POINT('Ctrl Pts',(-0.427350269189629,-0.740192378864682,
2.36666666666666));
#4280=CARTESIAN_POINT('Ctrl Pts',(-9.06474227529887E-17,-0.740192378864682,
2.4));
#4281=CARTESIAN_POINT('Ctrl Pts',(0.427350269189628,-0.740192378864682,
2.43333333333333));
#4282=CARTESIAN_POINT('Ctrl Pts',(0.641025403784443,-0.370096189432346,
2.46666666666666));
#4283=CARTESIAN_POINT('Ctrl Pts',(0.854700538379257,-9.2699101783339E-15,
2.5));
#4284=CARTESIAN_POINT('Ctrl Pts',(0.641025403784443,0.370096189432327,2.53333333333333));
#4285=CARTESIAN_POINT('Ctrl Pts',(0.427350269189629,0.740192378864664,2.56666666666666));
#4286=CARTESIAN_POINT('Ctrl Pts',(0.,0.740192378864664,2.6));
#4287=CARTESIAN_POINT('Ctrl Pts',(-0.427350269189628,0.740192378864664,
2.63333333333333));
#4288=CARTESIAN_POINT('Ctrl Pts',(-0.641025403784443,0.370096189432327,
2.66666666666666));
#4289=CARTESIAN_POINT('Ctrl Pts',(-0.854700538379257,-9.06056892262276E-15,
2.7));
#4290=CARTESIAN_POINT('Ctrl Pts',(-0.641025403784443,-0.370096189432345,
2.73333333333333));
#4291=CARTESIAN_POINT('Ctrl Pts',(-0.427350269189629,-0.740192378864682,
2.76666666666666));
#4292=CARTESIAN_POINT('Ctrl Pts',(-9.06474227529887E-17,-0.740192378864682,
2.8));
#4293=CARTESIAN_POINT('Ctrl Pts',(0.427350269189628,-0.740192378864682,
2.83333333333333));
#4294=CARTESIAN_POINT('Ctrl Pts',(0.641025403784443,-0.370096189432346,
2.86666666666666));
#4295=CARTESIAN_POINT('Ctrl Pts',(0.854700538379257,-9.2699101783339E-15,
2.9));
#4296=CARTESIAN_POINT('Ctrl Pts',(0.641025403784443,0.370096189432327,2.93333333333333));
#4297=CARTESIAN_POINT('Ctrl Pts',(0.427350269189629,0.740192378864664,2.96666666666666));
#4298=CARTESIAN_POINT('Ctrl Pts',(0.,0.740192378864664,3.));
#4299=CARTESIAN_POINT('Ctrl Pts',(-0.427350269189628,0.740192378864664,
3.03333333333333));
#4300=CARTESIAN_POINT('Ctrl Pts',(-0.641025403784443,0.370096189432327,
3.06666666666666));
#4301=CARTESIAN_POINT('Ctrl Pts',(-0.854700538379257,-9.06056892262276E-15,
3.1));
#4302=CARTESIAN_POINT('Ctrl Pts',(-0.641025403784443,-0.370096189432345,
3.13333333333333));
#4303=CARTESIAN_POINT('Ctrl Pts',(-0.600514010691932,-0.440263980553969,
3.13965311299469));
#4304=CARTESIAN_POINT('Ctrl Pts',(-0.545782423302914,-0.500006304103209,
3.14661257462019));
#4305=CARTESIAN_POINT('Ctrl Pts',(0.,0.740192378864664,-6.2));
#4306=CARTESIAN_POINT('Ctrl Pts',(-0.427350269189628,0.740192378864664,
-6.16666666666667));
#4307=CARTESIAN_POINT('Ctrl Pts',(-0.641025403784443,0.370096189432327,
-6.13333333333334));
#4308=CARTESIAN_POINT('Ctrl Pts',(-0.854700538379257,-9.06056892262276E-15,
-6.1));
#4309=CARTESIAN_POINT('Ctrl Pts',(-0.641025403784443,-0.370096189432345,
-6.06666666666667));
#4310=CARTESIAN_POINT('Ctrl Pts',(-0.427350269189629,-0.740192378864682,
-6.03333333333334));
#4311=CARTESIAN_POINT('Ctrl Pts',(-9.06474227529887E-17,-0.740192378864682,
-6.00000000000001));
#4312=CARTESIAN_POINT('Ctrl Pts',(0.427350269189628,-0.740192378864682,
-5.96666666666667));
#4313=CARTESIAN_POINT('Ctrl Pts',(0.641025403784443,-0.370096189432346,
-5.93333333333334));
#4314=CARTESIAN_POINT('Ctrl Pts',(0.854700538379257,-9.2699101783339E-15,
-5.9));
#4315=CARTESIAN_POINT('Ctrl Pts',(0.641025403784443,0.370096189432327,-5.86666666666667));
#4316=CARTESIAN_POINT('Ctrl Pts',(0.427350269189629,0.740192378864664,-5.83333333333334));
#4317=CARTESIAN_POINT('Ctrl Pts',(0.,0.740192378864664,-5.8));
#4318=CARTESIAN_POINT('Ctrl Pts',(-0.427350269189628,0.740192378864664,
-5.76666666666667));
#4319=CARTESIAN_POINT('Ctrl Pts',(-0.641025403784443,0.370096189432327,
-5.73333333333334));
#4320=CARTESIAN_POINT('Ctrl Pts',(-0.854700538379257,-9.06056892262276E-15,
-5.7));
#4321=CARTESIAN_POINT('Ctrl Pts',(-0.641025403784443,-0.370096189432345,
-5.66666666666667));
#4322=CARTESIAN_POINT('Ctrl Pts',(-0.427350269189629,-0.740192378864682,
-5.63333333333334));
#4323=CARTESIAN_POINT('Ctrl Pts',(-9.06474227529887E-17,-0.740192378864682,
-5.6));
#4324=CARTESIAN_POINT('Ctrl Pts',(0.427350269189628,-0.740192378864682,
-5.56666666666667));
#4325=CARTESIAN_POINT('Ctrl Pts',(0.641025403784443,-0.370096189432346,
-5.53333333333334));
#4326=CARTESIAN_POINT('Ctrl Pts',(0.854700538379257,-9.2699101783339E-15,
-5.50000000000001));
#4327=CARTESIAN_POINT('Ctrl Pts',(0.641025403784443,0.370096189432327,-5.46666666666667));
#4328=CARTESIAN_POINT('Ctrl Pts',(0.427350269189629,0.740192378864664,-5.43333333333334));
#4329=CARTESIAN_POINT('Ctrl Pts',(0.,0.740192378864664,-5.4));
#4330=CARTESIAN_POINT('Ctrl Pts',(-0.427350269189628,0.740192378864664,
-5.36666666666667));
#4331=CARTESIAN_POINT('Ctrl Pts',(-0.641025403784443,0.370096189432327,
-5.33333333333334));
#4332=CARTESIAN_POINT('Ctrl Pts',(-0.854700538379257,-9.06056892262276E-15,
-5.3));
#4333=CARTESIAN_POINT('Ctrl Pts',(-0.641025403784443,-0.370096189432345,
-5.26666666666667));
#4334=CARTESIAN_POINT('Ctrl Pts',(-0.427350269189629,-0.740192378864682,
-5.23333333333334));
#4335=CARTESIAN_POINT('Ctrl Pts',(-9.06474227529887E-17,-0.740192378864682,
-5.2));
#4336=CARTESIAN_POINT('Ctrl Pts',(0.427350269189628,-0.740192378864682,
-5.16666666666667));
#4337=CARTESIAN_POINT('Ctrl Pts',(0.641025403784443,-0.370096189432346,
-5.13333333333334));
#4338=CARTESIAN_POINT('Ctrl Pts',(0.854700538379257,-9.2699101783339E-15,
-5.1));
#4339=CARTESIAN_POINT('Ctrl Pts',(0.641025403784443,0.370096189432327,-5.06666666666667));
#4340=CARTESIAN_POINT('Ctrl Pts',(0.427350269189629,0.740192378864664,-5.03333333333334));
#4341=CARTESIAN_POINT('Ctrl Pts',(0.,0.740192378864664,-5.));
#4342=CARTESIAN_POINT('Ctrl Pts',(-0.427350269189628,0.740192378864664,
-4.96666666666667));
#4343=CARTESIAN_POINT('Ctrl Pts',(-0.641025403784443,0.370096189432327,
-4.93333333333334));
#4344=CARTESIAN_POINT('Ctrl Pts',(-0.854700538379257,-9.06056892262276E-15,
-4.9));
#4345=CARTESIAN_POINT('Ctrl Pts',(-0.641025403784443,-0.370096189432345,
-4.86666666666667));
#4346=CARTESIAN_POINT('Ctrl Pts',(-0.427350269189629,-0.740192378864682,
-4.83333333333334));
#4347=CARTESIAN_POINT('Ctrl Pts',(-9.06474227529887E-17,-0.740192378864682,
-4.8));
#4348=CARTESIAN_POINT('Ctrl Pts',(0.427350269189628,-0.740192378864682,
-4.76666666666667));
#4349=CARTESIAN_POINT('Ctrl Pts',(0.641025403784443,-0.370096189432346,
-4.73333333333334));
#4350=CARTESIAN_POINT('Ctrl Pts',(0.854700538379257,-9.2699101783339E-15,
-4.7));
#4351=CARTESIAN_POINT('Ctrl Pts',(0.641025403784443,0.370096189432327,-4.66666666666667));
#4352=CARTESIAN_POINT('Ctrl Pts',(0.427350269189629,0.740192378864664,-4.63333333333334));
#4353=CARTESIAN_POINT('Ctrl Pts',(0.,0.740192378864664,-4.6));
#4354=CARTESIAN_POINT('Ctrl Pts',(-0.427350269189628,0.740192378864664,
-4.56666666666667));
#4355=CARTESIAN_POINT('Ctrl Pts',(-0.641025403784443,0.370096189432327,
-4.53333333333334));
#4356=CARTESIAN_POINT('Ctrl Pts',(-0.854700538379257,-9.06056892262276E-15,
-4.5));
#4357=CARTESIAN_POINT('Ctrl Pts',(-0.641025403784443,-0.370096189432345,
-4.46666666666667));
#4358=CARTESIAN_POINT('Ctrl Pts',(-0.427350269189629,-0.740192378864682,
-4.43333333333334));
#4359=CARTESIAN_POINT('Ctrl Pts',(-9.06474227529887E-17,-0.740192378864682,
-4.4));
#4360=CARTESIAN_POINT('Ctrl Pts',(0.427350269189628,-0.740192378864682,
-4.36666666666667));
#4361=CARTESIAN_POINT('Ctrl Pts',(0.641025403784443,-0.370096189432346,
-4.33333333333334));
#4362=CARTESIAN_POINT('Ctrl Pts',(0.854700538379257,-9.2699101783339E-15,
-4.3));
#4363=CARTESIAN_POINT('Ctrl Pts',(0.641025403784443,0.370096189432327,-4.26666666666667));
#4364=CARTESIAN_POINT('Ctrl Pts',(0.427350269189629,0.740192378864664,-4.23333333333334));
#4365=CARTESIAN_POINT('Ctrl Pts',(0.,0.740192378864664,-4.2));
#4366=CARTESIAN_POINT('Ctrl Pts',(-0.427350269189628,0.740192378864664,
-4.16666666666667));
#4367=CARTESIAN_POINT('Ctrl Pts',(-0.641025403784443,0.370096189432327,
-4.13333333333334));
#4368=CARTESIAN_POINT('Ctrl Pts',(-0.854700538379257,-9.06056892262276E-15,
-4.1));
#4369=CARTESIAN_POINT('Ctrl Pts',(-0.641025403784443,-0.370096189432345,
-4.06666666666667));
#4370=CARTESIAN_POINT('Ctrl Pts',(-0.427350269189629,-0.740192378864682,
-4.03333333333334));
#4371=CARTESIAN_POINT('Ctrl Pts',(-9.06474227529887E-17,-0.740192378864682,
-4.));
#4372=CARTESIAN_POINT('Ctrl Pts',(0.427350269189628,-0.740192378864682,
-3.96666666666667));
#4373=CARTESIAN_POINT('Ctrl Pts',(0.641025403784443,-0.370096189432346,
-3.93333333333334));
#4374=CARTESIAN_POINT('Ctrl Pts',(0.854700538379257,-9.2699101783339E-15,
-3.9));
#4375=CARTESIAN_POINT('Ctrl Pts',(0.641025403784443,0.370096189432327,-3.86666666666667));
#4376=CARTESIAN_POINT('Ctrl Pts',(0.427350269189629,0.740192378864664,-3.83333333333334));
#4377=CARTESIAN_POINT('Ctrl Pts',(0.,0.740192378864664,-3.8));
#4378=CARTESIAN_POINT('Ctrl Pts',(-0.427350269189628,0.740192378864664,
-3.76666666666667));
#4379=CARTESIAN_POINT('Ctrl Pts',(-0.641025403784443,0.370096189432327,
-3.73333333333334));
#4380=CARTESIAN_POINT('Ctrl Pts',(-0.854700538379257,-9.06056892262276E-15,
-3.7));
#4381=CARTESIAN_POINT('Ctrl Pts',(-0.641025403784443,-0.370096189432345,
-3.66666666666667));
#4382=CARTESIAN_POINT('Ctrl Pts',(-0.427350269189629,-0.740192378864682,
-3.63333333333334));
#4383=CARTESIAN_POINT('Ctrl Pts',(-9.06474227529887E-17,-0.740192378864682,
-3.6));
#4384=CARTESIAN_POINT('Ctrl Pts',(0.427350269189628,-0.740192378864682,
-3.56666666666667));
#4385=CARTESIAN_POINT('Ctrl Pts',(0.641025403784443,-0.370096189432346,
-3.53333333333334));
#4386=CARTESIAN_POINT('Ctrl Pts',(0.854700538379257,-9.2699101783339E-15,
-3.5));
#4387=CARTESIAN_POINT('Ctrl Pts',(0.641025403784443,0.370096189432327,-3.46666666666667));
#4388=CARTESIAN_POINT('Ctrl Pts',(0.427350269189629,0.740192378864664,-3.43333333333334));
#4389=CARTESIAN_POINT('Ctrl Pts',(0.,0.740192378864664,-3.4));
#4390=CARTESIAN_POINT('Ctrl Pts',(-0.427350269189628,0.740192378864664,
-3.36666666666667));
#4391=CARTESIAN_POINT('Ctrl Pts',(-0.641025403784443,0.370096189432327,
-3.33333333333334));
#4392=CARTESIAN_POINT('Ctrl Pts',(-0.854700538379257,-9.06056892262276E-15,
-3.3));
#4393=CARTESIAN_POINT('Ctrl Pts',(-0.641025403784443,-0.370096189432345,
-3.26666666666667));
#4394=CARTESIAN_POINT('Ctrl Pts',(-0.427350269189629,-0.740192378864682,
-3.23333333333334));
#4395=CARTESIAN_POINT('Ctrl Pts',(-9.06474227529887E-17,-0.740192378864682,
-3.2));
#4396=CARTESIAN_POINT('Ctrl Pts',(0.427350269189628,-0.740192378864682,
-3.16666666666667));
#4397=CARTESIAN_POINT('Ctrl Pts',(0.641025403784443,-0.370096189432346,
-3.13333333333334));
#4398=CARTESIAN_POINT('Ctrl Pts',(0.854700538379257,-9.2699101783339E-15,
-3.1));
#4399=CARTESIAN_POINT('Ctrl Pts',(0.641025403784443,0.370096189432327,-3.06666666666667));
#4400=CARTESIAN_POINT('Ctrl Pts',(0.427350269189629,0.740192378864664,-3.03333333333334));
#4401=CARTESIAN_POINT('Ctrl Pts',(0.,0.740192378864664,-3.));
#4402=CARTESIAN_POINT('Ctrl Pts',(-0.427350269189628,0.740192378864664,
-2.96666666666667));
#4403=CARTESIAN_POINT('Ctrl Pts',(-0.641025403784443,0.370096189432327,
-2.93333333333334));
#4404=CARTESIAN_POINT('Ctrl Pts',(-0.854700538379257,-9.06056892262276E-15,
-2.9));
#4405=CARTESIAN_POINT('Ctrl Pts',(-0.641025403784443,-0.370096189432345,
-2.86666666666667));
#4406=CARTESIAN_POINT('Ctrl Pts',(-0.427350269189629,-0.740192378864682,
-2.83333333333334));
#4407=CARTESIAN_POINT('Ctrl Pts',(-9.06474227529887E-17,-0.740192378864682,
-2.8));
#4408=CARTESIAN_POINT('Ctrl Pts',(0.427350269189628,-0.740192378864682,
-2.76666666666667));
#4409=CARTESIAN_POINT('Ctrl Pts',(0.641025403784443,-0.370096189432346,
-2.73333333333334));
#4410=CARTESIAN_POINT('Ctrl Pts',(0.854700538379257,-9.2699101783339E-15,
-2.7));
#4411=CARTESIAN_POINT('Ctrl Pts',(0.641025403784443,0.370096189432327,-2.66666666666667));
#4412=CARTESIAN_POINT('Ctrl Pts',(0.427350269189629,0.740192378864664,-2.63333333333334));
#4413=CARTESIAN_POINT('Ctrl Pts',(0.,0.740192378864664,-2.6));
#4414=CARTESIAN_POINT('Ctrl Pts',(-0.427350269189628,0.740192378864664,
-2.56666666666667));
#4415=CARTESIAN_POINT('Ctrl Pts',(-0.641025403784443,0.370096189432327,
-2.53333333333334));
#4416=CARTESIAN_POINT('Ctrl Pts',(-0.854700538379257,-9.06056892262276E-15,
-2.5));
#4417=CARTESIAN_POINT('Ctrl Pts',(-0.641025403784443,-0.370096189432345,
-2.46666666666667));
#4418=CARTESIAN_POINT('Ctrl Pts',(-0.427350269189629,-0.740192378864682,
-2.43333333333334));
#4419=CARTESIAN_POINT('Ctrl Pts',(-9.06474227529887E-17,-0.740192378864682,
-2.4));
#4420=CARTESIAN_POINT('Ctrl Pts',(0.427350269189628,-0.740192378864682,
-2.36666666666667));
#4421=CARTESIAN_POINT('Ctrl Pts',(0.641025403784443,-0.370096189432346,
-2.33333333333334));
#4422=CARTESIAN_POINT('Ctrl Pts',(0.854700538379257,-9.2699101783339E-15,
-2.3));
#4423=CARTESIAN_POINT('Ctrl Pts',(0.641025403784443,0.370096189432327,-2.26666666666667));
#4424=CARTESIAN_POINT('Ctrl Pts',(0.427350269189629,0.740192378864664,-2.23333333333334));
#4425=CARTESIAN_POINT('Ctrl Pts',(0.,0.740192378864664,-2.2));
#4426=CARTESIAN_POINT('Ctrl Pts',(-0.427350269189628,0.740192378864664,
-2.16666666666667));
#4427=CARTESIAN_POINT('Ctrl Pts',(-0.641025403784443,0.370096189432327,
-2.13333333333334));
#4428=CARTESIAN_POINT('Ctrl Pts',(-0.854700538379257,-9.06056892262276E-15,
-2.1));
#4429=CARTESIAN_POINT('Ctrl Pts',(-0.641025403784443,-0.370096189432345,
-2.06666666666667));
#4430=CARTESIAN_POINT('Ctrl Pts',(-0.427350269189629,-0.740192378864682,
-2.03333333333334));
#4431=CARTESIAN_POINT('Ctrl Pts',(-9.06474227529887E-17,-0.740192378864682,
-2.));
#4432=CARTESIAN_POINT('Ctrl Pts',(0.427350269189628,-0.740192378864682,
-1.96666666666667));
#4433=CARTESIAN_POINT('Ctrl Pts',(0.641025403784443,-0.370096189432346,
-1.93333333333334));
#4434=CARTESIAN_POINT('Ctrl Pts',(0.854700538379257,-9.2699101783339E-15,
-1.9));
#4435=CARTESIAN_POINT('Ctrl Pts',(0.641025403784443,0.370096189432327,-1.86666666666667));
#4436=CARTESIAN_POINT('Ctrl Pts',(0.427350269189629,0.740192378864664,-1.83333333333334));
#4437=CARTESIAN_POINT('Ctrl Pts',(0.,0.740192378864664,-1.8));
#4438=CARTESIAN_POINT('Ctrl Pts',(-0.427350269189628,0.740192378864664,
-1.76666666666667));
#4439=CARTESIAN_POINT('Ctrl Pts',(-0.641025403784443,0.370096189432327,
-1.73333333333334));
#4440=CARTESIAN_POINT('Ctrl Pts',(-0.854700538379257,-9.06056892262276E-15,
-1.7));
#4441=CARTESIAN_POINT('Ctrl Pts',(-0.641025403784443,-0.370096189432345,
-1.66666666666667));
#4442=CARTESIAN_POINT('Ctrl Pts',(-0.427350269189629,-0.740192378864682,
-1.63333333333334));
#4443=CARTESIAN_POINT('Ctrl Pts',(-9.06474227529887E-17,-0.740192378864682,
-1.6));
#4444=CARTESIAN_POINT('Ctrl Pts',(0.427350269189628,-0.740192378864682,
-1.56666666666667));
#4445=CARTESIAN_POINT('Ctrl Pts',(0.641025403784443,-0.370096189432346,
-1.53333333333334));
#4446=CARTESIAN_POINT('Ctrl Pts',(0.854700538379257,-9.2699101783339E-15,
-1.5));
#4447=CARTESIAN_POINT('Ctrl Pts',(0.641025403784443,0.370096189432327,-1.46666666666667));
#4448=CARTESIAN_POINT('Ctrl Pts',(0.427350269189629,0.740192378864664,-1.43333333333334));
#4449=CARTESIAN_POINT('Ctrl Pts',(0.,0.740192378864664,-1.4));
#4450=CARTESIAN_POINT('Ctrl Pts',(-0.427350269189628,0.740192378864664,
-1.36666666666667));
#4451=CARTESIAN_POINT('Ctrl Pts',(-0.641025403784443,0.370096189432327,
-1.33333333333334));
#4452=CARTESIAN_POINT('Ctrl Pts',(-0.854700538379257,-9.06056892262276E-15,
-1.3));
#4453=CARTESIAN_POINT('Ctrl Pts',(-0.641025403784443,-0.370096189432345,
-1.26666666666667));
#4454=CARTESIAN_POINT('Ctrl Pts',(-0.427350269189629,-0.740192378864682,
-1.23333333333334));
#4455=CARTESIAN_POINT('Ctrl Pts',(-9.06474227529887E-17,-0.740192378864682,
-1.2));
#4456=CARTESIAN_POINT('Ctrl Pts',(0.427350269189628,-0.740192378864682,
-1.16666666666667));
#4457=CARTESIAN_POINT('Ctrl Pts',(0.641025403784443,-0.370096189432346,
-1.13333333333334));
#4458=CARTESIAN_POINT('Ctrl Pts',(0.854700538379257,-9.2699101783339E-15,
-1.1));
#4459=CARTESIAN_POINT('Ctrl Pts',(0.641025403784443,0.370096189432327,-1.06666666666667));
#4460=CARTESIAN_POINT('Ctrl Pts',(0.427350269189629,0.740192378864664,-1.03333333333334));
#4461=CARTESIAN_POINT('Ctrl Pts',(0.,0.740192378864664,-1.));
#4462=CARTESIAN_POINT('Ctrl Pts',(-0.427350269189628,0.740192378864664,
-0.96666666666667));
#4463=CARTESIAN_POINT('Ctrl Pts',(-0.641025403784443,0.370096189432327,
-0.933333333333337));
#4464=CARTESIAN_POINT('Ctrl Pts',(-0.854700538379257,-9.06056892262276E-15,
-0.900000000000004));
#4465=CARTESIAN_POINT('Ctrl Pts',(-0.641025403784443,-0.370096189432345,
-0.86666666666667));
#4466=CARTESIAN_POINT('Ctrl Pts',(-0.427350269189629,-0.740192378864682,
-0.833333333333337));
#4467=CARTESIAN_POINT('Ctrl Pts',(-9.06474227529887E-17,-0.740192378864682,
-0.800000000000004));
#4468=CARTESIAN_POINT('Ctrl Pts',(0.427350269189628,-0.740192378864682,
-0.766666666666671));
#4469=CARTESIAN_POINT('Ctrl Pts',(0.641025403784443,-0.370096189432346,
-0.733333333333338));
#4470=CARTESIAN_POINT('Ctrl Pts',(0.854700538379257,-9.2699101783339E-15,
-0.700000000000004));
#4471=CARTESIAN_POINT('Ctrl Pts',(0.641025403784443,0.370096189432327,-0.66666666666667));
#4472=CARTESIAN_POINT('Ctrl Pts',(0.427350269189629,0.740192378864664,-0.633333333333337));
#4473=CARTESIAN_POINT('Ctrl Pts',(0.,0.740192378864664,-0.600000000000004));
#4474=CARTESIAN_POINT('Ctrl Pts',(-0.427350269189628,0.740192378864664,
-0.56666666666667));
#4475=CARTESIAN_POINT('Ctrl Pts',(-0.641025403784443,0.370096189432327,
-0.533333333333337));
#4476=CARTESIAN_POINT('Ctrl Pts',(-0.854700538379257,-9.06056892262276E-15,
-0.500000000000004));
#4477=CARTESIAN_POINT('Ctrl Pts',(-0.641025403784443,-0.370096189432345,
-0.466666666666671));
#4478=CARTESIAN_POINT('Ctrl Pts',(-0.427350269189629,-0.740192378864682,
-0.433333333333337));
#4479=CARTESIAN_POINT('Ctrl Pts',(-9.06474227529887E-17,-0.740192378864682,
-0.400000000000004));
#4480=CARTESIAN_POINT('Ctrl Pts',(0.427350269189628,-0.740192378864682,
-0.366666666666671));
#4481=CARTESIAN_POINT('Ctrl Pts',(0.641025403784443,-0.370096189432346,
-0.333333333333337));
#4482=CARTESIAN_POINT('Ctrl Pts',(0.854700538379257,-9.2699101783339E-15,
-0.300000000000004));
#4483=CARTESIAN_POINT('Ctrl Pts',(0.641025403784443,0.370096189432327,-0.26666666666667));
#4484=CARTESIAN_POINT('Ctrl Pts',(0.427350269189629,0.740192378864664,-0.233333333333337));
#4485=CARTESIAN_POINT('Ctrl Pts',(0.,0.740192378864664,-0.200000000000004));
#4486=CARTESIAN_POINT('Ctrl Pts',(-0.427350269189628,0.740192378864664,
-0.166666666666671));
#4487=CARTESIAN_POINT('Ctrl Pts',(-0.641025403784443,0.370096189432327,
-0.133333333333337));
#4488=CARTESIAN_POINT('Ctrl Pts',(-0.854700538379257,-9.06056892262276E-15,
-0.100000000000004));
#4489=CARTESIAN_POINT('Ctrl Pts',(-0.641025403784443,-0.370096189432345,
-0.0666666666666706));
#4490=CARTESIAN_POINT('Ctrl Pts',(-0.427350269189629,-0.740192378864682,
-0.0333333333333375));
#4491=CARTESIAN_POINT('Ctrl Pts',(-9.06474227529887E-17,-0.740192378864682,
-3.46944695195361E-15));
#4492=CARTESIAN_POINT('Ctrl Pts',(0.427350269189628,-0.740192378864682,
0.0333333333333297));
#4493=CARTESIAN_POINT('Ctrl Pts',(0.641025403784443,-0.370096189432346,
0.0666666666666628));
#4494=CARTESIAN_POINT('Ctrl Pts',(0.854700538379257,-9.2699101783339E-15,
0.0999999999999959));
#4495=CARTESIAN_POINT('Ctrl Pts',(0.641025403784443,0.370096189432327,0.13333333333333));
#4496=CARTESIAN_POINT('Ctrl Pts',(0.427350269189629,0.740192378864664,0.166666666666663));
#4497=CARTESIAN_POINT('Ctrl Pts',(0.,0.740192378864664,0.199999999999996));
#4498=CARTESIAN_POINT('Ctrl Pts',(-0.427350269189628,0.740192378864664,
0.233333333333329));
#4499=CARTESIAN_POINT('Ctrl Pts',(-0.641025403784443,0.370096189432327,
0.266666666666662));
#4500=CARTESIAN_POINT('Ctrl Pts',(-0.854700538379257,-9.06056892262276E-15,
0.299999999999996));
#4501=CARTESIAN_POINT('Ctrl Pts',(-0.641025403784443,-0.370096189432345,
0.33333333333333));
#4502=CARTESIAN_POINT('Ctrl Pts',(-0.427350269189629,-0.740192378864682,
0.366666666666663));
#4503=CARTESIAN_POINT('Ctrl Pts',(-9.06474227529887E-17,-0.740192378864682,
0.399999999999996));
#4504=CARTESIAN_POINT('Ctrl Pts',(0.427350269189628,-0.740192378864682,
0.43333333333333));
#4505=CARTESIAN_POINT('Ctrl Pts',(0.641025403784443,-0.370096189432346,
0.466666666666663));
#4506=CARTESIAN_POINT('Ctrl Pts',(0.854700538379257,-9.2699101783339E-15,
0.499999999999996));
#4507=CARTESIAN_POINT('Ctrl Pts',(0.641025403784443,0.370096189432327,0.533333333333329));
#4508=CARTESIAN_POINT('Ctrl Pts',(0.427350269189629,0.740192378864664,0.566666666666663));
#4509=CARTESIAN_POINT('Ctrl Pts',(0.,0.740192378864664,0.599999999999996));
#4510=CARTESIAN_POINT('Ctrl Pts',(-0.427350269189628,0.740192378864664,
0.63333333333333));
#4511=CARTESIAN_POINT('Ctrl Pts',(-0.641025403784443,0.370096189432327,
0.666666666666663));
#4512=CARTESIAN_POINT('Ctrl Pts',(-0.854700538379257,-9.06056892262276E-15,
0.699999999999997));
#4513=CARTESIAN_POINT('Ctrl Pts',(-0.641025403784443,-0.370096189432345,
0.73333333333333));
#4514=CARTESIAN_POINT('Ctrl Pts',(-0.427350269189629,-0.740192378864682,
0.766666666666663));
#4515=CARTESIAN_POINT('Ctrl Pts',(-9.06474227529887E-17,-0.740192378864682,
0.799999999999996));
#4516=CARTESIAN_POINT('Ctrl Pts',(0.427350269189628,-0.740192378864682,
0.833333333333329));
#4517=CARTESIAN_POINT('Ctrl Pts',(0.641025403784443,-0.370096189432346,
0.866666666666663));
#4518=CARTESIAN_POINT('Ctrl Pts',(0.854700538379257,-9.2699101783339E-15,
0.899999999999996));
#4519=CARTESIAN_POINT('Ctrl Pts',(0.641025403784443,0.370096189432327,0.933333333333329));
#4520=CARTESIAN_POINT('Ctrl Pts',(0.427350269189629,0.740192378864664,0.966666666666663));
#4521=CARTESIAN_POINT('Ctrl Pts',(0.,0.740192378864664,0.999999999999997));
#4522=CARTESIAN_POINT('Ctrl Pts',(-0.427350269189628,0.740192378864664,
1.03333333333333));
#4523=CARTESIAN_POINT('Ctrl Pts',(-0.641025403784443,0.370096189432327,
1.06666666666666));
#4524=CARTESIAN_POINT('Ctrl Pts',(-0.854700538379257,-9.06056892262276E-15,
1.1));
#4525=CARTESIAN_POINT('Ctrl Pts',(-0.641025403784443,-0.370096189432345,
1.13333333333333));
#4526=CARTESIAN_POINT('Ctrl Pts',(-0.427350269189629,-0.740192378864682,
1.16666666666666));
#4527=CARTESIAN_POINT('Ctrl Pts',(-9.06474227529887E-17,-0.740192378864682,
1.2));
#4528=CARTESIAN_POINT('Ctrl Pts',(0.427350269189628,-0.740192378864682,
1.23333333333333));
#4529=CARTESIAN_POINT('Ctrl Pts',(0.641025403784443,-0.370096189432346,
1.26666666666666));
#4530=CARTESIAN_POINT('Ctrl Pts',(0.854700538379257,-9.2699101783339E-15,
1.3));
#4531=CARTESIAN_POINT('Ctrl Pts',(0.641025403784443,0.370096189432327,1.33333333333333));
#4532=CARTESIAN_POINT('Ctrl Pts',(0.427350269189629,0.740192378864664,1.36666666666666));
#4533=CARTESIAN_POINT('Ctrl Pts',(0.,0.740192378864664,1.4));
#4534=CARTESIAN_POINT('Ctrl Pts',(-0.427350269189628,0.740192378864664,
1.43333333333333));
#4535=CARTESIAN_POINT('Ctrl Pts',(-0.641025403784443,0.370096189432327,
1.46666666666666));
#4536=CARTESIAN_POINT('Ctrl Pts',(-0.854700538379257,-9.06056892262276E-15,
1.5));
#4537=CARTESIAN_POINT('Ctrl Pts',(-0.641025403784443,-0.370096189432345,
1.53333333333333));
#4538=CARTESIAN_POINT('Ctrl Pts',(-0.427350269189629,-0.740192378864682,
1.56666666666666));
#4539=CARTESIAN_POINT('Ctrl Pts',(-9.06474227529887E-17,-0.740192378864682,
1.6));
#4540=CARTESIAN_POINT('Ctrl Pts',(0.427350269189628,-0.740192378864682,
1.63333333333333));
#4541=CARTESIAN_POINT('Ctrl Pts',(0.641025403784443,-0.370096189432346,
1.66666666666666));
#4542=CARTESIAN_POINT('Ctrl Pts',(0.854700538379257,-9.2699101783339E-15,
1.7));
#4543=CARTESIAN_POINT('Ctrl Pts',(0.641025403784443,0.370096189432327,1.73333333333333));
#4544=CARTESIAN_POINT('Ctrl Pts',(0.427350269189629,0.740192378864664,1.76666666666666));
#4545=CARTESIAN_POINT('Ctrl Pts',(0.,0.740192378864664,1.8));
#4546=CARTESIAN_POINT('Ctrl Pts',(-0.427350269189628,0.740192378864664,
1.83333333333333));
#4547=CARTESIAN_POINT('Ctrl Pts',(-0.641025403784443,0.370096189432327,
1.86666666666666));
#4548=CARTESIAN_POINT('Ctrl Pts',(-0.854700538379257,-9.06056892262276E-15,
1.9));
#4549=CARTESIAN_POINT('Ctrl Pts',(-0.641025403784443,-0.370096189432345,
1.93333333333333));
#4550=CARTESIAN_POINT('Ctrl Pts',(-0.427350269189629,-0.740192378864682,
1.96666666666666));
#4551=CARTESIAN_POINT('Ctrl Pts',(-9.06474227529887E-17,-0.740192378864682,
2.));
#4552=CARTESIAN_POINT('Ctrl Pts',(0.427350269189628,-0.740192378864682,
2.03333333333333));
#4553=CARTESIAN_POINT('Ctrl Pts',(0.641025403784443,-0.370096189432346,
2.06666666666666));
#4554=CARTESIAN_POINT('Ctrl Pts',(0.854700538379257,-9.2699101783339E-15,
2.1));
#4555=CARTESIAN_POINT('Ctrl Pts',(0.641025403784443,0.370096189432327,2.13333333333333));
#4556=CARTESIAN_POINT('Ctrl Pts',(0.427350269189629,0.740192378864664,2.16666666666666));
#4557=CARTESIAN_POINT('Ctrl Pts',(0.,0.740192378864664,2.2));
#4558=CARTESIAN_POINT('Ctrl Pts',(-0.427350269189628,0.740192378864664,
2.23333333333333));
#4559=CARTESIAN_POINT('Ctrl Pts',(-0.641025403784443,0.370096189432327,
2.26666666666666));
#4560=CARTESIAN_POINT('Ctrl Pts',(-0.854700538379257,-9.06056892262276E-15,
2.3));
#4561=CARTESIAN_POINT('Ctrl Pts',(-0.641025403784443,-0.370096189432345,
2.33333333333333));
#4562=CARTESIAN_POINT('Ctrl Pts',(-0.427350269189629,-0.740192378864682,
2.36666666666666));
#4563=CARTESIAN_POINT('Ctrl Pts',(-9.06474227529887E-17,-0.740192378864682,
2.4));
#4564=CARTESIAN_POINT('Ctrl Pts',(0.427350269189628,-0.740192378864682,
2.43333333333333));
#4565=CARTESIAN_POINT('Ctrl Pts',(0.641025403784443,-0.370096189432346,
2.46666666666666));
#4566=CARTESIAN_POINT('Ctrl Pts',(0.854700538379257,-9.2699101783339E-15,
2.5));
#4567=CARTESIAN_POINT('Ctrl Pts',(0.641025403784443,0.370096189432327,2.53333333333333));
#4568=CARTESIAN_POINT('Ctrl Pts',(0.427350269189629,0.740192378864664,2.56666666666666));
#4569=CARTESIAN_POINT('Ctrl Pts',(0.,0.740192378864664,2.6));
#4570=CARTESIAN_POINT('Ctrl Pts',(-0.427350269189628,0.740192378864664,
2.63333333333333));
#4571=CARTESIAN_POINT('Ctrl Pts',(-0.641025403784443,0.370096189432327,
2.66666666666666));
#4572=CARTESIAN_POINT('Ctrl Pts',(-0.854700538379257,-9.06056892262276E-15,
2.7));
#4573=CARTESIAN_POINT('Ctrl Pts',(-0.641025403784443,-0.370096189432345,
2.73333333333333));
#4574=CARTESIAN_POINT('Ctrl Pts',(-0.427350269189629,-0.740192378864682,
2.76666666666666));
#4575=CARTESIAN_POINT('Ctrl Pts',(-9.06474227529887E-17,-0.740192378864682,
2.8));
#4576=CARTESIAN_POINT('Ctrl Pts',(0.427350269189628,-0.740192378864682,
2.83333333333333));
#4577=CARTESIAN_POINT('Ctrl Pts',(0.641025403784443,-0.370096189432346,
2.86666666666666));
#4578=CARTESIAN_POINT('Ctrl Pts',(0.854700538379257,-9.2699101783339E-15,
2.9));
#4579=CARTESIAN_POINT('Ctrl Pts',(0.641025403784443,0.370096189432327,2.93333333333333));
#4580=CARTESIAN_POINT('Ctrl Pts',(0.427350269189629,0.740192378864664,2.96666666666666));
#4581=CARTESIAN_POINT('Ctrl Pts',(0.,0.740192378864664,3.));
#4582=CARTESIAN_POINT('Ctrl Pts',(-0.427350269189628,0.740192378864664,
3.03333333333333));
#4583=CARTESIAN_POINT('Ctrl Pts',(-0.641025403784443,0.370096189432327,
3.06666666666666));
#4584=CARTESIAN_POINT('Ctrl Pts',(-0.854700538379257,-9.06056892262276E-15,
3.1));
#4585=CARTESIAN_POINT('Ctrl Pts',(-0.641025403784443,-0.370096189432345,
3.13333333333333));
#4586=CARTESIAN_POINT('Ctrl Pts',(-0.427350269189629,-0.740192378864682,
3.16666666666666));
#4587=CARTESIAN_POINT('Ctrl Pts',(-9.06474227529887E-17,-0.740192378864682,
3.2));
#4588=CARTESIAN_POINT('Ctrl Pts',(0.427350269189628,-0.740192378864682,
3.23333333333333));
#4589=CARTESIAN_POINT('Ctrl Pts',(0.641025403784443,-0.370096189432346,
3.26666666666666));
#4590=CARTESIAN_POINT('Ctrl Pts',(0.854700538379257,-9.2699101783339E-15,
3.3));
#4591=CARTESIAN_POINT('Ctrl Pts',(0.641025403784443,0.370096189432327,3.33333333333333));
#4592=CARTESIAN_POINT('Ctrl Pts',(0.427350269189629,0.740192378864664,3.36666666666666));
#4593=CARTESIAN_POINT('Ctrl Pts',(0.,0.740192378864664,3.4));
#4594=CARTESIAN_POINT('Ctrl Pts',(-0.427350269189628,0.740192378864664,
3.43333333333333));
#4595=CARTESIAN_POINT('Ctrl Pts',(-0.641025403784443,0.370096189432327,
3.46666666666666));
#4596=CARTESIAN_POINT('Ctrl Pts',(-0.854700538379257,-9.06056892262276E-15,
3.5));
#4597=CARTESIAN_POINT('Ctrl Pts',(-0.641025403784443,-0.370096189432345,
3.53333333333333));
#4598=CARTESIAN_POINT('Ctrl Pts',(-0.427350269189629,-0.740192378864682,
3.56666666666666));
#4599=CARTESIAN_POINT('Ctrl Pts',(-9.06474227529887E-17,-0.740192378864682,
3.6));
#4600=CARTESIAN_POINT('Ctrl Pts',(0.427350269189628,-0.740192378864682,
3.63333333333333));
#4601=CARTESIAN_POINT('Ctrl Pts',(0.641025403784443,-0.370096189432346,
3.66666666666666));
#4602=CARTESIAN_POINT('Ctrl Pts',(0.854700538379257,-9.2699101783339E-15,
3.7));
#4603=CARTESIAN_POINT('Ctrl Pts',(0.641025403784443,0.370096189432327,3.73333333333333));
#4604=CARTESIAN_POINT('Ctrl Pts',(0.427350269189629,0.740192378864664,3.76666666666666));
#4605=CARTESIAN_POINT('Ctrl Pts',(0.,0.740192378864664,3.8));
#4606=CARTESIAN_POINT('Ctrl Pts',(-0.427350269189628,0.740192378864664,
3.83333333333333));
#4607=CARTESIAN_POINT('Ctrl Pts',(-0.641025403784443,0.370096189432327,
3.86666666666666));
#4608=CARTESIAN_POINT('Ctrl Pts',(-0.854700538379257,-9.06056892262276E-15,
3.9));
#4609=CARTESIAN_POINT('Ctrl Pts',(-0.641025403784443,-0.370096189432345,
3.93333333333333));
#4610=CARTESIAN_POINT('Ctrl Pts',(-0.427350269189629,-0.740192378864682,
3.96666666666666));
#4611=CARTESIAN_POINT('Ctrl Pts',(-9.06474227529887E-17,-0.740192378864682,
4.));
#4612=CARTESIAN_POINT('Ctrl Pts',(0.427350269189628,-0.740192378864682,
4.03333333333333));
#4613=CARTESIAN_POINT('Ctrl Pts',(0.641025403784443,-0.370096189432346,
4.06666666666666));
#4614=CARTESIAN_POINT('Ctrl Pts',(0.854700538379257,-9.2699101783339E-15,
4.1));
#4615=CARTESIAN_POINT('Ctrl Pts',(0.641025403784443,0.370096189432327,4.13333333333333));
#4616=CARTESIAN_POINT('Ctrl Pts',(0.427350269189629,0.740192378864664,4.16666666666666));
#4617=CARTESIAN_POINT('Ctrl Pts',(0.,0.740192378864664,4.2));
#4618=CARTESIAN_POINT('Ctrl Pts',(0.,1.02165063509461,-6.3625));
#4619=CARTESIAN_POINT('Ctrl Pts',(-0.589850269189631,1.02165063509461,-6.32916666666667));
#4620=CARTESIAN_POINT('Ctrl Pts',(-0.884775403784447,0.510825317547301,
-6.29583333333334));
#4621=CARTESIAN_POINT('Ctrl Pts',(-1.17970053837926,-9.04066841213661E-15,
-6.2625));
#4622=CARTESIAN_POINT('Ctrl Pts',(-0.884775403784447,-0.510825317547319,
-6.22916666666667));
#4623=CARTESIAN_POINT('Ctrl Pts',(-0.589850269189632,-1.02165063509463,
-6.19583333333334));
#4624=CARTESIAN_POINT('Ctrl Pts',(-1.25116118011549E-16,-1.02165063509463,
-6.1625));
#4625=CARTESIAN_POINT('Ctrl Pts',(0.589850269189631,-1.02165063509463,-6.12916666666667));
#4626=CARTESIAN_POINT('Ctrl Pts',(0.884775403784447,-0.51082531754732,-6.09583333333334));
#4627=CARTESIAN_POINT('Ctrl Pts',(1.17970053837926,-9.32961170979233E-15,
-6.06250000000001));
#4628=CARTESIAN_POINT('Ctrl Pts',(0.884775403784448,0.510825317547301,-6.02916666666667));
#4629=CARTESIAN_POINT('Ctrl Pts',(0.589850269189632,1.02165063509461,-5.99583333333334));
#4630=CARTESIAN_POINT('Ctrl Pts',(0.,1.02165063509461,-5.9625));
#4631=CARTESIAN_POINT('Ctrl Pts',(-0.589850269189631,1.02165063509461,-5.92916666666667));
#4632=CARTESIAN_POINT('Ctrl Pts',(-0.884775403784447,0.510825317547301,
-5.89583333333334));
#4633=CARTESIAN_POINT('Ctrl Pts',(-1.17970053837926,-9.04066841213661E-15,
-5.86250000000001));
#4634=CARTESIAN_POINT('Ctrl Pts',(-0.884775403784447,-0.510825317547319,
-5.82916666666667));
#4635=CARTESIAN_POINT('Ctrl Pts',(-0.589850269189632,-1.02165063509463,
-5.79583333333334));
#4636=CARTESIAN_POINT('Ctrl Pts',(-1.25116118011549E-16,-1.02165063509463,
-5.7625));
#4637=CARTESIAN_POINT('Ctrl Pts',(0.589850269189631,-1.02165063509463,-5.72916666666667));
#4638=CARTESIAN_POINT('Ctrl Pts',(0.884775403784447,-0.51082531754732,-5.69583333333334));
#4639=CARTESIAN_POINT('Ctrl Pts',(1.17970053837926,-9.32961170979233E-15,
-5.6625));
#4640=CARTESIAN_POINT('Ctrl Pts',(0.884775403784448,0.510825317547301,-5.62916666666667));
#4641=CARTESIAN_POINT('Ctrl Pts',(0.589850269189632,1.02165063509461,-5.59583333333334));
#4642=CARTESIAN_POINT('Ctrl Pts',(0.,1.02165063509461,-5.5625));
#4643=CARTESIAN_POINT('Ctrl Pts',(-0.589850269189631,1.02165063509461,-5.52916666666667));
#4644=CARTESIAN_POINT('Ctrl Pts',(-0.884775403784447,0.510825317547301,
-5.49583333333334));
#4645=CARTESIAN_POINT('Ctrl Pts',(-1.17970053837926,-9.04066841213661E-15,
-5.46250000000001));
#4646=CARTESIAN_POINT('Ctrl Pts',(-0.884775403784447,-0.510825317547319,
-5.42916666666667));
#4647=CARTESIAN_POINT('Ctrl Pts',(-0.589850269189632,-1.02165063509463,
-5.39583333333334));
#4648=CARTESIAN_POINT('Ctrl Pts',(-1.25116118011549E-16,-1.02165063509463,
-5.3625));
#4649=CARTESIAN_POINT('Ctrl Pts',(0.589850269189631,-1.02165063509463,-5.32916666666667));
#4650=CARTESIAN_POINT('Ctrl Pts',(0.884775403784447,-0.51082531754732,-5.29583333333334));
#4651=CARTESIAN_POINT('Ctrl Pts',(1.17970053837926,-9.32961170979233E-15,
-5.2625));
#4652=CARTESIAN_POINT('Ctrl Pts',(0.884775403784448,0.510825317547301,-5.22916666666667));
#4653=CARTESIAN_POINT('Ctrl Pts',(0.589850269189632,1.02165063509461,-5.19583333333334));
#4654=CARTESIAN_POINT('Ctrl Pts',(0.,1.02165063509461,-5.1625));
#4655=CARTESIAN_POINT('Ctrl Pts',(-0.589850269189631,1.02165063509461,-5.12916666666667));
#4656=CARTESIAN_POINT('Ctrl Pts',(-0.884775403784447,0.510825317547301,
-5.09583333333334));
#4657=CARTESIAN_POINT('Ctrl Pts',(-1.17970053837926,-9.04066841213661E-15,
-5.06250000000001));
#4658=CARTESIAN_POINT('Ctrl Pts',(-0.884775403784447,-0.510825317547319,
-5.02916666666667));
#4659=CARTESIAN_POINT('Ctrl Pts',(-0.589850269189632,-1.02165063509463,
-4.99583333333334));
#4660=CARTESIAN_POINT('Ctrl Pts',(-1.25116118011549E-16,-1.02165063509463,
-4.9625));
#4661=CARTESIAN_POINT('Ctrl Pts',(0.589850269189631,-1.02165063509463,-4.92916666666667));
#4662=CARTESIAN_POINT('Ctrl Pts',(0.884775403784447,-0.51082531754732,-4.89583333333334));
#4663=CARTESIAN_POINT('Ctrl Pts',(1.17970053837926,-9.32961170979233E-15,
-4.8625));
#4664=CARTESIAN_POINT('Ctrl Pts',(0.884775403784448,0.510825317547301,-4.82916666666667));
#4665=CARTESIAN_POINT('Ctrl Pts',(0.589850269189632,1.02165063509461,-4.79583333333334));
#4666=CARTESIAN_POINT('Ctrl Pts',(0.,1.02165063509461,-4.7625));
#4667=CARTESIAN_POINT('Ctrl Pts',(-0.589850269189631,1.02165063509461,-4.72916666666667));
#4668=CARTESIAN_POINT('Ctrl Pts',(-0.884775403784447,0.510825317547301,
-4.69583333333334));
#4669=CARTESIAN_POINT('Ctrl Pts',(-1.17970053837926,-9.04066841213661E-15,
-4.6625));
#4670=CARTESIAN_POINT('Ctrl Pts',(-0.884775403784447,-0.510825317547319,
-4.62916666666667));
#4671=CARTESIAN_POINT('Ctrl Pts',(-0.589850269189632,-1.02165063509463,
-4.59583333333334));
#4672=CARTESIAN_POINT('Ctrl Pts',(-1.25116118011549E-16,-1.02165063509463,
-4.5625));
#4673=CARTESIAN_POINT('Ctrl Pts',(0.589850269189631,-1.02165063509463,-4.52916666666667));
#4674=CARTESIAN_POINT('Ctrl Pts',(0.884775403784447,-0.51082531754732,-4.49583333333334));
#4675=CARTESIAN_POINT('Ctrl Pts',(1.17970053837926,-9.32961170979233E-15,
-4.4625));
#4676=CARTESIAN_POINT('Ctrl Pts',(0.884775403784448,0.510825317547301,-4.42916666666667));
#4677=CARTESIAN_POINT('Ctrl Pts',(0.589850269189632,1.02165063509461,-4.39583333333334));
#4678=CARTESIAN_POINT('Ctrl Pts',(0.,1.02165063509461,-4.3625));
#4679=CARTESIAN_POINT('Ctrl Pts',(-0.589850269189631,1.02165063509461,-4.32916666666667));
#4680=CARTESIAN_POINT('Ctrl Pts',(-0.884775403784447,0.510825317547301,
-4.29583333333334));
#4681=CARTESIAN_POINT('Ctrl Pts',(-1.17970053837926,-9.04066841213661E-15,
-4.2625));
#4682=CARTESIAN_POINT('Ctrl Pts',(-0.884775403784447,-0.510825317547319,
-4.22916666666667));
#4683=CARTESIAN_POINT('Ctrl Pts',(-0.589850269189632,-1.02165063509463,
-4.19583333333334));
#4684=CARTESIAN_POINT('Ctrl Pts',(-1.25116118011549E-16,-1.02165063509463,
-4.1625));
#4685=CARTESIAN_POINT('Ctrl Pts',(0.589850269189631,-1.02165063509463,-4.12916666666667));
#4686=CARTESIAN_POINT('Ctrl Pts',(0.884775403784447,-0.51082531754732,-4.09583333333334));
#4687=CARTESIAN_POINT('Ctrl Pts',(1.17970053837926,-9.32961170979233E-15,
-4.06250000000001));
#4688=CARTESIAN_POINT('Ctrl Pts',(0.884775403784448,0.510825317547301,-4.02916666666667));
#4689=CARTESIAN_POINT('Ctrl Pts',(0.589850269189632,1.02165063509461,-3.99583333333334));
#4690=CARTESIAN_POINT('Ctrl Pts',(0.,1.02165063509461,-3.9625));
#4691=CARTESIAN_POINT('Ctrl Pts',(-0.589850269189631,1.02165063509461,-3.92916666666667));
#4692=CARTESIAN_POINT('Ctrl Pts',(-0.884775403784447,0.510825317547301,
-3.89583333333334));
#4693=CARTESIAN_POINT('Ctrl Pts',(-1.17970053837926,-9.04066841213661E-15,
-3.8625));
#4694=CARTESIAN_POINT('Ctrl Pts',(-0.884775403784447,-0.510825317547319,
-3.82916666666667));
#4695=CARTESIAN_POINT('Ctrl Pts',(-0.589850269189632,-1.02165063509463,
-3.79583333333334));
#4696=CARTESIAN_POINT('Ctrl Pts',(-1.25116118011549E-16,-1.02165063509463,
-3.7625));
#4697=CARTESIAN_POINT('Ctrl Pts',(0.589850269189631,-1.02165063509463,-3.72916666666667));
#4698=CARTESIAN_POINT('Ctrl Pts',(0.884775403784447,-0.51082531754732,-3.69583333333334));
#4699=CARTESIAN_POINT('Ctrl Pts',(1.17970053837926,-9.32961170979233E-15,
-3.6625));
#4700=CARTESIAN_POINT('Ctrl Pts',(0.884775403784448,0.510825317547301,-3.62916666666667));
#4701=CARTESIAN_POINT('Ctrl Pts',(0.589850269189632,1.02165063509461,-3.59583333333334));
#4702=CARTESIAN_POINT('Ctrl Pts',(0.,1.02165063509461,-3.5625));
#4703=CARTESIAN_POINT('Ctrl Pts',(-0.589850269189631,1.02165063509461,-3.52916666666667));
#4704=CARTESIAN_POINT('Ctrl Pts',(-0.884775403784447,0.510825317547301,
-3.49583333333334));
#4705=CARTESIAN_POINT('Ctrl Pts',(-1.17970053837926,-9.04066841213661E-15,
-3.4625));
#4706=CARTESIAN_POINT('Ctrl Pts',(-0.884775403784447,-0.510825317547319,
-3.42916666666667));
#4707=CARTESIAN_POINT('Ctrl Pts',(-0.589850269189632,-1.02165063509463,
-3.39583333333334));
#4708=CARTESIAN_POINT('Ctrl Pts',(-1.25116118011549E-16,-1.02165063509463,
-3.3625));
#4709=CARTESIAN_POINT('Ctrl Pts',(0.589850269189631,-1.02165063509463,-3.32916666666667));
#4710=CARTESIAN_POINT('Ctrl Pts',(0.884775403784447,-0.51082531754732,-3.29583333333334));
#4711=CARTESIAN_POINT('Ctrl Pts',(1.17970053837926,-9.32961170979233E-15,
-3.2625));
#4712=CARTESIAN_POINT('Ctrl Pts',(0.884775403784448,0.510825317547301,-3.22916666666667));
#4713=CARTESIAN_POINT('Ctrl Pts',(0.589850269189632,1.02165063509461,-3.19583333333334));
#4714=CARTESIAN_POINT('Ctrl Pts',(0.,1.02165063509461,-3.1625));
#4715=CARTESIAN_POINT('Ctrl Pts',(-0.589850269189631,1.02165063509461,-3.12916666666667));
#4716=CARTESIAN_POINT('Ctrl Pts',(-0.884775403784447,0.510825317547301,
-3.09583333333334));
#4717=CARTESIAN_POINT('Ctrl Pts',(-1.17970053837926,-9.04066841213661E-15,
-3.0625));
#4718=CARTESIAN_POINT('Ctrl Pts',(-0.884775403784447,-0.510825317547319,
-3.02916666666667));
#4719=CARTESIAN_POINT('Ctrl Pts',(-0.589850269189632,-1.02165063509463,
-2.99583333333334));
#4720=CARTESIAN_POINT('Ctrl Pts',(-1.25116118011549E-16,-1.02165063509463,
-2.9625));
#4721=CARTESIAN_POINT('Ctrl Pts',(0.589850269189631,-1.02165063509463,-2.92916666666667));
#4722=CARTESIAN_POINT('Ctrl Pts',(0.884775403784447,-0.51082531754732,-2.89583333333334));
#4723=CARTESIAN_POINT('Ctrl Pts',(1.17970053837926,-9.32961170979233E-15,
-2.8625));
#4724=CARTESIAN_POINT('Ctrl Pts',(0.884775403784448,0.510825317547301,-2.82916666666667));
#4725=CARTESIAN_POINT('Ctrl Pts',(0.589850269189632,1.02165063509461,-2.79583333333334));
#4726=CARTESIAN_POINT('Ctrl Pts',(0.,1.02165063509461,-2.7625));
#4727=CARTESIAN_POINT('Ctrl Pts',(-0.589850269189631,1.02165063509461,-2.72916666666667));
#4728=CARTESIAN_POINT('Ctrl Pts',(-0.884775403784447,0.510825317547301,
-2.69583333333334));
#4729=CARTESIAN_POINT('Ctrl Pts',(-1.17970053837926,-9.04066841213661E-15,
-2.6625));
#4730=CARTESIAN_POINT('Ctrl Pts',(-0.884775403784447,-0.510825317547319,
-2.62916666666667));
#4731=CARTESIAN_POINT('Ctrl Pts',(-0.589850269189632,-1.02165063509463,
-2.59583333333334));
#4732=CARTESIAN_POINT('Ctrl Pts',(-1.25116118011549E-16,-1.02165063509463,
-2.5625));
#4733=CARTESIAN_POINT('Ctrl Pts',(0.589850269189631,-1.02165063509463,-2.52916666666667));
#4734=CARTESIAN_POINT('Ctrl Pts',(0.884775403784447,-0.51082531754732,-2.49583333333334));
#4735=CARTESIAN_POINT('Ctrl Pts',(1.17970053837926,-9.32961170979233E-15,
-2.4625));
#4736=CARTESIAN_POINT('Ctrl Pts',(0.884775403784448,0.510825317547301,-2.42916666666667));
#4737=CARTESIAN_POINT('Ctrl Pts',(0.589850269189632,1.02165063509461,-2.39583333333334));
#4738=CARTESIAN_POINT('Ctrl Pts',(0.,1.02165063509461,-2.3625));
#4739=CARTESIAN_POINT('Ctrl Pts',(-0.589850269189631,1.02165063509461,-2.32916666666667));
#4740=CARTESIAN_POINT('Ctrl Pts',(-0.884775403784447,0.510825317547301,
-2.29583333333334));
#4741=CARTESIAN_POINT('Ctrl Pts',(-1.17970053837926,-9.04066841213661E-15,
-2.2625));
#4742=CARTESIAN_POINT('Ctrl Pts',(-0.884775403784447,-0.510825317547319,
-2.22916666666667));
#4743=CARTESIAN_POINT('Ctrl Pts',(-0.589850269189632,-1.02165063509463,
-2.19583333333334));
#4744=CARTESIAN_POINT('Ctrl Pts',(-1.25116118011549E-16,-1.02165063509463,
-2.1625));
#4745=CARTESIAN_POINT('Ctrl Pts',(0.589850269189631,-1.02165063509463,-2.12916666666667));
#4746=CARTESIAN_POINT('Ctrl Pts',(0.884775403784447,-0.51082531754732,-2.09583333333334));
#4747=CARTESIAN_POINT('Ctrl Pts',(1.17970053837926,-9.32961170979233E-15,
-2.0625));
#4748=CARTESIAN_POINT('Ctrl Pts',(0.884775403784448,0.510825317547301,-2.02916666666667));
#4749=CARTESIAN_POINT('Ctrl Pts',(0.589850269189632,1.02165063509461,-1.99583333333334));
#4750=CARTESIAN_POINT('Ctrl Pts',(0.,1.02165063509461,-1.9625));
#4751=CARTESIAN_POINT('Ctrl Pts',(-0.589850269189631,1.02165063509461,-1.92916666666667));
#4752=CARTESIAN_POINT('Ctrl Pts',(-0.884775403784447,0.510825317547301,
-1.89583333333334));
#4753=CARTESIAN_POINT('Ctrl Pts',(-1.17970053837926,-9.04066841213661E-15,
-1.8625));
#4754=CARTESIAN_POINT('Ctrl Pts',(-0.884775403784447,-0.510825317547319,
-1.82916666666667));
#4755=CARTESIAN_POINT('Ctrl Pts',(-0.589850269189632,-1.02165063509463,
-1.79583333333334));
#4756=CARTESIAN_POINT('Ctrl Pts',(-1.25116118011549E-16,-1.02165063509463,
-1.7625));
#4757=CARTESIAN_POINT('Ctrl Pts',(0.589850269189631,-1.02165063509463,-1.72916666666667));
#4758=CARTESIAN_POINT('Ctrl Pts',(0.884775403784447,-0.51082531754732,-1.69583333333334));
#4759=CARTESIAN_POINT('Ctrl Pts',(1.17970053837926,-9.32961170979233E-15,
-1.6625));
#4760=CARTESIAN_POINT('Ctrl Pts',(0.884775403784448,0.510825317547301,-1.62916666666667));
#4761=CARTESIAN_POINT('Ctrl Pts',(0.589850269189632,1.02165063509461,-1.59583333333334));
#4762=CARTESIAN_POINT('Ctrl Pts',(0.,1.02165063509461,-1.5625));
#4763=CARTESIAN_POINT('Ctrl Pts',(-0.589850269189631,1.02165063509461,-1.52916666666667));
#4764=CARTESIAN_POINT('Ctrl Pts',(-0.884775403784447,0.510825317547301,
-1.49583333333334));
#4765=CARTESIAN_POINT('Ctrl Pts',(-1.17970053837926,-9.04066841213661E-15,
-1.4625));
#4766=CARTESIAN_POINT('Ctrl Pts',(-0.884775403784447,-0.510825317547319,
-1.42916666666667));
#4767=CARTESIAN_POINT('Ctrl Pts',(-0.589850269189632,-1.02165063509463,
-1.39583333333334));
#4768=CARTESIAN_POINT('Ctrl Pts',(-1.25116118011549E-16,-1.02165063509463,
-1.3625));
#4769=CARTESIAN_POINT('Ctrl Pts',(0.589850269189631,-1.02165063509463,-1.32916666666667));
#4770=CARTESIAN_POINT('Ctrl Pts',(0.884775403784447,-0.51082531754732,-1.29583333333334));
#4771=CARTESIAN_POINT('Ctrl Pts',(1.17970053837926,-9.32961170979233E-15,
-1.2625));
#4772=CARTESIAN_POINT('Ctrl Pts',(0.884775403784448,0.510825317547301,-1.22916666666667));
#4773=CARTESIAN_POINT('Ctrl Pts',(0.589850269189632,1.02165063509461,-1.19583333333334));
#4774=CARTESIAN_POINT('Ctrl Pts',(0.,1.02165063509461,-1.1625));
#4775=CARTESIAN_POINT('Ctrl Pts',(-0.589850269189631,1.02165063509461,-1.12916666666667));
#4776=CARTESIAN_POINT('Ctrl Pts',(-0.884775403784447,0.510825317547301,
-1.09583333333334));
#4777=CARTESIAN_POINT('Ctrl Pts',(-1.17970053837926,-9.04066841213661E-15,
-1.0625));
#4778=CARTESIAN_POINT('Ctrl Pts',(-0.884775403784447,-0.510825317547319,
-1.02916666666667));
#4779=CARTESIAN_POINT('Ctrl Pts',(-0.589850269189632,-1.02165063509463,
-0.995833333333337));
#4780=CARTESIAN_POINT('Ctrl Pts',(-1.25116118011549E-16,-1.02165063509463,
-0.962500000000004));
#4781=CARTESIAN_POINT('Ctrl Pts',(0.589850269189631,-1.02165063509463,-0.929166666666671));
#4782=CARTESIAN_POINT('Ctrl Pts',(0.884775403784447,-0.51082531754732,-0.895833333333338));
#4783=CARTESIAN_POINT('Ctrl Pts',(1.17970053837926,-9.32961170979233E-15,
-0.862500000000004));
#4784=CARTESIAN_POINT('Ctrl Pts',(0.884775403784448,0.510825317547301,-0.829166666666671));
#4785=CARTESIAN_POINT('Ctrl Pts',(0.589850269189632,1.02165063509461,-0.795833333333338));
#4786=CARTESIAN_POINT('Ctrl Pts',(0.,1.02165063509461,-0.762500000000005));
#4787=CARTESIAN_POINT('Ctrl Pts',(-0.589850269189631,1.02165063509461,-0.729166666666671));
#4788=CARTESIAN_POINT('Ctrl Pts',(-0.884775403784447,0.510825317547301,
-0.695833333333337));
#4789=CARTESIAN_POINT('Ctrl Pts',(-1.17970053837926,-9.04066841213661E-15,
-0.662500000000004));
#4790=CARTESIAN_POINT('Ctrl Pts',(-0.884775403784447,-0.510825317547319,
-0.629166666666671));
#4791=CARTESIAN_POINT('Ctrl Pts',(-0.589850269189632,-1.02165063509463,
-0.595833333333337));
#4792=CARTESIAN_POINT('Ctrl Pts',(-1.25116118011549E-16,-1.02165063509463,
-0.562500000000004));
#4793=CARTESIAN_POINT('Ctrl Pts',(0.589850269189631,-1.02165063509463,-0.529166666666671));
#4794=CARTESIAN_POINT('Ctrl Pts',(0.884775403784447,-0.51082531754732,-0.495833333333338));
#4795=CARTESIAN_POINT('Ctrl Pts',(1.17970053837926,-9.32961170979233E-15,
-0.462500000000005));
#4796=CARTESIAN_POINT('Ctrl Pts',(0.884775403784448,0.510825317547301,-0.429166666666671));
#4797=CARTESIAN_POINT('Ctrl Pts',(0.589850269189632,1.02165063509461,-0.395833333333337));
#4798=CARTESIAN_POINT('Ctrl Pts',(0.,1.02165063509461,-0.362500000000004));
#4799=CARTESIAN_POINT('Ctrl Pts',(-0.589850269189631,1.02165063509461,-0.329166666666671));
#4800=CARTESIAN_POINT('Ctrl Pts',(-0.884775403784447,0.510825317547301,
-0.295833333333337));
#4801=CARTESIAN_POINT('Ctrl Pts',(-1.17970053837926,-9.04066841213661E-15,
-0.262500000000004));
#4802=CARTESIAN_POINT('Ctrl Pts',(-0.884775403784447,-0.510825317547319,
-0.229166666666671));
#4803=CARTESIAN_POINT('Ctrl Pts',(-0.589850269189632,-1.02165063509463,
-0.195833333333338));
#4804=CARTESIAN_POINT('Ctrl Pts',(-1.25116118011549E-16,-1.02165063509463,
-0.162500000000004));
#4805=CARTESIAN_POINT('Ctrl Pts',(0.589850269189631,-1.02165063509463,-0.129166666666671));
#4806=CARTESIAN_POINT('Ctrl Pts',(0.884775403784447,-0.51082531754732,-0.0958333333333375));
#4807=CARTESIAN_POINT('Ctrl Pts',(1.17970053837926,-9.32961170979233E-15,
-0.0625000000000044));
#4808=CARTESIAN_POINT('Ctrl Pts',(0.884775403784448,0.510825317547301,-0.0291666666666704));
#4809=CARTESIAN_POINT('Ctrl Pts',(0.589850269189632,1.02165063509461,0.00416666666666274));
#4810=CARTESIAN_POINT('Ctrl Pts',(0.,1.02165063509461,0.0374999999999959));
#4811=CARTESIAN_POINT('Ctrl Pts',(-0.589850269189631,1.02165063509461,0.070833333333329));
#4812=CARTESIAN_POINT('Ctrl Pts',(-0.884775403784447,0.510825317547301,
0.104166666666662));
#4813=CARTESIAN_POINT('Ctrl Pts',(-1.17970053837926,-9.04066841213661E-15,
0.137499999999996));
#4814=CARTESIAN_POINT('Ctrl Pts',(-0.884775403784447,-0.510825317547319,
0.170833333333329));
#4815=CARTESIAN_POINT('Ctrl Pts',(-0.589850269189632,-1.02165063509463,
0.204166666666662));
#4816=CARTESIAN_POINT('Ctrl Pts',(-1.25116118011549E-16,-1.02165063509463,
0.237499999999996));
#4817=CARTESIAN_POINT('Ctrl Pts',(0.589850269189631,-1.02165063509463,0.27083333333333));
#4818=CARTESIAN_POINT('Ctrl Pts',(0.884775403784447,-0.51082531754732,0.304166666666663));
#4819=CARTESIAN_POINT('Ctrl Pts',(1.17970053837926,-9.32961170979233E-15,
0.337499999999996));
#4820=CARTESIAN_POINT('Ctrl Pts',(0.884775403784448,0.510825317547301,0.370833333333329));
#4821=CARTESIAN_POINT('Ctrl Pts',(0.589850269189632,1.02165063509461,0.404166666666663));
#4822=CARTESIAN_POINT('Ctrl Pts',(0.,1.02165063509461,0.437499999999996));
#4823=CARTESIAN_POINT('Ctrl Pts',(-0.589850269189631,1.02165063509461,0.470833333333329));
#4824=CARTESIAN_POINT('Ctrl Pts',(-0.884775403784447,0.510825317547301,
0.504166666666662));
#4825=CARTESIAN_POINT('Ctrl Pts',(-1.17970053837926,-9.04066841213661E-15,
0.537499999999996));
#4826=CARTESIAN_POINT('Ctrl Pts',(-0.884775403784447,-0.510825317547319,
0.570833333333329));
#4827=CARTESIAN_POINT('Ctrl Pts',(-0.589850269189632,-1.02165063509463,
0.604166666666663));
#4828=CARTESIAN_POINT('Ctrl Pts',(-1.25116118011549E-16,-1.02165063509463,
0.637499999999996));
#4829=CARTESIAN_POINT('Ctrl Pts',(0.589850269189631,-1.02165063509463,0.670833333333329));
#4830=CARTESIAN_POINT('Ctrl Pts',(0.884775403784447,-0.51082531754732,0.704166666666663));
#4831=CARTESIAN_POINT('Ctrl Pts',(1.17970053837926,-9.32961170979233E-15,
0.737499999999996));
#4832=CARTESIAN_POINT('Ctrl Pts',(0.884775403784448,0.510825317547301,0.770833333333329));
#4833=CARTESIAN_POINT('Ctrl Pts',(0.589850269189632,1.02165063509461,0.804166666666662));
#4834=CARTESIAN_POINT('Ctrl Pts',(0.,1.02165063509461,0.837499999999996));
#4835=CARTESIAN_POINT('Ctrl Pts',(-0.589850269189631,1.02165063509461,0.870833333333329));
#4836=CARTESIAN_POINT('Ctrl Pts',(-0.884775403784447,0.510825317547301,
0.904166666666663));
#4837=CARTESIAN_POINT('Ctrl Pts',(-1.17970053837926,-9.04066841213661E-15,
0.937499999999996));
#4838=CARTESIAN_POINT('Ctrl Pts',(-0.884775403784447,-0.510825317547319,
0.97083333333333));
#4839=CARTESIAN_POINT('Ctrl Pts',(-0.589850269189632,-1.02165063509463,
1.00416666666666));
#4840=CARTESIAN_POINT('Ctrl Pts',(-1.25116118011549E-16,-1.02165063509463,
1.0375));
#4841=CARTESIAN_POINT('Ctrl Pts',(0.589850269189631,-1.02165063509463,1.07083333333333));
#4842=CARTESIAN_POINT('Ctrl Pts',(0.884775403784447,-0.51082531754732,1.10416666666666));
#4843=CARTESIAN_POINT('Ctrl Pts',(1.17970053837926,-9.32961170979233E-15,
1.1375));
#4844=CARTESIAN_POINT('Ctrl Pts',(0.884775403784448,0.510825317547301,1.17083333333333));
#4845=CARTESIAN_POINT('Ctrl Pts',(0.589850269189632,1.02165063509461,1.20416666666666));
#4846=CARTESIAN_POINT('Ctrl Pts',(0.,1.02165063509461,1.2375));
#4847=CARTESIAN_POINT('Ctrl Pts',(-0.589850269189631,1.02165063509461,1.27083333333333));
#4848=CARTESIAN_POINT('Ctrl Pts',(-0.884775403784447,0.510825317547301,
1.30416666666666));
#4849=CARTESIAN_POINT('Ctrl Pts',(-1.17970053837926,-9.04066841213661E-15,
1.3375));
#4850=CARTESIAN_POINT('Ctrl Pts',(-0.884775403784447,-0.510825317547319,
1.37083333333333));
#4851=CARTESIAN_POINT('Ctrl Pts',(-0.589850269189632,-1.02165063509463,
1.40416666666666));
#4852=CARTESIAN_POINT('Ctrl Pts',(-1.25116118011549E-16,-1.02165063509463,
1.4375));
#4853=CARTESIAN_POINT('Ctrl Pts',(0.589850269189631,-1.02165063509463,1.47083333333333));
#4854=CARTESIAN_POINT('Ctrl Pts',(0.884775403784447,-0.51082531754732,1.50416666666666));
#4855=CARTESIAN_POINT('Ctrl Pts',(1.17970053837926,-9.32961170979233E-15,
1.5375));
#4856=CARTESIAN_POINT('Ctrl Pts',(0.884775403784448,0.510825317547301,1.57083333333333));
#4857=CARTESIAN_POINT('Ctrl Pts',(0.589850269189632,1.02165063509461,1.60416666666666));
#4858=CARTESIAN_POINT('Ctrl Pts',(0.,1.02165063509461,1.6375));
#4859=CARTESIAN_POINT('Ctrl Pts',(-0.589850269189631,1.02165063509461,1.67083333333333));
#4860=CARTESIAN_POINT('Ctrl Pts',(-0.884775403784447,0.510825317547301,
1.70416666666666));
#4861=CARTESIAN_POINT('Ctrl Pts',(-1.17970053837926,-9.04066841213661E-15,
1.7375));
#4862=CARTESIAN_POINT('Ctrl Pts',(-0.884775403784447,-0.510825317547319,
1.77083333333333));
#4863=CARTESIAN_POINT('Ctrl Pts',(-0.589850269189632,-1.02165063509463,
1.80416666666666));
#4864=CARTESIAN_POINT('Ctrl Pts',(-1.25116118011549E-16,-1.02165063509463,
1.8375));
#4865=CARTESIAN_POINT('Ctrl Pts',(0.589850269189631,-1.02165063509463,1.87083333333333));
#4866=CARTESIAN_POINT('Ctrl Pts',(0.884775403784447,-0.51082531754732,1.90416666666666));
#4867=CARTESIAN_POINT('Ctrl Pts',(1.17970053837926,-9.32961170979233E-15,
1.9375));
#4868=CARTESIAN_POINT('Ctrl Pts',(0.884775403784448,0.510825317547301,1.97083333333333));
#4869=CARTESIAN_POINT('Ctrl Pts',(0.589850269189632,1.02165063509461,2.00416666666666));
#4870=CARTESIAN_POINT('Ctrl Pts',(0.,1.02165063509461,2.0375));
#4871=CARTESIAN_POINT('Ctrl Pts',(-0.589850269189631,1.02165063509461,2.07083333333333));
#4872=CARTESIAN_POINT('Ctrl Pts',(-0.884775403784447,0.510825317547301,
2.10416666666666));
#4873=CARTESIAN_POINT('Ctrl Pts',(-1.17970053837926,-9.04066841213661E-15,
2.1375));
#4874=CARTESIAN_POINT('Ctrl Pts',(-0.884775403784447,-0.510825317547319,
2.17083333333333));
#4875=CARTESIAN_POINT('Ctrl Pts',(-0.589850269189632,-1.02165063509463,
2.20416666666666));
#4876=CARTESIAN_POINT('Ctrl Pts',(-1.25116118011549E-16,-1.02165063509463,
2.2375));
#4877=CARTESIAN_POINT('Ctrl Pts',(0.589850269189631,-1.02165063509463,2.27083333333333));
#4878=CARTESIAN_POINT('Ctrl Pts',(0.884775403784447,-0.51082531754732,2.30416666666666));
#4879=CARTESIAN_POINT('Ctrl Pts',(1.17970053837926,-9.32961170979233E-15,
2.3375));
#4880=CARTESIAN_POINT('Ctrl Pts',(0.884775403784448,0.510825317547301,2.37083333333333));
#4881=CARTESIAN_POINT('Ctrl Pts',(0.589850269189632,1.02165063509461,2.40416666666666));
#4882=CARTESIAN_POINT('Ctrl Pts',(0.,1.02165063509461,2.4375));
#4883=CARTESIAN_POINT('Ctrl Pts',(-0.589850269189631,1.02165063509461,2.47083333333333));
#4884=CARTESIAN_POINT('Ctrl Pts',(-0.884775403784447,0.510825317547301,
2.50416666666666));
#4885=CARTESIAN_POINT('Ctrl Pts',(-1.17970053837926,-9.04066841213661E-15,
2.5375));
#4886=CARTESIAN_POINT('Ctrl Pts',(-0.884775403784447,-0.510825317547319,
2.57083333333333));
#4887=CARTESIAN_POINT('Ctrl Pts',(-0.589850269189632,-1.02165063509463,
2.60416666666666));
#4888=CARTESIAN_POINT('Ctrl Pts',(-1.25116118011549E-16,-1.02165063509463,
2.6375));
#4889=CARTESIAN_POINT('Ctrl Pts',(0.589850269189631,-1.02165063509463,2.67083333333333));
#4890=CARTESIAN_POINT('Ctrl Pts',(0.884775403784447,-0.51082531754732,2.70416666666666));
#4891=CARTESIAN_POINT('Ctrl Pts',(1.17970053837926,-9.32961170979233E-15,
2.7375));
#4892=CARTESIAN_POINT('Ctrl Pts',(0.884775403784448,0.510825317547301,2.77083333333333));
#4893=CARTESIAN_POINT('Ctrl Pts',(0.589850269189632,1.02165063509461,2.80416666666666));
#4894=CARTESIAN_POINT('Ctrl Pts',(0.,1.02165063509461,2.8375));
#4895=CARTESIAN_POINT('Ctrl Pts',(-0.589850269189631,1.02165063509461,2.87083333333333));
#4896=CARTESIAN_POINT('Ctrl Pts',(-0.884775403784447,0.510825317547301,
2.90416666666666));
#4897=CARTESIAN_POINT('Ctrl Pts',(-1.17970053837926,-9.04066841213661E-15,
2.9375));
#4898=CARTESIAN_POINT('Ctrl Pts',(-0.884775403784447,-0.510825317547319,
2.97083333333333));
#4899=CARTESIAN_POINT('Ctrl Pts',(-0.589850269189632,-1.02165063509463,
3.00416666666666));
#4900=CARTESIAN_POINT('Ctrl Pts',(-1.25116118011549E-16,-1.02165063509463,
3.0375));
#4901=CARTESIAN_POINT('Ctrl Pts',(0.589850269189631,-1.02165063509463,3.07083333333333));
#4902=CARTESIAN_POINT('Ctrl Pts',(0.884775403784447,-0.51082531754732,3.10416666666666));
#4903=CARTESIAN_POINT('Ctrl Pts',(1.17970053837926,-9.32961170979233E-15,
3.1375));
#4904=CARTESIAN_POINT('Ctrl Pts',(0.884775403784448,0.510825317547301,3.17083333333333));
#4905=CARTESIAN_POINT('Ctrl Pts',(0.589850269189632,1.02165063509461,3.20416666666666));
#4906=CARTESIAN_POINT('Ctrl Pts',(0.,1.02165063509461,3.2375));
#4907=CARTESIAN_POINT('Ctrl Pts',(-0.589850269189631,1.02165063509461,3.27083333333333));
#4908=CARTESIAN_POINT('Ctrl Pts',(-0.884775403784447,0.510825317547301,
3.30416666666666));
#4909=CARTESIAN_POINT('Ctrl Pts',(-1.17970053837926,-9.04066841213661E-15,
3.3375));
#4910=CARTESIAN_POINT('Ctrl Pts',(-0.884775403784447,-0.510825317547319,
3.37083333333333));
#4911=CARTESIAN_POINT('Ctrl Pts',(-0.589850269189632,-1.02165063509463,
3.40416666666666));
#4912=CARTESIAN_POINT('Ctrl Pts',(-1.25116118011549E-16,-1.02165063509463,
3.4375));
#4913=CARTESIAN_POINT('Ctrl Pts',(0.589850269189631,-1.02165063509463,3.47083333333333));
#4914=CARTESIAN_POINT('Ctrl Pts',(0.884775403784447,-0.51082531754732,3.50416666666666));
#4915=CARTESIAN_POINT('Ctrl Pts',(1.17970053837926,-9.32961170979233E-15,
3.5375));
#4916=CARTESIAN_POINT('Ctrl Pts',(0.884775403784448,0.510825317547301,3.57083333333333));
#4917=CARTESIAN_POINT('Ctrl Pts',(0.589850269189632,1.02165063509461,3.60416666666666));
#4918=CARTESIAN_POINT('Ctrl Pts',(0.,1.02165063509461,3.6375));
#4919=CARTESIAN_POINT('Ctrl Pts',(-0.589850269189631,1.02165063509461,3.67083333333333));
#4920=CARTESIAN_POINT('Ctrl Pts',(-0.884775403784447,0.510825317547301,
3.70416666666666));
#4921=CARTESIAN_POINT('Ctrl Pts',(-1.17970053837926,-9.04066841213661E-15,
3.7375));
#4922=CARTESIAN_POINT('Ctrl Pts',(-0.884775403784447,-0.510825317547319,
3.77083333333333));
#4923=CARTESIAN_POINT('Ctrl Pts',(-0.589850269189632,-1.02165063509463,
3.80416666666666));
#4924=CARTESIAN_POINT('Ctrl Pts',(-1.25116118011549E-16,-1.02165063509463,
3.8375));
#4925=CARTESIAN_POINT('Ctrl Pts',(0.589850269189631,-1.02165063509463,3.87083333333333));
#4926=CARTESIAN_POINT('Ctrl Pts',(0.884775403784447,-0.51082531754732,3.90416666666666));
#4927=CARTESIAN_POINT('Ctrl Pts',(1.17970053837926,-9.32961170979233E-15,
3.9375));
#4928=CARTESIAN_POINT('Ctrl Pts',(0.884775403784448,0.510825317547301,3.97083333333333));
#4929=CARTESIAN_POINT('Ctrl Pts',(0.589850269189632,1.02165063509461,4.00416666666666));
#4930=CARTESIAN_POINT('Ctrl Pts',(0.,1.02165063509461,4.0375));
#4931=CARTESIAN_POINT('Ctrl Pts',(0.700629269221985,0.713525491562478,-5.6));
#4932=CARTESIAN_POINT('Ctrl Pts',(0.790735060690452,0.617502357336192,-5.60538419922096));
#4933=CARTESIAN_POINT('Ctrl Pts',(0.860840645172106,0.505937534778199,-5.61007082743377));
#4934=CARTESIAN_POINT('Ctrl Pts',(0.953095306115083,0.261327123061924,-5.62039656543767));
#4935=CARTESIAN_POINT('Ctrl Pts',(0.973974519707546,0.12997558773536,-5.62602548029026));
#4936=CARTESIAN_POINT('Ctrl Pts',(0.968301270189942,1.63900986217975E-11,
-5.63169872981006));
#4937=CARTESIAN_POINT('Ctrl Pts',(0.,1.02165063509461,-5.9875));
#4938=CARTESIAN_POINT('Ctrl Pts',(-0.589850269189631,1.02165063509461,-5.95416666666667));
#4939=CARTESIAN_POINT('Ctrl Pts',(-0.884775403784447,0.510825317547301,
-5.92083333333334));
#4940=CARTESIAN_POINT('Ctrl Pts',(-1.17970053837926,-9.04066841213661E-15,
-5.8875));
#4941=CARTESIAN_POINT('Ctrl Pts',(-0.884775403784447,-0.510825317547319,
-5.85416666666667));
#4942=CARTESIAN_POINT('Ctrl Pts',(-0.589850269189632,-1.02165063509463,
-5.82083333333334));
#4943=CARTESIAN_POINT('Ctrl Pts',(-1.25116118011549E-16,-1.02165063509463,
-5.7875));
#4944=CARTESIAN_POINT('Ctrl Pts',(0.589850269189631,-1.02165063509463,-5.75416666666667));
#4945=CARTESIAN_POINT('Ctrl Pts',(0.884775403784447,-0.51082531754732,-5.72083333333334));
#4946=CARTESIAN_POINT('Ctrl Pts',(1.17970053837926,-9.32961170979233E-15,
-5.6875));
#4947=CARTESIAN_POINT('Ctrl Pts',(0.884775403784448,0.510825317547301,-5.65416666666667));
#4948=CARTESIAN_POINT('Ctrl Pts',(0.589850269189632,1.02165063509461,-5.62083333333334));
#4949=CARTESIAN_POINT('Ctrl Pts',(0.,1.02165063509461,-5.5875));
#4950=CARTESIAN_POINT('Ctrl Pts',(-0.589850269189631,1.02165063509461,-5.55416666666667));
#4951=CARTESIAN_POINT('Ctrl Pts',(-0.884775403784447,0.510825317547301,
-5.52083333333334));
#4952=CARTESIAN_POINT('Ctrl Pts',(-1.17970053837926,-9.04066841213661E-15,
-5.4875));
#4953=CARTESIAN_POINT('Ctrl Pts',(-0.884775403784447,-0.510825317547319,
-5.45416666666667));
#4954=CARTESIAN_POINT('Ctrl Pts',(-0.589850269189632,-1.02165063509463,
-5.42083333333334));
#4955=CARTESIAN_POINT('Ctrl Pts',(-1.25116118011549E-16,-1.02165063509463,
-5.3875));
#4956=CARTESIAN_POINT('Ctrl Pts',(0.589850269189631,-1.02165063509463,-5.35416666666667));
#4957=CARTESIAN_POINT('Ctrl Pts',(0.884775403784447,-0.51082531754732,-5.32083333333334));
#4958=CARTESIAN_POINT('Ctrl Pts',(1.17970053837926,-9.32961170979233E-15,
-5.2875));
#4959=CARTESIAN_POINT('Ctrl Pts',(0.884775403784448,0.510825317547301,-5.25416666666667));
#4960=CARTESIAN_POINT('Ctrl Pts',(0.589850269189632,1.02165063509461,-5.22083333333334));
#4961=CARTESIAN_POINT('Ctrl Pts',(0.,1.02165063509461,-5.1875));
#4962=CARTESIAN_POINT('Ctrl Pts',(-0.589850269189631,1.02165063509461,-5.15416666666667));
#4963=CARTESIAN_POINT('Ctrl Pts',(-0.884775403784447,0.510825317547301,
-5.12083333333334));
#4964=CARTESIAN_POINT('Ctrl Pts',(-1.17970053837926,-9.04066841213661E-15,
-5.0875));
#4965=CARTESIAN_POINT('Ctrl Pts',(-0.884775403784447,-0.510825317547319,
-5.05416666666667));
#4966=CARTESIAN_POINT('Ctrl Pts',(-0.589850269189632,-1.02165063509463,
-5.02083333333334));
#4967=CARTESIAN_POINT('Ctrl Pts',(-1.25116118011549E-16,-1.02165063509463,
-4.9875));
#4968=CARTESIAN_POINT('Ctrl Pts',(0.589850269189631,-1.02165063509463,-4.95416666666667));
#4969=CARTESIAN_POINT('Ctrl Pts',(0.884775403784447,-0.51082531754732,-4.92083333333334));
#4970=CARTESIAN_POINT('Ctrl Pts',(1.17970053837926,-9.32961170979233E-15,
-4.8875));
#4971=CARTESIAN_POINT('Ctrl Pts',(0.884775403784448,0.510825317547301,-4.85416666666667));
#4972=CARTESIAN_POINT('Ctrl Pts',(0.589850269189632,1.02165063509461,-4.82083333333334));
#4973=CARTESIAN_POINT('Ctrl Pts',(0.,1.02165063509461,-4.7875));
#4974=CARTESIAN_POINT('Ctrl Pts',(-0.589850269189631,1.02165063509461,-4.75416666666667));
#4975=CARTESIAN_POINT('Ctrl Pts',(-0.884775403784447,0.510825317547301,
-4.72083333333334));
#4976=CARTESIAN_POINT('Ctrl Pts',(-1.17970053837926,-9.04066841213661E-15,
-4.6875));
#4977=CARTESIAN_POINT('Ctrl Pts',(-0.884775403784447,-0.510825317547319,
-4.65416666666667));
#4978=CARTESIAN_POINT('Ctrl Pts',(-0.589850269189632,-1.02165063509463,
-4.62083333333334));
#4979=CARTESIAN_POINT('Ctrl Pts',(-1.25116118011549E-16,-1.02165063509463,
-4.5875));
#4980=CARTESIAN_POINT('Ctrl Pts',(0.589850269189631,-1.02165063509463,-4.55416666666667));
#4981=CARTESIAN_POINT('Ctrl Pts',(0.884775403784447,-0.51082531754732,-4.52083333333334));
#4982=CARTESIAN_POINT('Ctrl Pts',(1.17970053837926,-9.32961170979233E-15,
-4.4875));
#4983=CARTESIAN_POINT('Ctrl Pts',(0.884775403784448,0.510825317547301,-4.45416666666667));
#4984=CARTESIAN_POINT('Ctrl Pts',(0.589850269189632,1.02165063509461,-4.42083333333334));
#4985=CARTESIAN_POINT('Ctrl Pts',(0.,1.02165063509461,-4.3875));
#4986=CARTESIAN_POINT('Ctrl Pts',(-0.589850269189631,1.02165063509461,-4.35416666666667));
#4987=CARTESIAN_POINT('Ctrl Pts',(-0.884775403784447,0.510825317547301,
-4.32083333333334));
#4988=CARTESIAN_POINT('Ctrl Pts',(-1.17970053837926,-9.04066841213661E-15,
-4.2875));
#4989=CARTESIAN_POINT('Ctrl Pts',(-0.884775403784447,-0.510825317547319,
-4.25416666666667));
#4990=CARTESIAN_POINT('Ctrl Pts',(-0.589850269189632,-1.02165063509463,
-4.22083333333333));
#4991=CARTESIAN_POINT('Ctrl Pts',(-1.25116118011549E-16,-1.02165063509463,
-4.1875));
#4992=CARTESIAN_POINT('Ctrl Pts',(0.589850269189631,-1.02165063509463,-4.15416666666667));
#4993=CARTESIAN_POINT('Ctrl Pts',(0.884775403784447,-0.51082531754732,-4.12083333333334));
#4994=CARTESIAN_POINT('Ctrl Pts',(1.17970053837926,-9.32961170979233E-15,
-4.0875));
#4995=CARTESIAN_POINT('Ctrl Pts',(0.884775403784448,0.510825317547301,-4.05416666666667));
#4996=CARTESIAN_POINT('Ctrl Pts',(0.589850269189632,1.02165063509461,-4.02083333333334));
#4997=CARTESIAN_POINT('Ctrl Pts',(0.,1.02165063509461,-3.9875));
#4998=CARTESIAN_POINT('Ctrl Pts',(-0.589850269189631,1.02165063509461,-3.95416666666667));
#4999=CARTESIAN_POINT('Ctrl Pts',(-0.884775403784447,0.510825317547301,
-3.92083333333334));
#5000=CARTESIAN_POINT('Ctrl Pts',(-1.17970053837926,-9.04066841213661E-15,
-3.8875));
#5001=CARTESIAN_POINT('Ctrl Pts',(-0.884775403784447,-0.510825317547319,
-3.85416666666667));
#5002=CARTESIAN_POINT('Ctrl Pts',(-0.589850269189632,-1.02165063509463,
-3.82083333333334));
#5003=CARTESIAN_POINT('Ctrl Pts',(-1.25116118011549E-16,-1.02165063509463,
-3.7875));
#5004=CARTESIAN_POINT('Ctrl Pts',(0.589850269189631,-1.02165063509463,-3.75416666666667));
#5005=CARTESIAN_POINT('Ctrl Pts',(0.884775403784447,-0.51082531754732,-3.72083333333334));
#5006=CARTESIAN_POINT('Ctrl Pts',(1.17970053837926,-9.32961170979233E-15,
-3.6875));
#5007=CARTESIAN_POINT('Ctrl Pts',(0.884775403784448,0.510825317547301,-3.65416666666667));
#5008=CARTESIAN_POINT('Ctrl Pts',(0.589850269189632,1.02165063509461,-3.62083333333334));
#5009=CARTESIAN_POINT('Ctrl Pts',(0.,1.02165063509461,-3.5875));
#5010=CARTESIAN_POINT('Ctrl Pts',(-0.589850269189631,1.02165063509461,-3.55416666666667));
#5011=CARTESIAN_POINT('Ctrl Pts',(-0.884775403784447,0.510825317547301,
-3.52083333333334));
#5012=CARTESIAN_POINT('Ctrl Pts',(-1.17970053837926,-9.04066841213661E-15,
-3.4875));
#5013=CARTESIAN_POINT('Ctrl Pts',(-0.884775403784447,-0.510825317547319,
-3.45416666666667));
#5014=CARTESIAN_POINT('Ctrl Pts',(-0.589850269189632,-1.02165063509463,
-3.42083333333334));
#5015=CARTESIAN_POINT('Ctrl Pts',(-1.25116118011549E-16,-1.02165063509463,
-3.3875));
#5016=CARTESIAN_POINT('Ctrl Pts',(0.589850269189631,-1.02165063509463,-3.35416666666667));
#5017=CARTESIAN_POINT('Ctrl Pts',(0.884775403784447,-0.51082531754732,-3.32083333333334));
#5018=CARTESIAN_POINT('Ctrl Pts',(1.17970053837926,-9.32961170979233E-15,
-3.2875));
#5019=CARTESIAN_POINT('Ctrl Pts',(0.884775403784448,0.510825317547301,-3.25416666666667));
#5020=CARTESIAN_POINT('Ctrl Pts',(0.589850269189632,1.02165063509461,-3.22083333333334));
#5021=CARTESIAN_POINT('Ctrl Pts',(0.,1.02165063509461,-3.1875));
#5022=CARTESIAN_POINT('Ctrl Pts',(-0.589850269189631,1.02165063509461,-3.15416666666667));
#5023=CARTESIAN_POINT('Ctrl Pts',(-0.884775403784447,0.510825317547301,
-3.12083333333334));
#5024=CARTESIAN_POINT('Ctrl Pts',(-1.17970053837926,-9.04066841213661E-15,
-3.0875));
#5025=CARTESIAN_POINT('Ctrl Pts',(-0.884775403784447,-0.510825317547319,
-3.05416666666667));
#5026=CARTESIAN_POINT('Ctrl Pts',(-0.589850269189632,-1.02165063509463,
-3.02083333333334));
#5027=CARTESIAN_POINT('Ctrl Pts',(-1.25116118011549E-16,-1.02165063509463,
-2.9875));
#5028=CARTESIAN_POINT('Ctrl Pts',(0.589850269189631,-1.02165063509463,-2.95416666666667));
#5029=CARTESIAN_POINT('Ctrl Pts',(0.884775403784447,-0.51082531754732,-2.92083333333334));
#5030=CARTESIAN_POINT('Ctrl Pts',(1.17970053837926,-9.32961170979233E-15,
-2.8875));
#5031=CARTESIAN_POINT('Ctrl Pts',(0.884775403784448,0.510825317547301,-2.85416666666667));
#5032=CARTESIAN_POINT('Ctrl Pts',(0.589850269189632,1.02165063509461,-2.82083333333334));
#5033=CARTESIAN_POINT('Ctrl Pts',(0.,1.02165063509461,-2.7875));
#5034=CARTESIAN_POINT('Ctrl Pts',(-0.589850269189631,1.02165063509461,-2.75416666666667));
#5035=CARTESIAN_POINT('Ctrl Pts',(-0.884775403784447,0.510825317547301,
-2.72083333333334));
#5036=CARTESIAN_POINT('Ctrl Pts',(-1.17970053837926,-9.04066841213661E-15,
-2.6875));
#5037=CARTESIAN_POINT('Ctrl Pts',(-0.884775403784447,-0.510825317547319,
-2.65416666666667));
#5038=CARTESIAN_POINT('Ctrl Pts',(-0.589850269189632,-1.02165063509463,
-2.62083333333334));
#5039=CARTESIAN_POINT('Ctrl Pts',(-1.25116118011549E-16,-1.02165063509463,
-2.5875));
#5040=CARTESIAN_POINT('Ctrl Pts',(0.589850269189631,-1.02165063509463,-2.55416666666667));
#5041=CARTESIAN_POINT('Ctrl Pts',(0.884775403784447,-0.51082531754732,-2.52083333333334));
#5042=CARTESIAN_POINT('Ctrl Pts',(1.17970053837926,-9.32961170979233E-15,
-2.4875));
#5043=CARTESIAN_POINT('Ctrl Pts',(0.884775403784448,0.510825317547301,-2.45416666666667));
#5044=CARTESIAN_POINT('Ctrl Pts',(0.589850269189632,1.02165063509461,-2.42083333333334));
#5045=CARTESIAN_POINT('Ctrl Pts',(0.,1.02165063509461,-2.3875));
#5046=CARTESIAN_POINT('Ctrl Pts',(-0.589850269189631,1.02165063509461,-2.35416666666667));
#5047=CARTESIAN_POINT('Ctrl Pts',(-0.884775403784447,0.510825317547301,
-2.32083333333334));
#5048=CARTESIAN_POINT('Ctrl Pts',(-1.17970053837926,-9.04066841213661E-15,
-2.2875));
#5049=CARTESIAN_POINT('Ctrl Pts',(-0.884775403784447,-0.510825317547319,
-2.25416666666667));
#5050=CARTESIAN_POINT('Ctrl Pts',(-0.589850269189632,-1.02165063509463,
-2.22083333333334));
#5051=CARTESIAN_POINT('Ctrl Pts',(-1.25116118011549E-16,-1.02165063509463,
-2.1875));
#5052=CARTESIAN_POINT('Ctrl Pts',(0.589850269189631,-1.02165063509463,-2.15416666666667));
#5053=CARTESIAN_POINT('Ctrl Pts',(0.884775403784447,-0.51082531754732,-2.12083333333334));
#5054=CARTESIAN_POINT('Ctrl Pts',(1.17970053837926,-9.32961170979233E-15,
-2.0875));
#5055=CARTESIAN_POINT('Ctrl Pts',(0.884775403784448,0.510825317547301,-2.05416666666667));
#5056=CARTESIAN_POINT('Ctrl Pts',(0.589850269189632,1.02165063509461,-2.02083333333334));
#5057=CARTESIAN_POINT('Ctrl Pts',(0.,1.02165063509461,-1.9875));
#5058=CARTESIAN_POINT('Ctrl Pts',(-0.589850269189631,1.02165063509461,-1.95416666666667));
#5059=CARTESIAN_POINT('Ctrl Pts',(-0.884775403784447,0.510825317547301,
-1.92083333333334));
#5060=CARTESIAN_POINT('Ctrl Pts',(-1.17970053837926,-9.04066841213661E-15,
-1.8875));
#5061=CARTESIAN_POINT('Ctrl Pts',(-0.884775403784447,-0.510825317547319,
-1.85416666666667));
#5062=CARTESIAN_POINT('Ctrl Pts',(-0.589850269189632,-1.02165063509463,
-1.82083333333334));
#5063=CARTESIAN_POINT('Ctrl Pts',(-1.25116118011549E-16,-1.02165063509463,
-1.7875));
#5064=CARTESIAN_POINT('Ctrl Pts',(0.589850269189631,-1.02165063509463,-1.75416666666667));
#5065=CARTESIAN_POINT('Ctrl Pts',(0.884775403784447,-0.51082531754732,-1.72083333333334));
#5066=CARTESIAN_POINT('Ctrl Pts',(1.17970053837926,-9.32961170979233E-15,
-1.6875));
#5067=CARTESIAN_POINT('Ctrl Pts',(0.884775403784448,0.510825317547301,-1.65416666666667));
#5068=CARTESIAN_POINT('Ctrl Pts',(0.589850269189632,1.02165063509461,-1.62083333333334));
#5069=CARTESIAN_POINT('Ctrl Pts',(0.,1.02165063509461,-1.5875));
#5070=CARTESIAN_POINT('Ctrl Pts',(-0.589850269189631,1.02165063509461,-1.55416666666667));
#5071=CARTESIAN_POINT('Ctrl Pts',(-0.884775403784447,0.510825317547301,
-1.52083333333334));
#5072=CARTESIAN_POINT('Ctrl Pts',(-1.17970053837926,-9.04066841213661E-15,
-1.4875));
#5073=CARTESIAN_POINT('Ctrl Pts',(-0.884775403784447,-0.510825317547319,
-1.45416666666667));
#5074=CARTESIAN_POINT('Ctrl Pts',(-0.589850269189632,-1.02165063509463,
-1.42083333333334));
#5075=CARTESIAN_POINT('Ctrl Pts',(-1.25116118011549E-16,-1.02165063509463,
-1.3875));
#5076=CARTESIAN_POINT('Ctrl Pts',(0.589850269189631,-1.02165063509463,-1.35416666666667));
#5077=CARTESIAN_POINT('Ctrl Pts',(0.884775403784447,-0.51082531754732,-1.32083333333334));
#5078=CARTESIAN_POINT('Ctrl Pts',(1.17970053837926,-9.32961170979233E-15,
-1.2875));
#5079=CARTESIAN_POINT('Ctrl Pts',(0.884775403784448,0.510825317547301,-1.25416666666667));
#5080=CARTESIAN_POINT('Ctrl Pts',(0.589850269189632,1.02165063509461,-1.22083333333334));
#5081=CARTESIAN_POINT('Ctrl Pts',(0.,1.02165063509461,-1.1875));
#5082=CARTESIAN_POINT('Ctrl Pts',(-0.589850269189631,1.02165063509461,-1.15416666666667));
#5083=CARTESIAN_POINT('Ctrl Pts',(-0.884775403784447,0.510825317547301,
-1.12083333333334));
#5084=CARTESIAN_POINT('Ctrl Pts',(-1.17970053837926,-9.04066841213661E-15,
-1.0875));
#5085=CARTESIAN_POINT('Ctrl Pts',(-0.884775403784447,-0.510825317547319,
-1.05416666666667));
#5086=CARTESIAN_POINT('Ctrl Pts',(-0.589850269189632,-1.02165063509463,
-1.02083333333334));
#5087=CARTESIAN_POINT('Ctrl Pts',(-1.25116118011549E-16,-1.02165063509463,
-0.987500000000002));
#5088=CARTESIAN_POINT('Ctrl Pts',(0.589850269189631,-1.02165063509463,-0.954166666666669));
#5089=CARTESIAN_POINT('Ctrl Pts',(0.884775403784447,-0.51082531754732,-0.920833333333335));
#5090=CARTESIAN_POINT('Ctrl Pts',(1.17970053837926,-9.32961170979233E-15,
-0.887500000000002));
#5091=CARTESIAN_POINT('Ctrl Pts',(0.884775403784448,0.510825317547301,-0.854166666666669));
#5092=CARTESIAN_POINT('Ctrl Pts',(0.589850269189632,1.02165063509461,-0.820833333333336));
#5093=CARTESIAN_POINT('Ctrl Pts',(0.,1.02165063509461,-0.787500000000002));
#5094=CARTESIAN_POINT('Ctrl Pts',(-0.589850269189631,1.02165063509461,-0.754166666666669));
#5095=CARTESIAN_POINT('Ctrl Pts',(-0.884775403784447,0.510825317547301,
-0.720833333333335));
#5096=CARTESIAN_POINT('Ctrl Pts',(-1.17970053837926,-9.04066841213661E-15,
-0.687500000000002));
#5097=CARTESIAN_POINT('Ctrl Pts',(-0.884775403784447,-0.510825317547319,
-0.654166666666668));
#5098=CARTESIAN_POINT('Ctrl Pts',(-0.589850269189632,-1.02165063509463,
-0.620833333333335));
#5099=CARTESIAN_POINT('Ctrl Pts',(-1.25116118011549E-16,-1.02165063509463,
-0.587500000000002));
#5100=CARTESIAN_POINT('Ctrl Pts',(0.589850269189631,-1.02165063509463,-0.554166666666669));
#5101=CARTESIAN_POINT('Ctrl Pts',(0.884775403784447,-0.51082531754732,-0.520833333333336));
#5102=CARTESIAN_POINT('Ctrl Pts',(1.17970053837926,-9.32961170979233E-15,
-0.487500000000002));
#5103=CARTESIAN_POINT('Ctrl Pts',(0.884775403784448,0.510825317547301,-0.454166666666669));
#5104=CARTESIAN_POINT('Ctrl Pts',(0.589850269189632,1.02165063509461,-0.420833333333336));
#5105=CARTESIAN_POINT('Ctrl Pts',(0.,1.02165063509461,-0.387500000000002));
#5106=CARTESIAN_POINT('Ctrl Pts',(-0.589850269189631,1.02165063509461,-0.354166666666668));
#5107=CARTESIAN_POINT('Ctrl Pts',(-0.884775403784447,0.510825317547301,
-0.320833333333335));
#5108=CARTESIAN_POINT('Ctrl Pts',(-1.17970053837926,-9.04066841213661E-15,
-0.287500000000002));
#5109=CARTESIAN_POINT('Ctrl Pts',(-0.884775403784447,-0.510825317547319,
-0.254166666666669));
#5110=CARTESIAN_POINT('Ctrl Pts',(-0.589850269189632,-1.02165063509463,
-0.220833333333335));
#5111=CARTESIAN_POINT('Ctrl Pts',(-1.25116118011549E-16,-1.02165063509463,
-0.187500000000002));
#5112=CARTESIAN_POINT('Ctrl Pts',(0.589850269189631,-1.02165063509463,-0.154166666666669));
#5113=CARTESIAN_POINT('Ctrl Pts',(0.884775403784447,-0.51082531754732,-0.120833333333336));
#5114=CARTESIAN_POINT('Ctrl Pts',(1.17970053837926,-9.32961170979233E-15,
-0.0875000000000025));
#5115=CARTESIAN_POINT('Ctrl Pts',(0.884775403784448,0.510825317547301,-0.0541666666666685));
#5116=CARTESIAN_POINT('Ctrl Pts',(0.589850269189632,1.02165063509461,-0.0208333333333354));
#5117=CARTESIAN_POINT('Ctrl Pts',(0.,1.02165063509461,0.0124999999999978));
#5118=CARTESIAN_POINT('Ctrl Pts',(-0.589850269189631,1.02165063509461,0.0458333333333309));
#5119=CARTESIAN_POINT('Ctrl Pts',(-0.884775403784447,0.510825317547301,
0.0791666666666649));
#5120=CARTESIAN_POINT('Ctrl Pts',(-1.17970053837926,-9.04066841213661E-15,
0.112499999999998));
#5121=CARTESIAN_POINT('Ctrl Pts',(-0.884775403784447,-0.510825317547319,
0.145833333333331));
#5122=CARTESIAN_POINT('Ctrl Pts',(-0.589850269189632,-1.02165063509463,
0.179166666666664));
#5123=CARTESIAN_POINT('Ctrl Pts',(-1.25116118011549E-16,-1.02165063509463,
0.212499999999998));
#5124=CARTESIAN_POINT('Ctrl Pts',(0.589850269189631,-1.02165063509463,0.245833333333331));
#5125=CARTESIAN_POINT('Ctrl Pts',(0.884775403784447,-0.51082531754732,0.279166666666665));
#5126=CARTESIAN_POINT('Ctrl Pts',(1.17970053837926,-9.32961170979233E-15,
0.312499999999998));
#5127=CARTESIAN_POINT('Ctrl Pts',(0.884775403784448,0.510825317547301,0.345833333333332));
#5128=CARTESIAN_POINT('Ctrl Pts',(0.589850269189632,1.02165063509461,0.379166666666665));
#5129=CARTESIAN_POINT('Ctrl Pts',(0.,1.02165063509461,0.412499999999998));
#5130=CARTESIAN_POINT('Ctrl Pts',(-0.589850269189631,1.02165063509461,0.445833333333331));
#5131=CARTESIAN_POINT('Ctrl Pts',(-0.884775403784447,0.510825317547301,
0.479166666666664));
#5132=CARTESIAN_POINT('Ctrl Pts',(-1.17970053837926,-9.04066841213661E-15,
0.512499999999998));
#5133=CARTESIAN_POINT('Ctrl Pts',(-0.884775403784447,-0.510825317547319,
0.545833333333331));
#5134=CARTESIAN_POINT('Ctrl Pts',(-0.589850269189632,-1.02165063509463,
0.579166666666664));
#5135=CARTESIAN_POINT('Ctrl Pts',(-1.25116118011549E-16,-1.02165063509463,
0.612499999999998));
#5136=CARTESIAN_POINT('Ctrl Pts',(0.589850269189631,-1.02165063509463,0.645833333333332));
#5137=CARTESIAN_POINT('Ctrl Pts',(0.884775403784447,-0.51082531754732,0.679166666666665));
#5138=CARTESIAN_POINT('Ctrl Pts',(1.17970053837926,-9.32961170979233E-15,
0.712499999999998));
#5139=CARTESIAN_POINT('Ctrl Pts',(0.884775403784448,0.510825317547301,0.745833333333331));
#5140=CARTESIAN_POINT('Ctrl Pts',(0.589850269189632,1.02165063509461,0.779166666666665));
#5141=CARTESIAN_POINT('Ctrl Pts',(0.,1.02165063509461,0.812499999999998));
#5142=CARTESIAN_POINT('Ctrl Pts',(-0.589850269189631,1.02165063509461,0.845833333333331));
#5143=CARTESIAN_POINT('Ctrl Pts',(-0.884775403784447,0.510825317547301,
0.879166666666664));
#5144=CARTESIAN_POINT('Ctrl Pts',(-1.17970053837926,-9.04066841213661E-15,
0.912499999999998));
#5145=CARTESIAN_POINT('Ctrl Pts',(-0.884775403784447,-0.510825317547319,
0.945833333333332));
#5146=CARTESIAN_POINT('Ctrl Pts',(-0.589850269189632,-1.02165063509463,
0.979166666666665));
#5147=CARTESIAN_POINT('Ctrl Pts',(-1.25116118011549E-16,-1.02165063509463,
1.0125));
#5148=CARTESIAN_POINT('Ctrl Pts',(0.589850269189631,-1.02165063509463,1.04583333333333));
#5149=CARTESIAN_POINT('Ctrl Pts',(0.884775403784447,-0.51082531754732,1.07916666666666));
#5150=CARTESIAN_POINT('Ctrl Pts',(1.17970053837926,-9.32961170979233E-15,
1.1125));
#5151=CARTESIAN_POINT('Ctrl Pts',(0.884775403784448,0.510825317547301,1.14583333333333));
#5152=CARTESIAN_POINT('Ctrl Pts',(0.589850269189632,1.02165063509461,1.17916666666666));
#5153=CARTESIAN_POINT('Ctrl Pts',(0.,1.02165063509461,1.2125));
#5154=CARTESIAN_POINT('Ctrl Pts',(-0.589850269189631,1.02165063509461,1.24583333333333));
#5155=CARTESIAN_POINT('Ctrl Pts',(-0.884775403784447,0.510825317547301,
1.27916666666666));
#5156=CARTESIAN_POINT('Ctrl Pts',(-1.17970053837926,-9.04066841213661E-15,
1.3125));
#5157=CARTESIAN_POINT('Ctrl Pts',(-0.884775403784447,-0.510825317547319,
1.34583333333333));
#5158=CARTESIAN_POINT('Ctrl Pts',(-0.589850269189632,-1.02165063509463,
1.37916666666666));
#5159=CARTESIAN_POINT('Ctrl Pts',(-1.25116118011549E-16,-1.02165063509463,
1.4125));
#5160=CARTESIAN_POINT('Ctrl Pts',(0.589850269189631,-1.02165063509463,1.44583333333333));
#5161=CARTESIAN_POINT('Ctrl Pts',(0.884775403784447,-0.51082531754732,1.47916666666666));
#5162=CARTESIAN_POINT('Ctrl Pts',(1.17970053837926,-9.32961170979233E-15,
1.5125));
#5163=CARTESIAN_POINT('Ctrl Pts',(0.884775403784448,0.510825317547301,1.54583333333333));
#5164=CARTESIAN_POINT('Ctrl Pts',(0.589850269189632,1.02165063509461,1.57916666666666));
#5165=CARTESIAN_POINT('Ctrl Pts',(0.,1.02165063509461,1.6125));
#5166=CARTESIAN_POINT('Ctrl Pts',(-0.589850269189631,1.02165063509461,1.64583333333333));
#5167=CARTESIAN_POINT('Ctrl Pts',(-0.884775403784447,0.510825317547301,
1.67916666666666));
#5168=CARTESIAN_POINT('Ctrl Pts',(-1.17970053837926,-9.04066841213661E-15,
1.7125));
#5169=CARTESIAN_POINT('Ctrl Pts',(-0.884775403784447,-0.510825317547319,
1.74583333333333));
#5170=CARTESIAN_POINT('Ctrl Pts',(-0.589850269189632,-1.02165063509463,
1.77916666666667));
#5171=CARTESIAN_POINT('Ctrl Pts',(-1.25116118011549E-16,-1.02165063509463,
1.8125));
#5172=CARTESIAN_POINT('Ctrl Pts',(0.589850269189631,-1.02165063509463,1.84583333333333));
#5173=CARTESIAN_POINT('Ctrl Pts',(0.884775403784447,-0.51082531754732,1.87916666666667));
#5174=CARTESIAN_POINT('Ctrl Pts',(1.17970053837926,-9.32961170979233E-15,
1.9125));
#5175=CARTESIAN_POINT('Ctrl Pts',(0.884775403784448,0.510825317547301,1.94583333333333));
#5176=CARTESIAN_POINT('Ctrl Pts',(0.589850269189632,1.02165063509461,1.97916666666666));
#5177=CARTESIAN_POINT('Ctrl Pts',(0.,1.02165063509461,2.0125));
#5178=CARTESIAN_POINT('Ctrl Pts',(-0.589850269189631,1.02165063509461,2.04583333333333));
#5179=CARTESIAN_POINT('Ctrl Pts',(-0.884775403784447,0.510825317547301,
2.07916666666666));
#5180=CARTESIAN_POINT('Ctrl Pts',(-1.17970053837926,-9.04066841213661E-15,
2.1125));
#5181=CARTESIAN_POINT('Ctrl Pts',(-0.884775403784447,-0.510825317547319,
2.14583333333333));
#5182=CARTESIAN_POINT('Ctrl Pts',(-0.589850269189632,-1.02165063509463,
2.17916666666667));
#5183=CARTESIAN_POINT('Ctrl Pts',(-1.25116118011549E-16,-1.02165063509463,
2.2125));
#5184=CARTESIAN_POINT('Ctrl Pts',(0.589850269189631,-1.02165063509463,2.24583333333333));
#5185=CARTESIAN_POINT('Ctrl Pts',(0.884775403784447,-0.51082531754732,2.27916666666666));
#5186=CARTESIAN_POINT('Ctrl Pts',(1.17970053837926,-9.32961170979233E-15,
2.3125));
#5187=CARTESIAN_POINT('Ctrl Pts',(0.884775403784448,0.510825317547301,2.34583333333333));
#5188=CARTESIAN_POINT('Ctrl Pts',(0.589850269189632,1.02165063509461,2.37916666666666));
#5189=CARTESIAN_POINT('Ctrl Pts',(0.,1.02165063509461,2.4125));
#5190=CARTESIAN_POINT('Ctrl Pts',(-0.589850269189631,1.02165063509461,2.44583333333333));
#5191=CARTESIAN_POINT('Ctrl Pts',(-0.884775403784447,0.510825317547301,
2.47916666666667));
#5192=CARTESIAN_POINT('Ctrl Pts',(-1.17970053837926,-9.04066841213661E-15,
2.5125));
#5193=CARTESIAN_POINT('Ctrl Pts',(-0.884775403784447,-0.510825317547319,
2.54583333333333));
#5194=CARTESIAN_POINT('Ctrl Pts',(-0.589850269189632,-1.02165063509463,
2.57916666666666));
#5195=CARTESIAN_POINT('Ctrl Pts',(-1.25116118011549E-16,-1.02165063509463,
2.6125));
#5196=CARTESIAN_POINT('Ctrl Pts',(0.589850269189631,-1.02165063509463,2.64583333333333));
#5197=CARTESIAN_POINT('Ctrl Pts',(0.884775403784447,-0.51082531754732,2.67916666666666));
#5198=CARTESIAN_POINT('Ctrl Pts',(1.17970053837926,-9.32961170979233E-15,
2.7125));
#5199=CARTESIAN_POINT('Ctrl Pts',(0.884775403784448,0.510825317547301,2.74583333333333));
#5200=CARTESIAN_POINT('Ctrl Pts',(0.589850269189632,1.02165063509461,2.77916666666667));
#5201=CARTESIAN_POINT('Ctrl Pts',(0.,1.02165063509461,2.8125));
#5202=CARTESIAN_POINT('Ctrl Pts',(-0.589850269189631,1.02165063509461,2.84583333333333));
#5203=CARTESIAN_POINT('Ctrl Pts',(-0.884775403784447,0.510825317547301,
2.87916666666666));
#5204=CARTESIAN_POINT('Ctrl Pts',(-1.17970053837926,-9.04066841213661E-15,
2.9125));
#5205=CARTESIAN_POINT('Ctrl Pts',(-0.884775403784447,-0.510825317547319,
2.94583333333333));
#5206=CARTESIAN_POINT('Ctrl Pts',(-0.589850269189632,-1.02165063509463,
2.97916666666667));
#5207=CARTESIAN_POINT('Ctrl Pts',(-1.25116118011549E-16,-1.02165063509463,
3.0125));
#5208=CARTESIAN_POINT('Ctrl Pts',(0.589850269189631,-1.02165063509463,3.04583333333333));
#5209=CARTESIAN_POINT('Ctrl Pts',(0.884775403784447,-0.51082531754732,3.07916666666666));
#5210=CARTESIAN_POINT('Ctrl Pts',(1.17970053837926,-9.32961170979233E-15,
3.1125));
#5211=CARTESIAN_POINT('Ctrl Pts',(0.884775403784448,0.510825317547301,3.14583333333333));
#5212=CARTESIAN_POINT('Ctrl Pts',(0.589850269189632,1.02165063509461,3.17916666666666));
#5213=CARTESIAN_POINT('Ctrl Pts',(0.,1.02165063509461,3.2125));
#5214=CARTESIAN_POINT('Ctrl Pts',(-0.589850269189631,1.02165063509461,3.24583333333333));
#5215=CARTESIAN_POINT('Ctrl Pts',(-0.884775403784447,0.510825317547301,
3.27916666666667));
#5216=CARTESIAN_POINT('Ctrl Pts',(-1.17970053837926,-9.04066841213661E-15,
3.3125));
#5217=CARTESIAN_POINT('Ctrl Pts',(-0.884775403784447,-0.510825317547319,
3.34583333333333));
#5218=CARTESIAN_POINT('Ctrl Pts',(-0.589850269189632,-1.02165063509463,
3.37916666666666));
#5219=CARTESIAN_POINT('Ctrl Pts',(-1.25116118011549E-16,-1.02165063509463,
3.4125));
#5220=CARTESIAN_POINT('Ctrl Pts',(0.589850269189631,-1.02165063509463,3.44583333333333));
#5221=CARTESIAN_POINT('Ctrl Pts',(0.884775403784447,-0.51082531754732,3.47916666666666));
#5222=CARTESIAN_POINT('Ctrl Pts',(1.17970053837926,-9.32961170979233E-15,
3.5125));
#5223=CARTESIAN_POINT('Ctrl Pts',(0.884775403784448,0.510825317547301,3.54583333333333));
#5224=CARTESIAN_POINT('Ctrl Pts',(0.589850269189632,1.02165063509461,3.57916666666667));
#5225=CARTESIAN_POINT('Ctrl Pts',(0.,1.02165063509461,3.6125));
#5226=CARTESIAN_POINT('Ctrl Pts',(-0.589850269189631,1.02165063509461,3.64583333333333));
#5227=CARTESIAN_POINT('Ctrl Pts',(-0.884775403784447,0.510825317547301,
3.67916666666666));
#5228=CARTESIAN_POINT('Ctrl Pts',(-1.17970053837926,-9.04066841213661E-15,
3.7125));
#5229=CARTESIAN_POINT('Ctrl Pts',(-0.884775403784447,-0.510825317547319,
3.74583333333333));
#5230=CARTESIAN_POINT('Ctrl Pts',(-0.589850269189632,-1.02165063509463,
3.77916666666666));
#5231=CARTESIAN_POINT('Ctrl Pts',(-1.25116118011549E-16,-1.02165063509463,
3.8125));
#5232=CARTESIAN_POINT('Ctrl Pts',(0.589850269189631,-1.02165063509463,3.84583333333333));
#5233=CARTESIAN_POINT('Ctrl Pts',(0.884775403784447,-0.51082531754732,3.87916666666667));
#5234=CARTESIAN_POINT('Ctrl Pts',(1.17970053837926,-9.32961170979233E-15,
3.9125));
#5235=CARTESIAN_POINT('Ctrl Pts',(0.884775403784448,0.510825317547301,3.94583333333333));
#5236=CARTESIAN_POINT('Ctrl Pts',(0.589850269189632,1.02165063509461,3.97916666666667));
#5237=CARTESIAN_POINT('Ctrl Pts',(0.,1.02165063509461,4.0125));
#5238=CARTESIAN_POINT('Ctrl Pts',(-0.589850269189631,1.02165063509461,4.04583333333333));
#5239=CARTESIAN_POINT('Ctrl Pts',(-0.884775403784447,0.510825317547301,
4.07916666666666));
#5240=CARTESIAN_POINT('Ctrl Pts',(-1.17970053837926,-9.04066841213661E-15,
4.1125));
#5241=CARTESIAN_POINT('Ctrl Pts',(-0.884775403784447,-0.510825317547319,
4.14583333333333));
#5242=CARTESIAN_POINT('Ctrl Pts',(-0.589850269189632,-1.02165063509463,
4.17916666666667));
#5243=CARTESIAN_POINT('Ctrl Pts',(-1.25116118011549E-16,-1.02165063509463,
4.2125));
#5244=CARTESIAN_POINT('Ctrl Pts',(0.589850269189631,-1.02165063509463,4.24583333333333));
#5245=CARTESIAN_POINT('Ctrl Pts',(0.884775403784447,-0.51082531754732,4.27916666666666));
#5246=CARTESIAN_POINT('Ctrl Pts',(1.17970053837926,-9.32961170979233E-15,
4.3125));
#5247=CARTESIAN_POINT('Ctrl Pts',(0.884775403784448,0.510825317547301,4.34583333333333));
#5248=CARTESIAN_POINT('Ctrl Pts',(0.589850269189632,1.02165063509461,4.37916666666666));
#5249=CARTESIAN_POINT('Ctrl Pts',(0.,1.02165063509461,4.4125));
#5250=CARTESIAN_POINT('Ctrl Pts',(0.,0.740192378864664,-6.15));
#5251=CARTESIAN_POINT('Ctrl Pts',(-0.427350269189628,0.740192378864664,
-6.11666666666667));
#5252=CARTESIAN_POINT('Ctrl Pts',(-0.641025403784443,0.370096189432327,
-6.08333333333334));
#5253=CARTESIAN_POINT('Ctrl Pts',(-0.854700538379257,-9.06056892262276E-15,
-6.05));
#5254=CARTESIAN_POINT('Ctrl Pts',(-0.641025403784443,-0.370096189432345,
-6.01666666666667));
#5255=CARTESIAN_POINT('Ctrl Pts',(-0.427350269189629,-0.740192378864682,
-5.98333333333334));
#5256=CARTESIAN_POINT('Ctrl Pts',(-9.06474227529887E-17,-0.740192378864682,
-5.95));
#5257=CARTESIAN_POINT('Ctrl Pts',(0.427350269189628,-0.740192378864682,
-5.91666666666667));
#5258=CARTESIAN_POINT('Ctrl Pts',(0.641025403784443,-0.370096189432346,
-5.88333333333334));
#5259=CARTESIAN_POINT('Ctrl Pts',(0.854700538379257,-9.2699101783339E-15,
-5.85));
#5260=CARTESIAN_POINT('Ctrl Pts',(0.641025403784443,0.370096189432327,-5.81666666666667));
#5261=CARTESIAN_POINT('Ctrl Pts',(0.427350269189629,0.740192378864664,-5.78333333333334));
#5262=CARTESIAN_POINT('Ctrl Pts',(0.,0.740192378864664,-5.75));
#5263=CARTESIAN_POINT('Ctrl Pts',(-0.427350269189628,0.740192378864664,
-5.71666666666667));
#5264=CARTESIAN_POINT('Ctrl Pts',(-0.641025403784443,0.370096189432327,
-5.68333333333334));
#5265=CARTESIAN_POINT('Ctrl Pts',(-0.854700538379257,-9.06056892262276E-15,
-5.65));
#5266=CARTESIAN_POINT('Ctrl Pts',(-0.641025403784443,-0.370096189432345,
-5.61666666666667));
#5267=CARTESIAN_POINT('Ctrl Pts',(-0.427350269189629,-0.740192378864682,
-5.58333333333334));
#5268=CARTESIAN_POINT('Ctrl Pts',(-9.06474227529887E-17,-0.740192378864682,
-5.55));
#5269=CARTESIAN_POINT('Ctrl Pts',(0.427350269189628,-0.740192378864682,
-5.51666666666667));
#5270=CARTESIAN_POINT('Ctrl Pts',(0.641025403784443,-0.370096189432346,
-5.48333333333334));
#5271=CARTESIAN_POINT('Ctrl Pts',(0.854700538379257,-9.2699101783339E-15,
-5.45));
#5272=CARTESIAN_POINT('Ctrl Pts',(0.641025403784443,0.370096189432327,-5.41666666666667));
#5273=CARTESIAN_POINT('Ctrl Pts',(0.427350269189629,0.740192378864664,-5.38333333333334));
#5274=CARTESIAN_POINT('Ctrl Pts',(0.,0.740192378864664,-5.35));
#5275=CARTESIAN_POINT('Ctrl Pts',(-0.427350269189628,0.740192378864664,
-5.31666666666667));
#5276=CARTESIAN_POINT('Ctrl Pts',(-0.641025403784443,0.370096189432327,
-5.28333333333334));
#5277=CARTESIAN_POINT('Ctrl Pts',(-0.854700538379257,-9.06056892262276E-15,
-5.25));
#5278=CARTESIAN_POINT('Ctrl Pts',(-0.641025403784443,-0.370096189432345,
-5.21666666666667));
#5279=CARTESIAN_POINT('Ctrl Pts',(-0.427350269189629,-0.740192378864682,
-5.18333333333334));
#5280=CARTESIAN_POINT('Ctrl Pts',(-9.06474227529887E-17,-0.740192378864682,
-5.15));
#5281=CARTESIAN_POINT('Ctrl Pts',(0.427350269189628,-0.740192378864682,
-5.11666666666667));
#5282=CARTESIAN_POINT('Ctrl Pts',(0.641025403784443,-0.370096189432346,
-5.08333333333334));
#5283=CARTESIAN_POINT('Ctrl Pts',(0.854700538379257,-9.2699101783339E-15,
-5.05));
#5284=CARTESIAN_POINT('Ctrl Pts',(0.641025403784443,0.370096189432327,-5.01666666666667));
#5285=CARTESIAN_POINT('Ctrl Pts',(0.427350269189629,0.740192378864664,-4.98333333333334));
#5286=CARTESIAN_POINT('Ctrl Pts',(0.,0.740192378864664,-4.95));
#5287=CARTESIAN_POINT('Ctrl Pts',(-0.427350269189628,0.740192378864664,
-4.91666666666667));
#5288=CARTESIAN_POINT('Ctrl Pts',(-0.641025403784443,0.370096189432327,
-4.88333333333334));
#5289=CARTESIAN_POINT('Ctrl Pts',(-0.854700538379257,-9.06056892262276E-15,
-4.85));
#5290=CARTESIAN_POINT('Ctrl Pts',(-0.641025403784443,-0.370096189432345,
-4.81666666666667));
#5291=CARTESIAN_POINT('Ctrl Pts',(-0.427350269189629,-0.740192378864682,
-4.78333333333334));
#5292=CARTESIAN_POINT('Ctrl Pts',(-9.06474227529887E-17,-0.740192378864682,
-4.75));
#5293=CARTESIAN_POINT('Ctrl Pts',(0.427350269189628,-0.740192378864682,
-4.71666666666667));
#5294=CARTESIAN_POINT('Ctrl Pts',(0.641025403784443,-0.370096189432346,
-4.68333333333334));
#5295=CARTESIAN_POINT('Ctrl Pts',(0.854700538379257,-9.2699101783339E-15,
-4.65));
#5296=CARTESIAN_POINT('Ctrl Pts',(0.641025403784443,0.370096189432327,-4.61666666666667));
#5297=CARTESIAN_POINT('Ctrl Pts',(0.427350269189629,0.740192378864664,-4.58333333333334));
#5298=CARTESIAN_POINT('Ctrl Pts',(0.,0.740192378864664,-4.55));
#5299=CARTESIAN_POINT('Ctrl Pts',(-0.427350269189628,0.740192378864664,
-4.51666666666667));
#5300=CARTESIAN_POINT('Ctrl Pts',(-0.641025403784443,0.370096189432327,
-4.48333333333334));
#5301=CARTESIAN_POINT('Ctrl Pts',(-0.854700538379257,-9.06056892262276E-15,
-4.45));
#5302=CARTESIAN_POINT('Ctrl Pts',(-0.641025403784443,-0.370096189432345,
-4.41666666666667));
#5303=CARTESIAN_POINT('Ctrl Pts',(-0.427350269189629,-0.740192378864682,
-4.38333333333334));
#5304=CARTESIAN_POINT('Ctrl Pts',(-9.06474227529887E-17,-0.740192378864682,
-4.35));
#5305=CARTESIAN_POINT('Ctrl Pts',(0.427350269189628,-0.740192378864682,
-4.31666666666667));
#5306=CARTESIAN_POINT('Ctrl Pts',(0.641025403784443,-0.370096189432346,
-4.28333333333334));
#5307=CARTESIAN_POINT('Ctrl Pts',(0.854700538379257,-9.2699101783339E-15,
-4.25));
#5308=CARTESIAN_POINT('Ctrl Pts',(0.641025403784443,0.370096189432327,-4.21666666666667));
#5309=CARTESIAN_POINT('Ctrl Pts',(0.427350269189629,0.740192378864664,-4.18333333333334));
#5310=CARTESIAN_POINT('Ctrl Pts',(0.,0.740192378864664,-4.15));
#5311=CARTESIAN_POINT('Ctrl Pts',(-0.427350269189628,0.740192378864664,
-4.11666666666667));
#5312=CARTESIAN_POINT('Ctrl Pts',(-0.641025403784443,0.370096189432327,
-4.08333333333334));
#5313=CARTESIAN_POINT('Ctrl Pts',(-0.854700538379257,-9.06056892262276E-15,
-4.05));
#5314=CARTESIAN_POINT('Ctrl Pts',(-0.641025403784443,-0.370096189432345,
-4.01666666666667));
#5315=CARTESIAN_POINT('Ctrl Pts',(-0.427350269189629,-0.740192378864682,
-3.98333333333334));
#5316=CARTESIAN_POINT('Ctrl Pts',(-9.06474227529887E-17,-0.740192378864682,
-3.95));
#5317=CARTESIAN_POINT('Ctrl Pts',(0.427350269189628,-0.740192378864682,
-3.91666666666667));
#5318=CARTESIAN_POINT('Ctrl Pts',(0.641025403784443,-0.370096189432346,
-3.88333333333334));
#5319=CARTESIAN_POINT('Ctrl Pts',(0.854700538379257,-9.2699101783339E-15,
-3.85));
#5320=CARTESIAN_POINT('Ctrl Pts',(0.641025403784443,0.370096189432327,-3.81666666666667));
#5321=CARTESIAN_POINT('Ctrl Pts',(0.427350269189629,0.740192378864664,-3.78333333333334));
#5322=CARTESIAN_POINT('Ctrl Pts',(0.,0.740192378864664,-3.75));
#5323=CARTESIAN_POINT('Ctrl Pts',(-0.427350269189628,0.740192378864664,
-3.71666666666667));
#5324=CARTESIAN_POINT('Ctrl Pts',(-0.641025403784443,0.370096189432327,
-3.68333333333334));
#5325=CARTESIAN_POINT('Ctrl Pts',(-0.854700538379257,-9.06056892262276E-15,
-3.65));
#5326=CARTESIAN_POINT('Ctrl Pts',(-0.641025403784443,-0.370096189432345,
-3.61666666666667));
#5327=CARTESIAN_POINT('Ctrl Pts',(-0.427350269189629,-0.740192378864682,
-3.58333333333334));
#5328=CARTESIAN_POINT('Ctrl Pts',(-9.06474227529887E-17,-0.740192378864682,
-3.55));
#5329=CARTESIAN_POINT('Ctrl Pts',(0.427350269189628,-0.740192378864682,
-3.51666666666667));
#5330=CARTESIAN_POINT('Ctrl Pts',(0.641025403784443,-0.370096189432346,
-3.48333333333334));
#5331=CARTESIAN_POINT('Ctrl Pts',(0.854700538379257,-9.2699101783339E-15,
-3.45));
#5332=CARTESIAN_POINT('Ctrl Pts',(0.641025403784443,0.370096189432327,-3.41666666666667));
#5333=CARTESIAN_POINT('Ctrl Pts',(0.427350269189629,0.740192378864664,-3.38333333333334));
#5334=CARTESIAN_POINT('Ctrl Pts',(0.,0.740192378864664,-3.35));
#5335=CARTESIAN_POINT('Ctrl Pts',(-0.427350269189628,0.740192378864664,
-3.31666666666667));
#5336=CARTESIAN_POINT('Ctrl Pts',(-0.641025403784443,0.370096189432327,
-3.28333333333334));
#5337=CARTESIAN_POINT('Ctrl Pts',(-0.854700538379257,-9.06056892262276E-15,
-3.25));
#5338=CARTESIAN_POINT('Ctrl Pts',(-0.641025403784443,-0.370096189432345,
-3.21666666666667));
#5339=CARTESIAN_POINT('Ctrl Pts',(-0.427350269189629,-0.740192378864682,
-3.18333333333334));
#5340=CARTESIAN_POINT('Ctrl Pts',(-9.06474227529887E-17,-0.740192378864682,
-3.15));
#5341=CARTESIAN_POINT('Ctrl Pts',(0.427350269189628,-0.740192378864682,
-3.11666666666667));
#5342=CARTESIAN_POINT('Ctrl Pts',(0.641025403784443,-0.370096189432346,
-3.08333333333334));
#5343=CARTESIAN_POINT('Ctrl Pts',(0.854700538379257,-9.2699101783339E-15,
-3.05));
#5344=CARTESIAN_POINT('Ctrl Pts',(0.641025403784443,0.370096189432327,-3.01666666666667));
#5345=CARTESIAN_POINT('Ctrl Pts',(0.427350269189629,0.740192378864664,-2.98333333333334));
#5346=CARTESIAN_POINT('Ctrl Pts',(0.,0.740192378864664,-2.95));
#5347=CARTESIAN_POINT('Ctrl Pts',(-0.427350269189628,0.740192378864664,
-2.91666666666667));
#5348=CARTESIAN_POINT('Ctrl Pts',(-0.641025403784443,0.370096189432327,
-2.88333333333334));
#5349=CARTESIAN_POINT('Ctrl Pts',(-0.854700538379257,-9.06056892262276E-15,
-2.85));
#5350=CARTESIAN_POINT('Ctrl Pts',(-0.641025403784443,-0.370096189432345,
-2.81666666666667));
#5351=CARTESIAN_POINT('Ctrl Pts',(-0.427350269189629,-0.740192378864682,
-2.78333333333334));
#5352=CARTESIAN_POINT('Ctrl Pts',(-9.06474227529887E-17,-0.740192378864682,
-2.75));
#5353=CARTESIAN_POINT('Ctrl Pts',(0.427350269189628,-0.740192378864682,
-2.71666666666667));
#5354=CARTESIAN_POINT('Ctrl Pts',(0.641025403784443,-0.370096189432346,
-2.68333333333334));
#5355=CARTESIAN_POINT('Ctrl Pts',(0.854700538379257,-9.2699101783339E-15,
-2.65));
#5356=CARTESIAN_POINT('Ctrl Pts',(0.641025403784443,0.370096189432327,-2.61666666666667));
#5357=CARTESIAN_POINT('Ctrl Pts',(0.427350269189629,0.740192378864664,-2.58333333333334));
#5358=CARTESIAN_POINT('Ctrl Pts',(0.,0.740192378864664,-2.55));
#5359=CARTESIAN_POINT('Ctrl Pts',(-0.427350269189628,0.740192378864664,
-2.51666666666667));
#5360=CARTESIAN_POINT('Ctrl Pts',(-0.641025403784443,0.370096189432327,
-2.48333333333334));
#5361=CARTESIAN_POINT('Ctrl Pts',(-0.854700538379257,-9.06056892262276E-15,
-2.45));
#5362=CARTESIAN_POINT('Ctrl Pts',(-0.641025403784443,-0.370096189432345,
-2.41666666666667));
#5363=CARTESIAN_POINT('Ctrl Pts',(-0.427350269189629,-0.740192378864682,
-2.38333333333334));
#5364=CARTESIAN_POINT('Ctrl Pts',(-9.06474227529887E-17,-0.740192378864682,
-2.35));
#5365=CARTESIAN_POINT('Ctrl Pts',(0.427350269189628,-0.740192378864682,
-2.31666666666667));
#5366=CARTESIAN_POINT('Ctrl Pts',(0.641025403784443,-0.370096189432346,
-2.28333333333334));
#5367=CARTESIAN_POINT('Ctrl Pts',(0.854700538379257,-9.2699101783339E-15,
-2.25));
#5368=CARTESIAN_POINT('Ctrl Pts',(0.641025403784443,0.370096189432327,-2.21666666666667));
#5369=CARTESIAN_POINT('Ctrl Pts',(0.427350269189629,0.740192378864664,-2.18333333333334));
#5370=CARTESIAN_POINT('Ctrl Pts',(0.,0.740192378864664,-2.15));
#5371=CARTESIAN_POINT('Ctrl Pts',(-0.427350269189628,0.740192378864664,
-2.11666666666667));
#5372=CARTESIAN_POINT('Ctrl Pts',(-0.641025403784443,0.370096189432327,
-2.08333333333334));
#5373=CARTESIAN_POINT('Ctrl Pts',(-0.854700538379257,-9.06056892262276E-15,
-2.05));
#5374=CARTESIAN_POINT('Ctrl Pts',(-0.641025403784443,-0.370096189432345,
-2.01666666666667));
#5375=CARTESIAN_POINT('Ctrl Pts',(-0.427350269189629,-0.740192378864682,
-1.98333333333334));
#5376=CARTESIAN_POINT('Ctrl Pts',(-9.06474227529887E-17,-0.740192378864682,
-1.95));
#5377=CARTESIAN_POINT('Ctrl Pts',(0.427350269189628,-0.740192378864682,
-1.91666666666667));
#5378=CARTESIAN_POINT('Ctrl Pts',(0.641025403784443,-0.370096189432346,
-1.88333333333334));
#5379=CARTESIAN_POINT('Ctrl Pts',(0.854700538379257,-9.2699101783339E-15,
-1.85));
#5380=CARTESIAN_POINT('Ctrl Pts',(0.641025403784443,0.370096189432327,-1.81666666666667));
#5381=CARTESIAN_POINT('Ctrl Pts',(0.427350269189629,0.740192378864664,-1.78333333333334));
#5382=CARTESIAN_POINT('Ctrl Pts',(0.,0.740192378864664,-1.75));
#5383=CARTESIAN_POINT('Ctrl Pts',(-0.427350269189628,0.740192378864664,
-1.71666666666667));
#5384=CARTESIAN_POINT('Ctrl Pts',(-0.641025403784443,0.370096189432327,
-1.68333333333334));
#5385=CARTESIAN_POINT('Ctrl Pts',(-0.854700538379257,-9.06056892262276E-15,
-1.65));
#5386=CARTESIAN_POINT('Ctrl Pts',(-0.641025403784443,-0.370096189432345,
-1.61666666666667));
#5387=CARTESIAN_POINT('Ctrl Pts',(-0.427350269189629,-0.740192378864682,
-1.58333333333334));
#5388=CARTESIAN_POINT('Ctrl Pts',(-9.06474227529887E-17,-0.740192378864682,
-1.55));
#5389=CARTESIAN_POINT('Ctrl Pts',(0.427350269189628,-0.740192378864682,
-1.51666666666667));
#5390=CARTESIAN_POINT('Ctrl Pts',(0.641025403784443,-0.370096189432346,
-1.48333333333334));
#5391=CARTESIAN_POINT('Ctrl Pts',(0.854700538379257,-9.2699101783339E-15,
-1.45));
#5392=CARTESIAN_POINT('Ctrl Pts',(0.641025403784443,0.370096189432327,-1.41666666666667));
#5393=CARTESIAN_POINT('Ctrl Pts',(0.427350269189629,0.740192378864664,-1.38333333333334));
#5394=CARTESIAN_POINT('Ctrl Pts',(0.,0.740192378864664,-1.35));
#5395=CARTESIAN_POINT('Ctrl Pts',(-0.427350269189628,0.740192378864664,
-1.31666666666667));
#5396=CARTESIAN_POINT('Ctrl Pts',(-0.641025403784443,0.370096189432327,
-1.28333333333334));
#5397=CARTESIAN_POINT('Ctrl Pts',(-0.854700538379257,-9.06056892262276E-15,
-1.25));
#5398=CARTESIAN_POINT('Ctrl Pts',(-0.641025403784443,-0.370096189432345,
-1.21666666666667));
#5399=CARTESIAN_POINT('Ctrl Pts',(-0.427350269189629,-0.740192378864682,
-1.18333333333334));
#5400=CARTESIAN_POINT('Ctrl Pts',(-9.06474227529887E-17,-0.740192378864682,
-1.15));
#5401=CARTESIAN_POINT('Ctrl Pts',(0.427350269189628,-0.740192378864682,
-1.11666666666667));
#5402=CARTESIAN_POINT('Ctrl Pts',(0.641025403784443,-0.370096189432346,
-1.08333333333334));
#5403=CARTESIAN_POINT('Ctrl Pts',(0.854700538379257,-9.2699101783339E-15,
-1.05));
#5404=CARTESIAN_POINT('Ctrl Pts',(0.641025403784443,0.370096189432327,-1.01666666666667));
#5405=CARTESIAN_POINT('Ctrl Pts',(0.427350269189629,0.740192378864664,-0.983333333333336));
#5406=CARTESIAN_POINT('Ctrl Pts',(0.,0.740192378864664,-0.950000000000002));
#5407=CARTESIAN_POINT('Ctrl Pts',(-0.427350269189628,0.740192378864664,
-0.916666666666669));
#5408=CARTESIAN_POINT('Ctrl Pts',(-0.641025403784443,0.370096189432327,
-0.883333333333336));
#5409=CARTESIAN_POINT('Ctrl Pts',(-0.854700538379257,-9.06056892262276E-15,
-0.850000000000003));
#5410=CARTESIAN_POINT('Ctrl Pts',(-0.641025403784443,-0.370096189432345,
-0.816666666666669));
#5411=CARTESIAN_POINT('Ctrl Pts',(-0.427350269189629,-0.740192378864682,
-0.783333333333336));
#5412=CARTESIAN_POINT('Ctrl Pts',(-9.06474227529887E-17,-0.740192378864682,
-0.750000000000002));
#5413=CARTESIAN_POINT('Ctrl Pts',(0.427350269189628,-0.740192378864682,
-0.716666666666669));
#5414=CARTESIAN_POINT('Ctrl Pts',(0.641025403784443,-0.370096189432346,
-0.683333333333336));
#5415=CARTESIAN_POINT('Ctrl Pts',(0.854700538379257,-9.2699101783339E-15,
-0.650000000000002));
#5416=CARTESIAN_POINT('Ctrl Pts',(0.641025403784443,0.370096189432327,-0.616666666666669));
#5417=CARTESIAN_POINT('Ctrl Pts',(0.427350269189629,0.740192378864664,-0.583333333333336));
#5418=CARTESIAN_POINT('Ctrl Pts',(0.,0.740192378864664,-0.550000000000003));
#5419=CARTESIAN_POINT('Ctrl Pts',(-0.427350269189628,0.740192378864664,
-0.516666666666669));
#5420=CARTESIAN_POINT('Ctrl Pts',(-0.641025403784443,0.370096189432327,
-0.483333333333336));
#5421=CARTESIAN_POINT('Ctrl Pts',(-0.854700538379257,-9.06056892262276E-15,
-0.450000000000003));
#5422=CARTESIAN_POINT('Ctrl Pts',(-0.641025403784443,-0.370096189432345,
-0.416666666666669));
#5423=CARTESIAN_POINT('Ctrl Pts',(-0.427350269189629,-0.740192378864682,
-0.383333333333335));
#5424=CARTESIAN_POINT('Ctrl Pts',(-9.06474227529887E-17,-0.740192378864682,
-0.350000000000002));
#5425=CARTESIAN_POINT('Ctrl Pts',(0.427350269189628,-0.740192378864682,
-0.316666666666669));
#5426=CARTESIAN_POINT('Ctrl Pts',(0.641025403784443,-0.370096189432346,
-0.283333333333336));
#5427=CARTESIAN_POINT('Ctrl Pts',(0.854700538379257,-9.2699101783339E-15,
-0.250000000000003));
#5428=CARTESIAN_POINT('Ctrl Pts',(0.641025403784443,0.370096189432327,-0.216666666666669));
#5429=CARTESIAN_POINT('Ctrl Pts',(0.427350269189629,0.740192378864664,-0.183333333333336));
#5430=CARTESIAN_POINT('Ctrl Pts',(0.,0.740192378864664,-0.150000000000003));
#5431=CARTESIAN_POINT('Ctrl Pts',(-0.427350269189628,0.740192378864664,
-0.116666666666669));
#5432=CARTESIAN_POINT('Ctrl Pts',(-0.641025403784443,0.370096189432327,
-0.0833333333333354));
#5433=CARTESIAN_POINT('Ctrl Pts',(-0.854700538379257,-9.06056892262276E-15,
-0.0500000000000023));
#5434=CARTESIAN_POINT('Ctrl Pts',(-0.641025403784443,-0.370096189432345,
-0.0166666666666692));
#5435=CARTESIAN_POINT('Ctrl Pts',(-0.427350269189629,-0.740192378864682,
0.016666666666664));
#5436=CARTESIAN_POINT('Ctrl Pts',(-9.06474227529887E-17,-0.740192378864682,
0.049999999999998));
#5437=CARTESIAN_POINT('Ctrl Pts',(0.427350269189628,-0.740192378864682,
0.0833333333333311));
#5438=CARTESIAN_POINT('Ctrl Pts',(0.641025403784443,-0.370096189432346,
0.116666666666664));
#5439=CARTESIAN_POINT('Ctrl Pts',(0.854700538379257,-9.2699101783339E-15,
0.149999999999997));
#5440=CARTESIAN_POINT('Ctrl Pts',(0.641025403784443,0.370096189432327,0.183333333333331));
#5441=CARTESIAN_POINT('Ctrl Pts',(0.427350269189629,0.740192378864664,0.216666666666665));
#5442=CARTESIAN_POINT('Ctrl Pts',(0.,0.740192378864664,0.249999999999998));
#5443=CARTESIAN_POINT('Ctrl Pts',(-0.427350269189628,0.740192378864664,
0.283333333333331));
#5444=CARTESIAN_POINT('Ctrl Pts',(-0.641025403784443,0.370096189432327,
0.316666666666664));
#5445=CARTESIAN_POINT('Ctrl Pts',(-0.854700538379257,-9.06056892262276E-15,
0.349999999999998));
#5446=CARTESIAN_POINT('Ctrl Pts',(-0.641025403784443,-0.370096189432345,
0.383333333333331));
#5447=CARTESIAN_POINT('Ctrl Pts',(-0.427350269189629,-0.740192378864682,
0.416666666666664));
#5448=CARTESIAN_POINT('Ctrl Pts',(-9.06474227529887E-17,-0.740192378864682,
0.449999999999997));
#5449=CARTESIAN_POINT('Ctrl Pts',(0.427350269189628,-0.740192378864682,
0.483333333333331));
#5450=CARTESIAN_POINT('Ctrl Pts',(0.641025403784443,-0.370096189432346,
0.516666666666664));
#5451=CARTESIAN_POINT('Ctrl Pts',(0.854700538379257,-9.2699101783339E-15,
0.549999999999997));
#5452=CARTESIAN_POINT('Ctrl Pts',(0.641025403784443,0.370096189432327,0.583333333333331));
#5453=CARTESIAN_POINT('Ctrl Pts',(0.427350269189629,0.740192378864664,0.616666666666665));
#5454=CARTESIAN_POINT('Ctrl Pts',(0.,0.740192378864664,0.649999999999998));
#5455=CARTESIAN_POINT('Ctrl Pts',(-0.427350269189628,0.740192378864664,
0.683333333333331));
#5456=CARTESIAN_POINT('Ctrl Pts',(-0.641025403784443,0.370096189432327,
0.716666666666664));
#5457=CARTESIAN_POINT('Ctrl Pts',(-0.854700538379257,-9.06056892262276E-15,
0.749999999999998));
#5458=CARTESIAN_POINT('Ctrl Pts',(-0.641025403784443,-0.370096189432345,
0.783333333333331));
#5459=CARTESIAN_POINT('Ctrl Pts',(-0.427350269189629,-0.740192378864682,
0.816666666666664));
#5460=CARTESIAN_POINT('Ctrl Pts',(-9.06474227529887E-17,-0.740192378864682,
0.849999999999997));
#5461=CARTESIAN_POINT('Ctrl Pts',(0.427350269189628,-0.740192378864682,
0.883333333333331));
#5462=CARTESIAN_POINT('Ctrl Pts',(0.641025403784443,-0.370096189432346,
0.916666666666665));
#5463=CARTESIAN_POINT('Ctrl Pts',(0.854700538379257,-9.2699101783339E-15,
0.949999999999998));
#5464=CARTESIAN_POINT('Ctrl Pts',(0.641025403784443,0.370096189432327,0.983333333333331));
#5465=CARTESIAN_POINT('Ctrl Pts',(0.427350269189629,0.740192378864664,1.01666666666666));
#5466=CARTESIAN_POINT('Ctrl Pts',(0.,0.740192378864664,1.05));
#5467=CARTESIAN_POINT('Ctrl Pts',(-0.427350269189628,0.740192378864664,
1.08333333333333));
#5468=CARTESIAN_POINT('Ctrl Pts',(-0.641025403784443,0.370096189432327,
1.11666666666666));
#5469=CARTESIAN_POINT('Ctrl Pts',(-0.854700538379257,-9.06056892262276E-15,
1.15));
#5470=CARTESIAN_POINT('Ctrl Pts',(-0.641025403784443,-0.370096189432345,
1.18333333333333));
#5471=CARTESIAN_POINT('Ctrl Pts',(-0.427350269189629,-0.740192378864682,
1.21666666666666));
#5472=CARTESIAN_POINT('Ctrl Pts',(-9.06474227529887E-17,-0.740192378864682,
1.25));
#5473=CARTESIAN_POINT('Ctrl Pts',(0.427350269189628,-0.740192378864682,
1.28333333333333));
#5474=CARTESIAN_POINT('Ctrl Pts',(0.641025403784443,-0.370096189432346,
1.31666666666666));
#5475=CARTESIAN_POINT('Ctrl Pts',(0.854700538379257,-9.2699101783339E-15,
1.35));
#5476=CARTESIAN_POINT('Ctrl Pts',(0.641025403784443,0.370096189432327,1.38333333333333));
#5477=CARTESIAN_POINT('Ctrl Pts',(0.427350269189629,0.740192378864664,1.41666666666666));
#5478=CARTESIAN_POINT('Ctrl Pts',(0.,0.740192378864664,1.45));
#5479=CARTESIAN_POINT('Ctrl Pts',(-0.427350269189628,0.740192378864664,
1.48333333333333));
#5480=CARTESIAN_POINT('Ctrl Pts',(-0.641025403784443,0.370096189432327,
1.51666666666666));
#5481=CARTESIAN_POINT('Ctrl Pts',(-0.854700538379257,-9.06056892262276E-15,
1.55));
#5482=CARTESIAN_POINT('Ctrl Pts',(-0.641025403784443,-0.370096189432345,
1.58333333333333));
#5483=CARTESIAN_POINT('Ctrl Pts',(-0.427350269189629,-0.740192378864682,
1.61666666666666));
#5484=CARTESIAN_POINT('Ctrl Pts',(-9.06474227529887E-17,-0.740192378864682,
1.65));
#5485=CARTESIAN_POINT('Ctrl Pts',(0.427350269189628,-0.740192378864682,
1.68333333333333));
#5486=CARTESIAN_POINT('Ctrl Pts',(0.641025403784443,-0.370096189432346,
1.71666666666667));
#5487=CARTESIAN_POINT('Ctrl Pts',(0.854700538379257,-9.2699101783339E-15,
1.75));
#5488=CARTESIAN_POINT('Ctrl Pts',(0.641025403784443,0.370096189432327,1.78333333333333));
#5489=CARTESIAN_POINT('Ctrl Pts',(0.427350269189629,0.740192378864664,1.81666666666666));
#5490=CARTESIAN_POINT('Ctrl Pts',(0.,0.740192378864664,1.85));
#5491=CARTESIAN_POINT('Ctrl Pts',(-0.427350269189628,0.740192378864664,
1.88333333333333));
#5492=CARTESIAN_POINT('Ctrl Pts',(-0.641025403784443,0.370096189432327,
1.91666666666666));
#5493=CARTESIAN_POINT('Ctrl Pts',(-0.854700538379257,-9.06056892262276E-15,
1.95));
#5494=CARTESIAN_POINT('Ctrl Pts',(-0.641025403784443,-0.370096189432345,
1.98333333333333));
#5495=CARTESIAN_POINT('Ctrl Pts',(-0.427350269189629,-0.740192378864682,
2.01666666666666));
#5496=CARTESIAN_POINT('Ctrl Pts',(-9.06474227529887E-17,-0.740192378864682,
2.05));
#5497=CARTESIAN_POINT('Ctrl Pts',(0.427350269189628,-0.740192378864682,
2.08333333333333));
#5498=CARTESIAN_POINT('Ctrl Pts',(0.641025403784443,-0.370096189432346,
2.11666666666666));
#5499=CARTESIAN_POINT('Ctrl Pts',(0.854700538379257,-9.2699101783339E-15,
2.15));
#5500=CARTESIAN_POINT('Ctrl Pts',(0.641025403784443,0.370096189432327,2.18333333333333));
#5501=CARTESIAN_POINT('Ctrl Pts',(0.427350269189629,0.740192378864664,2.21666666666666));
#5502=CARTESIAN_POINT('Ctrl Pts',(0.,0.740192378864664,2.25));
#5503=CARTESIAN_POINT('Ctrl Pts',(-0.427350269189628,0.740192378864664,
2.28333333333333));
#5504=CARTESIAN_POINT('Ctrl Pts',(-0.641025403784443,0.370096189432327,
2.31666666666667));
#5505=CARTESIAN_POINT('Ctrl Pts',(-0.854700538379257,-9.06056892262276E-15,
2.35));
#5506=CARTESIAN_POINT('Ctrl Pts',(-0.641025403784443,-0.370096189432345,
2.38333333333333));
#5507=CARTESIAN_POINT('Ctrl Pts',(-0.427350269189629,-0.740192378864682,
2.41666666666666));
#5508=CARTESIAN_POINT('Ctrl Pts',(-9.06474227529887E-17,-0.740192378864682,
2.45));
#5509=CARTESIAN_POINT('Ctrl Pts',(0.427350269189628,-0.740192378864682,
2.48333333333333));
#5510=CARTESIAN_POINT('Ctrl Pts',(0.641025403784443,-0.370096189432346,
2.51666666666666));
#5511=CARTESIAN_POINT('Ctrl Pts',(0.854700538379257,-9.2699101783339E-15,
2.55));
#5512=CARTESIAN_POINT('Ctrl Pts',(0.641025403784443,0.370096189432327,2.58333333333333));
#5513=CARTESIAN_POINT('Ctrl Pts',(0.427350269189629,0.740192378864664,2.61666666666666));
#5514=CARTESIAN_POINT('Ctrl Pts',(0.,0.740192378864664,2.65));
#5515=CARTESIAN_POINT('Ctrl Pts',(-0.427350269189628,0.740192378864664,
2.68333333333333));
#5516=CARTESIAN_POINT('Ctrl Pts',(-0.641025403784443,0.370096189432327,
2.71666666666666));
#5517=CARTESIAN_POINT('Ctrl Pts',(-0.854700538379257,-9.06056892262276E-15,
2.75));
#5518=CARTESIAN_POINT('Ctrl Pts',(-0.641025403784443,-0.370096189432345,
2.78333333333333));
#5519=CARTESIAN_POINT('Ctrl Pts',(-0.427350269189629,-0.740192378864682,
2.81666666666667));
#5520=CARTESIAN_POINT('Ctrl Pts',(-9.06474227529887E-17,-0.740192378864682,
2.85));
#5521=CARTESIAN_POINT('Ctrl Pts',(0.427350269189628,-0.740192378864682,
2.88333333333333));
#5522=CARTESIAN_POINT('Ctrl Pts',(0.641025403784443,-0.370096189432346,
2.91666666666666));
#5523=CARTESIAN_POINT('Ctrl Pts',(0.854700538379257,-9.2699101783339E-15,
2.95));
#5524=CARTESIAN_POINT('Ctrl Pts',(0.641025403784443,0.370096189432327,2.98333333333333));
#5525=CARTESIAN_POINT('Ctrl Pts',(0.427350269189629,0.740192378864664,3.01666666666666));
#5526=CARTESIAN_POINT('Ctrl Pts',(0.,0.740192378864664,3.05));
#5527=CARTESIAN_POINT('Ctrl Pts',(-0.427350269189628,0.740192378864664,
3.08333333333333));
#5528=CARTESIAN_POINT('Ctrl Pts',(-0.641025403784443,0.370096189432327,
3.11666666666667));
#5529=CARTESIAN_POINT('Ctrl Pts',(-0.854700538379257,-9.06056892262276E-15,
3.15));
#5530=CARTESIAN_POINT('Ctrl Pts',(-0.641025403784443,-0.370096189432345,
3.18333333333333));
#5531=CARTESIAN_POINT('Ctrl Pts',(-0.427350269189629,-0.740192378864682,
3.21666666666667));
#5532=CARTESIAN_POINT('Ctrl Pts',(-9.06474227529887E-17,-0.740192378864682,
3.25));
#5533=CARTESIAN_POINT('Ctrl Pts',(0.427350269189628,-0.740192378864682,
3.28333333333333));
#5534=CARTESIAN_POINT('Ctrl Pts',(0.641025403784443,-0.370096189432346,
3.31666666666666));
#5535=CARTESIAN_POINT('Ctrl Pts',(0.854700538379257,-9.2699101783339E-15,
3.35));
#5536=CARTESIAN_POINT('Ctrl Pts',(0.641025403784443,0.370096189432327,3.38333333333333));
#5537=CARTESIAN_POINT('Ctrl Pts',(0.427350269189629,0.740192378864664,3.41666666666667));
#5538=CARTESIAN_POINT('Ctrl Pts',(0.,0.740192378864664,3.45));
#5539=CARTESIAN_POINT('Ctrl Pts',(-0.427350269189628,0.740192378864664,
3.48333333333333));
#5540=CARTESIAN_POINT('Ctrl Pts',(-0.641025403784443,0.370096189432327,
3.51666666666666));
#5541=CARTESIAN_POINT('Ctrl Pts',(-0.854700538379257,-9.06056892262276E-15,
3.55));
#5542=CARTESIAN_POINT('Ctrl Pts',(-0.641025403784443,-0.370096189432345,
3.58333333333333));
#5543=CARTESIAN_POINT('Ctrl Pts',(-0.427350269189629,-0.740192378864682,
3.61666666666666));
#5544=CARTESIAN_POINT('Ctrl Pts',(-9.06474227529887E-17,-0.740192378864682,
3.65));
#5545=CARTESIAN_POINT('Ctrl Pts',(0.427350269189628,-0.740192378864682,
3.68333333333333));
#5546=CARTESIAN_POINT('Ctrl Pts',(0.641025403784443,-0.370096189432346,
3.71666666666667));
#5547=CARTESIAN_POINT('Ctrl Pts',(0.854700538379257,-9.2699101783339E-15,
3.75));
#5548=CARTESIAN_POINT('Ctrl Pts',(0.641025403784443,0.370096189432327,3.78333333333333));
#5549=CARTESIAN_POINT('Ctrl Pts',(0.427350269189629,0.740192378864664,3.81666666666666));
#5550=CARTESIAN_POINT('Ctrl Pts',(0.,0.740192378864664,3.85));
#5551=CARTESIAN_POINT('Ctrl Pts',(-0.427350269189628,0.740192378864664,
3.88333333333333));
#5552=CARTESIAN_POINT('Ctrl Pts',(-0.641025403784443,0.370096189432327,
3.91666666666666));
#5553=CARTESIAN_POINT('Ctrl Pts',(-0.854700538379257,-9.06056892262276E-15,
3.95));
#5554=CARTESIAN_POINT('Ctrl Pts',(-0.641025403784443,-0.370096189432345,
3.98333333333333));
#5555=CARTESIAN_POINT('Ctrl Pts',(-0.427350269189629,-0.740192378864682,
4.01666666666666));
#5556=CARTESIAN_POINT('Ctrl Pts',(-9.06474227529887E-17,-0.740192378864682,
4.05));
#5557=CARTESIAN_POINT('Ctrl Pts',(0.427350269189628,-0.740192378864682,
4.08333333333333));
#5558=CARTESIAN_POINT('Ctrl Pts',(0.641025403784443,-0.370096189432346,
4.11666666666666));
#5559=CARTESIAN_POINT('Ctrl Pts',(0.854700538379257,-9.2699101783339E-15,
4.15));
#5560=CARTESIAN_POINT('Ctrl Pts',(0.641025403784443,0.370096189432327,4.18333333333333));
#5561=CARTESIAN_POINT('Ctrl Pts',(0.427350269189629,0.740192378864664,4.21666666666666));
#5562=CARTESIAN_POINT('Ctrl Pts',(0.,0.740192378864664,4.25));
#5563=CARTESIAN_POINT('Ctrl Pts',(0.763397459621559,-2.32408877239648E-15,
-5.83660254037845));
#5564=CARTESIAN_POINT('Ctrl Pts',(0.786832921422338,0.113421681621563,-5.81316707857767));
#5565=CARTESIAN_POINT('Ctrl Pts',(0.783542004547755,0.23325000606128,-5.79065317298769));
#5566=CARTESIAN_POINT('Ctrl Pts',(0.723421065382937,0.459479966127478,-5.7507894693959));
#5567=CARTESIAN_POINT('Ctrl Pts',(0.667809132672773,0.566329640675393,-5.73204619095919));
#5568=CARTESIAN_POINT('Ctrl Pts',(0.451023554382546,0.843492728946059,-5.67183821962341));
#5569=CARTESIAN_POINT('Ctrl Pts',(0.235175133419576,0.967874479341073,-5.63212552065892));
#5570=CARTESIAN_POINT('Ctrl Pts',(0.,1.,-5.6));
#5571=CARTESIAN_POINT('Origin',(0.,-2.60208521396521E-15,-6.));
#5572=CARTESIAN_POINT('Origin',(0.,-2.60208521396521E-15,-6.));
#5573=UNCERTAINTY_MEASURE_WITH_UNIT(LENGTH_MEASURE(0.01),#5577,
'DISTANCE_ACCURACY_VALUE',
'Maximum model space distance between geometric entities at asserted c
onnectivities');
#5574=UNCERTAINTY_MEASURE_WITH_UNIT(LENGTH_MEASURE(0.01),#5577,
'DISTANCE_ACCURACY_VALUE',
'Maximum model space distance between geometric entities at asserted c
onnectivities');
#5575=(
GEOMETRIC_REPRESENTATION_CONTEXT(3)
GLOBAL_UNCERTAINTY_ASSIGNED_CONTEXT((#5573))
GLOBAL_UNIT_ASSIGNED_CONTEXT((#5577,#5579,#5580))
REPRESENTATION_CONTEXT('','3D')
);
#5576=(
GEOMETRIC_REPRESENTATION_CONTEXT(3)
GLOBAL_UNCERTAINTY_ASSIGNED_CONTEXT((#5574))
GLOBAL_UNIT_ASSIGNED_CONTEXT((#5577,#5579,#5580))
REPRESENTATION_CONTEXT('','3D')
);
#5577=(
LENGTH_UNIT()
NAMED_UNIT(*)
SI_UNIT(.MILLI.,.METRE.)
);
#5578=(
LENGTH_UNIT()
NAMED_UNIT(*)
SI_UNIT($,.METRE.)
);
#5579=(
NAMED_UNIT(*)
PLANE_ANGLE_UNIT()
SI_UNIT($,.RADIAN.)
);
#5580=(
NAMED_UNIT(*)
SI_UNIT($,.STERADIAN.)
SOLID_ANGLE_UNIT()
);
#5581=SHAPE_DEFINITION_REPRESENTATION(#5582,#5583);
#5582=PRODUCT_DEFINITION_SHAPE('',$,#5585);
#5583=SHAPE_REPRESENTATION('',(#1413),#5575);
#5584=PRODUCT_DEFINITION_CONTEXT('part definition',#5589,'design');
#5585=PRODUCT_DEFINITION(
'91292A833_18-8 Stainless Steel Socket Head Screw',
'91292A833_18-8 Stainless Steel Socket Head Screw',#5586,#5584);
#5586=PRODUCT_DEFINITION_FORMATION('',$,#5591);
#5587=PRODUCT_RELATED_PRODUCT_CATEGORY(
'91292A833_18-8 Stainless Steel Socket Head Screw',
'91292A833_18-8 Stainless Steel Socket Head Screw',(#5591));
#5588=APPLICATION_PROTOCOL_DEFINITION('international standard',
'automotive_design',2009,#5589);
#5589=APPLICATION_CONTEXT(
'Core Data for Automotive Mechanical Design Process');
#5590=PRODUCT_CONTEXT('part definition',#5589,'mechanical');
#5591=PRODUCT('91292A833_18-8 Stainless Steel Socket Head Screw',
'91292A833_18-8 Stainless Steel Socket Head Screw',$,(#5590));
#5592=PRESENTATION_STYLE_ASSIGNMENT((#5594));
#5593=PRESENTATION_STYLE_ASSIGNMENT((#5595));
#5594=SURFACE_STYLE_USAGE(.BOTH.,#5596);
#5595=SURFACE_STYLE_USAGE(.BOTH.,#5597);
#5596=SURFACE_SIDE_STYLE('',(#5598));
#5597=SURFACE_SIDE_STYLE('',(#5599));
#5598=SURFACE_STYLE_FILL_AREA(#5600);
#5599=SURFACE_STYLE_FILL_AREA(#5601);
#5600=FILL_AREA_STYLE('Steel - Satin',(#5602));
#5601=FILL_AREA_STYLE('Generic',(#5603));
#5602=FILL_AREA_STYLE_COLOUR('Steel - Satin',#5604);
#5603=FILL_AREA_STYLE_COLOUR('Generic',#5605);
#5604=COLOUR_RGB('Steel - Satin',0.627450980392157,0.627450980392157,0.627450980392157);
#5605=COLOUR_RGB('Generic',0.627450980392157,0.627450980392157,0.627450980392157);
ENDSEC;
END-ISO-10303-21;
