ISO-10303-21;
HEADER;
/* Generated by software containing ST-Developer
 * from STEP Tools, Inc. (www.steptools.com) 
 */

FILE_DESCRIPTION(
/* description */ (''),
/* implementation_level */ '2;1');

FILE_NAME(
/* name */ 'Superior_floor.step',
/* time_stamp */ '2026-08-19T10:19:48-05:00',
/* author */ (''),
/* organization */ (''),
/* preprocessor_version */ 'ST-DEVELOPER v20.1',
/* originating_system */ 'Autodesk Translation Framework v15.8.0.0',
/* authorisation */ '');

FILE_SCHEMA (('AUTOMOTIVE_DESIGN { 1 0 10303 214 3 1 1 }'));
ENDSEC;

DATA;
#10=MECHANICAL_DESIGN_GEOMETRIC_PRESENTATION_REPRESENTATION('',(#17),#4043);
#11=ITEM_DEFINED_TRANSFORMATION($,$,#1830,#2005);
#12=(
REPRESENTATION_RELATIONSHIP($,$,#4054,#4053)
REPRESENTATION_RELATIONSHIP_WITH_TRANSFORMATION(#11)
SHAPE_REPRESENTATION_RELATIONSHIP()
);
#13=CONTEXT_DEPENDENT_SHAPE_REPRESENTATION(#12,#4052);
#14=NEXT_ASSEMBLY_USAGE_OCCURRENCE('piso_sup:1','piso_sup:1',
'piso_sup:1',#4056,#4057,'piso_sup:1');
#15=SHAPE_REPRESENTATION_RELATIONSHIP('SRR','None',#4054,#16);
#16=ADVANCED_BREP_SHAPE_REPRESENTATION('',(#18),#4042);
#17=STYLED_ITEM('',(#4067),#18);
#18=MANIFOLD_SOLID_BREP('piso_sup',#1816);
#19=(
BOUNDED_SURFACE()
B_SPLINE_SURFACE(1,2,((#3379,#3380,#3381),(#3382,#3383,#3384)),
 .UNSPECIFIED.,.F.,.F.,.F.)
B_SPLINE_SURFACE_WITH_KNOTS((2,2),(3,3),(0.,0.285713993033081),(-0.261799131703078,
0.261799131703078),.UNSPECIFIED.)
GEOMETRIC_REPRESENTATION_ITEM()
RATIONAL_B_SPLINE_SURFACE(((1.,0.965925892571577,1.),(1.,0.965925892571577,
1.)))
REPRESENTATION_ITEM('')
SURFACE()
);
#20=ELLIPSE('',#1856,10.5000107560453,10.5);
#21=ELLIPSE('',#1857,10.5000107560453,10.5);
#22=ELLIPSE('',#1881,10.5000107560453,10.5);
#23=ELLIPSE('',#1882,10.5000107560453,10.5);
#24=ELLIPSE('',#1902,1.41421356237309,1.);
#25=ELLIPSE('',#1903,1.41421356237309,1.);
#26=ELLIPSE('',#1905,1.41421356237309,1.);
#27=ELLIPSE('',#1907,1.4142135623731,1.);
#28=ELLIPSE('',#1935,12.7761759103151,10.4555845609306);
#29=ELLIPSE('',#1936,12.7761759103151,10.4555845609306);
#30=ELLIPSE('',#1937,12.7761759103151,10.4555845609306);
#31=ELLIPSE('',#1938,12.7761759103151,10.4555845609306);
#32=TOROIDAL_SURFACE('',#1837,3.,1.);
#33=TOROIDAL_SURFACE('',#1844,3.,1.);
#34=TOROIDAL_SURFACE('',#1919,4.5,1.);
#35=TOROIDAL_SURFACE('',#1943,2.,0.625);
#36=TOROIDAL_SURFACE('',#1951,2.,0.625);
#37=FACE_BOUND('',#309,.T.);
#38=FACE_BOUND('',#319,.T.);
#39=FACE_BOUND('',#320,.T.);
#40=FACE_BOUND('',#321,.T.);
#41=FACE_BOUND('',#332,.T.);
#42=FACE_BOUND('',#333,.T.);
#43=FACE_BOUND('',#334,.T.);
#44=FACE_BOUND('',#335,.T.);
#45=FACE_BOUND('',#336,.T.);
#46=FACE_BOUND('',#337,.T.);
#47=FACE_BOUND('',#338,.T.);
#48=FACE_BOUND('',#339,.T.);
#49=FACE_BOUND('',#340,.T.);
#50=FACE_BOUND('',#341,.T.);
#51=FACE_BOUND('',#342,.T.);
#52=FACE_BOUND('',#343,.T.);
#53=FACE_BOUND('',#344,.T.);
#54=FACE_BOUND('',#345,.T.);
#55=FACE_BOUND('',#381,.T.);
#56=CIRCLE('',#1833,3.35);
#57=CIRCLE('',#1834,3.35);
#58=CIRCLE('',#1835,4.5);
#59=CIRCLE('',#1838,2.);
#60=CIRCLE('',#1839,1.);
#61=CIRCLE('',#1840,3.);
#62=CIRCLE('',#1841,3.);
#63=CIRCLE('',#1842,3.);
#64=CIRCLE('',#1843,3.);
#65=CIRCLE('',#1845,2.);
#66=CIRCLE('',#1846,1.);
#67=CIRCLE('',#1847,3.);
#68=CIRCLE('',#1848,3.);
#69=CIRCLE('',#1849,3.);
#70=CIRCLE('',#1850,3.);
#71=CIRCLE('',#1852,9.52398823330656);
#72=CIRCLE('',#1853,3.35);
#73=CIRCLE('',#1854,3.35);
#74=CIRCLE('',#1855,9.52398823330656);
#75=CIRCLE('',#1858,1.4);
#76=CIRCLE('',#1859,1.35);
#77=CIRCLE('',#1861,3.35);
#78=CIRCLE('',#1863,3.35);
#79=CIRCLE('',#1865,3.35);
#80=CIRCLE('',#1867,1.35);
#81=CIRCLE('',#1869,1.4);
#82=CIRCLE('',#1873,9.52398823330656);
#83=CIRCLE('',#1874,3.35);
#84=CIRCLE('',#1875,3.15);
#85=CIRCLE('',#1876,2.4);
#86=CIRCLE('',#1877,2.4);
#87=CIRCLE('',#1878,3.15);
#88=CIRCLE('',#1879,3.35);
#89=CIRCLE('',#1880,9.52398823330656);
#90=CIRCLE('',#1883,1.325);
#91=CIRCLE('',#1884,1.325);
#92=CIRCLE('',#1885,1.325);
#93=CIRCLE('',#1886,1.325);
#94=CIRCLE('',#1887,1.325);
#95=CIRCLE('',#1888,1.325);
#96=CIRCLE('',#1889,1.325);
#97=CIRCLE('',#1890,1.325);
#98=CIRCLE('',#1891,1.11254433515294);
#99=CIRCLE('',#1892,1.11254433515294);
#100=CIRCLE('',#1898,3.35);
#101=CIRCLE('',#1915,1.11254433515294);
#102=CIRCLE('',#1917,1.11254433515294);
#103=CIRCLE('',#1920,1.);
#104=CIRCLE('',#1921,3.5);
#105=CIRCLE('',#1922,3.5);
#106=CIRCLE('',#1924,3.5);
#107=CIRCLE('',#1927,3.15);
#108=CIRCLE('',#1928,2.4);
#109=CIRCLE('',#1929,2.4);
#110=CIRCLE('',#1930,3.15);
#111=CIRCLE('',#1932,3.);
#112=CIRCLE('',#1941,3.);
#113=CIRCLE('',#1944,2.);
#114=CIRCLE('',#1945,2.);
#115=CIRCLE('',#1946,0.625);
#116=CIRCLE('',#1947,2.);
#117=CIRCLE('',#1948,2.);
#118=CIRCLE('',#1950,2.);
#119=CIRCLE('',#1952,2.);
#120=CIRCLE('',#1953,2.);
#121=CIRCLE('',#1954,0.625);
#122=CIRCLE('',#1955,2.);
#123=CIRCLE('',#1956,2.);
#124=CIRCLE('',#1959,2.);
#125=CIRCLE('',#1964,3.35);
#126=CIRCLE('',#1966,3.35);
#127=CIRCLE('',#1972,1.325);
#128=CIRCLE('',#1975,1.325);
#129=CIRCLE('',#1978,1.325);
#130=CIRCLE('',#1981,1.325);
#131=CIRCLE('',#1984,1.325);
#132=CIRCLE('',#1987,1.325);
#133=CIRCLE('',#1990,1.325);
#134=CIRCLE('',#1993,1.325);
#135=PLANE('',#1832);
#136=PLANE('',#1851);
#137=PLANE('',#1860);
#138=PLANE('',#1870);
#139=PLANE('',#1871);
#140=PLANE('',#1872);
#141=PLANE('',#1893);
#142=PLANE('',#1895);
#143=PLANE('',#1897);
#144=PLANE('',#1899);
#145=PLANE('',#1900);
#146=PLANE('',#1909);
#147=PLANE('',#1910);
#148=PLANE('',#1911);
#149=PLANE('',#1912);
#150=PLANE('',#1913);
#151=PLANE('',#1918);
#152=PLANE('',#1925);
#153=PLANE('',#1926);
#154=PLANE('',#1931);
#155=PLANE('',#1934);
#156=PLANE('',#1939);
#157=PLANE('',#1940);
#158=PLANE('',#1958);
#159=PLANE('',#1960);
#160=PLANE('',#1963);
#161=PLANE('',#1965);
#162=PLANE('',#1973);
#163=PLANE('',#1976);
#164=PLANE('',#1977);
#165=PLANE('',#1980);
#166=PLANE('',#1983);
#167=PLANE('',#1986);
#168=PLANE('',#1991);
#169=PLANE('',#1994);
#170=PLANE('',#1996);
#171=PLANE('',#1997);
#172=PLANE('',#1998);
#173=PLANE('',#1999);
#174=PLANE('',#2000);
#175=PLANE('',#2001);
#176=PLANE('',#2002);
#177=PLANE('',#2003);
#178=B_SPLINE_SURFACE_WITH_KNOTS('',3,3,((#2499,#2500,#2501,#2502),(#2503,
#2504,#2505,#2506),(#2507,#2508,#2509,#2510),(#2511,#2512,#2513,#2514),
(#2515,#2516,#2517,#2518)),.UNSPECIFIED.,.F.,.F.,.F.,(4,1,4),(4,4),(0.,
0.571428571428571,1.),(-2.73705235259266E-15,0.720028059856875),
 .UNSPECIFIED.);
#179=B_SPLINE_SURFACE_WITH_KNOTS('',3,3,((#2598,#2599,#2600,#2601,#2602),
(#2603,#2604,#2605,#2606,#2607),(#2608,#2609,#2610,#2611,#2612),(#2613,
#2614,#2615,#2616,#2617),(#2618,#2619,#2620,#2621,#2622)),.UNSPECIFIED.,
 .F.,.F.,.F.,(4,1,4),(4,1,4),(0.,0.571428571428571,1.),(0.,1.66420506861895,
2.91235887008316),.UNSPECIFIED.);
#180=B_SPLINE_SURFACE_WITH_KNOTS('',3,3,((#2641,#2642,#2643,#2644),(#2645,
#2646,#2647,#2648),(#2649,#2650,#2651,#2652),(#2653,#2654,#2655,#2656),
(#2657,#2658,#2659,#2660)),.UNSPECIFIED.,.F.,.F.,.F.,(4,1,4),(4,4),(0.,
0.571428571428571,1.),(-4.40026156489333E-16,0.719936673396361),
 .UNSPECIFIED.);
#181=B_SPLINE_SURFACE_WITH_KNOTS('',3,3,((#2678,#2679,#2680,#2681,#2682),
(#2683,#2684,#2685,#2686,#2687),(#2688,#2689,#2690,#2691,#2692),(#2693,
#2694,#2695,#2696,#2697),(#2698,#2699,#2700,#2701,#2702)),.UNSPECIFIED.,
 .F.,.F.,.F.,(4,1,4),(4,1,4),(0.,0.571428571428571,1.),(0.0149380836139269,
1.26311099622301,2.92734154636845),.UNSPECIFIED.);
#182=B_SPLINE_SURFACE_WITH_KNOTS('',3,1,((#2725,#2726),(#2727,#2728),(#2729,
#2730),(#2731,#2732),(#2733,#2734),(#2735,#2736),(#2737,#2738),(#2739,#2740),
(#2741,#2742),(#2743,#2744),(#2745,#2746),(#2747,#2748),(#2749,#2750),(#2751,
#2752),(#2753,#2754),(#2755,#2756)),.UNSPECIFIED.,.F.,.F.,.F.,(4,3,3,3,
3,4),(2,2),(-4.48713352681831,-4.32415096587854,-4.18205613676182,-4.07831438335229,
-3.88695263274629,-3.76999639169333),(-0.003,0.3),.UNSPECIFIED.);
#183=B_SPLINE_SURFACE_WITH_KNOTS('',3,1,((#2828,#2829),(#2830,#2831),(#2832,
#2833),(#2834,#2835),(#2836,#2837),(#2838,#2839),(#2840,#2841),(#2842,#2843),
(#2844,#2845),(#2846,#2847),(#2848,#2849),(#2850,#2851),(#2852,#2853),(#2854,
#2855),(#2856,#2857),(#2858,#2859)),.UNSPECIFIED.,.F.,.F.,.F.,(4,3,3,3,
3,4),(2,2),(-1.20178394516989,-1.07751332550227,-1.02558107917485,-0.916616044504416,
-0.8447943685998,-0.788541589459572),(-0.003,0.3),.UNSPECIFIED.);
#184=B_SPLINE_SURFACE_WITH_KNOTS('',3,1,((#3054,#3055),(#3056,#3057),(#3058,
#3059),(#3060,#3061),(#3062,#3063),(#3064,#3065),(#3066,#3067),(#3068,#3069),
(#3070,#3071),(#3072,#3073),(#3074,#3075),(#3076,#3077),(#3078,#3079),(#3080,
#3081),(#3082,#3083),(#3084,#3085)),.UNSPECIFIED.,.F.,.F.,.F.,(4,3,3,3,
3,4),(2,2),(-1.79710147858921,-1.79540882687249,-1.75309253395461,-1.73627496551361,
-1.72051877215452,-1.62614365520097),(0.,0.800000000000637),
 .UNSPECIFIED.);
#185=B_SPLINE_SURFACE_WITH_KNOTS('',3,1,((#3106,#3107),(#3108,#3109),(#3110,
#3111),(#3112,#3113)),.UNSPECIFIED.,.F.,.F.,.F.,(4,4),(2,2),(-1.587341591784,
-1.51993468789263),(0.,0.800000000000002),.UNSPECIFIED.);
#186=B_SPLINE_SURFACE_WITH_KNOTS('',3,1,((#3426,#3427),(#3428,#3429),(#3430,
#3431),(#3432,#3433)),.UNSPECIFIED.,.F.,.F.,.F.,(4,4),(2,2),(-2.95618191388917,
-2.75228533153873),(0.,0.800000000000001),.UNSPECIFIED.);
#187=B_SPLINE_SURFACE_WITH_KNOTS('',3,1,((#3466,#3467),(#3468,#3469),(#3470,
#3471),(#3472,#3473),(#3474,#3475),(#3476,#3477),(#3478,#3479),(#3480,#3481),
(#3482,#3483),(#3484,#3485),(#3486,#3487),(#3488,#3489),(#3490,#3491),(#3492,
#3493),(#3494,#3495),(#3496,#3497)),.UNSPECIFIED.,.F.,.F.,.F.,(4,3,3,3,
3,4),(2,2),(-2.62668966659243,-2.261463351732,-2.094734012704,-1.97602897288805,
-1.89623703687156,-1.88893251057435),(0.,0.8),.UNSPECIFIED.);
#188=B_SPLINE_SURFACE_WITH_KNOTS('',3,3,((#3605,#3606,#3607,#3608),(#3609,
#3610,#3611,#3612),(#3613,#3614,#3615,#3616),(#3617,#3618,#3619,#3620)),
 .UNSPECIFIED.,.F.,.F.,.F.,(4,4),(4,4),(0.29107423364332,1.),(0.999041583872018,
1.),.UNSPECIFIED.);
#189=B_SPLINE_SURFACE_WITH_KNOTS('',3,3,((#3622,#3623,#3624,#3625),(#3626,
#3627,#3628,#3629),(#3630,#3631,#3632,#3633),(#3634,#3635,#3636,#3637)),
 .UNSPECIFIED.,.F.,.F.,.F.,(4,4),(4,4),(0.,0.264175102782487),(0.998771040385696,
1.),.UNSPECIFIED.);
#190=B_SPLINE_SURFACE_WITH_KNOTS('',3,3,((#3638,#3639,#3640,#3641),(#3642,
#3643,#3644,#3645),(#3646,#3647,#3648,#3649),(#3650,#3651,#3652,#3653)),
 .UNSPECIFIED.,.F.,.F.,.F.,(4,4),(4,4),(0.,0.718613382036749),(0.999035639564208,
1.),.UNSPECIFIED.);
#191=B_SPLINE_SURFACE_WITH_KNOTS('',3,3,((#3657,#3658,#3659,#3660),(#3661,
#3662,#3663,#3664),(#3665,#3666,#3667,#3668),(#3669,#3670,#3671,#3672)),
 .UNSPECIFIED.,.F.,.F.,.F.,(4,4),(4,4),(0.740905303944556,1.),(0.99877104038719,
1.),.UNSPECIFIED.);
#192=B_SPLINE_SURFACE_WITH_KNOTS('',3,1,((#3718,#3719),(#3720,#3721),(#3722,
#3723),(#3724,#3725),(#3726,#3727),(#3728,#3729),(#3730,#3731)),
 .UNSPECIFIED.,.F.,.F.,.F.,(4,3,4),(2,2),(2.42876459815513,2.4491101974918,
2.47177483708382),(0.,1.5),.UNSPECIFIED.);
#193=B_SPLINE_SURFACE_WITH_KNOTS('',3,1,((#3766,#3767),(#3768,#3769),(#3770,
#3771),(#3772,#3773)),.UNSPECIFIED.,.F.,.F.,.F.,(4,4),(2,2),(1.36417515025708,
1.4019093092214),(0.,1.5),.UNSPECIFIED.);
#194=B_SPLINE_SURFACE_WITH_KNOTS('',3,1,((#3782,#3783),(#3784,#3785),(#3786,
#3787),(#3788,#3789),(#3790,#3791),(#3792,#3793),(#3794,#3795),(#3796,#3797),
(#3798,#3799),(#3800,#3801),(#3802,#3803),(#3804,#3805),(#3806,#3807),(#3808,
#3809),(#3810,#3811),(#3812,#3813),(#3814,#3815),(#3816,#3817),(#3818,#3819),
(#3820,#3821),(#3822,#3823),(#3824,#3825),(#3826,#3827),(#3828,#3829)),
 .UNSPECIFIED.,.F.,.F.,.F.,(4,2,2,2,2,2,2,2,2,2,2,4),(2,2),(-1.97898565223015,
-1.96510338845333,-1.94819302048445,-1.91959674857088,-1.86211906096249,
-1.73496936772123,-1.44705301369825,-1.21433435672978,-1.06484283578849,
-0.908332871218158,-0.569830297460876,-0.112592022912424),(0.,0.3),
 .UNSPECIFIED.);
#195=B_SPLINE_SURFACE_WITH_KNOTS('',3,1,((#3831,#3832),(#3833,#3834),(#3835,
#3836),(#3837,#3838),(#3839,#3840),(#3841,#3842),(#3843,#3844),(#3845,#3846),
(#3847,#3848),(#3849,#3850)),.UNSPECIFIED.,.F.,.F.,.F.,(4,3,3,4),(2,2),
(-1.85486374513413,-1.74050370016755,-1.72486916887575,-1.62614365520097),
(0.,0.3),.UNSPECIFIED.);
#196=B_SPLINE_SURFACE_WITH_KNOTS('',3,1,((#3851,#3852),(#3853,#3854),(#3855,
#3856),(#3857,#3858),(#3859,#3860),(#3861,#3862),(#3863,#3864),(#3865,#3866),
(#3867,#3868),(#3869,#3870),(#3871,#3872),(#3873,#3874),(#3875,#3876)),
 .UNSPECIFIED.,.F.,.F.,.F.,(4,3,3,3,4),(2,2),(-1.587341591784,-1.50040198299853,
-1.4511613358709,-1.40272582723586,-1.29487204066884),(0.,0.3),
 .UNSPECIFIED.);
#197=B_SPLINE_SURFACE_WITH_KNOTS('',3,1,((#3877,#3878),(#3879,#3880),(#3881,
#3882),(#3883,#3884),(#3885,#3886),(#3887,#3888),(#3889,#3890),(#3891,#3892),
(#3893,#3894),(#3895,#3896),(#3897,#3898),(#3899,#3900),(#3901,#3902),(#3903,
#3904),(#3905,#3906),(#3907,#3908),(#3909,#3910),(#3911,#3912),(#3913,#3914),
(#3915,#3916),(#3917,#3918),(#3919,#3920),(#3921,#3922),(#3923,#3924)),
 .UNSPECIFIED.,.F.,.F.,.F.,(4,2,2,2,2,2,2,2,2,2,2,4),(2,2),(-5.19084188239676,
-4.76516638537163,-4.42596798441564,-4.15079759633534,-3.8198234600674,
-3.09529569707368,-2.05946985119962,-1.59501778924351,-1.14096792787457,
-0.764908818993318,-0.3967463646682,-0.0323860955902305),(0.,0.3),
 .UNSPECIFIED.);
#198=B_SPLINE_SURFACE_WITH_KNOTS('',3,1,((#3925,#3926),(#3927,#3928),(#3929,
#3930),(#3931,#3932),(#3933,#3934),(#3935,#3936),(#3937,#3938),(#3939,#3940),
(#3941,#3942),(#3943,#3944),(#3945,#3946),(#3947,#3948),(#3949,#3950),(#3951,
#3952),(#3953,#3954),(#3955,#3956),(#3957,#3958),(#3959,#3960),(#3961,#3962)),
 .UNSPECIFIED.,.F.,.F.,.F.,(4,3,3,3,3,3,4),(2,2),(-2.62668966659243,-2.0640477644126,
-1.94515854836231,-1.72328220529754,-1.60617425408369,-1.52962260396948,
-1.50140586223277),(0.,0.3),.UNSPECIFIED.);
#199=B_SPLINE_SURFACE_WITH_KNOTS('',3,1,((#3963,#3964),(#3965,#3966),(#3967,
#3968),(#3969,#3970),(#3971,#3972),(#3973,#3974),(#3975,#3976)),
 .UNSPECIFIED.,.F.,.F.,.F.,(4,3,4),(2,2),(-3.52925162081078,-3.11494105642814,
-2.75228533153873),(0.,0.3),.UNSPECIFIED.);
#200=FACE_OUTER_BOUND('',#306,.T.);
#201=FACE_OUTER_BOUND('',#307,.T.);
#202=FACE_OUTER_BOUND('',#308,.T.);
#203=FACE_OUTER_BOUND('',#310,.T.);
#204=FACE_OUTER_BOUND('',#311,.T.);
#205=FACE_OUTER_BOUND('',#312,.T.);
#206=FACE_OUTER_BOUND('',#313,.T.);
#207=FACE_OUTER_BOUND('',#314,.T.);
#208=FACE_OUTER_BOUND('',#315,.T.);
#209=FACE_OUTER_BOUND('',#316,.T.);
#210=FACE_OUTER_BOUND('',#317,.T.);
#211=FACE_OUTER_BOUND('',#318,.T.);
#212=FACE_OUTER_BOUND('',#322,.T.);
#213=FACE_OUTER_BOUND('',#323,.T.);
#214=FACE_OUTER_BOUND('',#324,.T.);
#215=FACE_OUTER_BOUND('',#325,.T.);
#216=FACE_OUTER_BOUND('',#326,.T.);
#217=FACE_OUTER_BOUND('',#327,.T.);
#218=FACE_OUTER_BOUND('',#328,.T.);
#219=FACE_OUTER_BOUND('',#329,.T.);
#220=FACE_OUTER_BOUND('',#330,.T.);
#221=FACE_OUTER_BOUND('',#331,.T.);
#222=FACE_OUTER_BOUND('',#346,.T.);
#223=FACE_OUTER_BOUND('',#347,.T.);
#224=FACE_OUTER_BOUND('',#348,.T.);
#225=FACE_OUTER_BOUND('',#349,.T.);
#226=FACE_OUTER_BOUND('',#350,.T.);
#227=FACE_OUTER_BOUND('',#351,.T.);
#228=FACE_OUTER_BOUND('',#352,.T.);
#229=FACE_OUTER_BOUND('',#353,.T.);
#230=FACE_OUTER_BOUND('',#354,.T.);
#231=FACE_OUTER_BOUND('',#355,.T.);
#232=FACE_OUTER_BOUND('',#356,.T.);
#233=FACE_OUTER_BOUND('',#357,.T.);
#234=FACE_OUTER_BOUND('',#358,.T.);
#235=FACE_OUTER_BOUND('',#359,.T.);
#236=FACE_OUTER_BOUND('',#360,.T.);
#237=FACE_OUTER_BOUND('',#361,.T.);
#238=FACE_OUTER_BOUND('',#362,.T.);
#239=FACE_OUTER_BOUND('',#363,.T.);
#240=FACE_OUTER_BOUND('',#364,.T.);
#241=FACE_OUTER_BOUND('',#365,.T.);
#242=FACE_OUTER_BOUND('',#366,.T.);
#243=FACE_OUTER_BOUND('',#367,.T.);
#244=FACE_OUTER_BOUND('',#368,.T.);
#245=FACE_OUTER_BOUND('',#369,.T.);
#246=FACE_OUTER_BOUND('',#370,.T.);
#247=FACE_OUTER_BOUND('',#371,.T.);
#248=FACE_OUTER_BOUND('',#372,.T.);
#249=FACE_OUTER_BOUND('',#373,.T.);
#250=FACE_OUTER_BOUND('',#374,.T.);
#251=FACE_OUTER_BOUND('',#375,.T.);
#252=FACE_OUTER_BOUND('',#376,.T.);
#253=FACE_OUTER_BOUND('',#377,.T.);
#254=FACE_OUTER_BOUND('',#378,.T.);
#255=FACE_OUTER_BOUND('',#379,.T.);
#256=FACE_OUTER_BOUND('',#380,.T.);
#257=FACE_OUTER_BOUND('',#382,.T.);
#258=FACE_OUTER_BOUND('',#383,.T.);
#259=FACE_OUTER_BOUND('',#384,.T.);
#260=FACE_OUTER_BOUND('',#385,.T.);
#261=FACE_OUTER_BOUND('',#386,.T.);
#262=FACE_OUTER_BOUND('',#387,.T.);
#263=FACE_OUTER_BOUND('',#388,.T.);
#264=FACE_OUTER_BOUND('',#389,.T.);
#265=FACE_OUTER_BOUND('',#390,.T.);
#266=FACE_OUTER_BOUND('',#391,.T.);
#267=FACE_OUTER_BOUND('',#392,.T.);
#268=FACE_OUTER_BOUND('',#393,.T.);
#269=FACE_OUTER_BOUND('',#394,.T.);
#270=FACE_OUTER_BOUND('',#395,.T.);
#271=FACE_OUTER_BOUND('',#396,.T.);
#272=FACE_OUTER_BOUND('',#397,.T.);
#273=FACE_OUTER_BOUND('',#398,.T.);
#274=FACE_OUTER_BOUND('',#399,.T.);
#275=FACE_OUTER_BOUND('',#400,.T.);
#276=FACE_OUTER_BOUND('',#401,.T.);
#277=FACE_OUTER_BOUND('',#402,.T.);
#278=FACE_OUTER_BOUND('',#403,.T.);
#279=FACE_OUTER_BOUND('',#404,.T.);
#280=FACE_OUTER_BOUND('',#405,.T.);
#281=FACE_OUTER_BOUND('',#406,.T.);
#282=FACE_OUTER_BOUND('',#407,.T.);
#283=FACE_OUTER_BOUND('',#408,.T.);
#284=FACE_OUTER_BOUND('',#409,.T.);
#285=FACE_OUTER_BOUND('',#410,.T.);
#286=FACE_OUTER_BOUND('',#411,.T.);
#287=FACE_OUTER_BOUND('',#412,.T.);
#288=FACE_OUTER_BOUND('',#413,.T.);
#289=FACE_OUTER_BOUND('',#414,.T.);
#290=FACE_OUTER_BOUND('',#415,.T.);
#291=FACE_OUTER_BOUND('',#416,.T.);
#292=FACE_OUTER_BOUND('',#417,.T.);
#293=FACE_OUTER_BOUND('',#418,.T.);
#294=FACE_OUTER_BOUND('',#419,.T.);
#295=FACE_OUTER_BOUND('',#420,.T.);
#296=FACE_OUTER_BOUND('',#421,.T.);
#297=FACE_OUTER_BOUND('',#422,.T.);
#298=FACE_OUTER_BOUND('',#423,.T.);
#299=FACE_OUTER_BOUND('',#424,.T.);
#300=FACE_OUTER_BOUND('',#425,.T.);
#301=FACE_OUTER_BOUND('',#426,.T.);
#302=FACE_OUTER_BOUND('',#427,.T.);
#303=FACE_OUTER_BOUND('',#428,.T.);
#304=FACE_OUTER_BOUND('',#429,.T.);
#305=FACE_OUTER_BOUND('',#430,.T.);
#306=EDGE_LOOP('',(#1143,#1144,#1145,#1146));
#307=EDGE_LOOP('',(#1147,#1148,#1149,#1150));
#308=EDGE_LOOP('',(#1151,#1152,#1153,#1154,#1155,#1156,#1157,#1158));
#309=EDGE_LOOP('',(#1159));
#310=EDGE_LOOP('',(#1160,#1161,#1162,#1163));
#311=EDGE_LOOP('',(#1164,#1165,#1166,#1167));
#312=EDGE_LOOP('',(#1168,#1169,#1170,#1171));
#313=EDGE_LOOP('',(#1172,#1173,#1174,#1175));
#314=EDGE_LOOP('',(#1176,#1177,#1178,#1179,#1180,#1181));
#315=EDGE_LOOP('',(#1182,#1183,#1184,#1185,#1186,#1187,#1188,#1189));
#316=EDGE_LOOP('',(#1190,#1191,#1192,#1193,#1194,#1195));
#317=EDGE_LOOP('',(#1196,#1197,#1198,#1199,#1200,#1201,#1202,#1203));
#318=EDGE_LOOP('',(#1204,#1205,#1206,#1207,#1208,#1209,#1210,#1211,#1212,
#1213,#1214,#1215,#1216,#1217,#1218,#1219,#1220,#1221,#1222,#1223,#1224));
#319=EDGE_LOOP('',(#1225,#1226,#1227,#1228,#1229,#1230));
#320=EDGE_LOOP('',(#1231));
#321=EDGE_LOOP('',(#1232));
#322=EDGE_LOOP('',(#1233,#1234,#1235));
#323=EDGE_LOOP('',(#1236,#1237,#1238,#1239,#1240,#1241,#1242,#1243));
#324=EDGE_LOOP('',(#1244,#1245,#1246,#1247,#1248,#1249,#1250,#1251));
#325=EDGE_LOOP('',(#1252,#1253,#1254,#1255));
#326=EDGE_LOOP('',(#1256,#1257,#1258,#1259));
#327=EDGE_LOOP('',(#1260,#1261,#1262,#1263));
#328=EDGE_LOOP('',(#1264,#1265,#1266,#1267));
#329=EDGE_LOOP('',(#1268,#1269,#1270,#1271,#1272));
#330=EDGE_LOOP('',(#1273,#1274,#1275,#1276));
#331=EDGE_LOOP('',(#1277,#1278,#1279,#1280,#1281,#1282,#1283,#1284,#1285,
#1286,#1287,#1288,#1289,#1290,#1291,#1292,#1293,#1294,#1295,#1296,#1297,
#1298,#1299,#1300));
#332=EDGE_LOOP('',(#1301,#1302,#1303,#1304,#1305,#1306,#1307,#1308));
#333=EDGE_LOOP('',(#1309,#1310,#1311,#1312));
#334=EDGE_LOOP('',(#1313,#1314,#1315,#1316));
#335=EDGE_LOOP('',(#1317));
#336=EDGE_LOOP('',(#1318));
#337=EDGE_LOOP('',(#1319));
#338=EDGE_LOOP('',(#1320));
#339=EDGE_LOOP('',(#1321));
#340=EDGE_LOOP('',(#1322));
#341=EDGE_LOOP('',(#1323));
#342=EDGE_LOOP('',(#1324));
#343=EDGE_LOOP('',(#1325,#1326,#1327,#1328,#1329,#1330));
#344=EDGE_LOOP('',(#1331));
#345=EDGE_LOOP('',(#1332));
#346=EDGE_LOOP('',(#1333,#1334,#1335,#1336,#1337));
#347=EDGE_LOOP('',(#1338,#1339,#1340,#1341));
#348=EDGE_LOOP('',(#1342,#1343,#1344,#1345));
#349=EDGE_LOOP('',(#1346,#1347,#1348,#1349));
#350=EDGE_LOOP('',(#1350,#1351,#1352));
#351=EDGE_LOOP('',(#1353,#1354,#1355,#1356,#1357));
#352=EDGE_LOOP('',(#1358,#1359,#1360,#1361,#1362));
#353=EDGE_LOOP('',(#1363,#1364,#1365,#1366));
#354=EDGE_LOOP('',(#1367,#1368,#1369,#1370));
#355=EDGE_LOOP('',(#1371,#1372,#1373,#1374));
#356=EDGE_LOOP('',(#1375,#1376,#1377,#1378));
#357=EDGE_LOOP('',(#1379,#1380,#1381,#1382));
#358=EDGE_LOOP('',(#1383,#1384,#1385,#1386,#1387,#1388));
#359=EDGE_LOOP('',(#1389,#1390,#1391,#1392,#1393,#1394,#1395,#1396));
#360=EDGE_LOOP('',(#1397,#1398,#1399,#1400));
#361=EDGE_LOOP('',(#1401,#1402,#1403,#1404));
#362=EDGE_LOOP('',(#1405,#1406,#1407,#1408,#1409,#1410));
#363=EDGE_LOOP('',(#1411,#1412,#1413,#1414));
#364=EDGE_LOOP('',(#1415,#1416,#1417,#1418));
#365=EDGE_LOOP('',(#1419,#1420,#1421,#1422));
#366=EDGE_LOOP('',(#1423,#1424,#1425));
#367=EDGE_LOOP('',(#1426,#1427,#1428,#1429,#1430));
#368=EDGE_LOOP('',(#1431,#1432,#1433,#1434,#1435));
#369=EDGE_LOOP('',(#1436,#1437,#1438));
#370=EDGE_LOOP('',(#1439,#1440,#1441,#1442));
#371=EDGE_LOOP('',(#1443,#1444,#1445,#1446,#1447,#1448,#1449,#1450,#1451,
#1452,#1453,#1454,#1455,#1456,#1457));
#372=EDGE_LOOP('',(#1458));
#373=EDGE_LOOP('',(#1459,#1460,#1461,#1462));
#374=EDGE_LOOP('',(#1463,#1464,#1465,#1466,#1467));
#375=EDGE_LOOP('',(#1468,#1469,#1470));
#376=EDGE_LOOP('',(#1471,#1472,#1473,#1474));
#377=EDGE_LOOP('',(#1475,#1476,#1477));
#378=EDGE_LOOP('',(#1478,#1479,#1480,#1481));
#379=EDGE_LOOP('',(#1482,#1483,#1484,#1485,#1486));
#380=EDGE_LOOP('',(#1487));
#381=EDGE_LOOP('',(#1488));
#382=EDGE_LOOP('',(#1489,#1490,#1491,#1492));
#383=EDGE_LOOP('',(#1493,#1494,#1495,#1496,#1497,#1498));
#384=EDGE_LOOP('',(#1499,#1500,#1501,#1502,#1503));
#385=EDGE_LOOP('',(#1504,#1505,#1506,#1507,#1508,#1509));
#386=EDGE_LOOP('',(#1510,#1511,#1512,#1513,#1514));
#387=EDGE_LOOP('',(#1515));
#388=EDGE_LOOP('',(#1516));
#389=EDGE_LOOP('',(#1517,#1518,#1519,#1520));
#390=EDGE_LOOP('',(#1521,#1522,#1523,#1524));
#391=EDGE_LOOP('',(#1525,#1526,#1527,#1528));
#392=EDGE_LOOP('',(#1529,#1530));
#393=EDGE_LOOP('',(#1531,#1532));
#394=EDGE_LOOP('',(#1533,#1534,#1535,#1536));
#395=EDGE_LOOP('',(#1537,#1538,#1539,#1540,#1541,#1542));
#396=EDGE_LOOP('',(#1543,#1544,#1545,#1546,#1547,#1548));
#397=EDGE_LOOP('',(#1549,#1550,#1551,#1552));
#398=EDGE_LOOP('',(#1553,#1554,#1555,#1556));
#399=EDGE_LOOP('',(#1557,#1558,#1559,#1560));
#400=EDGE_LOOP('',(#1561,#1562,#1563,#1564,#1565));
#401=EDGE_LOOP('',(#1566,#1567,#1568,#1569,#1570));
#402=EDGE_LOOP('',(#1571,#1572,#1573,#1574));
#403=EDGE_LOOP('',(#1575,#1576,#1577,#1578,#1579));
#404=EDGE_LOOP('',(#1580,#1581,#1582,#1583,#1584));
#405=EDGE_LOOP('',(#1585,#1586,#1587,#1588));
#406=EDGE_LOOP('',(#1589));
#407=EDGE_LOOP('',(#1590,#1591,#1592,#1593));
#408=EDGE_LOOP('',(#1594));
#409=EDGE_LOOP('',(#1595));
#410=EDGE_LOOP('',(#1596,#1597,#1598,#1599));
#411=EDGE_LOOP('',(#1600));
#412=EDGE_LOOP('',(#1601,#1602,#1603,#1604));
#413=EDGE_LOOP('',(#1605));
#414=EDGE_LOOP('',(#1606,#1607,#1608,#1609));
#415=EDGE_LOOP('',(#1610));
#416=EDGE_LOOP('',(#1611,#1612,#1613,#1614));
#417=EDGE_LOOP('',(#1615,#1616,#1617,#1618));
#418=EDGE_LOOP('',(#1619));
#419=EDGE_LOOP('',(#1620,#1621,#1622,#1623));
#420=EDGE_LOOP('',(#1624));
#421=EDGE_LOOP('',(#1625,#1626,#1627,#1628,#1629));
#422=EDGE_LOOP('',(#1630,#1631,#1632,#1633,#1634,#1635,#1636,#1637));
#423=EDGE_LOOP('',(#1638,#1639,#1640,#1641));
#424=EDGE_LOOP('',(#1642,#1643,#1644,#1645));
#425=EDGE_LOOP('',(#1646,#1647,#1648,#1649));
#426=EDGE_LOOP('',(#1650,#1651,#1652,#1653,#1654,#1655,#1656,#1657));
#427=EDGE_LOOP('',(#1658,#1659,#1660,#1661));
#428=EDGE_LOOP('',(#1662,#1663,#1664,#1665));
#429=EDGE_LOOP('',(#1666,#1667,#1668,#1669));
#430=EDGE_LOOP('',(#1670,#1671,#1672,#1673,#1674));
#431=LINE('',#2482,#533);
#432=LINE('',#2498,#534);
#433=LINE('',#2556,#535);
#434=LINE('',#2583,#536);
#435=LINE('',#2934,#537);
#436=LINE('',#2936,#538);
#437=LINE('',#2949,#539);
#438=LINE('',#2951,#540);
#439=LINE('',#2953,#541);
#440=LINE('',#2955,#542);
#441=LINE('',#2957,#543);
#442=LINE('',#2976,#544);
#443=LINE('',#2977,#545);
#444=LINE('',#2980,#546);
#445=LINE('',#2984,#547);
#446=LINE('',#2985,#548);
#447=LINE('',#2987,#549);
#448=LINE('',#3126,#550);
#449=LINE('',#3130,#551);
#450=LINE('',#3135,#552);
#451=LINE('',#3137,#553);
#452=LINE('',#3138,#554);
#453=LINE('',#3147,#555);
#454=LINE('',#3148,#556);
#455=LINE('',#3151,#557);
#456=LINE('',#3258,#558);
#457=LINE('',#3261,#559);
#458=LINE('',#3265,#560);
#459=LINE('',#3272,#561);
#460=LINE('',#3276,#562);
#461=LINE('',#3283,#563);
#462=LINE('',#3285,#564);
#463=LINE('',#3287,#565);
#464=LINE('',#3288,#566);
#465=LINE('',#3291,#567);
#466=LINE('',#3293,#568);
#467=LINE('',#3295,#569);
#468=LINE('',#3296,#570);
#469=LINE('',#3315,#571);
#470=LINE('',#3317,#572);
#471=LINE('',#3319,#573);
#472=LINE('',#3323,#574);
#473=LINE('',#3326,#575);
#474=LINE('',#3329,#576);
#475=LINE('',#3355,#577);
#476=LINE('',#3365,#578);
#477=LINE('',#3388,#579);
#478=LINE('',#3392,#580);
#479=LINE('',#3396,#581);
#480=LINE('',#3398,#582);
#481=LINE('',#3402,#583);
#482=LINE('',#3404,#584);
#483=LINE('',#3407,#585);
#484=LINE('',#3408,#586);
#485=LINE('',#3411,#587);
#486=LINE('',#3413,#588);
#487=LINE('',#3414,#589);
#488=LINE('',#3415,#590);
#489=LINE('',#3418,#591);
#490=LINE('',#3420,#592);
#491=LINE('',#3421,#593);
#492=LINE('',#3423,#594);
#493=LINE('',#3424,#595);
#494=LINE('',#3445,#596);
#495=LINE('',#3447,#597);
#496=LINE('',#3448,#598);
#497=LINE('',#3464,#599);
#498=LINE('',#3520,#600);
#499=LINE('',#3589,#601);
#500=LINE('',#3591,#602);
#501=LINE('',#3593,#603);
#502=LINE('',#3594,#604);
#503=LINE('',#3599,#605);
#504=LINE('',#3600,#606);
#505=LINE('',#3621,#607);
#506=LINE('',#3656,#608);
#507=LINE('',#3679,#609);
#508=LINE('',#3693,#610);
#509=LINE('',#3705,#611);
#510=LINE('',#3717,#612);
#511=LINE('',#3732,#613);
#512=LINE('',#3751,#614);
#513=LINE('',#3774,#615);
#514=LINE('',#3830,#616);
#515=LINE('',#3979,#617);
#516=LINE('',#3984,#618);
#517=LINE('',#3991,#619);
#518=LINE('',#3996,#620);
#519=LINE('',#4001,#621);
#520=LINE('',#4006,#622);
#521=LINE('',#4009,#623);
#522=LINE('',#4014,#624);
#523=LINE('',#4018,#625);
#524=LINE('',#4020,#626);
#525=LINE('',#4021,#627);
#526=LINE('',#4023,#628);
#527=LINE('',#4025,#629);
#528=LINE('',#4028,#630);
#529=LINE('',#4029,#631);
#530=LINE('',#4031,#632);
#531=LINE('',#4033,#633);
#532=LINE('',#4036,#634);
#533=VECTOR('',#2012,10.);
#534=VECTOR('',#2013,10.);
#535=VECTOR('',#2018,10.);
#536=VECTOR('',#2025,10.);
#537=VECTOR('',#2056,10.);
#538=VECTOR('',#2057,10.);
#539=VECTOR('',#2062,10.);
#540=VECTOR('',#2063,10.);
#541=VECTOR('',#2064,10.);
#542=VECTOR('',#2065,10.);
#543=VECTOR('',#2066,10.);
#544=VECTOR('',#2071,10.);
#545=VECTOR('',#2072,10.);
#546=VECTOR('',#2073,10.);
#547=VECTOR('',#2076,10.);
#548=VECTOR('',#2077,10.);
#549=VECTOR('',#2080,10.);
#550=VECTOR('',#2099,1.35);
#551=VECTOR('',#2104,1.4);
#552=VECTOR('',#2109,10.);
#553=VECTOR('',#2110,10.);
#554=VECTOR('',#2111,10.);
#555=VECTOR('',#2114,10.);
#556=VECTOR('',#2115,10.);
#557=VECTOR('',#2118,10.);
#558=VECTOR('',#2135,10.);
#559=VECTOR('',#2136,10.);
#560=VECTOR('',#2139,10.);
#561=VECTOR('',#2140,10.);
#562=VECTOR('',#2143,10.);
#563=VECTOR('',#2144,10.);
#564=VECTOR('',#2145,10.);
#565=VECTOR('',#2146,10.);
#566=VECTOR('',#2147,10.);
#567=VECTOR('',#2148,10.);
#568=VECTOR('',#2149,10.);
#569=VECTOR('',#2150,10.);
#570=VECTOR('',#2151,10.);
#571=VECTOR('',#2168,10.);
#572=VECTOR('',#2169,10.);
#573=VECTOR('',#2170,10.);
#574=VECTOR('',#2173,10.);
#575=VECTOR('',#2178,10.);
#576=VECTOR('',#2183,10.);
#577=VECTOR('',#2192,10.);
#578=VECTOR('',#2195,10.);
#579=VECTOR('',#2198,10.);
#580=VECTOR('',#2201,10.);
#581=VECTOR('',#2206,10.);
#582=VECTOR('',#2207,10.);
#583=VECTOR('',#2212,10.);
#584=VECTOR('',#2213,10.);
#585=VECTOR('',#2218,10.);
#586=VECTOR('',#2219,10.);
#587=VECTOR('',#2222,10.);
#588=VECTOR('',#2223,10.);
#589=VECTOR('',#2224,10.);
#590=VECTOR('',#2225,10.);
#591=VECTOR('',#2228,10.);
#592=VECTOR('',#2229,10.);
#593=VECTOR('',#2230,10.);
#594=VECTOR('',#2231,10.);
#595=VECTOR('',#2232,10.);
#596=VECTOR('',#2237,10.);
#597=VECTOR('',#2238,10.);
#598=VECTOR('',#2239,10.);
#599=VECTOR('',#2264,3.5);
#600=VECTOR('',#2269,10.);
#601=VECTOR('',#2278,10.);
#602=VECTOR('',#2279,10.);
#603=VECTOR('',#2280,10.);
#604=VECTOR('',#2281,10.);
#605=VECTOR('',#2288,10.);
#606=VECTOR('',#2289,10.);
#607=VECTOR('',#2296,3.64223747087541);
#608=VECTOR('',#2299,3.63864408135217);
#609=VECTOR('',#2310,3.);
#610=VECTOR('',#2327,2.);
#611=VECTOR('',#2342,2.);
#612=VECTOR('',#2351,10.);
#613=VECTOR('',#2352,10.);
#614=VECTOR('',#2365,10.);
#615=VECTOR('',#2370,10.);
#616=VECTOR('',#2373,10.);
#617=VECTOR('',#2376,1.125);
#618=VECTOR('',#2383,1.125);
#619=VECTOR('',#2394,1.125);
#620=VECTOR('',#2401,1.125);
#621=VECTOR('',#2408,1.125);
#622=VECTOR('',#2415,1.125);
#623=VECTOR('',#2418,1.125);
#624=VECTOR('',#2425,1.125);
#625=VECTOR('',#2432,2.);
#626=VECTOR('',#2435,10.);
#627=VECTOR('',#2436,10.);
#628=VECTOR('',#2439,10.);
#629=VECTOR('',#2442,10.);
#630=VECTOR('',#2447,10.);
#631=VECTOR('',#2448,10.);
#632=VECTOR('',#2451,10.);
#633=VECTOR('',#2454,10.);
#634=VECTOR('',#2459,2.);
#635=B_SPLINE_CURVE_WITH_KNOTS('',3,(#2467,#2468,#2469,#2470,#2471,#2472,
#2473,#2474,#2475,#2476,#2477,#2478,#2479,#2480),.UNSPECIFIED.,.F.,.F.,
(4,2,2,2,2,2,4),(-0.58260706010224,-0.499593666698969,-0.405834703887123,
-0.281589492878384,-0.142324760883771,0.,0.000925410762172691),
 .UNSPECIFIED.);
#636=B_SPLINE_CURVE_WITH_KNOTS('',3,(#2484,#2485,#2486,#2487,#2488,#2489,
#2490,#2491,#2492,#2493,#2494,#2495,#2496,#2497),.UNSPECIFIED.,.F.,.F.,
(4,2,2,2,2,2,4),(-0.577831395216487,-0.576914988148311,-0.435981488606717,
-0.298078949049008,-0.175046354208772,-0.0822027053489574,0.),
 .UNSPECIFIED.);
#637=B_SPLINE_CURVE_WITH_KNOTS('',3,(#2520,#2521,#2522,#2523),
 .UNSPECIFIED.,.F.,.F.,(4,4),(-0.407782283522534,-0.0637285948669705),
 .UNSPECIFIED.);
#638=B_SPLINE_CURVE_WITH_KNOTS('',3,(#2525,#2526,#2527,#2528,#2529,#2530,
#2531,#2532,#2533,#2534,#2535,#2536),.UNSPECIFIED.,.F.,.F.,(4,2,2,2,2,4),
(0.,0.089044529954006,0.180348627528448,0.289615070396989,0.387422028480339,
0.483206493502909),.UNSPECIFIED.);
#639=B_SPLINE_CURVE_WITH_KNOTS('',3,(#2537,#2538,#2539,#2540),
 .UNSPECIFIED.,.F.,.F.,(4,4),(-2.73705235259266E-15,0.720028059856875),
 .UNSPECIFIED.);
#640=B_SPLINE_CURVE_WITH_KNOTS('',3,(#2543,#2544,#2545,#2546),
 .UNSPECIFIED.,.F.,.F.,(4,4),(0.0636393238771462,0.407689688324141),
 .UNSPECIFIED.);
#641=B_SPLINE_CURVE_WITH_KNOTS('',3,(#2550,#2551,#2552,#2553,#2554),
 .UNSPECIFIED.,.F.,.F.,(4,1,4),(-2.64678959476478,-1.66420506861895,-0.0636652522899377),
 .UNSPECIFIED.);
#642=B_SPLINE_CURVE_WITH_KNOTS('',3,(#2558,#2559,#2560,#2561,#2562),
 .UNSPECIFIED.,.F.,.F.,(4,1,4),(-2.86358701215548,-1.26311099622301,-0.28050834467418),
 .UNSPECIFIED.);
#643=B_SPLINE_CURVE_WITH_KNOTS('',3,(#2568,#2569,#2570,#2571,#2572,#2573,
#2574,#2575,#2576,#2577,#2578,#2579,#2580,#2581),.UNSPECIFIED.,.F.,.F.,
(4,2,2,2,2,2,4),(-0.552018673965856,-0.550998171643596,-0.431735631105431,
-0.316857452418115,-0.188789545246364,-0.0889367190071131,0.),
 .UNSPECIFIED.);
#644=B_SPLINE_CURVE_WITH_KNOTS('',3,(#2584,#2585,#2586,#2587,#2588,#2589,
#2590,#2591,#2592,#2593,#2594,#2595,#2596,#2597),.UNSPECIFIED.,.F.,.F.,
(4,2,2,2,2,2,4),(-0.555518853700211,-0.465852683906641,-0.36518082144913,
-0.2360622930464,-0.120241340133553,0.,0.00102887600191882),
 .UNSPECIFIED.);
#645=B_SPLINE_CURVE_WITH_KNOTS('',3,(#2624,#2625,#2626,#2627,#2628,#2629,
#2630,#2631,#2632,#2633,#2634,#2635),.UNSPECIFIED.,.F.,.F.,(4,2,2,2,2,4),
(0.,0.0890413678237337,0.180343599477,0.289605337971144,0.387417085381504,
0.483200117294552),.UNSPECIFIED.);
#646=B_SPLINE_CURVE_WITH_KNOTS('',3,(#2636,#2637,#2638,#2639,#2640),
 .UNSPECIFIED.,.F.,.F.,(4,1,4),(0.,1.66420506861895,2.91235887008316),
 .UNSPECIFIED.);
#647=B_SPLINE_CURVE_WITH_KNOTS('',3,(#2662,#2663,#2664,#2665),
 .UNSPECIFIED.,.F.,.F.,(4,4),(-0.719936809512526,0.),.UNSPECIFIED.);
#648=B_SPLINE_CURVE_WITH_KNOTS('',3,(#2666,#2667,#2668,#2669,#2670,#2671,
#2672,#2673,#2674,#2675,#2676,#2677),.UNSPECIFIED.,.F.,.F.,(4,2,2,2,2,4),
(0.,0.092169935559064,0.201710298189232,0.320636434366903,0.401771300974326,
0.483779524280911),.UNSPECIFIED.);
#649=B_SPLINE_CURVE_WITH_KNOTS('',3,(#2704,#2705,#2706,#2707,#2708,#2709,
#2710),.UNSPECIFIED.,.F.,.F.,(4,3,4),(0.0149373312587165,1.26311056630574,
2.92734154636845),.UNSPECIFIED.);
#650=B_SPLINE_CURVE_WITH_KNOTS('',3,(#2711,#2712,#2713,#2714,#2715,#2716,
#2717,#2718,#2719,#2720,#2721,#2722,#2723,#2724),.UNSPECIFIED.,.F.,.F.,
(4,2,2,2,2,2,4),(0.,0.0471335979756059,0.144737853671586,0.267546060550816,
0.37307758251453,0.427266358997642,0.482379528997908),.UNSPECIFIED.);
#651=B_SPLINE_CURVE_WITH_KNOTS('',3,(#2759,#2760,#2761,#2762,#2763,#2764),
 .UNSPECIFIED.,.F.,.F.,(4,2,4),(-0.182534955536884,-0.14767414365355,-0.0927318659459506),
 .UNSPECIFIED.);
#652=B_SPLINE_CURVE_WITH_KNOTS('',3,(#2766,#2767,#2768,#2769,#2770,#2771,
#2772,#2773,#2774,#2775,#2776,#2777,#2778),.UNSPECIFIED.,.F.,.F.,(4,3,3,
3,4),(4.00552088290998,4.07831438335229,4.18205613676182,4.32415096587854,
4.47885358323818),.UNSPECIFIED.);
#653=B_SPLINE_CURVE_WITH_KNOTS('',3,(#2780,#2781,#2782,#2783,#2784,#2785),
 .UNSPECIFIED.,.F.,.F.,(4,2,4),(0.,0.15,0.3),.UNSPECIFIED.);
#654=B_SPLINE_CURVE_WITH_KNOTS('',3,(#2787,#2788,#2789,#2790,#2791,#2792,
#2793,#2794,#2795,#2796,#2797,#2798,#2799,#2800,#2801,#2802),
 .UNSPECIFIED.,.F.,.F.,(4,3,3,3,3,4),(3.77775417369806,3.88695263274629,
4.07831438335229,4.18205613676182,4.32415096587854,4.47885358323818),
 .UNSPECIFIED.);
#655=B_SPLINE_CURVE_WITH_KNOTS('',3,(#2804,#2805,#2806,#2807,#2808,#2809),
 .UNSPECIFIED.,.F.,.F.,(4,2,4),(0.,0.15,0.3),.UNSPECIFIED.);
#656=B_SPLINE_CURVE_WITH_KNOTS('',3,(#2810,#2811,#2812,#2813,#2814,#2815,
#2816),.UNSPECIFIED.,.F.,.F.,(4,3,4),(3.77775417369806,3.88695263274629,
3.96415718419506),.UNSPECIFIED.);
#657=B_SPLINE_CURVE_WITH_KNOTS('',3,(#2862,#2863,#2864,#2865,#2866,#2867),
 .UNSPECIFIED.,.F.,.F.,(4,2,4),(-0.19142453963863,-0.115124881644931,-0.093324998961134),
 .UNSPECIFIED.);
#658=B_SPLINE_CURVE_WITH_KNOTS('',3,(#2869,#2870,#2871,#2872),
 .UNSPECIFIED.,.F.,.F.,(4,4),(1.12298421411325,1.19885839064515),
 .UNSPECIFIED.);
#659=B_SPLINE_CURVE_WITH_KNOTS('',3,(#2874,#2875,#2876,#2877,#2878,#2879),
 .UNSPECIFIED.,.F.,.F.,(4,2,4),(0.,0.15,0.3),.UNSPECIFIED.);
#660=B_SPLINE_CURVE_WITH_KNOTS('',3,(#2881,#2882,#2883,#2884,#2885,#2886,
#2887,#2888,#2889,#2890,#2891,#2892,#2893,#2894,#2895,#2896),
 .UNSPECIFIED.,.F.,.F.,(4,3,3,3,3,4),(0.794811049772099,0.8447943685998,
0.916616044504416,1.02558107917485,1.07751332550227,1.19885839064515),
 .UNSPECIFIED.);
#661=B_SPLINE_CURVE_WITH_KNOTS('',3,(#2898,#2899,#2900,#2901,#2902,#2903),
 .UNSPECIFIED.,.F.,.F.,(4,2,4),(0.,0.15,0.3),.UNSPECIFIED.);
#662=B_SPLINE_CURVE_WITH_KNOTS('',3,(#2904,#2905,#2906,#2907,#2908,#2909,
#2910,#2911,#2912,#2913,#2914,#2915,#2916,#2917,#2918,#2919),
 .UNSPECIFIED.,.F.,.F.,(4,3,3,3,3,4),(0.794811049772099,0.8447943685998,
0.916616044504416,1.02558107917485,1.07751332550227,1.10346383687868),
 .UNSPECIFIED.);
#663=B_SPLINE_CURVE_WITH_KNOTS('',3,(#2941,#2942,#2943,#2944,#2945,#2946,
#2947),.UNSPECIFIED.,.F.,.F.,(4,3,4),(2.9517173966233,3.11494105642814,
3.52286258755776),.UNSPECIFIED.);
#664=B_SPLINE_CURVE_WITH_KNOTS('',3,(#2959,#2960,#2961,#2962,#2963,#2964,
#2965,#2966,#2967,#2968,#2969,#2970,#2971),.UNSPECIFIED.,.F.,.F.,(4,3,3,
3,4),(1.29737859394171,1.40272582723586,1.4511613358709,1.50040198299853,
1.5214825680726),.UNSPECIFIED.);
#665=B_SPLINE_CURVE_WITH_KNOTS('',3,(#2996,#2997,#2998,#2999,#3000,#3001),
 .UNSPECIFIED.,.F.,.F.,(4,2,4),(0.300000000000638,0.400000000000318,0.800000000000637),
 .UNSPECIFIED.);
#666=B_SPLINE_CURVE_WITH_KNOTS('',3,(#3003,#3004,#3005,#3006,#3007,#3008),
 .UNSPECIFIED.,.F.,.F.,(4,2,4),(0.,0.15,0.3),.UNSPECIFIED.);
#667=B_SPLINE_CURVE_WITH_KNOTS('',3,(#3012,#3013,#3014,#3015,#3016,#3017),
 .UNSPECIFIED.,.F.,.F.,(4,2,4),(0.,0.15,0.3),.UNSPECIFIED.);
#668=B_SPLINE_CURVE_WITH_KNOTS('',3,(#3018,#3019,#3020,#3021,#3022,#3023),
 .UNSPECIFIED.,.F.,.F.,(4,2,4),(0.,0.400000000000001,0.5),.UNSPECIFIED.);
#669=B_SPLINE_CURVE_WITH_KNOTS('',3,(#3026,#3027,#3028,#3029,#3030,#3031),
 .UNSPECIFIED.,.F.,.F.,(4,2,4),(0.300000000000001,0.4,0.800000000000001),
 .UNSPECIFIED.);
#670=B_SPLINE_CURVE_WITH_KNOTS('',3,(#3033,#3034,#3035,#3036,#3037,#3038),
 .UNSPECIFIED.,.F.,.F.,(4,2,4),(0.,0.15,0.3),.UNSPECIFIED.);
#671=B_SPLINE_CURVE_WITH_KNOTS('',3,(#3042,#3043,#3044,#3045,#3046,#3047),
 .UNSPECIFIED.,.F.,.F.,(4,2,4),(0.,0.15,0.3),.UNSPECIFIED.);
#672=B_SPLINE_CURVE_WITH_KNOTS('',3,(#3048,#3049,#3050,#3051,#3052,#3053),
 .UNSPECIFIED.,.F.,.F.,(4,2,4),(0.,0.4,0.499999999999999),.UNSPECIFIED.);
#673=B_SPLINE_CURVE_WITH_KNOTS('',3,(#3087,#3088,#3089,#3090,#3091,#3092),
 .UNSPECIFIED.,.F.,.F.,(4,2,4),(-0.800000000000637,-0.400000000000319,-0.300000000000637),
 .UNSPECIFIED.);
#674=B_SPLINE_CURVE_WITH_KNOTS('',3,(#3093,#3094,#3095,#3096,#3097,#3098,
#3099,#3100,#3101,#3102,#3103,#3104,#3105),.UNSPECIFIED.,.F.,.F.,(4,3,3,
3,4),(-1.79493728775993,-1.75309083353818,-1.73627349253154,-1.72051751225319,
-1.62712328192058),.UNSPECIFIED.);
#675=B_SPLINE_CURVE_WITH_KNOTS('',3,(#3114,#3115,#3116,#3117),
 .UNSPECIFIED.,.F.,.F.,(4,4),(-1.58627498891452,-1.5214825680726),
 .UNSPECIFIED.);
#676=B_SPLINE_CURVE_WITH_KNOTS('',3,(#3118,#3119,#3120,#3121,#3122,#3123),
 .UNSPECIFIED.,.F.,.F.,(4,2,4),(-0.5,-0.400000000000001,0.),
 .UNSPECIFIED.);
#677=B_SPLINE_CURVE_WITH_KNOTS('',3,(#3139,#3140,#3141,#3142,#3143,#3144),
 .UNSPECIFIED.,.F.,.F.,(4,2,4),(0.,0.00350037979735536,0.00700051690648837),
 .UNSPECIFIED.);
#678=B_SPLINE_CURVE_WITH_KNOTS('',3,(#3155,#3156,#3157,#3158,#3159,#3160,
#3161,#3162,#3163,#3164,#3165,#3166,#3167),.UNSPECIFIED.,.F.,.F.,(4,3,3,
3,4),(1.29737859394171,1.40272582723586,1.4511613358709,1.50040198299853,
1.58627498891452),.UNSPECIFIED.);
#679=B_SPLINE_CURVE_WITH_KNOTS('',3,(#3169,#3170,#3171,#3172,#3173,#3174,
#3175,#3176,#3177,#3178),.UNSPECIFIED.,.F.,.F.,(4,3,3,4),(1.62712328192058,
1.72486916887575,1.74050370016755,1.85444579151884),.UNSPECIFIED.);
#680=B_SPLINE_CURVE_WITH_KNOTS('',3,(#3182,#3183,#3184,#3185,#3186,#3187,
#3188),.UNSPECIFIED.,.F.,.F.,(4,3,4),(0.,0.0621877592892716,0.118012482599259),
 .UNSPECIFIED.);
#681=B_SPLINE_CURVE_WITH_KNOTS('',3,(#3192,#3193,#3194,#3195,#3196,#3197,
#3198,#3199,#3200,#3201,#3202,#3203,#3204),.UNSPECIFIED.,.F.,.F.,(4,3,3,
3,4),(1.86707810788804,1.91959674857088,1.94819302048445,1.96510338845333,
1.97898565223015),.UNSPECIFIED.);
#682=B_SPLINE_CURVE_WITH_KNOTS('',3,(#3206,#3207,#3208,#3209,#3210,#3211,
#3212,#3213,#3214,#3215,#3216,#3217,#3218),.UNSPECIFIED.,.F.,.F.,(4,3,3,
3,4),(0.0323860955902305,0.3967463646682,0.764908818993318,1.14096792787457,
1.40158039175602),.UNSPECIFIED.);
#683=B_SPLINE_CURVE_WITH_KNOTS('',3,(#3222,#3223,#3224,#3225),
 .UNSPECIFIED.,.F.,.F.,(4,4),(0.,0.117868097969848),.UNSPECIFIED.);
#684=B_SPLINE_CURVE_WITH_KNOTS('',3,(#3228,#3229,#3230,#3231,#3232,#3233,
#3234,#3235,#3236,#3237,#3238,#3239,#3240,#3241,#3242,#3243,#3244,#3245,
#3246),.UNSPECIFIED.,.F.,.F.,(4,3,3,3,3,3,4),(1.50454139518292,1.52962260396948,
1.60617425408369,1.72328220529754,1.94515854836231,2.0640477644126,2.62344637550085),
 .UNSPECIFIED.);
#685=B_SPLINE_CURVE_WITH_KNOTS('',3,(#3248,#3249,#3250,#3251,#3252,#3253,
#3254),.UNSPECIFIED.,.F.,.F.,(4,3,4),(2.75565257029172,3.11494105642814,
3.52286258755776),.UNSPECIFIED.);
#686=B_SPLINE_CURVE_WITH_KNOTS('',3,(#3267,#3268,#3269,#3270),
 .UNSPECIFIED.,.F.,.F.,(4,4),(0.398195383738461,0.398593495921233),
 .UNSPECIFIED.);
#687=B_SPLINE_CURVE_WITH_KNOTS('',3,(#3277,#3278,#3279,#3280),
 .UNSPECIFIED.,.F.,.F.,(4,4),(0.,0.000492426821893634),.UNSPECIFIED.);
#688=B_SPLINE_CURVE_WITH_KNOTS('',3,(#3335,#3336,#3337,#3338,#3339,#3340,
#3341),.UNSPECIFIED.,.F.,.F.,(4,3,4),(-0.16339123015093,-0.0909569327598898,
-0.0733196446450119),.UNSPECIFIED.);
#689=B_SPLINE_CURVE_WITH_KNOTS('',3,(#3342,#3343,#3344,#3345,#3346,#3347,
#3348,#3349,#3350,#3351,#3352,#3353,#3354),.UNSPECIFIED.,.F.,.F.,(4,3,3,
3,4),(-0.282763161939539,-0.205420406303984,-0.139823722285422,-0.0662345044902337,
0.),.UNSPECIFIED.);
#690=B_SPLINE_CURVE_WITH_KNOTS('',3,(#3358,#3359,#3360,#3361,#3362,#3363,
#3364),.UNSPECIFIED.,.F.,.F.,(4,3,4),(-0.0881720992037781,-0.0157355389666214,
0.),.UNSPECIFIED.);
#691=B_SPLINE_CURVE_WITH_KNOTS('',3,(#3366,#3367,#3368,#3369,#3370,#3371,
#3372,#3373,#3374,#3375,#3376,#3377,#3378),.UNSPECIFIED.,.F.,.F.,(4,3,3,
3,4),(-0.284722892996787,-0.211143256332204,-0.143939039166502,-0.0665839947511457,
0.),.UNSPECIFIED.);
#692=B_SPLINE_CURVE_WITH_KNOTS('',3,(#3434,#3435,#3436,#3437,#3438,#3439),
 .UNSPECIFIED.,.F.,.F.,(4,2,4),(-0.8,-0.4,-0.3),.UNSPECIFIED.);
#693=B_SPLINE_CURVE_WITH_KNOTS('',3,(#3440,#3441,#3442,#3443),
 .UNSPECIFIED.,.F.,.F.,(4,4),(-2.9517173966233,-2.75565257029172),
 .UNSPECIFIED.);
#694=B_SPLINE_CURVE_WITH_KNOTS('',3,(#3499,#3500,#3501,#3502,#3503,#3504,
#3505,#3506,#3507,#3508,#3509,#3510,#3511),.UNSPECIFIED.,.F.,.F.,(4,3,3,
3,4),(-2.62344637550085,-2.26146334939004,-2.09473401144033,-1.97602897239208,
-1.89934000630664),.UNSPECIFIED.);
#695=B_SPLINE_CURVE_WITH_KNOTS('',3,(#3512,#3513,#3514,#3515,#3516,#3517),
 .UNSPECIFIED.,.F.,.F.,(4,2,4),(-0.499999999999998,-0.4,0.),
 .UNSPECIFIED.);
#696=B_SPLINE_CURVE_WITH_KNOTS('',3,(#3522,#3523,#3524,#3525,#3526,#3527,
#3528,#3529,#3530,#3531,#3532,#3533,#3534),.UNSPECIFIED.,.F.,.F.,(4,3,3,
3,4),(1.50454139518292,1.52962260396948,1.60617425408369,1.72328220529754,
1.89934000626066),.UNSPECIFIED.);
#697=B_SPLINE_CURVE_WITH_KNOTS('',3,(#3538,#3539,#3540,#3541),
 .UNSPECIFIED.,.F.,.F.,(4,4),(1.36417515025708,1.4019093092214),
 .UNSPECIFIED.);
#698=B_SPLINE_CURVE_WITH_KNOTS('',3,(#3545,#3546,#3547,#3548,#3549,#3550,
#3551,#3552,#3553,#3554,#3555,#3556,#3557),.UNSPECIFIED.,.F.,.F.,(4,3,3,
3,4),(-1.40158039210077,-1.14096792787457,-0.764908818993318,-0.3967463646682,
-0.0323860955902309),.UNSPECIFIED.);
#699=B_SPLINE_CURVE_WITH_KNOTS('',3,(#3559,#3560,#3561,#3562,#3563,#3564,
#3565,#3566,#3567,#3568,#3569,#3570,#3571),.UNSPECIFIED.,.F.,.F.,(4,3,3,
3,4),(-1.97898565223015,-1.96510338845333,-1.94819302048445,-1.91959674857088,
-1.86707810788804),.UNSPECIFIED.);
#700=B_SPLINE_CURVE_WITH_KNOTS('',3,(#3575,#3576,#3577,#3578,#3579,#3580,
#3581),.UNSPECIFIED.,.F.,.F.,(4,3,4),(2.42876459815513,2.4491101974918,
2.47177483708382),.UNSPECIFIED.);
#701=B_SPLINE_CURVE_WITH_KNOTS('',3,(#3584,#3585,#3586,#3587),
 .UNSPECIFIED.,.F.,.F.,(4,4),(1.79493728776108,1.85444579151884),
 .UNSPECIFIED.);
#702=B_SPLINE_CURVE_WITH_KNOTS('',3,(#3711,#3712,#3713,#3714,#3715,#3716),
 .UNSPECIFIED.,.F.,.F.,(4,2,4),(0.,0.15,0.3),.UNSPECIFIED.);
#703=B_SPLINE_CURVE_WITH_KNOTS('',3,(#3734,#3735,#3736,#3737,#3738,#3739),
 .UNSPECIFIED.,.F.,.F.,(4,2,4),(-0.3,-0.15,0.),.UNSPECIFIED.);
#704=B_SPLINE_CURVE_WITH_KNOTS('',3,(#3745,#3746,#3747,#3748,#3749,#3750),
 .UNSPECIFIED.,.F.,.F.,(4,2,4),(-0.3,-0.15,0.),.UNSPECIFIED.);
#705=B_SPLINE_CURVE_WITH_KNOTS('',3,(#3753,#3754,#3755,#3756,#3757,#3758),
 .UNSPECIFIED.,.F.,.F.,(4,2,4),(0.,0.15,0.3),.UNSPECIFIED.);
#706=B_SPLINE_CURVE_WITH_KNOTS('',3,(#3760,#3761,#3762,#3763,#3764,#3765),
 .UNSPECIFIED.,.F.,.F.,(4,2,4),(0.,0.15,0.3),.UNSPECIFIED.);
#707=B_SPLINE_CURVE_WITH_KNOTS('',3,(#3776,#3777,#3778,#3779,#3780,#3781),
 .UNSPECIFIED.,.F.,.F.,(4,2,4),(0.,0.15,0.3),.UNSPECIFIED.);
#708=VERTEX_POINT('',#2465);
#709=VERTEX_POINT('',#2466);
#710=VERTEX_POINT('',#2481);
#711=VERTEX_POINT('',#2483);
#712=VERTEX_POINT('',#2519);
#713=VERTEX_POINT('',#2524);
#714=VERTEX_POINT('',#2542);
#715=VERTEX_POINT('',#2547);
#716=VERTEX_POINT('',#2549);
#717=VERTEX_POINT('',#2555);
#718=VERTEX_POINT('',#2557);
#719=VERTEX_POINT('',#2564);
#720=VERTEX_POINT('',#2567);
#721=VERTEX_POINT('',#2582);
#722=VERTEX_POINT('',#2623);
#723=VERTEX_POINT('',#2661);
#724=VERTEX_POINT('',#2703);
#725=VERTEX_POINT('',#2757);
#726=VERTEX_POINT('',#2758);
#727=VERTEX_POINT('',#2765);
#728=VERTEX_POINT('',#2779);
#729=VERTEX_POINT('',#2786);
#730=VERTEX_POINT('',#2803);
#731=VERTEX_POINT('',#2818);
#732=VERTEX_POINT('',#2820);
#733=VERTEX_POINT('',#2823);
#734=VERTEX_POINT('',#2825);
#735=VERTEX_POINT('',#2860);
#736=VERTEX_POINT('',#2861);
#737=VERTEX_POINT('',#2868);
#738=VERTEX_POINT('',#2873);
#739=VERTEX_POINT('',#2880);
#740=VERTEX_POINT('',#2897);
#741=VERTEX_POINT('',#2921);
#742=VERTEX_POINT('',#2923);
#743=VERTEX_POINT('',#2925);
#744=VERTEX_POINT('',#2927);
#745=VERTEX_POINT('',#2932);
#746=VERTEX_POINT('',#2933);
#747=VERTEX_POINT('',#2935);
#748=VERTEX_POINT('',#2938);
#749=VERTEX_POINT('',#2940);
#750=VERTEX_POINT('',#2948);
#751=VERTEX_POINT('',#2950);
#752=VERTEX_POINT('',#2952);
#753=VERTEX_POINT('',#2954);
#754=VERTEX_POINT('',#2956);
#755=VERTEX_POINT('',#2958);
#756=VERTEX_POINT('',#2973);
#757=VERTEX_POINT('',#2975);
#758=VERTEX_POINT('',#2978);
#759=VERTEX_POINT('',#2979);
#760=VERTEX_POINT('',#2981);
#761=VERTEX_POINT('',#2983);
#762=VERTEX_POINT('',#2988);
#763=VERTEX_POINT('',#2990);
#764=VERTEX_POINT('',#2995);
#765=VERTEX_POINT('',#3002);
#766=VERTEX_POINT('',#3009);
#767=VERTEX_POINT('',#3011);
#768=VERTEX_POINT('',#3025);
#769=VERTEX_POINT('',#3032);
#770=VERTEX_POINT('',#3039);
#771=VERTEX_POINT('',#3041);
#772=VERTEX_POINT('',#3086);
#773=VERTEX_POINT('',#3125);
#774=VERTEX_POINT('',#3129);
#775=VERTEX_POINT('',#3133);
#776=VERTEX_POINT('',#3134);
#777=VERTEX_POINT('',#3136);
#778=VERTEX_POINT('',#3146);
#779=VERTEX_POINT('',#3150);
#780=VERTEX_POINT('',#3153);
#781=VERTEX_POINT('',#3168);
#782=VERTEX_POINT('',#3179);
#783=VERTEX_POINT('',#3181);
#784=VERTEX_POINT('',#3189);
#785=VERTEX_POINT('',#3191);
#786=VERTEX_POINT('',#3205);
#787=VERTEX_POINT('',#3219);
#788=VERTEX_POINT('',#3221);
#789=VERTEX_POINT('',#3226);
#790=VERTEX_POINT('',#3247);
#791=VERTEX_POINT('',#3256);
#792=VERTEX_POINT('',#3259);
#793=VERTEX_POINT('',#3260);
#794=VERTEX_POINT('',#3262);
#795=VERTEX_POINT('',#3264);
#796=VERTEX_POINT('',#3266);
#797=VERTEX_POINT('',#3271);
#798=VERTEX_POINT('',#3273);
#799=VERTEX_POINT('',#3275);
#800=VERTEX_POINT('',#3281);
#801=VERTEX_POINT('',#3282);
#802=VERTEX_POINT('',#3284);
#803=VERTEX_POINT('',#3286);
#804=VERTEX_POINT('',#3289);
#805=VERTEX_POINT('',#3290);
#806=VERTEX_POINT('',#3292);
#807=VERTEX_POINT('',#3294);
#808=VERTEX_POINT('',#3297);
#809=VERTEX_POINT('',#3299);
#810=VERTEX_POINT('',#3301);
#811=VERTEX_POINT('',#3303);
#812=VERTEX_POINT('',#3305);
#813=VERTEX_POINT('',#3307);
#814=VERTEX_POINT('',#3309);
#815=VERTEX_POINT('',#3311);
#816=VERTEX_POINT('',#3313);
#817=VERTEX_POINT('',#3314);
#818=VERTEX_POINT('',#3316);
#819=VERTEX_POINT('',#3318);
#820=VERTEX_POINT('',#3320);
#821=VERTEX_POINT('',#3322);
#822=VERTEX_POINT('',#3334);
#823=VERTEX_POINT('',#3357);
#824=VERTEX_POINT('',#3386);
#825=VERTEX_POINT('',#3387);
#826=VERTEX_POINT('',#3389);
#827=VERTEX_POINT('',#3391);
#828=VERTEX_POINT('',#3395);
#829=VERTEX_POINT('',#3397);
#830=VERTEX_POINT('',#3401);
#831=VERTEX_POINT('',#3403);
#832=VERTEX_POINT('',#3410);
#833=VERTEX_POINT('',#3412);
#834=VERTEX_POINT('',#3417);
#835=VERTEX_POINT('',#3419);
#836=VERTEX_POINT('',#3422);
#837=VERTEX_POINT('',#3446);
#838=VERTEX_POINT('',#3456);
#839=VERTEX_POINT('',#3458);
#840=VERTEX_POINT('',#3462);
#841=VERTEX_POINT('',#3498);
#842=VERTEX_POINT('',#3519);
#843=VERTEX_POINT('',#3521);
#844=VERTEX_POINT('',#3535);
#845=VERTEX_POINT('',#3537);
#846=VERTEX_POINT('',#3542);
#847=VERTEX_POINT('',#3544);
#848=VERTEX_POINT('',#3558);
#849=VERTEX_POINT('',#3572);
#850=VERTEX_POINT('',#3574);
#851=VERTEX_POINT('',#3582);
#852=VERTEX_POINT('',#3588);
#853=VERTEX_POINT('',#3590);
#854=VERTEX_POINT('',#3592);
#855=VERTEX_POINT('',#3596);
#856=VERTEX_POINT('',#3602);
#857=VERTEX_POINT('',#3654);
#858=VERTEX_POINT('',#3676);
#859=VERTEX_POINT('',#3681);
#860=VERTEX_POINT('',#3682);
#861=VERTEX_POINT('',#3685);
#862=VERTEX_POINT('',#3687);
#863=VERTEX_POINT('',#3691);
#864=VERTEX_POINT('',#3695);
#865=VERTEX_POINT('',#3696);
#866=VERTEX_POINT('',#3699);
#867=VERTEX_POINT('',#3701);
#868=VERTEX_POINT('',#3707);
#869=VERTEX_POINT('',#3978);
#870=VERTEX_POINT('',#3983);
#871=VERTEX_POINT('',#3988);
#872=VERTEX_POINT('',#3993);
#873=VERTEX_POINT('',#3998);
#874=VERTEX_POINT('',#4003);
#875=VERTEX_POINT('',#4008);
#876=VERTEX_POINT('',#4013);
#877=EDGE_CURVE('',#708,#709,#635,.T.);
#878=EDGE_CURVE('',#709,#710,#431,.T.);
#879=EDGE_CURVE('',#710,#711,#636,.T.);
#880=EDGE_CURVE('',#711,#708,#432,.T.);
#881=EDGE_CURVE('',#710,#712,#637,.T.);
#882=EDGE_CURVE('',#712,#713,#638,.T.);
#883=EDGE_CURVE('',#713,#711,#639,.T.);
#884=EDGE_CURVE('',#714,#709,#640,.T.);
#885=EDGE_CURVE('',#714,#715,#56,.T.);
#886=EDGE_CURVE('',#716,#715,#641,.T.);
#887=EDGE_CURVE('',#717,#716,#433,.T.);
#888=EDGE_CURVE('',#718,#717,#642,.T.);
#889=EDGE_CURVE('',#718,#712,#57,.T.);
#890=EDGE_CURVE('',#719,#719,#58,.T.);
#891=EDGE_CURVE('',#716,#720,#643,.T.);
#892=EDGE_CURVE('',#720,#721,#434,.T.);
#893=EDGE_CURVE('',#721,#717,#644,.T.);
#894=EDGE_CURVE('',#715,#722,#645,.T.);
#895=EDGE_CURVE('',#722,#720,#646,.T.);
#896=EDGE_CURVE('',#708,#723,#647,.T.);
#897=EDGE_CURVE('',#723,#714,#648,.T.);
#898=EDGE_CURVE('',#721,#724,#649,.T.);
#899=EDGE_CURVE('',#724,#718,#650,.T.);
#900=EDGE_CURVE('',#725,#726,#651,.T.);
#901=EDGE_CURVE('',#727,#725,#652,.F.);
#902=EDGE_CURVE('',#727,#728,#653,.T.);
#903=EDGE_CURVE('',#729,#728,#654,.T.);
#904=EDGE_CURVE('',#729,#730,#655,.T.);
#905=EDGE_CURVE('',#726,#730,#656,.F.);
#906=EDGE_CURVE('',#731,#731,#59,.T.);
#907=EDGE_CURVE('',#731,#732,#60,.T.);
#908=EDGE_CURVE('',#732,#725,#61,.T.);
#909=EDGE_CURVE('',#726,#733,#62,.T.);
#910=EDGE_CURVE('',#733,#734,#63,.T.);
#911=EDGE_CURVE('',#734,#732,#64,.T.);
#912=EDGE_CURVE('',#735,#736,#657,.T.);
#913=EDGE_CURVE('',#737,#735,#658,.F.);
#914=EDGE_CURVE('',#737,#738,#659,.T.);
#915=EDGE_CURVE('',#739,#738,#660,.T.);
#916=EDGE_CURVE('',#739,#740,#661,.T.);
#917=EDGE_CURVE('',#736,#740,#662,.F.);
#918=EDGE_CURVE('',#741,#741,#65,.T.);
#919=EDGE_CURVE('',#741,#742,#66,.T.);
#920=EDGE_CURVE('',#743,#742,#67,.T.);
#921=EDGE_CURVE('',#744,#743,#68,.T.);
#922=EDGE_CURVE('',#735,#744,#69,.T.);
#923=EDGE_CURVE('',#742,#736,#70,.T.);
#924=EDGE_CURVE('',#745,#746,#435,.T.);
#925=EDGE_CURVE('',#746,#747,#436,.F.);
#926=EDGE_CURVE('',#747,#727,#71,.F.);
#927=EDGE_CURVE('',#734,#748,#72,.F.);
#928=EDGE_CURVE('',#748,#749,#663,.F.);
#929=EDGE_CURVE('',#749,#750,#437,.F.);
#930=EDGE_CURVE('',#751,#750,#438,.F.);
#931=EDGE_CURVE('',#752,#751,#439,.F.);
#932=EDGE_CURVE('',#753,#752,#440,.F.);
#933=EDGE_CURVE('',#753,#754,#441,.F.);
#934=EDGE_CURVE('',#754,#755,#664,.F.);
#935=EDGE_CURVE('',#755,#743,#73,.F.);
#936=EDGE_CURVE('',#740,#756,#74,.F.);
#937=EDGE_CURVE('',#756,#757,#442,.T.);
#938=EDGE_CURVE('',#745,#757,#443,.T.);
#939=EDGE_CURVE('',#758,#759,#444,.T.);
#940=EDGE_CURVE('',#760,#759,#20,.T.);
#941=EDGE_CURVE('',#760,#761,#445,.T.);
#942=EDGE_CURVE('',#760,#761,#446,.T.);
#943=EDGE_CURVE('',#760,#759,#21,.T.);
#944=EDGE_CURVE('',#758,#759,#447,.T.);
#945=EDGE_CURVE('',#762,#762,#75,.T.);
#946=EDGE_CURVE('',#763,#763,#76,.T.);
#947=EDGE_CURVE('',#744,#737,#77,.F.);
#948=EDGE_CURVE('',#764,#724,#665,.F.);
#949=EDGE_CURVE('',#765,#764,#666,.T.);
#950=EDGE_CURVE('',#766,#765,#78,.T.);
#951=EDGE_CURVE('',#767,#766,#667,.T.);
#952=EDGE_CURVE('',#767,#713,#668,.T.);
#953=EDGE_CURVE('',#768,#723,#669,.F.);
#954=EDGE_CURVE('',#769,#768,#670,.T.);
#955=EDGE_CURVE('',#770,#769,#79,.T.);
#956=EDGE_CURVE('',#771,#770,#671,.T.);
#957=EDGE_CURVE('',#771,#722,#672,.T.);
#958=EDGE_CURVE('',#772,#721,#673,.T.);
#959=EDGE_CURVE('',#772,#764,#674,.T.);
#960=EDGE_CURVE('',#767,#754,#675,.T.);
#961=EDGE_CURVE('',#754,#711,#676,.F.);
#962=EDGE_CURVE('',#763,#773,#448,.T.);
#963=EDGE_CURVE('',#773,#773,#80,.T.);
#964=EDGE_CURVE('',#762,#774,#449,.T.);
#965=EDGE_CURVE('',#774,#774,#81,.T.);
#966=EDGE_CURVE('',#775,#776,#450,.T.);
#967=EDGE_CURVE('',#776,#777,#451,.T.);
#968=EDGE_CURVE('',#745,#777,#452,.T.);
#969=EDGE_CURVE('',#775,#757,#677,.T.);
#970=EDGE_CURVE('',#778,#777,#453,.T.);
#971=EDGE_CURVE('',#746,#778,#454,.F.);
#972=EDGE_CURVE('',#776,#779,#455,.T.);
#973=EDGE_CURVE('',#779,#739,#82,.T.);
#974=EDGE_CURVE('',#738,#780,#83,.T.);
#975=EDGE_CURVE('',#780,#766,#678,.T.);
#976=EDGE_CURVE('',#765,#781,#679,.T.);
#977=EDGE_CURVE('',#781,#782,#84,.T.);
#978=EDGE_CURVE('',#782,#783,#680,.T.);
#979=EDGE_CURVE('',#783,#784,#85,.T.);
#980=EDGE_CURVE('',#784,#785,#681,.T.);
#981=EDGE_CURVE('',#785,#786,#682,.T.);
#982=EDGE_CURVE('',#786,#787,#86,.T.);
#983=EDGE_CURVE('',#787,#788,#683,.T.);
#984=EDGE_CURVE('',#788,#789,#87,.T.);
#985=EDGE_CURVE('',#789,#770,#684,.T.);
#986=EDGE_CURVE('',#769,#790,#685,.T.);
#987=EDGE_CURVE('',#790,#729,#88,.T.);
#988=EDGE_CURVE('',#728,#791,#89,.T.);
#989=EDGE_CURVE('',#791,#778,#456,.T.);
#990=EDGE_CURVE('',#792,#793,#457,.T.);
#991=EDGE_CURVE('',#793,#794,#22,.T.);
#992=EDGE_CURVE('',#794,#795,#458,.T.);
#993=EDGE_CURVE('',#795,#796,#686,.T.);
#994=EDGE_CURVE('',#796,#797,#459,.T.);
#995=EDGE_CURVE('',#798,#797,#23,.T.);
#996=EDGE_CURVE('',#798,#799,#460,.T.);
#997=EDGE_CURVE('',#799,#792,#687,.T.);
#998=EDGE_CURVE('',#800,#801,#461,.F.);
#999=EDGE_CURVE('',#801,#802,#462,.F.);
#1000=EDGE_CURVE('',#802,#803,#463,.F.);
#1001=EDGE_CURVE('',#803,#800,#464,.F.);
#1002=EDGE_CURVE('',#804,#805,#465,.F.);
#1003=EDGE_CURVE('',#805,#806,#466,.F.);
#1004=EDGE_CURVE('',#806,#807,#467,.F.);
#1005=EDGE_CURVE('',#807,#804,#468,.F.);
#1006=EDGE_CURVE('',#808,#808,#90,.T.);
#1007=EDGE_CURVE('',#809,#809,#91,.T.);
#1008=EDGE_CURVE('',#810,#810,#92,.T.);
#1009=EDGE_CURVE('',#811,#811,#93,.T.);
#1010=EDGE_CURVE('',#812,#812,#94,.T.);
#1011=EDGE_CURVE('',#813,#813,#95,.T.);
#1012=EDGE_CURVE('',#814,#814,#96,.T.);
#1013=EDGE_CURVE('',#815,#815,#97,.T.);
#1014=EDGE_CURVE('',#816,#817,#469,.T.);
#1015=EDGE_CURVE('',#817,#818,#470,.T.);
#1016=EDGE_CURVE('',#818,#819,#471,.T.);
#1017=EDGE_CURVE('',#819,#820,#98,.T.);
#1018=EDGE_CURVE('',#820,#821,#472,.T.);
#1019=EDGE_CURVE('',#821,#816,#99,.T.);
#1020=EDGE_CURVE('',#756,#779,#473,.T.);
#1021=EDGE_CURVE('',#747,#791,#474,.T.);
#1022=EDGE_CURVE('',#730,#733,#100,.F.);
#1023=EDGE_CURVE('',#822,#792,#688,.T.);
#1024=EDGE_CURVE('',#758,#822,#689,.T.);
#1025=EDGE_CURVE('',#759,#793,#475,.T.);
#1026=EDGE_CURVE('',#795,#823,#690,.T.);
#1027=EDGE_CURVE('',#760,#794,#476,.T.);
#1028=EDGE_CURVE('',#823,#761,#691,.T.);
#1029=EDGE_CURVE('',#824,#825,#477,.T.);
#1030=EDGE_CURVE('',#825,#826,#24,.T.);
#1031=EDGE_CURVE('',#826,#827,#478,.T.);
#1032=EDGE_CURVE('',#824,#827,#25,.T.);
#1033=EDGE_CURVE('',#828,#826,#479,.T.);
#1034=EDGE_CURVE('',#825,#829,#480,.T.);
#1035=EDGE_CURVE('',#829,#828,#26,.T.);
#1036=EDGE_CURVE('',#830,#828,#481,.T.);
#1037=EDGE_CURVE('',#829,#831,#482,.T.);
#1038=EDGE_CURVE('',#831,#830,#27,.T.);
#1039=EDGE_CURVE('',#827,#830,#483,.T.);
#1040=EDGE_CURVE('',#831,#824,#484,.T.);
#1041=EDGE_CURVE('',#832,#827,#485,.T.);
#1042=EDGE_CURVE('',#833,#832,#486,.T.);
#1043=EDGE_CURVE('',#819,#833,#487,.T.);
#1044=EDGE_CURVE('',#818,#830,#488,.T.);
#1045=EDGE_CURVE('',#834,#826,#489,.T.);
#1046=EDGE_CURVE('',#835,#834,#490,.T.);
#1047=EDGE_CURVE('',#821,#835,#491,.T.);
#1048=EDGE_CURVE('',#836,#820,#492,.T.);
#1049=EDGE_CURVE('',#832,#836,#493,.T.);
#1050=EDGE_CURVE('',#749,#708,#692,.T.);
#1051=EDGE_CURVE('',#749,#768,#693,.T.);
#1052=EDGE_CURVE('',#817,#828,#494,.T.);
#1053=EDGE_CURVE('',#837,#816,#495,.T.);
#1054=EDGE_CURVE('',#834,#837,#496,.T.);
#1055=EDGE_CURVE('',#837,#835,#101,.T.);
#1056=EDGE_CURVE('',#836,#833,#102,.T.);
#1057=EDGE_CURVE('',#719,#838,#103,.T.);
#1058=EDGE_CURVE('',#838,#839,#104,.T.);
#1059=EDGE_CURVE('',#839,#838,#105,.T.);
#1060=EDGE_CURVE('',#840,#840,#106,.T.);
#1061=EDGE_CURVE('',#840,#839,#497,.T.);
#1062=EDGE_CURVE('',#771,#841,#694,.T.);
#1063=EDGE_CURVE('',#841,#720,#695,.F.);
#1064=EDGE_CURVE('',#842,#841,#498,.F.);
#1065=EDGE_CURVE('',#841,#843,#696,.F.);
#1066=EDGE_CURVE('',#843,#844,#107,.T.);
#1067=EDGE_CURVE('',#844,#845,#697,.T.);
#1068=EDGE_CURVE('',#845,#846,#108,.T.);
#1069=EDGE_CURVE('',#846,#847,#698,.T.);
#1070=EDGE_CURVE('',#847,#848,#699,.T.);
#1071=EDGE_CURVE('',#848,#849,#109,.T.);
#1072=EDGE_CURVE('',#849,#850,#700,.T.);
#1073=EDGE_CURVE('',#850,#851,#110,.T.);
#1074=EDGE_CURVE('',#851,#772,#701,.F.);
#1075=EDGE_CURVE('',#772,#852,#499,.F.);
#1076=EDGE_CURVE('',#853,#852,#500,.F.);
#1077=EDGE_CURVE('',#854,#853,#501,.F.);
#1078=EDGE_CURVE('',#842,#854,#502,.F.);
#1079=EDGE_CURVE('',#855,#855,#111,.T.);
#1080=EDGE_CURVE('',#797,#760,#503,.T.);
#1081=EDGE_CURVE('',#759,#798,#504,.T.);
#1082=EDGE_CURVE('',#758,#856,#28,.T.);
#1083=EDGE_CURVE('',#856,#799,#29,.T.);
#1084=EDGE_CURVE('',#822,#856,#505,.T.);
#1085=EDGE_CURVE('',#857,#761,#30,.T.);
#1086=EDGE_CURVE('',#823,#857,#506,.T.);
#1087=EDGE_CURVE('',#796,#857,#31,.T.);
#1088=EDGE_CURVE('',#858,#858,#112,.T.);
#1089=EDGE_CURVE('',#855,#858,#507,.T.);
#1090=EDGE_CURVE('',#859,#860,#113,.T.);
#1091=EDGE_CURVE('',#860,#859,#114,.T.);
#1092=EDGE_CURVE('',#860,#861,#115,.T.);
#1093=EDGE_CURVE('',#862,#861,#116,.T.);
#1094=EDGE_CURVE('',#861,#862,#117,.T.);
#1095=EDGE_CURVE('',#863,#863,#118,.T.);
#1096=EDGE_CURVE('',#863,#859,#508,.T.);
#1097=EDGE_CURVE('',#864,#865,#119,.T.);
#1098=EDGE_CURVE('',#865,#864,#120,.T.);
#1099=EDGE_CURVE('',#865,#866,#121,.T.);
#1100=EDGE_CURVE('',#867,#866,#122,.T.);
#1101=EDGE_CURVE('',#866,#867,#123,.T.);
#1102=EDGE_CURVE('',#867,#731,#509,.T.);
#1103=EDGE_CURVE('',#868,#868,#124,.T.);
#1104=EDGE_CURVE('',#851,#781,#702,.T.);
#1105=EDGE_CURVE('',#850,#782,#510,.T.);
#1106=EDGE_CURVE('',#849,#783,#511,.T.);
#1107=EDGE_CURVE('',#784,#848,#703,.T.);
#1108=EDGE_CURVE('',#734,#733,#125,.F.);
#1109=EDGE_CURVE('',#744,#743,#126,.F.);
#1110=EDGE_CURVE('',#846,#786,#704,.T.);
#1111=EDGE_CURVE('',#845,#787,#512,.T.);
#1112=EDGE_CURVE('',#780,#755,#705,.T.);
#1113=EDGE_CURVE('',#748,#790,#706,.T.);
#1114=EDGE_CURVE('',#844,#788,#513,.T.);
#1115=EDGE_CURVE('',#789,#843,#707,.T.);
#1116=EDGE_CURVE('',#847,#785,#514,.T.);
#1117=EDGE_CURVE('',#815,#869,#515,.T.);
#1118=EDGE_CURVE('',#869,#869,#127,.F.);
#1119=EDGE_CURVE('',#814,#870,#516,.T.);
#1120=EDGE_CURVE('',#870,#870,#128,.F.);
#1121=EDGE_CURVE('',#871,#871,#129,.F.);
#1122=EDGE_CURVE('',#813,#871,#517,.T.);
#1123=EDGE_CURVE('',#872,#872,#130,.F.);
#1124=EDGE_CURVE('',#812,#872,#518,.T.);
#1125=EDGE_CURVE('',#873,#873,#131,.F.);
#1126=EDGE_CURVE('',#811,#873,#519,.T.);
#1127=EDGE_CURVE('',#874,#874,#132,.F.);
#1128=EDGE_CURVE('',#810,#874,#520,.T.);
#1129=EDGE_CURVE('',#809,#875,#521,.T.);
#1130=EDGE_CURVE('',#875,#875,#133,.F.);
#1131=EDGE_CURVE('',#808,#876,#522,.T.);
#1132=EDGE_CURVE('',#876,#876,#134,.F.);
#1133=EDGE_CURVE('',#868,#864,#523,.T.);
#1134=EDGE_CURVE('',#753,#804,#524,.F.);
#1135=EDGE_CURVE('',#750,#807,#525,.T.);
#1136=EDGE_CURVE('',#751,#806,#526,.F.);
#1137=EDGE_CURVE('',#752,#805,#527,.F.);
#1138=EDGE_CURVE('',#842,#800,#528,.F.);
#1139=EDGE_CURVE('',#852,#803,#529,.T.);
#1140=EDGE_CURVE('',#853,#802,#530,.F.);
#1141=EDGE_CURVE('',#854,#801,#531,.T.);
#1142=EDGE_CURVE('',#862,#741,#532,.T.);
#1143=ORIENTED_EDGE('',*,*,#877,.T.);
#1144=ORIENTED_EDGE('',*,*,#878,.T.);
#1145=ORIENTED_EDGE('',*,*,#879,.T.);
#1146=ORIENTED_EDGE('',*,*,#880,.T.);
#1147=ORIENTED_EDGE('',*,*,#879,.F.);
#1148=ORIENTED_EDGE('',*,*,#881,.T.);
#1149=ORIENTED_EDGE('',*,*,#882,.T.);
#1150=ORIENTED_EDGE('',*,*,#883,.T.);
#1151=ORIENTED_EDGE('',*,*,#878,.F.);
#1152=ORIENTED_EDGE('',*,*,#884,.F.);
#1153=ORIENTED_EDGE('',*,*,#885,.T.);
#1154=ORIENTED_EDGE('',*,*,#886,.F.);
#1155=ORIENTED_EDGE('',*,*,#887,.F.);
#1156=ORIENTED_EDGE('',*,*,#888,.F.);
#1157=ORIENTED_EDGE('',*,*,#889,.T.);
#1158=ORIENTED_EDGE('',*,*,#881,.F.);
#1159=ORIENTED_EDGE('',*,*,#890,.F.);
#1160=ORIENTED_EDGE('',*,*,#891,.T.);
#1161=ORIENTED_EDGE('',*,*,#892,.T.);
#1162=ORIENTED_EDGE('',*,*,#893,.T.);
#1163=ORIENTED_EDGE('',*,*,#887,.T.);
#1164=ORIENTED_EDGE('',*,*,#891,.F.);
#1165=ORIENTED_EDGE('',*,*,#886,.T.);
#1166=ORIENTED_EDGE('',*,*,#894,.T.);
#1167=ORIENTED_EDGE('',*,*,#895,.T.);
#1168=ORIENTED_EDGE('',*,*,#877,.F.);
#1169=ORIENTED_EDGE('',*,*,#896,.T.);
#1170=ORIENTED_EDGE('',*,*,#897,.T.);
#1171=ORIENTED_EDGE('',*,*,#884,.T.);
#1172=ORIENTED_EDGE('',*,*,#893,.F.);
#1173=ORIENTED_EDGE('',*,*,#898,.T.);
#1174=ORIENTED_EDGE('',*,*,#899,.T.);
#1175=ORIENTED_EDGE('',*,*,#888,.T.);
#1176=ORIENTED_EDGE('',*,*,#900,.F.);
#1177=ORIENTED_EDGE('',*,*,#901,.F.);
#1178=ORIENTED_EDGE('',*,*,#902,.T.);
#1179=ORIENTED_EDGE('',*,*,#903,.F.);
#1180=ORIENTED_EDGE('',*,*,#904,.T.);
#1181=ORIENTED_EDGE('',*,*,#905,.F.);
#1182=ORIENTED_EDGE('',*,*,#906,.T.);
#1183=ORIENTED_EDGE('',*,*,#907,.T.);
#1184=ORIENTED_EDGE('',*,*,#908,.T.);
#1185=ORIENTED_EDGE('',*,*,#900,.T.);
#1186=ORIENTED_EDGE('',*,*,#909,.T.);
#1187=ORIENTED_EDGE('',*,*,#910,.T.);
#1188=ORIENTED_EDGE('',*,*,#911,.T.);
#1189=ORIENTED_EDGE('',*,*,#907,.F.);
#1190=ORIENTED_EDGE('',*,*,#912,.F.);
#1191=ORIENTED_EDGE('',*,*,#913,.F.);
#1192=ORIENTED_EDGE('',*,*,#914,.T.);
#1193=ORIENTED_EDGE('',*,*,#915,.F.);
#1194=ORIENTED_EDGE('',*,*,#916,.T.);
#1195=ORIENTED_EDGE('',*,*,#917,.F.);
#1196=ORIENTED_EDGE('',*,*,#918,.F.);
#1197=ORIENTED_EDGE('',*,*,#919,.T.);
#1198=ORIENTED_EDGE('',*,*,#920,.F.);
#1199=ORIENTED_EDGE('',*,*,#921,.F.);
#1200=ORIENTED_EDGE('',*,*,#922,.F.);
#1201=ORIENTED_EDGE('',*,*,#912,.T.);
#1202=ORIENTED_EDGE('',*,*,#923,.F.);
#1203=ORIENTED_EDGE('',*,*,#919,.F.);
#1204=ORIENTED_EDGE('',*,*,#924,.T.);
#1205=ORIENTED_EDGE('',*,*,#925,.T.);
#1206=ORIENTED_EDGE('',*,*,#926,.T.);
#1207=ORIENTED_EDGE('',*,*,#901,.T.);
#1208=ORIENTED_EDGE('',*,*,#908,.F.);
#1209=ORIENTED_EDGE('',*,*,#911,.F.);
#1210=ORIENTED_EDGE('',*,*,#927,.T.);
#1211=ORIENTED_EDGE('',*,*,#928,.T.);
#1212=ORIENTED_EDGE('',*,*,#929,.T.);
#1213=ORIENTED_EDGE('',*,*,#930,.F.);
#1214=ORIENTED_EDGE('',*,*,#931,.F.);
#1215=ORIENTED_EDGE('',*,*,#932,.F.);
#1216=ORIENTED_EDGE('',*,*,#933,.T.);
#1217=ORIENTED_EDGE('',*,*,#934,.T.);
#1218=ORIENTED_EDGE('',*,*,#935,.T.);
#1219=ORIENTED_EDGE('',*,*,#920,.T.);
#1220=ORIENTED_EDGE('',*,*,#923,.T.);
#1221=ORIENTED_EDGE('',*,*,#917,.T.);
#1222=ORIENTED_EDGE('',*,*,#936,.T.);
#1223=ORIENTED_EDGE('',*,*,#937,.T.);
#1224=ORIENTED_EDGE('',*,*,#938,.F.);
#1225=ORIENTED_EDGE('',*,*,#939,.T.);
#1226=ORIENTED_EDGE('',*,*,#940,.F.);
#1227=ORIENTED_EDGE('',*,*,#941,.T.);
#1228=ORIENTED_EDGE('',*,*,#942,.F.);
#1229=ORIENTED_EDGE('',*,*,#943,.T.);
#1230=ORIENTED_EDGE('',*,*,#944,.F.);
#1231=ORIENTED_EDGE('',*,*,#945,.T.);
#1232=ORIENTED_EDGE('',*,*,#946,.T.);
#1233=ORIENTED_EDGE('',*,*,#913,.T.);
#1234=ORIENTED_EDGE('',*,*,#922,.T.);
#1235=ORIENTED_EDGE('',*,*,#947,.T.);
#1236=ORIENTED_EDGE('',*,*,#882,.F.);
#1237=ORIENTED_EDGE('',*,*,#889,.F.);
#1238=ORIENTED_EDGE('',*,*,#899,.F.);
#1239=ORIENTED_EDGE('',*,*,#948,.F.);
#1240=ORIENTED_EDGE('',*,*,#949,.F.);
#1241=ORIENTED_EDGE('',*,*,#950,.F.);
#1242=ORIENTED_EDGE('',*,*,#951,.F.);
#1243=ORIENTED_EDGE('',*,*,#952,.T.);
#1244=ORIENTED_EDGE('',*,*,#894,.F.);
#1245=ORIENTED_EDGE('',*,*,#885,.F.);
#1246=ORIENTED_EDGE('',*,*,#897,.F.);
#1247=ORIENTED_EDGE('',*,*,#953,.F.);
#1248=ORIENTED_EDGE('',*,*,#954,.F.);
#1249=ORIENTED_EDGE('',*,*,#955,.F.);
#1250=ORIENTED_EDGE('',*,*,#956,.F.);
#1251=ORIENTED_EDGE('',*,*,#957,.T.);
#1252=ORIENTED_EDGE('',*,*,#898,.F.);
#1253=ORIENTED_EDGE('',*,*,#958,.F.);
#1254=ORIENTED_EDGE('',*,*,#959,.T.);
#1255=ORIENTED_EDGE('',*,*,#948,.T.);
#1256=ORIENTED_EDGE('',*,*,#883,.F.);
#1257=ORIENTED_EDGE('',*,*,#952,.F.);
#1258=ORIENTED_EDGE('',*,*,#960,.T.);
#1259=ORIENTED_EDGE('',*,*,#961,.T.);
#1260=ORIENTED_EDGE('',*,*,#946,.F.);
#1261=ORIENTED_EDGE('',*,*,#962,.T.);
#1262=ORIENTED_EDGE('',*,*,#963,.F.);
#1263=ORIENTED_EDGE('',*,*,#962,.F.);
#1264=ORIENTED_EDGE('',*,*,#945,.F.);
#1265=ORIENTED_EDGE('',*,*,#964,.T.);
#1266=ORIENTED_EDGE('',*,*,#965,.F.);
#1267=ORIENTED_EDGE('',*,*,#964,.F.);
#1268=ORIENTED_EDGE('',*,*,#966,.T.);
#1269=ORIENTED_EDGE('',*,*,#967,.T.);
#1270=ORIENTED_EDGE('',*,*,#968,.F.);
#1271=ORIENTED_EDGE('',*,*,#938,.T.);
#1272=ORIENTED_EDGE('',*,*,#969,.F.);
#1273=ORIENTED_EDGE('',*,*,#968,.T.);
#1274=ORIENTED_EDGE('',*,*,#970,.F.);
#1275=ORIENTED_EDGE('',*,*,#971,.F.);
#1276=ORIENTED_EDGE('',*,*,#924,.F.);
#1277=ORIENTED_EDGE('',*,*,#967,.F.);
#1278=ORIENTED_EDGE('',*,*,#972,.T.);
#1279=ORIENTED_EDGE('',*,*,#973,.T.);
#1280=ORIENTED_EDGE('',*,*,#915,.T.);
#1281=ORIENTED_EDGE('',*,*,#974,.T.);
#1282=ORIENTED_EDGE('',*,*,#975,.T.);
#1283=ORIENTED_EDGE('',*,*,#950,.T.);
#1284=ORIENTED_EDGE('',*,*,#976,.T.);
#1285=ORIENTED_EDGE('',*,*,#977,.T.);
#1286=ORIENTED_EDGE('',*,*,#978,.T.);
#1287=ORIENTED_EDGE('',*,*,#979,.T.);
#1288=ORIENTED_EDGE('',*,*,#980,.T.);
#1289=ORIENTED_EDGE('',*,*,#981,.T.);
#1290=ORIENTED_EDGE('',*,*,#982,.T.);
#1291=ORIENTED_EDGE('',*,*,#983,.T.);
#1292=ORIENTED_EDGE('',*,*,#984,.T.);
#1293=ORIENTED_EDGE('',*,*,#985,.T.);
#1294=ORIENTED_EDGE('',*,*,#955,.T.);
#1295=ORIENTED_EDGE('',*,*,#986,.T.);
#1296=ORIENTED_EDGE('',*,*,#987,.T.);
#1297=ORIENTED_EDGE('',*,*,#903,.T.);
#1298=ORIENTED_EDGE('',*,*,#988,.T.);
#1299=ORIENTED_EDGE('',*,*,#989,.T.);
#1300=ORIENTED_EDGE('',*,*,#970,.T.);
#1301=ORIENTED_EDGE('',*,*,#990,.T.);
#1302=ORIENTED_EDGE('',*,*,#991,.T.);
#1303=ORIENTED_EDGE('',*,*,#992,.T.);
#1304=ORIENTED_EDGE('',*,*,#993,.T.);
#1305=ORIENTED_EDGE('',*,*,#994,.T.);
#1306=ORIENTED_EDGE('',*,*,#995,.F.);
#1307=ORIENTED_EDGE('',*,*,#996,.T.);
#1308=ORIENTED_EDGE('',*,*,#997,.T.);
#1309=ORIENTED_EDGE('',*,*,#998,.T.);
#1310=ORIENTED_EDGE('',*,*,#999,.T.);
#1311=ORIENTED_EDGE('',*,*,#1000,.T.);
#1312=ORIENTED_EDGE('',*,*,#1001,.T.);
#1313=ORIENTED_EDGE('',*,*,#1002,.T.);
#1314=ORIENTED_EDGE('',*,*,#1003,.T.);
#1315=ORIENTED_EDGE('',*,*,#1004,.T.);
#1316=ORIENTED_EDGE('',*,*,#1005,.T.);
#1317=ORIENTED_EDGE('',*,*,#1006,.T.);
#1318=ORIENTED_EDGE('',*,*,#1007,.T.);
#1319=ORIENTED_EDGE('',*,*,#1008,.T.);
#1320=ORIENTED_EDGE('',*,*,#1009,.T.);
#1321=ORIENTED_EDGE('',*,*,#1010,.T.);
#1322=ORIENTED_EDGE('',*,*,#1011,.T.);
#1323=ORIENTED_EDGE('',*,*,#1012,.T.);
#1324=ORIENTED_EDGE('',*,*,#1013,.T.);
#1325=ORIENTED_EDGE('',*,*,#1014,.T.);
#1326=ORIENTED_EDGE('',*,*,#1015,.T.);
#1327=ORIENTED_EDGE('',*,*,#1016,.T.);
#1328=ORIENTED_EDGE('',*,*,#1017,.T.);
#1329=ORIENTED_EDGE('',*,*,#1018,.T.);
#1330=ORIENTED_EDGE('',*,*,#1019,.T.);
#1331=ORIENTED_EDGE('',*,*,#965,.T.);
#1332=ORIENTED_EDGE('',*,*,#963,.T.);
#1333=ORIENTED_EDGE('',*,*,#969,.T.);
#1334=ORIENTED_EDGE('',*,*,#937,.F.);
#1335=ORIENTED_EDGE('',*,*,#1020,.T.);
#1336=ORIENTED_EDGE('',*,*,#972,.F.);
#1337=ORIENTED_EDGE('',*,*,#966,.F.);
#1338=ORIENTED_EDGE('',*,*,#973,.F.);
#1339=ORIENTED_EDGE('',*,*,#1020,.F.);
#1340=ORIENTED_EDGE('',*,*,#936,.F.);
#1341=ORIENTED_EDGE('',*,*,#916,.F.);
#1342=ORIENTED_EDGE('',*,*,#989,.F.);
#1343=ORIENTED_EDGE('',*,*,#1021,.F.);
#1344=ORIENTED_EDGE('',*,*,#925,.F.);
#1345=ORIENTED_EDGE('',*,*,#971,.T.);
#1346=ORIENTED_EDGE('',*,*,#988,.F.);
#1347=ORIENTED_EDGE('',*,*,#902,.F.);
#1348=ORIENTED_EDGE('',*,*,#926,.F.);
#1349=ORIENTED_EDGE('',*,*,#1021,.T.);
#1350=ORIENTED_EDGE('',*,*,#909,.F.);
#1351=ORIENTED_EDGE('',*,*,#905,.T.);
#1352=ORIENTED_EDGE('',*,*,#1022,.T.);
#1353=ORIENTED_EDGE('',*,*,#1023,.F.);
#1354=ORIENTED_EDGE('',*,*,#1024,.F.);
#1355=ORIENTED_EDGE('',*,*,#944,.T.);
#1356=ORIENTED_EDGE('',*,*,#1025,.T.);
#1357=ORIENTED_EDGE('',*,*,#990,.F.);
#1358=ORIENTED_EDGE('',*,*,#1026,.F.);
#1359=ORIENTED_EDGE('',*,*,#992,.F.);
#1360=ORIENTED_EDGE('',*,*,#1027,.F.);
#1361=ORIENTED_EDGE('',*,*,#942,.T.);
#1362=ORIENTED_EDGE('',*,*,#1028,.F.);
#1363=ORIENTED_EDGE('',*,*,#943,.F.);
#1364=ORIENTED_EDGE('',*,*,#1027,.T.);
#1365=ORIENTED_EDGE('',*,*,#991,.F.);
#1366=ORIENTED_EDGE('',*,*,#1025,.F.);
#1367=ORIENTED_EDGE('',*,*,#1029,.T.);
#1368=ORIENTED_EDGE('',*,*,#1030,.T.);
#1369=ORIENTED_EDGE('',*,*,#1031,.T.);
#1370=ORIENTED_EDGE('',*,*,#1032,.F.);
#1371=ORIENTED_EDGE('',*,*,#1033,.T.);
#1372=ORIENTED_EDGE('',*,*,#1030,.F.);
#1373=ORIENTED_EDGE('',*,*,#1034,.T.);
#1374=ORIENTED_EDGE('',*,*,#1035,.T.);
#1375=ORIENTED_EDGE('',*,*,#1036,.T.);
#1376=ORIENTED_EDGE('',*,*,#1035,.F.);
#1377=ORIENTED_EDGE('',*,*,#1037,.T.);
#1378=ORIENTED_EDGE('',*,*,#1038,.T.);
#1379=ORIENTED_EDGE('',*,*,#1039,.T.);
#1380=ORIENTED_EDGE('',*,*,#1038,.F.);
#1381=ORIENTED_EDGE('',*,*,#1040,.T.);
#1382=ORIENTED_EDGE('',*,*,#1032,.T.);
#1383=ORIENTED_EDGE('',*,*,#1039,.F.);
#1384=ORIENTED_EDGE('',*,*,#1041,.F.);
#1385=ORIENTED_EDGE('',*,*,#1042,.F.);
#1386=ORIENTED_EDGE('',*,*,#1043,.F.);
#1387=ORIENTED_EDGE('',*,*,#1016,.F.);
#1388=ORIENTED_EDGE('',*,*,#1044,.T.);
#1389=ORIENTED_EDGE('',*,*,#1031,.F.);
#1390=ORIENTED_EDGE('',*,*,#1045,.F.);
#1391=ORIENTED_EDGE('',*,*,#1046,.F.);
#1392=ORIENTED_EDGE('',*,*,#1047,.F.);
#1393=ORIENTED_EDGE('',*,*,#1018,.F.);
#1394=ORIENTED_EDGE('',*,*,#1048,.F.);
#1395=ORIENTED_EDGE('',*,*,#1049,.F.);
#1396=ORIENTED_EDGE('',*,*,#1041,.T.);
#1397=ORIENTED_EDGE('',*,*,#1029,.F.);
#1398=ORIENTED_EDGE('',*,*,#1040,.F.);
#1399=ORIENTED_EDGE('',*,*,#1037,.F.);
#1400=ORIENTED_EDGE('',*,*,#1034,.F.);
#1401=ORIENTED_EDGE('',*,*,#896,.F.);
#1402=ORIENTED_EDGE('',*,*,#1050,.F.);
#1403=ORIENTED_EDGE('',*,*,#1051,.T.);
#1404=ORIENTED_EDGE('',*,*,#953,.T.);
#1405=ORIENTED_EDGE('',*,*,#1033,.F.);
#1406=ORIENTED_EDGE('',*,*,#1052,.F.);
#1407=ORIENTED_EDGE('',*,*,#1014,.F.);
#1408=ORIENTED_EDGE('',*,*,#1053,.F.);
#1409=ORIENTED_EDGE('',*,*,#1054,.F.);
#1410=ORIENTED_EDGE('',*,*,#1045,.T.);
#1411=ORIENTED_EDGE('',*,*,#1036,.F.);
#1412=ORIENTED_EDGE('',*,*,#1044,.F.);
#1413=ORIENTED_EDGE('',*,*,#1015,.F.);
#1414=ORIENTED_EDGE('',*,*,#1052,.T.);
#1415=ORIENTED_EDGE('',*,*,#1053,.T.);
#1416=ORIENTED_EDGE('',*,*,#1019,.F.);
#1417=ORIENTED_EDGE('',*,*,#1047,.T.);
#1418=ORIENTED_EDGE('',*,*,#1055,.F.);
#1419=ORIENTED_EDGE('',*,*,#1043,.T.);
#1420=ORIENTED_EDGE('',*,*,#1056,.F.);
#1421=ORIENTED_EDGE('',*,*,#1048,.T.);
#1422=ORIENTED_EDGE('',*,*,#1017,.F.);
#1423=ORIENTED_EDGE('',*,*,#1042,.T.);
#1424=ORIENTED_EDGE('',*,*,#1049,.T.);
#1425=ORIENTED_EDGE('',*,*,#1056,.T.);
#1426=ORIENTED_EDGE('',*,*,#890,.T.);
#1427=ORIENTED_EDGE('',*,*,#1057,.T.);
#1428=ORIENTED_EDGE('',*,*,#1058,.T.);
#1429=ORIENTED_EDGE('',*,*,#1059,.T.);
#1430=ORIENTED_EDGE('',*,*,#1057,.F.);
#1431=ORIENTED_EDGE('',*,*,#1060,.F.);
#1432=ORIENTED_EDGE('',*,*,#1061,.T.);
#1433=ORIENTED_EDGE('',*,*,#1058,.F.);
#1434=ORIENTED_EDGE('',*,*,#1059,.F.);
#1435=ORIENTED_EDGE('',*,*,#1061,.F.);
#1436=ORIENTED_EDGE('',*,*,#1054,.T.);
#1437=ORIENTED_EDGE('',*,*,#1055,.T.);
#1438=ORIENTED_EDGE('',*,*,#1046,.T.);
#1439=ORIENTED_EDGE('',*,*,#895,.F.);
#1440=ORIENTED_EDGE('',*,*,#957,.F.);
#1441=ORIENTED_EDGE('',*,*,#1062,.T.);
#1442=ORIENTED_EDGE('',*,*,#1063,.T.);
#1443=ORIENTED_EDGE('',*,*,#1064,.T.);
#1444=ORIENTED_EDGE('',*,*,#1065,.T.);
#1445=ORIENTED_EDGE('',*,*,#1066,.T.);
#1446=ORIENTED_EDGE('',*,*,#1067,.T.);
#1447=ORIENTED_EDGE('',*,*,#1068,.T.);
#1448=ORIENTED_EDGE('',*,*,#1069,.T.);
#1449=ORIENTED_EDGE('',*,*,#1070,.T.);
#1450=ORIENTED_EDGE('',*,*,#1071,.T.);
#1451=ORIENTED_EDGE('',*,*,#1072,.T.);
#1452=ORIENTED_EDGE('',*,*,#1073,.T.);
#1453=ORIENTED_EDGE('',*,*,#1074,.T.);
#1454=ORIENTED_EDGE('',*,*,#1075,.T.);
#1455=ORIENTED_EDGE('',*,*,#1076,.F.);
#1456=ORIENTED_EDGE('',*,*,#1077,.F.);
#1457=ORIENTED_EDGE('',*,*,#1078,.F.);
#1458=ORIENTED_EDGE('',*,*,#1079,.T.);
#1459=ORIENTED_EDGE('',*,*,#995,.T.);
#1460=ORIENTED_EDGE('',*,*,#1080,.T.);
#1461=ORIENTED_EDGE('',*,*,#940,.T.);
#1462=ORIENTED_EDGE('',*,*,#1081,.T.);
#1463=ORIENTED_EDGE('',*,*,#1081,.F.);
#1464=ORIENTED_EDGE('',*,*,#939,.F.);
#1465=ORIENTED_EDGE('',*,*,#1082,.T.);
#1466=ORIENTED_EDGE('',*,*,#1083,.T.);
#1467=ORIENTED_EDGE('',*,*,#996,.F.);
#1468=ORIENTED_EDGE('',*,*,#1024,.T.);
#1469=ORIENTED_EDGE('',*,*,#1084,.T.);
#1470=ORIENTED_EDGE('',*,*,#1082,.F.);
#1471=ORIENTED_EDGE('',*,*,#1023,.T.);
#1472=ORIENTED_EDGE('',*,*,#997,.F.);
#1473=ORIENTED_EDGE('',*,*,#1083,.F.);
#1474=ORIENTED_EDGE('',*,*,#1084,.F.);
#1475=ORIENTED_EDGE('',*,*,#1028,.T.);
#1476=ORIENTED_EDGE('',*,*,#1085,.F.);
#1477=ORIENTED_EDGE('',*,*,#1086,.F.);
#1478=ORIENTED_EDGE('',*,*,#1026,.T.);
#1479=ORIENTED_EDGE('',*,*,#1086,.T.);
#1480=ORIENTED_EDGE('',*,*,#1087,.F.);
#1481=ORIENTED_EDGE('',*,*,#993,.F.);
#1482=ORIENTED_EDGE('',*,*,#1080,.F.);
#1483=ORIENTED_EDGE('',*,*,#994,.F.);
#1484=ORIENTED_EDGE('',*,*,#1087,.T.);
#1485=ORIENTED_EDGE('',*,*,#1085,.T.);
#1486=ORIENTED_EDGE('',*,*,#941,.F.);
#1487=ORIENTED_EDGE('',*,*,#1060,.T.);
#1488=ORIENTED_EDGE('',*,*,#1088,.F.);
#1489=ORIENTED_EDGE('',*,*,#1079,.F.);
#1490=ORIENTED_EDGE('',*,*,#1089,.T.);
#1491=ORIENTED_EDGE('',*,*,#1088,.T.);
#1492=ORIENTED_EDGE('',*,*,#1089,.F.);
#1493=ORIENTED_EDGE('',*,*,#1090,.F.);
#1494=ORIENTED_EDGE('',*,*,#1091,.F.);
#1495=ORIENTED_EDGE('',*,*,#1092,.T.);
#1496=ORIENTED_EDGE('',*,*,#1093,.F.);
#1497=ORIENTED_EDGE('',*,*,#1094,.F.);
#1498=ORIENTED_EDGE('',*,*,#1092,.F.);
#1499=ORIENTED_EDGE('',*,*,#1095,.F.);
#1500=ORIENTED_EDGE('',*,*,#1096,.T.);
#1501=ORIENTED_EDGE('',*,*,#1090,.T.);
#1502=ORIENTED_EDGE('',*,*,#1091,.T.);
#1503=ORIENTED_EDGE('',*,*,#1096,.F.);
#1504=ORIENTED_EDGE('',*,*,#1097,.F.);
#1505=ORIENTED_EDGE('',*,*,#1098,.F.);
#1506=ORIENTED_EDGE('',*,*,#1099,.T.);
#1507=ORIENTED_EDGE('',*,*,#1100,.F.);
#1508=ORIENTED_EDGE('',*,*,#1101,.F.);
#1509=ORIENTED_EDGE('',*,*,#1099,.F.);
#1510=ORIENTED_EDGE('',*,*,#1100,.T.);
#1511=ORIENTED_EDGE('',*,*,#1101,.T.);
#1512=ORIENTED_EDGE('',*,*,#1102,.T.);
#1513=ORIENTED_EDGE('',*,*,#906,.F.);
#1514=ORIENTED_EDGE('',*,*,#1102,.F.);
#1515=ORIENTED_EDGE('',*,*,#1103,.T.);
#1516=ORIENTED_EDGE('',*,*,#1095,.T.);
#1517=ORIENTED_EDGE('',*,*,#977,.F.);
#1518=ORIENTED_EDGE('',*,*,#1104,.F.);
#1519=ORIENTED_EDGE('',*,*,#1073,.F.);
#1520=ORIENTED_EDGE('',*,*,#1105,.T.);
#1521=ORIENTED_EDGE('',*,*,#978,.F.);
#1522=ORIENTED_EDGE('',*,*,#1105,.F.);
#1523=ORIENTED_EDGE('',*,*,#1072,.F.);
#1524=ORIENTED_EDGE('',*,*,#1106,.T.);
#1525=ORIENTED_EDGE('',*,*,#979,.F.);
#1526=ORIENTED_EDGE('',*,*,#1106,.F.);
#1527=ORIENTED_EDGE('',*,*,#1071,.F.);
#1528=ORIENTED_EDGE('',*,*,#1107,.F.);
#1529=ORIENTED_EDGE('',*,*,#910,.F.);
#1530=ORIENTED_EDGE('',*,*,#1108,.F.);
#1531=ORIENTED_EDGE('',*,*,#921,.T.);
#1532=ORIENTED_EDGE('',*,*,#1109,.F.);
#1533=ORIENTED_EDGE('',*,*,#982,.F.);
#1534=ORIENTED_EDGE('',*,*,#1110,.F.);
#1535=ORIENTED_EDGE('',*,*,#1068,.F.);
#1536=ORIENTED_EDGE('',*,*,#1111,.T.);
#1537=ORIENTED_EDGE('',*,*,#974,.F.);
#1538=ORIENTED_EDGE('',*,*,#914,.F.);
#1539=ORIENTED_EDGE('',*,*,#947,.F.);
#1540=ORIENTED_EDGE('',*,*,#1109,.T.);
#1541=ORIENTED_EDGE('',*,*,#935,.F.);
#1542=ORIENTED_EDGE('',*,*,#1112,.F.);
#1543=ORIENTED_EDGE('',*,*,#987,.F.);
#1544=ORIENTED_EDGE('',*,*,#1113,.F.);
#1545=ORIENTED_EDGE('',*,*,#927,.F.);
#1546=ORIENTED_EDGE('',*,*,#1108,.T.);
#1547=ORIENTED_EDGE('',*,*,#1022,.F.);
#1548=ORIENTED_EDGE('',*,*,#904,.F.);
#1549=ORIENTED_EDGE('',*,*,#983,.F.);
#1550=ORIENTED_EDGE('',*,*,#1111,.F.);
#1551=ORIENTED_EDGE('',*,*,#1067,.F.);
#1552=ORIENTED_EDGE('',*,*,#1114,.T.);
#1553=ORIENTED_EDGE('',*,*,#984,.F.);
#1554=ORIENTED_EDGE('',*,*,#1114,.F.);
#1555=ORIENTED_EDGE('',*,*,#1066,.F.);
#1556=ORIENTED_EDGE('',*,*,#1115,.F.);
#1557=ORIENTED_EDGE('',*,*,#1107,.T.);
#1558=ORIENTED_EDGE('',*,*,#1070,.F.);
#1559=ORIENTED_EDGE('',*,*,#1116,.T.);
#1560=ORIENTED_EDGE('',*,*,#980,.F.);
#1561=ORIENTED_EDGE('',*,*,#949,.T.);
#1562=ORIENTED_EDGE('',*,*,#959,.F.);
#1563=ORIENTED_EDGE('',*,*,#1074,.F.);
#1564=ORIENTED_EDGE('',*,*,#1104,.T.);
#1565=ORIENTED_EDGE('',*,*,#976,.F.);
#1566=ORIENTED_EDGE('',*,*,#1112,.T.);
#1567=ORIENTED_EDGE('',*,*,#934,.F.);
#1568=ORIENTED_EDGE('',*,*,#960,.F.);
#1569=ORIENTED_EDGE('',*,*,#951,.T.);
#1570=ORIENTED_EDGE('',*,*,#975,.F.);
#1571=ORIENTED_EDGE('',*,*,#1110,.T.);
#1572=ORIENTED_EDGE('',*,*,#981,.F.);
#1573=ORIENTED_EDGE('',*,*,#1116,.F.);
#1574=ORIENTED_EDGE('',*,*,#1069,.F.);
#1575=ORIENTED_EDGE('',*,*,#956,.T.);
#1576=ORIENTED_EDGE('',*,*,#985,.F.);
#1577=ORIENTED_EDGE('',*,*,#1115,.T.);
#1578=ORIENTED_EDGE('',*,*,#1065,.F.);
#1579=ORIENTED_EDGE('',*,*,#1062,.F.);
#1580=ORIENTED_EDGE('',*,*,#1113,.T.);
#1581=ORIENTED_EDGE('',*,*,#986,.F.);
#1582=ORIENTED_EDGE('',*,*,#954,.T.);
#1583=ORIENTED_EDGE('',*,*,#1051,.F.);
#1584=ORIENTED_EDGE('',*,*,#928,.F.);
#1585=ORIENTED_EDGE('',*,*,#1013,.F.);
#1586=ORIENTED_EDGE('',*,*,#1117,.T.);
#1587=ORIENTED_EDGE('',*,*,#1118,.T.);
#1588=ORIENTED_EDGE('',*,*,#1117,.F.);
#1589=ORIENTED_EDGE('',*,*,#1118,.F.);
#1590=ORIENTED_EDGE('',*,*,#1012,.F.);
#1591=ORIENTED_EDGE('',*,*,#1119,.T.);
#1592=ORIENTED_EDGE('',*,*,#1120,.T.);
#1593=ORIENTED_EDGE('',*,*,#1119,.F.);
#1594=ORIENTED_EDGE('',*,*,#1120,.F.);
#1595=ORIENTED_EDGE('',*,*,#1121,.F.);
#1596=ORIENTED_EDGE('',*,*,#1011,.F.);
#1597=ORIENTED_EDGE('',*,*,#1122,.T.);
#1598=ORIENTED_EDGE('',*,*,#1121,.T.);
#1599=ORIENTED_EDGE('',*,*,#1122,.F.);
#1600=ORIENTED_EDGE('',*,*,#1123,.F.);
#1601=ORIENTED_EDGE('',*,*,#1010,.F.);
#1602=ORIENTED_EDGE('',*,*,#1124,.T.);
#1603=ORIENTED_EDGE('',*,*,#1123,.T.);
#1604=ORIENTED_EDGE('',*,*,#1124,.F.);
#1605=ORIENTED_EDGE('',*,*,#1125,.F.);
#1606=ORIENTED_EDGE('',*,*,#1009,.F.);
#1607=ORIENTED_EDGE('',*,*,#1126,.T.);
#1608=ORIENTED_EDGE('',*,*,#1125,.T.);
#1609=ORIENTED_EDGE('',*,*,#1126,.F.);
#1610=ORIENTED_EDGE('',*,*,#1127,.F.);
#1611=ORIENTED_EDGE('',*,*,#1008,.F.);
#1612=ORIENTED_EDGE('',*,*,#1128,.T.);
#1613=ORIENTED_EDGE('',*,*,#1127,.T.);
#1614=ORIENTED_EDGE('',*,*,#1128,.F.);
#1615=ORIENTED_EDGE('',*,*,#1007,.F.);
#1616=ORIENTED_EDGE('',*,*,#1129,.T.);
#1617=ORIENTED_EDGE('',*,*,#1130,.T.);
#1618=ORIENTED_EDGE('',*,*,#1129,.F.);
#1619=ORIENTED_EDGE('',*,*,#1130,.F.);
#1620=ORIENTED_EDGE('',*,*,#1006,.F.);
#1621=ORIENTED_EDGE('',*,*,#1131,.T.);
#1622=ORIENTED_EDGE('',*,*,#1132,.T.);
#1623=ORIENTED_EDGE('',*,*,#1131,.F.);
#1624=ORIENTED_EDGE('',*,*,#1132,.F.);
#1625=ORIENTED_EDGE('',*,*,#1103,.F.);
#1626=ORIENTED_EDGE('',*,*,#1133,.T.);
#1627=ORIENTED_EDGE('',*,*,#1097,.T.);
#1628=ORIENTED_EDGE('',*,*,#1098,.T.);
#1629=ORIENTED_EDGE('',*,*,#1133,.F.);
#1630=ORIENTED_EDGE('',*,*,#880,.F.);
#1631=ORIENTED_EDGE('',*,*,#961,.F.);
#1632=ORIENTED_EDGE('',*,*,#933,.F.);
#1633=ORIENTED_EDGE('',*,*,#1134,.T.);
#1634=ORIENTED_EDGE('',*,*,#1005,.F.);
#1635=ORIENTED_EDGE('',*,*,#1135,.F.);
#1636=ORIENTED_EDGE('',*,*,#929,.F.);
#1637=ORIENTED_EDGE('',*,*,#1050,.T.);
#1638=ORIENTED_EDGE('',*,*,#930,.T.);
#1639=ORIENTED_EDGE('',*,*,#1135,.T.);
#1640=ORIENTED_EDGE('',*,*,#1004,.F.);
#1641=ORIENTED_EDGE('',*,*,#1136,.F.);
#1642=ORIENTED_EDGE('',*,*,#931,.T.);
#1643=ORIENTED_EDGE('',*,*,#1136,.T.);
#1644=ORIENTED_EDGE('',*,*,#1003,.F.);
#1645=ORIENTED_EDGE('',*,*,#1137,.F.);
#1646=ORIENTED_EDGE('',*,*,#932,.T.);
#1647=ORIENTED_EDGE('',*,*,#1137,.T.);
#1648=ORIENTED_EDGE('',*,*,#1002,.F.);
#1649=ORIENTED_EDGE('',*,*,#1134,.F.);
#1650=ORIENTED_EDGE('',*,*,#892,.F.);
#1651=ORIENTED_EDGE('',*,*,#1063,.F.);
#1652=ORIENTED_EDGE('',*,*,#1064,.F.);
#1653=ORIENTED_EDGE('',*,*,#1138,.T.);
#1654=ORIENTED_EDGE('',*,*,#1001,.F.);
#1655=ORIENTED_EDGE('',*,*,#1139,.F.);
#1656=ORIENTED_EDGE('',*,*,#1075,.F.);
#1657=ORIENTED_EDGE('',*,*,#958,.T.);
#1658=ORIENTED_EDGE('',*,*,#1076,.T.);
#1659=ORIENTED_EDGE('',*,*,#1139,.T.);
#1660=ORIENTED_EDGE('',*,*,#1000,.F.);
#1661=ORIENTED_EDGE('',*,*,#1140,.F.);
#1662=ORIENTED_EDGE('',*,*,#1077,.T.);
#1663=ORIENTED_EDGE('',*,*,#1140,.T.);
#1664=ORIENTED_EDGE('',*,*,#999,.F.);
#1665=ORIENTED_EDGE('',*,*,#1141,.F.);
#1666=ORIENTED_EDGE('',*,*,#1078,.T.);
#1667=ORIENTED_EDGE('',*,*,#1141,.T.);
#1668=ORIENTED_EDGE('',*,*,#998,.F.);
#1669=ORIENTED_EDGE('',*,*,#1138,.F.);
#1670=ORIENTED_EDGE('',*,*,#1093,.T.);
#1671=ORIENTED_EDGE('',*,*,#1094,.T.);
#1672=ORIENTED_EDGE('',*,*,#1142,.T.);
#1673=ORIENTED_EDGE('',*,*,#918,.T.);
#1674=ORIENTED_EDGE('',*,*,#1142,.F.);
#1675=CYLINDRICAL_SURFACE('',#1831,3.);
#1676=CYLINDRICAL_SURFACE('',#1836,3.);
#1677=CYLINDRICAL_SURFACE('',#1862,3.35);
#1678=CYLINDRICAL_SURFACE('',#1864,3.35);
#1679=CYLINDRICAL_SURFACE('',#1866,1.35);
#1680=CYLINDRICAL_SURFACE('',#1868,1.4);
#1681=CYLINDRICAL_SURFACE('',#1894,9.52398823330656);
#1682=CYLINDRICAL_SURFACE('',#1896,9.52398823330656);
#1683=CYLINDRICAL_SURFACE('',#1901,1.);
#1684=CYLINDRICAL_SURFACE('',#1904,1.);
#1685=CYLINDRICAL_SURFACE('',#1906,1.);
#1686=CYLINDRICAL_SURFACE('',#1908,1.);
#1687=CYLINDRICAL_SURFACE('',#1914,1.11254433515294);
#1688=CYLINDRICAL_SURFACE('',#1916,1.11254433515294);
#1689=CYLINDRICAL_SURFACE('',#1923,3.5);
#1690=CYLINDRICAL_SURFACE('',#1933,10.5);
#1691=CYLINDRICAL_SURFACE('',#1942,3.);
#1692=CYLINDRICAL_SURFACE('',#1949,2.);
#1693=CYLINDRICAL_SURFACE('',#1957,2.);
#1694=CYLINDRICAL_SURFACE('',#1961,3.15);
#1695=CYLINDRICAL_SURFACE('',#1962,2.4);
#1696=CYLINDRICAL_SURFACE('',#1967,2.4);
#1697=CYLINDRICAL_SURFACE('',#1968,3.35);
#1698=CYLINDRICAL_SURFACE('',#1969,3.35);
#1699=CYLINDRICAL_SURFACE('',#1970,3.15);
#1700=CYLINDRICAL_SURFACE('',#1971,1.325);
#1701=CYLINDRICAL_SURFACE('',#1974,1.325);
#1702=CYLINDRICAL_SURFACE('',#1979,1.325);
#1703=CYLINDRICAL_SURFACE('',#1982,1.325);
#1704=CYLINDRICAL_SURFACE('',#1985,1.325);
#1705=CYLINDRICAL_SURFACE('',#1988,1.325);
#1706=CYLINDRICAL_SURFACE('',#1989,1.325);
#1707=CYLINDRICAL_SURFACE('',#1992,1.325);
#1708=CYLINDRICAL_SURFACE('',#1995,2.);
#1709=CYLINDRICAL_SURFACE('',#2004,2.);
#1710=ADVANCED_FACE('',(#200),#1675,.T.);
#1711=ADVANCED_FACE('',(#201),#178,.F.);
#1712=ADVANCED_FACE('',(#202,#37),#135,.T.);
#1713=ADVANCED_FACE('',(#203),#1676,.T.);
#1714=ADVANCED_FACE('',(#204),#179,.F.);
#1715=ADVANCED_FACE('',(#205),#180,.F.);
#1716=ADVANCED_FACE('',(#206),#181,.F.);
#1717=ADVANCED_FACE('',(#207),#182,.F.);
#1718=ADVANCED_FACE('',(#208),#32,.F.);
#1719=ADVANCED_FACE('',(#209),#183,.F.);
#1720=ADVANCED_FACE('',(#210),#33,.F.);
#1721=ADVANCED_FACE('',(#211,#38,#39,#40),#136,.F.);
#1722=ADVANCED_FACE('',(#212),#137,.F.);
#1723=ADVANCED_FACE('',(#213),#1677,.F.);
#1724=ADVANCED_FACE('',(#214),#1678,.F.);
#1725=ADVANCED_FACE('',(#215),#184,.T.);
#1726=ADVANCED_FACE('',(#216),#185,.T.);
#1727=ADVANCED_FACE('',(#217),#1679,.F.);
#1728=ADVANCED_FACE('',(#218),#1680,.F.);
#1729=ADVANCED_FACE('',(#219),#138,.T.);
#1730=ADVANCED_FACE('',(#220),#139,.F.);
#1731=ADVANCED_FACE('',(#221,#41,#42,#43,#44,#45,#46,#47,#48,#49,#50,#51,
#52,#53,#54),#140,.T.);
#1732=ADVANCED_FACE('',(#222),#141,.F.);
#1733=ADVANCED_FACE('',(#223),#1681,.F.);
#1734=ADVANCED_FACE('',(#224),#142,.F.);
#1735=ADVANCED_FACE('',(#225),#1682,.F.);
#1736=ADVANCED_FACE('',(#226),#143,.F.);
#1737=ADVANCED_FACE('',(#227),#144,.T.);
#1738=ADVANCED_FACE('',(#228),#145,.T.);
#1739=ADVANCED_FACE('',(#229),#19,.T.);
#1740=ADVANCED_FACE('',(#230),#1683,.F.);
#1741=ADVANCED_FACE('',(#231),#1684,.F.);
#1742=ADVANCED_FACE('',(#232),#1685,.F.);
#1743=ADVANCED_FACE('',(#233),#1686,.F.);
#1744=ADVANCED_FACE('',(#234),#146,.F.);
#1745=ADVANCED_FACE('',(#235),#147,.F.);
#1746=ADVANCED_FACE('',(#236),#148,.F.);
#1747=ADVANCED_FACE('',(#237),#186,.T.);
#1748=ADVANCED_FACE('',(#238),#149,.F.);
#1749=ADVANCED_FACE('',(#239),#150,.F.);
#1750=ADVANCED_FACE('',(#240),#1687,.F.);
#1751=ADVANCED_FACE('',(#241),#1688,.F.);
#1752=ADVANCED_FACE('',(#242),#151,.F.);
#1753=ADVANCED_FACE('',(#243),#34,.F.);
#1754=ADVANCED_FACE('',(#244),#1689,.T.);
#1755=ADVANCED_FACE('',(#245),#152,.F.);
#1756=ADVANCED_FACE('',(#246),#187,.T.);
#1757=ADVANCED_FACE('',(#247),#153,.F.);
#1758=ADVANCED_FACE('',(#248),#154,.T.);
#1759=ADVANCED_FACE('',(#249),#1690,.T.);
#1760=ADVANCED_FACE('',(#250),#155,.F.);
#1761=ADVANCED_FACE('',(#251),#188,.T.);
#1762=ADVANCED_FACE('',(#252),#189,.T.);
#1763=ADVANCED_FACE('',(#253),#190,.T.);
#1764=ADVANCED_FACE('',(#254),#191,.T.);
#1765=ADVANCED_FACE('',(#255),#156,.F.);
#1766=ADVANCED_FACE('',(#256,#55),#157,.T.);
#1767=ADVANCED_FACE('',(#257),#1691,.T.);
#1768=ADVANCED_FACE('',(#258),#35,.F.);
#1769=ADVANCED_FACE('',(#259),#1692,.T.);
#1770=ADVANCED_FACE('',(#260),#36,.F.);
#1771=ADVANCED_FACE('',(#261),#1693,.T.);
#1772=ADVANCED_FACE('',(#262),#158,.T.);
#1773=ADVANCED_FACE('',(#263),#159,.F.);
#1774=ADVANCED_FACE('',(#264),#1694,.F.);
#1775=ADVANCED_FACE('',(#265),#192,.F.);
#1776=ADVANCED_FACE('',(#266),#1695,.F.);
#1777=ADVANCED_FACE('',(#267),#160,.F.);
#1778=ADVANCED_FACE('',(#268),#161,.F.);
#1779=ADVANCED_FACE('',(#269),#1696,.F.);
#1780=ADVANCED_FACE('',(#270),#1697,.F.);
#1781=ADVANCED_FACE('',(#271),#1698,.F.);
#1782=ADVANCED_FACE('',(#272),#193,.F.);
#1783=ADVANCED_FACE('',(#273),#1699,.F.);
#1784=ADVANCED_FACE('',(#274),#194,.F.);
#1785=ADVANCED_FACE('',(#275),#195,.F.);
#1786=ADVANCED_FACE('',(#276),#196,.F.);
#1787=ADVANCED_FACE('',(#277),#197,.F.);
#1788=ADVANCED_FACE('',(#278),#198,.F.);
#1789=ADVANCED_FACE('',(#279),#199,.F.);
#1790=ADVANCED_FACE('',(#280),#1700,.F.);
#1791=ADVANCED_FACE('',(#281),#162,.F.);
#1792=ADVANCED_FACE('',(#282),#1701,.F.);
#1793=ADVANCED_FACE('',(#283),#163,.F.);
#1794=ADVANCED_FACE('',(#284),#164,.F.);
#1795=ADVANCED_FACE('',(#285),#1702,.F.);
#1796=ADVANCED_FACE('',(#286),#165,.F.);
#1797=ADVANCED_FACE('',(#287),#1703,.F.);
#1798=ADVANCED_FACE('',(#288),#166,.F.);
#1799=ADVANCED_FACE('',(#289),#1704,.F.);
#1800=ADVANCED_FACE('',(#290),#167,.F.);
#1801=ADVANCED_FACE('',(#291),#1705,.F.);
#1802=ADVANCED_FACE('',(#292),#1706,.F.);
#1803=ADVANCED_FACE('',(#293),#168,.F.);
#1804=ADVANCED_FACE('',(#294),#1707,.F.);
#1805=ADVANCED_FACE('',(#295),#169,.F.);
#1806=ADVANCED_FACE('',(#296),#1708,.T.);
#1807=ADVANCED_FACE('',(#297),#170,.T.);
#1808=ADVANCED_FACE('',(#298),#171,.T.);
#1809=ADVANCED_FACE('',(#299),#172,.T.);
#1810=ADVANCED_FACE('',(#300),#173,.T.);
#1811=ADVANCED_FACE('',(#301),#174,.T.);
#1812=ADVANCED_FACE('',(#302),#175,.T.);
#1813=ADVANCED_FACE('',(#303),#176,.T.);
#1814=ADVANCED_FACE('',(#304),#177,.T.);
#1815=ADVANCED_FACE('',(#305),#1709,.T.);
#1816=CLOSED_SHELL('',(#1710,#1711,#1712,#1713,#1714,#1715,#1716,#1717,
#1718,#1719,#1720,#1721,#1722,#1723,#1724,#1725,#1726,#1727,#1728,#1729,
#1730,#1731,#1732,#1733,#1734,#1735,#1736,#1737,#1738,#1739,#1740,#1741,
#1742,#1743,#1744,#1745,#1746,#1747,#1748,#1749,#1750,#1751,#1752,#1753,
#1754,#1755,#1756,#1757,#1758,#1759,#1760,#1761,#1762,#1763,#1764,#1765,
#1766,#1767,#1768,#1769,#1770,#1771,#1772,#1773,#1774,#1775,#1776,#1777,
#1778,#1779,#1780,#1781,#1782,#1783,#1784,#1785,#1786,#1787,#1788,#1789,
#1790,#1791,#1792,#1793,#1794,#1795,#1796,#1797,#1798,#1799,#1800,#1801,
#1802,#1803,#1804,#1805,#1806,#1807,#1808,#1809,#1810,#1811,#1812,#1813,
#1814,#1815));
#1817=DERIVED_UNIT_ELEMENT(#1819,1.);
#1818=DERIVED_UNIT_ELEMENT(#4045,-3.);
#1819=(
MASS_UNIT()
NAMED_UNIT(*)
SI_UNIT(.KILO.,.GRAM.)
);
#1820=DERIVED_UNIT((#1817,#1818));
#1821=MEASURE_REPRESENTATION_ITEM('density measure',
POSITIVE_RATIO_MEASURE(7850.),#1820);
#1822=PROPERTY_DEFINITION_REPRESENTATION(#1827,#1824);
#1823=PROPERTY_DEFINITION_REPRESENTATION(#1828,#1825);
#1824=REPRESENTATION('material name',(#1826),#4042);
#1825=REPRESENTATION('density',(#1821),#4042);
#1826=DESCRIPTIVE_REPRESENTATION_ITEM('Steel','Steel');
#1827=PROPERTY_DEFINITION('material property','material name',#4057);
#1828=PROPERTY_DEFINITION('material property','density of part',#4057);
#1829=AXIS2_PLACEMENT_3D('',#2462,#2006,#2007);
#1830=AXIS2_PLACEMENT_3D('',#2463,#2008,#2009);
#1831=AXIS2_PLACEMENT_3D('',#2464,#2010,#2011);
#1832=AXIS2_PLACEMENT_3D('',#2541,#2014,#2015);
#1833=AXIS2_PLACEMENT_3D('',#2548,#2016,#2017);
#1834=AXIS2_PLACEMENT_3D('',#2563,#2019,#2020);
#1835=AXIS2_PLACEMENT_3D('',#2565,#2021,#2022);
#1836=AXIS2_PLACEMENT_3D('',#2566,#2023,#2024);
#1837=AXIS2_PLACEMENT_3D('',#2817,#2026,#2027);
#1838=AXIS2_PLACEMENT_3D('',#2819,#2028,#2029);
#1839=AXIS2_PLACEMENT_3D('',#2821,#2030,#2031);
#1840=AXIS2_PLACEMENT_3D('',#2822,#2032,#2033);
#1841=AXIS2_PLACEMENT_3D('',#2824,#2034,#2035);
#1842=AXIS2_PLACEMENT_3D('',#2826,#2036,#2037);
#1843=AXIS2_PLACEMENT_3D('',#2827,#2038,#2039);
#1844=AXIS2_PLACEMENT_3D('',#2920,#2040,#2041);
#1845=AXIS2_PLACEMENT_3D('',#2922,#2042,#2043);
#1846=AXIS2_PLACEMENT_3D('',#2924,#2044,#2045);
#1847=AXIS2_PLACEMENT_3D('',#2926,#2046,#2047);
#1848=AXIS2_PLACEMENT_3D('',#2928,#2048,#2049);
#1849=AXIS2_PLACEMENT_3D('',#2929,#2050,#2051);
#1850=AXIS2_PLACEMENT_3D('',#2930,#2052,#2053);
#1851=AXIS2_PLACEMENT_3D('',#2931,#2054,#2055);
#1852=AXIS2_PLACEMENT_3D('',#2937,#2058,#2059);
#1853=AXIS2_PLACEMENT_3D('',#2939,#2060,#2061);
#1854=AXIS2_PLACEMENT_3D('',#2972,#2067,#2068);
#1855=AXIS2_PLACEMENT_3D('',#2974,#2069,#2070);
#1856=AXIS2_PLACEMENT_3D('',#2982,#2074,#2075);
#1857=AXIS2_PLACEMENT_3D('',#2986,#2078,#2079);
#1858=AXIS2_PLACEMENT_3D('',#2989,#2081,#2082);
#1859=AXIS2_PLACEMENT_3D('',#2991,#2083,#2084);
#1860=AXIS2_PLACEMENT_3D('',#2992,#2085,#2086);
#1861=AXIS2_PLACEMENT_3D('',#2993,#2087,#2088);
#1862=AXIS2_PLACEMENT_3D('',#2994,#2089,#2090);
#1863=AXIS2_PLACEMENT_3D('',#3010,#2091,#2092);
#1864=AXIS2_PLACEMENT_3D('',#3024,#2093,#2094);
#1865=AXIS2_PLACEMENT_3D('',#3040,#2095,#2096);
#1866=AXIS2_PLACEMENT_3D('',#3124,#2097,#2098);
#1867=AXIS2_PLACEMENT_3D('',#3127,#2100,#2101);
#1868=AXIS2_PLACEMENT_3D('',#3128,#2102,#2103);
#1869=AXIS2_PLACEMENT_3D('',#3131,#2105,#2106);
#1870=AXIS2_PLACEMENT_3D('',#3132,#2107,#2108);
#1871=AXIS2_PLACEMENT_3D('',#3145,#2112,#2113);
#1872=AXIS2_PLACEMENT_3D('',#3149,#2116,#2117);
#1873=AXIS2_PLACEMENT_3D('',#3152,#2119,#2120);
#1874=AXIS2_PLACEMENT_3D('',#3154,#2121,#2122);
#1875=AXIS2_PLACEMENT_3D('',#3180,#2123,#2124);
#1876=AXIS2_PLACEMENT_3D('',#3190,#2125,#2126);
#1877=AXIS2_PLACEMENT_3D('',#3220,#2127,#2128);
#1878=AXIS2_PLACEMENT_3D('',#3227,#2129,#2130);
#1879=AXIS2_PLACEMENT_3D('',#3255,#2131,#2132);
#1880=AXIS2_PLACEMENT_3D('',#3257,#2133,#2134);
#1881=AXIS2_PLACEMENT_3D('',#3263,#2137,#2138);
#1882=AXIS2_PLACEMENT_3D('',#3274,#2141,#2142);
#1883=AXIS2_PLACEMENT_3D('',#3298,#2152,#2153);
#1884=AXIS2_PLACEMENT_3D('',#3300,#2154,#2155);
#1885=AXIS2_PLACEMENT_3D('',#3302,#2156,#2157);
#1886=AXIS2_PLACEMENT_3D('',#3304,#2158,#2159);
#1887=AXIS2_PLACEMENT_3D('',#3306,#2160,#2161);
#1888=AXIS2_PLACEMENT_3D('',#3308,#2162,#2163);
#1889=AXIS2_PLACEMENT_3D('',#3310,#2164,#2165);
#1890=AXIS2_PLACEMENT_3D('',#3312,#2166,#2167);
#1891=AXIS2_PLACEMENT_3D('',#3321,#2171,#2172);
#1892=AXIS2_PLACEMENT_3D('',#3324,#2174,#2175);
#1893=AXIS2_PLACEMENT_3D('',#3325,#2176,#2177);
#1894=AXIS2_PLACEMENT_3D('',#3327,#2179,#2180);
#1895=AXIS2_PLACEMENT_3D('',#3328,#2181,#2182);
#1896=AXIS2_PLACEMENT_3D('',#3330,#2184,#2185);
#1897=AXIS2_PLACEMENT_3D('',#3331,#2186,#2187);
#1898=AXIS2_PLACEMENT_3D('',#3332,#2188,#2189);
#1899=AXIS2_PLACEMENT_3D('',#3333,#2190,#2191);
#1900=AXIS2_PLACEMENT_3D('',#3356,#2193,#2194);
#1901=AXIS2_PLACEMENT_3D('',#3385,#2196,#2197);
#1902=AXIS2_PLACEMENT_3D('',#3390,#2199,#2200);
#1903=AXIS2_PLACEMENT_3D('',#3393,#2202,#2203);
#1904=AXIS2_PLACEMENT_3D('',#3394,#2204,#2205);
#1905=AXIS2_PLACEMENT_3D('',#3399,#2208,#2209);
#1906=AXIS2_PLACEMENT_3D('',#3400,#2210,#2211);
#1907=AXIS2_PLACEMENT_3D('',#3405,#2214,#2215);
#1908=AXIS2_PLACEMENT_3D('',#3406,#2216,#2217);
#1909=AXIS2_PLACEMENT_3D('',#3409,#2220,#2221);
#1910=AXIS2_PLACEMENT_3D('',#3416,#2226,#2227);
#1911=AXIS2_PLACEMENT_3D('',#3425,#2233,#2234);
#1912=AXIS2_PLACEMENT_3D('',#3444,#2235,#2236);
#1913=AXIS2_PLACEMENT_3D('',#3449,#2240,#2241);
#1914=AXIS2_PLACEMENT_3D('',#3450,#2242,#2243);
#1915=AXIS2_PLACEMENT_3D('',#3451,#2244,#2245);
#1916=AXIS2_PLACEMENT_3D('',#3452,#2246,#2247);
#1917=AXIS2_PLACEMENT_3D('',#3453,#2248,#2249);
#1918=AXIS2_PLACEMENT_3D('',#3454,#2250,#2251);
#1919=AXIS2_PLACEMENT_3D('',#3455,#2252,#2253);
#1920=AXIS2_PLACEMENT_3D('',#3457,#2254,#2255);
#1921=AXIS2_PLACEMENT_3D('',#3459,#2256,#2257);
#1922=AXIS2_PLACEMENT_3D('',#3460,#2258,#2259);
#1923=AXIS2_PLACEMENT_3D('',#3461,#2260,#2261);
#1924=AXIS2_PLACEMENT_3D('',#3463,#2262,#2263);
#1925=AXIS2_PLACEMENT_3D('',#3465,#2265,#2266);
#1926=AXIS2_PLACEMENT_3D('',#3518,#2267,#2268);
#1927=AXIS2_PLACEMENT_3D('',#3536,#2270,#2271);
#1928=AXIS2_PLACEMENT_3D('',#3543,#2272,#2273);
#1929=AXIS2_PLACEMENT_3D('',#3573,#2274,#2275);
#1930=AXIS2_PLACEMENT_3D('',#3583,#2276,#2277);
#1931=AXIS2_PLACEMENT_3D('',#3595,#2282,#2283);
#1932=AXIS2_PLACEMENT_3D('',#3597,#2284,#2285);
#1933=AXIS2_PLACEMENT_3D('',#3598,#2286,#2287);
#1934=AXIS2_PLACEMENT_3D('',#3601,#2290,#2291);
#1935=AXIS2_PLACEMENT_3D('',#3603,#2292,#2293);
#1936=AXIS2_PLACEMENT_3D('',#3604,#2294,#2295);
#1937=AXIS2_PLACEMENT_3D('',#3655,#2297,#2298);
#1938=AXIS2_PLACEMENT_3D('',#3673,#2300,#2301);
#1939=AXIS2_PLACEMENT_3D('',#3674,#2302,#2303);
#1940=AXIS2_PLACEMENT_3D('',#3675,#2304,#2305);
#1941=AXIS2_PLACEMENT_3D('',#3677,#2306,#2307);
#1942=AXIS2_PLACEMENT_3D('',#3678,#2308,#2309);
#1943=AXIS2_PLACEMENT_3D('',#3680,#2311,#2312);
#1944=AXIS2_PLACEMENT_3D('',#3683,#2313,#2314);
#1945=AXIS2_PLACEMENT_3D('',#3684,#2315,#2316);
#1946=AXIS2_PLACEMENT_3D('',#3686,#2317,#2318);
#1947=AXIS2_PLACEMENT_3D('',#3688,#2319,#2320);
#1948=AXIS2_PLACEMENT_3D('',#3689,#2321,#2322);
#1949=AXIS2_PLACEMENT_3D('',#3690,#2323,#2324);
#1950=AXIS2_PLACEMENT_3D('',#3692,#2325,#2326);
#1951=AXIS2_PLACEMENT_3D('',#3694,#2328,#2329);
#1952=AXIS2_PLACEMENT_3D('',#3697,#2330,#2331);
#1953=AXIS2_PLACEMENT_3D('',#3698,#2332,#2333);
#1954=AXIS2_PLACEMENT_3D('',#3700,#2334,#2335);
#1955=AXIS2_PLACEMENT_3D('',#3702,#2336,#2337);
#1956=AXIS2_PLACEMENT_3D('',#3703,#2338,#2339);
#1957=AXIS2_PLACEMENT_3D('',#3704,#2340,#2341);
#1958=AXIS2_PLACEMENT_3D('',#3706,#2343,#2344);
#1959=AXIS2_PLACEMENT_3D('',#3708,#2345,#2346);
#1960=AXIS2_PLACEMENT_3D('',#3709,#2347,#2348);
#1961=AXIS2_PLACEMENT_3D('',#3710,#2349,#2350);
#1962=AXIS2_PLACEMENT_3D('',#3733,#2353,#2354);
#1963=AXIS2_PLACEMENT_3D('',#3740,#2355,#2356);
#1964=AXIS2_PLACEMENT_3D('',#3741,#2357,#2358);
#1965=AXIS2_PLACEMENT_3D('',#3742,#2359,#2360);
#1966=AXIS2_PLACEMENT_3D('',#3743,#2361,#2362);
#1967=AXIS2_PLACEMENT_3D('',#3744,#2363,#2364);
#1968=AXIS2_PLACEMENT_3D('',#3752,#2366,#2367);
#1969=AXIS2_PLACEMENT_3D('',#3759,#2368,#2369);
#1970=AXIS2_PLACEMENT_3D('',#3775,#2371,#2372);
#1971=AXIS2_PLACEMENT_3D('',#3977,#2374,#2375);
#1972=AXIS2_PLACEMENT_3D('',#3980,#2377,#2378);
#1973=AXIS2_PLACEMENT_3D('',#3981,#2379,#2380);
#1974=AXIS2_PLACEMENT_3D('',#3982,#2381,#2382);
#1975=AXIS2_PLACEMENT_3D('',#3985,#2384,#2385);
#1976=AXIS2_PLACEMENT_3D('',#3986,#2386,#2387);
#1977=AXIS2_PLACEMENT_3D('',#3987,#2388,#2389);
#1978=AXIS2_PLACEMENT_3D('',#3989,#2390,#2391);
#1979=AXIS2_PLACEMENT_3D('',#3990,#2392,#2393);
#1980=AXIS2_PLACEMENT_3D('',#3992,#2395,#2396);
#1981=AXIS2_PLACEMENT_3D('',#3994,#2397,#2398);
#1982=AXIS2_PLACEMENT_3D('',#3995,#2399,#2400);
#1983=AXIS2_PLACEMENT_3D('',#3997,#2402,#2403);
#1984=AXIS2_PLACEMENT_3D('',#3999,#2404,#2405);
#1985=AXIS2_PLACEMENT_3D('',#4000,#2406,#2407);
#1986=AXIS2_PLACEMENT_3D('',#4002,#2409,#2410);
#1987=AXIS2_PLACEMENT_3D('',#4004,#2411,#2412);
#1988=AXIS2_PLACEMENT_3D('',#4005,#2413,#2414);
#1989=AXIS2_PLACEMENT_3D('',#4007,#2416,#2417);
#1990=AXIS2_PLACEMENT_3D('',#4010,#2419,#2420);
#1991=AXIS2_PLACEMENT_3D('',#4011,#2421,#2422);
#1992=AXIS2_PLACEMENT_3D('',#4012,#2423,#2424);
#1993=AXIS2_PLACEMENT_3D('',#4015,#2426,#2427);
#1994=AXIS2_PLACEMENT_3D('',#4016,#2428,#2429);
#1995=AXIS2_PLACEMENT_3D('',#4017,#2430,#2431);
#1996=AXIS2_PLACEMENT_3D('',#4019,#2433,#2434);
#1997=AXIS2_PLACEMENT_3D('',#4022,#2437,#2438);
#1998=AXIS2_PLACEMENT_3D('',#4024,#2440,#2441);
#1999=AXIS2_PLACEMENT_3D('',#4026,#2443,#2444);
#2000=AXIS2_PLACEMENT_3D('',#4027,#2445,#2446);
#2001=AXIS2_PLACEMENT_3D('',#4030,#2449,#2450);
#2002=AXIS2_PLACEMENT_3D('',#4032,#2452,#2453);
#2003=AXIS2_PLACEMENT_3D('',#4034,#2455,#2456);
#2004=AXIS2_PLACEMENT_3D('',#4035,#2457,#2458);
#2005=AXIS2_PLACEMENT_3D('',#4037,#2460,#2461);
#2006=DIRECTION('axis',(0.,0.,1.));
#2007=DIRECTION('refdir',(1.,0.,0.));
#2008=DIRECTION('axis',(0.,0.,1.));
#2009=DIRECTION('refdir',(1.,0.,0.));
#2010=DIRECTION('center_axis',(0.,-1.,0.));
#2011=DIRECTION('ref_axis',(-0.707106781186547,0.,0.707106781186548));
#2012=DIRECTION('',(0.,1.,0.));
#2013=DIRECTION('',(0.,-1.,0.));
#2014=DIRECTION('center_axis',(0.,0.,1.));
#2015=DIRECTION('ref_axis',(-1.,0.,0.));
#2016=DIRECTION('center_axis',(0.,0.,-1.));
#2017=DIRECTION('ref_axis',(0.775796106184339,-0.630983677783521,0.));
#2018=DIRECTION('',(0.,-1.,0.));
#2019=DIRECTION('center_axis',(0.,0.,-1.));
#2020=DIRECTION('ref_axis',(-0.698991061883794,0.71513040447639,0.));
#2021=DIRECTION('center_axis',(0.,0.,1.));
#2022=DIRECTION('ref_axis',(-1.,0.,0.));
#2023=DIRECTION('center_axis',(0.,-1.,0.));
#2024=DIRECTION('ref_axis',(0.707106781186548,0.,0.707106781186548));
#2025=DIRECTION('',(0.,1.,0.));
#2026=DIRECTION('center_axis',(0.,0.,-1.));
#2027=DIRECTION('ref_axis',(-1.,0.,0.));
#2028=DIRECTION('center_axis',(0.,0.,-1.));
#2029=DIRECTION('ref_axis',(-1.,0.,0.));
#2030=DIRECTION('center_axis',(0.,-1.,0.));
#2031=DIRECTION('ref_axis',(1.,0.,0.));
#2032=DIRECTION('center_axis',(0.,0.,1.));
#2033=DIRECTION('ref_axis',(-1.,0.,0.));
#2034=DIRECTION('center_axis',(0.,0.,1.));
#2035=DIRECTION('ref_axis',(-1.,0.,0.));
#2036=DIRECTION('center_axis',(0.,0.,1.));
#2037=DIRECTION('ref_axis',(-1.,0.,0.));
#2038=DIRECTION('center_axis',(0.,0.,1.));
#2039=DIRECTION('ref_axis',(-1.,0.,0.));
#2040=DIRECTION('center_axis',(0.,0.,-1.));
#2041=DIRECTION('ref_axis',(-1.,0.,0.));
#2042=DIRECTION('center_axis',(0.,0.,1.));
#2043=DIRECTION('ref_axis',(-1.,0.,0.));
#2044=DIRECTION('center_axis',(0.,-1.,0.));
#2045=DIRECTION('ref_axis',(1.,0.,0.));
#2046=DIRECTION('center_axis',(0.,0.,-1.));
#2047=DIRECTION('ref_axis',(-1.,0.,0.));
#2048=DIRECTION('center_axis',(0.,0.,-1.));
#2049=DIRECTION('ref_axis',(-1.,0.,0.));
#2050=DIRECTION('center_axis',(0.,0.,-1.));
#2051=DIRECTION('ref_axis',(-1.,0.,0.));
#2052=DIRECTION('center_axis',(0.,0.,-1.));
#2053=DIRECTION('ref_axis',(-1.,0.,0.));
#2054=DIRECTION('center_axis',(0.,0.,-1.));
#2055=DIRECTION('ref_axis',(1.,0.,0.));
#2056=DIRECTION('',(0.,-1.,0.));
#2057=DIRECTION('',(0.995561947401624,-0.0941084952907329,0.));
#2058=DIRECTION('center_axis',(0.,0.,1.));
#2059=DIRECTION('ref_axis',(-0.0293319152212925,0.999569726807215,0.));
#2060=DIRECTION('center_axis',(0.,0.,1.));
#2061=DIRECTION('ref_axis',(-1.,0.,0.));
#2062=DIRECTION('',(0.,-1.,0.));
#2063=DIRECTION('',(-1.,-9.91270557701032E-17,0.));
#2064=DIRECTION('',(1.8897413185109E-16,1.,0.));
#2065=DIRECTION('',(1.,9.91270557701032E-17,0.));
#2066=DIRECTION('',(0.,-1.,0.));
#2067=DIRECTION('center_axis',(0.,0.,1.));
#2068=DIRECTION('ref_axis',(-1.,0.,0.));
#2069=DIRECTION('center_axis',(0.,0.,1.));
#2070=DIRECTION('ref_axis',(-0.0293319152212925,0.999569726807215,0.));
#2071=DIRECTION('',(0.,-1.,0.));
#2072=DIRECTION('',(0.,1.,0.));
#2073=DIRECTION('',(-0.255722747842686,-0.966750162263129,0.));
#2074=DIRECTION('center_axis',(0.,0.,-1.));
#2075=DIRECTION('ref_axis',(-0.99999486670674,-0.00320414733879213,0.));
#2076=DIRECTION('',(0.261912685174236,-0.965091573553941,0.));
#2077=DIRECTION('',(0.261912685174236,-0.965091573553941,0.));
#2078=DIRECTION('center_axis',(0.,0.,-1.));
#2079=DIRECTION('ref_axis',(-0.99999486670674,-0.00320414733879213,0.));
#2080=DIRECTION('',(-0.255722747842686,-0.966750162263129,0.));
#2081=DIRECTION('center_axis',(0.,0.,-1.));
#2082=DIRECTION('ref_axis',(-1.,0.,0.));
#2083=DIRECTION('center_axis',(0.,0.,-1.));
#2084=DIRECTION('ref_axis',(-1.,0.,0.));
#2085=DIRECTION('center_axis',(0.,0.,-1.));
#2086=DIRECTION('ref_axis',(1.,0.,0.));
#2087=DIRECTION('center_axis',(0.,0.,1.));
#2088=DIRECTION('ref_axis',(-1.,0.,0.));
#2089=DIRECTION('center_axis',(0.,0.,-1.));
#2090=DIRECTION('ref_axis',(-0.0567982257617409,-0.998385677757007,0.));
#2091=DIRECTION('center_axis',(0.,0.,1.));
#2092=DIRECTION('ref_axis',(-1.,0.,0.));
#2093=DIRECTION('center_axis',(0.,0.,-1.));
#2094=DIRECTION('ref_axis',(-0.0568017357153991,0.998385478069327,0.));
#2095=DIRECTION('center_axis',(0.,0.,1.));
#2096=DIRECTION('ref_axis',(-1.,0.,0.));
#2097=DIRECTION('center_axis',(0.,0.,-1.));
#2098=DIRECTION('ref_axis',(-1.,0.,0.));
#2099=DIRECTION('',(0.,0.,-1.));
#2100=DIRECTION('center_axis',(0.,0.,1.));
#2101=DIRECTION('ref_axis',(-1.,0.,0.));
#2102=DIRECTION('center_axis',(0.,0.,-1.));
#2103=DIRECTION('ref_axis',(-1.,0.,0.));
#2104=DIRECTION('',(0.,0.,-1.));
#2105=DIRECTION('center_axis',(0.,0.,1.));
#2106=DIRECTION('ref_axis',(-1.,0.,0.));
#2107=DIRECTION('center_axis',(-1.,0.,0.));
#2108=DIRECTION('ref_axis',(0.,1.,0.));
#2109=DIRECTION('',(0.,0.,-1.));
#2110=DIRECTION('',(0.,-1.,0.));
#2111=DIRECTION('',(0.,0.,-1.));
#2112=DIRECTION('center_axis',(1.,0.,0.));
#2113=DIRECTION('ref_axis',(0.,-1.,0.));
#2114=DIRECTION('',(0.,1.,0.));
#2115=DIRECTION('',(0.,0.,1.));
#2116=DIRECTION('center_axis',(0.,0.,-1.));
#2117=DIRECTION('ref_axis',(1.,0.,0.));
#2118=DIRECTION('',(0.,1.,0.));
#2119=DIRECTION('center_axis',(0.,0.,1.));
#2120=DIRECTION('ref_axis',(-0.0293319152212925,0.999569726807215,0.));
#2121=DIRECTION('center_axis',(0.,0.,1.));
#2122=DIRECTION('ref_axis',(-1.,0.,0.));
#2123=DIRECTION('center_axis',(0.,0.,1.));
#2124=DIRECTION('ref_axis',(-1.,0.,0.));
#2125=DIRECTION('center_axis',(0.,0.,1.));
#2126=DIRECTION('ref_axis',(-1.,0.,0.));
#2127=DIRECTION('center_axis',(0.,0.,1.));
#2128=DIRECTION('ref_axis',(-1.,0.,0.));
#2129=DIRECTION('center_axis',(0.,0.,1.));
#2130=DIRECTION('ref_axis',(-1.,0.,0.));
#2131=DIRECTION('center_axis',(0.,0.,1.));
#2132=DIRECTION('ref_axis',(-1.,0.,0.));
#2133=DIRECTION('center_axis',(0.,0.,1.));
#2134=DIRECTION('ref_axis',(-0.0293319152212925,0.999569726807215,0.));
#2135=DIRECTION('',(0.995561947401624,-0.0941084952907329,0.));
#2136=DIRECTION('',(-0.255722747842691,-0.966750162263128,0.));
#2137=DIRECTION('center_axis',(0.,0.,1.));
#2138=DIRECTION('ref_axis',(-0.99999486670674,-0.00320414733879214,0.));
#2139=DIRECTION('',(0.261912685174239,-0.96509157355394,0.));
#2140=DIRECTION('',(-0.261912685174236,0.965091573553941,0.));
#2141=DIRECTION('center_axis',(0.,0.,1.));
#2142=DIRECTION('ref_axis',(-0.99999486670674,-0.00320414733879213,0.));
#2143=DIRECTION('',(0.255722747842686,0.966750162263129,0.));
#2144=DIRECTION('',(-1.,-2.47817639425258E-16,0.));
#2145=DIRECTION('',(0.,-1.,0.));
#2146=DIRECTION('',(1.,2.47817639425258E-16,0.));
#2147=DIRECTION('',(0.,1.,0.));
#2148=DIRECTION('',(1.,9.91270557701032E-17,0.));
#2149=DIRECTION('',(1.8897413185109E-16,1.,0.));
#2150=DIRECTION('',(-1.,-9.91270557701032E-17,0.));
#2151=DIRECTION('',(0.,-1.,0.));
#2152=DIRECTION('center_axis',(0.,0.,1.));
#2153=DIRECTION('ref_axis',(-1.,0.,0.));
#2154=DIRECTION('center_axis',(0.,0.,1.));
#2155=DIRECTION('ref_axis',(-1.,0.,0.));
#2156=DIRECTION('center_axis',(0.,0.,1.));
#2157=DIRECTION('ref_axis',(-1.,0.,0.));
#2158=DIRECTION('center_axis',(0.,0.,1.));
#2159=DIRECTION('ref_axis',(-1.,0.,0.));
#2160=DIRECTION('center_axis',(0.,0.,1.));
#2161=DIRECTION('ref_axis',(-1.,0.,0.));
#2162=DIRECTION('center_axis',(0.,0.,1.));
#2163=DIRECTION('ref_axis',(-1.,0.,0.));
#2164=DIRECTION('center_axis',(0.,0.,1.));
#2165=DIRECTION('ref_axis',(-1.,0.,0.));
#2166=DIRECTION('center_axis',(0.,0.,1.));
#2167=DIRECTION('ref_axis',(-1.,0.,0.));
#2168=DIRECTION('',(1.,-6.18164267608661E-17,0.));
#2169=DIRECTION('',(0.,1.,0.));
#2170=DIRECTION('',(-1.,-4.94531414086929E-16,0.));
#2171=DIRECTION('center_axis',(0.,0.,1.));
#2172=DIRECTION('ref_axis',(-1.,0.,0.));
#2173=DIRECTION('',(9.44384335400431E-17,-1.,0.));
#2174=DIRECTION('center_axis',(0.,0.,1.));
#2175=DIRECTION('ref_axis',(-1.,0.,0.));
#2176=DIRECTION('center_axis',(1.,0.,0.));
#2177=DIRECTION('ref_axis',(0.,-1.,0.));
#2178=DIRECTION('',(0.,0.,-1.));
#2179=DIRECTION('center_axis',(0.,0.,-1.));
#2180=DIRECTION('ref_axis',(-0.0293319152212925,0.999569726807215,0.));
#2181=DIRECTION('center_axis',(-0.0941084952907329,-0.995561947401624,0.));
#2182=DIRECTION('ref_axis',(-0.995561947401624,0.0941084952907329,0.));
#2183=DIRECTION('',(0.,0.,-1.));
#2184=DIRECTION('center_axis',(0.,0.,-1.));
#2185=DIRECTION('ref_axis',(-0.0293319152212925,0.999569726807215,0.));
#2186=DIRECTION('center_axis',(0.,0.,-1.));
#2187=DIRECTION('ref_axis',(1.,0.,0.));
#2188=DIRECTION('center_axis',(0.,0.,1.));
#2189=DIRECTION('ref_axis',(-1.,0.,0.));
#2190=DIRECTION('center_axis',(0.966750162263128,-0.255722747842691,0.));
#2191=DIRECTION('ref_axis',(-0.255722747842691,-0.966750162263128,0.));
#2192=DIRECTION('',(0.,0.,-1.));
#2193=DIRECTION('center_axis',(0.96509157355394,0.261912685174239,0.));
#2194=DIRECTION('ref_axis',(0.261912685174239,-0.96509157355394,0.));
#2195=DIRECTION('',(0.,0.,-1.));
#2196=DIRECTION('center_axis',(9.44384335400431E-17,-1.,0.));
#2197=DIRECTION('ref_axis',(-0.707106781186546,0.,0.707106781186549));
#2198=DIRECTION('',(9.44384335400431E-17,-1.,0.));
#2199=DIRECTION('center_axis',(0.707106781186547,-0.707106781186548,0.));
#2200=DIRECTION('ref_axis',(0.707106781186548,0.707106781186547,0.));
#2201=DIRECTION('',(-9.44384335400431E-17,1.,0.));
#2202=DIRECTION('center_axis',(-0.707106781186548,-0.707106781186548,0.));
#2203=DIRECTION('ref_axis',(0.707106781186548,-0.707106781186548,0.));
#2204=DIRECTION('center_axis',(1.,-6.18164267608661E-17,0.));
#2205=DIRECTION('ref_axis',(0.,-0.707106781186546,0.707106781186549));
#2206=DIRECTION('',(-1.,6.18164267608661E-17,0.));
#2207=DIRECTION('',(1.,-6.18164267608661E-17,0.));
#2208=DIRECTION('center_axis',(0.707106781186549,0.707106781186546,0.));
#2209=DIRECTION('ref_axis',(-0.707106781186546,0.707106781186549,0.));
#2210=DIRECTION('center_axis',(0.,1.,0.));
#2211=DIRECTION('ref_axis',(0.707106781186544,0.,0.707106781186551));
#2212=DIRECTION('',(0.,-1.,0.));
#2213=DIRECTION('',(0.,1.,0.));
#2214=DIRECTION('center_axis',(-0.707106781186549,0.707106781186546,0.));
#2215=DIRECTION('ref_axis',(-0.707106781186546,-0.707106781186549,0.));
#2216=DIRECTION('center_axis',(-1.,-4.94531414086929E-16,0.));
#2217=DIRECTION('ref_axis',(0.,0.707106781186546,0.707106781186549));
#2218=DIRECTION('',(1.,4.94531414086929E-16,0.));
#2219=DIRECTION('',(-1.,-4.94531414086929E-16,0.));
#2220=DIRECTION('center_axis',(-4.94531414086929E-16,1.,0.));
#2221=DIRECTION('ref_axis',(-1.,-4.94531414086929E-16,0.));
#2222=DIRECTION('',(0.,0.,1.));
#2223=DIRECTION('',(-1.,-4.94531414086929E-16,0.));
#2224=DIRECTION('',(0.,0.,1.));
#2225=DIRECTION('',(0.,0.,1.));
#2226=DIRECTION('center_axis',(-1.,-9.44384335400431E-17,0.));
#2227=DIRECTION('ref_axis',(9.44384335400431E-17,-1.,0.));
#2228=DIRECTION('',(0.,0.,1.));
#2229=DIRECTION('',(9.44384335400431E-17,-1.,0.));
#2230=DIRECTION('',(0.,0.,1.));
#2231=DIRECTION('',(0.,0.,-1.));
#2232=DIRECTION('',(9.44384335400431E-17,-1.,0.));
#2233=DIRECTION('center_axis',(0.,0.,1.));
#2234=DIRECTION('ref_axis',(1.,0.,0.));
#2235=DIRECTION('center_axis',(-6.18164267608661E-17,-1.,0.));
#2236=DIRECTION('ref_axis',(1.,-6.18164267608661E-17,0.));
#2237=DIRECTION('',(0.,0.,1.));
#2238=DIRECTION('',(0.,0.,-1.));
#2239=DIRECTION('',(1.,-6.18164267608661E-17,0.));
#2240=DIRECTION('center_axis',(1.,0.,0.));
#2241=DIRECTION('ref_axis',(0.,1.,0.));
#2242=DIRECTION('center_axis',(0.,0.,-1.));
#2243=DIRECTION('ref_axis',(-0.220185933247108,-0.975457920568642,0.));
#2244=DIRECTION('center_axis',(0.,0.,-1.));
#2245=DIRECTION('ref_axis',(-1.,0.,0.));
#2246=DIRECTION('center_axis',(0.,0.,-1.));
#2247=DIRECTION('ref_axis',(-0.219685105393873,0.975570835187319,0.));
#2248=DIRECTION('center_axis',(0.,0.,-1.));
#2249=DIRECTION('ref_axis',(-1.,0.,0.));
#2250=DIRECTION('center_axis',(0.,0.,1.));
#2251=DIRECTION('ref_axis',(-1.,0.,0.));
#2252=DIRECTION('center_axis',(0.,0.,1.));
#2253=DIRECTION('ref_axis',(1.,0.,0.));
#2254=DIRECTION('center_axis',(1.22464679914735E-16,-1.,0.));
#2255=DIRECTION('ref_axis',(-1.,-1.22464679914735E-16,0.));
#2256=DIRECTION('center_axis',(0.,0.,-1.));
#2257=DIRECTION('ref_axis',(-1.,0.,0.));
#2258=DIRECTION('center_axis',(0.,0.,-1.));
#2259=DIRECTION('ref_axis',(-1.,0.,0.));
#2260=DIRECTION('center_axis',(0.,0.,1.));
#2261=DIRECTION('ref_axis',(-1.,0.,0.));
#2262=DIRECTION('center_axis',(0.,0.,1.));
#2263=DIRECTION('ref_axis',(-1.,0.,0.));
#2264=DIRECTION('',(0.,0.,-1.));
#2265=DIRECTION('center_axis',(0.,0.,1.));
#2266=DIRECTION('ref_axis',(-1.,0.,0.));
#2267=DIRECTION('center_axis',(0.,0.,-1.));
#2268=DIRECTION('ref_axis',(1.,0.,0.));
#2269=DIRECTION('',(0.,1.,0.));
#2270=DIRECTION('center_axis',(0.,0.,-1.));
#2271=DIRECTION('ref_axis',(-1.,0.,0.));
#2272=DIRECTION('center_axis',(0.,0.,-1.));
#2273=DIRECTION('ref_axis',(-1.,0.,0.));
#2274=DIRECTION('center_axis',(0.,0.,-1.));
#2275=DIRECTION('ref_axis',(-1.,0.,0.));
#2276=DIRECTION('center_axis',(0.,0.,-1.));
#2277=DIRECTION('ref_axis',(-1.,0.,0.));
#2278=DIRECTION('',(0.,1.,0.));
#2279=DIRECTION('',(1.,2.47817639425258E-16,0.));
#2280=DIRECTION('',(0.,-1.,0.));
#2281=DIRECTION('',(-1.,-2.47817639425258E-16,0.));
#2282=DIRECTION('center_axis',(0.,0.,1.));
#2283=DIRECTION('ref_axis',(-1.,0.,0.));
#2284=DIRECTION('center_axis',(0.,0.,1.));
#2285=DIRECTION('ref_axis',(-1.,0.,0.));
#2286=DIRECTION('center_axis',(0.00143134424531726,4.58626139715349E-6,
-0.999998975615784));
#2287=DIRECTION('ref_axis',(-0.999993842327783,-0.00320414405651418,-0.0014313515928646));
#2288=DIRECTION('',(-0.00143134424531726,-4.58626139715349E-6,0.999998975615784));
#2289=DIRECTION('',(0.00143134424531726,4.58626139715344E-6,-0.999998975615784));
#2290=DIRECTION('center_axis',(0.96674923827853,-0.255722503432196,0.00138257956492162));
#2291=DIRECTION('ref_axis',(0.00133547616403499,-0.000357839759664188,-0.999999044226604));
#2292=DIRECTION('center_axis',(-0.96674923827853,0.255722503432197,-0.0013825795649216));
#2293=DIRECTION('ref_axis',(0.00133547616403496,-0.000357839759664182,-0.999999044226604));
#2294=DIRECTION('center_axis',(-0.96674923827853,0.255722503432197,-0.0013825795649216));
#2295=DIRECTION('ref_axis',(0.00133547616403496,-0.000357839759664182,-0.999999044226604));
#2296=DIRECTION('',(0.956618209849794,-0.00868486528321715,-0.291214995662634));
#2297=DIRECTION('center_axis',(-0.96509065115456,-0.261912434847629,-0.0013825795649216));
#2298=DIRECTION('ref_axis',(0.00133547616403496,0.000357839759664182,-0.999999044226604));
#2299=DIRECTION('',(0.956079557457331,0.0200226143591704,-0.292422596128306));
#2300=DIRECTION('center_axis',(-0.96509065115456,-0.261912434847629,-0.0013825795649216));
#2301=DIRECTION('ref_axis',(0.00133547616403496,0.000357839759664182,-0.999999044226604));
#2302=DIRECTION('center_axis',(0.96509065115456,0.261912434847629,0.00138257956492162));
#2303=DIRECTION('ref_axis',(0.00133547616403499,0.000357839759664188,-0.999999044226604));
#2304=DIRECTION('center_axis',(0.,0.,1.));
#2305=DIRECTION('ref_axis',(-1.,0.,0.));
#2306=DIRECTION('center_axis',(0.,0.,1.));
#2307=DIRECTION('ref_axis',(-1.,0.,0.));
#2308=DIRECTION('center_axis',(0.,0.,1.));
#2309=DIRECTION('ref_axis',(-1.,0.,0.));
#2310=DIRECTION('',(0.,0.,-1.));
#2311=DIRECTION('center_axis',(0.,0.,1.));
#2312=DIRECTION('ref_axis',(1.,0.,0.));
#2313=DIRECTION('center_axis',(0.,0.,1.));
#2314=DIRECTION('ref_axis',(-1.,0.,0.));
#2315=DIRECTION('center_axis',(0.,0.,1.));
#2316=DIRECTION('ref_axis',(-1.,0.,0.));
#2317=DIRECTION('center_axis',(0.,1.,0.));
#2318=DIRECTION('ref_axis',(-1.,0.,0.));
#2319=DIRECTION('center_axis',(0.,0.,-1.));
#2320=DIRECTION('ref_axis',(-1.,0.,0.));
#2321=DIRECTION('center_axis',(0.,0.,-1.));
#2322=DIRECTION('ref_axis',(-1.,0.,0.));
#2323=DIRECTION('center_axis',(0.,0.,-1.));
#2324=DIRECTION('ref_axis',(-1.,0.,0.));
#2325=DIRECTION('center_axis',(0.,0.,1.));
#2326=DIRECTION('ref_axis',(-1.,0.,0.));
#2327=DIRECTION('',(0.,0.,-1.));
#2328=DIRECTION('center_axis',(0.,0.,1.));
#2329=DIRECTION('ref_axis',(1.,0.,0.));
#2330=DIRECTION('center_axis',(0.,0.,1.));
#2331=DIRECTION('ref_axis',(-1.,0.,0.));
#2332=DIRECTION('center_axis',(0.,0.,1.));
#2333=DIRECTION('ref_axis',(-1.,0.,0.));
#2334=DIRECTION('center_axis',(0.,1.,0.));
#2335=DIRECTION('ref_axis',(-1.,0.,0.));
#2336=DIRECTION('center_axis',(0.,0.,-1.));
#2337=DIRECTION('ref_axis',(-1.,0.,0.));
#2338=DIRECTION('center_axis',(0.,0.,-1.));
#2339=DIRECTION('ref_axis',(-1.,0.,0.));
#2340=DIRECTION('center_axis',(0.,0.,1.));
#2341=DIRECTION('ref_axis',(-1.,0.,0.));
#2342=DIRECTION('',(0.,0.,-1.));
#2343=DIRECTION('center_axis',(0.,0.,1.));
#2344=DIRECTION('ref_axis',(-1.,0.,0.));
#2345=DIRECTION('center_axis',(0.,0.,1.));
#2346=DIRECTION('ref_axis',(-1.,0.,0.));
#2347=DIRECTION('center_axis',(0.,0.,-1.));
#2348=DIRECTION('ref_axis',(-1.,0.,0.));
#2349=DIRECTION('center_axis',(0.,0.,-1.));
#2350=DIRECTION('ref_axis',(-0.209449315168099,-0.977819505008779,0.));
#2351=DIRECTION('',(0.,0.,-1.));
#2352=DIRECTION('',(0.,0.,-1.));
#2353=DIRECTION('center_axis',(0.,0.,-1.));
#2354=DIRECTION('ref_axis',(-1.,0.,0.));
#2355=DIRECTION('center_axis',(0.,0.,1.));
#2356=DIRECTION('ref_axis',(-1.,0.,0.));
#2357=DIRECTION('center_axis',(0.,0.,-1.));
#2358=DIRECTION('ref_axis',(-1.,0.,0.));
#2359=DIRECTION('center_axis',(0.,0.,1.));
#2360=DIRECTION('ref_axis',(-1.,0.,0.));
#2361=DIRECTION('center_axis',(0.,0.,-1.));
#2362=DIRECTION('ref_axis',(-1.,0.,0.));
#2363=DIRECTION('center_axis',(0.,0.,-1.));
#2364=DIRECTION('ref_axis',(-1.,0.,0.));
#2365=DIRECTION('',(0.,0.,-1.));
#2366=DIRECTION('center_axis',(0.,0.,-1.));
#2367=DIRECTION('ref_axis',(0.139122259472639,-0.990275212715752,0.));
#2368=DIRECTION('center_axis',(0.,0.,-1.));
#2369=DIRECTION('ref_axis',(0.139125255804313,0.990274791761047,0.));
#2370=DIRECTION('',(0.,0.,-1.));
#2371=DIRECTION('center_axis',(0.,0.,-1.));
#2372=DIRECTION('ref_axis',(-0.209465556840726,0.97781602589516,0.));
#2373=DIRECTION('',(0.,0.,-1.));
#2374=DIRECTION('center_axis',(0.,0.,1.));
#2375=DIRECTION('ref_axis',(-1.,0.,0.));
#2376=DIRECTION('',(0.,0.,1.));
#2377=DIRECTION('center_axis',(0.,0.,-1.));
#2378=DIRECTION('ref_axis',(-1.,0.,0.));
#2379=DIRECTION('center_axis',(0.,0.,1.));
#2380=DIRECTION('ref_axis',(-1.,0.,0.));
#2381=DIRECTION('center_axis',(0.,0.,1.));
#2382=DIRECTION('ref_axis',(-1.,0.,0.));
#2383=DIRECTION('',(0.,0.,1.));
#2384=DIRECTION('center_axis',(0.,0.,-1.));
#2385=DIRECTION('ref_axis',(-1.,0.,0.));
#2386=DIRECTION('center_axis',(0.,0.,1.));
#2387=DIRECTION('ref_axis',(-1.,0.,0.));
#2388=DIRECTION('center_axis',(0.,0.,1.));
#2389=DIRECTION('ref_axis',(-1.,0.,0.));
#2390=DIRECTION('center_axis',(0.,0.,-1.));
#2391=DIRECTION('ref_axis',(-1.,0.,0.));
#2392=DIRECTION('center_axis',(0.,0.,1.));
#2393=DIRECTION('ref_axis',(-1.,0.,0.));
#2394=DIRECTION('',(0.,0.,1.));
#2395=DIRECTION('center_axis',(0.,0.,1.));
#2396=DIRECTION('ref_axis',(-1.,0.,0.));
#2397=DIRECTION('center_axis',(0.,0.,-1.));
#2398=DIRECTION('ref_axis',(-1.,0.,0.));
#2399=DIRECTION('center_axis',(0.,0.,1.));
#2400=DIRECTION('ref_axis',(-1.,0.,0.));
#2401=DIRECTION('',(0.,0.,1.));
#2402=DIRECTION('center_axis',(0.,0.,1.));
#2403=DIRECTION('ref_axis',(-1.,0.,0.));
#2404=DIRECTION('center_axis',(0.,0.,-1.));
#2405=DIRECTION('ref_axis',(-1.,0.,0.));
#2406=DIRECTION('center_axis',(0.,0.,1.));
#2407=DIRECTION('ref_axis',(-1.,0.,0.));
#2408=DIRECTION('',(0.,0.,1.));
#2409=DIRECTION('center_axis',(0.,0.,1.));
#2410=DIRECTION('ref_axis',(-1.,0.,0.));
#2411=DIRECTION('center_axis',(0.,0.,-1.));
#2412=DIRECTION('ref_axis',(-1.,0.,0.));
#2413=DIRECTION('center_axis',(0.,0.,1.));
#2414=DIRECTION('ref_axis',(-1.,0.,0.));
#2415=DIRECTION('',(0.,0.,1.));
#2416=DIRECTION('center_axis',(0.,0.,1.));
#2417=DIRECTION('ref_axis',(-1.,0.,0.));
#2418=DIRECTION('',(0.,0.,1.));
#2419=DIRECTION('center_axis',(0.,0.,-1.));
#2420=DIRECTION('ref_axis',(-1.,0.,0.));
#2421=DIRECTION('center_axis',(0.,0.,1.));
#2422=DIRECTION('ref_axis',(-1.,0.,0.));
#2423=DIRECTION('center_axis',(0.,0.,1.));
#2424=DIRECTION('ref_axis',(-1.,0.,0.));
#2425=DIRECTION('',(0.,0.,1.));
#2426=DIRECTION('center_axis',(0.,0.,-1.));
#2427=DIRECTION('ref_axis',(-1.,0.,0.));
#2428=DIRECTION('center_axis',(0.,0.,1.));
#2429=DIRECTION('ref_axis',(-1.,0.,0.));
#2430=DIRECTION('center_axis',(0.,0.,1.));
#2431=DIRECTION('ref_axis',(-1.,0.,0.));
#2432=DIRECTION('',(0.,0.,-1.));
#2433=DIRECTION('center_axis',(-1.,0.,0.));
#2434=DIRECTION('ref_axis',(0.,1.,0.));
#2435=DIRECTION('',(0.,0.,1.));
#2436=DIRECTION('',(0.,0.,-1.));
#2437=DIRECTION('center_axis',(-9.91270557701033E-17,1.,0.));
#2438=DIRECTION('ref_axis',(1.,9.91270557701032E-17,0.));
#2439=DIRECTION('',(0.,0.,1.));
#2440=DIRECTION('center_axis',(1.,-1.8897413185109E-16,0.));
#2441=DIRECTION('ref_axis',(-1.8897413185109E-16,-1.,0.));
#2442=DIRECTION('',(0.,0.,1.));
#2443=DIRECTION('center_axis',(9.91270557701033E-17,-1.,0.));
#2444=DIRECTION('ref_axis',(-1.,-9.91270557701032E-17,0.));
#2445=DIRECTION('center_axis',(1.,0.,0.));
#2446=DIRECTION('ref_axis',(0.,-1.,0.));
#2447=DIRECTION('',(0.,0.,1.));
#2448=DIRECTION('',(0.,0.,-1.));
#2449=DIRECTION('center_axis',(2.47817639425258E-16,-1.,0.));
#2450=DIRECTION('ref_axis',(-1.,-2.47817639425258E-16,0.));
#2451=DIRECTION('',(0.,0.,1.));
#2452=DIRECTION('center_axis',(-1.,0.,0.));
#2453=DIRECTION('ref_axis',(0.,1.,0.));
#2454=DIRECTION('',(0.,0.,-1.));
#2455=DIRECTION('center_axis',(-2.47817639425258E-16,1.,0.));
#2456=DIRECTION('ref_axis',(1.,2.47817639425258E-16,0.));
#2457=DIRECTION('center_axis',(0.,0.,-1.));
#2458=DIRECTION('ref_axis',(-1.,0.,0.));
#2459=DIRECTION('',(0.,0.,-1.));
#2460=DIRECTION('',(0.,0.,1.));
#2461=DIRECTION('',(1.,0.,0.));
#2462=CARTESIAN_POINT('',(0.,0.,0.));
#2463=CARTESIAN_POINT('',(0.,0.,0.));
#2464=CARTESIAN_POINT('Origin',(9.275,-2.93743303949393,21.3));
#2465=CARTESIAN_POINT('',(6.27499999999999,-18.3464153066944,21.3));
#2466=CARTESIAN_POINT('',(9.27499999962806,-15.2143089275608,24.3));
#2467=CARTESIAN_POINT('Ctrl Pts',(6.275,-18.3464153066944,21.3));
#2468=CARTESIAN_POINT('Ctrl Pts',(6.275,-18.3464153066944,21.574008198338));
#2469=CARTESIAN_POINT('Ctrl Pts',(6.31250677613938,-18.3073868843584,21.8417450312973));
#2470=CARTESIAN_POINT('Ctrl Pts',(6.46194326912656,-18.1518320320619,22.3843524962833));
#2471=CARTESIAN_POINT('Ctrl Pts',(6.58006651423455,-18.0288498958851,22.6458851564781));
#2472=CARTESIAN_POINT('Ctrl Pts',(6.91280347135971,-17.6822214800178,23.184171732557));
#2473=CARTESIAN_POINT('Ctrl Pts',(7.14509704875093,-17.4400938875324,23.4368347894212));
#2474=CARTESIAN_POINT('Ctrl Pts',(7.67430302808043,-16.887988958116,23.8625399365973));
#2475=CARTESIAN_POINT('Ctrl Pts',(7.98028189086117,-16.5684990661251,24.0262829737566));
#2476=CARTESIAN_POINT('Ctrl Pts',(8.610742975419,-15.9095528679976,24.2449134616746));
#2477=CARTESIAN_POINT('Ctrl Pts',(8.94095689433784,-15.5640965078824,24.2992951535665));
#2478=CARTESIAN_POINT('Ctrl Pts',(9.27073916018892,-15.2187706329149,24.2999977306632));
#2479=CARTESIAN_POINT('Ctrl Pts',(9.27286958372487,-15.2165397830261,24.3));
#2480=CARTESIAN_POINT('Ctrl Pts',(9.27499999999964,-15.2143089275265,24.3));
#2481=CARTESIAN_POINT('',(9.27499999994432,15.2139936615491,24.3));
#2482=CARTESIAN_POINT('',(9.275,-2.93743303949393,24.3));
#2483=CARTESIAN_POINT('',(6.27499999999999,18.3460878577686,21.3));
#2484=CARTESIAN_POINT('Ctrl Pts',(9.27499999999966,15.213993661544,24.3));
#2485=CARTESIAN_POINT('Ctrl Pts',(9.27286949486966,15.216224601352,24.3));
#2486=CARTESIAN_POINT('Ctrl Pts',(9.27073898248029,15.2184555355472,24.299997730474));
#2487=CARTESIAN_POINT('Ctrl Pts',(8.94095813505741,15.563778572838,24.2992951270962));
#2488=CARTESIAN_POINT('Ctrl Pts',(8.6107457821426,15.9092319457867,24.2449139030547));
#2489=CARTESIAN_POINT('Ctrl Pts',(7.9802894083566,16.5681706555769,24.0262861011492));
#2490=CARTESIAN_POINT('Ctrl Pts',(7.67431377466297,16.8876559389219,23.8625460015102));
#2491=CARTESIAN_POINT('Ctrl Pts',(7.14510682505899,17.4397597517015,23.4368449552804));
#2492=CARTESIAN_POINT('Ctrl Pts',(6.91281008693594,17.6818897045359,23.1841806396699));
#2493=CARTESIAN_POINT('Ctrl Pts',(6.58006913466491,18.0285209445243,22.6458907504085));
#2494=CARTESIAN_POINT('Ctrl Pts',(6.46194465688022,18.1515038894482,22.3843566245266));
#2495=CARTESIAN_POINT('Ctrl Pts',(6.31250700032153,18.3070593526895,21.841746651645));
#2496=CARTESIAN_POINT('Ctrl Pts',(6.275,18.3460878577686,21.5740090178299));
#2497=CARTESIAN_POINT('Ctrl Pts',(6.275,18.3460878577686,21.3));
#2498=CARTESIAN_POINT('',(6.275,-2.93743303949393,21.3));
#2499=CARTESIAN_POINT('Ctrl Pts',(13.5059262062175,18.0082520181278,21.3));
#2500=CARTESIAN_POINT('Ctrl Pts',(11.0978876627043,18.1353290706499,21.3));
#2501=CARTESIAN_POINT('Ctrl Pts',(8.68941928631974,18.2497921918694,21.3));
#2502=CARTESIAN_POINT('Ctrl Pts',(6.275,18.3460878577686,21.3));
#2503=CARTESIAN_POINT('Ctrl Pts',(13.5059262062175,18.0082520181278,22.1975979010257));
#2504=CARTESIAN_POINT('Ctrl Pts',(11.0978546193102,18.1353308144165,22.1975979010257));
#2505=CARTESIAN_POINT('Ctrl Pts',(8.68946683641348,18.2497902954018,22.1975979010257));
#2506=CARTESIAN_POINT('Ctrl Pts',(6.275,18.3460878577686,22.1975979010257));
#2507=CARTESIAN_POINT('Ctrl Pts',(13.4662552235334,17.2565092489469,23.7519868209219));
#2508=CARTESIAN_POINT('Ctrl Pts',(11.0610539114536,17.3834365750417,23.7519868209219));
#2509=CARTESIAN_POINT('Ctrl Pts',(8.65533639910333,17.4977642464353,23.7519868209219));
#2510=CARTESIAN_POINT('Ctrl Pts',(6.24499994459268,17.5938970744174,23.7519868209219));
#2511=CARTESIAN_POINT('Ctrl Pts',(13.3833068142689,15.6846836308061,24.3));
#2512=CARTESIAN_POINT('Ctrl Pts',(10.9840255168056,15.8112985457851,24.3));
#2513=CARTESIAN_POINT('Ctrl Pts',(8.58408999997394,15.9253416403415,24.3));
#2514=CARTESIAN_POINT('Ctrl Pts',(6.18227256287642,16.0211346994776,24.3));
#2515=CARTESIAN_POINT('Ctrl Pts',(13.3478301399608,15.0124206420597,24.3));
#2516=CARTESIAN_POINT('Ctrl Pts',(10.951071636218,15.138902424124,24.3));
#2517=CARTESIAN_POINT('Ctrl Pts',(8.55363142154765,15.2528227960982,24.3));
#2518=CARTESIAN_POINT('Ctrl Pts',(6.15544433420899,15.3484710639176,24.3));
#2519=CARTESIAN_POINT('',(12.7114130330708,15.045686218982,24.3));
#2520=CARTESIAN_POINT('Ctrl Pts',(9.27500580830753,15.214192235616,24.3));
#2521=CARTESIAN_POINT('Ctrl Pts',(10.4206368002914,15.1614288799786,24.3));
#2522=CARTESIAN_POINT('Ctrl Pts',(11.5661037145093,15.1050589889866,24.3));
#2523=CARTESIAN_POINT('Ctrl Pts',(12.7114136601994,15.0457056074538,24.3));
#2524=CARTESIAN_POINT('',(13.5059262062175,18.0082520181278,21.3));
#2525=CARTESIAN_POINT('Ctrl Pts',(12.711413043048,15.0456862160683,24.3));
#2526=CARTESIAN_POINT('Ctrl Pts',(12.6485234946444,15.3357622547177,24.3));
#2527=CARTESIAN_POINT('Ctrl Pts',(12.6257616897754,15.6272140566511,24.2590353809989));
#2528=CARTESIAN_POINT('Ctrl Pts',(12.6525178302645,16.2023337636508,24.0866317384519));
#2529=CARTESIAN_POINT('Ctrl Pts',(12.7032505582511,16.4733445415472,23.9565914846045));
#2530=CARTESIAN_POINT('Ctrl Pts',(12.8641092798016,17.0098596776792,23.5910334843998));
#2531=CARTESIAN_POINT('Ctrl Pts',(12.9826009913018,17.2585131667923,23.343365848292));
#2532=CARTESIAN_POINT('Ctrl Pts',(13.2044127660055,17.6346957259938,22.8096402785676));
#2533=CARTESIAN_POINT('Ctrl Pts',(13.3087860339164,17.7737044037007,22.5281933043191));
#2534=CARTESIAN_POINT('Ctrl Pts',(13.4601320968201,17.9599983148917,21.9306210509542));
#2535=CARTESIAN_POINT('Ctrl Pts',(13.5059262062175,18.0082520181278,21.6200552541557));
#2536=CARTESIAN_POINT('Ctrl Pts',(13.5059262062175,18.0082520181278,21.3));
#2537=CARTESIAN_POINT('Ctrl Pts',(13.5059262062175,18.0082520181278,21.3));
#2538=CARTESIAN_POINT('Ctrl Pts',(11.0978876627043,18.1353290706499,21.3));
#2539=CARTESIAN_POINT('Ctrl Pts',(8.68941928631974,18.2497921918694,21.3));
#2540=CARTESIAN_POINT('Ctrl Pts',(6.275,18.3460878577686,21.3));
#2541=CARTESIAN_POINT('Origin',(27.085,0.000133921012133165,24.3));
#2542=CARTESIAN_POINT('',(12.7113791751496,-15.0459897364252,24.3));
#2543=CARTESIAN_POINT('Ctrl Pts',(12.7113797999757,-15.0460090718692,24.3));
#2544=CARTESIAN_POINT('Ctrl Pts',(11.5660811471778,-15.105366236355,24.3));
#2545=CARTESIAN_POINT('Ctrl Pts',(10.4206255200552,-15.1617400615111,24.3));
#2546=CARTESIAN_POINT('Ctrl Pts',(9.27500580455344,-15.2145074250197,24.3));
#2547=CARTESIAN_POINT('',(19.1571508300113,-14.6791851696491,24.3));
#2548=CARTESIAN_POINT('Origin',(15.9851406487837,-15.7566133158326,24.3));
#2549=CARTESIAN_POINT('',(44.895,-12.5119424800193,24.3));
#2550=CARTESIAN_POINT('Ctrl Pts',(44.8950766621227,-12.5120337392529,24.3));
#2551=CARTESIAN_POINT('Ctrl Pts',(41.6402627982245,-12.8765525205633,24.3));
#2552=CARTESIAN_POINT('Ctrl Pts',(33.0681182408254,-13.6948927616736,24.3));
#2553=CARTESIAN_POINT('Ctrl Pts',(24.4819724505295,-14.3479062858878,24.3));
#2554=CARTESIAN_POINT('Ctrl Pts',(19.157148585615,-14.67917482377,24.3));
#2555=CARTESIAN_POINT('',(44.895,12.5117675919314,24.3));
#2556=CARTESIAN_POINT('',(44.895,2.93756696050607,24.3));
#2557=CARTESIAN_POINT('',(19.1576406670236,14.6788783209304,24.3));
#2558=CARTESIAN_POINT('Ctrl Pts',(19.1576385442074,14.678867939205,24.3));
#2559=CARTESIAN_POINT('Ctrl Pts',(24.4822496343643,14.3476289786731,24.3));
#2560=CARTESIAN_POINT('Ctrl Pts',(33.0682138446186,13.6946610463945,24.3));
#2561=CARTESIAN_POINT('Ctrl Pts',(41.6402033317443,12.8763716827217,24.3));
#2562=CARTESIAN_POINT('Ctrl Pts',(44.8950775494624,12.5118587749004,24.3));
#2563=CARTESIAN_POINT('Origin',(15.9853527111368,15.7554883361798,24.3));
#2564=CARTESIAN_POINT('',(22.5,-5.51091059616309E-16,24.3));
#2565=CARTESIAN_POINT('Origin',(27.,0.,24.3));
#2566=CARTESIAN_POINT('Origin',(44.895,2.93756696050607,21.3));
#2567=CARTESIAN_POINT('',(47.895,-15.1822817927398,21.3));
#2568=CARTESIAN_POINT('Ctrl Pts',(44.8949999999982,-12.5119424800195,24.3));
#2569=CARTESIAN_POINT('Ctrl Pts',(44.8975564036152,-12.5142287039122,24.3));
#2570=CARTESIAN_POINT('Ctrl Pts',(44.9001128211224,-12.5165149139227,24.2999967324003));
#2571=CARTESIAN_POINT('Ctrl Pts',(45.2014297171592,-12.7859802007138,24.2992264387258));
#2572=CARTESIAN_POINT('Ctrl Pts',(45.5016007018515,-13.0540527121294,24.2538297771202));
#2573=CARTESIAN_POINT('Ctrl Pts',(46.073104340538,-13.5637515705006,24.0746040139711));
#2574=CARTESIAN_POINT('Ctrl Pts',(46.3474542420624,-13.8080935093545,23.94331625662));
#2575=CARTESIAN_POINT('Ctrl Pts',(46.8882020353833,-14.289119851937,23.5687839199009));
#2576=CARTESIAN_POINT('Ctrl Pts',(47.1522050679452,-14.5235977218298,23.3128070919595));
#2577=CARTESIAN_POINT('Ctrl Pts',(47.5374308183452,-14.8654163659233,22.7513915960608));
#2578=CARTESIAN_POINT('Ctrl Pts',(47.675733816296,-14.9880081260829,22.4712010377345));
#2579=CARTESIAN_POINT('Ctrl Pts',(47.8510953439715,-15.1434007582004,21.8866489046688));
#2580=CARTESIAN_POINT('Ctrl Pts',(47.895,-15.1822817927398,21.5964557300237));
#2581=CARTESIAN_POINT('Ctrl Pts',(47.895,-15.1822817927398,21.3));
#2582=CARTESIAN_POINT('',(47.895,15.1821171714619,21.3));
#2583=CARTESIAN_POINT('',(47.895,2.93756696050607,21.3));
#2584=CARTESIAN_POINT('Ctrl Pts',(47.895,15.1821171714619,21.3));
#2585=CARTESIAN_POINT('Ctrl Pts',(47.895,15.1821171714619,21.5964552520177));
#2586=CARTESIAN_POINT('Ctrl Pts',(47.8510954855684,15.143236114081,21.8866479452873));
#2587=CARTESIAN_POINT('Ctrl Pts',(47.6757345002693,14.9878433698475,22.4711993049694));
#2588=CARTESIAN_POINT('Ctrl Pts',(47.5374318825373,14.865251478955,22.7513895613006));
#2589=CARTESIAN_POINT('Ctrl Pts',(47.1522070026331,14.5234323017872,23.3128048929624));
#2590=CARTESIAN_POINT('Ctrl Pts',(46.8882043878086,14.2889539063151,23.5687818029815));
#2591=CARTESIAN_POINT('Ctrl Pts',(46.3474567527499,13.8079258615091,23.9433149550342));
#2592=CARTESIAN_POINT('Ctrl Pts',(46.0731064256398,13.5635826051413,24.0746031803652));
#2593=CARTESIAN_POINT('Ctrl Pts',(45.5016018348242,13.0538809341798,24.2538296083831));
#2594=CARTESIAN_POINT('Ctrl Pts',(45.2014302728711,12.7858068714842,24.2992264371399));
#2595=CARTESIAN_POINT('Ctrl Pts',(44.900112822227,12.5163400445427,24.2999967323989));
#2596=CARTESIAN_POINT('Ctrl Pts',(44.8975564041695,12.5140538251792,24.3));
#2597=CARTESIAN_POINT('Ctrl Pts',(44.8949999999985,12.5117675919315,24.3));
#2598=CARTESIAN_POINT('Ctrl Pts',(18.7046895864769,-17.7127711764082,21.3));
#2599=CARTESIAN_POINT('Ctrl Pts',(24.2694479112576,-17.3727141844364,21.3));
#2600=CARTESIAN_POINT('Ctrl Pts',(33.9897546970584,-16.6381066500104,21.3));
#2601=CARTESIAN_POINT('Ctrl Pts',(43.7170577895493,-15.6904135852601,21.3));
#2602=CARTESIAN_POINT('Ctrl Pts',(47.895,-15.1822817927398,21.3));
#2603=CARTESIAN_POINT('Ctrl Pts',(18.7046895864769,-17.7127711764082,22.1975979010257));
#2604=CARTESIAN_POINT('Ctrl Pts',(24.2695291630068,-17.3727092192207,22.1975979010257));
#2605=CARTESIAN_POINT('Ctrl Pts',(33.989719636955,-16.6381092272589,22.1975979010257));
#2606=CARTESIAN_POINT('Ctrl Pts',(43.7169176240536,-15.6904306325386,22.1975979010257));
#2607=CARTESIAN_POINT('Ctrl Pts',(47.895,-15.1822817927398,22.1975979010257));
#2608=CARTESIAN_POINT('Ctrl Pts',(18.6587544600474,-16.9610798916138,23.7517573764154));
#2609=CARTESIAN_POINT('Ctrl Pts',(24.21653620077,-16.6214492319372,23.7517573764154));
#2610=CARTESIAN_POINT('Ctrl Pts',(33.9269678445195,-15.8875828848964,23.7517573764154));
#2611=CARTESIAN_POINT('Ctrl Pts',(43.6381698147764,-14.9413651902219,23.7517573764154));
#2612=CARTESIAN_POINT('Ctrl Pts',(47.8040768829279,-14.4346971418421,23.7517573764154));
#2613=CARTESIAN_POINT('Ctrl Pts',(18.5627657428414,-15.3903019756543,24.3));
#2614=CARTESIAN_POINT('Ctrl Pts',(24.1059905182383,-15.0515608780309,24.3));
#2615=CARTESIAN_POINT('Ctrl Pts',(33.795755409925,-14.3192453747694,24.3));
#2616=CARTESIAN_POINT('Ctrl Pts',(43.4732834515716,-13.3761145659287,24.3));
#2617=CARTESIAN_POINT('Ctrl Pts',(47.6140786386539,-12.8725006874006,24.3));
#2618=CARTESIAN_POINT('Ctrl Pts',(18.5217038365866,-14.7183570074367,24.3));
#2619=CARTESIAN_POINT('Ctrl Pts',(24.0587252116386,-14.3799949936007,24.3));
#2620=CARTESIAN_POINT('Ctrl Pts',(33.7396153051698,-13.648345113139,24.3));
#2621=CARTESIAN_POINT('Ctrl Pts',(43.4027076351089,-12.7065390382583,24.3));
#2622=CARTESIAN_POINT('Ctrl Pts',(47.5328014810665,-12.2042266836321,24.3));
#2623=CARTESIAN_POINT('',(18.7046895864769,-17.7127711764082,21.3));
#2624=CARTESIAN_POINT('Ctrl Pts',(19.1571508300113,-14.6791851696491,24.3));
#2625=CARTESIAN_POINT('Ctrl Pts',(19.2526092139596,-14.9602201201837,24.3));
#2626=CARTESIAN_POINT('Ctrl Pts',(19.3083593145504,-15.2471835880918,24.259040828353));
#2627=CARTESIAN_POINT('Ctrl Pts',(19.3471687277193,-15.821601758721,24.0866508523873));
#2628=CARTESIAN_POINT('Ctrl Pts',(19.3275807379423,-16.0966188663245,23.9566174772243));
#2629=CARTESIAN_POINT('Ctrl Pts',(19.2287742729799,-16.6479275527411,23.5910741720044));
#2630=CARTESIAN_POINT('Ctrl Pts',(19.1393312920476,-16.9084275426337,23.3434175353989));
#2631=CARTESIAN_POINT('Ctrl Pts',(18.9617418821238,-17.3073856354877,22.8096830890121));
#2632=CARTESIAN_POINT('Ctrl Pts',(18.8738551905557,-17.4573577001095,22.5282161336256));
#2633=CARTESIAN_POINT('Ctrl Pts',(18.7446901386297,-17.6596335956652,21.9306180872774));
#2634=CARTESIAN_POINT('Ctrl Pts',(18.7046895864769,-17.7127711764082,21.6200510777626));
#2635=CARTESIAN_POINT('Ctrl Pts',(18.7046895864769,-17.7127711764082,21.3));
#2636=CARTESIAN_POINT('Ctrl Pts',(18.7046895864769,-17.7127711764082,21.3));
#2637=CARTESIAN_POINT('Ctrl Pts',(24.2694479112576,-17.3727141844364,21.3));
#2638=CARTESIAN_POINT('Ctrl Pts',(33.9897546970584,-16.6381066500104,21.3));
#2639=CARTESIAN_POINT('Ctrl Pts',(43.7170577895493,-15.6904135852601,21.3));
#2640=CARTESIAN_POINT('Ctrl Pts',(47.895,-15.1822817927398,21.3));
#2641=CARTESIAN_POINT('Ctrl Pts',(13.3469046834057,-15.0127687433121,24.3));
#2642=CARTESIAN_POINT('Ctrl Pts',(10.9504506904471,-15.1392403944162,24.3));
#2643=CARTESIAN_POINT('Ctrl Pts',(8.55331511692188,-15.2531536030529,24.3));
#2644=CARTESIAN_POINT('Ctrl Pts',(6.15543277988254,-15.3487989736936,24.3));
#2645=CARTESIAN_POINT('Ctrl Pts',(13.3942091309072,-15.9091192780764,24.3));
#2646=CARTESIAN_POINT('Ctrl Pts',(10.9943670116215,-16.035769735839,24.3));
#2647=CARTESIAN_POINT('Ctrl Pts',(8.5939651384599,-16.1498438376944,24.3));
#2648=CARTESIAN_POINT('Ctrl Pts',(6.19120720848551,-16.2456836832208,24.3));
#2649=CARTESIAN_POINT('Ctrl Pts',(13.4761272250355,-17.4613481139879,23.54721120775));
#2650=CARTESIAN_POINT('Ctrl Pts',(11.070460088365,-17.5883059841059,23.54721120775));
#2651=CARTESIAN_POINT('Ctrl Pts',(8.66429879550855,-17.7026633652685,23.54721120775));
#2652=CARTESIAN_POINT('Ctrl Pts',(6.25315852943874,-17.7988375606629,23.54721120775));
#2653=CARTESIAN_POINT('Ctrl Pts',(13.5050081530578,-18.0085997286789,21.9731984257692));
#2654=CARTESIAN_POINT('Ctrl Pts',(11.0972676430957,-18.1356670200269,21.9731984257692));
#2655=CARTESIAN_POINT('Ctrl Pts',(8.68912389867272,-18.2501221018551,21.9731984257692));
#2656=CARTESIAN_POINT('Ctrl Pts',(6.27499999999999,-18.3464153066944,21.9731984257692));
#2657=CARTESIAN_POINT('Ctrl Pts',(13.5050081530578,-18.0085997286789,21.3));
#2658=CARTESIAN_POINT('Ctrl Pts',(11.0972755016209,-18.1356666052972,21.3));
#2659=CARTESIAN_POINT('Ctrl Pts',(8.68911259007139,-18.2501225529261,21.3));
#2660=CARTESIAN_POINT('Ctrl Pts',(6.27499999999999,-18.3464153066944,21.3));
#2661=CARTESIAN_POINT('',(13.5050081530578,-18.0085997286789,21.3));
#2662=CARTESIAN_POINT('Ctrl Pts',(6.27499999999999,-18.3464153066944,21.3));
#2663=CARTESIAN_POINT('Ctrl Pts',(8.68911259007139,-18.2501225529261,21.3));
#2664=CARTESIAN_POINT('Ctrl Pts',(11.0972755016209,-18.1356666052972,21.3));
#2665=CARTESIAN_POINT('Ctrl Pts',(13.5050081530578,-18.0085997286789,21.3));
#2666=CARTESIAN_POINT('Ctrl Pts',(13.5050081530578,-18.0085997286789,21.3));
#2667=CARTESIAN_POINT('Ctrl Pts',(13.5050081530578,-18.0085997286789,21.6072331185302));
#2668=CARTESIAN_POINT('Ctrl Pts',(13.4629208709001,-17.9641135774978,21.9058789265074));
#2669=CARTESIAN_POINT('Ctrl Pts',(13.3101040268594,-17.7774646777656,22.5306676102545));
#2670=CARTESIAN_POINT('Ctrl Pts',(13.1909336605166,-17.6196690857046,22.8449261988529));
#2671=CARTESIAN_POINT('Ctrl Pts',(12.9466128525651,-17.1904677016481,23.4223532833093));
#2672=CARTESIAN_POINT('Ctrl Pts',(12.8208470489713,-16.908512616784,23.6814957620397));
#2673=CARTESIAN_POINT('Ctrl Pts',(12.6799114250583,-16.3503089328236,24.0163232126781));
#2674=CARTESIAN_POINT('Ctrl Pts',(12.6430910771957,-16.1044590259047,24.121862019196));
#2675=CARTESIAN_POINT('Ctrl Pts',(12.6294062358389,-15.5810973834723,24.2653574086322));
#2676=CARTESIAN_POINT('Ctrl Pts',(12.6534799773022,-15.3127247511479,24.3));
#2677=CARTESIAN_POINT('Ctrl Pts',(12.7113791845851,-15.0459897336679,24.3));
#2678=CARTESIAN_POINT('Ctrl Pts',(47.895,15.1821171714619,21.3));
#2679=CARTESIAN_POINT('Ctrl Pts',(43.7169922533503,15.6902408861167,21.3));
#2680=CARTESIAN_POINT('Ctrl Pts',(33.9895418128296,16.6379072096904,21.3));
#2681=CARTESIAN_POINT('Ctrl Pts',(24.2691195332039,17.3724810073766,21.3));
#2682=CARTESIAN_POINT('Ctrl Pts',(18.7042746112863,17.7125176412459,21.3));
#2683=CARTESIAN_POINT('Ctrl Pts',(47.895,15.1821171714619,22.1975979010257));
#2684=CARTESIAN_POINT('Ctrl Pts',(43.7168520852346,15.6902579331755,22.1975979010257));
#2685=CARTESIAN_POINT('Ctrl Pts',(33.9895067545967,16.6379097865323,22.1975979010257));
#2686=CARTESIAN_POINT('Ctrl Pts',(24.2692007857237,17.3724760424883,22.1975979010257));
#2687=CARTESIAN_POINT('Ctrl Pts',(18.7042746112863,17.7125176412459,22.1975979010257));
#2688=CARTESIAN_POINT('Ctrl Pts',(47.8040797128202,14.4345321774742,23.751757377225));
#2689=CARTESIAN_POINT('Ctrl Pts',(43.6381073334324,14.9411921668581,23.751757377225));
#2690=CARTESIAN_POINT('Ctrl Pts',(33.926758095823,15.8873831828108,23.751757377225));
#2691=CARTESIAN_POINT('Ctrl Pts',(24.2162112084787,16.6212158169045,23.751757377225));
#2692=CARTESIAN_POINT('Ctrl Pts',(18.6583429367946,16.9608261465921,23.751757377225));
#2693=CARTESIAN_POINT('Ctrl Pts',(47.6140873816527,12.8723350027941,24.3));
#2694=CARTESIAN_POINT('Ctrl Pts',(43.4732273527297,13.3759408616987,24.3));
#2695=CARTESIAN_POINT('Ctrl Pts',(33.7955522136294,14.319045122265,24.3));
#2696=CARTESIAN_POINT('Ctrl Pts',(24.1056726010371,15.0513269624878,24.3));
#2697=CARTESIAN_POINT('Ctrl Pts',(18.5623614327565,15.3900477887823,24.3));
#2698=CARTESIAN_POINT('Ctrl Pts',(47.5328127536206,12.2040606913796,24.3));
#2699=CARTESIAN_POINT('Ctrl Pts',(43.4026542658535,12.7063650431607,24.3));
#2700=CARTESIAN_POINT('Ctrl Pts',(33.7394149124371,13.6481446255167,24.3));
#2701=CARTESIAN_POINT('Ctrl Pts',(24.0584103212618,14.3797608645049,24.3));
#2702=CARTESIAN_POINT('Ctrl Pts',(18.5213026121676,14.7181026320098,24.3));
#2703=CARTESIAN_POINT('',(18.7042746112863,17.7125176412459,21.3));
#2704=CARTESIAN_POINT('Ctrl Pts',(47.895,15.1821171714619,21.3));
#2705=CARTESIAN_POINT('Ctrl Pts',(43.7169922533503,15.6902408861167,21.3));
#2706=CARTESIAN_POINT('Ctrl Pts',(39.5480849216985,16.0963835962197,21.3));
#2707=CARTESIAN_POINT('Ctrl Pts',(35.3804684767418,16.4633868627924,21.3));
#2708=CARTESIAN_POINT('Ctrl Pts',(29.8236465501328,16.9527245515559,21.3));
#2709=CARTESIAN_POINT('Ctrl Pts',(24.2691195332039,17.3724810073766,21.3));
#2710=CARTESIAN_POINT('Ctrl Pts',(18.7042746112863,17.7125176412459,21.3));
#2711=CARTESIAN_POINT('Ctrl Pts',(18.7042746112863,17.7125176412459,21.3));
#2712=CARTESIAN_POINT('Ctrl Pts',(18.7042746112863,17.7125176412459,21.457111993252));
#2713=CARTESIAN_POINT('Ctrl Pts',(18.7136738653982,17.699639163902,21.6127848608354));
#2714=CARTESIAN_POINT('Ctrl Pts',(18.7681347637868,17.6216971727354,22.085611390294));
#2715=CARTESIAN_POINT('Ctrl Pts',(18.8398533883918,17.5168734159268,22.3881413183088));
#2716=CARTESIAN_POINT('Ctrl Pts',(19.0224430152181,17.1848763398217,23.0144563149941));
#2717=CARTESIAN_POINT('Ctrl Pts',(19.1386699979937,16.9305554525294,23.3278682454663));
#2718=CARTESIAN_POINT('Ctrl Pts',(19.2921293209096,16.357834913349,23.8060467503829));
#2719=CARTESIAN_POINT('Ctrl Pts',(19.3381197350449,16.0552790309447,23.9842699085625));
#2720=CARTESIAN_POINT('Ctrl Pts',(19.333735696509,15.5569477314915,24.1714466084587));
#2721=CARTESIAN_POINT('Ctrl Pts',(19.3193970296793,15.3836952033173,24.2194511676356));
#2722=CARTESIAN_POINT('Ctrl Pts',(19.2608542677553,15.0300519968713,24.284295089373));
#2723=CARTESIAN_POINT('Ctrl Pts',(19.21667777938,14.8528342732491,24.3));
#2724=CARTESIAN_POINT('Ctrl Pts',(19.1576406670236,14.6788783209304,24.3));
#2725=CARTESIAN_POINT('Ctrl Pts',(-27.3210355197171,-9.04694712092511,16.33));
#2726=CARTESIAN_POINT('Ctrl Pts',(-27.3210355197171,-9.04694712092511,13.3));
#2727=CARTESIAN_POINT('Ctrl Pts',(-26.8813835651171,-9.88667160409576,16.33));
#2728=CARTESIAN_POINT('Ctrl Pts',(-26.8813835651171,-9.88667160409576,13.3));
#2729=CARTESIAN_POINT('Ctrl Pts',(-26.3830484844648,-10.6998774970882,16.33));
#2730=CARTESIAN_POINT('Ctrl Pts',(-26.3830484844648,-10.6998774970882,13.3));
#2731=CARTESIAN_POINT('Ctrl Pts',(-25.6870501185216,-11.5738307824077,16.33));
#2732=CARTESIAN_POINT('Ctrl Pts',(-25.6870501185216,-11.5738307824077,13.3));
#2733=CARTESIAN_POINT('Ctrl Pts',(-25.0802504198055,-12.3357788216176,16.33));
#2734=CARTESIAN_POINT('Ctrl Pts',(-25.0802504198055,-12.3357788216176,13.3));
#2735=CARTESIAN_POINT('Ctrl Pts',(-24.3336422030366,-13.1155507485009,16.33));
#2736=CARTESIAN_POINT('Ctrl Pts',(-24.3336422030366,-13.1155507485009,13.3));
#2737=CARTESIAN_POINT('Ctrl Pts',(-23.3988495571021,-13.8682857605813,16.33));
#2738=CARTESIAN_POINT('Ctrl Pts',(-23.3988495571021,-13.8682857605813,13.3));
#2739=CARTESIAN_POINT('Ctrl Pts',(-22.7163685071835,-14.4178486862091,16.33));
#2740=CARTESIAN_POINT('Ctrl Pts',(-22.7163685071835,-14.4178486862091,13.3));
#2741=CARTESIAN_POINT('Ctrl Pts',(-21.9330052199531,-14.9438182071025,16.33));
#2742=CARTESIAN_POINT('Ctrl Pts',(-21.9330052199531,-14.9438182071025,13.3));
#2743=CARTESIAN_POINT('Ctrl Pts',(-21.1738471946868,-15.3735571730636,16.33));
#2744=CARTESIAN_POINT('Ctrl Pts',(-21.1738471946868,-15.3735571730636,13.3));
#2745=CARTESIAN_POINT('Ctrl Pts',(-19.7735064068455,-16.1662524777718,16.33));
#2746=CARTESIAN_POINT('Ctrl Pts',(-19.7735064068455,-16.1662524777718,13.3));
#2747=CARTESIAN_POINT('Ctrl Pts',(-18.3658782984474,-16.7083012971026,16.33));
#2748=CARTESIAN_POINT('Ctrl Pts',(-18.3658782984474,-16.7083012971026,13.3));
#2749=CARTESIAN_POINT('Ctrl Pts',(-17.1024680017992,-17.0903111750079,16.33));
#2750=CARTESIAN_POINT('Ctrl Pts',(-17.1024680017992,-17.0903111750079,13.3));
#2751=CARTESIAN_POINT('Ctrl Pts',(-16.3302984395141,-17.3237875056927,16.33));
#2752=CARTESIAN_POINT('Ctrl Pts',(-16.3302984395141,-17.3237875056927,13.3));
#2753=CARTESIAN_POINT('Ctrl Pts',(-15.647782442166,-17.4920575230145,16.33));
#2754=CARTESIAN_POINT('Ctrl Pts',(-15.647782442166,-17.4920575230145,13.3));
#2755=CARTESIAN_POINT('Ctrl Pts',(-14.9237293509311,-17.6451114261898,16.33));
#2756=CARTESIAN_POINT('Ctrl Pts',(-14.9237293509311,-17.6451114261898,13.3));
#2757=CARTESIAN_POINT('',(-19.5810578071581,-16.1745600032993,16.3));
#2758=CARTESIAN_POINT('',(-18.692190293648,-16.5440533735064,16.3));
#2759=CARTESIAN_POINT('Ctrl Pts',(-19.5810578071591,-16.1745600032989,16.3));
#2760=CARTESIAN_POINT('Ctrl Pts',(-19.4708802007056,-16.2235422040078,16.3));
#2761=CARTESIAN_POINT('Ctrl Pts',(-19.3559575542676,-16.273404609174,16.3003706954575));
#2762=CARTESIAN_POINT('Ctrl Pts',(-19.0465740577178,-16.4038902665364,16.3006904931357));
#2763=CARTESIAN_POINT('Ctrl Pts',(-18.8664757131807,-16.4764374571184,16.3));
#2764=CARTESIAN_POINT('Ctrl Pts',(-18.692190293648,-16.5440533735064,16.3));
#2765=CARTESIAN_POINT('',(-27.253460222762,-9.17475251413946,16.3));
#2766=CARTESIAN_POINT('Ctrl Pts',(-19.5809654950002,-16.1743549084721,16.3));
#2767=CARTESIAN_POINT('Ctrl Pts',(-20.1074208890908,-15.9403664584656,16.3));
#2768=CARTESIAN_POINT('Ctrl Pts',(-20.6411612873082,-15.6750963564749,16.3));
#2769=CARTESIAN_POINT('Ctrl Pts',(-21.1738471946868,-15.3735571730636,16.3));
#2770=CARTESIAN_POINT('Ctrl Pts',(-21.9330052199531,-14.9438182071025,16.3));
#2771=CARTESIAN_POINT('Ctrl Pts',(-22.7163685071835,-14.4178486862091,16.3));
#2772=CARTESIAN_POINT('Ctrl Pts',(-23.3988495571021,-13.8682857605813,16.3));
#2773=CARTESIAN_POINT('Ctrl Pts',(-24.3336422030366,-13.1155507485009,16.3));
#2774=CARTESIAN_POINT('Ctrl Pts',(-25.0802504198055,-12.3357788216176,16.3));
#2775=CARTESIAN_POINT('Ctrl Pts',(-25.6870501185216,-11.5738307824077,16.3));
#2776=CARTESIAN_POINT('Ctrl Pts',(-26.347689933411,-10.7442766269853,16.3));
#2777=CARTESIAN_POINT('Ctrl Pts',(-26.8302399438393,-9.96945439208672,16.3));
#2778=CARTESIAN_POINT('Ctrl Pts',(-27.2535564963302,-9.1747338865166,16.3));
#2779=CARTESIAN_POINT('',(-27.253460222762,-9.17475251413946,13.3));
#2780=CARTESIAN_POINT('Ctrl Pts',(-27.253460222762,-9.17475251413945,16.3));
#2781=CARTESIAN_POINT('Ctrl Pts',(-27.253460222762,-9.17475251413945,15.8));
#2782=CARTESIAN_POINT('Ctrl Pts',(-27.253460222762,-9.17475251413945,15.3));
#2783=CARTESIAN_POINT('Ctrl Pts',(-27.253460222762,-9.17475251413945,14.3));
#2784=CARTESIAN_POINT('Ctrl Pts',(-27.253460222762,-9.17475251413945,13.8));
#2785=CARTESIAN_POINT('Ctrl Pts',(-27.253460222762,-9.17475251413945,13.3));
#2786=CARTESIAN_POINT('',(-15.0674071036809,-17.614367054635,13.3));
#2787=CARTESIAN_POINT('Ctrl Pts',(-15.0673000874261,-17.6144395068612,13.3));
#2788=CARTESIAN_POINT('Ctrl Pts',(-15.738720337884,-17.4694477163394,13.3));
#2789=CARTESIAN_POINT('Ctrl Pts',(-16.3815169386806,-17.3083008718849,13.3));
#2790=CARTESIAN_POINT('Ctrl Pts',(-17.1024680017992,-17.0903111750079,13.3));
#2791=CARTESIAN_POINT('Ctrl Pts',(-18.3658782984474,-16.7083012971026,13.3));
#2792=CARTESIAN_POINT('Ctrl Pts',(-19.7735064068455,-16.1662524777718,13.3));
#2793=CARTESIAN_POINT('Ctrl Pts',(-21.1738471946868,-15.3735571730636,13.3));
#2794=CARTESIAN_POINT('Ctrl Pts',(-21.9330052199531,-14.9438182071025,13.3));
#2795=CARTESIAN_POINT('Ctrl Pts',(-22.7163685071835,-14.4178486862091,13.3));
#2796=CARTESIAN_POINT('Ctrl Pts',(-23.3988495571021,-13.8682857605813,13.3));
#2797=CARTESIAN_POINT('Ctrl Pts',(-24.3336422030366,-13.1155507485009,13.3));
#2798=CARTESIAN_POINT('Ctrl Pts',(-25.0802504198055,-12.3357788216176,13.3));
#2799=CARTESIAN_POINT('Ctrl Pts',(-25.6870501185216,-11.5738307824077,13.3));
#2800=CARTESIAN_POINT('Ctrl Pts',(-26.347689933411,-10.7442766269853,13.3));
#2801=CARTESIAN_POINT('Ctrl Pts',(-26.8302399438393,-9.96945439208672,13.3));
#2802=CARTESIAN_POINT('Ctrl Pts',(-27.2535564963302,-9.1747338865166,13.3));
#2803=CARTESIAN_POINT('',(-15.0674071036809,-17.614367054635,16.3));
#2804=CARTESIAN_POINT('Ctrl Pts',(-15.0674071036798,-17.6143670546356,13.3));
#2805=CARTESIAN_POINT('Ctrl Pts',(-15.0674071036798,-17.6143670546356,13.8));
#2806=CARTESIAN_POINT('Ctrl Pts',(-15.0674071036798,-17.6143670546356,14.3));
#2807=CARTESIAN_POINT('Ctrl Pts',(-15.0674071036798,-17.6143670546356,15.3));
#2808=CARTESIAN_POINT('Ctrl Pts',(-15.0674071036798,-17.6143670546356,15.8));
#2809=CARTESIAN_POINT('Ctrl Pts',(-15.0674071036798,-17.6143670546356,16.3));
#2810=CARTESIAN_POINT('Ctrl Pts',(-15.0673000874261,-17.6144395068612,16.3));
#2811=CARTESIAN_POINT('Ctrl Pts',(-15.738720337884,-17.4694477163394,16.3));
#2812=CARTESIAN_POINT('Ctrl Pts',(-16.3815169386806,-17.3083008718849,16.3));
#2813=CARTESIAN_POINT('Ctrl Pts',(-17.1024680017992,-17.0903111750079,16.3));
#2814=CARTESIAN_POINT('Ctrl Pts',(-17.6121885961165,-16.9361899821401,16.3));
#2815=CARTESIAN_POINT('Ctrl Pts',(-18.1453835871137,-16.756019180353,16.3));
#2816=CARTESIAN_POINT('Ctrl Pts',(-18.6921037177436,-16.5438486230643,16.3));
#2817=CARTESIAN_POINT('Origin',(-17.9999999999997,-13.625,17.3));
#2818=CARTESIAN_POINT('',(-15.9999999999997,-13.625,17.3));
#2819=CARTESIAN_POINT('Origin',(-17.9999999999997,-13.625,17.3));
#2820=CARTESIAN_POINT('',(-14.9999999999997,-13.625,16.3));
#2821=CARTESIAN_POINT('Origin',(-14.9999999999997,-13.625,17.3));
#2822=CARTESIAN_POINT('Origin',(-17.9999999999997,-13.625,16.3));
#2823=CARTESIAN_POINT('',(-15.4640944470401,-15.2278671268912,16.3));
#2824=CARTESIAN_POINT('Origin',(-17.9999999999997,-13.625,16.3));
#2825=CARTESIAN_POINT('',(-15.0510325661319,-14.1759909926549,16.3));
#2826=CARTESIAN_POINT('Origin',(-17.9999999999997,-13.625,16.3));
#2827=CARTESIAN_POINT('Origin',(-17.9999999999997,-13.625,16.3));
#2828=CARTESIAN_POINT('Ctrl Pts',(-14.9232030240977,17.6448279490673,16.33));
#2829=CARTESIAN_POINT('Ctrl Pts',(-14.9232030240977,17.6448279490673,13.3));
#2830=CARTESIAN_POINT('Ctrl Pts',(-16.9599969119562,17.2143155696845,16.33));
#2831=CARTESIAN_POINT('Ctrl Pts',(-16.9599969119562,17.2143155696845,13.3));
#2832=CARTESIAN_POINT('Ctrl Pts',(-18.91916834657,16.5763191175121,16.33));
#2833=CARTESIAN_POINT('Ctrl Pts',(-18.91916834657,16.5763191175121,13.3));
#2834=CARTESIAN_POINT('Ctrl Pts',(-20.7430821210972,15.6091959351099,16.33));
#2835=CARTESIAN_POINT('Ctrl Pts',(-20.7430821210972,15.6091959351099,13.3));
#2836=CARTESIAN_POINT('Ctrl Pts',(-21.5052891469578,15.2050386252664,16.33));
#2837=CARTESIAN_POINT('Ctrl Pts',(-21.5052891469578,15.2050386252664,13.3));
#2838=CARTESIAN_POINT('Ctrl Pts',(-22.2269207031738,14.7474187828546,16.33));
#2839=CARTESIAN_POINT('Ctrl Pts',(-22.2269207031738,14.7474187828546,13.3));
#2840=CARTESIAN_POINT('Ctrl Pts',(-22.837218426564,14.2996074294386,16.33));
#2841=CARTESIAN_POINT('Ctrl Pts',(-22.837218426564,14.2996074294386,13.3));
#2842=CARTESIAN_POINT('Ctrl Pts',(-24.1177544574769,13.3600027887467,16.33));
#2843=CARTESIAN_POINT('Ctrl Pts',(-24.1177544574769,13.3600027887467,13.3));
#2844=CARTESIAN_POINT('Ctrl Pts',(-25.009297677504,12.4123683715648,16.33));
#2845=CARTESIAN_POINT('Ctrl Pts',(-25.009297677504,12.4123683715648,13.3));
#2846=CARTESIAN_POINT('Ctrl Pts',(-25.6201812090205,11.6567713858078,16.33));
#2847=CARTESIAN_POINT('Ctrl Pts',(-25.6201812090205,11.6567713858078,13.3));
#2848=CARTESIAN_POINT('Ctrl Pts',(-26.0228303629326,11.1587378469787,16.33));
#2849=CARTESIAN_POINT('Ctrl Pts',(-26.0228303629326,11.1587378469787,13.3));
#2850=CARTESIAN_POINT('Ctrl Pts',(-26.3517156414369,10.6893319804671,16.33));
#2851=CARTESIAN_POINT('Ctrl Pts',(-26.3517156414369,10.6893319804671,13.3));
#2852=CARTESIAN_POINT('Ctrl Pts',(-26.6600945389501,10.1985428040479,16.33));
#2853=CARTESIAN_POINT('Ctrl Pts',(-26.6600945389501,10.1985428040479,13.3));
#2854=CARTESIAN_POINT('Ctrl Pts',(-26.9016256616205,9.8141427632831,16.33));
#2855=CARTESIAN_POINT('Ctrl Pts',(-26.9016256616205,9.8141427632831,13.3));
#2856=CARTESIAN_POINT('Ctrl Pts',(-27.1211800182118,9.4282813251406,16.33));
#2857=CARTESIAN_POINT('Ctrl Pts',(-27.1211800182118,9.4282813251406,13.3));
#2858=CARTESIAN_POINT('Ctrl Pts',(-27.3210848555918,9.04646278988874,16.33));
#2859=CARTESIAN_POINT('Ctrl Pts',(-27.3210848555918,9.04646278988874,13.3));
#2860=CARTESIAN_POINT('',(-18.6895514774585,16.5446778520814,16.3));
#2861=CARTESIAN_POINT('',(-19.5833267118144,16.1731515896144,16.3));
#2862=CARTESIAN_POINT('Ctrl Pts',(-18.6895514774585,16.5446778520814,16.3));
#2863=CARTESIAN_POINT('Ctrl Pts',(-18.9028472733186,16.4619610016723,16.3));
#2864=CARTESIAN_POINT('Ctrl Pts',(-19.1327850761712,16.3687223311623,16.300752098405));
#2865=CARTESIAN_POINT('Ctrl Pts',(-19.4462020373823,16.2336623888452,16.3001506265678));
#2866=CARTESIAN_POINT('Ctrl Pts',(-19.5151124056196,16.2034884668234,16.3));
#2867=CARTESIAN_POINT('Ctrl Pts',(-19.5833267118144,16.1731515896144,16.3));
#2868=CARTESIAN_POINT('',(-15.06692343237,17.6140768464515,16.3));
#2869=CARTESIAN_POINT('Ctrl Pts',(-18.689456930195,16.5445776342439,16.3));
#2870=CARTESIAN_POINT('Ctrl Pts',(-17.5201325566203,16.9979477689067,16.3));
#2871=CARTESIAN_POINT('Ctrl Pts',(-16.3082484848039,17.3452186010215,16.3));
#2872=CARTESIAN_POINT('Ctrl Pts',(-15.0669226183851,17.6140762749809,16.3));
#2873=CARTESIAN_POINT('',(-15.06692343237,17.6140768464515,13.3));
#2874=CARTESIAN_POINT('Ctrl Pts',(-15.066923432369,17.614076846452,16.3));
#2875=CARTESIAN_POINT('Ctrl Pts',(-15.066923432369,17.614076846452,15.8));
#2876=CARTESIAN_POINT('Ctrl Pts',(-15.066923432369,17.614076846452,15.3));
#2877=CARTESIAN_POINT('Ctrl Pts',(-15.066923432369,17.614076846452,14.3));
#2878=CARTESIAN_POINT('Ctrl Pts',(-15.066923432369,17.614076846452,13.8));
#2879=CARTESIAN_POINT('Ctrl Pts',(-15.066923432369,17.614076846452,13.3));
#2880=CARTESIAN_POINT('',(-27.2535102905572,9.17426852785248,13.3));
#2881=CARTESIAN_POINT('Ctrl Pts',(-27.2535102857477,9.1742686467055,13.3));
#2882=CARTESIAN_POINT('Ctrl Pts',(-27.0719676812624,9.51427289534495,13.3));
#2883=CARTESIAN_POINT('Ctrl Pts',(-26.8747066398234,9.85698474969769,13.3));
#2884=CARTESIAN_POINT('Ctrl Pts',(-26.6600945389501,10.1985428040479,13.3));
#2885=CARTESIAN_POINT('Ctrl Pts',(-26.3517156414369,10.6893319804671,13.3));
#2886=CARTESIAN_POINT('Ctrl Pts',(-26.0228303629326,11.1587378469787,13.3));
#2887=CARTESIAN_POINT('Ctrl Pts',(-25.6201812090205,11.6567713858078,13.3));
#2888=CARTESIAN_POINT('Ctrl Pts',(-25.009297677504,12.4123683715648,13.3));
#2889=CARTESIAN_POINT('Ctrl Pts',(-24.1177544574769,13.3600027887467,13.3));
#2890=CARTESIAN_POINT('Ctrl Pts',(-22.837218426564,14.2996074294386,13.3));
#2891=CARTESIAN_POINT('Ctrl Pts',(-22.2269207031738,14.7474187828546,13.3));
#2892=CARTESIAN_POINT('Ctrl Pts',(-21.5052891469578,15.2050386252664,13.3));
#2893=CARTESIAN_POINT('Ctrl Pts',(-20.7430821210972,15.6091959351099,13.3));
#2894=CARTESIAN_POINT('Ctrl Pts',(-18.9621065664814,16.5535512934695,13.3));
#2895=CARTESIAN_POINT('Ctrl Pts',(-17.0521668082948,17.1840939878314,13.3));
#2896=CARTESIAN_POINT('Ctrl Pts',(-15.0669226183851,17.6140762749809,13.3));
#2897=CARTESIAN_POINT('',(-27.2535102905572,9.17426852785247,16.3));
#2898=CARTESIAN_POINT('Ctrl Pts',(-27.2535102905572,9.17426852785246,13.3));
#2899=CARTESIAN_POINT('Ctrl Pts',(-27.2535102905572,9.17426852785246,13.8));
#2900=CARTESIAN_POINT('Ctrl Pts',(-27.2535102905572,9.17426852785246,14.3));
#2901=CARTESIAN_POINT('Ctrl Pts',(-27.2535102905572,9.17426852785246,15.3));
#2902=CARTESIAN_POINT('Ctrl Pts',(-27.2535102905572,9.17426852785246,15.8));
#2903=CARTESIAN_POINT('Ctrl Pts',(-27.2535102905572,9.17426852785246,16.3));
#2904=CARTESIAN_POINT('Ctrl Pts',(-27.2535102857477,9.17426864670549,16.3));
#2905=CARTESIAN_POINT('Ctrl Pts',(-27.0719676812624,9.51427289534495,16.3));
#2906=CARTESIAN_POINT('Ctrl Pts',(-26.8747066398234,9.85698474969769,16.3));
#2907=CARTESIAN_POINT('Ctrl Pts',(-26.6600945389501,10.1985428040479,16.3));
#2908=CARTESIAN_POINT('Ctrl Pts',(-26.3517156414369,10.6893319804671,16.3));
#2909=CARTESIAN_POINT('Ctrl Pts',(-26.0228303629326,11.1587378469787,16.3));
#2910=CARTESIAN_POINT('Ctrl Pts',(-25.6201812090205,11.6567713858078,16.3));
#2911=CARTESIAN_POINT('Ctrl Pts',(-25.009297677504,12.4123683715648,16.3));
#2912=CARTESIAN_POINT('Ctrl Pts',(-24.1177544574769,13.3600027887467,16.3));
#2913=CARTESIAN_POINT('Ctrl Pts',(-22.837218426564,14.2996074294386,16.3));
#2914=CARTESIAN_POINT('Ctrl Pts',(-22.2269207031738,14.7474187828546,16.3));
#2915=CARTESIAN_POINT('Ctrl Pts',(-21.5052891469578,15.2050386252664,16.3));
#2916=CARTESIAN_POINT('Ctrl Pts',(-20.7430821210972,15.6091959351099,16.3));
#2917=CARTESIAN_POINT('Ctrl Pts',(-20.3622077416014,15.8111530929196,16.3));
#2918=CARTESIAN_POINT('Ctrl Pts',(-19.9754351989354,15.9987580642628,16.3));
#2919=CARTESIAN_POINT('Ctrl Pts',(-19.5832893250007,16.1731185392254,16.3));
#2920=CARTESIAN_POINT('Origin',(-17.9999999999997,13.625,17.3));
#2921=CARTESIAN_POINT('',(-15.9999999999997,13.625,17.3));
#2922=CARTESIAN_POINT('Origin',(-17.9999999999997,13.625,17.3));
#2923=CARTESIAN_POINT('',(-14.9999999999997,13.625,16.3));
#2924=CARTESIAN_POINT('Origin',(-14.9999999999997,13.625,17.3));
#2925=CARTESIAN_POINT('',(-15.0509267451201,14.1754243248202,16.3));
#2926=CARTESIAN_POINT('Origin',(-17.9999999999997,13.625,16.3));
#2927=CARTESIAN_POINT('',(-15.4640061084335,15.2277273573315,16.3));
#2928=CARTESIAN_POINT('Origin',(-17.9999999999997,13.625,16.3));
#2929=CARTESIAN_POINT('Origin',(-17.9999999999997,13.625,16.3));
#2930=CARTESIAN_POINT('Origin',(-17.9999999999997,13.625,16.3));
#2931=CARTESIAN_POINT('Origin',(27.,2.22044604925031E-15,16.3));
#2932=CARTESIAN_POINT('',(-25.0000000003418,-8.68238861578693,16.3));
#2933=CARTESIAN_POINT('',(-25.,-9.51621484646851,16.3));
#2934=CARTESIAN_POINT('',(-25.,5.15965554000801,16.3));
#2935=CARTESIAN_POINT('',(-26.2317456648301,-9.39978037305319,16.3));
#2936=CARTESIAN_POINT('',(0.361585700832123,-11.9135952151353,16.3));
#2937=CARTESIAN_POINT('Origin',(-24.697177652395,-0.000235017911116575,
16.3));
#2938=CARTESIAN_POINT('',(-9.88223993379549,-18.3428393078925,16.3));
#2939=CARTESIAN_POINT('Origin',(-12.1840436663144,-15.9088714410193,16.3));
#2940=CARTESIAN_POINT('',(6.27500000000001,-18.3464153066944,16.3));
#2941=CARTESIAN_POINT('Ctrl Pts',(6.27863868505661,-18.3473388031696,16.3));
#2942=CARTESIAN_POINT('Ctrl Pts',(4.37686406966251,-18.4230231557262,16.3));
#2943=CARTESIAN_POINT('Ctrl Pts',(2.57221632207232,-18.4820774497724,16.3));
#2944=CARTESIAN_POINT('Ctrl Pts',(0.891993456040531,-18.521048315078,16.3));
#2945=CARTESIAN_POINT('Ctrl Pts',(-3.30714706666436,-18.6184426209275,16.3));
#2946=CARTESIAN_POINT('Ctrl Pts',(-6.83720673165501,-18.5872832264828,16.3));
#2947=CARTESIAN_POINT('Ctrl Pts',(-9.88223989056564,-18.3428389607693,16.3));
#2948=CARTESIAN_POINT('',(6.275,-6.125,16.3));
#2949=CARTESIAN_POINT('',(6.275,-2.9375,16.3));
#2950=CARTESIAN_POINT('',(-16.775,-6.125,16.3));
#2951=CARTESIAN_POINT('',(5.23750000000001,-6.125,16.3));
#2952=CARTESIAN_POINT('',(-16.775,6.125,16.3));
#2953=CARTESIAN_POINT('',(-16.775,2.9375,16.3));
#2954=CARTESIAN_POINT('',(6.275,6.125,16.3));
#2955=CARTESIAN_POINT('',(16.4375,6.125,16.3));
#2956=CARTESIAN_POINT('',(6.27499999992322,18.3460878577747,16.3));
#2957=CARTESIAN_POINT('',(6.275,-2.9375,16.3));
#2958=CARTESIAN_POINT('',(-9.88239575935315,18.3424432590472,16.3));
#2959=CARTESIAN_POINT('Ctrl Pts',(-9.88239578784212,18.3424436734051,16.3));
#2960=CARTESIAN_POINT('Ctrl Pts',(-7.87813956412758,18.5033703938443,16.3));
#2961=CARTESIAN_POINT('Ctrl Pts',(-5.69764610746849,18.569598620092,16.3));
#2962=CARTESIAN_POINT('Ctrl Pts',(-3.32009667671191,18.5721311198808,16.3));
#2963=CARTESIAN_POINT('Ctrl Pts',(-2.22697052253847,18.5732954875775,16.3));
#2964=CARTESIAN_POINT('Ctrl Pts',(-1.10969134583828,18.5613469507403,16.3));
#2965=CARTESIAN_POINT('Ctrl Pts',(0.0888082384136785,18.5378971693801,16.3));
#2966=CARTESIAN_POINT('Ctrl Pts',(1.30723035833876,18.5140575847093,16.3));
#2967=CARTESIAN_POINT('Ctrl Pts',(2.69215249732501,18.4760505121474,16.3));
#2968=CARTESIAN_POINT('Ctrl Pts',(4.22548846979443,18.4227640787282,16.3));
#2969=CARTESIAN_POINT('Ctrl Pts',(4.88193027753526,18.3999514379829,16.3));
#2970=CARTESIAN_POINT('Ctrl Pts',(5.56557465051784,18.3744316268524,16.3));
#2971=CARTESIAN_POINT('Ctrl Pts',(6.27500266273634,18.346190471854,16.3));
#2972=CARTESIAN_POINT('Origin',(-12.1838295521518,15.9081255933812,16.3));
#2973=CARTESIAN_POINT('',(-25.,9.51893776621005,16.3));
#2974=CARTESIAN_POINT('Origin',(-24.697177652395,-0.000235017911116575,
16.3));
#2975=CARTESIAN_POINT('',(-25.0000000837214,8.8121772676201,16.3000023346443));
#2976=CARTESIAN_POINT('',(-25.,5.15965554000801,16.3));
#2977=CARTESIAN_POINT('',(-25.0000836330932,-8.68238836218645,16.3));
#2978=CARTESIAN_POINT('',(-19.0990174975764,7.40353723974656,16.3));
#2979=CARTESIAN_POINT('',(-20.3187110930882,2.79253179998938,16.3));
#2980=CARTESIAN_POINT('',(-19.6325006412993,5.38672442153002,16.3));
#2981=CARTESIAN_POINT('',(-20.3012959282865,-2.64263505194879,16.3));
#2982=CARTESIAN_POINT('Origin',(-10.1678233121956,0.107445580530536,16.3));
#2983=CARTESIAN_POINT('',(-19.0464827201035,-7.26635021410657,16.3));
#2984=CARTESIAN_POINT('',(-19.5383666564311,-5.45386434004349,16.3));
#2985=CARTESIAN_POINT('',(-19.5383666564311,-5.45386434004349,16.3));
#2986=CARTESIAN_POINT('Origin',(-10.1678233121956,0.107445580530536,16.3));
#2987=CARTESIAN_POINT('',(-19.6325006412993,5.38672442153002,16.3));
#2988=CARTESIAN_POINT('',(-3.94952663346007,13.6172301410132,16.3));
#2989=CARTESIAN_POINT('Origin',(-5.34952663346007,13.6172301410132,16.3));
#2990=CARTESIAN_POINT('',(-3.99952663346007,-13.6172301410132,16.3));
#2991=CARTESIAN_POINT('Origin',(-5.34952663346007,-13.6172301410132,16.3));
#2992=CARTESIAN_POINT('Origin',(27.,2.22044604925031E-15,16.3));
#2993=CARTESIAN_POINT('Origin',(-12.1838295521518,15.9081255933812,16.3));
#2994=CARTESIAN_POINT('Origin',(15.9853527111368,15.7554883361798,16.3));
#2995=CARTESIAN_POINT('',(18.7042746112879,17.7125176412453,16.3));
#2996=CARTESIAN_POINT('Ctrl Pts',(18.7042746112863,17.7125176412459,21.3));
#2997=CARTESIAN_POINT('Ctrl Pts',(18.7042746112863,17.7125176412459,20.9666666666677));
#2998=CARTESIAN_POINT('Ctrl Pts',(18.7042746112863,17.7125176412459,20.6333333333355));
#2999=CARTESIAN_POINT('Ctrl Pts',(18.7042746112863,17.7125176412459,18.9666666666688));
#3000=CARTESIAN_POINT('Ctrl Pts',(18.7042746112863,17.7125176412459,17.6333333333344));
#3001=CARTESIAN_POINT('Ctrl Pts',(18.7042746112863,17.7125176412459,16.3));
#3002=CARTESIAN_POINT('',(18.7042746112879,17.7125176412453,13.3));
#3003=CARTESIAN_POINT('Ctrl Pts',(18.7042746112863,17.7125176412459,13.3));
#3004=CARTESIAN_POINT('Ctrl Pts',(18.7042746112863,17.7125176412459,13.8));
#3005=CARTESIAN_POINT('Ctrl Pts',(18.7042746112863,17.7125176412459,14.3));
#3006=CARTESIAN_POINT('Ctrl Pts',(18.7042746112863,17.7125176412459,15.3));
#3007=CARTESIAN_POINT('Ctrl Pts',(18.7042746112863,17.7125176412459,15.8));
#3008=CARTESIAN_POINT('Ctrl Pts',(18.7042746112863,17.7125176412459,16.3));
#3009=CARTESIAN_POINT('',(13.5059262062161,18.0082520181274,13.3));
#3010=CARTESIAN_POINT('Origin',(15.9853527111368,15.7554883361798,13.3));
#3011=CARTESIAN_POINT('',(13.5059262062161,18.0082520181274,16.3));
#3012=CARTESIAN_POINT('Ctrl Pts',(13.5059262062175,18.0082520181278,16.3));
#3013=CARTESIAN_POINT('Ctrl Pts',(13.5059262062175,18.0082520181278,15.8));
#3014=CARTESIAN_POINT('Ctrl Pts',(13.5059262062175,18.0082520181278,15.3));
#3015=CARTESIAN_POINT('Ctrl Pts',(13.5059262062175,18.0082520181278,14.3));
#3016=CARTESIAN_POINT('Ctrl Pts',(13.5059262062175,18.0082520181278,13.8));
#3017=CARTESIAN_POINT('Ctrl Pts',(13.5059262062175,18.0082520181278,13.3));
#3018=CARTESIAN_POINT('Ctrl Pts',(13.5059262062175,18.0082520181278,16.3));
#3019=CARTESIAN_POINT('Ctrl Pts',(13.5059262062175,18.0082520181278,17.6333333333333));
#3020=CARTESIAN_POINT('Ctrl Pts',(13.5059262062175,18.0082520181278,18.9666666666667));
#3021=CARTESIAN_POINT('Ctrl Pts',(13.5059262062175,18.0082520181278,20.6333333333333));
#3022=CARTESIAN_POINT('Ctrl Pts',(13.5059262062175,18.0082520181278,20.9666666666667));
#3023=CARTESIAN_POINT('Ctrl Pts',(13.5059262062175,18.0082520181278,21.3));
#3024=CARTESIAN_POINT('Origin',(15.9851406487837,-15.7566133158326,16.3));
#3025=CARTESIAN_POINT('',(13.5050081530564,-18.0085997286784,16.3));
#3026=CARTESIAN_POINT('Ctrl Pts',(13.5050081530578,-18.0085997286789,21.3));
#3027=CARTESIAN_POINT('Ctrl Pts',(13.5050081530578,-18.0085997286789,20.9666666666667));
#3028=CARTESIAN_POINT('Ctrl Pts',(13.5050081530578,-18.0085997286789,20.6333333333333));
#3029=CARTESIAN_POINT('Ctrl Pts',(13.5050081530578,-18.0085997286789,18.9666666666667));
#3030=CARTESIAN_POINT('Ctrl Pts',(13.5050081530578,-18.0085997286789,17.6333333333333));
#3031=CARTESIAN_POINT('Ctrl Pts',(13.5050081530578,-18.0085997286789,16.3));
#3032=CARTESIAN_POINT('',(13.5050081530564,-18.0085997286784,13.3));
#3033=CARTESIAN_POINT('Ctrl Pts',(13.5050081530578,-18.0085997286789,13.3));
#3034=CARTESIAN_POINT('Ctrl Pts',(13.5050081530578,-18.0085997286789,13.8));
#3035=CARTESIAN_POINT('Ctrl Pts',(13.5050081530578,-18.0085997286789,14.3));
#3036=CARTESIAN_POINT('Ctrl Pts',(13.5050081530578,-18.0085997286789,15.3));
#3037=CARTESIAN_POINT('Ctrl Pts',(13.5050081530578,-18.0085997286789,15.8));
#3038=CARTESIAN_POINT('Ctrl Pts',(13.5050081530578,-18.0085997286789,16.3));
#3039=CARTESIAN_POINT('',(18.7046895864784,-17.7127711764076,13.3));
#3040=CARTESIAN_POINT('Origin',(15.9851406487837,-15.7566133158326,13.3));
#3041=CARTESIAN_POINT('',(18.7046895864784,-17.7127711764076,16.3));
#3042=CARTESIAN_POINT('Ctrl Pts',(18.704689586477,-17.7127711764082,16.3));
#3043=CARTESIAN_POINT('Ctrl Pts',(18.704689586477,-17.7127711764082,15.8));
#3044=CARTESIAN_POINT('Ctrl Pts',(18.704689586477,-17.7127711764082,15.3));
#3045=CARTESIAN_POINT('Ctrl Pts',(18.704689586477,-17.7127711764082,14.3));
#3046=CARTESIAN_POINT('Ctrl Pts',(18.704689586477,-17.7127711764082,13.8));
#3047=CARTESIAN_POINT('Ctrl Pts',(18.704689586477,-17.7127711764082,13.3));
#3048=CARTESIAN_POINT('Ctrl Pts',(18.7046895864769,-17.7127711764082,16.3));
#3049=CARTESIAN_POINT('Ctrl Pts',(18.7046895864769,-17.7127711764082,17.6333333333333));
#3050=CARTESIAN_POINT('Ctrl Pts',(18.7046895864769,-17.7127711764082,18.9666666666667));
#3051=CARTESIAN_POINT('Ctrl Pts',(18.7046895864769,-17.7127711764082,20.6333333333333));
#3052=CARTESIAN_POINT('Ctrl Pts',(18.7046895864769,-17.7127711764082,20.9666666666667));
#3053=CARTESIAN_POINT('Ctrl Pts',(18.7046895864769,-17.7127711764082,21.3));
#3054=CARTESIAN_POINT('Ctrl Pts',(48.5044553143889,15.1072638312742,16.3));
#3055=CARTESIAN_POINT('Ctrl Pts',(48.5044553143889,15.1072638312742,24.3000000000064));
#3056=CARTESIAN_POINT('Ctrl Pts',(48.344716279112,15.127076836849,16.3));
#3057=CARTESIAN_POINT('Ctrl Pts',(48.344716279112,15.127076836849,24.3000000000064));
#3058=CARTESIAN_POINT('Ctrl Pts',(48.1855018991519,15.1466708224074,16.3));
#3059=CARTESIAN_POINT('Ctrl Pts',(48.1855018991519,15.1466708224074,24.3000000000064));
#3060=CARTESIAN_POINT('Ctrl Pts',(48.0268375291796,15.1660492765827,16.3));
#3061=CARTESIAN_POINT('Ctrl Pts',(48.0268375291796,15.1660492765827,24.3000000000064));
#3062=CARTESIAN_POINT('Ctrl Pts',(44.0602282798742,15.6505106309655,16.3));
#3063=CARTESIAN_POINT('Ctrl Pts',(44.0602282798742,15.6505106309655,24.3000000000064));
#3064=CARTESIAN_POINT('Ctrl Pts',(40.4377416529952,16.0031688677365,16.3));
#3065=CARTESIAN_POINT('Ctrl Pts',(40.4377416529952,16.0031688677365,24.3000000000064));
#3066=CARTESIAN_POINT('Ctrl Pts',(37.5538079635709,16.2681815372268,16.3));
#3067=CARTESIAN_POINT('Ctrl Pts',(37.5538079635709,16.2681815372268,24.3000000000064));
#3068=CARTESIAN_POINT('Ctrl Pts',(36.4076595451513,16.3735042958989,16.3));
#3069=CARTESIAN_POINT('Ctrl Pts',(36.4076595451513,16.3735042958989,24.3000000000064));
#3070=CARTESIAN_POINT('Ctrl Pts',(35.3781084404208,16.4644151295173,16.3));
#3071=CARTESIAN_POINT('Ctrl Pts',(35.3781084404208,16.4644151295173,24.3000000000064));
#3072=CARTESIAN_POINT('Ctrl Pts',(34.4897303592415,16.5413180814437,16.3));
#3073=CARTESIAN_POINT('Ctrl Pts',(34.4897303592415,16.5413180814437,24.3000000000064));
#3074=CARTESIAN_POINT('Ctrl Pts',(33.6574187874383,16.6133676042204,16.3));
#3075=CARTESIAN_POINT('Ctrl Pts',(33.6574187874383,16.6133676042204,24.3000000000064));
#3076=CARTESIAN_POINT('Ctrl Pts',(32.8682188668473,16.680118067545,16.3));
#3077=CARTESIAN_POINT('Ctrl Pts',(32.8682188668473,16.680118067545,24.3000000000064));
#3078=CARTESIAN_POINT('Ctrl Pts',(32.0687566072444,16.7463661291787,16.3));
#3079=CARTESIAN_POINT('Ctrl Pts',(32.0687566072444,16.7463661291787,24.3000000000064));
#3080=CARTESIAN_POINT('Ctrl Pts',(27.2802050497426,17.1431731765495,16.3));
#3081=CARTESIAN_POINT('Ctrl Pts',(27.2802050497426,17.1431731765495,24.3000000000064));
#3082=CARTESIAN_POINT('Ctrl Pts',(22.7398745166012,17.4668130861503,16.3));
#3083=CARTESIAN_POINT('Ctrl Pts',(22.7398745166012,17.4668130861503,24.3000000000064));
#3084=CARTESIAN_POINT('Ctrl Pts',(18.574440603122,17.7204370023405,16.3));
#3085=CARTESIAN_POINT('Ctrl Pts',(18.574440603122,17.7204370023405,24.3000000000064));
#3086=CARTESIAN_POINT('',(47.895,15.1821171714619,16.3));
#3087=CARTESIAN_POINT('Ctrl Pts',(47.895,15.1821171714619,16.3));
#3088=CARTESIAN_POINT('Ctrl Pts',(47.895,15.1821171714619,17.6333333333344));
#3089=CARTESIAN_POINT('Ctrl Pts',(47.895,15.1821171714619,18.9666666666688));
#3090=CARTESIAN_POINT('Ctrl Pts',(47.895,15.1821171714619,20.6333333333355));
#3091=CARTESIAN_POINT('Ctrl Pts',(47.895,15.1821171714619,20.9666666666677));
#3092=CARTESIAN_POINT('Ctrl Pts',(47.895,15.1821171714619,21.3));
#3093=CARTESIAN_POINT('Ctrl Pts',(47.8950001326621,15.1821182262306,16.3));
#3094=CARTESIAN_POINT('Ctrl Pts',(43.9799749076084,15.6583215633743,16.3));
#3095=CARTESIAN_POINT('Ctrl Pts',(40.4057598448931,16.0061077648309,16.3));
#3096=CARTESIAN_POINT('Ctrl Pts',(37.5538079635709,16.2681815372268,16.3));
#3097=CARTESIAN_POINT('Ctrl Pts',(36.4076595451513,16.3735042958989,16.3));
#3098=CARTESIAN_POINT('Ctrl Pts',(35.3781084404208,16.4644151295173,16.3));
#3099=CARTESIAN_POINT('Ctrl Pts',(34.4897303592415,16.5413180814437,16.3));
#3100=CARTESIAN_POINT('Ctrl Pts',(33.6574187874383,16.6133676042204,16.3));
#3101=CARTESIAN_POINT('Ctrl Pts',(32.8682188668474,16.680118067545,16.3));
#3102=CARTESIAN_POINT('Ctrl Pts',(32.0687566072445,16.7463661291787,16.3));
#3103=CARTESIAN_POINT('Ctrl Pts',(27.3299107153044,17.1390542779321,16.3));
#3104=CARTESIAN_POINT('Ctrl Pts',(22.8341594723455,17.4600863704793,16.3));
#3105=CARTESIAN_POINT('Ctrl Pts',(18.7042745608257,17.712516438607,16.3));
#3106=CARTESIAN_POINT('Ctrl Pts',(13.6357974408078,18.0013852302493,16.3));
#3107=CARTESIAN_POINT('Ctrl Pts',(13.6357974408078,18.0013852302493,24.3));
#3108=CARTESIAN_POINT('Ctrl Pts',(10.8964522786111,18.1465036831701,16.3));
#3109=CARTESIAN_POINT('Ctrl Pts',(10.8964522786111,18.1465036831701,24.3));
#3110=CARTESIAN_POINT('Ctrl Pts',(8.37538902065196,18.2630857188257,16.3));
#3111=CARTESIAN_POINT('Ctrl Pts',(8.37538902065196,18.2630857188257,24.3));
#3112=CARTESIAN_POINT('Ctrl Pts',(6.11907503145185,18.3522792568297,16.3));
#3113=CARTESIAN_POINT('Ctrl Pts',(6.11907503145185,18.3522792568297,24.3));
#3114=CARTESIAN_POINT('Ctrl Pts',(13.5059262335222,18.0082525010724,16.3));
#3115=CARTESIAN_POINT('Ctrl Pts',(10.8795095754337,18.1468730792024,16.3));
#3116=CARTESIAN_POINT('Ctrl Pts',(8.45544546514264,18.2591453057762,16.3));
#3117=CARTESIAN_POINT('Ctrl Pts',(6.27500004071331,18.3460886104463,16.3));
#3118=CARTESIAN_POINT('Ctrl Pts',(6.27499999999999,18.3460878577686,21.3));
#3119=CARTESIAN_POINT('Ctrl Pts',(6.27499999999999,18.3460878577686,20.9666666666667));
#3120=CARTESIAN_POINT('Ctrl Pts',(6.27499999999999,18.3460878577686,20.6333333333333));
#3121=CARTESIAN_POINT('Ctrl Pts',(6.27499999999999,18.3460878577686,18.9666666666667));
#3122=CARTESIAN_POINT('Ctrl Pts',(6.27499999999999,18.3460878577686,17.6333333333333));
#3123=CARTESIAN_POINT('Ctrl Pts',(6.27499999999999,18.3460878577686,16.3));
#3124=CARTESIAN_POINT('Origin',(-5.34952663346007,-13.6172301410132,16.3));
#3125=CARTESIAN_POINT('',(-3.99952663346007,-13.6172301410132,13.3));
#3126=CARTESIAN_POINT('',(-3.99952663346007,-13.6172301410132,16.3));
#3127=CARTESIAN_POINT('Origin',(-5.34952663346007,-13.6172301410132,13.3));
#3128=CARTESIAN_POINT('Origin',(-5.34952663346007,13.6172301410132,16.3));
#3129=CARTESIAN_POINT('',(-3.94952663346007,13.6172301410132,13.3));
#3130=CARTESIAN_POINT('',(-3.94952663346007,13.6172301410132,16.3));
#3131=CARTESIAN_POINT('Origin',(-5.34952663346007,13.6172301410132,13.3));
#3132=CARTESIAN_POINT('Origin',(-25.0000836330932,-8.68238836218645,16.3));
#3133=CARTESIAN_POINT('',(-25.0000418163106,8.77087697580896,16.2434781164796));
#3134=CARTESIAN_POINT('',(-25.0000836330932,8.77087697581004,13.3));
#3135=CARTESIAN_POINT('',(-25.0000836330932,8.77087697581004,16.3));
#3136=CARTESIAN_POINT('',(-25.0000000003418,-8.68238861578693,13.3));
#3137=CARTESIAN_POINT('',(-25.0000836330932,-8.68238836218645,13.3));
#3138=CARTESIAN_POINT('',(-25.,-8.68238853125435,14.8));
#3139=CARTESIAN_POINT('Ctrl Pts',(-25.,8.77087697574762,16.2434781165214));
#3140=CARTESIAN_POINT('Ctrl Pts',(-25.,8.777782615867,16.2528830507077));
#3141=CARTESIAN_POINT('Ctrl Pts',(-25.,8.78467735838936,16.2622959288133));
#3142=CARTESIAN_POINT('Ctrl Pts',(-25.,8.79844454129171,16.2811370943596));
#3143=CARTESIAN_POINT('Ctrl Pts',(-25.,8.80531692834035,16.2905653056294));
#3144=CARTESIAN_POINT('Ctrl Pts',(-25.,8.81217833501083,16.3000015585097));
#3145=CARTESIAN_POINT('Origin',(-25.,10.319311080016,16.3));
#3146=CARTESIAN_POINT('',(-25.,-9.51621484646851,13.3));
#3147=CARTESIAN_POINT('',(-25.,5.15965554000801,13.3));
#3148=CARTESIAN_POINT('',(-25.,-9.51621484646851,16.3));
#3149=CARTESIAN_POINT('Origin',(27.,2.22044604925031E-15,13.3));
#3150=CARTESIAN_POINT('',(-25.,9.51893776621005,13.3));
#3151=CARTESIAN_POINT('',(-25.,5.15965554000801,13.3));
#3152=CARTESIAN_POINT('Origin',(-24.697177652395,-0.000235017911116575,
13.3));
#3153=CARTESIAN_POINT('',(-9.88239575935315,18.3424432590472,13.3));
#3154=CARTESIAN_POINT('Origin',(-12.1838295521518,15.9081255933812,13.3));
#3155=CARTESIAN_POINT('Ctrl Pts',(-9.88239578784212,18.3424436734051,13.3));
#3156=CARTESIAN_POINT('Ctrl Pts',(-7.87813956412758,18.5033703938443,13.3));
#3157=CARTESIAN_POINT('Ctrl Pts',(-5.69764610746849,18.569598620092,13.3));
#3158=CARTESIAN_POINT('Ctrl Pts',(-3.32009667671191,18.5721311198808,13.3));
#3159=CARTESIAN_POINT('Ctrl Pts',(-2.22697052253847,18.5732954875775,13.3));
#3160=CARTESIAN_POINT('Ctrl Pts',(-1.10969134583828,18.5613469507403,13.3));
#3161=CARTESIAN_POINT('Ctrl Pts',(0.0888082384136785,18.5378971693801,13.3));
#3162=CARTESIAN_POINT('Ctrl Pts',(1.30723035833876,18.5140575847093,13.3));
#3163=CARTESIAN_POINT('Ctrl Pts',(2.69215249732501,18.4760505121474,13.3));
#3164=CARTESIAN_POINT('Ctrl Pts',(4.22548846979443,18.4227640787282,13.3));
#3165=CARTESIAN_POINT('Ctrl Pts',(6.89954286826309,18.3298354419377,13.3));
#3166=CARTESIAN_POINT('Ctrl Pts',(10.0249934376918,18.191984337904,13.3));
#3167=CARTESIAN_POINT('Ctrl Pts',(13.5059262309564,18.0082526936419,13.3));
#3168=CARTESIAN_POINT('',(65.5673769879855,12.2635749875006,13.3));
#3169=CARTESIAN_POINT('Ctrl Pts',(18.7042745518646,17.712516411845,13.3));
#3170=CARTESIAN_POINT('Ctrl Pts',(23.0265172652051,17.4483270919991,13.3));
#3171=CARTESIAN_POINT('Ctrl Pts',(27.7495552264472,17.1089043586561,13.3));
#3172=CARTESIAN_POINT('Ctrl Pts',(32.7325381844341,16.6910318592251,13.3));
#3173=CARTESIAN_POINT('Ctrl Pts',(33.5295702172896,16.6241928251558,13.3));
#3174=CARTESIAN_POINT('Ctrl Pts',(34.2958058125833,16.5587172850296,13.3));
#3175=CARTESIAN_POINT('Ctrl Pts',(35.1862711547688,16.4806322073802,13.3));
#3176=CARTESIAN_POINT('Ctrl Pts',(41.6758474312046,15.9115600116969,13.3));
#3177=CARTESIAN_POINT('Ctrl Pts',(54.3657368615461,14.7345082389863,13.3));
#3178=CARTESIAN_POINT('Ctrl Pts',(65.5673777492614,12.2635769313105,13.3));
#3179=CARTESIAN_POINT('',(70.3762556987278,11.2335113126284,13.3));
#3180=CARTESIAN_POINT('Origin',(67.5594663537125,9.82347663723639,13.3));
#3181=CARTESIAN_POINT('',(69.2365203234866,11.5403021911191,13.3));
#3182=CARTESIAN_POINT('Ctrl Pts',(70.3762556987278,11.2335113126285,13.3));
#3183=CARTESIAN_POINT('Ctrl Pts',(70.1916687614304,11.2848370266567,13.3));
#3184=CARTESIAN_POINT('Ctrl Pts',(69.9997565042476,11.3373615930873,13.3));
#3185=CARTESIAN_POINT('Ctrl Pts',(69.7986313227342,11.3914518074408,13.3));
#3186=CARTESIAN_POINT('Ctrl Pts',(69.6180852194982,11.440007524588,13.3));
#3187=CARTESIAN_POINT('Ctrl Pts',(69.4307464679739,11.4896507952582,13.3));
#3188=CARTESIAN_POINT('Ctrl Pts',(69.2365203234866,11.5403021911191,13.3));
#3189=CARTESIAN_POINT('',(69.236498272885,11.5403237306767,13.3));
#3190=CARTESIAN_POINT('Origin',(67.5594663537125,9.82347663723639,13.3));
#3191=CARTESIAN_POINT('',(83.9771378194809,-6.07582217438872E-6,13.3));
#3192=CARTESIAN_POINT('Ctrl Pts',(69.23649498358,11.5403111185408,13.3));
#3193=CARTESIAN_POINT('Ctrl Pts',(74.0171721401768,10.2934877870824,13.3));
#3194=CARTESIAN_POINT('Ctrl Pts',(77.3377414462469,8.94943562635137,13.3));
#3195=CARTESIAN_POINT('Ctrl Pts',(79.5987439896175,7.2996363915349,13.3));
#3196=CARTESIAN_POINT('Ctrl Pts',(80.8298543665588,6.40132472717714,13.3));
#3197=CARTESIAN_POINT('Ctrl Pts',(81.7727139726876,5.39425085103904,13.3));
#3198=CARTESIAN_POINT('Ctrl Pts',(82.4929149263119,4.20569525656396,13.3));
#3199=CARTESIAN_POINT('Ctrl Pts',(82.9188048176282,3.50284446137001,13.3));
#3200=CARTESIAN_POINT('Ctrl Pts',(83.2594204914321,2.74707536919795,13.3));
#3201=CARTESIAN_POINT('Ctrl Pts',(83.51535306606,1.97054517393982,13.3));
#3202=CARTESIAN_POINT('Ctrl Pts',(83.7254563303182,1.33306661515941,13.3));
#3203=CARTESIAN_POINT('Ctrl Pts',(83.8832484128564,0.667090905632326,13.3));
#3204=CARTESIAN_POINT('Ctrl Pts',(83.9771378194833,-6.07583330998278E-6,
13.3));
#3205=CARTESIAN_POINT('',(69.2387374761992,-11.5398232378806,13.3));
#3206=CARTESIAN_POINT('Ctrl Pts',(83.9771378194809,-6.07582217426739E-6,
13.3));
#3207=CARTESIAN_POINT('Ctrl Pts',(83.8044210272298,-1.2272180804971,13.3));
#3208=CARTESIAN_POINT('Ctrl Pts',(83.4019360718682,-2.55738741761055,13.3));
#3209=CARTESIAN_POINT('Ctrl Pts',(82.7324775382815,-3.78859591105459,13.3));
#3210=CARTESIAN_POINT('Ctrl Pts',(82.0560330471796,-5.03265235518707,13.3));
#3211=CARTESIAN_POINT('Ctrl Pts',(81.1726410367633,-6.05459343057415,13.3));
#3212=CARTESIAN_POINT('Ctrl Pts',(80.0666740897543,-6.94182359974932,13.3));
#3213=CARTESIAN_POINT('Ctrl Pts',(78.9369854437279,-7.84808381958677,13.3));
#3214=CARTESIAN_POINT('Ctrl Pts',(77.4368252369583,-8.72491561586205,13.3));
#3215=CARTESIAN_POINT('Ctrl Pts',(75.3499638088214,-9.57597283154818,13.3));
#3216=CARTESIAN_POINT('Ctrl Pts',(73.9037494086866,-10.1657634060775,13.3));
#3217=CARTESIAN_POINT('Ctrl Pts',(71.9748440867411,-10.8257617502831,13.3));
#3218=CARTESIAN_POINT('Ctrl Pts',(69.2388128017836,-11.5401117423523,13.3));
#3219=CARTESIAN_POINT('',(69.2387594033755,-11.5398017339526,13.3));
#3220=CARTESIAN_POINT('Origin',(67.5593341262604,-9.825295758872,13.3));
#3221=CARTESIAN_POINT('',(70.3771127887981,-11.233352366025,13.3));
#3222=CARTESIAN_POINT('Ctrl Pts',(69.2387594033782,-11.5398017339519,13.3));
#3223=CARTESIAN_POINT('Ctrl Pts',(69.6347945859552,-11.4365076432017,13.3));
#3224=CARTESIAN_POINT('Ctrl Pts',(70.0139201038384,-11.3343471180467,13.3));
#3225=CARTESIAN_POINT('Ctrl Pts',(70.3771127887981,-11.233352366025,13.3));
#3226=CARTESIAN_POINT('',(65.5656130279673,-12.2640610575894,13.3));
#3227=CARTESIAN_POINT('Origin',(67.5593341262604,-9.825295758872,13.3));
#3228=CARTESIAN_POINT('Ctrl Pts',(65.5656130335986,-12.2640610913809,13.3));
#3229=CARTESIAN_POINT('Ctrl Pts',(65.2364667369602,-12.3366515959847,13.3));
#3230=CARTESIAN_POINT('Ctrl Pts',(64.8986531406886,-12.4097129987009,13.3));
#3231=CARTESIAN_POINT('Ctrl Pts',(64.5518827634174,-12.4832243684208,13.3));
#3232=CARTESIAN_POINT('Ctrl Pts',(63.4934870211405,-12.7075922089864,13.3));
#3233=CARTESIAN_POINT('Ctrl Pts',(62.3287484430321,-12.9404926236662,13.3));
#3234=CARTESIAN_POINT('Ctrl Pts',(61.1244699069231,-13.1666713644957,13.3));
#3235=CARTESIAN_POINT('Ctrl Pts',(59.2821766076392,-13.5126773474779,13.3));
#3236=CARTESIAN_POINT('Ctrl Pts',(57.4625512296155,-13.8229171676892,13.3));
#3237=CARTESIAN_POINT('Ctrl Pts',(55.6771987394131,-14.103553338754,13.3));
#3238=CARTESIAN_POINT('Ctrl Pts',(52.2946147431794,-14.6352553002532,13.3));
#3239=CARTESIAN_POINT('Ctrl Pts',(49.0346407282135,-15.0585230253976,13.3));
#3240=CARTESIAN_POINT('Ctrl Pts',(45.9741051185863,-15.4089420782685,13.3));
#3241=CARTESIAN_POINT('Ctrl Pts',(44.3341615613032,-15.5967090385016,13.3));
#3242=CARTESIAN_POINT('Ctrl Pts',(42.7590134967844,-15.7631000557756,13.3));
#3243=CARTESIAN_POINT('Ctrl Pts',(41.237546091234,-15.9154327275363,13.3));
#3244=CARTESIAN_POINT('Ctrl Pts',(34.0787239393502,-16.6321897879095,13.3));
#3245=CARTESIAN_POINT('Ctrl Pts',(26.1669582807244,-17.2567379984046,13.3));
#3246=CARTESIAN_POINT('Ctrl Pts',(18.7046896683209,-17.7127709782852,13.3));
#3247=CARTESIAN_POINT('',(-9.88223993379549,-18.3428393078925,13.3));
#3248=CARTESIAN_POINT('Ctrl Pts',(13.5050105398222,-18.0086012544473,13.3));
#3249=CARTESIAN_POINT('Ctrl Pts',(8.89189372717309,-18.2521725360857,13.3));
#3250=CARTESIAN_POINT('Ctrl Pts',(4.59050585693974,-18.435265511189,13.3));
#3251=CARTESIAN_POINT('Ctrl Pts',(0.891993456040531,-18.521048315078,13.3));
#3252=CARTESIAN_POINT('Ctrl Pts',(-3.30714706666435,-18.6184426209275,13.3));
#3253=CARTESIAN_POINT('Ctrl Pts',(-6.837206731655,-18.5872832264828,13.3));
#3254=CARTESIAN_POINT('Ctrl Pts',(-9.88223989056563,-18.3428389607693,13.3));
#3255=CARTESIAN_POINT('Origin',(-12.1840436663144,-15.9088714410193,13.3));
#3256=CARTESIAN_POINT('',(-26.2317456648301,-9.39978037305319,13.3));
#3257=CARTESIAN_POINT('Origin',(-24.697177652395,-0.000235017911116575,
13.3));
#3258=CARTESIAN_POINT('',(0.361585700832123,-11.9135952151353,13.3));
#3259=CARTESIAN_POINT('',(-19.6589694909886,5.2866599378344,13.3));
#3260=CARTESIAN_POINT('',(-20.3187110930882,2.79253179998938,13.3));
#3261=CARTESIAN_POINT('',(-19.0990174975764,7.40353723974656,13.3));
#3262=CARTESIAN_POINT('',(-20.3012959282865,-2.64263505194879,13.3));
#3263=CARTESIAN_POINT('Origin',(-10.1678233121956,0.107445580530536,13.3));
#3264=CARTESIAN_POINT('',(-19.6199798200337,-5.15313748448949,13.3));
#3265=CARTESIAN_POINT('',(-20.3012959282865,-2.64263505194879,13.3));
#3266=CARTESIAN_POINT('',(-19.6152884897628,-5.15458767164642,13.3));
#3267=CARTESIAN_POINT('Ctrl Pts',(-19.619979818337,-5.15313748402901,13.3));
#3268=CARTESIAN_POINT('Ctrl Pts',(-19.618416466284,-5.15362100307091,13.2999999960689));
#3269=CARTESIAN_POINT('Ctrl Pts',(-19.6168526918715,-5.15410440197428,13.300000000032));
#3270=CARTESIAN_POINT('Ctrl Pts',(-19.6152884897791,-5.15458767158703,13.3000000000865));
#3271=CARTESIAN_POINT('',(-20.2970018911518,-2.6426212931505,13.3));
#3272=CARTESIAN_POINT('',(-19.5343637049416,-5.45277799362626,13.3));
#3273=CARTESIAN_POINT('',(-20.3144170559535,2.79254555878767,13.3));
#3274=CARTESIAN_POINT('Origin',(-10.1635292750609,0.107459339328822,13.3));
#3275=CARTESIAN_POINT('',(-19.6542811056259,5.28816451517209,13.3));
#3276=CARTESIAN_POINT('',(-19.6284908104106,5.3856637493799,13.3));
#3277=CARTESIAN_POINT('Ctrl Pts',(-19.6542811056425,5.28816451510992,13.3000000000903));
#3278=CARTESIAN_POINT('Ctrl Pts',(-19.6558440959167,5.28766318324227,13.3000000000335));
#3279=CARTESIAN_POINT('Ctrl Pts',(-19.657406888723,5.28716165560808,13.2999999970931));
#3280=CARTESIAN_POINT('Ctrl Pts',(-19.6589694884111,5.28665993866196,13.3));
#3281=CARTESIAN_POINT('',(47.895,-6.125,13.3));
#3282=CARTESIAN_POINT('',(70.945,-6.125,13.3));
#3283=CARTESIAN_POINT('',(37.6475,-6.12500000000001,13.3));
#3284=CARTESIAN_POINT('',(70.945,6.125,13.3));
#3285=CARTESIAN_POINT('',(70.945,-2.9375,13.3));
#3286=CARTESIAN_POINT('',(47.895,6.125,13.3));
#3287=CARTESIAN_POINT('',(48.8475,6.125,13.3));
#3288=CARTESIAN_POINT('',(47.895,2.9375,13.3));
#3289=CARTESIAN_POINT('',(6.275,6.125,13.3));
#3290=CARTESIAN_POINT('',(-16.775,6.125,13.3));
#3291=CARTESIAN_POINT('',(16.4375,6.125,13.3));
#3292=CARTESIAN_POINT('',(-16.775,-6.125,13.3));
#3293=CARTESIAN_POINT('',(-16.775,2.9375,13.3));
#3294=CARTESIAN_POINT('',(6.275,-6.125,13.3));
#3295=CARTESIAN_POINT('',(5.23750000000001,-6.125,13.3));
#3296=CARTESIAN_POINT('',(6.275,-2.9375,13.3));
#3297=CARTESIAN_POINT('',(49.8597487132101,-9.88769914065734,13.3));
#3298=CARTESIAN_POINT('Origin',(48.5347487132101,-9.88769914065734,13.3));
#3299=CARTESIAN_POINT('',(3.27886246908382,-14.1163764220886,13.3));
#3300=CARTESIAN_POINT('Origin',(1.95386246908382,-14.1163764220886,13.3));
#3301=CARTESIAN_POINT('',(74.8575064139672,-4.16824387935035,13.3));
#3302=CARTESIAN_POINT('Origin',(73.5325064139672,-4.16824387935035,13.3));
#3303=CARTESIAN_POINT('',(-17.5251965083657,-11.9921003292882,13.3));
#3304=CARTESIAN_POINT('Origin',(-18.8501965083657,-11.9921003292882,13.3));
#3305=CARTESIAN_POINT('',(-17.525196508365,11.9916696747455,13.3));
#3306=CARTESIAN_POINT('Origin',(-18.850196508365,11.9916696747455,13.3));
#3307=CARTESIAN_POINT('',(74.857490271281,4.16819706868126,13.3));
#3308=CARTESIAN_POINT('Origin',(73.5324902712809,4.16819706868126,13.3));
#3309=CARTESIAN_POINT('',(49.8595361272123,9.88895293168786,13.3));
#3310=CARTESIAN_POINT('Origin',(48.5345361272123,9.88895293168786,13.3));
#3311=CARTESIAN_POINT('',(3.27855898285365,14.1166287843832,13.3));
#3312=CARTESIAN_POINT('Origin',(1.95355898285365,14.1166287843832,13.3));
#3313=CARTESIAN_POINT('',(11.1273919836955,-11.7566133158326,13.3));
#3314=CARTESIAN_POINT('',(45.045,-11.7566133158326,13.3));
#3315=CARTESIAN_POINT('',(18.0625,-11.7566133158326,13.3));
#3316=CARTESIAN_POINT('',(45.045,11.7554883361798,13.3));
#3317=CARTESIAN_POINT('',(45.045,-5.87830665791629,13.3));
#3318=CARTESIAN_POINT('',(11.1271934848976,11.7554883361798,13.3));
#3319=CARTESIAN_POINT('',(36.0225,11.7554883361798,13.3));
#3320=CARTESIAN_POINT('',(9.12499999999999,11.3046219604295,13.3));
#3321=CARTESIAN_POINT('Origin',(10.031673005199,11.9493691661809,13.3));
#3322=CARTESIAN_POINT('',(9.125,-11.3046219604295,13.3));
#3323=CARTESIAN_POINT('',(9.125,5.87774416808991,13.3));
#3324=CARTESIAN_POINT('Origin',(10.031673005199,-11.9493691661809,13.3));
#3325=CARTESIAN_POINT('Origin',(-25.,10.319311080016,16.3));
#3326=CARTESIAN_POINT('',(-25.,9.51893776621003,16.3));
#3327=CARTESIAN_POINT('Origin',(-24.697177652395,-0.000235017911116575,
16.3));
#3328=CARTESIAN_POINT('Origin',(-24.9247132037674,-9.52333155791696,16.3));
#3329=CARTESIAN_POINT('',(-26.2317456648301,-9.39978037305319,16.3));
#3330=CARTESIAN_POINT('Origin',(-24.697177652395,-0.000235017911116575,
16.3));
#3331=CARTESIAN_POINT('Origin',(27.,2.22044604925031E-15,16.3));
#3332=CARTESIAN_POINT('Origin',(-12.1840436663144,-15.9088714410193,16.3));
#3333=CARTESIAN_POINT('Origin',(-19.0990174975764,7.40353723974656,16.3));
#3334=CARTESIAN_POINT('',(-19.5024753798634,5.87827999744916,13.9604207714327));
#3335=CARTESIAN_POINT('Ctrl Pts',(-19.5024753798634,5.87827999744915,13.9604207714327));
#3336=CARTESIAN_POINT('Ctrl Pts',(-19.5426539868017,5.72638629575499,13.7770322822651));
#3337=CARTESIAN_POINT('Ctrl Pts',(-19.584265902809,5.56907405346627,13.5985526659478));
#3338=CARTESIAN_POINT('Ctrl Pts',(-19.6272901876743,5.40642235840727,13.4254675997069));
#3339=CARTESIAN_POINT('Ctrl Pts',(-19.6377663258497,5.36681771100327,13.3833224931534));
#3340=CARTESIAN_POINT('Ctrl Pts',(-19.6483261977347,5.32689651006522,13.3414974650781));
#3341=CARTESIAN_POINT('Ctrl Pts',(-19.658969490992,5.28665993783547,13.3000000000024));
#3342=CARTESIAN_POINT('Ctrl Pts',(-19.0990174975764,7.40353723974656,16.3));
#3343=CARTESIAN_POINT('Ctrl Pts',(-19.1296639860712,7.28767935078274,16.0716888759669));
#3344=CARTESIAN_POINT('Ctrl Pts',(-19.1620017504118,7.16542781963448,15.8468609933344));
#3345=CARTESIAN_POINT('Ctrl Pts',(-19.1960209624782,7.03681956911013,15.625995639284));
#3346=CARTESIAN_POINT('Ctrl Pts',(-19.2248736647919,6.92774309901928,15.4386731845662));
#3347=CARTESIAN_POINT('Ctrl Pts',(-19.2549359236445,6.81409389948992,15.25420172799));
#3348=CARTESIAN_POINT('Ctrl Pts',(-19.2862025614655,6.69589156108085,15.0729029902726));
#3349=CARTESIAN_POINT('Ctrl Pts',(-19.3212788378774,6.56328702847026,14.8695141681775));
#3350=CARTESIAN_POINT('Ctrl Pts',(-19.357867279745,6.42496576949194,14.6701379917476));
#3351=CARTESIAN_POINT('Ctrl Pts',(-19.3959611723942,6.28095315098181,14.4752660257995));
#3352=CARTESIAN_POINT('Ctrl Pts',(-19.4302478543203,6.15133355842266,14.2998701119642));
#3353=CARTESIAN_POINT('Ctrl Pts',(-19.4657541398449,6.0171032544563,14.1281234988721));
#3354=CARTESIAN_POINT('Ctrl Pts',(-19.5024753798634,5.87827999744915,13.9604207714327));
#3355=CARTESIAN_POINT('',(-20.3187110930882,2.79253179998938,16.3));
#3356=CARTESIAN_POINT('Origin',(-20.3012959282865,-2.64263505194879,16.3));
#3357=CARTESIAN_POINT('',(-19.462960648702,-5.73171916256281,13.9459101860259));
#3358=CARTESIAN_POINT('Ctrl Pts',(-19.6199798198748,-5.15313748396695,13.3000000004664));
#3359=CARTESIAN_POINT('Ctrl Pts',(-19.5752163908589,-5.31808105601429,13.4704061095367));
#3360=CARTESIAN_POINT('Ctrl Pts',(-19.5318936962942,-5.47771581374907,13.6463321100177));
#3361=CARTESIAN_POINT('Ctrl Pts',(-19.4900335117011,-5.63196152493376,13.8272802350769));
#3362=CARTESIAN_POINT('Ctrl Pts',(-19.4809401400162,-5.66546862950685,13.8665879584625));
#3363=CARTESIAN_POINT('Ctrl Pts',(-19.4719157798239,-5.69872144204347,13.9061328698649));
#3364=CARTESIAN_POINT('Ctrl Pts',(-19.462960648702,-5.73171916256281,13.9459101860259));
#3365=CARTESIAN_POINT('',(-20.3012959282865,-2.64263505194879,16.3));
#3366=CARTESIAN_POINT('Ctrl Pts',(-19.462960648702,-5.73171916256281,13.9459101860259));
#3367=CARTESIAN_POINT('Ctrl Pts',(-19.4211080911852,-5.8859367811721,14.1319196340233));
#3368=CARTESIAN_POINT('Ctrl Pts',(-19.3807901308831,-6.03449990362873,14.3229310447795));
#3369=CARTESIAN_POINT('Ctrl Pts',(-19.3420134340274,-6.17738373337162,14.5184057100232));
#3370=CARTESIAN_POINT('Ctrl Pts',(-19.3065966030319,-6.30788717642722,14.6969431756716));
#3371=CARTESIAN_POINT('Ctrl Pts',(-19.2724654896749,-6.43365297395809,14.8792048073511));
#3372=CARTESIAN_POINT('Ctrl Pts',(-19.2396254485187,-6.55466141822141,15.0648180605284));
#3373=CARTESIAN_POINT('Ctrl Pts',(-19.2018250998297,-6.69394752221014,15.2784671743662));
#3374=CARTESIAN_POINT('Ctrl Pts',(-19.1657394377399,-6.82691532952955,15.4965324445931));
#3375=CARTESIAN_POINT('Ctrl Pts',(-19.1313773733705,-6.95353199825738,15.7184905312985));
#3376=CARTESIAN_POINT('Ctrl Pts',(-19.1017999420484,-7.06251834387582,15.9095427915856));
#3377=CARTESIAN_POINT('Ctrl Pts',(-19.0734995283435,-7.16679912149959,16.1034803136801));
#3378=CARTESIAN_POINT('Ctrl Pts',(-19.0464827201035,-7.26635021410657,16.3));
#3379=CARTESIAN_POINT('Ctrl Pts',(-20.3012959282865,-2.64263505194879,16.3));
#3380=CARTESIAN_POINT('Ctrl Pts',(-21.03817779504,0.0726151843479652,16.3));
#3381=CARTESIAN_POINT('Ctrl Pts',(-20.3187110930882,2.79253179998938,16.3));
#3382=CARTESIAN_POINT('Ctrl Pts',(-20.3012959282865,-2.64263505194879,13.3));
#3383=CARTESIAN_POINT('Ctrl Pts',(-21.03817779504,0.0726151843479652,13.3));
#3384=CARTESIAN_POINT('Ctrl Pts',(-20.3187110930882,2.79253179998938,13.3));
#3385=CARTESIAN_POINT('Origin',(10.125,5.87746292317673,20.3));
#3386=CARTESIAN_POINT('',(10.125,10.7554883361798,21.3));
#3387=CARTESIAN_POINT('',(10.125,-10.7566133158326,21.3));
#3388=CARTESIAN_POINT('',(10.125,5.87746292317673,21.3));
#3389=CARTESIAN_POINT('',(9.125,-11.7566133158326,20.3));
#3390=CARTESIAN_POINT('Origin',(10.125,-10.7566133158326,20.3));
#3391=CARTESIAN_POINT('',(9.125,11.7554883361798,20.3));
#3392=CARTESIAN_POINT('',(9.125,5.87746292317673,20.3));
#3393=CARTESIAN_POINT('Origin',(10.125,10.7554883361798,20.3));
#3394=CARTESIAN_POINT('Origin',(18.105,-10.7566133158326,20.3));
#3395=CARTESIAN_POINT('',(45.045,-11.7566133158326,20.3));
#3396=CARTESIAN_POINT('',(18.105,-11.7566133158326,20.3));
#3397=CARTESIAN_POINT('',(44.045,-10.7566133158326,21.3));
#3398=CARTESIAN_POINT('',(18.105,-10.7566133158326,21.3));
#3399=CARTESIAN_POINT('Origin',(44.045,-10.7566133158326,20.3));
#3400=CARTESIAN_POINT('Origin',(44.045,-5.87858790282948,20.3));
#3401=CARTESIAN_POINT('',(45.045,11.7554883361798,20.3));
#3402=CARTESIAN_POINT('',(45.045,-5.87858790282948,20.3));
#3403=CARTESIAN_POINT('',(44.045,10.7554883361798,21.3));
#3404=CARTESIAN_POINT('',(44.045,-5.87858790282948,21.3));
#3405=CARTESIAN_POINT('Origin',(44.045,10.7554883361798,20.3));
#3406=CARTESIAN_POINT('Origin',(36.065,10.7554883361798,20.3));
#3407=CARTESIAN_POINT('',(36.065,11.7554883361798,20.3));
#3408=CARTESIAN_POINT('',(36.065,10.7554883361798,21.3));
#3409=CARTESIAN_POINT('Origin',(45.045,11.7554883361798,13.3));
#3410=CARTESIAN_POINT('',(9.125,11.7554883361798,16.3));
#3411=CARTESIAN_POINT('',(9.125,11.7554883361798,13.3));
#3412=CARTESIAN_POINT('',(11.1271934848976,11.7554883361798,16.3));
#3413=CARTESIAN_POINT('',(36.065,11.7554883361798,16.3));
#3414=CARTESIAN_POINT('',(11.1271934848976,11.7554883361798,16.3));
#3415=CARTESIAN_POINT('',(45.045,11.7554883361798,13.3));
#3416=CARTESIAN_POINT('Origin',(9.12499999999999,11.7554883361798,13.3));
#3417=CARTESIAN_POINT('',(9.125,-11.7566133158326,16.3));
#3418=CARTESIAN_POINT('',(9.125,-11.7566133158326,13.3));
#3419=CARTESIAN_POINT('',(9.125,-11.3046219604295,16.3));
#3420=CARTESIAN_POINT('',(9.125,5.87781112859598,16.3));
#3421=CARTESIAN_POINT('',(9.125,-11.3046219604295,16.3));
#3422=CARTESIAN_POINT('',(9.12499999999999,11.3046219604295,16.3));
#3423=CARTESIAN_POINT('',(9.12499999999999,11.3046219604295,16.3));
#3424=CARTESIAN_POINT('',(9.125,5.87781112859598,16.3));
#3425=CARTESIAN_POINT('Origin',(27.085,-0.000562489826370083,21.3));
#3426=CARTESIAN_POINT('Ctrl Pts',(6.11907445431344,-18.352607330332,16.3));
#3427=CARTESIAN_POINT('Ctrl Pts',(6.11907445431344,-18.352607330332,24.3));
#3428=CARTESIAN_POINT('Ctrl Pts',(8.4888367713263,-18.2589199679685,16.3));
#3429=CARTESIAN_POINT('Ctrl Pts',(8.4888367713263,-18.2589199679685,24.3));
#3430=CARTESIAN_POINT('Ctrl Pts',(11.0135227513074,-18.1406067078246,16.3));
#3431=CARTESIAN_POINT('Ctrl Pts',(11.0135227513074,-18.1406067078246,24.3));
#3432=CARTESIAN_POINT('Ctrl Pts',(13.6347943349926,-18.0017371248251,16.3));
#3433=CARTESIAN_POINT('Ctrl Pts',(13.6347943349926,-18.0017371248251,24.3));
#3434=CARTESIAN_POINT('Ctrl Pts',(6.27500000000001,-18.3464153066944,16.3));
#3435=CARTESIAN_POINT('Ctrl Pts',(6.27500000000001,-18.3464153066944,17.6333333333333));
#3436=CARTESIAN_POINT('Ctrl Pts',(6.27500000000001,-18.3464153066944,18.9666666666667));
#3437=CARTESIAN_POINT('Ctrl Pts',(6.27500000000001,-18.3464153066944,20.6333333333333));
#3438=CARTESIAN_POINT('Ctrl Pts',(6.27500000000001,-18.3464153066944,20.9666666666667));
#3439=CARTESIAN_POINT('Ctrl Pts',(6.27500000000001,-18.3464153066944,21.3));
#3440=CARTESIAN_POINT('Ctrl Pts',(6.27500004379903,-18.3464162857584,16.3));
#3441=CARTESIAN_POINT('Ctrl Pts',(8.56022478041667,-18.255292621202,16.3));
#3442=CARTESIAN_POINT('Ctrl Pts',(10.9875174066932,-18.1414811717327,16.3));
#3443=CARTESIAN_POINT('Ctrl Pts',(13.505008182118,-18.0086002921263,16.3));
#3444=CARTESIAN_POINT('Origin',(9.125,-11.7566133158326,13.3));
#3445=CARTESIAN_POINT('',(45.045,-11.7566133158326,13.3));
#3446=CARTESIAN_POINT('',(11.1273919836955,-11.7566133158326,16.3));
#3447=CARTESIAN_POINT('',(11.1273919836955,-11.7566133158326,16.3));
#3448=CARTESIAN_POINT('',(18.105,-11.7566133158326,16.3));
#3449=CARTESIAN_POINT('Origin',(45.045,-11.7566133158326,13.3));
#3450=CARTESIAN_POINT('Origin',(10.031673005199,-11.9493691661809,16.3));
#3451=CARTESIAN_POINT('Origin',(10.031673005199,-11.9493691661809,16.3));
#3452=CARTESIAN_POINT('Origin',(10.031673005199,11.9493691661809,16.3));
#3453=CARTESIAN_POINT('Origin',(10.031673005199,11.9493691661809,16.3));
#3454=CARTESIAN_POINT('Origin',(27.085,0.000133921012133165,16.3));
#3455=CARTESIAN_POINT('Origin',(27.,0.,25.3));
#3456=CARTESIAN_POINT('',(23.5,-4.28626379701574E-16,25.3));
#3457=CARTESIAN_POINT('Origin',(22.5,-5.51091059616309E-16,25.3));
#3458=CARTESIAN_POINT('',(30.5,-4.28626379701574E-16,25.3));
#3459=CARTESIAN_POINT('Origin',(27.,0.,25.3));
#3460=CARTESIAN_POINT('Origin',(27.,0.,25.3));
#3461=CARTESIAN_POINT('Origin',(27.,0.,16.3));
#3462=CARTESIAN_POINT('',(30.5,4.28626379701574E-16,26.4));
#3463=CARTESIAN_POINT('Origin',(27.,0.,26.4));
#3464=CARTESIAN_POINT('',(30.5,4.28626379701574E-16,16.3));
#3465=CARTESIAN_POINT('Origin',(27.085,0.000133921012133165,16.3));
#3466=CARTESIAN_POINT('Ctrl Pts',(18.5749406157341,-17.7206859577117,16.3));
#3467=CARTESIAN_POINT('Ctrl Pts',(18.5749406157341,-17.7206859577117,24.3));
#3468=CARTESIAN_POINT('Ctrl Pts',(23.443566927412,-17.4242231119897,16.3));
#3469=CARTESIAN_POINT('Ctrl Pts',(23.443566927412,-17.4242231119897,24.3));
#3470=CARTESIAN_POINT('Ctrl Pts',(28.5060495041415,-17.0505377092346,16.3));
#3471=CARTESIAN_POINT('Ctrl Pts',(28.5060495041415,-17.0505377092346,24.3));
#3472=CARTESIAN_POINT('Ctrl Pts',(33.4293829223681,-16.6324485481578,16.3));
#3473=CARTESIAN_POINT('Ctrl Pts',(33.4293829223681,-16.6324485481578,24.3));
#3474=CARTESIAN_POINT('Ctrl Pts',(35.676932163033,-16.4415868094363,16.3));
#3475=CARTESIAN_POINT('Ctrl Pts',(35.676932163033,-16.4415868094363,24.3));
#3476=CARTESIAN_POINT('Ctrl Pts',(37.8954817597207,-16.2420331958716,16.3));
#3477=CARTESIAN_POINT('Ctrl Pts',(37.8954817597207,-16.2420331958716,24.3));
#3478=CARTESIAN_POINT('Ctrl Pts',(40.0528117297422,-16.0323041368638,16.3));
#3479=CARTESIAN_POINT('Ctrl Pts',(40.0528117297422,-16.0323041368638,24.3));
#3480=CARTESIAN_POINT('Ctrl Pts',(41.5887498044714,-15.8829849081952,16.3));
#3481=CARTESIAN_POINT('Ctrl Pts',(41.5887498044714,-15.8829849081952,24.3));
#3482=CARTESIAN_POINT('Ctrl Pts',(43.1015356741948,-15.728206333585,16.3));
#3483=CARTESIAN_POINT('Ctrl Pts',(43.1015356741948,-15.728206333585,24.3));
#3484=CARTESIAN_POINT('Ctrl Pts',(44.7084326303384,-15.5511097992597,16.3));
#3485=CARTESIAN_POINT('Ctrl Pts',(44.7084326303384,-15.5511097992597,24.3));
#3486=CARTESIAN_POINT('Ctrl Pts',(45.7885672169449,-15.4320678836214,16.3));
#3487=CARTESIAN_POINT('Ctrl Pts',(45.7885672169449,-15.4320678836214,24.3));
#3488=CARTESIAN_POINT('Ctrl Pts',(46.8958975749819,-15.3043449330889,16.3));
#3489=CARTESIAN_POINT('Ctrl Pts',(46.8958975749819,-15.3043449330889,24.3));
#3490=CARTESIAN_POINT('Ctrl Pts',(48.02683302781,-15.1662139412933,16.3));
#3491=CARTESIAN_POINT('Ctrl Pts',(48.02683302781,-15.1662139412933,24.3));
#3492=CARTESIAN_POINT('Ctrl Pts',(48.1303641384466,-15.1535687854993,16.3));
#3493=CARTESIAN_POINT('Ctrl Pts',(48.1303641384466,-15.1535687854993,24.3));
#3494=CARTESIAN_POINT('Ctrl Pts',(48.2340930618501,-15.1408363056303,16.3));
#3495=CARTESIAN_POINT('Ctrl Pts',(48.2340930618501,-15.1408363056303,24.3));
#3496=CARTESIAN_POINT('Ctrl Pts',(48.3380170399939,-15.1280151300074,16.3));
#3497=CARTESIAN_POINT('Ctrl Pts',(48.3380170399939,-15.1280151300074,24.3));
#3498=CARTESIAN_POINT('',(47.8949999999177,-15.1822817927599,16.3));
#3499=CARTESIAN_POINT('Ctrl Pts',(18.7046895175475,-17.7127697547472,16.3));
#3500=CARTESIAN_POINT('Ctrl Pts',(23.5334677721475,-17.4175828006197,16.3));
#3501=CARTESIAN_POINT('Ctrl Pts',(28.5497697392683,-17.0468249896453,16.3));
#3502=CARTESIAN_POINT('Ctrl Pts',(33.4293829223681,-16.6324485481578,16.3));
#3503=CARTESIAN_POINT('Ctrl Pts',(35.676932163033,-16.4415868094363,16.3));
#3504=CARTESIAN_POINT('Ctrl Pts',(37.8954817597207,-16.2420331958716,16.3));
#3505=CARTESIAN_POINT('Ctrl Pts',(40.0528117297422,-16.0323041368638,16.3));
#3506=CARTESIAN_POINT('Ctrl Pts',(41.5887498044714,-15.8829849081952,16.3));
#3507=CARTESIAN_POINT('Ctrl Pts',(43.1015356741948,-15.728206333585,16.3));
#3508=CARTESIAN_POINT('Ctrl Pts',(44.7084326303384,-15.5511097992597,16.3));
#3509=CARTESIAN_POINT('Ctrl Pts',(45.7465626639119,-15.4366972164106,16.3));
#3510=CARTESIAN_POINT('Ctrl Pts',(46.8098144046103,-15.3142656510257,16.3));
#3511=CARTESIAN_POINT('Ctrl Pts',(47.8950000019432,-15.1822818438746,16.3));
#3512=CARTESIAN_POINT('Ctrl Pts',(47.895,-15.1822817927398,21.3));
#3513=CARTESIAN_POINT('Ctrl Pts',(47.895,-15.1822817927398,20.9666666666666));
#3514=CARTESIAN_POINT('Ctrl Pts',(47.895,-15.1822817927398,20.6333333333333));
#3515=CARTESIAN_POINT('Ctrl Pts',(47.895,-15.1822817927398,18.9666666666667));
#3516=CARTESIAN_POINT('Ctrl Pts',(47.895,-15.1822817927398,17.6333333333333));
#3517=CARTESIAN_POINT('Ctrl Pts',(47.895,-15.1822817927398,16.3));
#3518=CARTESIAN_POINT('Origin',(27.,2.22044604925031E-15,16.3));
#3519=CARTESIAN_POINT('',(47.895,-6.125,16.3));
#3520=CARTESIAN_POINT('',(47.895,2.9375,16.3));
#3521=CARTESIAN_POINT('',(65.5656130279673,-12.2640610575894,16.3));
#3522=CARTESIAN_POINT('Ctrl Pts',(65.5656130335986,-12.2640610913809,16.3));
#3523=CARTESIAN_POINT('Ctrl Pts',(65.2364667369602,-12.3366515959847,16.3));
#3524=CARTESIAN_POINT('Ctrl Pts',(64.8986531406886,-12.4097129987009,16.3));
#3525=CARTESIAN_POINT('Ctrl Pts',(64.5518827634174,-12.4832243684208,16.3));
#3526=CARTESIAN_POINT('Ctrl Pts',(63.4934870211405,-12.7075922089864,16.3));
#3527=CARTESIAN_POINT('Ctrl Pts',(62.3287484430321,-12.9404926236662,16.3));
#3528=CARTESIAN_POINT('Ctrl Pts',(61.1244699069231,-13.1666713644957,16.3));
#3529=CARTESIAN_POINT('Ctrl Pts',(59.2821766076392,-13.5126773474779,16.3));
#3530=CARTESIAN_POINT('Ctrl Pts',(57.4625512296155,-13.8229171676892,16.3));
#3531=CARTESIAN_POINT('Ctrl Pts',(55.6771987394131,-14.103553338754,16.3));
#3532=CARTESIAN_POINT('Ctrl Pts',(52.993134761596,-14.5254562636729,16.3));
#3533=CARTESIAN_POINT('Ctrl Pts',(50.3862702635208,-14.8790852475451,16.3));
#3534=CARTESIAN_POINT('Ctrl Pts',(47.8949896442813,-15.1822192635853,16.3));
#3535=CARTESIAN_POINT('',(70.3771127887981,-11.233352366025,16.3));
#3536=CARTESIAN_POINT('Origin',(67.5593341262604,-9.825295758872,16.3));
#3537=CARTESIAN_POINT('',(69.2387594033755,-11.5398017339526,16.3));
#3538=CARTESIAN_POINT('Ctrl Pts',(70.3771127887981,-11.233352366025,16.3));
#3539=CARTESIAN_POINT('Ctrl Pts',(70.0139201038384,-11.3343471180467,16.3));
#3540=CARTESIAN_POINT('Ctrl Pts',(69.6347945859552,-11.4365076432017,16.3));
#3541=CARTESIAN_POINT('Ctrl Pts',(69.2387594033782,-11.5398017339519,16.3));
#3542=CARTESIAN_POINT('',(69.2387374660371,-11.5398232433831,16.3));
#3543=CARTESIAN_POINT('Origin',(67.5593341262604,-9.825295758872,16.3));
#3544=CARTESIAN_POINT('',(83.9771378194809,-6.07582217438871E-6,16.3));
#3545=CARTESIAN_POINT('Ctrl Pts',(69.2388127909257,-11.5401117451872,16.3));
#3546=CARTESIAN_POINT('Ctrl Pts',(71.9748440816379,-10.8257617520292,16.3));
#3547=CARTESIAN_POINT('Ctrl Pts',(73.9037494067735,-10.1657634068577,16.3));
#3548=CARTESIAN_POINT('Ctrl Pts',(75.3499638088214,-9.57597283154818,16.3));
#3549=CARTESIAN_POINT('Ctrl Pts',(77.4368252369583,-8.72491561586205,16.3));
#3550=CARTESIAN_POINT('Ctrl Pts',(78.9369854437279,-7.84808381958677,16.3));
#3551=CARTESIAN_POINT('Ctrl Pts',(80.0666740897543,-6.94182359974932,16.3));
#3552=CARTESIAN_POINT('Ctrl Pts',(81.1726410367633,-6.05459343057415,16.3));
#3553=CARTESIAN_POINT('Ctrl Pts',(82.0560330471796,-5.03265235518707,16.3));
#3554=CARTESIAN_POINT('Ctrl Pts',(82.7324775382815,-3.78859591105459,16.3));
#3555=CARTESIAN_POINT('Ctrl Pts',(83.4019360718682,-2.55738741761055,16.3));
#3556=CARTESIAN_POINT('Ctrl Pts',(83.8044210272298,-1.2272180804971,16.3));
#3557=CARTESIAN_POINT('Ctrl Pts',(83.9771378194809,-6.07582217426739E-6,
16.3));
#3558=CARTESIAN_POINT('',(69.236498272885,11.5403237306767,16.3));
#3559=CARTESIAN_POINT('Ctrl Pts',(83.9771378194833,-6.07583330998278E-6,
16.3));
#3560=CARTESIAN_POINT('Ctrl Pts',(83.8832484128564,0.667090905632326,16.3));
#3561=CARTESIAN_POINT('Ctrl Pts',(83.7254563303182,1.33306661515941,16.3));
#3562=CARTESIAN_POINT('Ctrl Pts',(83.51535306606,1.97054517393982,16.3));
#3563=CARTESIAN_POINT('Ctrl Pts',(83.2594204914321,2.74707536919795,16.3));
#3564=CARTESIAN_POINT('Ctrl Pts',(82.9188048176282,3.50284446137001,16.3));
#3565=CARTESIAN_POINT('Ctrl Pts',(82.4929149263119,4.20569525656396,16.3));
#3566=CARTESIAN_POINT('Ctrl Pts',(81.7727139726876,5.39425085103904,16.3));
#3567=CARTESIAN_POINT('Ctrl Pts',(80.8298543665588,6.40132472717714,16.3));
#3568=CARTESIAN_POINT('Ctrl Pts',(79.5987439896175,7.2996363915349,16.3));
#3569=CARTESIAN_POINT('Ctrl Pts',(77.3377414462469,8.94943562635137,16.3));
#3570=CARTESIAN_POINT('Ctrl Pts',(74.0171721401768,10.2934877870824,16.3));
#3571=CARTESIAN_POINT('Ctrl Pts',(69.23649498358,11.5403111185408,16.3));
#3572=CARTESIAN_POINT('',(69.2365203234866,11.5403021911191,16.3));
#3573=CARTESIAN_POINT('Origin',(67.5594663537125,9.82347663723639,16.3));
#3574=CARTESIAN_POINT('',(70.3762556987278,11.2335113126284,16.3));
#3575=CARTESIAN_POINT('Ctrl Pts',(69.2365203234866,11.5403021911191,16.3));
#3576=CARTESIAN_POINT('Ctrl Pts',(69.4307464679739,11.4896507952582,16.3));
#3577=CARTESIAN_POINT('Ctrl Pts',(69.6180852194982,11.440007524588,16.3));
#3578=CARTESIAN_POINT('Ctrl Pts',(69.7986313227342,11.3914518074408,16.3));
#3579=CARTESIAN_POINT('Ctrl Pts',(69.9997565042476,11.3373615930873,16.3));
#3580=CARTESIAN_POINT('Ctrl Pts',(70.1916687614304,11.2848370266567,16.3));
#3581=CARTESIAN_POINT('Ctrl Pts',(70.3762556987278,11.2335113126285,16.3));
#3582=CARTESIAN_POINT('',(65.5673769879855,12.2635749875006,16.3));
#3583=CARTESIAN_POINT('Origin',(67.5594663537125,9.82347663723639,16.3));
#3584=CARTESIAN_POINT('Ctrl Pts',(47.8940063366026,15.1739884253538,16.3));
#3585=CARTESIAN_POINT('Ctrl Pts',(53.4608790343996,14.491636217597,16.3));
#3586=CARTESIAN_POINT('Ctrl Pts',(59.7170999374862,13.5540695250848,16.3));
#3587=CARTESIAN_POINT('Ctrl Pts',(65.5673777492614,12.2635769313105,16.3));
#3588=CARTESIAN_POINT('',(47.895,6.125,16.3));
#3589=CARTESIAN_POINT('',(47.895,2.9375,16.3));
#3590=CARTESIAN_POINT('',(70.945,6.125,16.3));
#3591=CARTESIAN_POINT('',(48.8475,6.125,16.3));
#3592=CARTESIAN_POINT('',(70.945,-6.125,16.3));
#3593=CARTESIAN_POINT('',(70.945,-2.9375,16.3));
#3594=CARTESIAN_POINT('',(37.6475,-6.12500000000001,16.3));
#3595=CARTESIAN_POINT('Origin',(27.,0.,30.4));
#3596=CARTESIAN_POINT('',(30.,3.67394039744206E-16,30.4));
#3597=CARTESIAN_POINT('Origin',(27.,0.,30.4));
#3598=CARTESIAN_POINT('Origin',(-10.1777120915356,0.10741389526188,23.2087287997781));
#3599=CARTESIAN_POINT('',(-20.3111639286585,-2.64266667063823,23.1942117143464));
#3600=CARTESIAN_POINT('',(-20.3285790934601,2.79250018129994,23.1942117143464));
#3601=CARTESIAN_POINT('Origin',(-21.3594989886953,-1.10486148788508,23.1927221943639));
#3602=CARTESIAN_POINT('',(-19.4991360369772,5.87824968050264,13.9594042042023));
#3603=CARTESIAN_POINT('Origin',(-21.359496576535,-1.10485332594193,23.1925451618283));
#3604=CARTESIAN_POINT('Origin',(-21.359496576535,-1.10485332594193,23.1925451618283));
#3605=CARTESIAN_POINT('Ctrl Pts',(-19.1023812983795,7.40347366851309,16.300752822623));
#3606=CARTESIAN_POINT('Ctrl Pts',(-19.1012600314451,7.40349485892425,16.3005018817487));
#3607=CARTESIAN_POINT('Ctrl Pts',(-19.1001387645108,7.4035160493354,16.3002509408744));
#3608=CARTESIAN_POINT('Ctrl Pts',(-19.0990174975764,7.40353723974656,16.3));
#3609=CARTESIAN_POINT('Ctrl Pts',(-19.2156159204553,6.97078405012636,15.4480078419361));
#3610=CARTESIAN_POINT('Ctrl Pts',(-19.2144909274891,6.97081904251275,15.4477043450601));
#3611=CARTESIAN_POINT('Ctrl Pts',(-19.2133659537636,6.97085396255174,15.4474009206551));
#3612=CARTESIAN_POINT('Ctrl Pts',(-19.2122409607974,6.97088895493813,15.4470974237792));
#3613=CARTESIAN_POINT('Ctrl Pts',(-19.3502381797318,6.45759220811808,14.6605407072746));
#3614=CARTESIAN_POINT('Ctrl Pts',(-19.3491163066471,6.45761523474701,14.6602055518799));
#3615=CARTESIAN_POINT('Ctrl Pts',(-19.3479944522249,6.45763819123259,14.6598704723383));
#3616=CARTESIAN_POINT('Ctrl Pts',(-19.3468725791401,6.45766121786151,14.6595353169436));
#3617=CARTESIAN_POINT('Ctrl Pts',(-19.5024753798634,5.87827999744915,13.9604207714327));
#3618=CARTESIAN_POINT('Ctrl Pts',(-19.501362265568,5.87826989180031,13.9600819156892));
#3619=CARTESIAN_POINT('Ctrl Pts',(-19.5002491512726,5.87825978615148,13.9597430599457));
#3620=CARTESIAN_POINT('Ctrl Pts',(-19.4991360369772,5.87824968050264,13.9594042042023));
#3621=CARTESIAN_POINT('',(-22.9833667262139,5.90988202226668,15.0200783734855));
#3622=CARTESIAN_POINT('Ctrl Pts',(-19.5034180157812,5.87828855537317,13.9607077299203));
#3623=CARTESIAN_POINT('Ctrl Pts',(-19.5019906895132,5.87827559708299,13.9602732213476));
#3624=CARTESIAN_POINT('Ctrl Pts',(-19.5005633632452,5.87826263879282,13.9598387127749));
#3625=CARTESIAN_POINT('Ctrl Pts',(-19.4991360369772,5.87824968050264,13.9594042042023));
#3626=CARTESIAN_POINT('Ctrl Pts',(-19.553430511809,5.68797554487704,13.7308641472417));
#3627=CARTESIAN_POINT('Ctrl Pts',(-19.5520013238276,5.68796945173036,13.7303976417743));
#3628=CARTESIAN_POINT('Ctrl Pts',(-19.5505721360913,5.68796335766465,13.729931137605));
#3629=CARTESIAN_POINT('Ctrl Pts',(-19.54914294811,5.68795726451797,13.7294646321377));
#3630=CARTESIAN_POINT('Ctrl Pts',(-19.605333674792,5.49056567393964,13.5104044153444));
#3631=CARTESIAN_POINT('Ctrl Pts',(-19.603903400651,5.49056353479694,13.509909762265));
#3632=CARTESIAN_POINT('Ctrl Pts',(-19.6024731267515,5.49056139474797,13.5094151104979));
#3633=CARTESIAN_POINT('Ctrl Pts',(-19.6010428526104,5.49055925560527,13.5089204574184));
#3634=CARTESIAN_POINT('Ctrl Pts',(-19.6589694909922,5.2866599378344,13.3000000000013));
#3635=CARTESIAN_POINT('Ctrl Pts',(-19.6575388414311,5.28665908807151,13.2994813240132));
#3636=CARTESIAN_POINT('Ctrl Pts',(-19.6561081918701,5.28665823830863,13.298962648025));
#3637=CARTESIAN_POINT('Ctrl Pts',(-19.654677542309,5.28665738854575,13.2984439720368));
#3638=CARTESIAN_POINT('Ctrl Pts',(-19.462960648702,-5.73171916256281,13.9459101860259));
#3639=CARTESIAN_POINT('Ctrl Pts',(-19.461842365661,-5.73169574301587,13.9455681525335));
#3640=CARTESIAN_POINT('Ctrl Pts',(-19.46072408262,-5.73167232346893,13.945226119041));
#3641=CARTESIAN_POINT('Ctrl Pts',(-19.459605799579,-5.73164890392199,13.9448840855486));
#3642=CARTESIAN_POINT('Ctrl Pts',(-19.3056821731729,-6.31497136701935,14.6496806331038));
#3643=CARTESIAN_POINT('Ctrl Pts',(-19.3045560175691,-6.3149769399194,14.6493355224564));
#3644=CARTESIAN_POINT('Ctrl Pts',(-19.3034298817172,-6.31498244045226,14.6489904903534));
#3645=CARTESIAN_POINT('Ctrl Pts',(-19.3023037261134,-6.3149880133523,14.648645379706));
#3646=CARTESIAN_POINT('Ctrl Pts',(-19.166662704025,-6.8314113325547,15.4421549692002));
#3647=CARTESIAN_POINT('Ctrl Pts',(-19.1655345573233,-6.83142437678576,15.4418353504508));
#3648=CARTESIAN_POINT('Ctrl Pts',(-19.1644064309911,-6.83143734635576,15.4415158067258));
#3649=CARTESIAN_POINT('Ctrl Pts',(-19.1632782842894,-6.83145039058682,15.4411961879764));
#3650=CARTESIAN_POINT('Ctrl Pts',(-19.0498516749007,-7.26636740007512,16.3008184172742));
#3651=CARTESIAN_POINT('Ctrl Pts',(-19.0487286899683,-7.26636167141894,16.3005456115161));
#3652=CARTESIAN_POINT('Ctrl Pts',(-19.0476057050359,-7.26635594276276,16.3002728057581));
#3653=CARTESIAN_POINT('Ctrl Pts',(-19.0464827201035,-7.26635021410657,16.3));
#3654=CARTESIAN_POINT('',(-19.459605799579,-5.73164890392199,13.9448840855486));
#3655=CARTESIAN_POINT('Origin',(-21.3614446610939,1.22739937144315,23.1925451618283));
#3656=CARTESIAN_POINT('',(-22.9384390226229,-5.80450407115318,15.0089058342045));
#3657=CARTESIAN_POINT('Ctrl Pts',(-19.6199798220215,-5.1531374838776,13.3000000011144));
#3658=CARTESIAN_POINT('Ctrl Pts',(-19.618551369769,-5.15311949860269,13.2994814651127));
#3659=CARTESIAN_POINT('Ctrl Pts',(-19.6171229175164,-5.15310151332779,13.298962929111));
#3660=CARTESIAN_POINT('Ctrl Pts',(-19.6156944652639,-5.15308352805288,13.2984443931093));
#3661=CARTESIAN_POINT('Ctrl Pts',(-19.5661960347705,-5.35240637983473,13.5059711272208));
#3662=CARTESIAN_POINT('Ctrl Pts',(-19.5647679766585,-5.35238706726746,13.505476276655));
#3663=CARTESIAN_POINT('Ctrl Pts',(-19.5633399187736,-5.35236775387,13.5049814272952));
#3664=CARTESIAN_POINT('Ctrl Pts',(-19.5619118606616,-5.35234844130274,13.5044865767295));
#3665=CARTESIAN_POINT('Ctrl Pts',(-19.5141124898497,-5.54546111650493,13.7215781459382));
#3666=CARTESIAN_POINT('Ctrl Pts',(-19.5126855233197,-5.54543792758977,13.7211109334461));
#3667=CARTESIAN_POINT('Ctrl Pts',(-19.5112585570198,-5.54541473783299,13.7206437221471));
#3668=CARTESIAN_POINT('Ctrl Pts',(-19.5098315904898,-5.54539154891783,13.720176509655));
#3669=CARTESIAN_POINT('Ctrl Pts',(-19.4638811451098,-5.73173843998011,13.9461917253049));
#3670=CARTESIAN_POINT('Ctrl Pts',(-19.4624560299329,-5.7317085946274,13.9457558453861));
#3671=CARTESIAN_POINT('Ctrl Pts',(-19.4610309147559,-5.7316787492747,13.9453199654674));
#3672=CARTESIAN_POINT('Ctrl Pts',(-19.459605799579,-5.73164890392199,13.9448840855486));
#3673=CARTESIAN_POINT('Origin',(-21.3614446610939,1.22739937144315,23.1925451618283));
#3674=CARTESIAN_POINT('Origin',(-21.3614426691144,1.22739109691288,23.1927221943639));
#3675=CARTESIAN_POINT('Origin',(27.,0.,26.4));
#3676=CARTESIAN_POINT('',(30.,3.67394039744206E-16,26.4));
#3677=CARTESIAN_POINT('Origin',(27.,0.,26.4));
#3678=CARTESIAN_POINT('Origin',(27.,0.,16.3));
#3679=CARTESIAN_POINT('',(30.,3.67394039744206E-16,16.3));
#3680=CARTESIAN_POINT('Origin',(-17.9999999999997,13.625,28.));
#3681=CARTESIAN_POINT('',(-15.9999999999997,13.625,28.625));
#3682=CARTESIAN_POINT('',(-19.9999999999997,13.625,28.625));
#3683=CARTESIAN_POINT('Origin',(-17.9999999999997,13.625,28.625));
#3684=CARTESIAN_POINT('Origin',(-17.9999999999997,13.625,28.625));
#3685=CARTESIAN_POINT('',(-19.9999999999997,13.625,27.375));
#3686=CARTESIAN_POINT('Origin',(-19.9999999999997,13.625,28.));
#3687=CARTESIAN_POINT('',(-15.9999999999997,13.625,27.375));
#3688=CARTESIAN_POINT('Origin',(-17.9999999999997,13.625,27.375));
#3689=CARTESIAN_POINT('Origin',(-17.9999999999997,13.625,27.375));
#3690=CARTESIAN_POINT('Origin',(-17.9999999999997,13.625,16.3));
#3691=CARTESIAN_POINT('',(-15.9999999999997,13.625,30.1));
#3692=CARTESIAN_POINT('Origin',(-17.9999999999997,13.625,30.1));
#3693=CARTESIAN_POINT('',(-15.9999999999997,13.625,16.3));
#3694=CARTESIAN_POINT('Origin',(-17.9999999999997,-13.625,28.));
#3695=CARTESIAN_POINT('',(-15.9999999999997,-13.625,28.625));
#3696=CARTESIAN_POINT('',(-19.9999999999997,-13.625,28.625));
#3697=CARTESIAN_POINT('Origin',(-17.9999999999997,-13.625,28.625));
#3698=CARTESIAN_POINT('Origin',(-17.9999999999997,-13.625,28.625));
#3699=CARTESIAN_POINT('',(-19.9999999999997,-13.625,27.375));
#3700=CARTESIAN_POINT('Origin',(-19.9999999999997,-13.625,28.));
#3701=CARTESIAN_POINT('',(-15.9999999999997,-13.625,27.375));
#3702=CARTESIAN_POINT('Origin',(-17.9999999999997,-13.625,27.375));
#3703=CARTESIAN_POINT('Origin',(-17.9999999999997,-13.625,27.375));
#3704=CARTESIAN_POINT('Origin',(-17.9999999999997,-13.625,16.3));
#3705=CARTESIAN_POINT('',(-15.9999999999997,-13.625,16.3));
#3706=CARTESIAN_POINT('Origin',(-17.9999999999997,-13.625,30.1));
#3707=CARTESIAN_POINT('',(-15.9999999999997,-13.625,30.1));
#3708=CARTESIAN_POINT('Origin',(-17.9999999999997,-13.625,30.1));
#3709=CARTESIAN_POINT('Origin',(-17.9999999999997,13.625,30.1));
#3710=CARTESIAN_POINT('Origin',(67.5594663537125,9.82347663723639,16.3));
#3711=CARTESIAN_POINT('Ctrl Pts',(65.5673769879868,12.2635749875008,16.3));
#3712=CARTESIAN_POINT('Ctrl Pts',(65.5673769879868,12.2635749875008,15.8));
#3713=CARTESIAN_POINT('Ctrl Pts',(65.5673769879868,12.2635749875008,15.3));
#3714=CARTESIAN_POINT('Ctrl Pts',(65.5673769879868,12.2635749875008,14.3));
#3715=CARTESIAN_POINT('Ctrl Pts',(65.5673769879868,12.2635749875008,13.8));
#3716=CARTESIAN_POINT('Ctrl Pts',(65.5673769879868,12.2635749875008,13.3));
#3717=CARTESIAN_POINT('',(70.3762556987278,11.2335113126284,16.3));
#3718=CARTESIAN_POINT('Ctrl Pts',(69.2365203234866,11.5403021911191,16.3));
#3719=CARTESIAN_POINT('Ctrl Pts',(69.2365203234866,11.5403021911191,1.3));
#3720=CARTESIAN_POINT('Ctrl Pts',(69.4307464679739,11.4896507952582,16.3));
#3721=CARTESIAN_POINT('Ctrl Pts',(69.4307464679739,11.4896507952582,1.3));
#3722=CARTESIAN_POINT('Ctrl Pts',(69.6180852194982,11.440007524588,16.3));
#3723=CARTESIAN_POINT('Ctrl Pts',(69.6180852194982,11.440007524588,1.3));
#3724=CARTESIAN_POINT('Ctrl Pts',(69.7986313227342,11.3914518074408,16.3));
#3725=CARTESIAN_POINT('Ctrl Pts',(69.7986313227342,11.3914518074408,1.3));
#3726=CARTESIAN_POINT('Ctrl Pts',(69.9997565042476,11.3373615930873,16.3));
#3727=CARTESIAN_POINT('Ctrl Pts',(69.9997565042476,11.3373615930873,1.3));
#3728=CARTESIAN_POINT('Ctrl Pts',(70.1916687614304,11.2848370266567,16.3));
#3729=CARTESIAN_POINT('Ctrl Pts',(70.1916687614304,11.2848370266567,1.3));
#3730=CARTESIAN_POINT('Ctrl Pts',(70.3762556987278,11.2335113126285,16.3));
#3731=CARTESIAN_POINT('Ctrl Pts',(70.3762556987278,11.2335113126285,1.3));
#3732=CARTESIAN_POINT('',(69.2365203234866,11.5403021911191,16.3));
#3733=CARTESIAN_POINT('Origin',(67.5594663537125,9.82347663723639,16.3));
#3734=CARTESIAN_POINT('Ctrl Pts',(69.236498272766,11.5403237307411,13.3));
#3735=CARTESIAN_POINT('Ctrl Pts',(69.236498272766,11.5403237307411,13.8));
#3736=CARTESIAN_POINT('Ctrl Pts',(69.236498272766,11.5403237307411,14.3));
#3737=CARTESIAN_POINT('Ctrl Pts',(69.236498272766,11.5403237307411,15.3));
#3738=CARTESIAN_POINT('Ctrl Pts',(69.236498272766,11.5403237307411,15.8));
#3739=CARTESIAN_POINT('Ctrl Pts',(69.236498272766,11.5403237307411,16.3));
#3740=CARTESIAN_POINT('Origin',(15.9853527111368,15.3804883361798,16.3));
#3741=CARTESIAN_POINT('Origin',(-12.1840436663144,-15.9088714410193,16.3));
#3742=CARTESIAN_POINT('Origin',(15.9853527111368,15.3804883361798,16.3));
#3743=CARTESIAN_POINT('Origin',(-12.1838295521518,15.9081255933812,16.3));
#3744=CARTESIAN_POINT('Origin',(67.5593341262604,-9.825295758872,16.3));
#3745=CARTESIAN_POINT('Ctrl Pts',(69.238737417572,-11.5398232696258,16.3));
#3746=CARTESIAN_POINT('Ctrl Pts',(69.238737417572,-11.5398232696258,15.8));
#3747=CARTESIAN_POINT('Ctrl Pts',(69.2387374175721,-11.5398232696258,15.3));
#3748=CARTESIAN_POINT('Ctrl Pts',(69.2387374175721,-11.5398232696258,14.3));
#3749=CARTESIAN_POINT('Ctrl Pts',(69.2387374175721,-11.5398232696258,13.8));
#3750=CARTESIAN_POINT('Ctrl Pts',(69.2387374175721,-11.5398232696258,13.3));
#3751=CARTESIAN_POINT('',(69.2387594033755,-11.5398017339526,16.3));
#3752=CARTESIAN_POINT('Origin',(-12.1838295521518,15.9081255933812,16.3));
#3753=CARTESIAN_POINT('Ctrl Pts',(-9.88239575935542,18.3424432590475,13.3));
#3754=CARTESIAN_POINT('Ctrl Pts',(-9.88239575935542,18.3424432590475,13.8));
#3755=CARTESIAN_POINT('Ctrl Pts',(-9.88239575935542,18.3424432590475,14.3));
#3756=CARTESIAN_POINT('Ctrl Pts',(-9.88239575935542,18.3424432590475,15.3));
#3757=CARTESIAN_POINT('Ctrl Pts',(-9.88239575935542,18.3424432590475,15.8));
#3758=CARTESIAN_POINT('Ctrl Pts',(-9.88239575935542,18.3424432590475,16.3));
#3759=CARTESIAN_POINT('Origin',(-12.1840436663144,-15.9088714410193,16.3));
#3760=CARTESIAN_POINT('Ctrl Pts',(-9.88223993379784,-18.3428393078928,16.3));
#3761=CARTESIAN_POINT('Ctrl Pts',(-9.88223993379784,-18.3428393078928,15.8));
#3762=CARTESIAN_POINT('Ctrl Pts',(-9.88223993379784,-18.3428393078928,15.3));
#3763=CARTESIAN_POINT('Ctrl Pts',(-9.88223993379784,-18.3428393078928,14.3));
#3764=CARTESIAN_POINT('Ctrl Pts',(-9.88223993379784,-18.3428393078928,13.8));
#3765=CARTESIAN_POINT('Ctrl Pts',(-9.88223993379784,-18.3428393078928,13.3));
#3766=CARTESIAN_POINT('Ctrl Pts',(70.3771127887981,-11.233352366025,16.3));
#3767=CARTESIAN_POINT('Ctrl Pts',(70.3771127887981,-11.233352366025,1.3));
#3768=CARTESIAN_POINT('Ctrl Pts',(70.0139201038384,-11.3343471180467,16.3));
#3769=CARTESIAN_POINT('Ctrl Pts',(70.0139201038384,-11.3343471180467,1.3));
#3770=CARTESIAN_POINT('Ctrl Pts',(69.6347945859552,-11.4365076432017,16.3));
#3771=CARTESIAN_POINT('Ctrl Pts',(69.6347945859552,-11.4365076432017,1.3));
#3772=CARTESIAN_POINT('Ctrl Pts',(69.2387594033782,-11.5398017339519,16.3));
#3773=CARTESIAN_POINT('Ctrl Pts',(69.2387594033782,-11.5398017339519,1.3));
#3774=CARTESIAN_POINT('',(70.3771127887981,-11.233352366025,16.3));
#3775=CARTESIAN_POINT('Origin',(67.5593341262604,-9.825295758872,16.3));
#3776=CARTESIAN_POINT('Ctrl Pts',(65.5656130279691,-12.2640610575894,13.3));
#3777=CARTESIAN_POINT('Ctrl Pts',(65.5656130279691,-12.2640610575894,13.8));
#3778=CARTESIAN_POINT('Ctrl Pts',(65.5656130279691,-12.2640610575894,14.3));
#3779=CARTESIAN_POINT('Ctrl Pts',(65.5656130279691,-12.2640610575894,15.3));
#3780=CARTESIAN_POINT('Ctrl Pts',(65.5656130279691,-12.2640610575894,15.8));
#3781=CARTESIAN_POINT('Ctrl Pts',(65.5656130279691,-12.2640610575894,16.3));
#3782=CARTESIAN_POINT('Ctrl Pts',(83.9771378194833,-6.07583330998278E-6,
16.3));
#3783=CARTESIAN_POINT('Ctrl Pts',(83.9771378194833,-6.07583330998278E-6,
13.3));
#3784=CARTESIAN_POINT('Ctrl Pts',(83.8832484128564,0.667090905632326,16.3));
#3785=CARTESIAN_POINT('Ctrl Pts',(83.8832484128564,0.667090905632326,13.3));
#3786=CARTESIAN_POINT('Ctrl Pts',(83.7254563303182,1.33306661515941,16.3));
#3787=CARTESIAN_POINT('Ctrl Pts',(83.7254563303182,1.33306661515941,13.3));
#3788=CARTESIAN_POINT('Ctrl Pts',(83.2594204914321,2.74707536919796,16.3));
#3789=CARTESIAN_POINT('Ctrl Pts',(83.2594204914321,2.74707536919796,13.3));
#3790=CARTESIAN_POINT('Ctrl Pts',(82.9188048176282,3.50284446137003,16.3));
#3791=CARTESIAN_POINT('Ctrl Pts',(82.9188048176282,3.50284446137003,13.3));
#3792=CARTESIAN_POINT('Ctrl Pts',(81.7727139726876,5.39425085103905,16.3));
#3793=CARTESIAN_POINT('Ctrl Pts',(81.7727139726876,5.39425085103905,13.3));
#3794=CARTESIAN_POINT('Ctrl Pts',(80.8298543665587,6.40132472717715,16.3));
#3795=CARTESIAN_POINT('Ctrl Pts',(80.8298543665587,6.40132472717715,13.3));
#3796=CARTESIAN_POINT('Ctrl Pts',(77.1242473884119,9.10521711111212,16.3));
#3797=CARTESIAN_POINT('Ctrl Pts',(77.1242473884119,9.10521711111212,13.3));
#3798=CARTESIAN_POINT('Ctrl Pts',(73.3806387945277,10.544584683856,16.3));
#3799=CARTESIAN_POINT('Ctrl Pts',(73.3806387945277,10.544584683856,13.3));
#3800=CARTESIAN_POINT('Ctrl Pts',(55.5924329818797,14.8697333164995,16.3));
#3801=CARTESIAN_POINT('Ctrl Pts',(55.5924329818797,14.8697333164995,13.3));
#3802=CARTESIAN_POINT('Ctrl Pts',(40.8495874821877,16.1434177163206,16.3));
#3803=CARTESIAN_POINT('Ctrl Pts',(40.8495874821877,16.1434177163206,13.3));
#3804=CARTESIAN_POINT('Ctrl Pts',(19.4635734585739,17.9878015148121,16.3));
#3805=CARTESIAN_POINT('Ctrl Pts',(19.4635734585739,17.9878015148121,13.3));
#3806=CARTESIAN_POINT('Ctrl Pts',(6.75629798892178,18.5674557071821,16.3));
#3807=CARTESIAN_POINT('Ctrl Pts',(6.75629798892178,18.5674557071821,13.3));
#3808=CARTESIAN_POINT('Ctrl Pts',(-5.84068884591909,18.7954740092179,16.3));
#3809=CARTESIAN_POINT('Ctrl Pts',(-5.84068884591909,18.7954740092179,13.3));
#3810=CARTESIAN_POINT('Ctrl Pts',(-10.471475985706,18.6499979439647,16.3));
#3811=CARTESIAN_POINT('Ctrl Pts',(-10.471475985706,18.6499979439647,13.3));
#3812=CARTESIAN_POINT('Ctrl Pts',(-16.8115657720803,17.4451787295528,16.3));
#3813=CARTESIAN_POINT('Ctrl Pts',(-16.8115657720803,17.4451787295528,13.3));
#3814=CARTESIAN_POINT('Ctrl Pts',(-19.193018229867,16.6894456971672,16.3));
#3815=CARTESIAN_POINT('Ctrl Pts',(-19.193018229867,16.6894456971672,13.3));
#3816=CARTESIAN_POINT('Ctrl Pts',(-23.6525312633601,14.1173643579023,16.3));
#3817=CARTESIAN_POINT('Ctrl Pts',(-23.6525312633601,14.1173643579023,13.3));
#3818=CARTESIAN_POINT('Ctrl Pts',(-25.0473502898107,12.6328958803685,16.3));
#3819=CARTESIAN_POINT('Ctrl Pts',(-25.0473502898107,12.6328958803685,13.3));
#3820=CARTESIAN_POINT('Ctrl Pts',(-27.6577938640323,9.30415263013771,16.3));
#3821=CARTESIAN_POINT('Ctrl Pts',(-27.6577938640323,9.30415263013771,13.3));
#3822=CARTESIAN_POINT('Ctrl Pts',(-28.5648313880373,6.76867827544344,16.3));
#3823=CARTESIAN_POINT('Ctrl Pts',(-28.5648313880373,6.76867827544344,13.3));
#3824=CARTESIAN_POINT('Ctrl Pts',(-29.6330442850575,2.91022673635152,16.3));
#3825=CARTESIAN_POINT('Ctrl Pts',(-29.6330442850575,2.91022673635152,13.3));
#3826=CARTESIAN_POINT('Ctrl Pts',(-29.711657754489,1.46454238276882,16.3));
#3827=CARTESIAN_POINT('Ctrl Pts',(-29.711657754489,1.46454238276882,13.3));
#3828=CARTESIAN_POINT('Ctrl Pts',(-29.6604596184308,-0.000234482362800021,
16.3));
#3829=CARTESIAN_POINT('Ctrl Pts',(-29.6604596184308,-0.000234482362800021,
13.3));
#3830=CARTESIAN_POINT('',(83.9771378194809,-6.07582217438871E-6,16.3));
#3831=CARTESIAN_POINT('Ctrl Pts',(65.6905842885581,12.2363336290274,16.3));
#3832=CARTESIAN_POINT('Ctrl Pts',(65.6905842885581,12.2363336290274,13.3));
#3833=CARTESIAN_POINT('Ctrl Pts',(54.4589164401984,14.7258649169918,16.3));
#3834=CARTESIAN_POINT('Ctrl Pts',(54.4589164401984,14.7258649169918,13.3));
#3835=CARTESIAN_POINT('Ctrl Pts',(41.6996519957358,15.9094725848406,16.3));
#3836=CARTESIAN_POINT('Ctrl Pts',(41.6996519957358,15.9094725848406,13.3));
#3837=CARTESIAN_POINT('Ctrl Pts',(35.1862711547688,16.4806322073802,16.3));
#3838=CARTESIAN_POINT('Ctrl Pts',(35.1862711547688,16.4806322073802,13.3));
#3839=CARTESIAN_POINT('Ctrl Pts',(34.2958058125833,16.5587172850296,16.3));
#3840=CARTESIAN_POINT('Ctrl Pts',(34.2958058125833,16.5587172850296,13.3));
#3841=CARTESIAN_POINT('Ctrl Pts',(33.5295702172896,16.6241928251558,16.3));
#3842=CARTESIAN_POINT('Ctrl Pts',(33.5295702172896,16.6241928251558,13.3));
#3843=CARTESIAN_POINT('Ctrl Pts',(32.7325381844341,16.6910318592251,16.3));
#3844=CARTESIAN_POINT('Ctrl Pts',(32.7325381844341,16.6910318592251,13.3));
#3845=CARTESIAN_POINT('Ctrl Pts',(27.6996148821417,17.1130923514053,16.3));
#3846=CARTESIAN_POINT('Ctrl Pts',(27.6996148821417,17.1130923514053,13.3));
#3847=CARTESIAN_POINT('Ctrl Pts',(22.9318731168025,17.4551227225778,16.3));
#3848=CARTESIAN_POINT('Ctrl Pts',(22.9318731168025,17.4551227225778,13.3));
#3849=CARTESIAN_POINT('Ctrl Pts',(18.574440603122,17.7204370023405,16.3));
#3850=CARTESIAN_POINT('Ctrl Pts',(18.574440603122,17.7204370023405,13.3));
#3851=CARTESIAN_POINT('Ctrl Pts',(13.6357974408078,18.0013852302493,16.3));
#3852=CARTESIAN_POINT('Ctrl Pts',(13.6357974408078,18.0013852302493,13.3));
#3853=CARTESIAN_POINT('Ctrl Pts',(10.1027036458809,18.1885529930488,16.3));
#3854=CARTESIAN_POINT('Ctrl Pts',(10.1027036458809,18.1885529930488,13.3));
#3855=CARTESIAN_POINT('Ctrl Pts',(6.93275649650573,18.3286812031917,16.3));
#3856=CARTESIAN_POINT('Ctrl Pts',(6.93275649650573,18.3286812031917,13.3));
#3857=CARTESIAN_POINT('Ctrl Pts',(4.22548846979443,18.4227640787282,16.3));
#3858=CARTESIAN_POINT('Ctrl Pts',(4.22548846979443,18.4227640787282,13.3));
#3859=CARTESIAN_POINT('Ctrl Pts',(2.69215249732501,18.4760505121474,16.3));
#3860=CARTESIAN_POINT('Ctrl Pts',(2.69215249732501,18.4760505121474,13.3));
#3861=CARTESIAN_POINT('Ctrl Pts',(1.30723035833876,18.5140575847093,16.3));
#3862=CARTESIAN_POINT('Ctrl Pts',(1.30723035833876,18.5140575847093,13.3));
#3863=CARTESIAN_POINT('Ctrl Pts',(0.0888082384136785,18.5378971693801,16.3));
#3864=CARTESIAN_POINT('Ctrl Pts',(0.0888082384136785,18.5378971693801,13.3));
#3865=CARTESIAN_POINT('Ctrl Pts',(-1.10969134583828,18.5613469507403,16.3));
#3866=CARTESIAN_POINT('Ctrl Pts',(-1.10969134583828,18.5613469507403,13.3));
#3867=CARTESIAN_POINT('Ctrl Pts',(-2.22697052253847,18.5732954875775,16.3));
#3868=CARTESIAN_POINT('Ctrl Pts',(-2.22697052253847,18.5732954875775,13.3));
#3869=CARTESIAN_POINT('Ctrl Pts',(-3.32009667671191,18.5721311198808,16.3));
#3870=CARTESIAN_POINT('Ctrl Pts',(-3.32009667671191,18.5721311198808,13.3));
#3871=CARTESIAN_POINT('Ctrl Pts',(-5.75421574029827,18.5695383636862,16.3));
#3872=CARTESIAN_POINT('Ctrl Pts',(-5.75421574029827,18.5695383636862,13.3));
#3873=CARTESIAN_POINT('Ctrl Pts',(-7.98179006777409,18.5001827647356,16.3));
#3874=CARTESIAN_POINT('Ctrl Pts',(-7.98179006777409,18.5001827647356,13.3));
#3875=CARTESIAN_POINT('Ctrl Pts',(-10.0251600750276,18.3307955139427,16.3));
#3876=CARTESIAN_POINT('Ctrl Pts',(-10.0251600750276,18.3307955139427,13.3));
#3877=CARTESIAN_POINT('Ctrl Pts',(-29.6604596184308,-0.000234482362789461,
16.3));
#3878=CARTESIAN_POINT('Ctrl Pts',(-29.6604596184308,-0.000234482362789461,
13.3));
#3879=CARTESIAN_POINT('Ctrl Pts',(-29.7096737327104,-1.40841070596685,16.3));
#3880=CARTESIAN_POINT('Ctrl Pts',(-29.7096737327104,-1.40841070596685,13.3));
#3881=CARTESIAN_POINT('Ctrl Pts',(-29.6398800399047,-2.7481188147489,16.3));
#3882=CARTESIAN_POINT('Ctrl Pts',(-29.6398800399047,-2.7481188147489,13.3));
#3883=CARTESIAN_POINT('Ctrl Pts',(-28.6748718787399,-6.46407743743709,16.3));
#3884=CARTESIAN_POINT('Ctrl Pts',(-28.6748718787399,-6.46407743743709,13.3));
#3885=CARTESIAN_POINT('Ctrl Pts',(-27.9636890441455,-8.34232516873937,16.3));
#3886=CARTESIAN_POINT('Ctrl Pts',(-27.9636890441455,-8.34232516873937,13.3));
#3887=CARTESIAN_POINT('Ctrl Pts',(-26.0787711009505,-11.4508388352464,16.3));
#3888=CARTESIAN_POINT('Ctrl Pts',(-26.0787711009505,-11.4508388352464,13.3));
#3889=CARTESIAN_POINT('Ctrl Pts',(-24.8357560318222,-13.0387359636647,16.3));
#3890=CARTESIAN_POINT('Ctrl Pts',(-24.8357560318222,-13.0387359636647,13.3));
#3891=CARTESIAN_POINT('Ctrl Pts',(-20.443995510802,-16.2181913464999,16.3));
#3892=CARTESIAN_POINT('Ctrl Pts',(-20.443995510802,-16.2181913464999,13.3));
#3893=CARTESIAN_POINT('Ctrl Pts',(-17.8570756131732,-17.0937478801363,16.3));
#3894=CARTESIAN_POINT('Ctrl Pts',(-17.8570756131732,-17.0937478801363,13.3));
#3895=CARTESIAN_POINT('Ctrl Pts',(-11.5158311899787,-18.6544446132099,16.3));
#3896=CARTESIAN_POINT('Ctrl Pts',(-11.5158311899787,-18.6544446132099,13.3));
#3897=CARTESIAN_POINT('Ctrl Pts',(-6.07074578003433,-18.8508178702878,16.3));
#3898=CARTESIAN_POINT('Ctrl Pts',(-6.07074578003433,-18.8508178702878,13.3));
#3899=CARTESIAN_POINT('Ctrl Pts',(12.3410848734833,-18.3775782851794,16.3));
#3900=CARTESIAN_POINT('Ctrl Pts',(12.3410848734833,-18.3775782851794,13.3));
#3901=CARTESIAN_POINT('Ctrl Pts',(28.1903161040073,-17.3784590215148,16.3));
#3902=CARTESIAN_POINT('Ctrl Pts',(28.1903161040073,-17.3784590215148,13.3));
#3903=CARTESIAN_POINT('Ctrl Pts',(47.3638521361669,-15.4500739944549,16.3));
#3904=CARTESIAN_POINT('Ctrl Pts',(47.3638521361669,-15.4500739944549,13.3));
#3905=CARTESIAN_POINT('Ctrl Pts',(54.3498746018006,-14.6154260110736,16.3));
#3906=CARTESIAN_POINT('Ctrl Pts',(54.3498746018006,-14.6154260110736,13.3));
#3907=CARTESIAN_POINT('Ctrl Pts',(68.8454914655068,-11.8441971705414,16.3));
#3908=CARTESIAN_POINT('Ctrl Pts',(68.8454914655068,-11.8441971705414,13.3));
#3909=CARTESIAN_POINT('Ctrl Pts',(72.8303089998724,-10.6035304725501,16.3));
#3910=CARTESIAN_POINT('Ctrl Pts',(72.8303089998724,-10.6035304725501,13.3));
#3911=CARTESIAN_POINT('Ctrl Pts',(77.4368252369583,-8.72491561586205,16.3));
#3912=CARTESIAN_POINT('Ctrl Pts',(77.4368252369583,-8.72491561586205,13.3));
#3913=CARTESIAN_POINT('Ctrl Pts',(78.9369854437279,-7.84808381958677,16.3));
#3914=CARTESIAN_POINT('Ctrl Pts',(78.9369854437279,-7.84808381958677,13.3));
#3915=CARTESIAN_POINT('Ctrl Pts',(81.1726410367633,-6.05459343057415,16.3));
#3916=CARTESIAN_POINT('Ctrl Pts',(81.1726410367633,-6.05459343057415,13.3));
#3917=CARTESIAN_POINT('Ctrl Pts',(82.0560330471796,-5.03265235518707,16.3));
#3918=CARTESIAN_POINT('Ctrl Pts',(82.0560330471796,-5.03265235518707,13.3));
#3919=CARTESIAN_POINT('Ctrl Pts',(83.4019360718682,-2.55738741761055,16.3));
#3920=CARTESIAN_POINT('Ctrl Pts',(83.4019360718682,-2.55738741761055,13.3));
#3921=CARTESIAN_POINT('Ctrl Pts',(83.8044210272298,-1.2272180804971,16.3));
#3922=CARTESIAN_POINT('Ctrl Pts',(83.8044210272298,-1.2272180804971,13.3));
#3923=CARTESIAN_POINT('Ctrl Pts',(83.9771378194809,-6.07582217438871E-6,
16.3));
#3924=CARTESIAN_POINT('Ctrl Pts',(83.9771378194809,-6.07582217438871E-6,
13.3));
#3925=CARTESIAN_POINT('Ctrl Pts',(18.5749406157341,-17.7206859577117,16.3));
#3926=CARTESIAN_POINT('Ctrl Pts',(18.5749406157341,-17.7206859577117,13.3));
#3927=CARTESIAN_POINT('Ctrl Pts',(26.0751910229974,-17.2639769319992,16.3));
#3928=CARTESIAN_POINT('Ctrl Pts',(26.0751910229974,-17.2639769319992,13.3));
#3929=CARTESIAN_POINT('Ctrl Pts',(34.0372183945541,-16.6363454145819,16.3));
#3930=CARTESIAN_POINT('Ctrl Pts',(34.0372183945541,-16.6363454145819,13.3));
#3931=CARTESIAN_POINT('Ctrl Pts',(41.237546091234,-15.9154327275363,16.3));
#3932=CARTESIAN_POINT('Ctrl Pts',(41.237546091234,-15.9154327275363,13.3));
#3933=CARTESIAN_POINT('Ctrl Pts',(42.7590134967844,-15.7631000557756,16.3));
#3934=CARTESIAN_POINT('Ctrl Pts',(42.7590134967844,-15.7631000557756,13.3));
#3935=CARTESIAN_POINT('Ctrl Pts',(44.3341615613032,-15.5967090385016,16.3));
#3936=CARTESIAN_POINT('Ctrl Pts',(44.3341615613032,-15.5967090385016,13.3));
#3937=CARTESIAN_POINT('Ctrl Pts',(45.9741051185863,-15.4089420782685,16.3));
#3938=CARTESIAN_POINT('Ctrl Pts',(45.9741051185863,-15.4089420782685,13.3));
#3939=CARTESIAN_POINT('Ctrl Pts',(49.0346407282135,-15.0585230253976,16.3));
#3940=CARTESIAN_POINT('Ctrl Pts',(49.0346407282135,-15.0585230253976,13.3));
#3941=CARTESIAN_POINT('Ctrl Pts',(52.2946147431794,-14.6352553002532,16.3));
#3942=CARTESIAN_POINT('Ctrl Pts',(52.2946147431794,-14.6352553002532,13.3));
#3943=CARTESIAN_POINT('Ctrl Pts',(55.6771987394131,-14.103553338754,16.3));
#3944=CARTESIAN_POINT('Ctrl Pts',(55.6771987394131,-14.103553338754,13.3));
#3945=CARTESIAN_POINT('Ctrl Pts',(57.4625512296155,-13.8229171676892,16.3));
#3946=CARTESIAN_POINT('Ctrl Pts',(57.4625512296155,-13.8229171676892,13.3));
#3947=CARTESIAN_POINT('Ctrl Pts',(59.2821766076392,-13.5126773474779,16.3));
#3948=CARTESIAN_POINT('Ctrl Pts',(59.2821766076392,-13.5126773474779,13.3));
#3949=CARTESIAN_POINT('Ctrl Pts',(61.1244699069231,-13.1666713644957,16.3));
#3950=CARTESIAN_POINT('Ctrl Pts',(61.1244699069231,-13.1666713644957,13.3));
#3951=CARTESIAN_POINT('Ctrl Pts',(62.3287484430321,-12.9404926236662,16.3));
#3952=CARTESIAN_POINT('Ctrl Pts',(62.3287484430321,-12.9404926236662,13.3));
#3953=CARTESIAN_POINT('Ctrl Pts',(63.4934870211405,-12.7075922089864,16.3));
#3954=CARTESIAN_POINT('Ctrl Pts',(63.4934870211405,-12.7075922089864,13.3));
#3955=CARTESIAN_POINT('Ctrl Pts',(64.5518827634174,-12.4832243684208,16.3));
#3956=CARTESIAN_POINT('Ctrl Pts',(64.5518827634174,-12.4832243684208,13.3));
#3957=CARTESIAN_POINT('Ctrl Pts',(64.9420047172943,-12.4005229583033,16.3));
#3958=CARTESIAN_POINT('Ctrl Pts',(64.9420047172943,-12.4005229583033,13.3));
#3959=CARTESIAN_POINT('Ctrl Pts',(65.3207904383982,-12.3183910530889,16.3));
#3960=CARTESIAN_POINT('Ctrl Pts',(65.3207904383982,-12.3183910530889,13.3));
#3961=CARTESIAN_POINT('Ctrl Pts',(65.6886521151749,-12.2368584562886,16.3));
#3962=CARTESIAN_POINT('Ctrl Pts',(65.6886521151749,-12.2368584562886,13.3));
#3963=CARTESIAN_POINT('Ctrl Pts',(-10.0249613013642,-18.3311959147276,16.3));
#3964=CARTESIAN_POINT('Ctrl Pts',(-10.0249613013642,-18.3311959147276,13.3));
#3965=CARTESIAN_POINT('Ctrl Pts',(-6.94762106477626,-18.5862756285777,16.3));
#3966=CARTESIAN_POINT('Ctrl Pts',(-6.94762106477626,-18.5862756285777,13.3));
#3967=CARTESIAN_POINT('Ctrl Pts',(-3.3729157167264,-18.619968050235,16.3));
#3968=CARTESIAN_POINT('Ctrl Pts',(-3.3729157167264,-18.619968050235,13.3));
#3969=CARTESIAN_POINT('Ctrl Pts',(0.891993456040531,-18.521048315078,16.3));
#3970=CARTESIAN_POINT('Ctrl Pts',(0.891993456040531,-18.521048315078,13.3));
#3971=CARTESIAN_POINT('Ctrl Pts',(4.62516818196623,-18.4344615578402,16.3));
#3972=CARTESIAN_POINT('Ctrl Pts',(4.62516818196623,-18.4344615578402,13.3));
#3973=CARTESIAN_POINT('Ctrl Pts',(8.97257158438902,-18.2487321074346,16.3));
#3974=CARTESIAN_POINT('Ctrl Pts',(8.97257158438902,-18.2487321074346,13.3));
#3975=CARTESIAN_POINT('Ctrl Pts',(13.6347943349926,-18.0017371248251,16.3));
#3976=CARTESIAN_POINT('Ctrl Pts',(13.6347943349926,-18.0017371248251,13.3));
#3977=CARTESIAN_POINT('Origin',(1.95355898285365,14.1166287843832,2.5));
#3978=CARTESIAN_POINT('',(3.27855898285365,14.1166287843832,15.3));
#3979=CARTESIAN_POINT('',(3.27855898285365,14.1166287843832,2.5));
#3980=CARTESIAN_POINT('Origin',(1.95355898285365,14.1166287843832,15.3));
#3981=CARTESIAN_POINT('Origin',(1.95355898285365,14.1166287843832,15.3));
#3982=CARTESIAN_POINT('Origin',(48.5345361272123,9.88895293168786,2.5));
#3983=CARTESIAN_POINT('',(49.8595361272123,9.88895293168786,15.3));
#3984=CARTESIAN_POINT('',(49.8595361272123,9.88895293168786,2.5));
#3985=CARTESIAN_POINT('Origin',(48.5345361272123,9.88895293168786,15.3));
#3986=CARTESIAN_POINT('Origin',(48.5345361272123,9.88895293168786,15.3));
#3987=CARTESIAN_POINT('Origin',(73.5324902712809,4.16819706868126,15.3));
#3988=CARTESIAN_POINT('',(74.857490271281,4.16819706868126,15.3));
#3989=CARTESIAN_POINT('Origin',(73.5324902712809,4.16819706868126,15.3));
#3990=CARTESIAN_POINT('Origin',(73.5324902712809,4.16819706868126,2.5));
#3991=CARTESIAN_POINT('',(74.857490271281,4.16819706868126,2.5));
#3992=CARTESIAN_POINT('Origin',(-18.850196508365,11.9916696747455,15.3));
#3993=CARTESIAN_POINT('',(-17.525196508365,11.9916696747455,15.3));
#3994=CARTESIAN_POINT('Origin',(-18.850196508365,11.9916696747455,15.3));
#3995=CARTESIAN_POINT('Origin',(-18.850196508365,11.9916696747455,2.5));
#3996=CARTESIAN_POINT('',(-17.525196508365,11.9916696747455,2.5));
#3997=CARTESIAN_POINT('Origin',(-18.8501965083657,-11.9921003292882,15.3));
#3998=CARTESIAN_POINT('',(-17.5251965083657,-11.9921003292882,15.3));
#3999=CARTESIAN_POINT('Origin',(-18.8501965083657,-11.9921003292882,15.3));
#4000=CARTESIAN_POINT('Origin',(-18.8501965083657,-11.9921003292882,2.5));
#4001=CARTESIAN_POINT('',(-17.5251965083657,-11.9921003292882,2.5));
#4002=CARTESIAN_POINT('Origin',(73.5325064139672,-4.16824387935035,15.3));
#4003=CARTESIAN_POINT('',(74.8575064139672,-4.16824387935035,15.3));
#4004=CARTESIAN_POINT('Origin',(73.5325064139672,-4.16824387935035,15.3));
#4005=CARTESIAN_POINT('Origin',(73.5325064139672,-4.16824387935035,2.5));
#4006=CARTESIAN_POINT('',(74.8575064139672,-4.16824387935035,2.5));
#4007=CARTESIAN_POINT('Origin',(1.95386246908382,-14.1163764220886,2.5));
#4008=CARTESIAN_POINT('',(3.27886246908382,-14.1163764220886,15.3));
#4009=CARTESIAN_POINT('',(3.27886246908382,-14.1163764220886,2.5));
#4010=CARTESIAN_POINT('Origin',(1.95386246908382,-14.1163764220886,15.3));
#4011=CARTESIAN_POINT('Origin',(1.95386246908382,-14.1163764220886,15.3));
#4012=CARTESIAN_POINT('Origin',(48.5347487132101,-9.88769914065734,2.5));
#4013=CARTESIAN_POINT('',(49.8597487132101,-9.88769914065734,15.3));
#4014=CARTESIAN_POINT('',(49.8597487132101,-9.88769914065734,2.5));
#4015=CARTESIAN_POINT('Origin',(48.5347487132101,-9.88769914065734,15.3));
#4016=CARTESIAN_POINT('Origin',(48.5347487132101,-9.88769914065734,15.3));
#4017=CARTESIAN_POINT('Origin',(-17.9999999999997,-13.625,16.3));
#4018=CARTESIAN_POINT('',(-15.9999999999997,-13.625,16.3));
#4019=CARTESIAN_POINT('Origin',(6.275,-5.875,16.3));
#4020=CARTESIAN_POINT('',(6.275,6.125,16.3));
#4021=CARTESIAN_POINT('',(6.275,-6.125,16.3));
#4022=CARTESIAN_POINT('Origin',(-16.525,-6.125,16.3));
#4023=CARTESIAN_POINT('',(-16.775,-6.125,16.3));
#4024=CARTESIAN_POINT('Origin',(-16.775,5.875,16.3));
#4025=CARTESIAN_POINT('',(-16.775,6.125,16.3));
#4026=CARTESIAN_POINT('Origin',(5.875,6.125,16.3));
#4027=CARTESIAN_POINT('Origin',(47.895,5.875,16.3));
#4028=CARTESIAN_POINT('',(47.895,-6.125,16.3));
#4029=CARTESIAN_POINT('',(47.895,6.125,16.3));
#4030=CARTESIAN_POINT('Origin',(70.695,6.125,16.3));
#4031=CARTESIAN_POINT('',(70.945,6.12500000000001,16.3));
#4032=CARTESIAN_POINT('Origin',(70.945,-5.875,16.3));
#4033=CARTESIAN_POINT('',(70.945,-6.125,16.3));
#4034=CARTESIAN_POINT('Origin',(48.295,-6.125,16.3));
#4035=CARTESIAN_POINT('Origin',(-17.9999999999997,13.625,16.3));
#4036=CARTESIAN_POINT('',(-15.9999999999997,13.625,16.3));
#4037=CARTESIAN_POINT('',(0.,0.,0.));
#4038=UNCERTAINTY_MEASURE_WITH_UNIT(LENGTH_MEASURE(0.01),#4044,
'DISTANCE_ACCURACY_VALUE',
'Maximum model space distance between geometric entities at asserted c
onnectivities');
#4039=UNCERTAINTY_MEASURE_WITH_UNIT(LENGTH_MEASURE(0.01),#4044,
'DISTANCE_ACCURACY_VALUE',
'Maximum model space distance between geometric entities at asserted c
onnectivities');
#4040=UNCERTAINTY_MEASURE_WITH_UNIT(LENGTH_MEASURE(0.01),#4044,
'DISTANCE_ACCURACY_VALUE',
'Maximum model space distance between geometric entities at asserted c
onnectivities');
#4041=(
GEOMETRIC_REPRESENTATION_CONTEXT(3)
GLOBAL_UNCERTAINTY_ASSIGNED_CONTEXT((#4038))
GLOBAL_UNIT_ASSIGNED_CONTEXT((#4044,#4046,#4047))
REPRESENTATION_CONTEXT('','3D')
);
#4042=(
GEOMETRIC_REPRESENTATION_CONTEXT(3)
GLOBAL_UNCERTAINTY_ASSIGNED_CONTEXT((#4039))
GLOBAL_UNIT_ASSIGNED_CONTEXT((#4044,#4046,#4047))
REPRESENTATION_CONTEXT('','3D')
);
#4043=(
GEOMETRIC_REPRESENTATION_CONTEXT(3)
GLOBAL_UNCERTAINTY_ASSIGNED_CONTEXT((#4040))
GLOBAL_UNIT_ASSIGNED_CONTEXT((#4044,#4046,#4047))
REPRESENTATION_CONTEXT('','3D')
);
#4044=(
LENGTH_UNIT()
NAMED_UNIT(*)
SI_UNIT(.MILLI.,.METRE.)
);
#4045=(
LENGTH_UNIT()
NAMED_UNIT(*)
SI_UNIT($,.METRE.)
);
#4046=(
NAMED_UNIT(*)
PLANE_ANGLE_UNIT()
SI_UNIT($,.RADIAN.)
);
#4047=(
NAMED_UNIT(*)
SI_UNIT($,.STERADIAN.)
SOLID_ANGLE_UNIT()
);
#4048=SHAPE_DEFINITION_REPRESENTATION(#4050,#4053);
#4049=SHAPE_DEFINITION_REPRESENTATION(#4051,#4054);
#4050=PRODUCT_DEFINITION_SHAPE('',$,#4056);
#4051=PRODUCT_DEFINITION_SHAPE('',$,#4057);
#4052=PRODUCT_DEFINITION_SHAPE($,$,#14);
#4053=SHAPE_REPRESENTATION('',(#1829,#2005),#4041);
#4054=SHAPE_REPRESENTATION('',(#1830),#4042);
#4055=PRODUCT_DEFINITION_CONTEXT('part definition',#4063,'design');
#4056=PRODUCT_DEFINITION('pez_semana_15_colagrande',
'pez_semana_15_colagrande v10',#4058,#4055);
#4057=PRODUCT_DEFINITION('piso_sup','piso_sup',#4059,#4055);
#4058=PRODUCT_DEFINITION_FORMATION('',$,#4065);
#4059=PRODUCT_DEFINITION_FORMATION('',$,#4066);
#4060=PRODUCT_RELATED_PRODUCT_CATEGORY('pez_semana_15_colagrande v10',
'pez_semana_15_colagrande v10',(#4065));
#4061=PRODUCT_RELATED_PRODUCT_CATEGORY('piso_sup','piso_sup',(#4066));
#4062=APPLICATION_PROTOCOL_DEFINITION('international standard',
'automotive_design',2009,#4063);
#4063=APPLICATION_CONTEXT(
'Core Data for Automotive Mechanical Design Process');
#4064=PRODUCT_CONTEXT('part definition',#4063,'mechanical');
#4065=PRODUCT('pez_semana_15_colagrande','pez_semana_15_colagrande v10',
$,(#4064));
#4066=PRODUCT('piso_sup','piso_sup',$,(#4064));
#4067=PRESENTATION_STYLE_ASSIGNMENT((#4069));
#4068=PRESENTATION_STYLE_ASSIGNMENT((#4070));
#4069=SURFACE_STYLE_USAGE(.BOTH.,#4071);
#4070=SURFACE_STYLE_USAGE(.BOTH.,#4072);
#4071=SURFACE_SIDE_STYLE('',(#4073));
#4072=SURFACE_SIDE_STYLE('',(#4074));
#4073=SURFACE_STYLE_FILL_AREA(#4075);
#4074=SURFACE_STYLE_FILL_AREA(#4076);
#4075=FILL_AREA_STYLE('Steel - Satin',(#4077));
#4076=FILL_AREA_STYLE('Glass - Frosted Light',(#4078));
#4077=FILL_AREA_STYLE_COLOUR('Steel - Satin',#4079);
#4078=FILL_AREA_STYLE_COLOUR('Glass - Frosted Light',#4080);
#4079=COLOUR_RGB('Steel - Satin',0.627450980392157,0.627450980392157,0.627450980392157);
#4080=COLOUR_RGB('Glass - Frosted Light',0.964705882352941,0.964705882352941,
0.952941176470588);
ENDSEC;
END-ISO-10303-21;
