ISO-10303-21;
HEADER;
/* Generated by software containing ST-Developer
 * from STEP Tools, Inc. (www.steptools.com) 
 */

FILE_DESCRIPTION(
/* description */ (''),
/* implementation_level */ '2;1');

FILE_NAME(
/* name */ 'superior_casing.step',
/* time_stamp */ '2026-08-19T10:18:06-05:00',
/* author */ (''),
/* organization */ (''),
/* preprocessor_version */ 'ST-DEVELOPER v20.1',
/* originating_system */ 'Autodesk Translation Framework v15.8.0.0',
/* authorisation */ '');

FILE_SCHEMA (('AUTOMOTIVE_DESIGN { 1 0 10303 214 3 1 1 }'));
ENDSEC;

DATA;
#10=MECHANICAL_DESIGN_GEOMETRIC_PRESENTATION_REPRESENTATION('',(#17),#6059);
#11=ITEM_DEFINED_TRANSFORMATION($,$,#2182,#2298);
#12=(
REPRESENTATION_RELATIONSHIP($,$,#6070,#6069)
REPRESENTATION_RELATIONSHIP_WITH_TRANSFORMATION(#11)
SHAPE_REPRESENTATION_RELATIONSHIP()
);
#13=CONTEXT_DEPENDENT_SHAPE_REPRESENTATION(#12,#6068);
#14=NEXT_ASSEMBLY_USAGE_OCCURRENCE('Carcasa_sup:1','Carcasa_sup:1',
'Carcasa_sup:1',#6072,#6073,'Carcasa_sup:1');
#15=SHAPE_REPRESENTATION_RELATIONSHIP('SRR','None',#6070,#16);
#16=ADVANCED_BREP_SHAPE_REPRESENTATION('',(#18),#6058);
#17=STYLED_ITEM('',(#6085),#18);
#18=MANIFOLD_SOLID_BREP('Carcasa_sup',#2168);
#19=(
BOUNDED_CURVE()
B_SPLINE_CURVE(5,(#5415,#5416,#5417,#5418,#5419,#5420,#5421,#5422,#5423,
#5424,#5425,#5426,#5427,#5428,#5429,#5430,#5431,#5432,#5433,#5434,#5435,
#5436,#5437,#5438,#5439,#5440,#5441,#5442,#5443,#5444,#5445,#5446,#5447,
#5448,#5449,#5450,#5451,#5452,#5453,#5454,#5455,#5456,#5457,#5458,#5459,
#5460,#5461,#5462,#5463,#5464,#5465,#5466,#5467,#5468,#5469,#5470,#5471,
#5472,#5473,#5474,#5475,#5476),.UNSPECIFIED.,.F.,.F.)
B_SPLINE_CURVE_WITH_KNOTS((6,1,1,1,1,1,1,1,1,1,1,1,1,1,1,1,1,1,1,1,1,1,
1,1,1,1,1,1,1,1,1,1,1,1,1,1,1,1,1,1,1,1,1,1,1,1,1,1,1,1,1,1,1,1,1,1,1,6),
(-1.,-0.983333333333335,-0.966666666666668,-0.950000000000001,-0.933333333333335,
-0.916666666666668,-0.900000000000001,-0.883333333333334,-0.866666666666668,
-0.850000000000001,-0.833333333333334,-0.816666666666668,-0.800000000000001,
-0.783333333333334,-0.766666666666667,-0.750000000000001,-0.733333333333334,
-0.716666666666667,-0.700000000000001,-0.683333333333334,-0.666666666666667,
-0.65,-0.633333333333334,-0.616666666666667,-0.6,-0.583333333333333,-0.566666666666667,
-0.55,-0.533333333333333,-0.516666666666667,-0.5,-0.483333333333333,-0.466666666666667,
-0.45,-0.433333333333333,-0.416666666666667,-0.4,-0.383333333333333,-0.366666666666667,
-0.35,-0.333333333333333,-0.316666666666667,-0.3,-0.283333333333333,-0.266666666666667,
-0.25,-0.233333333333333,-0.216666666666667,-0.2,-0.183333333333333,-0.166666666666667,
-0.15,-0.133333333333333,-0.116666666666667,-0.1,-0.0833333333333333,-0.0666666666666667,
-0.0560599243618763),.UNSPECIFIED.)
CURVE()
GEOMETRIC_REPRESENTATION_ITEM()
RATIONAL_B_SPLINE_CURVE((1.,1.,1.,1.,1.,1.,1.,1.,1.,1.,1.,1.,1.,1.,1.,1.,
1.,1.,1.,1.,1.,1.,1.,1.,1.,1.,1.,1.,1.,1.,1.,1.,1.,1.,1.,1.,1.,1.,1.,1.,
1.,1.,1.,1.,1.,1.,1.,1.,1.,1.,1.,1.,1.,1.,1.,1.,1.,1.,1.,1.,1.,1.))
REPRESENTATION_ITEM('')
);
#20=(
BOUNDED_CURVE()
B_SPLINE_CURVE(5,(#5750,#5751,#5752,#5753,#5754,#5755,#5756,#5757,#5758,
#5759,#5760,#5761,#5762,#5763,#5764,#5765,#5766,#5767,#5768,#5769,#5770,
#5771,#5772,#5773,#5774,#5775,#5776,#5777,#5778,#5779,#5780,#5781,#5782,
#5783,#5784,#5785,#5786,#5787,#5788,#5789,#5790,#5791,#5792,#5793,#5794,
#5795,#5796,#5797,#5798,#5799,#5800,#5801,#5802,#5803,#5804,#5805,#5806,
#5807,#5808,#5809,#5810,#5811),.UNSPECIFIED.,.F.,.F.)
B_SPLINE_CURVE_WITH_KNOTS((6,1,1,1,1,1,1,1,1,1,1,1,1,1,1,1,1,1,1,1,1,1,
1,1,1,1,1,1,1,1,1,1,1,1,1,1,1,1,1,1,1,1,1,1,1,1,1,1,1,1,1,1,1,1,1,1,1,6),
(0.0565981770145081,0.0666666666666667,0.0833333333333333,0.1,0.116666666666667,
0.133333333333333,0.15,0.166666666666667,0.183333333333333,0.2,0.216666666666667,
0.233333333333333,0.25,0.266666666666667,0.283333333333333,0.3,0.316666666666667,
0.333333333333333,0.35,0.366666666666667,0.383333333333333,0.4,0.416666666666667,
0.433333333333333,0.45,0.466666666666667,0.483333333333333,0.5,0.516666666666667,
0.533333333333333,0.55,0.566666666666667,0.583333333333333,0.6,0.616666666666667,
0.633333333333334,0.65,0.666666666666667,0.683333333333334,0.700000000000001,
0.716666666666667,0.733333333333334,0.750000000000001,0.766666666666667,
0.783333333333334,0.800000000000001,0.816666666666668,0.833333333333334,
0.850000000000001,0.866666666666668,0.883333333333334,0.900000000000001,
0.916666666666668,0.933333333333335,0.950000000000001,0.966666666666668,
0.983333333333335,1.),.UNSPECIFIED.)
CURVE()
GEOMETRIC_REPRESENTATION_ITEM()
RATIONAL_B_SPLINE_CURVE((1.,1.,1.,1.,1.,1.,1.,1.,1.,1.,1.,1.,1.,1.,1.,1.,
1.,1.,1.,1.,1.,1.,1.,1.,1.,1.,1.,1.,1.,1.,1.,1.,1.,1.,1.,1.,1.,1.,1.,1.,
1.,1.,1.,1.,1.,1.,1.,1.,1.,1.,1.,1.,1.,1.,1.,1.,1.,1.,1.,1.,1.,1.))
REPRESENTATION_ITEM('')
);
#21=CIRCLE('',#2240,3.15);
#22=CIRCLE('',#2243,2.35);
#23=CIRCLE('',#2245,2.4);
#24=CIRCLE('',#2247,1.3);
#25=CIRCLE('',#2248,1.3);
#26=CIRCLE('',#2250,2.45);
#27=CIRCLE('',#2252,3.25);
#28=CIRCLE('',#2254,1.3);
#29=CIRCLE('',#2255,1.3);
#30=CIRCLE('',#2257,2.45);
#31=CIRCLE('',#2259,2.4);
#32=CIRCLE('',#2261,1.3);
#33=CIRCLE('',#2262,1.3);
#34=CIRCLE('',#2264,2.35);
#35=CIRCLE('',#2266,1.3);
#36=CIRCLE('',#2267,1.3);
#37=CIRCLE('',#2269,2.45);
#38=CIRCLE('',#2271,3.25);
#39=CIRCLE('',#2273,1.3);
#40=CIRCLE('',#2274,1.3);
#41=CIRCLE('',#2276,2.45);
#42=CIRCLE('',#2279,3.15);
#43=CIRCLE('',#2281,3.15);
#44=CIRCLE('',#2283,1.3);
#45=CIRCLE('',#2284,1.3);
#46=CIRCLE('',#2290,3.25);
#47=CIRCLE('',#2293,3.15);
#48=CIRCLE('',#2296,3.25);
#49=CYLINDRICAL_SURFACE('',#2229,1.6);
#50=CYLINDRICAL_SURFACE('',#2239,3.15);
#51=CYLINDRICAL_SURFACE('',#2241,2.4);
#52=CYLINDRICAL_SURFACE('',#2242,2.35);
#53=CYLINDRICAL_SURFACE('',#2244,2.4);
#54=CYLINDRICAL_SURFACE('',#2246,1.3);
#55=CYLINDRICAL_SURFACE('',#2251,3.25);
#56=CYLINDRICAL_SURFACE('',#2253,1.3);
#57=CYLINDRICAL_SURFACE('',#2258,2.4);
#58=CYLINDRICAL_SURFACE('',#2260,1.3);
#59=CYLINDRICAL_SURFACE('',#2265,1.3);
#60=CYLINDRICAL_SURFACE('',#2270,3.25);
#61=CYLINDRICAL_SURFACE('',#2272,1.3);
#62=CYLINDRICAL_SURFACE('',#2277,2.4);
#63=CYLINDRICAL_SURFACE('',#2278,3.15);
#64=CYLINDRICAL_SURFACE('',#2280,3.15);
#65=CYLINDRICAL_SURFACE('',#2282,1.3);
#66=CYLINDRICAL_SURFACE('',#2286,2.45);
#67=CYLINDRICAL_SURFACE('',#2287,2.45);
#68=CYLINDRICAL_SURFACE('',#2288,2.45);
#69=CYLINDRICAL_SURFACE('',#2289,3.25);
#70=CYLINDRICAL_SURFACE('',#2291,2.35);
#71=CYLINDRICAL_SURFACE('',#2292,3.15);
#72=CYLINDRICAL_SURFACE('',#2294,2.45);
#73=CYLINDRICAL_SURFACE('',#2295,3.25);
#74=FACE_BOUND('',#278,.T.);
#75=FACE_BOUND('',#309,.T.);
#76=FACE_BOUND('',#314,.T.);
#77=FACE_BOUND('',#318,.T.);
#78=FACE_BOUND('',#321,.T.);
#79=FACE_BOUND('',#326,.T.);
#80=FACE_BOUND('',#334,.T.);
#81=FACE_BOUND('',#336,.T.);
#82=FACE_BOUND('',#338,.T.);
#83=FACE_BOUND('',#340,.T.);
#84=FACE_BOUND('',#341,.T.);
#85=FACE_BOUND('',#342,.T.);
#86=FACE_BOUND('',#344,.T.);
#87=FACE_BOUND('',#345,.T.);
#88=FACE_BOUND('',#346,.T.);
#89=FACE_BOUND('',#348,.T.);
#90=FACE_BOUND('',#357,.T.);
#91=FACE_BOUND('',#361,.T.);
#92=FACE_BOUND('',#362,.T.);
#93=FACE_BOUND('',#363,.T.);
#94=FACE_BOUND('',#364,.T.);
#95=FACE_BOUND('',#365,.T.);
#96=FACE_BOUND('',#366,.T.);
#97=FACE_BOUND('',#367,.T.);
#98=B_SPLINE_SURFACE_WITH_KNOTS('',3,3,((#2962,#2963,#2964,#2965),(#2966,
#2967,#2968,#2969),(#2970,#2971,#2972,#2973),(#2974,#2975,#2976,#2977)),
 .UNSPECIFIED.,.F.,.F.,.F.,(4,4),(4,4),(0.,1.),(0.,0.217029934131952),
 .UNSPECIFIED.);
#99=B_SPLINE_SURFACE_WITH_KNOTS('',3,3,((#2986,#2987,#2988,#2989),(#2990,
#2991,#2992,#2993),(#2994,#2995,#2996,#2997),(#2998,#2999,#3000,#3001)),
 .UNSPECIFIED.,.F.,.F.,.F.,(4,4),(4,4),(0.,1.),(0.,0.263208656557883),
 .UNSPECIFIED.);
#100=B_SPLINE_SURFACE_WITH_KNOTS('',3,3,((#3011,#3012,#3013,#3014),(#3015,
#3016,#3017,#3018),(#3019,#3020,#3021,#3022),(#3023,#3024,#3025,#3026)),
 .UNSPECIFIED.,.F.,.F.,.F.,(4,4),(4,4),(0.,1.),(0.,0.265968705576749),
 .UNSPECIFIED.);
#101=B_SPLINE_SURFACE_WITH_KNOTS('',3,3,((#3033,#3034,#3035,#3036),(#3037,
#3038,#3039,#3040),(#3041,#3042,#3043,#3044),(#3045,#3046,#3047,#3048)),
 .UNSPECIFIED.,.F.,.F.,.F.,(4,4),(4,4),(0.,1.),(0.,0.265968705576749),
 .UNSPECIFIED.);
#102=B_SPLINE_SURFACE_WITH_KNOTS('',3,3,((#3055,#3056,#3057,#3058),(#3059,
#3060,#3061,#3062),(#3063,#3064,#3065,#3066),(#3067,#3068,#3069,#3070)),
 .UNSPECIFIED.,.F.,.F.,.F.,(4,4),(4,4),(0.,1.),(0.,0.236203925411715),
 .UNSPECIFIED.);
#103=B_SPLINE_SURFACE_WITH_KNOTS('',3,3,((#3077,#3078,#3079,#3080),(#3081,
#3082,#3083,#3084),(#3085,#3086,#3087,#3088),(#3089,#3090,#3091,#3092)),
 .UNSPECIFIED.,.F.,.F.,.F.,(4,4),(4,4),(0.,0.120242369878197),(0.,0.0351725254699656),
 .UNSPECIFIED.);
#104=B_SPLINE_SURFACE_WITH_KNOTS('',3,3,((#3097,#3098,#3099,#3100),(#3101,
#3102,#3103,#3104),(#3105,#3106,#3107,#3108),(#3109,#3110,#3111,#3112)),
 .UNSPECIFIED.,.F.,.F.,.F.,(4,4),(4,4),(0.917073598005438,1.),(0.,0.019136202967767),
 .UNSPECIFIED.);
#105=B_SPLINE_SURFACE_WITH_KNOTS('',3,3,((#3154,#3155,#3156,#3157,#3158,
#3159,#3160,#3161,#3162,#3163,#3164,#3165,#3166,#3167,#3168,#3169,#3170),
(#3171,#3172,#3173,#3174,#3175,#3176,#3177,#3178,#3179,#3180,#3181,#3182,
#3183,#3184,#3185,#3186,#3187),(#3188,#3189,#3190,#3191,#3192,#3193,#3194,
#3195,#3196,#3197,#3198,#3199,#3200,#3201,#3202,#3203,#3204),(#3205,#3206,
#3207,#3208,#3209,#3210,#3211,#3212,#3213,#3214,#3215,#3216,#3217,#3218,
#3219,#3220,#3221),(#3222,#3223,#3224,#3225,#3226,#3227,#3228,#3229,#3230,
#3231,#3232,#3233,#3234,#3235,#3236,#3237,#3238),(#3239,#3240,#3241,#3242,
#3243,#3244,#3245,#3246,#3247,#3248,#3249,#3250,#3251,#3252,#3253,#3254,
#3255),(#3256,#3257,#3258,#3259,#3260,#3261,#3262,#3263,#3264,#3265,#3266,
#3267,#3268,#3269,#3270,#3271,#3272),(#3273,#3274,#3275,#3276,#3277,#3278,
#3279,#3280,#3281,#3282,#3283,#3284,#3285,#3286,#3287,#3288,#3289),(#3290,
#3291,#3292,#3293,#3294,#3295,#3296,#3297,#3298,#3299,#3300,#3301,#3302,
#3303,#3304,#3305,#3306),(#3307,#3308,#3309,#3310,#3311,#3312,#3313,#3314,
#3315,#3316,#3317,#3318,#3319,#3320,#3321,#3322,#3323),(#3324,#3325,#3326,
#3327,#3328,#3329,#3330,#3331,#3332,#3333,#3334,#3335,#3336,#3337,#3338,
#3339,#3340),(#3341,#3342,#3343,#3344,#3345,#3346,#3347,#3348,#3349,#3350,
#3351,#3352,#3353,#3354,#3355,#3356,#3357),(#3358,#3359,#3360,#3361,#3362,
#3363,#3364,#3365,#3366,#3367,#3368,#3369,#3370,#3371,#3372,#3373,#3374),
(#3375,#3376,#3377,#3378,#3379,#3380,#3381,#3382,#3383,#3384,#3385,#3386,
#3387,#3388,#3389,#3390,#3391),(#3392,#3393,#3394,#3395,#3396,#3397,#3398,
#3399,#3400,#3401,#3402,#3403,#3404,#3405,#3406,#3407,#3408),(#3409,#3410,
#3411,#3412,#3413,#3414,#3415,#3416,#3417,#3418,#3419,#3420,#3421,#3422,
#3423,#3424,#3425)),.UNSPECIFIED.,.F.,.F.,.F.,(4,1,1,1,1,1,2,1,1,1,1,1,
4),(4,1,2,1,1,1,2,1,1,1,1,1,4),(0.,0.111111111111111,0.166666666666667,
0.222222222222222,0.333333333333333,0.444444444444444,0.5,0.555555555555556,
0.666666666666667,0.777777777777778,0.833333333333333,0.888888888888889,
1.),(0.,0.111111111111111,0.166666666666667,0.222222222222222,0.333333333333333,
0.444444444444444,0.5,0.555555555555556,0.666666666666667,0.777777777777778,
0.833333333333333,0.888888888888889,1.),.UNSPECIFIED.);
#106=B_SPLINE_SURFACE_WITH_KNOTS('',3,3,((#3877,#3878,#3879,#3880,#3881,
#3882,#3883,#3884,#3885,#3886,#3887,#3888,#3889,#3890,#3891,#3892,#3893),
(#3894,#3895,#3896,#3897,#3898,#3899,#3900,#3901,#3902,#3903,#3904,#3905,
#3906,#3907,#3908,#3909,#3910),(#3911,#3912,#3913,#3914,#3915,#3916,#3917,
#3918,#3919,#3920,#3921,#3922,#3923,#3924,#3925,#3926,#3927),(#3928,#3929,
#3930,#3931,#3932,#3933,#3934,#3935,#3936,#3937,#3938,#3939,#3940,#3941,
#3942,#3943,#3944),(#3945,#3946,#3947,#3948,#3949,#3950,#3951,#3952,#3953,
#3954,#3955,#3956,#3957,#3958,#3959,#3960,#3961),(#3962,#3963,#3964,#3965,
#3966,#3967,#3968,#3969,#3970,#3971,#3972,#3973,#3974,#3975,#3976,#3977,
#3978),(#3979,#3980,#3981,#3982,#3983,#3984,#3985,#3986,#3987,#3988,#3989,
#3990,#3991,#3992,#3993,#3994,#3995),(#3996,#3997,#3998,#3999,#4000,#4001,
#4002,#4003,#4004,#4005,#4006,#4007,#4008,#4009,#4010,#4011,#4012),(#4013,
#4014,#4015,#4016,#4017,#4018,#4019,#4020,#4021,#4022,#4023,#4024,#4025,
#4026,#4027,#4028,#4029),(#4030,#4031,#4032,#4033,#4034,#4035,#4036,#4037,
#4038,#4039,#4040,#4041,#4042,#4043,#4044,#4045,#4046),(#4047,#4048,#4049,
#4050,#4051,#4052,#4053,#4054,#4055,#4056,#4057,#4058,#4059,#4060,#4061,
#4062,#4063),(#4064,#4065,#4066,#4067,#4068,#4069,#4070,#4071,#4072,#4073,
#4074,#4075,#4076,#4077,#4078,#4079,#4080),(#4081,#4082,#4083,#4084,#4085,
#4086,#4087,#4088,#4089,#4090,#4091,#4092,#4093,#4094,#4095,#4096,#4097),
(#4098,#4099,#4100,#4101,#4102,#4103,#4104,#4105,#4106,#4107,#4108,#4109,
#4110,#4111,#4112,#4113,#4114),(#4115,#4116,#4117,#4118,#4119,#4120,#4121,
#4122,#4123,#4124,#4125,#4126,#4127,#4128,#4129,#4130,#4131),(#4132,#4133,
#4134,#4135,#4136,#4137,#4138,#4139,#4140,#4141,#4142,#4143,#4144,#4145,
#4146,#4147,#4148)),.UNSPECIFIED.,.F.,.F.,.F.,(4,1,1,1,1,1,2,1,1,1,1,1,
4),(4,1,2,1,1,1,2,1,1,1,1,1,4),(0.,0.111111111111111,0.166666666666667,
0.222222222222222,0.333333333333333,0.444444444444444,0.5,0.555555555555556,
0.666666666666667,0.777777777777778,0.833333333333333,0.888888888888889,
1.),(0.,0.111111111111111,0.166666666666667,0.222222222222222,0.333333333333333,
0.444444444444444,0.5,0.555555555555556,0.666666666666667,0.777777777777778,
0.833333333333333,0.888888888888889,1.),.UNSPECIFIED.);
#107=B_SPLINE_SURFACE_WITH_KNOTS('',3,3,((#4563,#4564,#4565,#4566),(#4567,
#4568,#4569,#4570),(#4571,#4572,#4573,#4574),(#4575,#4576,#4577,#4578)),
 .UNSPECIFIED.,.F.,.F.,.F.,(4,4),(4,4),(0.754660622069859,1.),(0.,0.07249855390895),
 .UNSPECIFIED.);
#108=B_SPLINE_SURFACE_WITH_KNOTS('',3,3,((#4580,#4581,#4582,#4583),(#4584,
#4585,#4586,#4587),(#4588,#4589,#4590,#4591),(#4592,#4593,#4594,#4595)),
 .UNSPECIFIED.,.F.,.F.,.F.,(4,4),(4,4),(0.,1.),(0.,0.2853093257695),
 .UNSPECIFIED.);
#109=B_SPLINE_SURFACE_WITH_KNOTS('',3,3,((#4597,#4598,#4599,#4600),(#4601,
#4602,#4603,#4604),(#4605,#4606,#4607,#4608),(#4609,#4610,#4611,#4612)),
 .UNSPECIFIED.,.F.,.F.,.F.,(4,4),(4,4),(0.,1.),(0.,0.313516941143296),
 .UNSPECIFIED.);
#110=B_SPLINE_SURFACE_WITH_KNOTS('',3,3,((#4614,#4615,#4616,#4617),(#4618,
#4619,#4620,#4621),(#4622,#4623,#4624,#4625),(#4626,#4627,#4628,#4629)),
 .UNSPECIFIED.,.F.,.F.,.F.,(4,4),(4,4),(0.,1.),(0.,0.313516941143274),
 .UNSPECIFIED.);
#111=B_SPLINE_SURFACE_WITH_KNOTS('',3,3,((#4631,#4632,#4633,#4634),(#4635,
#4636,#4637,#4638),(#4639,#4640,#4641,#4642),(#4643,#4644,#4645,#4646)),
 .UNSPECIFIED.,.F.,.F.,.F.,(4,4),(4,4),(0.,1.),(0.,0.310822963944929),
 .UNSPECIFIED.);
#112=B_SPLINE_SURFACE_WITH_KNOTS('',3,3,((#4648,#4649,#4650,#4651),(#4652,
#4653,#4654,#4655),(#4656,#4657,#4658,#4659),(#4660,#4661,#4662,#4663)),
 .UNSPECIFIED.,.F.,.F.,.F.,(4,4),(4,4),(0.,1.),(0.,0.264458112079835),
 .UNSPECIFIED.);
#113=B_SPLINE_SURFACE_WITH_KNOTS('',3,3,((#4665,#4666,#4667,#4668),(#4669,
#4670,#4671,#4672),(#4673,#4674,#4675,#4676),(#4677,#4678,#4679,#4680)),
 .UNSPECIFIED.,.F.,.F.,.F.,(4,4),(4,4),(0.,0.275406180907686),(0.,0.0644837546101788),
 .UNSPECIFIED.);
#114=B_SPLINE_SURFACE_WITH_KNOTS('',3,3,((#4687,#4688,#4689,#4690),(#4691,
#4692,#4693,#4694),(#4695,#4696,#4697,#4698),(#4699,#4700,#4701,#4702)),
 .UNSPECIFIED.,.F.,.F.,.F.,(4,4),(4,4),(0.797947880258697,0.806774158324639),
(-7.57791413817774E-17,0.0159124931450354),.UNSPECIFIED.);
#115=B_SPLINE_SURFACE_WITH_KNOTS('',3,3,((#4723,#4724,#4725,#4726,#4727),
(#4728,#4729,#4730,#4731,#4732),(#4733,#4734,#4735,#4736,#4737),(#4738,
#4739,#4740,#4741,#4742)),.UNSPECIFIED.,.F.,.F.,.F.,(4,4),(4,1,4),(0.802045197620028,
0.880864574791268),(0.078104235204674,0.233871970877169,0.441562285107163),
 .UNSPECIFIED.);
#116=B_SPLINE_SURFACE_WITH_KNOTS('',3,3,((#4808,#4809,#4810,#4811),(#4812,
#4813,#4814,#4815),(#4816,#4817,#4818,#4819),(#4820,#4821,#4822,#4823)),
 .UNSPECIFIED.,.F.,.F.,.F.,(4,4),(4,4),(0.772490225868779,0.780606750394601),
(-7.57791413817774E-17,0.00531130119072748),.UNSPECIFIED.);
#117=B_SPLINE_SURFACE_WITH_KNOTS('',3,3,((#4911,#4912,#4913,#4914),(#4915,
#4916,#4917,#4918),(#4919,#4920,#4921,#4922),(#4923,#4924,#4925,#4926),
(#4927,#4928,#4929,#4930)),.UNSPECIFIED.,.F.,.F.,.F.,(4,1,4),(4,4),(0.218963379211935,
0.222222222222222,0.225654171006064),(0.997291275997691,1.),
 .UNSPECIFIED.);
#118=B_SPLINE_SURFACE_WITH_KNOTS('',3,3,((#4947,#4948,#4949,#4950,#4951,
#4952),(#4953,#4954,#4955,#4956,#4957,#4958),(#4959,#4960,#4961,#4962,#4963,
#4964),(#4965,#4966,#4967,#4968,#4969,#4970)),.UNSPECIFIED.,.F.,.F.,.F.,
(4,4),(4,2,4),(0.983227061103796,0.999711406220137),(0.624598069573471,
0.666666666666667,0.727499989683263),.UNSPECIFIED.);
#119=B_SPLINE_SURFACE_WITH_KNOTS('',3,3,((#4983,#4984,#4985,#4986,#4987,
#4988),(#4989,#4990,#4991,#4992,#4993,#4994),(#4995,#4996,#4997,#4998,#4999,
#5000),(#5001,#5002,#5003,#5004,#5005,#5006)),.UNSPECIFIED.,.F.,.F.,.F.,
(4,4),(4,2,4),(0.000288563977952475,0.0167402561953139),(0.624570230313902,
0.666666666666667,0.727499992232608),.UNSPECIFIED.);
#120=B_SPLINE_SURFACE_WITH_KNOTS('',3,3,((#5016,#5017,#5018,#5019),(#5020,
#5021,#5022,#5023),(#5024,#5025,#5026,#5027),(#5028,#5029,#5030,#5031)),
 .UNSPECIFIED.,.F.,.F.,.F.,(4,4),(4,4),(0.190724231580606,0.218473693596874),
(0.270742159455106,0.467843216567429),.UNSPECIFIED.);
#121=B_SPLINE_SURFACE_WITH_KNOTS('',3,3,((#5107,#5108,#5109,#5110,#5111),
(#5112,#5113,#5114,#5115,#5116),(#5117,#5118,#5119,#5120,#5121),(#5122,
#5123,#5124,#5125,#5126)),.UNSPECIFIED.,.F.,.F.,.F.,(4,4),(4,1,4),(0.43151669024511,
0.450075028092917),(0.0492232308475983,0.242237492432656,0.499589841212732),
 .UNSPECIFIED.);
#122=B_SPLINE_SURFACE_WITH_KNOTS('',3,1,((#5154,#5155),(#5156,#5157),(#5158,
#5159),(#5160,#5161)),.UNSPECIFIED.,.F.,.F.,.F.,(4,4),(2,2),(2.32513621421687,
2.35556865989252),(0.,0.3),.UNSPECIFIED.);
#123=B_SPLINE_SURFACE_WITH_KNOTS('',3,1,((#5178,#5179),(#5180,#5181),(#5182,
#5183),(#5184,#5185),(#5186,#5187),(#5188,#5189),(#5190,#5191)),
 .UNSPECIFIED.,.F.,.F.,.F.,(4,3,4),(2,2),(2.42876459815513,2.4491101974918,
2.47177483708382),(0.,0.3),.UNSPECIFIED.);
#124=B_SPLINE_SURFACE_WITH_KNOTS('',3,3,((#5314,#5315,#5316,#5317),(#5318,
#5319,#5320,#5321),(#5322,#5323,#5324,#5325),(#5326,#5327,#5328,#5329),
(#5330,#5331,#5332,#5333),(#5334,#5335,#5336,#5337),(#5338,#5339,#5340,
#5341),(#5342,#5343,#5344,#5345),(#5346,#5347,#5348,#5349),(#5350,#5351,
#5352,#5353),(#5354,#5355,#5356,#5357),(#5358,#5359,#5360,#5361),(#5362,
#5363,#5364,#5365),(#5366,#5367,#5368,#5369),(#5370,#5371,#5372,#5373),
(#5374,#5375,#5376,#5377),(#5378,#5379,#5380,#5381),(#5382,#5383,#5384,
#5385),(#5386,#5387,#5388,#5389),(#5390,#5391,#5392,#5393),(#5394,#5395,
#5396,#5397),(#5398,#5399,#5400,#5401),(#5402,#5403,#5404,#5405),(#5406,
#5407,#5408,#5409),(#5410,#5411,#5412,#5413)),.UNSPECIFIED.,.F.,.F.,.F.,
(4,1,1,1,1,1,1,1,1,1,1,1,1,1,1,1,1,1,1,1,1,1,4),(4,4),(0.,0.0416666666666667,
0.0833333333333333,0.166666666666667,0.208333333333333,0.25,0.333333333333333,
0.375,0.416666666666667,0.4375,0.458333333333333,0.5,0.541666666666667,
0.583333333333333,0.625,0.666666666666667,0.708333333333333,0.75,0.791666666666667,
0.833333333333333,0.875,0.916666666666667,1.),(0.,1.),.UNSPECIFIED.);
#125=B_SPLINE_SURFACE_WITH_KNOTS('',3,3,((#5650,#5651,#5652,#5653),(#5654,
#5655,#5656,#5657),(#5658,#5659,#5660,#5661),(#5662,#5663,#5664,#5665),
(#5666,#5667,#5668,#5669),(#5670,#5671,#5672,#5673),(#5674,#5675,#5676,
#5677),(#5678,#5679,#5680,#5681),(#5682,#5683,#5684,#5685),(#5686,#5687,
#5688,#5689),(#5690,#5691,#5692,#5693),(#5694,#5695,#5696,#5697),(#5698,
#5699,#5700,#5701),(#5702,#5703,#5704,#5705),(#5706,#5707,#5708,#5709),
(#5710,#5711,#5712,#5713),(#5714,#5715,#5716,#5717),(#5718,#5719,#5720,
#5721),(#5722,#5723,#5724,#5725),(#5726,#5727,#5728,#5729),(#5730,#5731,
#5732,#5733),(#5734,#5735,#5736,#5737),(#5738,#5739,#5740,#5741),(#5742,
#5743,#5744,#5745),(#5746,#5747,#5748,#5749)),.UNSPECIFIED.,.F.,.F.,.F.,
(4,1,1,1,1,1,1,1,1,1,1,1,1,1,1,1,1,1,1,1,1,1,4),(4,4),(0.,0.0833333333333333,
0.125,0.166666666666667,0.208333333333333,0.25,0.291666666666667,0.333333333333333,
0.375,0.416666666666667,0.4375,0.458333333333333,0.5,0.583333333333333,
0.625,0.666666666666667,0.75,0.791666666666667,0.833333333333333,0.875,
0.916666666666667,0.958333333333333,1.),(0.,1.),.UNSPECIFIED.);
#126=B_SPLINE_SURFACE_WITH_KNOTS('',3,3,((#5844,#5845,#5846,#5847),(#5848,
#5849,#5850,#5851),(#5852,#5853,#5854,#5855),(#5856,#5857,#5858,#5859)),
 .UNSPECIFIED.,.F.,.F.,.F.,(4,4),(4,4),(0.77870781102082,0.809252854676128),
(0.256603864650719,0.467864301379859),.UNSPECIFIED.);
#127=B_SPLINE_SURFACE_WITH_KNOTS('',3,3,((#5930,#5931,#5932,#5933),(#5934,
#5935,#5936,#5937),(#5938,#5939,#5940,#5941),(#5942,#5943,#5944,#5945)),
 .UNSPECIFIED.,.F.,.F.,.F.,(4,4),(4,4),(0.19324904203325,0.202035627604579),
(-8.77530848129154E-17,0.014049452501545),.UNSPECIFIED.);
#128=B_SPLINE_SURFACE_WITH_KNOTS('',3,3,((#5950,#5951,#5952,#5953),(#5954,
#5955,#5956,#5957),(#5958,#5959,#5960,#5961),(#5962,#5963,#5964,#5965)),
 .UNSPECIFIED.,.F.,.F.,.F.,(4,4),(4,4),(0.219417286308341,0.226137239149361),
(-8.77530848129154E-17,0.00262328239598478),.UNSPECIFIED.);
#129=B_SPLINE_SURFACE_WITH_KNOTS('',3,3,((#5970,#5971,#5972,#5973,#5974),
(#5975,#5976,#5977,#5978,#5979),(#5980,#5981,#5982,#5983,#5984),(#5985,
#5986,#5987,#5988,#5989),(#5990,#5991,#5992,#5993,#5994),(#5995,#5996,#5997,
#5998,#5999)),.UNSPECIFIED.,.F.,.F.,.F.,(4,2,4),(4,1,4),(0.130721942269164,
0.152288275050481,0.197663745493054),(0.0804919592424408,0.235409976081878,
0.441967331867795),.UNSPECIFIED.);
#130=B_SPLINE_SURFACE_WITH_KNOTS('',3,3,((#6032,#6033,#6034,#6035,#6036),
(#6037,#6038,#6039,#6040,#6041),(#6042,#6043,#6044,#6045,#6046),(#6047,
#6048,#6049,#6050,#6051)),.UNSPECIFIED.,.F.,.F.,.F.,(4,4),(4,1,4),(0.549708683220451,
0.568449540475482),(0.039076175955885,0.236971517971738,0.500831973992875),
 .UNSPECIFIED.);
#131=(
BOUNDED_SURFACE()
B_SPLINE_SURFACE(1,2,((#2758,#2759,#2760,#2761,#2762,#2763,#2764),(#2765,
#2766,#2767,#2768,#2769,#2770,#2771)),.UNSPECIFIED.,.F.,.F.,.F.)
B_SPLINE_SURFACE_WITH_KNOTS((2,2),(3,2,2,3),(0.100943066666687,0.457975287371802),
(-2.34258627878856,-0.780862092929521,0.780862092929523,2.34258627878857),
 .UNSPECIFIED.)
GEOMETRIC_REPRESENTATION_ITEM()
RATIONAL_B_SPLINE_SURFACE(((1.,0.710306981695652,1.,0.710306981695652,1.,
0.710306981695652,1.),(1.,0.710306981695652,1.,0.710306981695652,1.,0.710306981695652,
1.)))
REPRESENTATION_ITEM('')
SURFACE()
);
#132=FACE_OUTER_BOUND('',#238,.T.);
#133=FACE_OUTER_BOUND('',#239,.T.);
#134=FACE_OUTER_BOUND('',#240,.T.);
#135=FACE_OUTER_BOUND('',#241,.T.);
#136=FACE_OUTER_BOUND('',#242,.T.);
#137=FACE_OUTER_BOUND('',#243,.T.);
#138=FACE_OUTER_BOUND('',#244,.T.);
#139=FACE_OUTER_BOUND('',#245,.T.);
#140=FACE_OUTER_BOUND('',#246,.T.);
#141=FACE_OUTER_BOUND('',#247,.T.);
#142=FACE_OUTER_BOUND('',#248,.T.);
#143=FACE_OUTER_BOUND('',#249,.T.);
#144=FACE_OUTER_BOUND('',#250,.T.);
#145=FACE_OUTER_BOUND('',#251,.T.);
#146=FACE_OUTER_BOUND('',#252,.T.);
#147=FACE_OUTER_BOUND('',#253,.T.);
#148=FACE_OUTER_BOUND('',#254,.T.);
#149=FACE_OUTER_BOUND('',#255,.T.);
#150=FACE_OUTER_BOUND('',#256,.T.);
#151=FACE_OUTER_BOUND('',#257,.T.);
#152=FACE_OUTER_BOUND('',#258,.T.);
#153=FACE_OUTER_BOUND('',#259,.T.);
#154=FACE_OUTER_BOUND('',#260,.T.);
#155=FACE_OUTER_BOUND('',#261,.T.);
#156=FACE_OUTER_BOUND('',#262,.T.);
#157=FACE_OUTER_BOUND('',#263,.T.);
#158=FACE_OUTER_BOUND('',#264,.T.);
#159=FACE_OUTER_BOUND('',#265,.T.);
#160=FACE_OUTER_BOUND('',#266,.T.);
#161=FACE_OUTER_BOUND('',#267,.T.);
#162=FACE_OUTER_BOUND('',#268,.T.);
#163=FACE_OUTER_BOUND('',#269,.T.);
#164=FACE_OUTER_BOUND('',#270,.T.);
#165=FACE_OUTER_BOUND('',#271,.T.);
#166=FACE_OUTER_BOUND('',#272,.T.);
#167=FACE_OUTER_BOUND('',#273,.T.);
#168=FACE_OUTER_BOUND('',#274,.T.);
#169=FACE_OUTER_BOUND('',#275,.T.);
#170=FACE_OUTER_BOUND('',#276,.T.);
#171=FACE_OUTER_BOUND('',#277,.T.);
#172=FACE_OUTER_BOUND('',#279,.T.);
#173=FACE_OUTER_BOUND('',#280,.T.);
#174=FACE_OUTER_BOUND('',#281,.T.);
#175=FACE_OUTER_BOUND('',#282,.T.);
#176=FACE_OUTER_BOUND('',#283,.T.);
#177=FACE_OUTER_BOUND('',#284,.T.);
#178=FACE_OUTER_BOUND('',#285,.T.);
#179=FACE_OUTER_BOUND('',#286,.T.);
#180=FACE_OUTER_BOUND('',#287,.T.);
#181=FACE_OUTER_BOUND('',#288,.T.);
#182=FACE_OUTER_BOUND('',#289,.T.);
#183=FACE_OUTER_BOUND('',#290,.T.);
#184=FACE_OUTER_BOUND('',#291,.T.);
#185=FACE_OUTER_BOUND('',#292,.T.);
#186=FACE_OUTER_BOUND('',#293,.T.);
#187=FACE_OUTER_BOUND('',#294,.T.);
#188=FACE_OUTER_BOUND('',#295,.T.);
#189=FACE_OUTER_BOUND('',#296,.T.);
#190=FACE_OUTER_BOUND('',#297,.T.);
#191=FACE_OUTER_BOUND('',#298,.T.);
#192=FACE_OUTER_BOUND('',#299,.T.);
#193=FACE_OUTER_BOUND('',#300,.T.);
#194=FACE_OUTER_BOUND('',#301,.T.);
#195=FACE_OUTER_BOUND('',#302,.T.);
#196=FACE_OUTER_BOUND('',#303,.T.);
#197=FACE_OUTER_BOUND('',#304,.T.);
#198=FACE_OUTER_BOUND('',#305,.T.);
#199=FACE_OUTER_BOUND('',#306,.T.);
#200=FACE_OUTER_BOUND('',#307,.T.);
#201=FACE_OUTER_BOUND('',#308,.T.);
#202=FACE_OUTER_BOUND('',#310,.T.);
#203=FACE_OUTER_BOUND('',#311,.T.);
#204=FACE_OUTER_BOUND('',#312,.T.);
#205=FACE_OUTER_BOUND('',#313,.T.);
#206=FACE_OUTER_BOUND('',#315,.T.);
#207=FACE_OUTER_BOUND('',#316,.T.);
#208=FACE_OUTER_BOUND('',#317,.T.);
#209=FACE_OUTER_BOUND('',#319,.T.);
#210=FACE_OUTER_BOUND('',#320,.T.);
#211=FACE_OUTER_BOUND('',#322,.T.);
#212=FACE_OUTER_BOUND('',#323,.T.);
#213=FACE_OUTER_BOUND('',#324,.T.);
#214=FACE_OUTER_BOUND('',#325,.T.);
#215=FACE_OUTER_BOUND('',#327,.T.);
#216=FACE_OUTER_BOUND('',#328,.T.);
#217=FACE_OUTER_BOUND('',#329,.T.);
#218=FACE_OUTER_BOUND('',#330,.T.);
#219=FACE_OUTER_BOUND('',#331,.T.);
#220=FACE_OUTER_BOUND('',#332,.T.);
#221=FACE_OUTER_BOUND('',#333,.T.);
#222=FACE_OUTER_BOUND('',#335,.T.);
#223=FACE_OUTER_BOUND('',#337,.T.);
#224=FACE_OUTER_BOUND('',#339,.T.);
#225=FACE_OUTER_BOUND('',#343,.T.);
#226=FACE_OUTER_BOUND('',#347,.T.);
#227=FACE_OUTER_BOUND('',#349,.T.);
#228=FACE_OUTER_BOUND('',#350,.T.);
#229=FACE_OUTER_BOUND('',#351,.T.);
#230=FACE_OUTER_BOUND('',#352,.T.);
#231=FACE_OUTER_BOUND('',#353,.T.);
#232=FACE_OUTER_BOUND('',#354,.T.);
#233=FACE_OUTER_BOUND('',#355,.T.);
#234=FACE_OUTER_BOUND('',#356,.T.);
#235=FACE_OUTER_BOUND('',#358,.T.);
#236=FACE_OUTER_BOUND('',#359,.T.);
#237=FACE_OUTER_BOUND('',#360,.T.);
#238=EDGE_LOOP('',(#1351,#1352,#1353,#1354));
#239=EDGE_LOOP('',(#1355,#1356,#1357,#1358,#1359,#1360,#1361,#1362,#1363,
#1364,#1365,#1366,#1367,#1368,#1369,#1370,#1371,#1372,#1373));
#240=EDGE_LOOP('',(#1374,#1375,#1376,#1377,#1378,#1379,#1380,#1381,#1382,
#1383,#1384,#1385,#1386,#1387,#1388,#1389,#1390,#1391,#1392));
#241=EDGE_LOOP('',(#1393,#1394,#1395,#1396,#1397,#1398,#1399,#1400,#1401,
#1402,#1403,#1404,#1405,#1406));
#242=EDGE_LOOP('',(#1407,#1408,#1409,#1410));
#243=EDGE_LOOP('',(#1411,#1412,#1413,#1414));
#244=EDGE_LOOP('',(#1415,#1416,#1417,#1418));
#245=EDGE_LOOP('',(#1419,#1420,#1421,#1422));
#246=EDGE_LOOP('',(#1423,#1424,#1425,#1426));
#247=EDGE_LOOP('',(#1427,#1428,#1429,#1430,#1431));
#248=EDGE_LOOP('',(#1432,#1433,#1434,#1435));
#249=EDGE_LOOP('',(#1436,#1437,#1438,#1439,#1440,#1441));
#250=EDGE_LOOP('',(#1442,#1443,#1444));
#251=EDGE_LOOP('',(#1445,#1446,#1447,#1448,#1449,#1450,#1451));
#252=EDGE_LOOP('',(#1452,#1453,#1454,#1455));
#253=EDGE_LOOP('',(#1456,#1457,#1458,#1459));
#254=EDGE_LOOP('',(#1460,#1461,#1462,#1463));
#255=EDGE_LOOP('',(#1464,#1465,#1466,#1467));
#256=EDGE_LOOP('',(#1468,#1469,#1470,#1471,#1472,#1473,#1474,#1475));
#257=EDGE_LOOP('',(#1476,#1477,#1478));
#258=EDGE_LOOP('',(#1479,#1480,#1481,#1482,#1483,#1484));
#259=EDGE_LOOP('',(#1485,#1486,#1487,#1488));
#260=EDGE_LOOP('',(#1489,#1490,#1491,#1492,#1493,#1494));
#261=EDGE_LOOP('',(#1495,#1496,#1497,#1498));
#262=EDGE_LOOP('',(#1499,#1500,#1501,#1502));
#263=EDGE_LOOP('',(#1503,#1504,#1505,#1506));
#264=EDGE_LOOP('',(#1507,#1508,#1509,#1510));
#265=EDGE_LOOP('',(#1511,#1512,#1513,#1514));
#266=EDGE_LOOP('',(#1515,#1516,#1517,#1518));
#267=EDGE_LOOP('',(#1519,#1520,#1521,#1522));
#268=EDGE_LOOP('',(#1523,#1524,#1525,#1526));
#269=EDGE_LOOP('',(#1527,#1528,#1529));
#270=EDGE_LOOP('',(#1530,#1531,#1532));
#271=EDGE_LOOP('',(#1533,#1534,#1535,#1536));
#272=EDGE_LOOP('',(#1537,#1538,#1539));
#273=EDGE_LOOP('',(#1540,#1541,#1542,#1543,#1544,#1545,#1546,#1547));
#274=EDGE_LOOP('',(#1548,#1549,#1550,#1551));
#275=EDGE_LOOP('',(#1552,#1553,#1554));
#276=EDGE_LOOP('',(#1555,#1556,#1557));
#277=EDGE_LOOP('',(#1558,#1559,#1560,#1561,#1562,#1563,#1564,#1565,#1566,
#1567,#1568,#1569,#1570,#1571,#1572,#1573,#1574,#1575,#1576,#1577,#1578,
#1579,#1580,#1581,#1582,#1583,#1584,#1585,#1586,#1587,#1588,#1589,#1590,
#1591,#1592,#1593,#1594,#1595,#1596,#1597,#1598,#1599,#1600,#1601,#1602,
#1603,#1604,#1605,#1606,#1607,#1608,#1609));
#278=EDGE_LOOP('',(#1610,#1611));
#279=EDGE_LOOP('',(#1612,#1613,#1614,#1615,#1616,#1617,#1618,#1619,#1620,
#1621,#1622,#1623,#1624,#1625));
#280=EDGE_LOOP('',(#1626,#1627,#1628));
#281=EDGE_LOOP('',(#1629,#1630,#1631,#1632,#1633,#1634,#1635,#1636,#1637,
#1638,#1639,#1640,#1641,#1642,#1643,#1644,#1645,#1646,#1647,#1648,#1649,
#1650,#1651,#1652,#1653,#1654,#1655,#1656,#1657,#1658,#1659,#1660,#1661,
#1662,#1663,#1664,#1665,#1666,#1667,#1668,#1669,#1670,#1671,#1672,#1673,
#1674,#1675,#1676,#1677,#1678,#1679,#1680,#1681,#1682,#1683,#1684,#1685,
#1686,#1687,#1688,#1689,#1690));
#282=EDGE_LOOP('',(#1691,#1692,#1693,#1694));
#283=EDGE_LOOP('',(#1695,#1696,#1697,#1698));
#284=EDGE_LOOP('',(#1699,#1700,#1701));
#285=EDGE_LOOP('',(#1702,#1703,#1704));
#286=EDGE_LOOP('',(#1705,#1706,#1707));
#287=EDGE_LOOP('',(#1708,#1709,#1710,#1711));
#288=EDGE_LOOP('',(#1712,#1713,#1714,#1715));
#289=EDGE_LOOP('',(#1716,#1717,#1718,#1719));
#290=EDGE_LOOP('',(#1720,#1721,#1722,#1723));
#291=EDGE_LOOP('',(#1724,#1725,#1726,#1727));
#292=EDGE_LOOP('',(#1728,#1729,#1730,#1731));
#293=EDGE_LOOP('',(#1732,#1733,#1734));
#294=EDGE_LOOP('',(#1735,#1736,#1737,#1738));
#295=EDGE_LOOP('',(#1739,#1740,#1741,#1742));
#296=EDGE_LOOP('',(#1743,#1744,#1745,#1746,#1747,#1748,#1749,#1750));
#297=EDGE_LOOP('',(#1751,#1752,#1753,#1754));
#298=EDGE_LOOP('',(#1755,#1756,#1757,#1758,#1759));
#299=EDGE_LOOP('',(#1760,#1761,#1762,#1763));
#300=EDGE_LOOP('',(#1764,#1765,#1766,#1767,#1768,#1769));
#301=EDGE_LOOP('',(#1770,#1771,#1772));
#302=EDGE_LOOP('',(#1773,#1774,#1775,#1776,#1777,#1778,#1779,#1780,#1781,
#1782,#1783));
#303=EDGE_LOOP('',(#1784,#1785,#1786));
#304=EDGE_LOOP('',(#1787,#1788,#1789));
#305=EDGE_LOOP('',(#1790,#1791));
#306=EDGE_LOOP('',(#1792,#1793,#1794));
#307=EDGE_LOOP('',(#1795,#1796,#1797,#1798));
#308=EDGE_LOOP('',(#1799));
#309=EDGE_LOOP('',(#1800));
#310=EDGE_LOOP('',(#1801,#1802,#1803,#1804));
#311=EDGE_LOOP('',(#1805,#1806,#1807,#1808));
#312=EDGE_LOOP('',(#1809,#1810,#1811,#1812));
#313=EDGE_LOOP('',(#1813));
#314=EDGE_LOOP('',(#1814));
#315=EDGE_LOOP('',(#1815,#1816,#1817));
#316=EDGE_LOOP('',(#1818,#1819,#1820,#1821));
#317=EDGE_LOOP('',(#1822));
#318=EDGE_LOOP('',(#1823));
#319=EDGE_LOOP('',(#1824,#1825,#1826,#1827));
#320=EDGE_LOOP('',(#1828));
#321=EDGE_LOOP('',(#1829));
#322=EDGE_LOOP('',(#1830,#1831,#1832,#1833));
#323=EDGE_LOOP('',(#1834,#1835,#1836,#1837));
#324=EDGE_LOOP('',(#1838,#1839,#1840,#1841));
#325=EDGE_LOOP('',(#1842));
#326=EDGE_LOOP('',(#1843));
#327=EDGE_LOOP('',(#1844,#1845,#1846));
#328=EDGE_LOOP('',(#1847,#1848,#1849,#1850));
#329=EDGE_LOOP('',(#1851,#1852,#1853));
#330=EDGE_LOOP('',(#1854,#1855,#1856));
#331=EDGE_LOOP('',(#1857,#1858,#1859,#1860));
#332=EDGE_LOOP('',(#1861,#1862,#1863,#1864));
#333=EDGE_LOOP('',(#1865));
#334=EDGE_LOOP('',(#1866));
#335=EDGE_LOOP('',(#1867,#1868,#1869,#1870,#1871));
#336=EDGE_LOOP('',(#1872,#1873));
#337=EDGE_LOOP('',(#1874,#1875,#1876,#1877,#1878));
#338=EDGE_LOOP('',(#1879,#1880));
#339=EDGE_LOOP('',(#1881,#1882,#1883,#1884));
#340=EDGE_LOOP('',(#1885,#1886));
#341=EDGE_LOOP('',(#1887,#1888));
#342=EDGE_LOOP('',(#1889,#1890));
#343=EDGE_LOOP('',(#1891,#1892,#1893,#1894));
#344=EDGE_LOOP('',(#1895,#1896));
#345=EDGE_LOOP('',(#1897,#1898));
#346=EDGE_LOOP('',(#1899,#1900));
#347=EDGE_LOOP('',(#1901,#1902,#1903,#1904,#1905));
#348=EDGE_LOOP('',(#1906,#1907));
#349=EDGE_LOOP('',(#1908,#1909,#1910,#1911));
#350=EDGE_LOOP('',(#1912,#1913,#1914,#1915));
#351=EDGE_LOOP('',(#1916,#1917,#1918,#1919,#1920,#1921,#1922,#1923,#1924,
#1925,#1926));
#352=EDGE_LOOP('',(#1927,#1928,#1929,#1930,#1931,#1932,#1933));
#353=EDGE_LOOP('',(#1934,#1935,#1936,#1937));
#354=EDGE_LOOP('',(#1938,#1939,#1940));
#355=EDGE_LOOP('',(#1941,#1942,#1943,#1944,#1945,#1946,#1947));
#356=EDGE_LOOP('',(#1948,#1949,#1950,#1951,#1952));
#357=EDGE_LOOP('',(#1953,#1954));
#358=EDGE_LOOP('',(#1955,#1956,#1957,#1958));
#359=EDGE_LOOP('',(#1959,#1960,#1961,#1962));
#360=EDGE_LOOP('',(#1963,#1964,#1965,#1966,#1967,#1968,#1969,#1970,#1971,
#1972,#1973,#1974,#1975,#1976,#1977,#1978,#1979,#1980,#1981,#1982,#1983,
#1984,#1985,#1986,#1987,#1988,#1989,#1990,#1991,#1992,#1993,#1994,#1995,
#1996,#1997,#1998,#1999,#2000,#2001,#2002,#2003,#2004,#2005));
#361=EDGE_LOOP('',(#2006,#2007,#2008));
#362=EDGE_LOOP('',(#2009));
#363=EDGE_LOOP('',(#2010));
#364=EDGE_LOOP('',(#2011));
#365=EDGE_LOOP('',(#2012));
#366=EDGE_LOOP('',(#2013));
#367=EDGE_LOOP('',(#2014));
#368=LINE('',#2672,#493);
#369=LINE('',#2673,#494);
#370=LINE('',#2682,#495);
#371=LINE('',#2684,#496);
#372=LINE('',#2686,#497);
#373=LINE('',#2688,#498);
#374=LINE('',#2690,#499);
#375=LINE('',#2692,#500);
#376=LINE('',#2694,#501);
#377=LINE('',#2696,#502);
#378=LINE('',#2698,#503);
#379=LINE('',#2700,#504);
#380=LINE('',#2702,#505);
#381=LINE('',#2704,#506);
#382=LINE('',#2706,#507);
#383=LINE('',#2708,#508);
#384=LINE('',#2710,#509);
#385=LINE('',#2712,#510);
#386=LINE('',#2714,#511);
#387=LINE('',#2726,#512);
#388=LINE('',#2728,#513);
#389=LINE('',#2730,#514);
#390=LINE('',#2732,#515);
#391=LINE('',#2734,#516);
#392=LINE('',#2736,#517);
#393=LINE('',#2738,#518);
#394=LINE('',#2740,#519);
#395=LINE('',#2742,#520);
#396=LINE('',#2744,#521);
#397=LINE('',#2746,#522);
#398=LINE('',#2748,#523);
#399=LINE('',#2750,#524);
#400=LINE('',#2752,#525);
#401=LINE('',#2754,#526);
#402=LINE('',#2756,#527);
#403=LINE('',#2757,#528);
#404=LINE('',#2778,#529);
#405=LINE('',#2814,#530);
#406=LINE('',#2835,#531);
#407=LINE('',#2837,#532);
#408=LINE('',#2838,#533);
#409=LINE('',#2841,#534);
#410=LINE('',#2842,#535);
#411=LINE('',#2845,#536);
#412=LINE('',#2846,#537);
#413=LINE('',#2849,#538);
#414=LINE('',#2850,#539);
#415=LINE('',#2853,#540);
#416=LINE('',#2854,#541);
#417=LINE('',#2857,#542);
#418=LINE('',#2863,#543);
#419=LINE('',#2866,#544);
#420=LINE('',#2875,#545);
#421=LINE('',#2876,#546);
#422=LINE('',#2882,#547);
#423=LINE('',#2886,#548);
#424=LINE('',#2889,#549);
#425=LINE('',#2893,#550);
#426=LINE('',#2897,#551);
#427=LINE('',#2901,#552);
#428=LINE('',#2905,#553);
#429=LINE('',#2907,#554);
#430=LINE('',#2909,#555);
#431=LINE('',#2920,#556);
#432=LINE('',#2923,#557);
#433=LINE('',#2929,#558);
#434=LINE('',#2932,#559);
#435=LINE('',#2941,#560);
#436=LINE('',#2943,#561);
#437=LINE('',#2945,#562);
#438=LINE('',#2952,#563);
#439=LINE('',#2953,#564);
#440=LINE('',#2956,#565);
#441=LINE('',#2957,#566);
#442=LINE('',#2960,#567);
#443=LINE('',#2961,#568);
#444=LINE('',#2984,#569);
#445=LINE('',#2985,#570);
#446=LINE('',#3010,#571);
#447=LINE('',#3032,#572);
#448=LINE('',#3054,#573);
#449=LINE('',#3076,#574);
#450=LINE('',#3118,#575);
#451=LINE('',#3121,#576);
#452=LINE('',#3127,#577);
#453=LINE('',#3139,#578);
#454=LINE('',#3141,#579);
#455=LINE('',#3142,#580);
#456=LINE('',#3150,#581);
#457=LINE('',#3151,#582);
#458=LINE('',#3153,#583);
#459=LINE('',#3811,#584);
#460=LINE('',#4552,#585);
#461=LINE('',#4553,#586);
#462=LINE('',#4556,#587);
#463=LINE('',#4557,#588);
#464=LINE('',#4559,#589);
#465=LINE('',#4562,#590);
#466=LINE('',#4579,#591);
#467=LINE('',#4596,#592);
#468=LINE('',#4613,#593);
#469=LINE('',#4630,#594);
#470=LINE('',#4647,#595);
#471=LINE('',#4664,#596);
#472=LINE('',#4681,#597);
#473=LINE('',#4683,#598);
#474=LINE('',#4685,#599);
#475=LINE('',#4841,#600);
#476=LINE('',#4845,#601);
#477=LINE('',#4847,#602);
#478=LINE('',#5011,#603);
#479=LINE('',#5063,#604);
#480=LINE('',#5079,#605);
#481=LINE('',#5088,#606);
#482=LINE('',#5147,#607);
#483=LINE('',#5153,#608);
#484=LINE('',#5162,#609);
#485=LINE('',#5168,#610);
#486=LINE('',#5176,#611);
#487=LINE('',#5202,#612);
#488=LINE('',#5256,#613);
#489=LINE('',#5813,#614);
#490=LINE('',#5861,#615);
#491=LINE('',#5871,#616);
#492=LINE('',#6001,#617);
#493=VECTOR('',#2307,216.813599719586);
#494=VECTOR('',#2308,10.);
#495=VECTOR('',#2311,10.);
#496=VECTOR('',#2312,10.);
#497=VECTOR('',#2313,10.);
#498=VECTOR('',#2314,10.);
#499=VECTOR('',#2315,10.);
#500=VECTOR('',#2316,10.);
#501=VECTOR('',#2317,10.);
#502=VECTOR('',#2318,10.);
#503=VECTOR('',#2319,10.);
#504=VECTOR('',#2320,10.);
#505=VECTOR('',#2321,10.);
#506=VECTOR('',#2322,10.);
#507=VECTOR('',#2323,10.);
#508=VECTOR('',#2324,10.);
#509=VECTOR('',#2325,10.);
#510=VECTOR('',#2326,10.);
#511=VECTOR('',#2327,10.);
#512=VECTOR('',#2334,10.);
#513=VECTOR('',#2335,10.);
#514=VECTOR('',#2336,10.);
#515=VECTOR('',#2337,10.);
#516=VECTOR('',#2338,10.);
#517=VECTOR('',#2339,10.);
#518=VECTOR('',#2340,10.);
#519=VECTOR('',#2341,10.);
#520=VECTOR('',#2342,10.);
#521=VECTOR('',#2343,10.);
#522=VECTOR('',#2344,10.);
#523=VECTOR('',#2345,10.);
#524=VECTOR('',#2346,10.);
#525=VECTOR('',#2347,10.);
#526=VECTOR('',#2348,10.);
#527=VECTOR('',#2349,10.);
#528=VECTOR('',#2350,10.);
#529=VECTOR('',#2351,10.);
#530=VECTOR('',#2352,10.);
#531=VECTOR('',#2367,216.813599719586);
#532=VECTOR('',#2368,13.5);
#533=VECTOR('',#2369,216.813599719586);
#534=VECTOR('',#2372,216.813599719586);
#535=VECTOR('',#2373,13.5);
#536=VECTOR('',#2376,216.813599719586);
#537=VECTOR('',#2377,13.5);
#538=VECTOR('',#2380,216.813599719586);
#539=VECTOR('',#2381,13.5);
#540=VECTOR('',#2384,216.813599719586);
#541=VECTOR('',#2385,13.5);
#542=VECTOR('',#2388,216.813599719586);
#543=VECTOR('',#2389,13.5);
#544=VECTOR('',#2392,216.813599719586);
#545=VECTOR('',#2395,10.);
#546=VECTOR('',#2396,10.);
#547=VECTOR('',#2399,216.813599719586);
#548=VECTOR('',#2404,13.5);
#549=VECTOR('',#2407,10.);
#550=VECTOR('',#2412,13.5);
#551=VECTOR('',#2417,10.);
#552=VECTOR('',#2422,13.5);
#553=VECTOR('',#2427,216.813599719586);
#554=VECTOR('',#2428,10.);
#555=VECTOR('',#2429,10.);
#556=VECTOR('',#2434,10.);
#557=VECTOR('',#2437,216.813599719586);
#558=VECTOR('',#2438,216.813599719586);
#559=VECTOR('',#2441,216.813599719586);
#560=VECTOR('',#2444,216.813599719586);
#561=VECTOR('',#2445,9.37091389261532);
#562=VECTOR('',#2446,9.37091389261532);
#563=VECTOR('',#2449,216.813599719586);
#564=VECTOR('',#2450,9.37091389261532);
#565=VECTOR('',#2453,216.813599719586);
#566=VECTOR('',#2454,9.37091389261532);
#567=VECTOR('',#2457,216.813599719586);
#568=VECTOR('',#2458,9.37091389261532);
#569=VECTOR('',#2459,3.48058765610657);
#570=VECTOR('',#2460,3.41592096355222);
#571=VECTOR('',#2461,3.40761481667655);
#572=VECTOR('',#2462,3.41138813046426);
#573=VECTOR('',#2463,3.43265161332304);
#574=VECTOR('',#2464,3.54196557157409);
#575=VECTOR('',#2465,13.5);
#576=VECTOR('',#2468,216.813599719586);
#577=VECTOR('',#2469,216.813599719586);
#578=VECTOR('',#2474,216.813599719586);
#579=VECTOR('',#2475,10.);
#580=VECTOR('',#2476,10.);
#581=VECTOR('',#2481,10.);
#582=VECTOR('',#2482,216.813599719586);
#583=VECTOR('',#2485,10.);
#584=VECTOR('',#2488,1.5);
#585=VECTOR('',#2493,216.813599719586);
#586=VECTOR('',#2494,9.37091389261532);
#587=VECTOR('',#2497,216.813599719586);
#588=VECTOR('',#2498,9.37091389261531);
#589=VECTOR('',#2501,216.813599719586);
#590=VECTOR('',#2506,216.813599719586);
#591=VECTOR('',#2507,3.54692486748749);
#592=VECTOR('',#2508,3.43502251787268);
#593=VECTOR('',#2509,3.41405292230249);
#594=VECTOR('',#2510,3.41032001743594);
#595=VECTOR('',#2511,3.41904435952685);
#596=VECTOR('',#2512,3.48325532315631);
#597=VECTOR('',#2513,9.37091389261532);
#598=VECTOR('',#2516,216.813599719586);
#599=VECTOR('',#2519,216.813599719586);
#600=VECTOR('',#2528,10.);
#601=VECTOR('',#2533,2.4);
#602=VECTOR('',#2534,2.4);
#603=VECTOR('',#2543,1.45);
#604=VECTOR('',#2558,1.45);
#605=VECTOR('',#2573,1.45);
#606=VECTOR('',#2584,1.45);
#607=VECTOR('',#2599,1.45);
#608=VECTOR('',#2608,10.);
#609=VECTOR('',#2609,10.);
#610=VECTOR('',#2612,10.);
#611=VECTOR('',#2623,1.45);
#612=VECTOR('',#2630,2.5);
#613=VECTOR('',#2633,2.5);
#614=VECTOR('',#2636,2.5);
#615=VECTOR('',#2643,2.4);
#616=VECTOR('',#2644,2.4);
#617=VECTOR('',#2651,2.5);
#618=B_SPLINE_CURVE_WITH_KNOTS('',3,(#2667,#2668,#2669,#2670),
 .UNSPECIFIED.,.F.,.F.,(4,4),(-0.17458227270551,-0.10885627773993),
 .UNSPECIFIED.);
#619=B_SPLINE_CURVE_WITH_KNOTS('',3,(#2677,#2678,#2679,#2680),
 .UNSPECIFIED.,.F.,.F.,(4,4),(-0.162693077047685,-0.092979940128457),
 .UNSPECIFIED.);
#620=B_SPLINE_CURVE_WITH_KNOTS('',3,(#2719,#2720,#2721,#2722),
 .UNSPECIFIED.,.F.,.F.,(4,4),(-1.28048995640117,-1.23634908173222),
 .UNSPECIFIED.);
#621=B_SPLINE_CURVE_WITH_KNOTS('',3,(#2773,#2774,#2775,#2776),
 .UNSPECIFIED.,.F.,.F.,(4,4),(-0.134542300632,0.),.UNSPECIFIED.);
#622=B_SPLINE_CURVE_WITH_KNOTS('',3,(#2780,#2781,#2782,#2783,#2784,#2785,
#2786,#2787,#2788,#2789,#2790,#2791,#2792,#2793,#2794,#2795),
 .UNSPECIFIED.,.F.,.F.,(4,2,2,2,2,2,2,4),(-2.27711371343202,-2.10363261551105,
-1.89516287849554,-1.52408999297754,-1.13501935705021,-0.75305539726165,
-0.370651643912071,0.),.UNSPECIFIED.);
#623=B_SPLINE_CURVE_WITH_KNOTS('',3,(#2797,#2798,#2799,#2800,#2801,#2802,
#2803,#2804,#2805,#2806,#2807,#2808,#2809,#2810,#2811,#2812),
 .UNSPECIFIED.,.F.,.F.,(4,2,2,2,2,2,2,4),(-2.28191020004712,-1.97297684615508,
-1.63477305876704,-1.2349488395556,-0.862500069868325,-0.483408203862802,
-0.208906614462414,0.),.UNSPECIFIED.);
#624=B_SPLINE_CURVE_WITH_KNOTS('',3,(#2815,#2816,#2817,#2818,#2819,#2820,
#2821),.UNSPECIFIED.,.F.,.F.,(4,3,4),(-0.124013790211468,-0.0545987959755488,
0.),.UNSPECIFIED.);
#625=B_SPLINE_CURVE_WITH_KNOTS('',3,(#2859,#2860,#2861,#2862),
 .UNSPECIFIED.,.F.,.F.,(4,4),(-2.06640534994724,-1.75302812264017),
 .UNSPECIFIED.);
#626=B_SPLINE_CURVE_WITH_KNOTS('',3,(#2867,#2868,#2869,#2870,#2871,#2872),
 .UNSPECIFIED.,.F.,.F.,(4,2,4),(-0.789395792052373,-0.541272758516086,-0.529008534721336),
 .UNSPECIFIED.);
#627=B_SPLINE_CURVE_WITH_KNOTS('',3,(#2877,#2878,#2879,#2880),
 .UNSPECIFIED.,.F.,.F.,(4,4),(-0.462418704480557,-0.193491014112402),
 .UNSPECIFIED.);
#628=B_SPLINE_CURVE_WITH_KNOTS('',3,(#2911,#2912,#2913,#2914,#2915,#2916,
#2917),.UNSPECIFIED.,.F.,.F.,(4,3,4),(-1.64008966744677,-1.63667790128584,
-1.63326613512491),.UNSPECIFIED.);
#629=B_SPLINE_CURVE_WITH_KNOTS('',3,(#2925,#2926,#2927,#2928),
 .UNSPECIFIED.,.F.,.F.,(4,4),(-2.09390145658433,-1.83705670290694),
 .UNSPECIFIED.);
#630=B_SPLINE_CURVE_WITH_KNOTS('',3,(#2933,#2934,#2935,#2936,#2937,#2938),
 .UNSPECIFIED.,.F.,.F.,(4,2,4),(-1.76578939806658,-1.6087603738851,-1.56770399620528),
 .UNSPECIFIED.);
#631=B_SPLINE_CURVE_WITH_KNOTS('',3,(#2946,#2947,#2948,#2949),
 .UNSPECIFIED.,.F.,.F.,(4,4),(-1.918665217997,-1.73755566819278),
 .UNSPECIFIED.);
#632=B_SPLINE_CURVE_WITH_KNOTS('',3,(#2980,#2981,#2982,#2983),
 .UNSPECIFIED.,.F.,.F.,(4,4),(-0.192385823730555,0.),.UNSPECIFIED.);
#633=B_SPLINE_CURVE_WITH_KNOTS('',3,(#3003,#3004,#3005,#3006,#3007,#3008,
#3009),.UNSPECIFIED.,.F.,.F.,(4,3,4),(-0.101124383216519,-0.0374810767279932,
0.),.UNSPECIFIED.);
#634=B_SPLINE_CURVE_WITH_KNOTS('',3,(#3028,#3029,#3030,#3031),
 .UNSPECIFIED.,.F.,.F.,(4,4),(-0.0551952346513313,0.),.UNSPECIFIED.);
#635=B_SPLINE_CURVE_WITH_KNOTS('',3,(#3050,#3051,#3052,#3053),
 .UNSPECIFIED.,.F.,.F.,(4,4),(-0.0553753513843214,0.),.UNSPECIFIED.);
#636=B_SPLINE_CURVE_WITH_KNOTS('',3,(#3072,#3073,#3074,#3075),
 .UNSPECIFIED.,.F.,.F.,(4,4),(-0.470020860776562,0.),.UNSPECIFIED.);
#637=B_SPLINE_CURVE_WITH_KNOTS('',3,(#3093,#3094,#3095,#3096),
 .UNSPECIFIED.,.F.,.F.,(4,4),(-0.0358648954607717,0.),.UNSPECIFIED.);
#638=B_SPLINE_CURVE_WITH_KNOTS('',3,(#3114,#3115,#3116,#3117),
 .UNSPECIFIED.,.F.,.F.,(4,4),(-0.0232585958126324,0.),.UNSPECIFIED.);
#639=B_SPLINE_CURVE_WITH_KNOTS('',3,(#3123,#3124,#3125,#3126),
 .UNSPECIFIED.,.F.,.F.,(4,4),(-1.54785727311314,-1.50802008401497),
 .UNSPECIFIED.);
#640=B_SPLINE_CURVE_WITH_KNOTS('',3,(#3129,#3130,#3131,#3132),
 .UNSPECIFIED.,.F.,.F.,(4,4),(-2.70389491885429,-2.49658839404404),
 .UNSPECIFIED.);
#641=B_SPLINE_CURVE_WITH_KNOTS('',3,(#3135,#3136,#3137,#3138),
 .UNSPECIFIED.,.F.,.F.,(4,4),(-1.47956199832999,-1.33818881577828),
 .UNSPECIFIED.);
#642=B_SPLINE_CURVE_WITH_KNOTS('',3,(#3144,#3145,#3146,#3147),
 .UNSPECIFIED.,.F.,.F.,(4,4),(-1.51380365203836,-1.4974389431244),
 .UNSPECIFIED.);
#643=B_SPLINE_CURVE_WITH_KNOTS('',3,(#3427,#3428,#3429,#3430,#3431,#3432,
#3433,#3434,#3435,#3436,#3437,#3438,#3439,#3440,#3441,#3442,#3443,#3444),
 .UNSPECIFIED.,.F.,.F.,(4,2,2,2,2,2,2,2,4),(-0.703097509836895,-0.684846792035863,
-0.664058867982167,-0.621389110462805,-0.549222436990999,-0.455607872548322,
-0.319650105393279,-0.180323101980511,-0.142868707474639),.UNSPECIFIED.);
#644=B_SPLINE_CURVE_WITH_KNOTS('',3,(#3446,#3447,#3448,#3449,#3450,#3451),
 .UNSPECIFIED.,.F.,.F.,(4,1,1,4),(0.408429960631144,0.444444444444444,0.555555555555556,
0.652625046123473),.UNSPECIFIED.);
#645=B_SPLINE_CURVE_WITH_KNOTS('',3,(#3453,#3454,#3455,#3456,#3457,#3458,
#3459),.UNSPECIFIED.,.F.,.F.,(4,1,1,1,4),(0.036218638551491,0.111111111111111,
0.222222222222222,0.333333333333333,0.408429960631144),.UNSPECIFIED.);
#646=B_SPLINE_CURVE_WITH_KNOTS('',3,(#3461,#3462,#3463,#3464),
 .UNSPECIFIED.,.F.,.F.,(4,4),(0.,0.036218638551491),.UNSPECIFIED.);
#647=B_SPLINE_CURVE_WITH_KNOTS('',3,(#3466,#3467,#3468,#3469),
 .UNSPECIFIED.,.F.,.F.,(4,4),(0.,0.0266459030501033),.UNSPECIFIED.);
#648=B_SPLINE_CURVE_WITH_KNOTS('',3,(#3471,#3472,#3473,#3474,#3475,#3476,
#3477,#3478,#3479,#3480,#3481,#3482),.UNSPECIFIED.,.F.,.F.,(4,1,1,1,1,1,
1,1,1,4),(0.0266459030501033,0.111111111111111,0.222222222222222,0.333333333333333,
0.444444444444444,0.555555555555556,0.666666666666667,0.777777777777778,
0.888888888888889,1.),.UNSPECIFIED.);
#649=B_SPLINE_CURVE_WITH_KNOTS('',3,(#3484,#3485,#3486,#3487),
 .UNSPECIFIED.,.F.,.F.,(4,4),(-0.0744066048439687,0.),.UNSPECIFIED.);
#650=B_SPLINE_CURVE_WITH_KNOTS('',3,(#3489,#3490,#3491,#3492,#3493),
 .UNSPECIFIED.,.F.,.F.,(4,1,4),(-0.11703037394815,-0.111111111111111,-0.0744066048439687),
 .UNSPECIFIED.);
#651=B_SPLINE_CURVE_WITH_KNOTS('',3,(#3495,#3496,#3497,#3498,#3499),
 .UNSPECIFIED.,.F.,.F.,(4,1,4),(-0.201855110286119,-0.166666666666667,-0.11703037394815),
 .UNSPECIFIED.);
#652=B_SPLINE_CURVE_WITH_KNOTS('',3,(#3501,#3502,#3503,#3504),
 .UNSPECIFIED.,.F.,.F.,(4,4),(-8.34786104223512,-8.27609247709191),
 .UNSPECIFIED.);
#653=B_SPLINE_CURVE_WITH_KNOTS('',3,(#3506,#3507,#3508,#3509),
 .UNSPECIFIED.,.F.,.F.,(4,4),(1.46403104141324,1.69419815594049),
 .UNSPECIFIED.);
#654=B_SPLINE_CURVE_WITH_KNOTS('',3,(#3511,#3512,#3513,#3514),
 .UNSPECIFIED.,.F.,.F.,(4,4),(5.6203573326233,5.93584143806715),
 .UNSPECIFIED.);
#655=B_SPLINE_CURVE_WITH_KNOTS('',3,(#3516,#3517,#3518,#3519,#3520,#3521,
#3522,#3523,#3524,#3525,#3526,#3527,#3528),.UNSPECIFIED.,.F.,.F.,(4,3,3,
3,4),(8.65437666353351,8.70580131319296,8.89745239938245,9.08572035941926,
9.27398831945607),.UNSPECIFIED.);
#656=B_SPLINE_CURVE_WITH_KNOTS('',3,(#3530,#3531,#3532,#3533,#3534,#3535),
 .UNSPECIFIED.,.F.,.F.,(4,2,4),(-6.6492041055258,-6.36441706456025,-5.79814180185156),
 .UNSPECIFIED.);
#657=B_SPLINE_CURVE_WITH_KNOTS('',3,(#3537,#3538,#3539,#3540,#3541,#3542,
#3543,#3544,#3545,#3546,#3547,#3548,#3549,#3550,#3551,#3552,#3553,#3554,
#3555,#3556,#3557,#3558,#3559,#3560,#3561,#3562,#3563,#3564,#3565,#3566),
 .UNSPECIFIED.,.F.,.F.,(4,2,2,2,2,2,2,2,2,2,2,2,2,2,4),(-5.79814180185156,
-5.55739537924579,-5.04949743721918,-4.68867437825669,-4.44422661986629,
-4.27292045623587,-4.19086955936671,-4.13775189743219,-4.08850872821628,
-4.02503511080146,-3.9070813807751,-3.76306434208055,-3.55713060764608,
-3.18312579221844,-3.111497387505),.UNSPECIFIED.);
#658=B_SPLINE_CURVE_WITH_KNOTS('',3,(#3568,#3569,#3570,#3571,#3572,#3573,
#3574,#3575,#3576,#3577),.UNSPECIFIED.,.F.,.F.,(4,3,3,4),(0.870019341593192,
1.00082285423923,1.02904231618519,1.04034118902258),.UNSPECIFIED.);
#659=B_SPLINE_CURVE_WITH_KNOTS('',3,(#3579,#3580,#3581,#3582,#3583,#3584,
#3585,#3586,#3587,#3588),.UNSPECIFIED.,.F.,.F.,(4,2,2,2,4),(0.,0.293373478781134,
1.06618260278997,2.58582744191917,2.70019370906368),.UNSPECIFIED.);
#660=B_SPLINE_CURVE_WITH_KNOTS('',3,(#3590,#3591,#3592,#3593,#3594),
 .UNSPECIFIED.,.F.,.F.,(4,1,4),(-0.338052158152463,-0.333333333333333,-0.227027630742877),
 .UNSPECIFIED.);
#661=B_SPLINE_CURVE_WITH_KNOTS('',3,(#3596,#3597,#3598,#3599,#3600),
 .UNSPECIFIED.,.F.,.F.,(4,1,4),(-0.445085741868927,-0.444444444444444,-0.338052158152463),
 .UNSPECIFIED.);
#662=B_SPLINE_CURVE_WITH_KNOTS('',3,(#3602,#3603,#3604,#3605,#3606,#3607),
 .UNSPECIFIED.,.F.,.F.,(4,2,4),(-0.524304191166889,-0.5,-0.445085741868927),
 .UNSPECIFIED.);
#663=B_SPLINE_CURVE_WITH_KNOTS('',3,(#3609,#3610,#3611,#3612,#3613,#3614,
#3615,#3616,#3617,#3618,#3619,#3620,#3621,#3622,#3623,#3624,#3625,#3626,
#3627,#3628,#3629,#3630,#3631,#3632,#3633,#3634,#3635,#3636,#3637,#3638),
 .UNSPECIFIED.,.F.,.F.,(4,2,2,2,2,2,2,2,2,2,2,2,2,2,4),(3.73931299171183,
3.81205855391234,4.02180643372474,4.15530385883184,4.21894856512726,4.26504382987913,
4.31263693042106,4.38100104926516,4.53008653740792,4.70567249456771,4.96570717485012,
5.35688811545063,5.95145805697221,6.64589031490403,7.32136747040306),
 .UNSPECIFIED.);
#664=B_SPLINE_CURVE_WITH_KNOTS('',3,(#3640,#3641,#3642,#3643,#3644,#3645,
#3646),.UNSPECIFIED.,.F.,.F.,(4,3,4),(3.4173563215588,3.42585459828267,
3.53178459284565),.UNSPECIFIED.);
#665=B_SPLINE_CURVE_WITH_KNOTS('',3,(#3648,#3649,#3650,#3651,#3652,#3653,
#3654,#3655,#3656,#3657,#3658,#3659),.UNSPECIFIED.,.F.,.F.,(4,2,2,2,2,4),
(-3.98153807044958,-3.83781558401932,-3.50404862501339,-2.9821868317393,
-2.28067843484409,-0.950925244326924),.UNSPECIFIED.);
#666=B_SPLINE_CURVE_WITH_KNOTS('',3,(#3661,#3662,#3663,#3664,#3665,#3666,
#3667,#3668,#3669),.UNSPECIFIED.,.F.,.F.,(4,2,3,4),(0.353090820621608,0.707929374852139,
0.932281351115496,0.962463680023037),.UNSPECIFIED.);
#667=B_SPLINE_CURVE_WITH_KNOTS('',3,(#3671,#3672,#3673,#3674,#3675,#3676,
#3677,#3678,#3679,#3680),.UNSPECIFIED.,.F.,.F.,(4,3,3,4),(0.,0.131576962639595,
0.257353304042557,0.345019995335386),.UNSPECIFIED.);
#668=B_SPLINE_CURVE_WITH_KNOTS('',3,(#3682,#3683,#3684,#3685),
 .UNSPECIFIED.,.F.,.F.,(4,4),(-0.554745441099702,-0.553637528968199),
 .UNSPECIFIED.);
#669=B_SPLINE_CURVE_WITH_KNOTS('',3,(#3687,#3688,#3689,#3690,#3691,#3692),
 .UNSPECIFIED.,.F.,.F.,(4,1,1,4),(-0.666667364360198,-0.666666666666667,
-0.555555555555556,-0.554745441099702),.UNSPECIFIED.);
#670=B_SPLINE_CURVE_WITH_KNOTS('',3,(#3694,#3695,#3696,#3697),
 .UNSPECIFIED.,.F.,.F.,(4,4),(-0.710496293189945,-0.666667364360198),
 .UNSPECIFIED.);
#671=B_SPLINE_CURVE_WITH_KNOTS('',3,(#3699,#3700,#3701,#3702,#3703,#3704,
#3705,#3706,#3707,#3708,#3709,#3710,#3711,#3712,#3713,#3714,#3715,#3716),
 .UNSPECIFIED.,.F.,.F.,(4,2,2,2,2,2,2,2,4),(6.45975059160216,6.46703195619256,
6.77889056374233,7.13809377761692,7.6322076939071,8.47780069093475,9.98903062317569,
12.5154678258695,14.9797324573515),.UNSPECIFIED.);
#672=B_SPLINE_CURVE_WITH_KNOTS('',3,(#3718,#3719,#3720,#3721,#3722,#3723,
#3724),.UNSPECIFIED.,.F.,.F.,(4,3,4),(2.22267347341605,2.23531546481975,
2.40824746904601),.UNSPECIFIED.);
#673=B_SPLINE_CURVE_WITH_KNOTS('',3,(#3726,#3727,#3728,#3729,#3730,#3731,
#3732,#3733,#3734,#3735,#3736,#3737),.UNSPECIFIED.,.F.,.F.,(4,2,2,2,2,4),
(-4.36871235004095,-4.36554346129483,-4.07063362782712,-3.59612205164665,
-3.07773762553027,-2.72849713248283),.UNSPECIFIED.);
#674=B_SPLINE_CURVE_WITH_KNOTS('',3,(#3739,#3740,#3741,#3742,#3743,#3744,
#3745,#3746,#3747),.UNSPECIFIED.,.F.,.F.,(4,2,3,4),(1.62297558563287,1.72486673275487,
1.85160142519916,1.86680933383918),.UNSPECIFIED.);
#675=B_SPLINE_CURVE_WITH_KNOTS('',3,(#3749,#3750,#3751,#3752,#3753,#3754,
#3755,#3756),.UNSPECIFIED.,.F.,.F.,(4,2,2,4),(0.,0.335260577573542,2.05933683426753,
2.47263834973698),.UNSPECIFIED.);
#676=B_SPLINE_CURVE_WITH_KNOTS('',3,(#3758,#3759,#3760,#3761,#3762),
 .UNSPECIFIED.,.F.,.F.,(4,1,4),(-0.779646093368337,-0.777777777777778,-0.748902217621301),
 .UNSPECIFIED.);
#677=B_SPLINE_CURVE_WITH_KNOTS('',3,(#3763,#3764,#3765,#3766,#3767,#3768),
 .UNSPECIFIED.,.F.,.F.,(4,1,1,4),(-0.933331354448784,-0.888888888888889,
-0.833333333333333,-0.779646093368337),.UNSPECIFIED.);
#678=B_SPLINE_CURVE_WITH_KNOTS('',3,(#3771,#3772,#3773,#3774),
 .UNSPECIFIED.,.F.,.F.,(4,4),(0.691325576981967,0.971796304953058),
 .UNSPECIFIED.);
#679=B_SPLINE_CURVE_WITH_KNOTS('',3,(#3775,#3776,#3777,#3778,#3779,#3780,
#3781,#3782,#3783,#3784,#3785,#3786,#3787,#3788,#3789,#3790,#3791,#3792),
 .UNSPECIFIED.,.F.,.F.,(4,2,2,2,2,2,2,2,4),(3.50320188745021,3.52476891219699,
3.5775277051909,3.63223315055671,3.71096496057298,3.86931637377598,4.08785967209044,
4.38147637924281,4.41937911868531),.UNSPECIFIED.);
#680=B_SPLINE_CURVE_WITH_KNOTS('',3,(#3794,#3795,#3796,#3797,#3798,#3799,
#3800,#3801,#3802,#3803,#3804,#3805,#3806,#3807,#3808,#3809),
 .UNSPECIFIED.,.F.,.F.,(4,2,2,2,2,2,2,4),(-0.492531641577035,-0.391407479058251,
-0.244728926792789,-0.15541960070268,-0.0996107367115327,-0.0486463782879477,
-0.0209121516453745,-2.06866818611971E-5),.UNSPECIFIED.);
#681=B_SPLINE_CURVE_WITH_KNOTS('',3,(#3813,#3814,#3815,#3816,#3817,#3818,
#3819,#3820,#3821,#3822,#3823,#3824,#3825,#3826,#3827,#3828,#3829,#3830,
#3831,#3832,#3833,#3834,#3835,#3836,#3837,#3838),.UNSPECIFIED.,.F.,.F.,
(4,2,2,2,2,2,2,2,2,2,2,2,4),(-0.760456234128055,-0.744648729707826,-0.699788061594608,
-0.623877125293875,-0.498323452313427,-0.415762486045063,-0.354215278560555,
-0.299024853139949,-0.237972938499405,-0.151201277027154,-0.0877729133907909,
-0.0420227049123092,-0.017360692740627),.UNSPECIFIED.);
#682=B_SPLINE_CURVE_WITH_KNOTS('',3,(#3840,#3841,#3842,#3843,#3844,#3845,
#3846,#3847,#3848,#3849,#3850,#3851,#3852,#3853,#3854,#3855,#3856,#3857,
#3858,#3859,#3860,#3861,#3862,#3863,#3864,#3865,#3866,#3867),
 .UNSPECIFIED.,.F.,.F.,(4,2,2,2,2,2,2,2,2,2,2,2,2,4),(-0.285977839032242,
-0.282895725623327,-0.272162738551377,-0.251665770488428,-0.224338336477417,
-0.196003925532338,-0.173621986525398,-0.152009080510247,-0.126306217663114,
-0.0905570630904692,-0.0532057067027216,-0.0318282009808184,-0.0173616699993337,
-0.0121772565028116),.UNSPECIFIED.);
#683=B_SPLINE_CURVE_WITH_KNOTS('',3,(#3868,#3869,#3870,#3871),
 .UNSPECIFIED.,.F.,.F.,(4,4),(-0.017360692740627,-0.0173390810500115),
 .UNSPECIFIED.);
#684=B_SPLINE_CURVE_WITH_KNOTS('',3,(#3873,#3874,#3875,#3876),
 .UNSPECIFIED.,.F.,.F.,(4,4),(-2.86136747834925,-2.7585166547978),
 .UNSPECIFIED.);
#685=B_SPLINE_CURVE_WITH_KNOTS('',3,(#4150,#4151,#4152,#4153,#4154,#4155,
#4156),.UNSPECIFIED.,.F.,.F.,(4,3,4),(-0.0733064298944926,-0.0236810878973147,
0.),.UNSPECIFIED.);
#686=B_SPLINE_CURVE_WITH_KNOTS('',3,(#4158,#4159,#4160,#4161),
 .UNSPECIFIED.,.F.,.F.,(4,4),(-0.422149374289094,0.),.UNSPECIFIED.);
#687=B_SPLINE_CURVE_WITH_KNOTS('',3,(#4163,#4164,#4165,#4166,#4167,#4168,
#4169),.UNSPECIFIED.,.F.,.F.,(4,3,4),(-0.0533482098729599,-0.0449670598249808,
0.),.UNSPECIFIED.);
#688=B_SPLINE_CURVE_WITH_KNOTS('',3,(#4171,#4172,#4173,#4174),
 .UNSPECIFIED.,.F.,.F.,(4,4),(-0.0530146996904862,0.),.UNSPECIFIED.);
#689=B_SPLINE_CURVE_WITH_KNOTS('',3,(#4176,#4177,#4178,#4179,#4180,#4181,
#4182),.UNSPECIFIED.,.F.,.F.,(4,3,4),(-0.101084680198057,-0.0386029898631722,
0.),.UNSPECIFIED.);
#690=B_SPLINE_CURVE_WITH_KNOTS('',3,(#4184,#4185,#4186,#4187),
 .UNSPECIFIED.,.F.,.F.,(4,4),(-0.19324680049622,0.),.UNSPECIFIED.);
#691=B_SPLINE_CURVE_WITH_KNOTS('',3,(#4189,#4190,#4191,#4192,#4193,#4194,
#4195),.UNSPECIFIED.,.F.,.F.,(4,3,4),(-0.077701480367986,-0.0185683857642694,
0.),.UNSPECIFIED.);
#692=B_SPLINE_CURVE_WITH_KNOTS('',3,(#4197,#4198,#4199,#4200),
 .UNSPECIFIED.,.F.,.F.,(4,4),(-0.502738430795617,-0.310993030437446),
 .UNSPECIFIED.);
#693=B_SPLINE_CURVE_WITH_KNOTS('',3,(#4202,#4203,#4204,#4205),
 .UNSPECIFIED.,.F.,.F.,(4,4),(-0.31737100422127,-0.293264053853809),
 .UNSPECIFIED.);
#694=B_SPLINE_CURVE_WITH_KNOTS('',3,(#4207,#4208,#4209,#4210),
 .UNSPECIFIED.,.F.,.F.,(4,4),(-0.554147360515032,-0.505964410883798),
 .UNSPECIFIED.);
#695=B_SPLINE_CURVE_WITH_KNOTS('',3,(#4211,#4212,#4213,#4214),
 .UNSPECIFIED.,.F.,.F.,(4,4),(-0.451712840391303,-0.26553829127332),
 .UNSPECIFIED.);
#696=B_SPLINE_CURVE_WITH_KNOTS('',3,(#4216,#4217,#4218,#4219),
 .UNSPECIFIED.,.F.,.F.,(4,4),(-0.0947109369703511,-0.0672909459723),
 .UNSPECIFIED.);
#697=B_SPLINE_CURVE_WITH_KNOTS('',3,(#4221,#4222,#4223,#4224),
 .UNSPECIFIED.,.F.,.F.,(4,4),(-0.110604745259472,-0.0947109369703511),
 .UNSPECIFIED.);
#698=B_SPLINE_CURVE_WITH_KNOTS('',3,(#4226,#4227,#4228,#4229,#4230,#4231),
 .UNSPECIFIED.,.F.,.F.,(4,1,1,4),(-0.21688757138644,-0.166666666666667,
-0.111111111111111,-0.110604745259472),.UNSPECIFIED.);
#699=B_SPLINE_CURVE_WITH_KNOTS('',3,(#4233,#4234,#4235,#4236,#4237),
 .UNSPECIFIED.,.F.,.F.,(4,1,4),(-0.251082299293348,-0.222222222222222,-0.21688757138644),
 .UNSPECIFIED.);
#700=B_SPLINE_CURVE_WITH_KNOTS('',3,(#4239,#4240,#4241,#4242,#4243,#4244),
 .UNSPECIFIED.,.F.,.F.,(4,2,4),(-7.43155835940971,-6.36908718844006,-6.16172593559644),
 .UNSPECIFIED.);
#701=B_SPLINE_CURVE_WITH_KNOTS('',3,(#4246,#4247,#4248,#4249,#4250,#4251,
#4252,#4253,#4254),.UNSPECIFIED.,.F.,.F.,(4,2,3,4),(-0.460836580101897,
-0.354822431461295,-0.328249517915473,-0.319234999614194),.UNSPECIFIED.);
#702=B_SPLINE_CURVE_WITH_KNOTS('',3,(#4256,#4257,#4258,#4259,#4260,#4261,
#4262,#4263,#4264,#4265),.UNSPECIFIED.,.F.,.F.,(4,2,2,2,4),(-4.29060192139123,
-4.07146425108168,-3.59925224423896,-3.08351635924793,-2.85869031651497),
 .UNSPECIFIED.);
#703=B_SPLINE_CURVE_WITH_KNOTS('',3,(#4267,#4268,#4269,#4270,#4271,#4272,
#4273),.UNSPECIFIED.,.F.,.F.,(4,3,4),(-0.134981906991289,-0.12599775527165,
-0.000797811965119725),.UNSPECIFIED.);
#704=B_SPLINE_CURVE_WITH_KNOTS('',3,(#4275,#4276,#4277,#4278,#4279,#4280,
#4281,#4282,#4283,#4284,#4285,#4286,#4287,#4288,#4289,#4290,#4291,#4292),
 .UNSPECIFIED.,.F.,.F.,(4,2,2,2,2,2,2,2,4),(-4.22784461098964,-4.16878939147245,
-3.98407518503048,-3.73795212785287,-3.37981004808904,-2.81122944038093,
-1.08912421772254,-0.3372801958588,0.),.UNSPECIFIED.);
#705=B_SPLINE_CURVE_WITH_KNOTS('',3,(#4294,#4295,#4296,#4297),
 .UNSPECIFIED.,.F.,.F.,(4,4),(-0.332434623624245,-0.289536587025899),
 .UNSPECIFIED.);
#706=B_SPLINE_CURVE_WITH_KNOTS('',3,(#4299,#4300,#4301,#4302,#4303,#4304),
 .UNSPECIFIED.,.F.,.F.,(4,1,1,4),(-0.444491306900058,-0.444444444444444,
-0.333333333333333,-0.332434623624245),.UNSPECIFIED.);
#707=B_SPLINE_CURVE_WITH_KNOTS('',3,(#4306,#4307,#4308,#4309),
 .UNSPECIFIED.,.F.,.F.,(4,4),(-0.44632980463429,-0.444491306900058),
 .UNSPECIFIED.);
#708=B_SPLINE_CURVE_WITH_KNOTS('',3,(#4311,#4312,#4313,#4314),
 .UNSPECIFIED.,.F.,.F.,(4,4),(-9.80334318630913,-9.58830312715979),
 .UNSPECIFIED.);
#709=B_SPLINE_CURVE_WITH_KNOTS('',3,(#4316,#4317,#4318,#4319,#4320,#4321,
#4322,#4323,#4324),.UNSPECIFIED.,.F.,.F.,(4,2,3,4),(-1.97641394174502,-1.87491478233634,
-1.62797420621806,-1.60814178988706),.UNSPECIFIED.);
#710=B_SPLINE_CURVE_WITH_KNOTS('',3,(#4326,#4327,#4328,#4329,#4330,#4331,
#4332,#4333,#4334,#4335,#4336,#4337),.UNSPECIFIED.,.F.,.F.,(4,2,2,2,2,4),
(-3.96187795582947,-3.83966436722858,-3.50585911673291,-2.98439010789413,
-2.28086019247163,-0.985239520325904),.UNSPECIFIED.);
#711=B_SPLINE_CURVE_WITH_KNOTS('',3,(#4339,#4340,#4341,#4342,#4343,#4344,
#4345,#4346,#4347),.UNSPECIFIED.,.F.,.F.,(4,3,2,4),(-0.113509112871338,
-0.109284904523137,-0.0975415809958215,-0.0373422420571111),
 .UNSPECIFIED.);
#712=B_SPLINE_CURVE_WITH_KNOTS('',3,(#4349,#4350,#4351,#4352,#4353,#4354,
#4355,#4356,#4357,#4358,#4359,#4360,#4361,#4362,#4363,#4364,#4365,#4366,
#4367,#4368,#4369,#4370,#4371,#4372,#4373,#4374,#4375,#4376,#4377,#4378),
 .UNSPECIFIED.,.F.,.F.,(4,2,2,2,2,2,2,2,2,2,2,2,2,2,4),(-6.89209628780841,
-6.85859349203187,-6.52860706690731,-6.24160512066187,-6.11041980281733,
-6.02734670120293,-5.95160906051571,-5.85583789245505,-5.67260408248833,
-5.33762662788399,-4.92708861314067,-4.32033892114167,-2.48912569132889,
-0.260918303881119,0.),.UNSPECIFIED.);
#713=B_SPLINE_CURVE_WITH_KNOTS('',3,(#4380,#4381,#4382,#4383,#4384,#4385),
 .UNSPECIFIED.,.F.,.F.,(4,2,4),(-0.552659841348182,-0.5,-0.475657466101884),
 .UNSPECIFIED.);
#714=B_SPLINE_CURVE_WITH_KNOTS('',3,(#4387,#4388,#4389,#4390,#4391),
 .UNSPECIFIED.,.F.,.F.,(4,1,4),(-0.665421532864943,-0.555555555555556,-0.552659841348182),
 .UNSPECIFIED.);
#715=B_SPLINE_CURVE_WITH_KNOTS('',3,(#4393,#4394,#4395,#4396,#4397),
 .UNSPECIFIED.,.F.,.F.,(4,1,4),(-0.762953658615812,-0.666666666666667,-0.665421532864943),
 .UNSPECIFIED.);
#716=B_SPLINE_CURVE_WITH_KNOTS('',3,(#4399,#4400,#4401,#4402),
 .UNSPECIFIED.,.F.,.F.,(4,4),(-0.77300777968952,-0.762953658615812),
 .UNSPECIFIED.);
#717=B_SPLINE_CURVE_WITH_KNOTS('',3,(#4404,#4405,#4406,#4407),
 .UNSPECIFIED.,.F.,.F.,(4,4),(-0.299850060655885,-0.279646818240374),
 .UNSPECIFIED.);
#718=B_SPLINE_CURVE_WITH_KNOTS('',3,(#4409,#4410,#4411,#4412,#4413,#4414,
#4415,#4416,#4417,#4418,#4419,#4420,#4421),.UNSPECIFIED.,.F.,.F.,(4,3,3,
3,4),(-0.108140904866726,-0.0547700039325582,-0.0456271311228966,-0.0179368742929417,
0.),.UNSPECIFIED.);
#719=B_SPLINE_CURVE_WITH_KNOTS('',3,(#4423,#4424,#4425,#4426),
 .UNSPECIFIED.,.F.,.F.,(4,4),(-16.3142228742071,-16.2922737508113),
 .UNSPECIFIED.);
#720=B_SPLINE_CURVE_WITH_KNOTS('',3,(#4428,#4429,#4430,#4431,#4432,#4433,
#4434),.UNSPECIFIED.,.F.,.F.,(4,3,4),(-0.140190563100847,-0.0777301642987042,
-1.31375059035701E-5),.UNSPECIFIED.);
#721=B_SPLINE_CURVE_WITH_KNOTS('',3,(#4436,#4437,#4438,#4439,#4440,#4441,
#4442,#4443,#4444,#4445),.UNSPECIFIED.,.F.,.F.,(4,2,2,2,4),(-1.90915307967099,
-1.39745886624946,-0.954561511268601,-0.474203429179606,-0.441654172455762),
 .UNSPECIFIED.);
#722=B_SPLINE_CURVE_WITH_KNOTS('',3,(#4447,#4448,#4449,#4450,#4451,#4452,
#4453,#4454,#4455,#4456,#4457,#4458,#4459),.UNSPECIFIED.,.F.,.F.,(4,3,3,
3,4),(-4.08820777683512,-4.07537954102188,-3.95552862682385,-3.91400693306612,
-3.90224013060716),.UNSPECIFIED.);
#723=B_SPLINE_CURVE_WITH_KNOTS('',3,(#4461,#4462,#4463,#4464,#4465,#4466,
#4467,#4468,#4469,#4470,#4471,#4472,#4473,#4474,#4475,#4476,#4477,#4478,
#4479,#4480,#4481,#4482,#4483,#4484,#4485,#4486,#4487,#4488,#4489,#4490),
 .UNSPECIFIED.,.F.,.F.,(4,2,2,2,2,2,2,2,2,2,2,2,2,2,4),(-5.78492000979136,
-5.54495620383151,-5.03830072293988,-4.67827964917579,-4.43431318841193,
-4.26337518633948,-4.18149112488085,-4.12847923349381,-4.079333956905,-4.01598893300233,
-3.89829112697924,-3.75465031018319,-3.54939779398408,-3.1767021111846,
-3.06863894097255),.UNSPECIFIED.);
#724=B_SPLINE_CURVE_WITH_KNOTS('',3,(#4492,#4493,#4494,#4495,#4496,#4497),
 .UNSPECIFIED.,.F.,.F.,(4,2,4),(-6.6498304798108,-6.35039431524362,-5.78492000979136),
 .UNSPECIFIED.);
#725=B_SPLINE_CURVE_WITH_KNOTS('',3,(#4499,#4500,#4501,#4502,#4503,#4504,
#4505),.UNSPECIFIED.,.F.,.F.,(4,3,4),(-0.952497508817532,-0.938908779337648,
-0.799406560015247),.UNSPECIFIED.);
#726=B_SPLINE_CURVE_WITH_KNOTS('',3,(#4507,#4508,#4509,#4510),
 .UNSPECIFIED.,.F.,.F.,(4,4),(-0.659213947759931,-0.141838428742636),
 .UNSPECIFIED.);
#727=B_SPLINE_CURVE_WITH_KNOTS('',3,(#4512,#4513,#4514,#4515),
 .UNSPECIFIED.,.F.,.F.,(4,4),(-0.604683046960178,-0.453875819299873),
 .UNSPECIFIED.);
#728=B_SPLINE_CURVE_WITH_KNOTS('',3,(#4517,#4518,#4519,#4520),
 .UNSPECIFIED.,.F.,.F.,(4,4),(-0.11663687123224,-0.0778251613687136),
 .UNSPECIFIED.);
#729=B_SPLINE_CURVE_WITH_KNOTS('',3,(#4522,#4523,#4524,#4525,#4526,#4527,
#4528),.UNSPECIFIED.,.F.,.F.,(4,3,4),(-0.11887743147221,-0.0594387157361052,
0.),.UNSPECIFIED.);
#730=B_SPLINE_CURVE_WITH_KNOTS('',3,(#4530,#4531,#4532,#4533),
 .UNSPECIFIED.,.F.,.F.,(4,4),(-0.089700280542498,0.),.UNSPECIFIED.);
#731=B_SPLINE_CURVE_WITH_KNOTS('',3,(#4535,#4536,#4537,#4538,#4539),
 .UNSPECIFIED.,.F.,.F.,(4,1,4),(-0.887192405548076,-0.833333333333333,-0.806770166963801),
 .UNSPECIFIED.);
#732=B_SPLINE_CURVE_WITH_KNOTS('',3,(#4541,#4542,#4543,#4544,#4545),
 .UNSPECIFIED.,.F.,.F.,(4,1,4),(-0.922730670194162,-0.888888888888889,-0.887192405548076),
 .UNSPECIFIED.);
#733=B_SPLINE_CURVE_WITH_KNOTS('',3,(#4546,#4547,#4548,#4549),
 .UNSPECIFIED.,.F.,.F.,(4,4),(-1.,-0.922730670194162),.UNSPECIFIED.);
#734=B_SPLINE_CURVE_WITH_KNOTS('',3,(#4704,#4705,#4706,#4707,#4708,#4709,
#4710),.UNSPECIFIED.,.F.,.F.,(4,3,4),(0.,0.114009343146814,0.142453362234412),
 .UNSPECIFIED.);
#735=B_SPLINE_CURVE_WITH_KNOTS('',3,(#4712,#4713,#4714,#4715),
 .UNSPECIFIED.,.F.,.F.,(4,4),(2.42876459815513,2.47177483708382),
 .UNSPECIFIED.);
#736=B_SPLINE_CURVE_WITH_KNOTS('',3,(#4716,#4717,#4718,#4719,#4720,#4721,
#4722),.UNSPECIFIED.,.F.,.F.,(4,3,4),(0.185120602429792,0.26849521770022,
0.301978053043798),.UNSPECIFIED.);
#737=B_SPLINE_CURVE_WITH_KNOTS('',3,(#4743,#4744,#4745,#4746,#4747,#4748,
#4749,#4750,#4751,#4752,#4753,#4754,#4755,#4756,#4757,#4758,#4759,#4760,
#4761,#4762,#4763,#4764,#4765,#4766,#4767,#4768,#4769,#4770,#4771,#4772,
#4773,#4774),.UNSPECIFIED.,.F.,.F.,(4,2,2,2,2,2,2,2,2,2,2,2,2,2,2,4),(0.690959419582131,
2.36362412735975,2.97155484400239,3.5376595062581,4.00630353624985,4.4856446161329,
4.77040080121901,4.9023136536228,4.99859679770353,5.09502607294187,5.22951825980604,
5.51744004231585,5.79056551039413,6.19541157783218,6.95272851184515,7.00076461620657),
 .UNSPECIFIED.);
#738=B_SPLINE_CURVE_WITH_KNOTS('',3,(#4776,#4777,#4778,#4779,#4780,#4781,
#4782,#4783,#4784,#4785),.UNSPECIFIED.,.F.,.F.,(4,3,3,4),(0.354557558939221,
0.540046756405108,0.730511741909622,0.922041469063227),.UNSPECIFIED.);
#739=B_SPLINE_CURVE_WITH_KNOTS('',3,(#4786,#4787,#4788,#4789,#4790,#4791,
#4792,#4793,#4794,#4795,#4796,#4797,#4798,#4799,#4800,#4801,#4802,#4803,
#4804,#4805,#4806,#4807),.UNSPECIFIED.,.F.,.F.,(4,3,3,3,3,3,3,4),(-1.33023564975234,
-1.08836686574058,-0.841889292236858,-0.633374898642166,-0.416866243410346,
-0.19529586751885,0.282509170800311,0.354557558939221),.UNSPECIFIED.);
#740=B_SPLINE_CURVE_WITH_KNOTS('',3,(#4825,#4826,#4827,#4828),
 .UNSPECIFIED.,.F.,.F.,(4,4),(0.,0.0481158675354971),.UNSPECIFIED.);
#741=B_SPLINE_CURVE_WITH_KNOTS('',3,(#4830,#4831,#4832,#4833),
 .UNSPECIFIED.,.F.,.F.,(4,4),(2.32513621421687,2.35556865989407),
 .UNSPECIFIED.);
#742=B_SPLINE_CURVE_WITH_KNOTS('',3,(#4834,#4835,#4836,#4837),
 .UNSPECIFIED.,.F.,.F.,(4,4),(11.9692412026769,12.0082753177231),
 .UNSPECIFIED.);
#743=B_SPLINE_CURVE_WITH_KNOTS('',3,(#4849,#4850,#4851,#4852),
 .UNSPECIFIED.,.F.,.F.,(4,4),(-2.51935504931522,-2.48257110100154),
 .UNSPECIFIED.);
#744=B_SPLINE_CURVE_WITH_KNOTS('',3,(#4853,#4854,#4855,#4856,#4857,#4858,
#4859,#4860,#4861,#4862,#4863,#4864,#4865,#4866,#4867,#4868,#4869,#4870,
#4871,#4872,#4873,#4874,#4875,#4876,#4877,#4878,#4879,#4880,#4881,#4882,
#4883,#4884,#4885,#4886,#4887,#4888,#4889,#4890,#4891,#4892,#4893,#4894,
#4895,#4896,#4897,#4898,#4899,#4900),.UNSPECIFIED.,.F.,.F.,(4,2,2,2,2,2,
2,2,2,2,2,2,2,2,2,2,2,2,2,2,2,2,2,4),(-2.48257110100154,-2.35336106992201,
-2.17213018805937,-2.03019861000346,-1.88777886039107,-1.81253170727277,
-1.7654151248768,-1.72450859475243,-1.67696989359847,-1.60388981700066,
-1.50889690006399,-1.37810545250574,-1.17932521070427,-0.858797082447818,
-0.685469805334296,-0.574186261543778,-0.529072679224798,-0.505909045939196,
-0.486883444814615,-0.464067932230301,-0.420907482038614,-0.343521488362715,
-0.225442995752709,0.),.UNSPECIFIED.);
#745=B_SPLINE_CURVE_WITH_KNOTS('',3,(#4903,#4904,#4905,#4906,#4907,#4908,
#4909),.UNSPECIFIED.,.F.,.F.,(4,3,4),(0.,0.0590688052564315,0.0973577996749675),
 .UNSPECIFIED.);
#746=B_SPLINE_CURVE_WITH_KNOTS('',3,(#4933,#4934,#4935,#4936),
 .UNSPECIFIED.,.F.,.F.,(4,4),(2.21067940986364,2.39805458185418),
 .UNSPECIFIED.);
#747=B_SPLINE_CURVE_WITH_KNOTS('',3,(#4938,#4939,#4940,#4941),
 .UNSPECIFIED.,.F.,.F.,(4,4),(-0.0237742495563325,0.),.UNSPECIFIED.);
#748=B_SPLINE_CURVE_WITH_KNOTS('',3,(#4942,#4943,#4944,#4945,#4946),
 .UNSPECIFIED.,.F.,.F.,(4,1,4),(-0.225654171006064,-0.222222222222222,-0.218986595610964),
 .UNSPECIFIED.);
#749=B_SPLINE_CURVE_WITH_KNOTS('',3,(#4971,#4972,#4973,#4974,#4975,#4976,
#4977,#4978,#4979,#4980,#4981,#4982),.UNSPECIFIED.,.F.,.F.,(4,3,2,3,4),
(0.240361476919504,0.256163553175063,0.530592356256116,0.812457362851729,
0.835069504665345),.UNSPECIFIED.);
#750=B_SPLINE_CURVE_WITH_KNOTS('',3,(#5032,#5033,#5034,#5035,#5036,#5037,
#5038),.UNSPECIFIED.,.F.,.F.,(4,3,4),(-1.54506030829208,-1.16442937437075,
-1.00827177443506),.UNSPECIFIED.);
#751=B_SPLINE_CURVE_WITH_KNOTS('',3,(#5039,#5040,#5041,#5042,#5043,#5044,
#5045,#5046,#5047,#5048,#5049,#5050,#5051,#5052,#5053,#5054,#5055,#5056),
 .UNSPECIFIED.,.F.,.F.,(4,2,2,2,2,2,2,2,4),(3.45513990712469,3.47992091807334,
3.51947045844023,3.56851479046594,3.6598512987892,3.84918375708757,4.03485878582011,
4.27898438680953,4.50959959458902),.UNSPECIFIED.);
#752=B_SPLINE_CURVE_WITH_KNOTS('',3,(#5070,#5071,#5072,#5073),
 .UNSPECIFIED.,.F.,.F.,(4,4),(8.69468512048109,8.71542126196154),
 .UNSPECIFIED.);
#753=B_SPLINE_CURVE_WITH_KNOTS('',3,(#5094,#5095,#5096,#5097,#5098,#5099,
#5100,#5101,#5102,#5103,#5104,#5105),.UNSPECIFIED.,.F.,.F.,(4,2,2,2,2,4),
(6.92537218551068,6.99237213142509,7.52064259268304,8.26795340200773,9.56090766679051,
10.3269782313358),.UNSPECIFIED.);
#754=B_SPLINE_CURVE_WITH_KNOTS('',3,(#5127,#5128,#5129,#5130,#5131,#5132,
#5133,#5134,#5135,#5136,#5137,#5138,#5139,#5140,#5141,#5142),
 .UNSPECIFIED.,.F.,.F.,(4,3,3,3,3,4),(-2.94707382956091,-2.57103112576696,
-2.37521412505639,-1.91788640756547,-1.64160139757246,-1.5647039405483),
 .UNSPECIFIED.);
#755=B_SPLINE_CURVE_WITH_KNOTS('',3,(#5163,#5164,#5165,#5166),
 .UNSPECIFIED.,.F.,.F.,(4,4),(2.32513621421687,2.35556865989252),
 .UNSPECIFIED.);
#756=B_SPLINE_CURVE_WITH_KNOTS('',3,(#5192,#5193,#5194,#5195,#5196,#5197,
#5198),.UNSPECIFIED.,.F.,.F.,(4,3,4),(2.42876459815513,2.4491101974918,
2.47177483708382),.UNSPECIFIED.);
#757=B_SPLINE_CURVE_WITH_KNOTS('',3,(#5204,#5205,#5206,#5207,#5208,#5209,
#5210,#5211,#5212,#5213,#5214,#5215,#5216,#5217,#5218,#5219,#5220,#5221,
#5222,#5223,#5224,#5225,#5226,#5227,#5228,#5229,#5230,#5231,#5232,#5233,
#5234,#5235,#5236,#5237,#5238,#5239,#5240,#5241,#5242,#5243,#5244,#5245,
#5246,#5247),.UNSPECIFIED.,.F.,.F.,(4,2,2,2,2,2,2,2,2,2,2,2,2,2,2,2,2,2,
2,2,2,4),(-2.3136412646933,-2.26617498255815,-2.18620749160051,-2.13838393340318,
-2.10223418244491,-2.06524460153322,-2.01392884078827,-1.91425233352782,
-1.7778622515079,-1.60253435867464,-1.35166636711231,-1.17537338468265,
-1.07574710150662,-0.998903001464702,-0.96580102710364,-0.943457749780765,
-0.920960574167712,-0.886572474678836,-0.795620353436655,-0.621263278837258,
-0.279675862645022,-0.149574405711695),.UNSPECIFIED.);
#758=B_SPLINE_CURVE_WITH_KNOTS('',3,(#5248,#5249,#5250,#5251,#5252,#5253),
 .UNSPECIFIED.,.F.,.F.,(4,2,4),(-0.149574405711695,-0.105498833270265,0.),
 .UNSPECIFIED.);
#759=B_SPLINE_CURVE_WITH_KNOTS('',3,(#5258,#5259,#5260,#5261,#5262,#5263,
#5264,#5265,#5266,#5267,#5268,#5269,#5270,#5271,#5272,#5273,#5274,#5275),
 .UNSPECIFIED.,.F.,.F.,(4,2,2,2,2,2,2,2,4),(-2.01370821744947,-2.00557747695188,
-1.99485203393927,-1.98170259144199,-1.95549686296771,-1.89703090942835,
-1.80174170653883,-1.65250908038199,-1.44538800590114),.UNSPECIFIED.);
#760=B_SPLINE_CURVE_WITH_KNOTS('',3,(#5276,#5277,#5278,#5279,#5280,#5281,
#5282,#5283,#5284,#5285,#5286,#5287,#5288,#5289,#5290,#5291,#5292,#5293,
#5294,#5295,#5296,#5297,#5298,#5299,#5300,#5301,#5302,#5303,#5304,#5305,
#5306,#5307,#5308,#5309,#5310,#5311,#5312,#5313),.UNSPECIFIED.,.F.,.F.,
(4,2,2,2,2,2,2,2,2,2,2,2,2,2,2,2,2,2,4),(-1.44538800590114,-1.41316678820865,
-1.2683158480894,-1.16804483628335,-1.09716037768732,-1.03130236098668,
-1.00019931669381,-0.977902747202667,-0.956172843909246,-0.927000029421146,
-0.869184461870383,-0.78880146662257,-0.682727321539995,-0.520413880323948,
-0.275191062652787,-0.139092008549058,-0.0706029616776416,-0.0180298138449622,
0.),.UNSPECIFIED.);
#761=B_SPLINE_CURVE_WITH_KNOTS('',3,(#5478,#5479,#5480,#5481),
 .UNSPECIFIED.,.F.,.F.,(4,4),(0.,1.),.UNSPECIFIED.);
#762=B_SPLINE_CURVE_WITH_KNOTS('',3,(#5482,#5483,#5484,#5485),
 .UNSPECIFIED.,.F.,.F.,(4,4),(0.,0.786181393261262),.UNSPECIFIED.);
#763=B_SPLINE_CURVE_WITH_KNOTS('',3,(#5488,#5489,#5490,#5491,#5492,#5493,
#5494,#5495,#5496,#5497,#5498,#5499,#5500,#5501,#5502,#5503,#5504,#5505,
#5506,#5507,#5508,#5509,#5510,#5511,#5512,#5513,#5514,#5515,#5516,#5517,
#5518,#5519,#5520,#5521,#5522,#5523,#5524,#5525),.UNSPECIFIED.,.F.,.F.,
(4,2,2,2,2,2,2,2,2,2,2,2,2,2,2,2,2,2,4),(-1.54976409120392,-1.50784273136929,
-1.33978325807456,-1.21075278789362,-1.11481141683892,-1.03310879296397,
-0.990974838544864,-0.959137217637757,-0.926667422132643,-0.881938736612955,
-0.810855549946628,-0.721892255585086,-0.598671179535767,-0.383850928921347,
-0.194812343109514,-0.102309714917194,-0.0378059171049915,-0.0151489028356853,
0.),.UNSPECIFIED.);
#764=B_SPLINE_CURVE_WITH_KNOTS('',3,(#5526,#5527,#5528,#5529,#5530,#5531,
#5532,#5533,#5534,#5535,#5536,#5537,#5538,#5539),.UNSPECIFIED.,.F.,.F.,
(4,2,2,2,2,2,4),(-1.98515363066473,-1.97609277750081,-1.95785010755163,
-1.92038021792165,-1.855701186686,-1.75524926027034,-1.54976409120392),
 .UNSPECIFIED.);
#765=B_SPLINE_CURVE_WITH_KNOTS('',3,(#5542,#5543,#5544,#5545,#5546,#5547),
 .UNSPECIFIED.,.F.,.F.,(4,2,4),(-0.148104810566679,-0.106352817035877,0.),
 .UNSPECIFIED.);
#766=B_SPLINE_CURVE_WITH_KNOTS('',3,(#5548,#5549,#5550,#5551,#5552,#5553,
#5554,#5555,#5556,#5557,#5558,#5559,#5560,#5561,#5562,#5563,#5564,#5565,
#5566,#5567,#5568,#5569,#5570,#5571,#5572,#5573,#5574,#5575,#5576,#5577,
#5578,#5579,#5580,#5581,#5582,#5583,#5584,#5585,#5586,#5587,#5588,#5589,
#5590,#5591),.UNSPECIFIED.,.F.,.F.,(4,2,2,2,2,2,2,2,2,2,2,2,2,2,2,2,2,2,
2,2,2,4),(-2.31709532058247,-2.2696979016219,-2.18927248430085,-2.14098262455113,
-2.10470892530915,-2.06779906444452,-2.01691644315555,-1.91891043143614,
-1.78375791925325,-1.61036070094731,-1.36125546805851,-1.18030353703862,
-1.07803393460508,-0.999728283441111,-0.965879045606009,-0.943360955165138,
-0.920932262631099,-0.887104195717579,-0.7997444734788,-0.629483803640695,
-0.282374924907522,-0.148104810566679),.UNSPECIFIED.);
#767=B_SPLINE_CURVE_WITH_KNOTS('',3,(#5594,#5595,#5596,#5597,#5598,#5599,
#5600,#5601,#5602,#5603,#5604,#5605,#5606,#5607,#5608,#5609,#5610,#5611,
#5612,#5613,#5614,#5615,#5616,#5617,#5618,#5619,#5620,#5621,#5622,#5623,
#5624,#5625,#5626,#5627,#5628,#5629),.UNSPECIFIED.,.F.,.F.,(4,2,2,2,2,2,
2,2,2,2,2,2,2,2,2,2,2,4),(-1.4808920883411,-1.3288323533704,-1.21369385795086,
-1.1347255838948,-1.05714720449576,-1.02164407501975,-0.997835527499707,
-0.975655504474436,-0.947411971355767,-0.896192938962213,-0.814721872831264,
-0.712954690959127,-0.564288915872736,-0.300073945339014,-0.149698467788148,
-0.0752348150822101,-0.0195238561086607,0.),.UNSPECIFIED.);
#768=B_SPLINE_CURVE_WITH_KNOTS('',3,(#5630,#5631,#5632,#5633,#5634,#5635,
#5636,#5637,#5638,#5639,#5640,#5641,#5642,#5643,#5644,#5645,#5646,#5647,
#5648,#5649),.UNSPECIFIED.,.F.,.F.,(4,2,2,2,2,2,2,2,2,4),(-2.06712804214073,
-2.06445944322057,-2.05318778450406,-2.04218834431128,-2.02868375628414,
-1.99419815185149,-1.92818174139968,-1.81768761534293,-1.50289548546059,
-1.4808920883411),.UNSPECIFIED.);
#769=B_SPLINE_CURVE_WITH_KNOTS('',3,(#5814,#5815,#5816,#5817,#5818,#5819,
#5820,#5821,#5822,#5823),.UNSPECIFIED.,.F.,.F.,(4,2,2,2,4),(-0.703957751503371,
-0.611207217189615,-0.506244262910712,-0.435981175575713,-0.380978909824143),
 .UNSPECIFIED.);
#770=B_SPLINE_CURVE_WITH_KNOTS('',3,(#5825,#5826,#5827,#5828,#5829,#5830,
#5831,#5832,#5833,#5834,#5835,#5836,#5837,#5838,#5839,#5840,#5841,#5842),
 .UNSPECIFIED.,.F.,.F.,(4,2,2,2,2,2,2,2,4),(2.36203486577788,3.31777735447251,
4.0795450886885,4.71366874701257,5.32868474332315,5.63642027743765,5.79916012572609,
5.92689866417146,6.06324934791233),.UNSPECIFIED.);
#771=B_SPLINE_CURVE_WITH_KNOTS('',3,(#5863,#5864,#5865,#5866,#5867,#5868,
#5869,#5870),.UNSPECIFIED.,.F.,.F.,(4,2,2,4),(0.43333702072674,0.57108423527015,
0.809225234015414,0.812173349688596),.UNSPECIFIED.);
#772=B_SPLINE_CURVE_WITH_KNOTS('',3,(#5872,#5873,#5874,#5875,#5876,#5877,
#5878,#5879,#5880,#5881,#5882,#5883,#5884,#5885,#5886,#5887,#5888,#5889,
#5890,#5891,#5892,#5893,#5894,#5895,#5896,#5897,#5898,#5899,#5900,#5901,
#5902),.UNSPECIFIED.,.F.,.F.,(4,2,2,2,2,2,2,2,2,2,2,2,3,2,4),(-0.901701137486769,
-0.760199114620337,-0.599192348501146,-0.508218276854246,-0.445561104279607,
-0.390094465089487,-0.36400182350135,-0.344487032304658,-0.326418065488581,
-0.297351876220518,-0.227847504667245,-0.120722138178707,0.,0.327742525641612,
0.43333702072674),.UNSPECIFIED.);
#773=B_SPLINE_CURVE_WITH_KNOTS('',3,(#5904,#5905,#5906,#5907,#5908,#5909,
#5910,#5911,#5912,#5913),.UNSPECIFIED.,.F.,.F.,(4,3,3,4),(7.01507383436641,
7.70076573815645,8.50336504770835,9.59801075167814),.UNSPECIFIED.);
#774=B_SPLINE_CURVE_WITH_KNOTS('',3,(#5915,#5916,#5917,#5918),
 .UNSPECIFIED.,.F.,.F.,(4,4),(10.1249613782888,10.2328284493367),
 .UNSPECIFIED.);
#775=B_SPLINE_CURVE_WITH_KNOTS('',3,(#5920,#5921,#5922,#5923,#5924,#5925,
#5926,#5927,#5928,#5929),.UNSPECIFIED.,.F.,.F.,(4,3,3,4),(3.42685668298786,
4.24267143877207,4.55551713476079,5.06789759972196),.UNSPECIFIED.);
#776=B_SPLINE_CURVE_WITH_KNOTS('',3,(#5946,#5947,#5948,#5949),
 .UNSPECIFIED.,.F.,.F.,(4,4),(0.0858057839086743,0.200885423542157),
 .UNSPECIFIED.);
#777=B_SPLINE_CURVE_WITH_KNOTS('',3,(#5966,#5967,#5968,#5969),
 .UNSPECIFIED.,.F.,.F.,(4,4),(0.436737021198703,0.531111167154655),
 .UNSPECIFIED.);
#778=B_SPLINE_CURVE_WITH_KNOTS('',3,(#6002,#6003,#6004,#6005,#6006,#6007,
#6008,#6009,#6010,#6011,#6012,#6013),.UNSPECIFIED.,.F.,.F.,(4,2,2,2,2,4),
(-1.10636987196522,-1.05311078886016,-0.852283168122606,-0.74244254385976,
-0.667257190275184,-0.628254810203975),.UNSPECIFIED.);
#779=B_SPLINE_CURVE_WITH_KNOTS('',3,(#6015,#6016,#6017,#6018,#6019,#6020,
#6021,#6022,#6023,#6024,#6025,#6026,#6027,#6028,#6029,#6030),
 .UNSPECIFIED.,.F.,.F.,(4,2,2,2,2,2,2,4),(0.345022378723267,0.373398894003059,
0.721997963358088,1.35015943828817,2.55387036243098,3.50942136923951,3.93796094305238,
4.00991590699683),.UNSPECIFIED.);
#780=ELLIPSE('',#2184,1.86798855527338,1.6);
#781=ELLIPSE('',#2186,9.8258576916329,9.38891203732509);
#782=ELLIPSE('',#2188,9.8258576916329,9.38891203732509);
#783=ELLIPSE('',#2189,35.2451361527774,9.47353383794428);
#784=ELLIPSE('',#2190,21.4237144618931,9.41799302237513);
#785=ELLIPSE('',#2191,25.7188688921027,9.44699047463047);
#786=ELLIPSE('',#2192,25.7188688921027,9.44699047463047);
#787=ELLIPSE('',#2193,21.4237144618931,9.41799302237513);
#788=ELLIPSE('',#2194,35.2451361527773,9.47353383794428);
#789=ELLIPSE('',#2205,1.86798855527338,1.6);
#790=ELLIPSE('',#2207,1.86798855527338,1.6);
#791=ELLIPSE('',#2209,1.86798855527338,1.6);
#792=ELLIPSE('',#2211,1.86798855527338,1.6);
#793=ELLIPSE('',#2213,1.86798855527338,1.6);
#794=ELLIPSE('',#2215,1.86798855527338,1.6);
#795=VERTEX_POINT('',#2663);
#796=VERTEX_POINT('',#2664);
#797=VERTEX_POINT('',#2666);
#798=VERTEX_POINT('',#2671);
#799=VERTEX_POINT('',#2675);
#800=VERTEX_POINT('',#2676);
#801=VERTEX_POINT('',#2681);
#802=VERTEX_POINT('',#2683);
#803=VERTEX_POINT('',#2685);
#804=VERTEX_POINT('',#2687);
#805=VERTEX_POINT('',#2689);
#806=VERTEX_POINT('',#2691);
#807=VERTEX_POINT('',#2693);
#808=VERTEX_POINT('',#2695);
#809=VERTEX_POINT('',#2697);
#810=VERTEX_POINT('',#2699);
#811=VERTEX_POINT('',#2701);
#812=VERTEX_POINT('',#2703);
#813=VERTEX_POINT('',#2705);
#814=VERTEX_POINT('',#2707);
#815=VERTEX_POINT('',#2709);
#816=VERTEX_POINT('',#2711);
#817=VERTEX_POINT('',#2713);
#818=VERTEX_POINT('',#2717);
#819=VERTEX_POINT('',#2718);
#820=VERTEX_POINT('',#2723);
#821=VERTEX_POINT('',#2725);
#822=VERTEX_POINT('',#2727);
#823=VERTEX_POINT('',#2729);
#824=VERTEX_POINT('',#2731);
#825=VERTEX_POINT('',#2733);
#826=VERTEX_POINT('',#2735);
#827=VERTEX_POINT('',#2737);
#828=VERTEX_POINT('',#2739);
#829=VERTEX_POINT('',#2741);
#830=VERTEX_POINT('',#2743);
#831=VERTEX_POINT('',#2745);
#832=VERTEX_POINT('',#2747);
#833=VERTEX_POINT('',#2749);
#834=VERTEX_POINT('',#2751);
#835=VERTEX_POINT('',#2753);
#836=VERTEX_POINT('',#2755);
#837=VERTEX_POINT('',#2772);
#838=VERTEX_POINT('',#2777);
#839=VERTEX_POINT('',#2779);
#840=VERTEX_POINT('',#2796);
#841=VERTEX_POINT('',#2813);
#842=VERTEX_POINT('',#2822);
#843=VERTEX_POINT('',#2824);
#844=VERTEX_POINT('',#2826);
#845=VERTEX_POINT('',#2828);
#846=VERTEX_POINT('',#2830);
#847=VERTEX_POINT('',#2834);
#848=VERTEX_POINT('',#2836);
#849=VERTEX_POINT('',#2840);
#850=VERTEX_POINT('',#2844);
#851=VERTEX_POINT('',#2848);
#852=VERTEX_POINT('',#2852);
#853=VERTEX_POINT('',#2856);
#854=VERTEX_POINT('',#2858);
#855=VERTEX_POINT('',#2865);
#856=VERTEX_POINT('',#2874);
#857=VERTEX_POINT('',#2884);
#858=VERTEX_POINT('',#2888);
#859=VERTEX_POINT('',#2892);
#860=VERTEX_POINT('',#2896);
#861=VERTEX_POINT('',#2900);
#862=VERTEX_POINT('',#2904);
#863=VERTEX_POINT('',#2906);
#864=VERTEX_POINT('',#2908);
#865=VERTEX_POINT('',#2910);
#866=VERTEX_POINT('',#2922);
#867=VERTEX_POINT('',#2924);
#868=VERTEX_POINT('',#2931);
#869=VERTEX_POINT('',#2940);
#870=VERTEX_POINT('',#2942);
#871=VERTEX_POINT('',#2944);
#872=VERTEX_POINT('',#2951);
#873=VERTEX_POINT('',#2955);
#874=VERTEX_POINT('',#2959);
#875=VERTEX_POINT('',#2978);
#876=VERTEX_POINT('',#2979);
#877=VERTEX_POINT('',#3002);
#878=VERTEX_POINT('',#3027);
#879=VERTEX_POINT('',#3049);
#880=VERTEX_POINT('',#3071);
#881=VERTEX_POINT('',#3113);
#882=VERTEX_POINT('',#3120);
#883=VERTEX_POINT('',#3122);
#884=VERTEX_POINT('',#3134);
#885=VERTEX_POINT('',#3140);
#886=VERTEX_POINT('',#3149);
#887=VERTEX_POINT('',#3426);
#888=VERTEX_POINT('',#3445);
#889=VERTEX_POINT('',#3452);
#890=VERTEX_POINT('',#3460);
#891=VERTEX_POINT('',#3465);
#892=VERTEX_POINT('',#3470);
#893=VERTEX_POINT('',#3483);
#894=VERTEX_POINT('',#3488);
#895=VERTEX_POINT('',#3494);
#896=VERTEX_POINT('',#3500);
#897=VERTEX_POINT('',#3505);
#898=VERTEX_POINT('',#3510);
#899=VERTEX_POINT('',#3515);
#900=VERTEX_POINT('',#3529);
#901=VERTEX_POINT('',#3536);
#902=VERTEX_POINT('',#3567);
#903=VERTEX_POINT('',#3578);
#904=VERTEX_POINT('',#3589);
#905=VERTEX_POINT('',#3595);
#906=VERTEX_POINT('',#3601);
#907=VERTEX_POINT('',#3608);
#908=VERTEX_POINT('',#3639);
#909=VERTEX_POINT('',#3647);
#910=VERTEX_POINT('',#3660);
#911=VERTEX_POINT('',#3670);
#912=VERTEX_POINT('',#3681);
#913=VERTEX_POINT('',#3686);
#914=VERTEX_POINT('',#3693);
#915=VERTEX_POINT('',#3698);
#916=VERTEX_POINT('',#3717);
#917=VERTEX_POINT('',#3725);
#918=VERTEX_POINT('',#3738);
#919=VERTEX_POINT('',#3748);
#920=VERTEX_POINT('',#3757);
#921=VERTEX_POINT('',#3769);
#922=VERTEX_POINT('',#3770);
#923=VERTEX_POINT('',#3810);
#924=VERTEX_POINT('',#3812);
#925=VERTEX_POINT('',#3839);
#926=VERTEX_POINT('',#4149);
#927=VERTEX_POINT('',#4157);
#928=VERTEX_POINT('',#4162);
#929=VERTEX_POINT('',#4170);
#930=VERTEX_POINT('',#4175);
#931=VERTEX_POINT('',#4183);
#932=VERTEX_POINT('',#4188);
#933=VERTEX_POINT('',#4196);
#934=VERTEX_POINT('',#4201);
#935=VERTEX_POINT('',#4206);
#936=VERTEX_POINT('',#4215);
#937=VERTEX_POINT('',#4220);
#938=VERTEX_POINT('',#4225);
#939=VERTEX_POINT('',#4232);
#940=VERTEX_POINT('',#4238);
#941=VERTEX_POINT('',#4245);
#942=VERTEX_POINT('',#4255);
#943=VERTEX_POINT('',#4266);
#944=VERTEX_POINT('',#4274);
#945=VERTEX_POINT('',#4293);
#946=VERTEX_POINT('',#4298);
#947=VERTEX_POINT('',#4305);
#948=VERTEX_POINT('',#4310);
#949=VERTEX_POINT('',#4315);
#950=VERTEX_POINT('',#4325);
#951=VERTEX_POINT('',#4338);
#952=VERTEX_POINT('',#4348);
#953=VERTEX_POINT('',#4379);
#954=VERTEX_POINT('',#4386);
#955=VERTEX_POINT('',#4392);
#956=VERTEX_POINT('',#4398);
#957=VERTEX_POINT('',#4403);
#958=VERTEX_POINT('',#4408);
#959=VERTEX_POINT('',#4422);
#960=VERTEX_POINT('',#4427);
#961=VERTEX_POINT('',#4435);
#962=VERTEX_POINT('',#4446);
#963=VERTEX_POINT('',#4460);
#964=VERTEX_POINT('',#4491);
#965=VERTEX_POINT('',#4498);
#966=VERTEX_POINT('',#4506);
#967=VERTEX_POINT('',#4511);
#968=VERTEX_POINT('',#4516);
#969=VERTEX_POINT('',#4521);
#970=VERTEX_POINT('',#4529);
#971=VERTEX_POINT('',#4534);
#972=VERTEX_POINT('',#4540);
#973=VERTEX_POINT('',#4551);
#974=VERTEX_POINT('',#4555);
#975=VERTEX_POINT('',#4703);
#976=VERTEX_POINT('',#4711);
#977=VERTEX_POINT('',#4775);
#978=VERTEX_POINT('',#4824);
#979=VERTEX_POINT('',#4829);
#980=VERTEX_POINT('',#4843);
#981=VERTEX_POINT('',#4846);
#982=VERTEX_POINT('',#4848);
#983=VERTEX_POINT('',#4902);
#984=VERTEX_POINT('',#4931);
#985=VERTEX_POINT('',#4932);
#986=VERTEX_POINT('',#4937);
#987=VERTEX_POINT('',#5008);
#988=VERTEX_POINT('',#5010);
#989=VERTEX_POINT('',#5014);
#990=VERTEX_POINT('',#5060);
#991=VERTEX_POINT('',#5062);
#992=VERTEX_POINT('',#5066);
#993=VERTEX_POINT('',#5069);
#994=VERTEX_POINT('',#5076);
#995=VERTEX_POINT('',#5078);
#996=VERTEX_POINT('',#5082);
#997=VERTEX_POINT('',#5085);
#998=VERTEX_POINT('',#5087);
#999=VERTEX_POINT('',#5091);
#1000=VERTEX_POINT('',#5144);
#1001=VERTEX_POINT('',#5146);
#1002=VERTEX_POINT('',#5150);
#1003=VERTEX_POINT('',#5173);
#1004=VERTEX_POINT('',#5175);
#1005=VERTEX_POINT('',#5201);
#1006=VERTEX_POINT('',#5203);
#1007=VERTEX_POINT('',#5255);
#1008=VERTEX_POINT('',#5257);
#1009=VERTEX_POINT('',#5414);
#1010=VERTEX_POINT('',#5477);
#1011=VERTEX_POINT('',#5486);
#1012=VERTEX_POINT('',#5487);
#1013=VERTEX_POINT('',#5540);
#1014=VERTEX_POINT('',#5541);
#1015=VERTEX_POINT('',#5592);
#1016=VERTEX_POINT('',#5593);
#1017=VERTEX_POINT('',#5862);
#1018=VERTEX_POINT('',#5914);
#1019=EDGE_CURVE('',#795,#796,#780,.T.);
#1020=EDGE_CURVE('',#797,#795,#618,.T.);
#1021=EDGE_CURVE('',#798,#797,#368,.T.);
#1022=EDGE_CURVE('',#796,#798,#369,.T.);
#1023=EDGE_CURVE('',#799,#800,#619,.T.);
#1024=EDGE_CURVE('',#801,#799,#370,.T.);
#1025=EDGE_CURVE('',#802,#801,#371,.T.);
#1026=EDGE_CURVE('',#803,#802,#372,.T.);
#1027=EDGE_CURVE('',#804,#803,#373,.T.);
#1028=EDGE_CURVE('',#805,#804,#374,.T.);
#1029=EDGE_CURVE('',#806,#805,#375,.T.);
#1030=EDGE_CURVE('',#807,#806,#376,.T.);
#1031=EDGE_CURVE('',#808,#807,#377,.T.);
#1032=EDGE_CURVE('',#809,#808,#378,.T.);
#1033=EDGE_CURVE('',#810,#809,#379,.T.);
#1034=EDGE_CURVE('',#811,#810,#380,.T.);
#1035=EDGE_CURVE('',#812,#811,#381,.T.);
#1036=EDGE_CURVE('',#813,#812,#382,.T.);
#1037=EDGE_CURVE('',#814,#813,#383,.T.);
#1038=EDGE_CURVE('',#815,#814,#384,.T.);
#1039=EDGE_CURVE('',#816,#815,#385,.T.);
#1040=EDGE_CURVE('',#817,#816,#386,.T.);
#1041=EDGE_CURVE('',#800,#817,#781,.T.);
#1042=EDGE_CURVE('',#818,#819,#620,.T.);
#1043=EDGE_CURVE('',#820,#818,#782,.T.);
#1044=EDGE_CURVE('',#821,#820,#387,.T.);
#1045=EDGE_CURVE('',#822,#821,#388,.T.);
#1046=EDGE_CURVE('',#823,#822,#389,.T.);
#1047=EDGE_CURVE('',#824,#823,#390,.T.);
#1048=EDGE_CURVE('',#825,#824,#391,.T.);
#1049=EDGE_CURVE('',#826,#825,#392,.T.);
#1050=EDGE_CURVE('',#827,#826,#393,.T.);
#1051=EDGE_CURVE('',#828,#827,#394,.T.);
#1052=EDGE_CURVE('',#829,#828,#395,.T.);
#1053=EDGE_CURVE('',#830,#829,#396,.T.);
#1054=EDGE_CURVE('',#831,#830,#397,.T.);
#1055=EDGE_CURVE('',#832,#831,#398,.T.);
#1056=EDGE_CURVE('',#833,#832,#399,.T.);
#1057=EDGE_CURVE('',#834,#833,#400,.T.);
#1058=EDGE_CURVE('',#835,#834,#401,.T.);
#1059=EDGE_CURVE('',#836,#835,#402,.T.);
#1060=EDGE_CURVE('',#819,#836,#403,.T.);
#1061=EDGE_CURVE('',#837,#818,#621,.T.);
#1062=EDGE_CURVE('',#838,#837,#404,.T.);
#1063=EDGE_CURVE('',#839,#838,#622,.T.);
#1064=EDGE_CURVE('',#840,#839,#623,.T.);
#1065=EDGE_CURVE('',#841,#840,#405,.T.);
#1066=EDGE_CURVE('',#800,#841,#624,.T.);
#1067=EDGE_CURVE('',#842,#817,#783,.T.);
#1068=EDGE_CURVE('',#843,#842,#784,.T.);
#1069=EDGE_CURVE('',#844,#843,#785,.T.);
#1070=EDGE_CURVE('',#845,#844,#786,.T.);
#1071=EDGE_CURVE('',#846,#845,#787,.T.);
#1072=EDGE_CURVE('',#820,#846,#788,.T.);
#1073=EDGE_CURVE('',#829,#847,#406,.T.);
#1074=EDGE_CURVE('',#847,#848,#407,.T.);
#1075=EDGE_CURVE('',#830,#848,#408,.T.);
#1076=EDGE_CURVE('',#828,#849,#409,.T.);
#1077=EDGE_CURVE('',#849,#847,#410,.T.);
#1078=EDGE_CURVE('',#827,#850,#411,.T.);
#1079=EDGE_CURVE('',#850,#849,#412,.T.);
#1080=EDGE_CURVE('',#826,#851,#413,.T.);
#1081=EDGE_CURVE('',#851,#850,#414,.T.);
#1082=EDGE_CURVE('',#825,#852,#415,.T.);
#1083=EDGE_CURVE('',#852,#851,#416,.T.);
#1084=EDGE_CURVE('',#824,#853,#417,.T.);
#1085=EDGE_CURVE('',#854,#853,#625,.T.);
#1086=EDGE_CURVE('',#854,#852,#418,.T.);
#1087=EDGE_CURVE('',#823,#855,#419,.T.);
#1088=EDGE_CURVE('',#853,#855,#626,.T.);
#1089=EDGE_CURVE('',#856,#822,#420,.T.);
#1090=EDGE_CURVE('',#798,#856,#421,.T.);
#1091=EDGE_CURVE('',#855,#797,#627,.T.);
#1092=EDGE_CURVE('',#821,#856,#422,.T.);
#1093=EDGE_CURVE('',#796,#857,#789,.T.);
#1094=EDGE_CURVE('',#846,#857,#423,.T.);
#1095=EDGE_CURVE('',#858,#845,#424,.T.);
#1096=EDGE_CURVE('',#857,#858,#790,.T.);
#1097=EDGE_CURVE('',#844,#859,#425,.T.);
#1098=EDGE_CURVE('',#858,#859,#791,.T.);
#1099=EDGE_CURVE('',#843,#860,#426,.T.);
#1100=EDGE_CURVE('',#859,#860,#792,.T.);
#1101=EDGE_CURVE('',#842,#861,#427,.T.);
#1102=EDGE_CURVE('',#860,#861,#793,.T.);
#1103=EDGE_CURVE('',#816,#862,#428,.T.);
#1104=EDGE_CURVE('',#863,#862,#429,.T.);
#1105=EDGE_CURVE('',#864,#863,#430,.T.);
#1106=EDGE_CURVE('',#865,#864,#628,.T.);
#1107=EDGE_CURVE('',#861,#865,#794,.T.);
#1108=EDGE_CURVE('',#862,#815,#431,.T.);
#1109=EDGE_CURVE('',#814,#866,#432,.T.);
#1110=EDGE_CURVE('',#867,#866,#629,.T.);
#1111=EDGE_CURVE('',#863,#867,#433,.T.);
#1112=EDGE_CURVE('',#813,#868,#434,.T.);
#1113=EDGE_CURVE('',#866,#868,#630,.T.);
#1114=EDGE_CURVE('',#812,#869,#435,.T.);
#1115=EDGE_CURVE('',#869,#870,#436,.T.);
#1116=EDGE_CURVE('',#870,#871,#437,.T.);
#1117=EDGE_CURVE('',#868,#871,#631,.T.);
#1118=EDGE_CURVE('',#811,#872,#438,.T.);
#1119=EDGE_CURVE('',#872,#869,#439,.T.);
#1120=EDGE_CURVE('',#810,#873,#440,.T.);
#1121=EDGE_CURVE('',#873,#872,#441,.T.);
#1122=EDGE_CURVE('',#809,#874,#442,.T.);
#1123=EDGE_CURVE('',#874,#873,#443,.T.);
#1124=EDGE_CURVE('',#875,#876,#632,.T.);
#1125=EDGE_CURVE('',#848,#875,#444,.T.);
#1126=EDGE_CURVE('',#847,#876,#445,.T.);
#1127=EDGE_CURVE('',#876,#877,#633,.T.);
#1128=EDGE_CURVE('',#849,#877,#446,.T.);
#1129=EDGE_CURVE('',#877,#878,#634,.T.);
#1130=EDGE_CURVE('',#850,#878,#447,.T.);
#1131=EDGE_CURVE('',#878,#879,#635,.T.);
#1132=EDGE_CURVE('',#851,#879,#448,.T.);
#1133=EDGE_CURVE('',#879,#880,#636,.T.);
#1134=EDGE_CURVE('',#852,#880,#449,.T.);
#1135=EDGE_CURVE('',#880,#854,#637,.T.);
#1136=EDGE_CURVE('',#881,#875,#638,.T.);
#1137=EDGE_CURVE('',#848,#881,#450,.T.);
#1138=EDGE_CURVE('',#835,#882,#451,.T.);
#1139=EDGE_CURVE('',#883,#882,#639,.T.);
#1140=EDGE_CURVE('',#836,#883,#452,.T.);
#1141=EDGE_CURVE('',#819,#883,#640,.T.);
#1142=EDGE_CURVE('',#884,#881,#641,.T.);
#1143=EDGE_CURVE('',#834,#884,#453,.T.);
#1144=EDGE_CURVE('',#885,#833,#454,.T.);
#1145=EDGE_CURVE('',#831,#885,#455,.T.);
#1146=EDGE_CURVE('',#882,#884,#642,.T.);
#1147=EDGE_CURVE('',#886,#804,#456,.T.);
#1148=EDGE_CURVE('',#805,#886,#457,.T.);
#1149=EDGE_CURVE('',#806,#886,#458,.T.);
#1150=EDGE_CURVE('',#795,#887,#643,.F.);
#1151=EDGE_CURVE('',#888,#887,#644,.T.);
#1152=EDGE_CURVE('',#889,#888,#645,.T.);
#1153=EDGE_CURVE('',#890,#889,#646,.T.);
#1154=EDGE_CURVE('',#890,#891,#647,.T.);
#1155=EDGE_CURVE('',#891,#892,#648,.T.);
#1156=EDGE_CURVE('',#893,#892,#649,.T.);
#1157=EDGE_CURVE('',#894,#893,#650,.T.);
#1158=EDGE_CURVE('',#895,#894,#651,.T.);
#1159=EDGE_CURVE('',#895,#896,#652,.T.);
#1160=EDGE_CURVE('',#897,#896,#653,.T.);
#1161=EDGE_CURVE('',#898,#897,#654,.T.);
#1162=EDGE_CURVE('',#899,#898,#655,.T.);
#1163=EDGE_CURVE('',#899,#900,#656,.T.);
#1164=EDGE_CURVE('',#900,#901,#657,.T.);
#1165=EDGE_CURVE('',#902,#901,#658,.T.);
#1166=EDGE_CURVE('',#903,#902,#659,.T.);
#1167=EDGE_CURVE('',#904,#903,#660,.T.);
#1168=EDGE_CURVE('',#905,#904,#661,.T.);
#1169=EDGE_CURVE('',#906,#905,#662,.T.);
#1170=EDGE_CURVE('',#907,#906,#663,.T.);
#1171=EDGE_CURVE('',#908,#907,#664,.T.);
#1172=EDGE_CURVE('',#908,#909,#665,.T.);
#1173=EDGE_CURVE('',#910,#909,#666,.T.);
#1174=EDGE_CURVE('',#911,#910,#667,.T.);
#1175=EDGE_CURVE('',#912,#911,#668,.T.);
#1176=EDGE_CURVE('',#913,#912,#669,.T.);
#1177=EDGE_CURVE('',#914,#913,#670,.T.);
#1178=EDGE_CURVE('',#915,#914,#671,.T.);
#1179=EDGE_CURVE('',#916,#915,#672,.T.);
#1180=EDGE_CURVE('',#916,#917,#673,.T.);
#1181=EDGE_CURVE('',#918,#917,#674,.T.);
#1182=EDGE_CURVE('',#919,#918,#675,.T.);
#1183=EDGE_CURVE('',#920,#919,#676,.T.);
#1184=EDGE_CURVE('',#837,#920,#677,.T.);
#1185=EDGE_CURVE('',#921,#922,#678,.T.);
#1186=EDGE_CURVE('',#922,#921,#679,.T.);
#1187=EDGE_CURVE('',#887,#865,#680,.F.);
#1188=EDGE_CURVE('',#887,#923,#459,.T.);
#1189=EDGE_CURVE('',#924,#923,#681,.T.);
#1190=EDGE_CURVE('',#925,#924,#682,.T.);
#1191=EDGE_CURVE('',#923,#925,#683,.T.);
#1192=EDGE_CURVE('',#864,#867,#684,.T.);
#1193=EDGE_CURVE('',#871,#926,#685,.T.);
#1194=EDGE_CURVE('',#926,#927,#686,.T.);
#1195=EDGE_CURVE('',#927,#928,#687,.T.);
#1196=EDGE_CURVE('',#928,#929,#688,.T.);
#1197=EDGE_CURVE('',#929,#930,#689,.T.);
#1198=EDGE_CURVE('',#930,#931,#690,.T.);
#1199=EDGE_CURVE('',#931,#932,#691,.T.);
#1200=EDGE_CURVE('',#932,#933,#692,.T.);
#1201=EDGE_CURVE('',#933,#934,#693,.T.);
#1202=EDGE_CURVE('',#934,#935,#694,.T.);
#1203=EDGE_CURVE('',#935,#799,#695,.T.);
#1204=EDGE_CURVE('',#936,#841,#696,.T.);
#1205=EDGE_CURVE('',#937,#936,#697,.T.);
#1206=EDGE_CURVE('',#938,#937,#698,.T.);
#1207=EDGE_CURVE('',#939,#938,#699,.T.);
#1208=EDGE_CURVE('',#939,#940,#700,.T.);
#1209=EDGE_CURVE('',#940,#941,#701,.T.);
#1210=EDGE_CURVE('',#941,#942,#702,.F.);
#1211=EDGE_CURVE('',#942,#943,#703,.T.);
#1212=EDGE_CURVE('',#943,#944,#704,.T.);
#1213=EDGE_CURVE('',#945,#944,#705,.T.);
#1214=EDGE_CURVE('',#946,#945,#706,.T.);
#1215=EDGE_CURVE('',#947,#946,#707,.T.);
#1216=EDGE_CURVE('',#947,#948,#708,.T.);
#1217=EDGE_CURVE('',#948,#949,#709,.T.);
#1218=EDGE_CURVE('',#949,#950,#710,.F.);
#1219=EDGE_CURVE('',#950,#951,#711,.T.);
#1220=EDGE_CURVE('',#951,#952,#712,.T.);
#1221=EDGE_CURVE('',#953,#952,#713,.T.);
#1222=EDGE_CURVE('',#954,#953,#714,.T.);
#1223=EDGE_CURVE('',#955,#954,#715,.T.);
#1224=EDGE_CURVE('',#956,#955,#716,.T.);
#1225=EDGE_CURVE('',#956,#957,#717,.T.);
#1226=EDGE_CURVE('',#957,#958,#718,.T.);
#1227=EDGE_CURVE('',#958,#959,#719,.T.);
#1228=EDGE_CURVE('',#959,#960,#720,.T.);
#1229=EDGE_CURVE('',#960,#961,#721,.T.);
#1230=EDGE_CURVE('',#961,#962,#722,.T.);
#1231=EDGE_CURVE('',#962,#963,#723,.F.);
#1232=EDGE_CURVE('',#963,#964,#724,.F.);
#1233=EDGE_CURVE('',#964,#965,#725,.T.);
#1234=EDGE_CURVE('',#965,#966,#726,.T.);
#1235=EDGE_CURVE('',#966,#967,#727,.T.);
#1236=EDGE_CURVE('',#967,#968,#728,.T.);
#1237=EDGE_CURVE('',#968,#969,#729,.T.);
#1238=EDGE_CURVE('',#969,#970,#730,.T.);
#1239=EDGE_CURVE('',#971,#970,#731,.T.);
#1240=EDGE_CURVE('',#972,#971,#732,.T.);
#1241=EDGE_CURVE('',#892,#972,#733,.T.);
#1242=EDGE_CURVE('',#808,#973,#460,.T.);
#1243=EDGE_CURVE('',#973,#874,#461,.T.);
#1244=EDGE_CURVE('',#807,#974,#462,.T.);
#1245=EDGE_CURVE('',#974,#973,#463,.T.);
#1246=EDGE_CURVE('',#832,#885,#464,.T.);
#1247=EDGE_CURVE('',#801,#935,#465,.T.);
#1248=EDGE_CURVE('',#869,#926,#466,.T.);
#1249=EDGE_CURVE('',#872,#927,#467,.T.);
#1250=EDGE_CURVE('',#873,#928,#468,.T.);
#1251=EDGE_CURVE('',#874,#929,#469,.T.);
#1252=EDGE_CURVE('',#973,#930,#470,.T.);
#1253=EDGE_CURVE('',#974,#931,#471,.T.);
#1254=EDGE_CURVE('',#932,#974,#472,.T.);
#1255=EDGE_CURVE('',#802,#934,#473,.T.);
#1256=EDGE_CURVE('',#803,#933,#474,.T.);
#1257=EDGE_CURVE('',#975,#966,#734,.T.);
#1258=EDGE_CURVE('',#976,#975,#735,.T.);
#1259=EDGE_CURVE('',#967,#976,#736,.T.);
#1260=EDGE_CURVE('',#965,#961,#737,.T.);
#1261=EDGE_CURVE('',#977,#964,#738,.T.);
#1262=EDGE_CURVE('',#962,#977,#739,.T.);
#1263=EDGE_CURVE('',#978,#959,#740,.T.);
#1264=EDGE_CURVE('',#979,#978,#741,.T.);
#1265=EDGE_CURVE('',#960,#979,#742,.T.);
#1266=EDGE_CURVE('',#979,#975,#21,.T.);
#1267=EDGE_CURVE('',#976,#968,#475,.T.);
#1268=EDGE_CURVE('',#980,#980,#22,.F.);
#1269=EDGE_CURVE('',#980,#977,#476,.T.);
#1270=EDGE_CURVE('',#963,#981,#477,.T.);
#1271=EDGE_CURVE('',#982,#981,#743,.T.);
#1272=EDGE_CURVE('',#981,#982,#744,.T.);
#1273=EDGE_CURVE('',#983,#896,#745,.T.);
#1274=EDGE_CURVE('',#895,#983,#23,.T.);
#1275=EDGE_CURVE('',#984,#985,#746,.T.);
#1276=EDGE_CURVE('',#984,#986,#747,.T.);
#1277=EDGE_CURVE('',#985,#986,#748,.T.);
#1278=EDGE_CURVE('',#925,#924,#749,.T.);
#1279=EDGE_CURVE('',#987,#987,#24,.F.);
#1280=EDGE_CURVE('',#987,#988,#478,.T.);
#1281=EDGE_CURVE('',#988,#988,#25,.F.);
#1282=EDGE_CURVE('',#989,#989,#26,.T.);
#1283=EDGE_CURVE('',#941,#942,#750,.T.);
#1284=EDGE_CURVE('',#943,#940,#751,.T.);
#1285=EDGE_CURVE('',#939,#944,#27,.T.);
#1286=EDGE_CURVE('',#990,#990,#28,.F.);
#1287=EDGE_CURVE('',#990,#991,#479,.T.);
#1288=EDGE_CURVE('',#991,#991,#29,.F.);
#1289=EDGE_CURVE('',#992,#992,#30,.F.);
#1290=EDGE_CURVE('',#984,#993,#752,.T.);
#1291=EDGE_CURVE('',#993,#986,#31,.T.);
#1292=EDGE_CURVE('',#994,#994,#32,.F.);
#1293=EDGE_CURVE('',#994,#995,#480,.T.);
#1294=EDGE_CURVE('',#995,#995,#33,.F.);
#1295=EDGE_CURVE('',#996,#996,#34,.F.);
#1296=EDGE_CURVE('',#997,#997,#35,.F.);
#1297=EDGE_CURVE('',#997,#998,#481,.T.);
#1298=EDGE_CURVE('',#998,#998,#36,.F.);
#1299=EDGE_CURVE('',#999,#999,#37,.T.);
#1300=EDGE_CURVE('',#951,#948,#753,.T.);
#1301=EDGE_CURVE('',#947,#952,#38,.T.);
#1302=EDGE_CURVE('',#949,#950,#754,.T.);
#1303=EDGE_CURVE('',#1000,#1000,#39,.F.);
#1304=EDGE_CURVE('',#1000,#1001,#482,.T.);
#1305=EDGE_CURVE('',#1001,#1001,#40,.F.);
#1306=EDGE_CURVE('',#1002,#1002,#41,.F.);
#1307=EDGE_CURVE('',#978,#958,#483,.T.);
#1308=EDGE_CURVE('',#979,#957,#484,.T.);
#1309=EDGE_CURVE('',#979,#978,#755,.T.);
#1310=EDGE_CURVE('',#975,#969,#485,.T.);
#1311=EDGE_CURVE('',#975,#970,#42,.T.);
#1312=EDGE_CURVE('',#956,#979,#43,.T.);
#1313=EDGE_CURVE('',#1003,#1003,#44,.F.);
#1314=EDGE_CURVE('',#1003,#1004,#486,.T.);
#1315=EDGE_CURVE('',#1004,#1004,#45,.F.);
#1316=EDGE_CURVE('',#976,#975,#756,.T.);
#1317=EDGE_CURVE('',#989,#1005,#487,.T.);
#1318=EDGE_CURVE('',#1006,#1005,#757,.T.);
#1319=EDGE_CURVE('',#1005,#1006,#758,.T.);
#1320=EDGE_CURVE('',#999,#1007,#488,.T.);
#1321=EDGE_CURVE('',#1008,#1007,#759,.T.);
#1322=EDGE_CURVE('',#1007,#1008,#760,.T.);
#1323=EDGE_CURVE('',#1009,#838,#19,.T.);
#1324=EDGE_CURVE('',#1010,#1009,#761,.T.);
#1325=EDGE_CURVE('',#1010,#839,#762,.T.);
#1326=EDGE_CURVE('',#1011,#1012,#763,.F.);
#1327=EDGE_CURVE('',#1012,#1011,#764,.F.);
#1328=EDGE_CURVE('',#1013,#1014,#765,.F.);
#1329=EDGE_CURVE('',#1014,#1013,#766,.F.);
#1330=EDGE_CURVE('',#1015,#1016,#767,.F.);
#1331=EDGE_CURVE('',#1016,#1015,#768,.F.);
#1332=EDGE_CURVE('',#840,#1009,#20,.T.);
#1333=EDGE_CURVE('',#1014,#1002,#489,.T.);
#1334=EDGE_CURVE('',#916,#917,#769,.F.);
#1335=EDGE_CURVE('',#918,#915,#770,.T.);
#1336=EDGE_CURVE('',#914,#919,#46,.T.);
#1337=EDGE_CURVE('',#1012,#900,#490,.T.);
#1338=EDGE_CURVE('',#899,#1017,#771,.F.);
#1339=EDGE_CURVE('',#1017,#996,#491,.T.);
#1340=EDGE_CURVE('',#1017,#901,#772,.F.);
#1341=EDGE_CURVE('',#921,#898,#773,.T.);
#1342=EDGE_CURVE('',#897,#1018,#774,.T.);
#1343=EDGE_CURVE('',#1018,#903,#47,.T.);
#1344=EDGE_CURVE('',#902,#922,#775,.T.);
#1345=EDGE_CURVE('',#1018,#983,#776,.T.);
#1346=EDGE_CURVE('',#993,#985,#777,.T.);
#1347=EDGE_CURVE('',#1016,#992,#492,.T.);
#1348=EDGE_CURVE('',#908,#909,#778,.F.);
#1349=EDGE_CURVE('',#910,#907,#779,.T.);
#1350=EDGE_CURVE('',#906,#911,#48,.T.);
#1351=ORIENTED_EDGE('',*,*,#1019,.F.);
#1352=ORIENTED_EDGE('',*,*,#1020,.F.);
#1353=ORIENTED_EDGE('',*,*,#1021,.F.);
#1354=ORIENTED_EDGE('',*,*,#1022,.F.);
#1355=ORIENTED_EDGE('',*,*,#1023,.F.);
#1356=ORIENTED_EDGE('',*,*,#1024,.F.);
#1357=ORIENTED_EDGE('',*,*,#1025,.F.);
#1358=ORIENTED_EDGE('',*,*,#1026,.F.);
#1359=ORIENTED_EDGE('',*,*,#1027,.F.);
#1360=ORIENTED_EDGE('',*,*,#1028,.F.);
#1361=ORIENTED_EDGE('',*,*,#1029,.F.);
#1362=ORIENTED_EDGE('',*,*,#1030,.F.);
#1363=ORIENTED_EDGE('',*,*,#1031,.F.);
#1364=ORIENTED_EDGE('',*,*,#1032,.F.);
#1365=ORIENTED_EDGE('',*,*,#1033,.F.);
#1366=ORIENTED_EDGE('',*,*,#1034,.F.);
#1367=ORIENTED_EDGE('',*,*,#1035,.F.);
#1368=ORIENTED_EDGE('',*,*,#1036,.F.);
#1369=ORIENTED_EDGE('',*,*,#1037,.F.);
#1370=ORIENTED_EDGE('',*,*,#1038,.F.);
#1371=ORIENTED_EDGE('',*,*,#1039,.F.);
#1372=ORIENTED_EDGE('',*,*,#1040,.F.);
#1373=ORIENTED_EDGE('',*,*,#1041,.F.);
#1374=ORIENTED_EDGE('',*,*,#1042,.F.);
#1375=ORIENTED_EDGE('',*,*,#1043,.F.);
#1376=ORIENTED_EDGE('',*,*,#1044,.F.);
#1377=ORIENTED_EDGE('',*,*,#1045,.F.);
#1378=ORIENTED_EDGE('',*,*,#1046,.F.);
#1379=ORIENTED_EDGE('',*,*,#1047,.F.);
#1380=ORIENTED_EDGE('',*,*,#1048,.F.);
#1381=ORIENTED_EDGE('',*,*,#1049,.F.);
#1382=ORIENTED_EDGE('',*,*,#1050,.F.);
#1383=ORIENTED_EDGE('',*,*,#1051,.F.);
#1384=ORIENTED_EDGE('',*,*,#1052,.F.);
#1385=ORIENTED_EDGE('',*,*,#1053,.F.);
#1386=ORIENTED_EDGE('',*,*,#1054,.F.);
#1387=ORIENTED_EDGE('',*,*,#1055,.F.);
#1388=ORIENTED_EDGE('',*,*,#1056,.F.);
#1389=ORIENTED_EDGE('',*,*,#1057,.F.);
#1390=ORIENTED_EDGE('',*,*,#1058,.F.);
#1391=ORIENTED_EDGE('',*,*,#1059,.F.);
#1392=ORIENTED_EDGE('',*,*,#1060,.F.);
#1393=ORIENTED_EDGE('',*,*,#1061,.F.);
#1394=ORIENTED_EDGE('',*,*,#1062,.F.);
#1395=ORIENTED_EDGE('',*,*,#1063,.F.);
#1396=ORIENTED_EDGE('',*,*,#1064,.F.);
#1397=ORIENTED_EDGE('',*,*,#1065,.F.);
#1398=ORIENTED_EDGE('',*,*,#1066,.F.);
#1399=ORIENTED_EDGE('',*,*,#1041,.T.);
#1400=ORIENTED_EDGE('',*,*,#1067,.F.);
#1401=ORIENTED_EDGE('',*,*,#1068,.F.);
#1402=ORIENTED_EDGE('',*,*,#1069,.F.);
#1403=ORIENTED_EDGE('',*,*,#1070,.F.);
#1404=ORIENTED_EDGE('',*,*,#1071,.F.);
#1405=ORIENTED_EDGE('',*,*,#1072,.F.);
#1406=ORIENTED_EDGE('',*,*,#1043,.T.);
#1407=ORIENTED_EDGE('',*,*,#1053,.T.);
#1408=ORIENTED_EDGE('',*,*,#1073,.T.);
#1409=ORIENTED_EDGE('',*,*,#1074,.T.);
#1410=ORIENTED_EDGE('',*,*,#1075,.F.);
#1411=ORIENTED_EDGE('',*,*,#1052,.T.);
#1412=ORIENTED_EDGE('',*,*,#1076,.T.);
#1413=ORIENTED_EDGE('',*,*,#1077,.T.);
#1414=ORIENTED_EDGE('',*,*,#1073,.F.);
#1415=ORIENTED_EDGE('',*,*,#1051,.T.);
#1416=ORIENTED_EDGE('',*,*,#1078,.T.);
#1417=ORIENTED_EDGE('',*,*,#1079,.T.);
#1418=ORIENTED_EDGE('',*,*,#1076,.F.);
#1419=ORIENTED_EDGE('',*,*,#1050,.T.);
#1420=ORIENTED_EDGE('',*,*,#1080,.T.);
#1421=ORIENTED_EDGE('',*,*,#1081,.T.);
#1422=ORIENTED_EDGE('',*,*,#1078,.F.);
#1423=ORIENTED_EDGE('',*,*,#1049,.T.);
#1424=ORIENTED_EDGE('',*,*,#1082,.T.);
#1425=ORIENTED_EDGE('',*,*,#1083,.T.);
#1426=ORIENTED_EDGE('',*,*,#1080,.F.);
#1427=ORIENTED_EDGE('',*,*,#1048,.T.);
#1428=ORIENTED_EDGE('',*,*,#1084,.T.);
#1429=ORIENTED_EDGE('',*,*,#1085,.F.);
#1430=ORIENTED_EDGE('',*,*,#1086,.T.);
#1431=ORIENTED_EDGE('',*,*,#1082,.F.);
#1432=ORIENTED_EDGE('',*,*,#1047,.T.);
#1433=ORIENTED_EDGE('',*,*,#1087,.T.);
#1434=ORIENTED_EDGE('',*,*,#1088,.F.);
#1435=ORIENTED_EDGE('',*,*,#1084,.F.);
#1436=ORIENTED_EDGE('',*,*,#1046,.T.);
#1437=ORIENTED_EDGE('',*,*,#1089,.F.);
#1438=ORIENTED_EDGE('',*,*,#1090,.F.);
#1439=ORIENTED_EDGE('',*,*,#1021,.T.);
#1440=ORIENTED_EDGE('',*,*,#1091,.F.);
#1441=ORIENTED_EDGE('',*,*,#1087,.F.);
#1442=ORIENTED_EDGE('',*,*,#1045,.T.);
#1443=ORIENTED_EDGE('',*,*,#1092,.T.);
#1444=ORIENTED_EDGE('',*,*,#1089,.T.);
#1445=ORIENTED_EDGE('',*,*,#1093,.F.);
#1446=ORIENTED_EDGE('',*,*,#1022,.T.);
#1447=ORIENTED_EDGE('',*,*,#1090,.T.);
#1448=ORIENTED_EDGE('',*,*,#1092,.F.);
#1449=ORIENTED_EDGE('',*,*,#1044,.T.);
#1450=ORIENTED_EDGE('',*,*,#1072,.T.);
#1451=ORIENTED_EDGE('',*,*,#1094,.T.);
#1452=ORIENTED_EDGE('',*,*,#1071,.T.);
#1453=ORIENTED_EDGE('',*,*,#1095,.F.);
#1454=ORIENTED_EDGE('',*,*,#1096,.F.);
#1455=ORIENTED_EDGE('',*,*,#1094,.F.);
#1456=ORIENTED_EDGE('',*,*,#1070,.T.);
#1457=ORIENTED_EDGE('',*,*,#1097,.T.);
#1458=ORIENTED_EDGE('',*,*,#1098,.F.);
#1459=ORIENTED_EDGE('',*,*,#1095,.T.);
#1460=ORIENTED_EDGE('',*,*,#1069,.T.);
#1461=ORIENTED_EDGE('',*,*,#1099,.T.);
#1462=ORIENTED_EDGE('',*,*,#1100,.F.);
#1463=ORIENTED_EDGE('',*,*,#1097,.F.);
#1464=ORIENTED_EDGE('',*,*,#1068,.T.);
#1465=ORIENTED_EDGE('',*,*,#1101,.T.);
#1466=ORIENTED_EDGE('',*,*,#1102,.F.);
#1467=ORIENTED_EDGE('',*,*,#1099,.F.);
#1468=ORIENTED_EDGE('',*,*,#1067,.T.);
#1469=ORIENTED_EDGE('',*,*,#1040,.T.);
#1470=ORIENTED_EDGE('',*,*,#1103,.T.);
#1471=ORIENTED_EDGE('',*,*,#1104,.F.);
#1472=ORIENTED_EDGE('',*,*,#1105,.F.);
#1473=ORIENTED_EDGE('',*,*,#1106,.F.);
#1474=ORIENTED_EDGE('',*,*,#1107,.F.);
#1475=ORIENTED_EDGE('',*,*,#1101,.F.);
#1476=ORIENTED_EDGE('',*,*,#1039,.T.);
#1477=ORIENTED_EDGE('',*,*,#1108,.F.);
#1478=ORIENTED_EDGE('',*,*,#1103,.F.);
#1479=ORIENTED_EDGE('',*,*,#1038,.T.);
#1480=ORIENTED_EDGE('',*,*,#1109,.T.);
#1481=ORIENTED_EDGE('',*,*,#1110,.F.);
#1482=ORIENTED_EDGE('',*,*,#1111,.F.);
#1483=ORIENTED_EDGE('',*,*,#1104,.T.);
#1484=ORIENTED_EDGE('',*,*,#1108,.T.);
#1485=ORIENTED_EDGE('',*,*,#1037,.T.);
#1486=ORIENTED_EDGE('',*,*,#1112,.T.);
#1487=ORIENTED_EDGE('',*,*,#1113,.F.);
#1488=ORIENTED_EDGE('',*,*,#1109,.F.);
#1489=ORIENTED_EDGE('',*,*,#1036,.T.);
#1490=ORIENTED_EDGE('',*,*,#1114,.T.);
#1491=ORIENTED_EDGE('',*,*,#1115,.T.);
#1492=ORIENTED_EDGE('',*,*,#1116,.T.);
#1493=ORIENTED_EDGE('',*,*,#1117,.F.);
#1494=ORIENTED_EDGE('',*,*,#1112,.F.);
#1495=ORIENTED_EDGE('',*,*,#1035,.T.);
#1496=ORIENTED_EDGE('',*,*,#1118,.T.);
#1497=ORIENTED_EDGE('',*,*,#1119,.T.);
#1498=ORIENTED_EDGE('',*,*,#1114,.F.);
#1499=ORIENTED_EDGE('',*,*,#1034,.T.);
#1500=ORIENTED_EDGE('',*,*,#1120,.T.);
#1501=ORIENTED_EDGE('',*,*,#1121,.T.);
#1502=ORIENTED_EDGE('',*,*,#1118,.F.);
#1503=ORIENTED_EDGE('',*,*,#1033,.T.);
#1504=ORIENTED_EDGE('',*,*,#1122,.T.);
#1505=ORIENTED_EDGE('',*,*,#1123,.T.);
#1506=ORIENTED_EDGE('',*,*,#1120,.F.);
#1507=ORIENTED_EDGE('',*,*,#1124,.F.);
#1508=ORIENTED_EDGE('',*,*,#1125,.F.);
#1509=ORIENTED_EDGE('',*,*,#1074,.F.);
#1510=ORIENTED_EDGE('',*,*,#1126,.T.);
#1511=ORIENTED_EDGE('',*,*,#1127,.F.);
#1512=ORIENTED_EDGE('',*,*,#1126,.F.);
#1513=ORIENTED_EDGE('',*,*,#1077,.F.);
#1514=ORIENTED_EDGE('',*,*,#1128,.T.);
#1515=ORIENTED_EDGE('',*,*,#1129,.F.);
#1516=ORIENTED_EDGE('',*,*,#1128,.F.);
#1517=ORIENTED_EDGE('',*,*,#1079,.F.);
#1518=ORIENTED_EDGE('',*,*,#1130,.T.);
#1519=ORIENTED_EDGE('',*,*,#1131,.F.);
#1520=ORIENTED_EDGE('',*,*,#1130,.F.);
#1521=ORIENTED_EDGE('',*,*,#1081,.F.);
#1522=ORIENTED_EDGE('',*,*,#1132,.T.);
#1523=ORIENTED_EDGE('',*,*,#1133,.F.);
#1524=ORIENTED_EDGE('',*,*,#1132,.F.);
#1525=ORIENTED_EDGE('',*,*,#1083,.F.);
#1526=ORIENTED_EDGE('',*,*,#1134,.T.);
#1527=ORIENTED_EDGE('',*,*,#1135,.F.);
#1528=ORIENTED_EDGE('',*,*,#1134,.F.);
#1529=ORIENTED_EDGE('',*,*,#1086,.F.);
#1530=ORIENTED_EDGE('',*,*,#1136,.F.);
#1531=ORIENTED_EDGE('',*,*,#1137,.F.);
#1532=ORIENTED_EDGE('',*,*,#1125,.T.);
#1533=ORIENTED_EDGE('',*,*,#1059,.T.);
#1534=ORIENTED_EDGE('',*,*,#1138,.T.);
#1535=ORIENTED_EDGE('',*,*,#1139,.F.);
#1536=ORIENTED_EDGE('',*,*,#1140,.F.);
#1537=ORIENTED_EDGE('',*,*,#1060,.T.);
#1538=ORIENTED_EDGE('',*,*,#1140,.T.);
#1539=ORIENTED_EDGE('',*,*,#1141,.F.);
#1540=ORIENTED_EDGE('',*,*,#1054,.T.);
#1541=ORIENTED_EDGE('',*,*,#1075,.T.);
#1542=ORIENTED_EDGE('',*,*,#1137,.T.);
#1543=ORIENTED_EDGE('',*,*,#1142,.F.);
#1544=ORIENTED_EDGE('',*,*,#1143,.F.);
#1545=ORIENTED_EDGE('',*,*,#1057,.T.);
#1546=ORIENTED_EDGE('',*,*,#1144,.F.);
#1547=ORIENTED_EDGE('',*,*,#1145,.F.);
#1548=ORIENTED_EDGE('',*,*,#1058,.T.);
#1549=ORIENTED_EDGE('',*,*,#1143,.T.);
#1550=ORIENTED_EDGE('',*,*,#1146,.F.);
#1551=ORIENTED_EDGE('',*,*,#1138,.F.);
#1552=ORIENTED_EDGE('',*,*,#1028,.T.);
#1553=ORIENTED_EDGE('',*,*,#1147,.F.);
#1554=ORIENTED_EDGE('',*,*,#1148,.F.);
#1555=ORIENTED_EDGE('',*,*,#1029,.T.);
#1556=ORIENTED_EDGE('',*,*,#1148,.T.);
#1557=ORIENTED_EDGE('',*,*,#1149,.F.);
#1558=ORIENTED_EDGE('',*,*,#1020,.T.);
#1559=ORIENTED_EDGE('',*,*,#1150,.T.);
#1560=ORIENTED_EDGE('',*,*,#1151,.F.);
#1561=ORIENTED_EDGE('',*,*,#1152,.F.);
#1562=ORIENTED_EDGE('',*,*,#1153,.F.);
#1563=ORIENTED_EDGE('',*,*,#1154,.T.);
#1564=ORIENTED_EDGE('',*,*,#1155,.T.);
#1565=ORIENTED_EDGE('',*,*,#1156,.F.);
#1566=ORIENTED_EDGE('',*,*,#1157,.F.);
#1567=ORIENTED_EDGE('',*,*,#1158,.F.);
#1568=ORIENTED_EDGE('',*,*,#1159,.T.);
#1569=ORIENTED_EDGE('',*,*,#1160,.F.);
#1570=ORIENTED_EDGE('',*,*,#1161,.F.);
#1571=ORIENTED_EDGE('',*,*,#1162,.F.);
#1572=ORIENTED_EDGE('',*,*,#1163,.T.);
#1573=ORIENTED_EDGE('',*,*,#1164,.T.);
#1574=ORIENTED_EDGE('',*,*,#1165,.F.);
#1575=ORIENTED_EDGE('',*,*,#1166,.F.);
#1576=ORIENTED_EDGE('',*,*,#1167,.F.);
#1577=ORIENTED_EDGE('',*,*,#1168,.F.);
#1578=ORIENTED_EDGE('',*,*,#1169,.F.);
#1579=ORIENTED_EDGE('',*,*,#1170,.F.);
#1580=ORIENTED_EDGE('',*,*,#1171,.F.);
#1581=ORIENTED_EDGE('',*,*,#1172,.T.);
#1582=ORIENTED_EDGE('',*,*,#1173,.F.);
#1583=ORIENTED_EDGE('',*,*,#1174,.F.);
#1584=ORIENTED_EDGE('',*,*,#1175,.F.);
#1585=ORIENTED_EDGE('',*,*,#1176,.F.);
#1586=ORIENTED_EDGE('',*,*,#1177,.F.);
#1587=ORIENTED_EDGE('',*,*,#1178,.F.);
#1588=ORIENTED_EDGE('',*,*,#1179,.F.);
#1589=ORIENTED_EDGE('',*,*,#1180,.T.);
#1590=ORIENTED_EDGE('',*,*,#1181,.F.);
#1591=ORIENTED_EDGE('',*,*,#1182,.F.);
#1592=ORIENTED_EDGE('',*,*,#1183,.F.);
#1593=ORIENTED_EDGE('',*,*,#1184,.F.);
#1594=ORIENTED_EDGE('',*,*,#1061,.T.);
#1595=ORIENTED_EDGE('',*,*,#1042,.T.);
#1596=ORIENTED_EDGE('',*,*,#1141,.T.);
#1597=ORIENTED_EDGE('',*,*,#1139,.T.);
#1598=ORIENTED_EDGE('',*,*,#1146,.T.);
#1599=ORIENTED_EDGE('',*,*,#1142,.T.);
#1600=ORIENTED_EDGE('',*,*,#1136,.T.);
#1601=ORIENTED_EDGE('',*,*,#1124,.T.);
#1602=ORIENTED_EDGE('',*,*,#1127,.T.);
#1603=ORIENTED_EDGE('',*,*,#1129,.T.);
#1604=ORIENTED_EDGE('',*,*,#1131,.T.);
#1605=ORIENTED_EDGE('',*,*,#1133,.T.);
#1606=ORIENTED_EDGE('',*,*,#1135,.T.);
#1607=ORIENTED_EDGE('',*,*,#1085,.T.);
#1608=ORIENTED_EDGE('',*,*,#1088,.T.);
#1609=ORIENTED_EDGE('',*,*,#1091,.T.);
#1610=ORIENTED_EDGE('',*,*,#1185,.F.);
#1611=ORIENTED_EDGE('',*,*,#1186,.F.);
#1612=ORIENTED_EDGE('',*,*,#1150,.F.);
#1613=ORIENTED_EDGE('',*,*,#1019,.T.);
#1614=ORIENTED_EDGE('',*,*,#1093,.T.);
#1615=ORIENTED_EDGE('',*,*,#1096,.T.);
#1616=ORIENTED_EDGE('',*,*,#1098,.T.);
#1617=ORIENTED_EDGE('',*,*,#1100,.T.);
#1618=ORIENTED_EDGE('',*,*,#1102,.T.);
#1619=ORIENTED_EDGE('',*,*,#1107,.T.);
#1620=ORIENTED_EDGE('',*,*,#1187,.F.);
#1621=ORIENTED_EDGE('',*,*,#1188,.T.);
#1622=ORIENTED_EDGE('',*,*,#1189,.F.);
#1623=ORIENTED_EDGE('',*,*,#1190,.F.);
#1624=ORIENTED_EDGE('',*,*,#1191,.F.);
#1625=ORIENTED_EDGE('',*,*,#1188,.F.);
#1626=ORIENTED_EDGE('',*,*,#1105,.T.);
#1627=ORIENTED_EDGE('',*,*,#1111,.T.);
#1628=ORIENTED_EDGE('',*,*,#1192,.F.);
#1629=ORIENTED_EDGE('',*,*,#1187,.T.);
#1630=ORIENTED_EDGE('',*,*,#1106,.T.);
#1631=ORIENTED_EDGE('',*,*,#1192,.T.);
#1632=ORIENTED_EDGE('',*,*,#1110,.T.);
#1633=ORIENTED_EDGE('',*,*,#1113,.T.);
#1634=ORIENTED_EDGE('',*,*,#1117,.T.);
#1635=ORIENTED_EDGE('',*,*,#1193,.T.);
#1636=ORIENTED_EDGE('',*,*,#1194,.T.);
#1637=ORIENTED_EDGE('',*,*,#1195,.T.);
#1638=ORIENTED_EDGE('',*,*,#1196,.T.);
#1639=ORIENTED_EDGE('',*,*,#1197,.T.);
#1640=ORIENTED_EDGE('',*,*,#1198,.T.);
#1641=ORIENTED_EDGE('',*,*,#1199,.T.);
#1642=ORIENTED_EDGE('',*,*,#1200,.T.);
#1643=ORIENTED_EDGE('',*,*,#1201,.T.);
#1644=ORIENTED_EDGE('',*,*,#1202,.T.);
#1645=ORIENTED_EDGE('',*,*,#1203,.T.);
#1646=ORIENTED_EDGE('',*,*,#1023,.T.);
#1647=ORIENTED_EDGE('',*,*,#1066,.T.);
#1648=ORIENTED_EDGE('',*,*,#1204,.F.);
#1649=ORIENTED_EDGE('',*,*,#1205,.F.);
#1650=ORIENTED_EDGE('',*,*,#1206,.F.);
#1651=ORIENTED_EDGE('',*,*,#1207,.F.);
#1652=ORIENTED_EDGE('',*,*,#1208,.T.);
#1653=ORIENTED_EDGE('',*,*,#1209,.T.);
#1654=ORIENTED_EDGE('',*,*,#1210,.T.);
#1655=ORIENTED_EDGE('',*,*,#1211,.T.);
#1656=ORIENTED_EDGE('',*,*,#1212,.T.);
#1657=ORIENTED_EDGE('',*,*,#1213,.F.);
#1658=ORIENTED_EDGE('',*,*,#1214,.F.);
#1659=ORIENTED_EDGE('',*,*,#1215,.F.);
#1660=ORIENTED_EDGE('',*,*,#1216,.T.);
#1661=ORIENTED_EDGE('',*,*,#1217,.T.);
#1662=ORIENTED_EDGE('',*,*,#1218,.T.);
#1663=ORIENTED_EDGE('',*,*,#1219,.T.);
#1664=ORIENTED_EDGE('',*,*,#1220,.T.);
#1665=ORIENTED_EDGE('',*,*,#1221,.F.);
#1666=ORIENTED_EDGE('',*,*,#1222,.F.);
#1667=ORIENTED_EDGE('',*,*,#1223,.F.);
#1668=ORIENTED_EDGE('',*,*,#1224,.F.);
#1669=ORIENTED_EDGE('',*,*,#1225,.T.);
#1670=ORIENTED_EDGE('',*,*,#1226,.T.);
#1671=ORIENTED_EDGE('',*,*,#1227,.T.);
#1672=ORIENTED_EDGE('',*,*,#1228,.T.);
#1673=ORIENTED_EDGE('',*,*,#1229,.T.);
#1674=ORIENTED_EDGE('',*,*,#1230,.T.);
#1675=ORIENTED_EDGE('',*,*,#1231,.T.);
#1676=ORIENTED_EDGE('',*,*,#1232,.T.);
#1677=ORIENTED_EDGE('',*,*,#1233,.T.);
#1678=ORIENTED_EDGE('',*,*,#1234,.T.);
#1679=ORIENTED_EDGE('',*,*,#1235,.T.);
#1680=ORIENTED_EDGE('',*,*,#1236,.T.);
#1681=ORIENTED_EDGE('',*,*,#1237,.T.);
#1682=ORIENTED_EDGE('',*,*,#1238,.T.);
#1683=ORIENTED_EDGE('',*,*,#1239,.F.);
#1684=ORIENTED_EDGE('',*,*,#1240,.F.);
#1685=ORIENTED_EDGE('',*,*,#1241,.F.);
#1686=ORIENTED_EDGE('',*,*,#1155,.F.);
#1687=ORIENTED_EDGE('',*,*,#1154,.F.);
#1688=ORIENTED_EDGE('',*,*,#1153,.T.);
#1689=ORIENTED_EDGE('',*,*,#1152,.T.);
#1690=ORIENTED_EDGE('',*,*,#1151,.T.);
#1691=ORIENTED_EDGE('',*,*,#1032,.T.);
#1692=ORIENTED_EDGE('',*,*,#1242,.T.);
#1693=ORIENTED_EDGE('',*,*,#1243,.T.);
#1694=ORIENTED_EDGE('',*,*,#1122,.F.);
#1695=ORIENTED_EDGE('',*,*,#1031,.T.);
#1696=ORIENTED_EDGE('',*,*,#1244,.T.);
#1697=ORIENTED_EDGE('',*,*,#1245,.T.);
#1698=ORIENTED_EDGE('',*,*,#1242,.F.);
#1699=ORIENTED_EDGE('',*,*,#1056,.T.);
#1700=ORIENTED_EDGE('',*,*,#1246,.T.);
#1701=ORIENTED_EDGE('',*,*,#1144,.T.);
#1702=ORIENTED_EDGE('',*,*,#1055,.T.);
#1703=ORIENTED_EDGE('',*,*,#1145,.T.);
#1704=ORIENTED_EDGE('',*,*,#1246,.F.);
#1705=ORIENTED_EDGE('',*,*,#1024,.T.);
#1706=ORIENTED_EDGE('',*,*,#1203,.F.);
#1707=ORIENTED_EDGE('',*,*,#1247,.F.);
#1708=ORIENTED_EDGE('',*,*,#1193,.F.);
#1709=ORIENTED_EDGE('',*,*,#1116,.F.);
#1710=ORIENTED_EDGE('',*,*,#1115,.F.);
#1711=ORIENTED_EDGE('',*,*,#1248,.T.);
#1712=ORIENTED_EDGE('',*,*,#1194,.F.);
#1713=ORIENTED_EDGE('',*,*,#1248,.F.);
#1714=ORIENTED_EDGE('',*,*,#1119,.F.);
#1715=ORIENTED_EDGE('',*,*,#1249,.T.);
#1716=ORIENTED_EDGE('',*,*,#1195,.F.);
#1717=ORIENTED_EDGE('',*,*,#1249,.F.);
#1718=ORIENTED_EDGE('',*,*,#1121,.F.);
#1719=ORIENTED_EDGE('',*,*,#1250,.T.);
#1720=ORIENTED_EDGE('',*,*,#1196,.F.);
#1721=ORIENTED_EDGE('',*,*,#1250,.F.);
#1722=ORIENTED_EDGE('',*,*,#1123,.F.);
#1723=ORIENTED_EDGE('',*,*,#1251,.T.);
#1724=ORIENTED_EDGE('',*,*,#1197,.F.);
#1725=ORIENTED_EDGE('',*,*,#1251,.F.);
#1726=ORIENTED_EDGE('',*,*,#1243,.F.);
#1727=ORIENTED_EDGE('',*,*,#1252,.T.);
#1728=ORIENTED_EDGE('',*,*,#1198,.F.);
#1729=ORIENTED_EDGE('',*,*,#1252,.F.);
#1730=ORIENTED_EDGE('',*,*,#1245,.F.);
#1731=ORIENTED_EDGE('',*,*,#1253,.T.);
#1732=ORIENTED_EDGE('',*,*,#1199,.F.);
#1733=ORIENTED_EDGE('',*,*,#1253,.F.);
#1734=ORIENTED_EDGE('',*,*,#1254,.F.);
#1735=ORIENTED_EDGE('',*,*,#1025,.T.);
#1736=ORIENTED_EDGE('',*,*,#1247,.T.);
#1737=ORIENTED_EDGE('',*,*,#1202,.F.);
#1738=ORIENTED_EDGE('',*,*,#1255,.F.);
#1739=ORIENTED_EDGE('',*,*,#1026,.T.);
#1740=ORIENTED_EDGE('',*,*,#1255,.T.);
#1741=ORIENTED_EDGE('',*,*,#1201,.F.);
#1742=ORIENTED_EDGE('',*,*,#1256,.F.);
#1743=ORIENTED_EDGE('',*,*,#1027,.T.);
#1744=ORIENTED_EDGE('',*,*,#1256,.T.);
#1745=ORIENTED_EDGE('',*,*,#1200,.F.);
#1746=ORIENTED_EDGE('',*,*,#1254,.T.);
#1747=ORIENTED_EDGE('',*,*,#1244,.F.);
#1748=ORIENTED_EDGE('',*,*,#1030,.T.);
#1749=ORIENTED_EDGE('',*,*,#1149,.T.);
#1750=ORIENTED_EDGE('',*,*,#1147,.T.);
#1751=ORIENTED_EDGE('',*,*,#1235,.F.);
#1752=ORIENTED_EDGE('',*,*,#1257,.F.);
#1753=ORIENTED_EDGE('',*,*,#1258,.F.);
#1754=ORIENTED_EDGE('',*,*,#1259,.F.);
#1755=ORIENTED_EDGE('',*,*,#1230,.F.);
#1756=ORIENTED_EDGE('',*,*,#1260,.F.);
#1757=ORIENTED_EDGE('',*,*,#1233,.F.);
#1758=ORIENTED_EDGE('',*,*,#1261,.F.);
#1759=ORIENTED_EDGE('',*,*,#1262,.F.);
#1760=ORIENTED_EDGE('',*,*,#1228,.F.);
#1761=ORIENTED_EDGE('',*,*,#1263,.F.);
#1762=ORIENTED_EDGE('',*,*,#1264,.F.);
#1763=ORIENTED_EDGE('',*,*,#1265,.F.);
#1764=ORIENTED_EDGE('',*,*,#1229,.F.);
#1765=ORIENTED_EDGE('',*,*,#1265,.T.);
#1766=ORIENTED_EDGE('',*,*,#1266,.T.);
#1767=ORIENTED_EDGE('',*,*,#1257,.T.);
#1768=ORIENTED_EDGE('',*,*,#1234,.F.);
#1769=ORIENTED_EDGE('',*,*,#1260,.T.);
#1770=ORIENTED_EDGE('',*,*,#1259,.T.);
#1771=ORIENTED_EDGE('',*,*,#1267,.T.);
#1772=ORIENTED_EDGE('',*,*,#1236,.F.);
#1773=ORIENTED_EDGE('',*,*,#1268,.F.);
#1774=ORIENTED_EDGE('',*,*,#1269,.T.);
#1775=ORIENTED_EDGE('',*,*,#1261,.T.);
#1776=ORIENTED_EDGE('',*,*,#1232,.F.);
#1777=ORIENTED_EDGE('',*,*,#1270,.T.);
#1778=ORIENTED_EDGE('',*,*,#1271,.F.);
#1779=ORIENTED_EDGE('',*,*,#1272,.F.);
#1780=ORIENTED_EDGE('',*,*,#1270,.F.);
#1781=ORIENTED_EDGE('',*,*,#1231,.F.);
#1782=ORIENTED_EDGE('',*,*,#1262,.T.);
#1783=ORIENTED_EDGE('',*,*,#1269,.F.);
#1784=ORIENTED_EDGE('',*,*,#1273,.T.);
#1785=ORIENTED_EDGE('',*,*,#1159,.F.);
#1786=ORIENTED_EDGE('',*,*,#1274,.T.);
#1787=ORIENTED_EDGE('',*,*,#1275,.F.);
#1788=ORIENTED_EDGE('',*,*,#1276,.T.);
#1789=ORIENTED_EDGE('',*,*,#1277,.F.);
#1790=ORIENTED_EDGE('',*,*,#1190,.T.);
#1791=ORIENTED_EDGE('',*,*,#1278,.F.);
#1792=ORIENTED_EDGE('',*,*,#1189,.T.);
#1793=ORIENTED_EDGE('',*,*,#1191,.T.);
#1794=ORIENTED_EDGE('',*,*,#1278,.T.);
#1795=ORIENTED_EDGE('',*,*,#1279,.F.);
#1796=ORIENTED_EDGE('',*,*,#1280,.T.);
#1797=ORIENTED_EDGE('',*,*,#1281,.T.);
#1798=ORIENTED_EDGE('',*,*,#1280,.F.);
#1799=ORIENTED_EDGE('',*,*,#1282,.F.);
#1800=ORIENTED_EDGE('',*,*,#1279,.T.);
#1801=ORIENTED_EDGE('',*,*,#1211,.F.);
#1802=ORIENTED_EDGE('',*,*,#1283,.F.);
#1803=ORIENTED_EDGE('',*,*,#1209,.F.);
#1804=ORIENTED_EDGE('',*,*,#1284,.F.);
#1805=ORIENTED_EDGE('',*,*,#1212,.F.);
#1806=ORIENTED_EDGE('',*,*,#1284,.T.);
#1807=ORIENTED_EDGE('',*,*,#1208,.F.);
#1808=ORIENTED_EDGE('',*,*,#1285,.T.);
#1809=ORIENTED_EDGE('',*,*,#1286,.F.);
#1810=ORIENTED_EDGE('',*,*,#1287,.T.);
#1811=ORIENTED_EDGE('',*,*,#1288,.T.);
#1812=ORIENTED_EDGE('',*,*,#1287,.F.);
#1813=ORIENTED_EDGE('',*,*,#1289,.F.);
#1814=ORIENTED_EDGE('',*,*,#1286,.T.);
#1815=ORIENTED_EDGE('',*,*,#1290,.T.);
#1816=ORIENTED_EDGE('',*,*,#1291,.T.);
#1817=ORIENTED_EDGE('',*,*,#1276,.F.);
#1818=ORIENTED_EDGE('',*,*,#1292,.F.);
#1819=ORIENTED_EDGE('',*,*,#1293,.T.);
#1820=ORIENTED_EDGE('',*,*,#1294,.T.);
#1821=ORIENTED_EDGE('',*,*,#1293,.F.);
#1822=ORIENTED_EDGE('',*,*,#1295,.F.);
#1823=ORIENTED_EDGE('',*,*,#1292,.T.);
#1824=ORIENTED_EDGE('',*,*,#1296,.F.);
#1825=ORIENTED_EDGE('',*,*,#1297,.T.);
#1826=ORIENTED_EDGE('',*,*,#1298,.T.);
#1827=ORIENTED_EDGE('',*,*,#1297,.F.);
#1828=ORIENTED_EDGE('',*,*,#1299,.F.);
#1829=ORIENTED_EDGE('',*,*,#1296,.T.);
#1830=ORIENTED_EDGE('',*,*,#1220,.F.);
#1831=ORIENTED_EDGE('',*,*,#1300,.T.);
#1832=ORIENTED_EDGE('',*,*,#1216,.F.);
#1833=ORIENTED_EDGE('',*,*,#1301,.T.);
#1834=ORIENTED_EDGE('',*,*,#1219,.F.);
#1835=ORIENTED_EDGE('',*,*,#1302,.F.);
#1836=ORIENTED_EDGE('',*,*,#1217,.F.);
#1837=ORIENTED_EDGE('',*,*,#1300,.F.);
#1838=ORIENTED_EDGE('',*,*,#1303,.F.);
#1839=ORIENTED_EDGE('',*,*,#1304,.T.);
#1840=ORIENTED_EDGE('',*,*,#1305,.T.);
#1841=ORIENTED_EDGE('',*,*,#1304,.F.);
#1842=ORIENTED_EDGE('',*,*,#1306,.F.);
#1843=ORIENTED_EDGE('',*,*,#1303,.T.);
#1844=ORIENTED_EDGE('',*,*,#1263,.T.);
#1845=ORIENTED_EDGE('',*,*,#1227,.F.);
#1846=ORIENTED_EDGE('',*,*,#1307,.F.);
#1847=ORIENTED_EDGE('',*,*,#1226,.F.);
#1848=ORIENTED_EDGE('',*,*,#1308,.F.);
#1849=ORIENTED_EDGE('',*,*,#1309,.T.);
#1850=ORIENTED_EDGE('',*,*,#1307,.T.);
#1851=ORIENTED_EDGE('',*,*,#1238,.F.);
#1852=ORIENTED_EDGE('',*,*,#1310,.F.);
#1853=ORIENTED_EDGE('',*,*,#1311,.T.);
#1854=ORIENTED_EDGE('',*,*,#1225,.F.);
#1855=ORIENTED_EDGE('',*,*,#1312,.T.);
#1856=ORIENTED_EDGE('',*,*,#1308,.T.);
#1857=ORIENTED_EDGE('',*,*,#1313,.F.);
#1858=ORIENTED_EDGE('',*,*,#1314,.T.);
#1859=ORIENTED_EDGE('',*,*,#1315,.T.);
#1860=ORIENTED_EDGE('',*,*,#1314,.F.);
#1861=ORIENTED_EDGE('',*,*,#1237,.F.);
#1862=ORIENTED_EDGE('',*,*,#1267,.F.);
#1863=ORIENTED_EDGE('',*,*,#1316,.T.);
#1864=ORIENTED_EDGE('',*,*,#1310,.T.);
#1865=ORIENTED_EDGE('',*,*,#1268,.T.);
#1866=ORIENTED_EDGE('',*,*,#1313,.T.);
#1867=ORIENTED_EDGE('',*,*,#1282,.T.);
#1868=ORIENTED_EDGE('',*,*,#1317,.T.);
#1869=ORIENTED_EDGE('',*,*,#1318,.F.);
#1870=ORIENTED_EDGE('',*,*,#1319,.F.);
#1871=ORIENTED_EDGE('',*,*,#1317,.F.);
#1872=ORIENTED_EDGE('',*,*,#1210,.F.);
#1873=ORIENTED_EDGE('',*,*,#1283,.T.);
#1874=ORIENTED_EDGE('',*,*,#1299,.T.);
#1875=ORIENTED_EDGE('',*,*,#1320,.T.);
#1876=ORIENTED_EDGE('',*,*,#1321,.F.);
#1877=ORIENTED_EDGE('',*,*,#1322,.F.);
#1878=ORIENTED_EDGE('',*,*,#1320,.F.);
#1879=ORIENTED_EDGE('',*,*,#1218,.F.);
#1880=ORIENTED_EDGE('',*,*,#1302,.T.);
#1881=ORIENTED_EDGE('',*,*,#1063,.T.);
#1882=ORIENTED_EDGE('',*,*,#1323,.F.);
#1883=ORIENTED_EDGE('',*,*,#1324,.F.);
#1884=ORIENTED_EDGE('',*,*,#1325,.T.);
#1885=ORIENTED_EDGE('',*,*,#1326,.T.);
#1886=ORIENTED_EDGE('',*,*,#1327,.T.);
#1887=ORIENTED_EDGE('',*,*,#1328,.T.);
#1888=ORIENTED_EDGE('',*,*,#1329,.T.);
#1889=ORIENTED_EDGE('',*,*,#1330,.T.);
#1890=ORIENTED_EDGE('',*,*,#1331,.T.);
#1891=ORIENTED_EDGE('',*,*,#1064,.T.);
#1892=ORIENTED_EDGE('',*,*,#1325,.F.);
#1893=ORIENTED_EDGE('',*,*,#1324,.T.);
#1894=ORIENTED_EDGE('',*,*,#1332,.F.);
#1895=ORIENTED_EDGE('',*,*,#1318,.T.);
#1896=ORIENTED_EDGE('',*,*,#1319,.T.);
#1897=ORIENTED_EDGE('',*,*,#1271,.T.);
#1898=ORIENTED_EDGE('',*,*,#1272,.T.);
#1899=ORIENTED_EDGE('',*,*,#1321,.T.);
#1900=ORIENTED_EDGE('',*,*,#1322,.T.);
#1901=ORIENTED_EDGE('',*,*,#1328,.F.);
#1902=ORIENTED_EDGE('',*,*,#1329,.F.);
#1903=ORIENTED_EDGE('',*,*,#1333,.T.);
#1904=ORIENTED_EDGE('',*,*,#1306,.T.);
#1905=ORIENTED_EDGE('',*,*,#1333,.F.);
#1906=ORIENTED_EDGE('',*,*,#1180,.F.);
#1907=ORIENTED_EDGE('',*,*,#1334,.T.);
#1908=ORIENTED_EDGE('',*,*,#1182,.T.);
#1909=ORIENTED_EDGE('',*,*,#1335,.T.);
#1910=ORIENTED_EDGE('',*,*,#1178,.T.);
#1911=ORIENTED_EDGE('',*,*,#1336,.T.);
#1912=ORIENTED_EDGE('',*,*,#1181,.T.);
#1913=ORIENTED_EDGE('',*,*,#1334,.F.);
#1914=ORIENTED_EDGE('',*,*,#1179,.T.);
#1915=ORIENTED_EDGE('',*,*,#1335,.F.);
#1916=ORIENTED_EDGE('',*,*,#1326,.F.);
#1917=ORIENTED_EDGE('',*,*,#1327,.F.);
#1918=ORIENTED_EDGE('',*,*,#1337,.T.);
#1919=ORIENTED_EDGE('',*,*,#1163,.F.);
#1920=ORIENTED_EDGE('',*,*,#1338,.T.);
#1921=ORIENTED_EDGE('',*,*,#1339,.T.);
#1922=ORIENTED_EDGE('',*,*,#1295,.T.);
#1923=ORIENTED_EDGE('',*,*,#1339,.F.);
#1924=ORIENTED_EDGE('',*,*,#1340,.T.);
#1925=ORIENTED_EDGE('',*,*,#1164,.F.);
#1926=ORIENTED_EDGE('',*,*,#1337,.F.);
#1927=ORIENTED_EDGE('',*,*,#1186,.T.);
#1928=ORIENTED_EDGE('',*,*,#1341,.T.);
#1929=ORIENTED_EDGE('',*,*,#1161,.T.);
#1930=ORIENTED_EDGE('',*,*,#1342,.T.);
#1931=ORIENTED_EDGE('',*,*,#1343,.T.);
#1932=ORIENTED_EDGE('',*,*,#1166,.T.);
#1933=ORIENTED_EDGE('',*,*,#1344,.T.);
#1934=ORIENTED_EDGE('',*,*,#1160,.T.);
#1935=ORIENTED_EDGE('',*,*,#1273,.F.);
#1936=ORIENTED_EDGE('',*,*,#1345,.F.);
#1937=ORIENTED_EDGE('',*,*,#1342,.F.);
#1938=ORIENTED_EDGE('',*,*,#1275,.T.);
#1939=ORIENTED_EDGE('',*,*,#1346,.F.);
#1940=ORIENTED_EDGE('',*,*,#1290,.F.);
#1941=ORIENTED_EDGE('',*,*,#1185,.T.);
#1942=ORIENTED_EDGE('',*,*,#1344,.F.);
#1943=ORIENTED_EDGE('',*,*,#1165,.T.);
#1944=ORIENTED_EDGE('',*,*,#1340,.F.);
#1945=ORIENTED_EDGE('',*,*,#1338,.F.);
#1946=ORIENTED_EDGE('',*,*,#1162,.T.);
#1947=ORIENTED_EDGE('',*,*,#1341,.F.);
#1948=ORIENTED_EDGE('',*,*,#1330,.F.);
#1949=ORIENTED_EDGE('',*,*,#1331,.F.);
#1950=ORIENTED_EDGE('',*,*,#1347,.T.);
#1951=ORIENTED_EDGE('',*,*,#1289,.T.);
#1952=ORIENTED_EDGE('',*,*,#1347,.F.);
#1953=ORIENTED_EDGE('',*,*,#1172,.F.);
#1954=ORIENTED_EDGE('',*,*,#1348,.T.);
#1955=ORIENTED_EDGE('',*,*,#1174,.T.);
#1956=ORIENTED_EDGE('',*,*,#1349,.T.);
#1957=ORIENTED_EDGE('',*,*,#1170,.T.);
#1958=ORIENTED_EDGE('',*,*,#1350,.T.);
#1959=ORIENTED_EDGE('',*,*,#1173,.T.);
#1960=ORIENTED_EDGE('',*,*,#1348,.F.);
#1961=ORIENTED_EDGE('',*,*,#1171,.T.);
#1962=ORIENTED_EDGE('',*,*,#1349,.F.);
#1963=ORIENTED_EDGE('',*,*,#1062,.T.);
#1964=ORIENTED_EDGE('',*,*,#1184,.T.);
#1965=ORIENTED_EDGE('',*,*,#1183,.T.);
#1966=ORIENTED_EDGE('',*,*,#1336,.F.);
#1967=ORIENTED_EDGE('',*,*,#1177,.T.);
#1968=ORIENTED_EDGE('',*,*,#1176,.T.);
#1969=ORIENTED_EDGE('',*,*,#1175,.T.);
#1970=ORIENTED_EDGE('',*,*,#1350,.F.);
#1971=ORIENTED_EDGE('',*,*,#1169,.T.);
#1972=ORIENTED_EDGE('',*,*,#1168,.T.);
#1973=ORIENTED_EDGE('',*,*,#1167,.T.);
#1974=ORIENTED_EDGE('',*,*,#1343,.F.);
#1975=ORIENTED_EDGE('',*,*,#1345,.T.);
#1976=ORIENTED_EDGE('',*,*,#1274,.F.);
#1977=ORIENTED_EDGE('',*,*,#1158,.T.);
#1978=ORIENTED_EDGE('',*,*,#1157,.T.);
#1979=ORIENTED_EDGE('',*,*,#1156,.T.);
#1980=ORIENTED_EDGE('',*,*,#1241,.T.);
#1981=ORIENTED_EDGE('',*,*,#1240,.T.);
#1982=ORIENTED_EDGE('',*,*,#1239,.T.);
#1983=ORIENTED_EDGE('',*,*,#1311,.F.);
#1984=ORIENTED_EDGE('',*,*,#1316,.F.);
#1985=ORIENTED_EDGE('',*,*,#1258,.T.);
#1986=ORIENTED_EDGE('',*,*,#1266,.F.);
#1987=ORIENTED_EDGE('',*,*,#1264,.T.);
#1988=ORIENTED_EDGE('',*,*,#1309,.F.);
#1989=ORIENTED_EDGE('',*,*,#1312,.F.);
#1990=ORIENTED_EDGE('',*,*,#1224,.T.);
#1991=ORIENTED_EDGE('',*,*,#1223,.T.);
#1992=ORIENTED_EDGE('',*,*,#1222,.T.);
#1993=ORIENTED_EDGE('',*,*,#1221,.T.);
#1994=ORIENTED_EDGE('',*,*,#1301,.F.);
#1995=ORIENTED_EDGE('',*,*,#1215,.T.);
#1996=ORIENTED_EDGE('',*,*,#1214,.T.);
#1997=ORIENTED_EDGE('',*,*,#1213,.T.);
#1998=ORIENTED_EDGE('',*,*,#1285,.F.);
#1999=ORIENTED_EDGE('',*,*,#1207,.T.);
#2000=ORIENTED_EDGE('',*,*,#1206,.T.);
#2001=ORIENTED_EDGE('',*,*,#1205,.T.);
#2002=ORIENTED_EDGE('',*,*,#1204,.T.);
#2003=ORIENTED_EDGE('',*,*,#1065,.T.);
#2004=ORIENTED_EDGE('',*,*,#1332,.T.);
#2005=ORIENTED_EDGE('',*,*,#1323,.T.);
#2006=ORIENTED_EDGE('',*,*,#1277,.T.);
#2007=ORIENTED_EDGE('',*,*,#1291,.F.);
#2008=ORIENTED_EDGE('',*,*,#1346,.T.);
#2009=ORIENTED_EDGE('',*,*,#1288,.F.);
#2010=ORIENTED_EDGE('',*,*,#1294,.F.);
#2011=ORIENTED_EDGE('',*,*,#1298,.F.);
#2012=ORIENTED_EDGE('',*,*,#1315,.F.);
#2013=ORIENTED_EDGE('',*,*,#1305,.F.);
#2014=ORIENTED_EDGE('',*,*,#1281,.F.);
#2015=PLANE('',#2183);
#2016=PLANE('',#2185);
#2017=PLANE('',#2187);
#2018=PLANE('',#2195);
#2019=PLANE('',#2196);
#2020=PLANE('',#2197);
#2021=PLANE('',#2198);
#2022=PLANE('',#2199);
#2023=PLANE('',#2200);
#2024=PLANE('',#2201);
#2025=PLANE('',#2202);
#2026=PLANE('',#2203);
#2027=PLANE('',#2204);
#2028=PLANE('',#2206);
#2029=PLANE('',#2208);
#2030=PLANE('',#2210);
#2031=PLANE('',#2212);
#2032=PLANE('',#2214);
#2033=PLANE('',#2216);
#2034=PLANE('',#2217);
#2035=PLANE('',#2218);
#2036=PLANE('',#2219);
#2037=PLANE('',#2220);
#2038=PLANE('',#2221);
#2039=PLANE('',#2222);
#2040=PLANE('',#2223);
#2041=PLANE('',#2224);
#2042=PLANE('',#2225);
#2043=PLANE('',#2226);
#2044=PLANE('',#2227);
#2045=PLANE('',#2228);
#2046=PLANE('',#2230);
#2047=PLANE('',#2231);
#2048=PLANE('',#2232);
#2049=PLANE('',#2233);
#2050=PLANE('',#2234);
#2051=PLANE('',#2235);
#2052=PLANE('',#2236);
#2053=PLANE('',#2237);
#2054=PLANE('',#2238);
#2055=PLANE('',#2249);
#2056=PLANE('',#2256);
#2057=PLANE('',#2263);
#2058=PLANE('',#2268);
#2059=PLANE('',#2275);
#2060=PLANE('',#2285);
#2061=PLANE('',#2297);
#2062=ADVANCED_FACE('',(#132),#2015,.T.);
#2063=ADVANCED_FACE('',(#133),#2016,.T.);
#2064=ADVANCED_FACE('',(#134),#2017,.T.);
#2065=ADVANCED_FACE('',(#135),#131,.T.);
#2066=ADVANCED_FACE('',(#136),#2018,.T.);
#2067=ADVANCED_FACE('',(#137),#2019,.T.);
#2068=ADVANCED_FACE('',(#138),#2020,.T.);
#2069=ADVANCED_FACE('',(#139),#2021,.T.);
#2070=ADVANCED_FACE('',(#140),#2022,.T.);
#2071=ADVANCED_FACE('',(#141),#2023,.T.);
#2072=ADVANCED_FACE('',(#142),#2024,.T.);
#2073=ADVANCED_FACE('',(#143),#2025,.T.);
#2074=ADVANCED_FACE('',(#144),#2026,.T.);
#2075=ADVANCED_FACE('',(#145),#2027,.T.);
#2076=ADVANCED_FACE('',(#146),#2028,.F.);
#2077=ADVANCED_FACE('',(#147),#2029,.T.);
#2078=ADVANCED_FACE('',(#148),#2030,.F.);
#2079=ADVANCED_FACE('',(#149),#2031,.T.);
#2080=ADVANCED_FACE('',(#150),#2032,.F.);
#2081=ADVANCED_FACE('',(#151),#2033,.F.);
#2082=ADVANCED_FACE('',(#152),#2034,.F.);
#2083=ADVANCED_FACE('',(#153),#2035,.F.);
#2084=ADVANCED_FACE('',(#154),#2036,.F.);
#2085=ADVANCED_FACE('',(#155),#2037,.F.);
#2086=ADVANCED_FACE('',(#156),#2038,.F.);
#2087=ADVANCED_FACE('',(#157),#2039,.F.);
#2088=ADVANCED_FACE('',(#158),#98,.T.);
#2089=ADVANCED_FACE('',(#159),#99,.T.);
#2090=ADVANCED_FACE('',(#160),#100,.T.);
#2091=ADVANCED_FACE('',(#161),#101,.T.);
#2092=ADVANCED_FACE('',(#162),#102,.T.);
#2093=ADVANCED_FACE('',(#163),#103,.T.);
#2094=ADVANCED_FACE('',(#164),#104,.T.);
#2095=ADVANCED_FACE('',(#165),#2040,.T.);
#2096=ADVANCED_FACE('',(#166),#2041,.T.);
#2097=ADVANCED_FACE('',(#167),#2042,.T.);
#2098=ADVANCED_FACE('',(#168),#2043,.T.);
#2099=ADVANCED_FACE('',(#169),#2044,.F.);
#2100=ADVANCED_FACE('',(#170),#2045,.F.);
#2101=ADVANCED_FACE('',(#171,#74),#105,.F.);
#2102=ADVANCED_FACE('',(#172),#49,.F.);
#2103=ADVANCED_FACE('',(#173),#2046,.F.);
#2104=ADVANCED_FACE('',(#174),#106,.F.);
#2105=ADVANCED_FACE('',(#175),#2047,.F.);
#2106=ADVANCED_FACE('',(#176),#2048,.F.);
#2107=ADVANCED_FACE('',(#177),#2049,.T.);
#2108=ADVANCED_FACE('',(#178),#2050,.T.);
#2109=ADVANCED_FACE('',(#179),#2051,.F.);
#2110=ADVANCED_FACE('',(#180),#107,.T.);
#2111=ADVANCED_FACE('',(#181),#108,.T.);
#2112=ADVANCED_FACE('',(#182),#109,.T.);
#2113=ADVANCED_FACE('',(#183),#110,.T.);
#2114=ADVANCED_FACE('',(#184),#111,.T.);
#2115=ADVANCED_FACE('',(#185),#112,.T.);
#2116=ADVANCED_FACE('',(#186),#113,.T.);
#2117=ADVANCED_FACE('',(#187),#2052,.F.);
#2118=ADVANCED_FACE('',(#188),#2053,.F.);
#2119=ADVANCED_FACE('',(#189),#2054,.F.);
#2120=ADVANCED_FACE('',(#190),#114,.F.);
#2121=ADVANCED_FACE('',(#191),#115,.F.);
#2122=ADVANCED_FACE('',(#192),#116,.F.);
#2123=ADVANCED_FACE('',(#193),#50,.T.);
#2124=ADVANCED_FACE('',(#194),#51,.T.);
#2125=ADVANCED_FACE('',(#195),#52,.F.);
#2126=ADVANCED_FACE('',(#196),#53,.T.);
#2127=ADVANCED_FACE('',(#197),#117,.F.);
#2128=ADVANCED_FACE('',(#198),#118,.F.);
#2129=ADVANCED_FACE('',(#199),#119,.F.);
#2130=ADVANCED_FACE('',(#200),#54,.F.);
#2131=ADVANCED_FACE('',(#201,#75),#2055,.T.);
#2132=ADVANCED_FACE('',(#202),#120,.F.);
#2133=ADVANCED_FACE('',(#203),#55,.T.);
#2134=ADVANCED_FACE('',(#204),#56,.F.);
#2135=ADVANCED_FACE('',(#205,#76),#2056,.T.);
#2136=ADVANCED_FACE('',(#206),#57,.T.);
#2137=ADVANCED_FACE('',(#207),#58,.F.);
#2138=ADVANCED_FACE('',(#208,#77),#2057,.T.);
#2139=ADVANCED_FACE('',(#209),#59,.F.);
#2140=ADVANCED_FACE('',(#210,#78),#2058,.T.);
#2141=ADVANCED_FACE('',(#211),#60,.T.);
#2142=ADVANCED_FACE('',(#212),#121,.F.);
#2143=ADVANCED_FACE('',(#213),#61,.F.);
#2144=ADVANCED_FACE('',(#214,#79),#2059,.T.);
#2145=ADVANCED_FACE('',(#215),#62,.T.);
#2146=ADVANCED_FACE('',(#216),#122,.T.);
#2147=ADVANCED_FACE('',(#217),#63,.T.);
#2148=ADVANCED_FACE('',(#218),#64,.T.);
#2149=ADVANCED_FACE('',(#219),#65,.F.);
#2150=ADVANCED_FACE('',(#220),#123,.T.);
#2151=ADVANCED_FACE('',(#221,#80),#2060,.T.);
#2152=ADVANCED_FACE('',(#222,#81),#66,.F.);
#2153=ADVANCED_FACE('',(#223,#82),#67,.F.);
#2154=ADVANCED_FACE('',(#224,#83,#84,#85),#124,.T.);
#2155=ADVANCED_FACE('',(#225,#86,#87,#88),#125,.T.);
#2156=ADVANCED_FACE('',(#226,#89),#68,.F.);
#2157=ADVANCED_FACE('',(#227),#69,.T.);
#2158=ADVANCED_FACE('',(#228),#126,.F.);
#2159=ADVANCED_FACE('',(#229),#70,.F.);
#2160=ADVANCED_FACE('',(#230),#71,.T.);
#2161=ADVANCED_FACE('',(#231),#127,.F.);
#2162=ADVANCED_FACE('',(#232),#128,.F.);
#2163=ADVANCED_FACE('',(#233),#129,.F.);
#2164=ADVANCED_FACE('',(#234,#90),#72,.F.);
#2165=ADVANCED_FACE('',(#235),#73,.T.);
#2166=ADVANCED_FACE('',(#236),#130,.F.);
#2167=ADVANCED_FACE('',(#237,#91,#92,#93,#94,#95,#96,#97),#2061,.F.);
#2168=CLOSED_SHELL('',(#2062,#2063,#2064,#2065,#2066,#2067,#2068,#2069,
#2070,#2071,#2072,#2073,#2074,#2075,#2076,#2077,#2078,#2079,#2080,#2081,
#2082,#2083,#2084,#2085,#2086,#2087,#2088,#2089,#2090,#2091,#2092,#2093,
#2094,#2095,#2096,#2097,#2098,#2099,#2100,#2101,#2102,#2103,#2104,#2105,
#2106,#2107,#2108,#2109,#2110,#2111,#2112,#2113,#2114,#2115,#2116,#2117,
#2118,#2119,#2120,#2121,#2122,#2123,#2124,#2125,#2126,#2127,#2128,#2129,
#2130,#2131,#2132,#2133,#2134,#2135,#2136,#2137,#2138,#2139,#2140,#2141,
#2142,#2143,#2144,#2145,#2146,#2147,#2148,#2149,#2150,#2151,#2152,#2153,
#2154,#2155,#2156,#2157,#2158,#2159,#2160,#2161,#2162,#2163,#2164,#2165,
#2166,#2167));
#2169=DERIVED_UNIT_ELEMENT(#2171,1.);
#2170=DERIVED_UNIT_ELEMENT(#6061,-3.);
#2171=(
MASS_UNIT()
NAMED_UNIT(*)
SI_UNIT(.KILO.,.GRAM.)
);
#2172=DERIVED_UNIT((#2169,#2170));
#2173=MEASURE_REPRESENTATION_ITEM('density measure',
POSITIVE_RATIO_MEASURE(7850.),#2172);
#2174=PROPERTY_DEFINITION_REPRESENTATION(#2179,#2176);
#2175=PROPERTY_DEFINITION_REPRESENTATION(#2180,#2177);
#2176=REPRESENTATION('material name',(#2178),#6058);
#2177=REPRESENTATION('density',(#2173),#6058);
#2178=DESCRIPTIVE_REPRESENTATION_ITEM('Steel','Steel');
#2179=PROPERTY_DEFINITION('material property','material name',#6073);
#2180=PROPERTY_DEFINITION('material property','density of part',#6073);
#2181=AXIS2_PLACEMENT_3D('',#2660,#2299,#2300);
#2182=AXIS2_PLACEMENT_3D('',#2661,#2301,#2302);
#2183=AXIS2_PLACEMENT_3D('',#2662,#2303,#2304);
#2184=AXIS2_PLACEMENT_3D('',#2665,#2305,#2306);
#2185=AXIS2_PLACEMENT_3D('',#2674,#2309,#2310);
#2186=AXIS2_PLACEMENT_3D('',#2715,#2328,#2329);
#2187=AXIS2_PLACEMENT_3D('',#2716,#2330,#2331);
#2188=AXIS2_PLACEMENT_3D('',#2724,#2332,#2333);
#2189=AXIS2_PLACEMENT_3D('',#2823,#2353,#2354);
#2190=AXIS2_PLACEMENT_3D('',#2825,#2355,#2356);
#2191=AXIS2_PLACEMENT_3D('',#2827,#2357,#2358);
#2192=AXIS2_PLACEMENT_3D('',#2829,#2359,#2360);
#2193=AXIS2_PLACEMENT_3D('',#2831,#2361,#2362);
#2194=AXIS2_PLACEMENT_3D('',#2832,#2363,#2364);
#2195=AXIS2_PLACEMENT_3D('',#2833,#2365,#2366);
#2196=AXIS2_PLACEMENT_3D('',#2839,#2370,#2371);
#2197=AXIS2_PLACEMENT_3D('',#2843,#2374,#2375);
#2198=AXIS2_PLACEMENT_3D('',#2847,#2378,#2379);
#2199=AXIS2_PLACEMENT_3D('',#2851,#2382,#2383);
#2200=AXIS2_PLACEMENT_3D('',#2855,#2386,#2387);
#2201=AXIS2_PLACEMENT_3D('',#2864,#2390,#2391);
#2202=AXIS2_PLACEMENT_3D('',#2873,#2393,#2394);
#2203=AXIS2_PLACEMENT_3D('',#2881,#2397,#2398);
#2204=AXIS2_PLACEMENT_3D('',#2883,#2400,#2401);
#2205=AXIS2_PLACEMENT_3D('',#2885,#2402,#2403);
#2206=AXIS2_PLACEMENT_3D('',#2887,#2405,#2406);
#2207=AXIS2_PLACEMENT_3D('',#2890,#2408,#2409);
#2208=AXIS2_PLACEMENT_3D('',#2891,#2410,#2411);
#2209=AXIS2_PLACEMENT_3D('',#2894,#2413,#2414);
#2210=AXIS2_PLACEMENT_3D('',#2895,#2415,#2416);
#2211=AXIS2_PLACEMENT_3D('',#2898,#2418,#2419);
#2212=AXIS2_PLACEMENT_3D('',#2899,#2420,#2421);
#2213=AXIS2_PLACEMENT_3D('',#2902,#2423,#2424);
#2214=AXIS2_PLACEMENT_3D('',#2903,#2425,#2426);
#2215=AXIS2_PLACEMENT_3D('',#2918,#2430,#2431);
#2216=AXIS2_PLACEMENT_3D('',#2919,#2432,#2433);
#2217=AXIS2_PLACEMENT_3D('',#2921,#2435,#2436);
#2218=AXIS2_PLACEMENT_3D('',#2930,#2439,#2440);
#2219=AXIS2_PLACEMENT_3D('',#2939,#2442,#2443);
#2220=AXIS2_PLACEMENT_3D('',#2950,#2447,#2448);
#2221=AXIS2_PLACEMENT_3D('',#2954,#2451,#2452);
#2222=AXIS2_PLACEMENT_3D('',#2958,#2455,#2456);
#2223=AXIS2_PLACEMENT_3D('',#3119,#2466,#2467);
#2224=AXIS2_PLACEMENT_3D('',#3128,#2470,#2471);
#2225=AXIS2_PLACEMENT_3D('',#3133,#2472,#2473);
#2226=AXIS2_PLACEMENT_3D('',#3143,#2477,#2478);
#2227=AXIS2_PLACEMENT_3D('',#3148,#2479,#2480);
#2228=AXIS2_PLACEMENT_3D('',#3152,#2483,#2484);
#2229=AXIS2_PLACEMENT_3D('',#3793,#2486,#2487);
#2230=AXIS2_PLACEMENT_3D('',#3872,#2489,#2490);
#2231=AXIS2_PLACEMENT_3D('',#4550,#2491,#2492);
#2232=AXIS2_PLACEMENT_3D('',#4554,#2495,#2496);
#2233=AXIS2_PLACEMENT_3D('',#4558,#2499,#2500);
#2234=AXIS2_PLACEMENT_3D('',#4560,#2502,#2503);
#2235=AXIS2_PLACEMENT_3D('',#4561,#2504,#2505);
#2236=AXIS2_PLACEMENT_3D('',#4682,#2514,#2515);
#2237=AXIS2_PLACEMENT_3D('',#4684,#2517,#2518);
#2238=AXIS2_PLACEMENT_3D('',#4686,#2520,#2521);
#2239=AXIS2_PLACEMENT_3D('',#4838,#2522,#2523);
#2240=AXIS2_PLACEMENT_3D('',#4839,#2524,#2525);
#2241=AXIS2_PLACEMENT_3D('',#4840,#2526,#2527);
#2242=AXIS2_PLACEMENT_3D('',#4842,#2529,#2530);
#2243=AXIS2_PLACEMENT_3D('',#4844,#2531,#2532);
#2244=AXIS2_PLACEMENT_3D('',#4901,#2535,#2536);
#2245=AXIS2_PLACEMENT_3D('',#4910,#2537,#2538);
#2246=AXIS2_PLACEMENT_3D('',#5007,#2539,#2540);
#2247=AXIS2_PLACEMENT_3D('',#5009,#2541,#2542);
#2248=AXIS2_PLACEMENT_3D('',#5012,#2544,#2545);
#2249=AXIS2_PLACEMENT_3D('',#5013,#2546,#2547);
#2250=AXIS2_PLACEMENT_3D('',#5015,#2548,#2549);
#2251=AXIS2_PLACEMENT_3D('',#5057,#2550,#2551);
#2252=AXIS2_PLACEMENT_3D('',#5058,#2552,#2553);
#2253=AXIS2_PLACEMENT_3D('',#5059,#2554,#2555);
#2254=AXIS2_PLACEMENT_3D('',#5061,#2556,#2557);
#2255=AXIS2_PLACEMENT_3D('',#5064,#2559,#2560);
#2256=AXIS2_PLACEMENT_3D('',#5065,#2561,#2562);
#2257=AXIS2_PLACEMENT_3D('',#5067,#2563,#2564);
#2258=AXIS2_PLACEMENT_3D('',#5068,#2565,#2566);
#2259=AXIS2_PLACEMENT_3D('',#5074,#2567,#2568);
#2260=AXIS2_PLACEMENT_3D('',#5075,#2569,#2570);
#2261=AXIS2_PLACEMENT_3D('',#5077,#2571,#2572);
#2262=AXIS2_PLACEMENT_3D('',#5080,#2574,#2575);
#2263=AXIS2_PLACEMENT_3D('',#5081,#2576,#2577);
#2264=AXIS2_PLACEMENT_3D('',#5083,#2578,#2579);
#2265=AXIS2_PLACEMENT_3D('',#5084,#2580,#2581);
#2266=AXIS2_PLACEMENT_3D('',#5086,#2582,#2583);
#2267=AXIS2_PLACEMENT_3D('',#5089,#2585,#2586);
#2268=AXIS2_PLACEMENT_3D('',#5090,#2587,#2588);
#2269=AXIS2_PLACEMENT_3D('',#5092,#2589,#2590);
#2270=AXIS2_PLACEMENT_3D('',#5093,#2591,#2592);
#2271=AXIS2_PLACEMENT_3D('',#5106,#2593,#2594);
#2272=AXIS2_PLACEMENT_3D('',#5143,#2595,#2596);
#2273=AXIS2_PLACEMENT_3D('',#5145,#2597,#2598);
#2274=AXIS2_PLACEMENT_3D('',#5148,#2600,#2601);
#2275=AXIS2_PLACEMENT_3D('',#5149,#2602,#2603);
#2276=AXIS2_PLACEMENT_3D('',#5151,#2604,#2605);
#2277=AXIS2_PLACEMENT_3D('',#5152,#2606,#2607);
#2278=AXIS2_PLACEMENT_3D('',#5167,#2610,#2611);
#2279=AXIS2_PLACEMENT_3D('',#5169,#2613,#2614);
#2280=AXIS2_PLACEMENT_3D('',#5170,#2615,#2616);
#2281=AXIS2_PLACEMENT_3D('',#5171,#2617,#2618);
#2282=AXIS2_PLACEMENT_3D('',#5172,#2619,#2620);
#2283=AXIS2_PLACEMENT_3D('',#5174,#2621,#2622);
#2284=AXIS2_PLACEMENT_3D('',#5177,#2624,#2625);
#2285=AXIS2_PLACEMENT_3D('',#5199,#2626,#2627);
#2286=AXIS2_PLACEMENT_3D('',#5200,#2628,#2629);
#2287=AXIS2_PLACEMENT_3D('',#5254,#2631,#2632);
#2288=AXIS2_PLACEMENT_3D('',#5812,#2634,#2635);
#2289=AXIS2_PLACEMENT_3D('',#5824,#2637,#2638);
#2290=AXIS2_PLACEMENT_3D('',#5843,#2639,#2640);
#2291=AXIS2_PLACEMENT_3D('',#5860,#2641,#2642);
#2292=AXIS2_PLACEMENT_3D('',#5903,#2645,#2646);
#2293=AXIS2_PLACEMENT_3D('',#5919,#2647,#2648);
#2294=AXIS2_PLACEMENT_3D('',#6000,#2649,#2650);
#2295=AXIS2_PLACEMENT_3D('',#6014,#2652,#2653);
#2296=AXIS2_PLACEMENT_3D('',#6031,#2654,#2655);
#2297=AXIS2_PLACEMENT_3D('',#6052,#2656,#2657);
#2298=AXIS2_PLACEMENT_3D('',#6053,#2658,#2659);
#2299=DIRECTION('axis',(0.,0.,1.));
#2300=DIRECTION('refdir',(1.,0.,0.));
#2301=DIRECTION('axis',(0.,0.,1.));
#2302=DIRECTION('refdir',(1.,0.,0.));
#2303=DIRECTION('center_axis',(0.457227775084553,0.2393498142621,-0.85653629701486));
#2304=DIRECTION('ref_axis',(0.88276191637998,-0.239149235663476,0.404399606912174));
#2305=DIRECTION('center_axis',(0.457227775084553,0.2393498142621,-0.85653629701486));
#2306=DIRECTION('ref_axis',(-0.758849470856276,-0.397242883743785,-0.516086787174475));
#2307=DIRECTION('',(0.886532611385549,-0.199258875630361,0.417559372344154));
#2308=DIRECTION('',(-0.635876389018725,-0.585357263174076,-0.503009038028009));
#2309=DIRECTION('center_axis',(-1.,-3.77948263702181E-16,0.));
#2310=DIRECTION('ref_axis',(3.77948263702181E-16,-1.,0.));
#2311=DIRECTION('',(2.33863787985772E-16,-0.618771960201554,-0.785570659627971));
#2312=DIRECTION('',(2.66603597880169E-16,-0.705397070140398,-0.708812368287506));
#2313=DIRECTION('',(-3.78065939398365E-17,0.100031135398012,-0.99498430738931));
#2314=DIRECTION('',(6.06265446462652E-17,-0.160409639278138,-0.987050529419167));
#2315=DIRECTION('',(2.35340999132402E-16,-0.62268046114864,-0.782476225392003));
#2316=DIRECTION('',(-3.35844572993278E-17,0.0888599327599822,-0.996044131728053));
#2317=DIRECTION('',(6.06265446462652E-17,-0.160409639278138,-0.987050529419167));
#2318=DIRECTION('',(9.31844710521101E-17,-0.246553510100362,-0.969129179550998));
#2319=DIRECTION('',(4.64143222900278E-18,-0.0122806020684889,-0.999924590563126));
#2320=DIRECTION('',(-6.20239178247816E-17,0.1641068997572,-0.986442560645109));
#2321=DIRECTION('',(-1.54087433971553E-16,0.407694514752346,-0.913118383694496));
#2322=DIRECTION('',(-1.67059679629048E-16,0.442017322669034,-0.897006514168375));
#2323=DIRECTION('',(-2.57532981378921E-16,0.681397445397061,-0.731913602419274));
#2324=DIRECTION('',(-3.29253789955929E-16,0.871161006881558,-0.490997454259296));
#2325=DIRECTION('',(-3.44270240847149E-16,0.910892505431458,-0.412643724717585));
#2326=DIRECTION('',(-3.12720041818817E-16,0.827414944986324,-0.561591051222577));
#2327=DIRECTION('',(-3.36838659626801E-16,0.891229546412801,-0.453552527940075));
#2328=DIRECTION('center_axis',(1.,3.77948263702181E-16,0.));
#2329=DIRECTION('ref_axis',(-4.39627329850109E-32,1.16319446885072E-16,
1.));
#2330=DIRECTION('center_axis',(-1.,-3.77948263702181E-16,0.));
#2331=DIRECTION('ref_axis',(3.77948263702181E-16,-1.,0.));
#2332=DIRECTION('center_axis',(1.,3.77948263702181E-16,0.));
#2333=DIRECTION('ref_axis',(-4.39627329850109E-32,1.16319446885072E-16,
1.));
#2334=DIRECTION('',(-3.36838659626801E-16,0.891229546412801,0.453552527940075));
#2335=DIRECTION('',(-3.12720041818817E-16,0.827414944986324,0.561591051222576));
#2336=DIRECTION('',(-3.44270240847149E-16,0.910892505431458,0.412643724717584));
#2337=DIRECTION('',(-3.29253789955929E-16,0.871161006881558,0.490997454259296));
#2338=DIRECTION('',(-2.57532981378921E-16,0.681397445397061,0.731913602419274));
#2339=DIRECTION('',(-1.67059679629048E-16,0.442017322669034,0.897006514168375));
#2340=DIRECTION('',(-1.54087433971553E-16,0.407694514752347,0.913118383694496));
#2341=DIRECTION('',(-6.20239178247817E-17,0.1641068997572,0.986442560645109));
#2342=DIRECTION('',(4.64143222900278E-18,-0.0122806020684889,0.999924590563126));
#2343=DIRECTION('',(9.31844710521102E-17,-0.246553510100362,0.969129179550998));
#2344=DIRECTION('',(6.06265446462653E-17,-0.160409639278138,0.987050529419167));
#2345=DIRECTION('',(-3.35844572993278E-17,0.0888599327599822,0.996044131728053));
#2346=DIRECTION('',(2.35340999132402E-16,-0.62268046114864,0.782476225392003));
#2347=DIRECTION('',(6.06265446462653E-17,-0.160409639278138,0.987050529419167));
#2348=DIRECTION('',(-3.78065939398365E-17,0.100031135398012,0.99498430738931));
#2349=DIRECTION('',(2.66603597880169E-16,-0.705397070140398,0.708812368287506));
#2350=DIRECTION('',(2.33863787985773E-16,-0.618771960201555,0.785570659627971));
#2351=DIRECTION('',(1.,3.77784223657171E-16,0.));
#2352=DIRECTION('',(-1.,-3.77784223657171E-16,0.));
#2353=DIRECTION('center_axis',(-0.276295961408011,0.435896907084342,0.85653629701486));
#2354=DIRECTION('ref_axis',(0.961018006503979,0.115808366199614,0.251063365494239));
#2355=DIRECTION('center_axis',(-0.457227775084553,-0.2393498142621,0.85653629701486));
#2356=DIRECTION('ref_axis',(0.889276142163301,-0.110662375202237,0.443781231795303));
#2357=DIRECTION('center_axis',(-0.379699826078077,0.349533423254988,0.85653629701486));
#2358=DIRECTION('ref_axis',(0.925025201533939,0.130931456960892,0.35663052323826));
#2359=DIRECTION('center_axis',(-0.379699826078077,-0.349533423254988,0.85653629701486));
#2360=DIRECTION('ref_axis',(0.925025201533939,-0.130931456960891,0.35663052323826));
#2361=DIRECTION('center_axis',(-0.457227775084553,0.2393498142621,0.85653629701486));
#2362=DIRECTION('ref_axis',(0.889276142163301,0.110662375202238,0.443781231795303));
#2363=DIRECTION('center_axis',(-0.276295961408011,-0.435896907084342,0.85653629701486));
#2364=DIRECTION('ref_axis',(0.961018006503979,-0.115808366199614,0.251063365494239));
#2365=DIRECTION('center_axis',(0.528845477255042,0.822517503281971,0.209254433601011));
#2366=DIRECTION('ref_axis',(-0.0585537796539187,-0.210606886920187,0.975815655782396));
#2367=DIRECTION('',(0.843776237329108,-0.536103240901089,-0.0251987383430658));
#2368=DIRECTION('',(0.0573099342990361,0.211382735846783,-0.975721738210525));
#2369=DIRECTION('',(0.848564907294778,-0.507742334369585,-0.148779434051647));
#2370=DIRECTION('center_axis',(0.536465206573126,0.843858798744258,0.0103638756433974));
#2371=DIRECTION('ref_axis',(-0.00406418080753674,-0.00969713318140984,0.999944722493411));
#2372=DIRECTION('',(0.841683444583069,-0.534107606942304,-0.0793602124565302));
#2373=DIRECTION('',(0.00400506027656063,0.00973471624093203,-0.999944595861135));
#2374=DIRECTION('center_axis',(0.521066627080974,0.841944513148918,-0.140067865411337));
#2375=DIRECTION('ref_axis',(0.0370260022917441,0.141654705321689,0.989223442713787));
#2376=DIRECTION('',(0.840669713438263,-0.477900920371184,0.254725623398989));
#2377=DIRECTION('',(-0.0361904708667567,-0.142164773748618,-0.989181190138312));
#2378=DIRECTION('center_axis',(0.540615842732494,0.768178721503473,-0.342980994248844));
#2379=DIRECTION('ref_axis',(0.093698124326285,0.350177064961416,0.931985345739269));
#2380=DIRECTION('',(0.793241835658716,-0.329682955791381,0.511934115703818));
#2381=DIRECTION('',(-0.0916437270981579,-0.351492901811379,-0.931694245586917));
#2382=DIRECTION('center_axis',(0.549720772654882,0.749313022294103,-0.369238495734392));
#2383=DIRECTION('ref_axis',(0.101492118017708,0.378832361491453,0.91988335775091));
#2384=DIRECTION('',(0.831915811957013,-0.531107170426821,0.16075215499992));
#2385=DIRECTION('',(-0.0992764141186511,-0.380282202248694,-0.919526856732649));
#2386=DIRECTION('center_axis',(0.513821644079629,0.627906507435188,-0.584568846241272));
#2387=DIRECTION('ref_axis',(0.83941436571428,-0.227292152440253,0.493681881449552));
#2388=DIRECTION('',(0.857227631678289,-0.402692244441924,0.320935731500182));
#2389=DIRECTION('',(-0.157754772353877,-0.600623681435554,-0.783814152142189));
#2390=DIRECTION('center_axis',(0.486476049105465,0.428981487094252,-0.761128068972063));
#2391=DIRECTION('ref_axis',(0.873691147971205,-0.23666602729469,0.425032903998392));
#2392=DIRECTION('',(0.830357772305299,-0.497971137579731,0.250061424673478));
#2393=DIRECTION('center_axis',(0.462594205553603,0.365837601965129,-0.807570089822942));
#2394=DIRECTION('ref_axis',(0.885274385939002,-0.239837285908486,0.398456193186119));
#2395=DIRECTION('',(-0.487908653155962,-0.655494319809769,-0.576430692167465));
#2396=DIRECTION('',(-0.189630823314821,-0.848982642110624,-0.493222692344754));
#2397=DIRECTION('center_axis',(0.217699532670336,0.548121759738184,-0.807570089822942));
#2398=DIRECTION('ref_axis',(0.886588750497088,0.234932010598041,0.398456193186119));
#2399=DIRECTION('',(0.867389200558423,0.270703057467357,0.417559372344154));
#2400=DIRECTION('center_axis',(0.276295961408011,0.435896907084342,-0.85653629701486));
#2401=DIRECTION('ref_axis',(0.884068862910235,0.234271644809788,0.404399606912174));
#2402=DIRECTION('center_axis',(0.276295961408011,0.435896907084342,-0.85653629701486));
#2403=DIRECTION('ref_axis',(-0.458561477538022,-0.723447164222844,-0.516086787174475));
#2404=DIRECTION('',(0.883049876710351,0.236612501340941,0.405262186061095));
#2405=DIRECTION('center_axis',(-0.457227775084553,0.2393498142621,0.85653629701486));
#2406=DIRECTION('ref_axis',(0.88276191637998,0.239149235663476,0.404399606912174));
#2407=DIRECTION('',(-0.889332553262557,-0.117082851822791,-0.442017211787667));
#2408=DIRECTION('center_axis',(0.457227775084553,-0.2393498142621,-0.85653629701486));
#2409=DIRECTION('ref_axis',(-0.758849470856276,0.397242883743785,-0.516086787174475));
#2410=DIRECTION('center_axis',(0.379699826078077,0.349533423254988,-0.85653629701486));
#2411=DIRECTION('ref_axis',(0.914578910307272,-0.00252482681430507,0.404399606912174));
#2412=DIRECTION('',(0.914200503472287,0.,0.405262186061095));
#2413=DIRECTION('center_axis',(0.379699826078077,0.349533423254988,-0.85653629701486));
#2414=DIRECTION('ref_axis',(-0.630178278321533,-0.580111856141242,-0.516086787174475));
#2415=DIRECTION('center_axis',(-0.379699826078077,0.349533423254988,0.85653629701486));
#2416=DIRECTION('ref_axis',(0.914578910307272,0.00252482681430507,0.404399606912174));
#2417=DIRECTION('',(0.889332553262557,-0.117082851822791,0.442017211787667));
#2418=DIRECTION('center_axis',(0.379699826078077,-0.349533423254988,-0.85653629701486));
#2419=DIRECTION('ref_axis',(-0.630178278321533,0.580111856141242,-0.516086787174475));
#2420=DIRECTION('center_axis',(0.457227775084553,0.2393498142621,-0.85653629701486));
#2421=DIRECTION('ref_axis',(0.88276191637998,-0.239149235663476,0.404399606912174));
#2422=DIRECTION('',(0.883049876710351,-0.236612501340941,0.405262186061095));
#2423=DIRECTION('center_axis',(0.457227775084553,0.2393498142621,-0.85653629701486));
#2424=DIRECTION('ref_axis',(-0.758849470856276,-0.397242883743785,-0.516086787174475));
#2425=DIRECTION('center_axis',(-0.276295961408011,0.435896907084342,0.85653629701486));
#2426=DIRECTION('ref_axis',(0.884068862910235,-0.234271644809788,0.404399606912174));
#2427=DIRECTION('',(0.867389200558423,-0.270703057467357,0.417559372344154));
#2428=DIRECTION('',(-0.189630823314822,0.848982642110624,-0.493222692344754));
#2429=DIRECTION('',(-0.635876389018725,0.585357263174075,-0.503009038028009));
#2430=DIRECTION('center_axis',(0.276295961408011,-0.435896907084342,-0.85653629701486));
#2431=DIRECTION('ref_axis',(-0.458561477538022,0.723447164222844,-0.516086787174475));
#2432=DIRECTION('center_axis',(-0.217699532670336,0.548121759738184,0.807570089822942));
#2433=DIRECTION('ref_axis',(0.886588750497088,-0.234932010598041,0.398456193186119));
#2434=DIRECTION('',(-0.487908653155962,0.655494319809769,-0.576430692167465));
#2435=DIRECTION('center_axis',(-0.462594205553603,0.365837601965129,0.807570089822942));
#2436=DIRECTION('ref_axis',(0.885274385939002,0.239837285908486,0.398456193186119));
#2437=DIRECTION('',(0.830357772305299,0.497971137579731,0.250061424673478));
#2438=DIRECTION('',(0.886532611385549,0.199258875630361,0.417559372344154));
#2439=DIRECTION('center_axis',(-0.486476049105465,0.428981487094252,0.761128068972063));
#2440=DIRECTION('ref_axis',(0.873691147971205,0.23666602729469,0.425032903998392));
#2441=DIRECTION('',(0.857227631678289,0.402692244441924,0.320935731500182));
#2442=DIRECTION('center_axis',(-0.513821644079629,0.627906507435188,0.584568846241272));
#2443=DIRECTION('ref_axis',(0.83941436571428,0.227292152440253,0.493681881449552));
#2444=DIRECTION('',(0.831915811957013,0.531107170426822,0.16075215499992));
#2445=DIRECTION('',(0.161309087915427,-0.59853130019446,0.784690805886894));
#2446=DIRECTION('',(0.161309087915427,-0.59853130019446,0.784690805886894));
#2447=DIRECTION('center_axis',(-0.549720772654882,0.749313022294103,0.369238495734392));
#2448=DIRECTION('ref_axis',(0.101492118017708,-0.378832361491453,0.91988335775091));
#2449=DIRECTION('',(0.793241835658716,0.329682955791381,0.511934115703818));
#2450=DIRECTION('',(0.101492118017709,-0.378832361491453,0.91988335775091));
#2451=DIRECTION('center_axis',(-0.540615842732494,0.768178721503473,0.342980994248844));
#2452=DIRECTION('ref_axis',(0.093698124326285,-0.350177064961416,0.931985345739269));
#2453=DIRECTION('',(0.840669713438263,0.477900920371184,0.254725623398989));
#2454=DIRECTION('',(0.093698124326285,-0.350177064961416,0.931985345739269));
#2455=DIRECTION('center_axis',(-0.521066627080974,0.841944513148918,0.140067865411337));
#2456=DIRECTION('ref_axis',(0.0370260022917441,-0.141654705321689,0.989223442713787));
#2457=DIRECTION('',(0.841683444583069,0.534107606942304,-0.0793602124565302));
#2458=DIRECTION('',(0.0370260022917442,-0.141654705321689,0.989223442713787));
#2459=DIRECTION('',(0.876827003076065,-0.477359086722151,-0.0574692004506847));
#2460=DIRECTION('',(0.915708617208542,-0.401842836945219,-0.000250531110199157));
#2461=DIRECTION('',(0.922702871232265,-0.384680921182823,0.0252982271645388));
#2462=DIRECTION('',(0.9200964526935,-0.390202710339906,0.0341227575707072));
#2463=DIRECTION('',(0.905999841432108,-0.41940497758218,0.0571292578657022));
#2464=DIRECTION('',(0.860261051817432,-0.472937231089815,0.190476502947384));
#2465=DIRECTION('',(0.0377127200615925,0.137219973473839,-0.989822423278739));
#2466=DIRECTION('center_axis',(0.478639970783417,0.62234524287708,0.619346572636612));
#2467=DIRECTION('ref_axis',(-0.869228848217717,0.236350899496612,0.434257368081699));
#2468=DIRECTION('',(0.861495018471745,-0.469060525966336,-0.194444223695516));
#2469=DIRECTION('',(0.814506478469481,-0.578120009776103,-0.0485432881840898));
#2470=DIRECTION('center_axis',(0.510989775179983,0.67526616168217,0.531888203054495));
#2471=DIRECTION('ref_axis',(-0.829695291335542,0.225701517647692,0.510553178882629));
#2472=DIRECTION('center_axis',(0.526159644365762,0.83937376559113,0.136410081292633));
#2473=DIRECTION('ref_axis',(-0.038521746486458,-0.136719038952578,0.989860585858189));
#2474=DIRECTION('',(0.82330120559758,-0.462643321927164,-0.32884081489038));
#2475=DIRECTION('',(-0.677804540286646,0.51082000945203,-0.528813694140231));
#2476=DIRECTION('',(0.351091535523776,-0.0683179064576546,-0.933845489008112));
#2477=DIRECTION('center_axis',(0.460768745854572,0.883068703686055,-0.0887796565314112));
#2478=DIRECTION('ref_axis',(0.0225504145223324,0.0883501932299233,0.995834184069369));
#2479=DIRECTION('center_axis',(-0.10334175252654,0.778286775647656,-0.619346572636612));
#2480=DIRECTION('ref_axis',(-0.870949714007137,0.229928540937489,0.434257368081699));
#2481=DIRECTION('',(-0.677804540286646,-0.51082000945203,-0.528813694140231));
#2482=DIRECTION('',(0.980606834213443,-0.0245291778365349,-0.194444223695516));
#2483=DIRECTION('center_axis',(0.0424969126630725,0.995144303606403,0.0887796565314112));
#2484=DIRECTION('ref_axis',(-0.0246458647727522,-0.0877887190275437,0.995834184069369));
#2485=DIRECTION('',(0.351091535523776,0.0683179064576546,-0.933845489008112));
#2486=DIRECTION('center_axis',(0.,0.,1.));
#2487=DIRECTION('ref_axis',(-1.,0.,0.));
#2488=DIRECTION('',(0.,0.,1.));
#2489=DIRECTION('center_axis',(-0.457227775084553,0.2393498142621,0.85653629701486));
#2490=DIRECTION('ref_axis',(0.88276191637998,0.239149235663476,0.404399606912174));
#2491=DIRECTION('center_axis',(-0.536465206573126,0.843858798744258,-0.0103638756433974));
#2492=DIRECTION('ref_axis',(-0.00406418080753674,0.00969713318140984,0.999944722493411));
#2493=DIRECTION('',(0.843776237329108,0.536103240901089,-0.0251987383430658));
#2494=DIRECTION('',(-0.00406418080753664,0.00969713318141001,0.999944722493411));
#2495=DIRECTION('center_axis',(-0.528845477255042,0.822517503281971,-0.209254433601011));
#2496=DIRECTION('ref_axis',(-0.0585537796539187,0.210606886920187,0.975815655782396));
#2497=DIRECTION('',(0.848564907294778,0.507742334369585,-0.148779434051647));
#2498=DIRECTION('',(-0.0585537796539185,0.210606886920187,0.975815655782396));
#2499=DIRECTION('center_axis',(0.10334175252654,0.778286775647656,0.619346572636612));
#2500=DIRECTION('ref_axis',(-0.870949714007137,-0.229928540937489,0.434257368081699));
#2501=DIRECTION('',(0.980606834213443,0.0245291778365348,-0.194444223695516));
#2502=DIRECTION('center_axis',(-0.0424969126630725,0.995144303606403,-0.0887796565314112));
#2503=DIRECTION('ref_axis',(-0.0246458647727522,0.0877887190275437,0.995834184069369));
#2504=DIRECTION('center_axis',(-0.510989775179983,0.67526616168217,-0.531888203054495));
#2505=DIRECTION('ref_axis',(-0.829695291335542,-0.225701517647692,0.510553178882629));
#2506=DIRECTION('',(0.814506478469481,0.578120009776103,-0.0485432881840898));
#2507=DIRECTION('',(0.854480241884556,0.483423599860008,0.190171342024241));
#2508=DIRECTION('',(0.901542402775708,0.429070667381789,0.0558539021908832));
#2509=DIRECTION('',(0.915429962647905,0.401055795862762,0.0337969242881983));
#2510=DIRECTION('',(0.917994686323234,0.395781323244802,0.025355473825199));
#2511=DIRECTION('',(0.910780982408134,0.412812223704481,0.00800437654262872));
#2512=DIRECTION('',(0.871044315478087,0.489981997536061,-0.0346329693194526));
#2513=DIRECTION('',(-0.0385217464864579,0.136719038952578,0.989860585858189));
#2514=DIRECTION('center_axis',(-0.478639970783417,0.62234524287708,-0.619346572636612));
#2515=DIRECTION('ref_axis',(-0.869228848217717,-0.236350899496612,0.434257368081699));
#2516=DIRECTION('',(0.861495018471745,0.469060525966336,-0.194444223695516));
#2517=DIRECTION('center_axis',(-0.460768745854572,0.883068703686055,0.0887796565314112));
#2518=DIRECTION('ref_axis',(0.0225504145223324,-0.0883501932299233,0.995834184069369));
#2519=DIRECTION('',(0.82330120559758,0.462643321927164,-0.32884081489038));
#2520=DIRECTION('center_axis',(-0.526159644365762,0.83937376559113,-0.136410081292633));
#2521=DIRECTION('ref_axis',(-0.038521746486458,0.136719038952578,0.989860585858189));
#2522=DIRECTION('center_axis',(0.,0.,1.));
#2523=DIRECTION('ref_axis',(-0.23977988711815,-0.97082727904278,0.));
#2524=DIRECTION('center_axis',(0.,0.,1.));
#2525=DIRECTION('ref_axis',(-1.,0.,0.));
#2526=DIRECTION('center_axis',(0.,0.,1.));
#2527=DIRECTION('ref_axis',(-1.,0.,0.));
#2528=DIRECTION('',(0.,0.,1.));
#2529=DIRECTION('center_axis',(0.,0.,1.));
#2530=DIRECTION('ref_axis',(-1.,0.,0.));
#2531=DIRECTION('center_axis',(0.,0.,-1.));
#2532=DIRECTION('ref_axis',(-1.,0.,0.));
#2533=DIRECTION('',(0.,0.,1.));
#2534=DIRECTION('',(0.,0.,1.));
#2535=DIRECTION('center_axis',(0.,0.,1.));
#2536=DIRECTION('ref_axis',(-1.,0.,0.));
#2537=DIRECTION('center_axis',(0.,0.,1.));
#2538=DIRECTION('ref_axis',(-1.,0.,0.));
#2539=DIRECTION('center_axis',(0.,0.,1.));
#2540=DIRECTION('ref_axis',(-1.,0.,0.));
#2541=DIRECTION('center_axis',(0.,0.,1.));
#2542=DIRECTION('ref_axis',(-1.,0.,0.));
#2543=DIRECTION('',(0.,0.,-1.));
#2544=DIRECTION('center_axis',(0.,0.,1.));
#2545=DIRECTION('ref_axis',(-1.,0.,0.));
#2546=DIRECTION('center_axis',(0.,0.,1.));
#2547=DIRECTION('ref_axis',(-1.,0.,0.));
#2548=DIRECTION('center_axis',(0.,0.,-1.));
#2549=DIRECTION('ref_axis',(-1.,0.,0.));
#2550=DIRECTION('center_axis',(0.,0.,1.));
#2551=DIRECTION('ref_axis',(0.138726513163814,-0.990330729880382,0.));
#2552=DIRECTION('center_axis',(0.,0.,1.));
#2553=DIRECTION('ref_axis',(-1.,0.,0.));
#2554=DIRECTION('center_axis',(0.,0.,1.));
#2555=DIRECTION('ref_axis',(-1.,0.,0.));
#2556=DIRECTION('center_axis',(0.,0.,1.));
#2557=DIRECTION('ref_axis',(-1.,0.,0.));
#2558=DIRECTION('',(0.,0.,-1.));
#2559=DIRECTION('center_axis',(0.,0.,1.));
#2560=DIRECTION('ref_axis',(-1.,0.,0.));
#2561=DIRECTION('center_axis',(0.,0.,1.));
#2562=DIRECTION('ref_axis',(-1.,0.,0.));
#2563=DIRECTION('center_axis',(0.,0.,1.));
#2564=DIRECTION('ref_axis',(-1.,0.,0.));
#2565=DIRECTION('center_axis',(0.,0.,1.));
#2566=DIRECTION('ref_axis',(-1.,0.,0.));
#2567=DIRECTION('center_axis',(0.,0.,1.));
#2568=DIRECTION('ref_axis',(-1.,0.,0.));
#2569=DIRECTION('center_axis',(0.,0.,1.));
#2570=DIRECTION('ref_axis',(-1.,0.,0.));
#2571=DIRECTION('center_axis',(0.,0.,1.));
#2572=DIRECTION('ref_axis',(-1.,0.,0.));
#2573=DIRECTION('',(0.,0.,-1.));
#2574=DIRECTION('center_axis',(0.,0.,1.));
#2575=DIRECTION('ref_axis',(-1.,0.,0.));
#2576=DIRECTION('center_axis',(0.,0.,1.));
#2577=DIRECTION('ref_axis',(-1.,0.,0.));
#2578=DIRECTION('center_axis',(0.,0.,1.));
#2579=DIRECTION('ref_axis',(-1.,0.,0.));
#2580=DIRECTION('center_axis',(0.,0.,1.));
#2581=DIRECTION('ref_axis',(-1.,0.,0.));
#2582=DIRECTION('center_axis',(0.,0.,1.));
#2583=DIRECTION('ref_axis',(-1.,0.,0.));
#2584=DIRECTION('',(0.,0.,-1.));
#2585=DIRECTION('center_axis',(0.,0.,1.));
#2586=DIRECTION('ref_axis',(-1.,0.,0.));
#2587=DIRECTION('center_axis',(0.,0.,1.));
#2588=DIRECTION('ref_axis',(-1.,0.,0.));
#2589=DIRECTION('center_axis',(0.,0.,-1.));
#2590=DIRECTION('ref_axis',(-1.,0.,0.));
#2591=DIRECTION('center_axis',(0.,0.,1.));
#2592=DIRECTION('ref_axis',(-0.0594945281297262,-0.998228631688463,0.));
#2593=DIRECTION('center_axis',(0.,0.,1.));
#2594=DIRECTION('ref_axis',(-1.,0.,0.));
#2595=DIRECTION('center_axis',(0.,0.,1.));
#2596=DIRECTION('ref_axis',(-1.,0.,0.));
#2597=DIRECTION('center_axis',(0.,0.,1.));
#2598=DIRECTION('ref_axis',(-1.,0.,0.));
#2599=DIRECTION('',(0.,0.,-1.));
#2600=DIRECTION('center_axis',(0.,0.,1.));
#2601=DIRECTION('ref_axis',(-1.,0.,0.));
#2602=DIRECTION('center_axis',(0.,0.,1.));
#2603=DIRECTION('ref_axis',(-1.,0.,0.));
#2604=DIRECTION('center_axis',(0.,0.,1.));
#2605=DIRECTION('ref_axis',(-1.,0.,0.));
#2606=DIRECTION('center_axis',(0.,0.,1.));
#2607=DIRECTION('ref_axis',(-1.,0.,0.));
#2608=DIRECTION('',(0.,0.,1.));
#2609=DIRECTION('',(0.,0.,1.));
#2610=DIRECTION('center_axis',(0.,0.,1.));
#2611=DIRECTION('ref_axis',(-1.,0.,0.));
#2612=DIRECTION('',(0.,0.,1.));
#2613=DIRECTION('center_axis',(0.,0.,1.));
#2614=DIRECTION('ref_axis',(-1.,0.,0.));
#2615=DIRECTION('center_axis',(0.,0.,1.));
#2616=DIRECTION('ref_axis',(-1.,0.,0.));
#2617=DIRECTION('center_axis',(0.,0.,1.));
#2618=DIRECTION('ref_axis',(-1.,0.,0.));
#2619=DIRECTION('center_axis',(0.,0.,1.));
#2620=DIRECTION('ref_axis',(-1.,0.,0.));
#2621=DIRECTION('center_axis',(0.,0.,1.));
#2622=DIRECTION('ref_axis',(-1.,0.,0.));
#2623=DIRECTION('',(0.,0.,-1.));
#2624=DIRECTION('center_axis',(0.,0.,1.));
#2625=DIRECTION('ref_axis',(-1.,0.,0.));
#2626=DIRECTION('center_axis',(0.,0.,1.));
#2627=DIRECTION('ref_axis',(-1.,0.,0.));
#2628=DIRECTION('center_axis',(0.,0.,1.));
#2629=DIRECTION('ref_axis',(-1.,0.,0.));
#2630=DIRECTION('',(0.,0.,1.));
#2631=DIRECTION('center_axis',(0.,0.,1.));
#2632=DIRECTION('ref_axis',(-1.,0.,0.));
#2633=DIRECTION('',(0.,0.,1.));
#2634=DIRECTION('center_axis',(0.,0.,1.));
#2635=DIRECTION('ref_axis',(-1.,0.,0.));
#2636=DIRECTION('',(0.,0.,-1.));
#2637=DIRECTION('center_axis',(0.,0.,1.));
#2638=DIRECTION('ref_axis',(0.138131537506912,0.99041389244395,0.));
#2639=DIRECTION('center_axis',(0.,0.,1.));
#2640=DIRECTION('ref_axis',(-1.,0.,0.));
#2641=DIRECTION('center_axis',(0.,0.,1.));
#2642=DIRECTION('ref_axis',(-1.,0.,0.));
#2643=DIRECTION('',(0.,0.,-1.));
#2644=DIRECTION('',(0.,0.,-1.));
#2645=DIRECTION('center_axis',(0.,0.,1.));
#2646=DIRECTION('ref_axis',(-0.239732641273722,0.97083894684336,0.));
#2647=DIRECTION('center_axis',(0.,0.,1.));
#2648=DIRECTION('ref_axis',(-1.,0.,0.));
#2649=DIRECTION('center_axis',(0.,0.,1.));
#2650=DIRECTION('ref_axis',(-1.,0.,0.));
#2651=DIRECTION('',(0.,0.,-1.));
#2652=DIRECTION('center_axis',(0.,0.,1.));
#2653=DIRECTION('ref_axis',(-0.0593857648779663,0.99823510804312,0.));
#2654=DIRECTION('center_axis',(0.,0.,1.));
#2655=DIRECTION('ref_axis',(-1.,0.,0.));
#2656=DIRECTION('center_axis',(0.,0.,1.));
#2657=DIRECTION('ref_axis',(-1.,0.,0.));
#2658=DIRECTION('',(0.,0.,1.));
#2659=DIRECTION('',(1.,0.,0.));
#2660=CARTESIAN_POINT('',(0.,0.,0.));
#2661=CARTESIAN_POINT('',(0.,0.,0.));
#2662=CARTESIAN_POINT('Origin',(-33.4750915231011,-0.154847706741852,30.3295527009344));
#2663=CARTESIAN_POINT('',(-26.8446808728624,-1.01208578456179,33.6293873261464));
#2664=CARTESIAN_POINT('',(-26.8574089431651,-0.996298001120111,33.6270046833117));
#2665=CARTESIAN_POINT('Origin',(-25.6054543541468,-2.22044604925031E-15,
34.5737154713864));
#2666=CARTESIAN_POINT('',(-26.8937193782941,-1.6340903164747,33.4293976323622));
#2667=CARTESIAN_POINT('Ctrl Pts',(-26.8937193782941,-1.6340903164747,33.4293976323622));
#2668=CARTESIAN_POINT('Ctrl Pts',(-26.8827856443588,-1.42562072517416,33.4934887455923));
#2669=CARTESIAN_POINT('Ctrl Pts',(-26.8664660957579,-1.21818995238776,33.5601645747835));
#2670=CARTESIAN_POINT('Ctrl Pts',(-26.8446808704976,-1.01208578666932,33.6293873316772));
#2671=CARTESIAN_POINT('',(-27.4214058193349,-1.51548643707217,33.1808558231995));
#2672=CARTESIAN_POINT('',(-33.4750915231011,-0.154847706741852,30.3295527009344));
#2673=CARTESIAN_POINT('',(-30.7599954088408,-4.58883166379217,30.5398696711908));
#2674=CARTESIAN_POINT('Origin',(-28.175,0.0306694453749061,23.1527413035213));
#2675=CARTESIAN_POINT('',(-28.175,7.45838752141632,17.9110946839186));
#2676=CARTESIAN_POINT('',(-28.175,7.51779178409594,17.2238751557901));
#2677=CARTESIAN_POINT('Ctrl Pts',(-28.175,7.45838752141629,17.9110946839186));
#2678=CARTESIAN_POINT('Ctrl Pts',(-28.175,7.47898837962976,17.682979431625));
#2679=CARTESIAN_POINT('Ctrl Pts',(-28.175,7.49871942561373,17.453830573749));
#2680=CARTESIAN_POINT('Ctrl Pts',(-28.175,7.51779178409596,17.2238751557901));
#2681=CARTESIAN_POINT('',(-28.175,8.22406851288971,18.883175773922));
#2682=CARTESIAN_POINT('',(-28.175,6.3870243891572,16.5509305254849));
#2683=CARTESIAN_POINT('',(-28.175,8.54461565056273,19.2052748942892));
#2684=CARTESIAN_POINT('',(-28.175,5.4380074268599,16.0836255061708));
#2685=CARTESIAN_POINT('',(-28.175,8.51075077333798,19.5421202302576));
#2686=CARTESIAN_POINT('',(-28.175,8.0730735825379,23.8955841274276));
#2687=CARTESIAN_POINT('',(-28.175,8.56493431315158,19.8755284462446));
#2688=CARTESIAN_POINT('',(-28.175,8.64019230821171,20.338614356801));
#2689=CARTESIAN_POINT('',(-28.175,8.75321984135712,20.1121328663262));
#2690=CARTESIAN_POINT('',(-28.175,7.34097132352272,18.3374651860331));
#2691=CARTESIAN_POINT('',(-28.175,8.70011819797134,20.7073570425856));
#2692=CARTESIAN_POINT('',(-28.175,8.45937612620673,23.4058705389765));
#2693=CARTESIAN_POINT('',(-28.175,8.89878030677343,21.9297869448721));
#2694=CARTESIAN_POINT('',(-28.175,8.64019230821171,20.338614356801));
#2695=CARTESIAN_POINT('',(-28.175,9.29310118515265,23.4797460964896));
#2696=CARTESIAN_POINT('',(-28.175,8.71801986713377,21.2192709335936));
#2697=CARTESIAN_POINT('',(-28.175,9.30588275105374,24.5204607112452));
#2698=CARTESIAN_POINT('',(-28.175,9.29183822576374,23.3769120381257));
#2699=CARTESIAN_POINT('',(-28.175,9.28422945704132,24.6506181319484));
#2700=CARTESIAN_POINT('',(-28.175,9.5530131813309,23.0349657392704));
#2701=CARTESIAN_POINT('',(-28.175,9.23415002858722,24.7627816394563));
#2702=CARTESIAN_POINT('',(-28.175,8.79699930723747,25.7418734488034));
#2703=CARTESIAN_POINT('',(-28.175,7.14859286270393,28.9951007534942));
#2704=CARTESIAN_POINT('',(-28.175,8.68286350768348,25.881533269908));
#2705=CARTESIAN_POINT('',(-28.175,5.51260476255381,30.7523746499325));
#2706=CARTESIAN_POINT('',(-28.175,7.88931461193123,28.1994647740382));
#2707=CARTESIAN_POINT('',(-28.175,3.43281452863345,31.9245709513989));
#2708=CARTESIAN_POINT('',(-28.175,4.10531782509689,31.5455395164101));
#2709=CARTESIAN_POINT('',(-28.175,3.36593330062797,31.9548688393201));
#2710=CARTESIAN_POINT('',(-28.175,6.74610266653458,30.423617161425));
#2711=CARTESIAN_POINT('',(-28.175,2.81180889448528,32.3309695003481));
#2712=CARTESIAN_POINT('',(-28.175,3.552135041692,31.8284881978568));
#2713=CARTESIAN_POINT('',(-28.175,1.94467215518239,32.772261041639));
#2714=CARTESIAN_POINT('',(-28.175,4.48210965143411,31.480942552988));
#2715=CARTESIAN_POINT('Origin',(-28.175,0.0306694453749058,23.1527413035213));
#2716=CARTESIAN_POINT('Origin',(-28.175,0.0306694453749061,23.1527413035213));
#2717=CARTESIAN_POINT('',(-28.175,-7.51600521350778,17.3071544482371));
#2718=CARTESIAN_POINT('',(-28.1749999999971,-7.45275567394517,18.0294960156247));
#2719=CARTESIAN_POINT('Ctrl Pts',(-28.175000013765,-7.5160050096866,17.3071551899393));
#2720=CARTESIAN_POINT('Ctrl Pts',(-28.1749972544668,-7.49576766342765,17.5489631136228));
#2721=CARTESIAN_POINT('Ctrl Pts',(-28.1749995609423,-7.474760612145,17.7898335859915));
#2722=CARTESIAN_POINT('Ctrl Pts',(-28.1750000429391,-7.4527550379712,18.0294972827349));
#2723=CARTESIAN_POINT('',(-28.175,-1.80987777995781,32.7879485924522));
#2724=CARTESIAN_POINT('Origin',(-28.175,0.0306694453749058,23.1527413035213));
#2725=CARTESIAN_POINT('',(-28.175,-2.71129288399505,32.3292125678163));
#2726=CARTESIAN_POINT('',(-28.175,-4.39599009920928,31.4718591689647));
#2727=CARTESIAN_POINT('',(-28.175,-3.25065760567782,31.9631297421704));
#2728=CARTESIAN_POINT('',(-28.175,-3.46382337679244,31.8184478141845));
#2729=CARTESIAN_POINT('',(-28.175,-3.33334821948828,31.9256700389909));
#2730=CARTESIAN_POINT('',(-28.175,-6.66195909789786,30.4177748891106));
#2731=CARTESIAN_POINT('',(-28.175,-5.41266419797136,30.7537410339376));
#2732=CARTESIAN_POINT('',(-28.175,-4.01995896356995,31.5386874665982));
#2733=CARTESIAN_POINT('',(-28.175,-7.04926782351842,28.995805979443));
#2734=CARTESIAN_POINT('',(-28.175,-7.79861890777613,28.1909009196121));
#2735=CARTESIAN_POINT('',(-28.175,-9.13401184849556,24.7651370104386));
#2736=CARTESIAN_POINT('',(-28.175,-8.58730132333483,25.8746023577974));
#2737=CARTESIAN_POINT('',(-28.175,-9.18464916836817,24.6517239867074));
#2738=CARTESIAN_POINT('',(-28.175,-8.70083641618889,25.7353253163674));
#2739=CARTESIAN_POINT('',(-28.175,-9.20654368292334,24.5201165952215));
#2740=CARTESIAN_POINT('',(-28.175,-9.4540989141747,23.0320681549808));
#2741=CARTESIAN_POINT('',(-28.175,-9.1937650046807,23.4796371025463));
#2742=CARTESIAN_POINT('',(-28.175,-9.19250607409197,23.3771310815493));
#2743=CARTESIAN_POINT('',(-28.175,-8.79930906122088,21.9291470499057));
#2744=CARTESIAN_POINT('',(-28.175,-8.61979415181611,21.2235268508756));
#2745=CARTESIAN_POINT('',(-28.175,-8.59937458509187,20.6988878747069));
#2746=CARTESIAN_POINT('',(-28.175,-8.54128487968441,20.3414438038003));
#2747=CARTESIAN_POINT('',(-28.175,-8.65165610768913,20.1128565536899));
#2748=CARTESIAN_POINT('',(-28.175,-8.35803489397267,23.4041001748517));
#2749=CARTESIAN_POINT('',(-28.175,-8.46627852857917,19.8799063369661));
#2750=CARTESIAN_POINT('',(-28.175,-7.24683549553112,18.3475229700304));
#2751=CARTESIAN_POINT('',(-28.175,-8.41114661765288,19.5406624978016));
#2752=CARTESIAN_POINT('',(-28.175,-8.54128487968441,20.3414438038003));
#2753=CARTESIAN_POINT('',(-28.175,-8.44494775676693,19.2044511486384));
#2754=CARTESIAN_POINT('',(-28.175,-7.97350552434231,23.8937673424081));
#2755=CARTESIAN_POINT('',(-28.175,-8.12500393056661,18.8829582607775));
#2756=CARTESIAN_POINT('',(-28.175,-5.34779298622703,16.0923009841609));
#2757=CARTESIAN_POINT('',(-28.175,-6.2947918071154,16.55938667455));
#2758=CARTESIAN_POINT('Ctrl Pts',(-31.6831477919761,6.75935974013394,16.3));
#2759=CARTESIAN_POINT('Ctrl Pts',(-31.6831477919761,13.2482301770316,23.2782368221007));
#2760=CARTESIAN_POINT('Ctrl Pts',(-31.6831477919761,6.63944981120323,30.1321166230361));
#2761=CARTESIAN_POINT('Ctrl Pts',(-31.6831477919761,0.0306694453749061,
36.9859964239715));
#2762=CARTESIAN_POINT('Ctrl Pts',(-31.6831477919761,-6.57811092045343,30.1321166230361));
#2763=CARTESIAN_POINT('Ctrl Pts',(-31.6831477919761,-13.1868912862818,23.2782368221006));
#2764=CARTESIAN_POINT('Ctrl Pts',(-31.6831477919761,-6.69802084938412,16.3));
#2765=CARTESIAN_POINT('Ctrl Pts',(-28.175,6.75935974013394,16.3));
#2766=CARTESIAN_POINT('Ctrl Pts',(-28.175,13.2482301770316,23.2782368221007));
#2767=CARTESIAN_POINT('Ctrl Pts',(-28.175,6.63944981120323,30.1321166230361));
#2768=CARTESIAN_POINT('Ctrl Pts',(-28.175,0.0306694453749074,36.9859964239715));
#2769=CARTESIAN_POINT('Ctrl Pts',(-28.175,-6.57811092045343,30.1321166230361));
#2770=CARTESIAN_POINT('Ctrl Pts',(-28.175,-13.1868912862818,23.2782368221006));
#2771=CARTESIAN_POINT('Ctrl Pts',(-28.175,-6.69802084938412,16.3));
#2772=CARTESIAN_POINT('',(-28.5270120309318,-6.6980208493841,16.3));
#2773=CARTESIAN_POINT('Ctrl Pts',(-28.5270120309318,-6.69802084938412,16.3));
#2774=CARTESIAN_POINT('Ctrl Pts',(-28.4093210508374,-6.9926858866059,16.6168875743356));
#2775=CARTESIAN_POINT('Ctrl Pts',(-28.2909497265367,-7.26585238517314,16.953447715278));
#2776=CARTESIAN_POINT('Ctrl Pts',(-28.175,-7.51600521350778,17.3071544482371));
#2777=CARTESIAN_POINT('',(-31.6831477919761,-6.69802084938413,16.3));
#2778=CARTESIAN_POINT('',(-32.675,-6.69802084938413,16.3));
#2779=CARTESIAN_POINT('',(-30.3003742745535,-0.000229519910189628,32.9785457844529));
#2780=CARTESIAN_POINT('Ctrl Pts',(-30.3003742745535,-0.000229519910189546,
32.9785457844529));
#2781=CARTESIAN_POINT('Ctrl Pts',(-30.3212385794457,-0.577693091736946,
32.9765568942407));
#2782=CARTESIAN_POINT('Ctrl Pts',(-30.3304239752149,-1.15317027459259,32.9188493715373));
#2783=CARTESIAN_POINT('Ctrl Pts',(-30.3302891645913,-2.4007652592366,32.6710747814173));
#2784=CARTESIAN_POINT('Ctrl Pts',(-30.3171076777895,-3.06318366124916,32.4577719765308));
#2785=CARTESIAN_POINT('Ctrl Pts',(-30.2628370096512,-4.82089781461649,31.6624162743946));
#2786=CARTESIAN_POINT('Ctrl Pts',(-30.2094135023502,-5.83087312036638,30.9318147236652));
#2787=CARTESIAN_POINT('Ctrl Pts',(-30.1272610693786,-7.56174823131273,29.0829648029033));
#2788=CARTESIAN_POINT('Ctrl Pts',(-30.0999291017657,-8.24882188648395,27.9665070808006));
#2789=CARTESIAN_POINT('Ctrl Pts',(-30.1431580002762,-9.15419579896627,25.5595939124307));
#2790=CARTESIAN_POINT('Ctrl Pts',(-30.2136203057925,-9.37289640451257,24.296057588738));
#2791=CARTESIAN_POINT('Ctrl Pts',(-30.4860802607371,-9.3420524970469,21.7580472907224));
#2792=CARTESIAN_POINT('Ctrl Pts',(-30.6857092703775,-9.09209892863818,20.5093046560574));
#2793=CARTESIAN_POINT('Ctrl Pts',(-31.158294203638,-8.17239145732436,18.218799284378));
#2794=CARTESIAN_POINT('Ctrl Pts',(-31.4249840003362,-7.52078180743805,17.184810518119));
#2795=CARTESIAN_POINT('Ctrl Pts',(-31.6831477919761,-6.69802084938412,16.3));
#2796=CARTESIAN_POINT('',(-31.6636864361267,6.75935974013394,16.3));
#2797=CARTESIAN_POINT('Ctrl Pts',(-31.6636864361267,6.75935974013394,16.3));
#2798=CARTESIAN_POINT('Ctrl Pts',(-31.4463205490246,7.44559074658103,17.0379839872324));
#2799=CARTESIAN_POINT('Ctrl Pts',(-31.2229205508764,8.01319046001744,17.8803237878447));
#2800=CARTESIAN_POINT('Ctrl Pts',(-30.7957777732905,8.91877785777484,19.7953675326602));
#2801=CARTESIAN_POINT('Ctrl Pts',(-30.5982936959438,9.2262891289915,20.8744744130381));
#2802=CARTESIAN_POINT('Ctrl Pts',(-30.269877195166,9.50346993103079,23.3029453701958));
#2803=CARTESIAN_POINT('Ctrl Pts',(-30.1624449077519,9.39908530895757,24.6403863500315));
#2804=CARTESIAN_POINT('Ctrl Pts',(-30.0747620853765,8.70208915677843,27.1210336486818));
#2805=CARTESIAN_POINT('Ctrl Pts',(-30.0848357217377,8.14932111462877,28.2471580140996));
#2806=CARTESIAN_POINT('Ctrl Pts',(-30.1509307783356,6.64065719236304,30.2483336635763));
#2807=CARTESIAN_POINT('Ctrl Pts',(-30.2071784145152,5.69138779968354,31.1000433558174));
#2808=CARTESIAN_POINT('Ctrl Pts',(-30.287941274081,3.81071175340163,32.1967063213447));
#2809=CARTESIAN_POINT('Ctrl Pts',(-30.3164436000692,2.95765126448001,32.5376486284896));
#2810=CARTESIAN_POINT('Ctrl Pts',(-30.330313060995,1.3887423660804,32.9023967571332));
#2811=CARTESIAN_POINT('Ctrl Pts',(-30.3238771754932,0.695724994024066,32.9809427791526));
#2812=CARTESIAN_POINT('Ctrl Pts',(-30.3003742745535,-0.000229519910189546,
32.9785457844529));
#2813=CARTESIAN_POINT('',(-28.5026937829481,6.75935974013394,16.3));
#2814=CARTESIAN_POINT('',(-32.675,6.75935974013394,16.3));
#2815=CARTESIAN_POINT('Ctrl Pts',(-28.1750000111784,7.5177916185237,17.2238758335547));
#2816=CARTESIAN_POINT('Ctrl Pts',(-28.2355304593517,7.38693382648851,17.0428861061668));
#2817=CARTESIAN_POINT('Ctrl Pts',(-28.2966518643704,7.2499970356498,16.8665071870451));
#2818=CARTESIAN_POINT('Ctrl Pts',(-28.357948067189,7.10717659496402,16.6950952380266));
#2819=CARTESIAN_POINT('Ctrl Pts',(-28.4061609772182,6.99484028797481,16.5602701021139));
#2820=CARTESIAN_POINT('Ctrl Pts',(-28.4544813540939,6.87886451615135,16.4285174395938));
#2821=CARTESIAN_POINT('Ctrl Pts',(-28.5026937829481,6.75935974013393,16.3));
#2822=CARTESIAN_POINT('',(-29.2055198028398,0.986286798255466,32.9275711594559));
#2823=CARTESIAN_POINT('Origin',(-61.015782871616,0.0306694453748934,23.1527413035213));
#2824=CARTESIAN_POINT('',(-28.8610178842869,0.471938837004627,32.9677408018408));
#2825=CARTESIAN_POINT('Origin',(-47.0167075228528,0.0306694453748987,23.1527413035213));
#2826=CARTESIAN_POINT('',(-29.2326850384137,0.0416032134904704,32.9785923324612));
#2827=CARTESIAN_POINT('Origin',(-51.4081489034275,0.030669445374897,23.1527413035213));
#2828=CARTESIAN_POINT('',(-28.8623142968373,-0.384238410812167,32.9690000074487));
#2829=CARTESIAN_POINT('Origin',(-51.3880186998507,0.030669445374897,23.1527413035213));
#2830=CARTESIAN_POINT('',(-29.1920792224137,-0.882008298572525,32.9320645580676));
#2831=CARTESIAN_POINT('Origin',(-47.0341625861306,0.0306694453748986,23.1527413035213));
#2832=CARTESIAN_POINT('Origin',(-60.9485286789977,0.0306694453748934,23.1527413035213));
#2833=CARTESIAN_POINT('Origin',(-7.41050273772596,-21.2238321841119,18.2884943143396));
#2834=CARTESIAN_POINT('',(-27.1610210622094,-9.83800855019188,23.4493553894472));
#2835=CARTESIAN_POINT('',(-38.8337501235971,-2.42160168410297,23.7979526032041));
#2836=CARTESIAN_POINT('',(-27.060250267705,-9.46632419046741,21.7336972583172));
#2837=CARTESIAN_POINT('',(-27.2199990580474,-10.0555437867524,24.4534764605864));
#2838=CARTESIAN_POINT('',(-38.8337501235971,-2.42160168410297,23.7979526032041));
#2839=CARTESIAN_POINT('Origin',(-38.8337501235971,-2.42160168410297,23.7979526032041));
#2840=CARTESIAN_POINT('',(-27.1649283114682,-9.84750552656439,24.4248794792794));
#2841=CARTESIAN_POINT('',(-28.506262205593,-8.99633441120914,24.5513504744001));
#2842=CARTESIAN_POINT('',(-27.1777928984941,-9.87877424553644,27.6367847656532));
#2843=CARTESIAN_POINT('Origin',(-12.0243141999886,-19.4552948002681,22.9973091019098));
#2844=CARTESIAN_POINT('',(-27.1452129362743,-9.7700588455271,24.9637527746866));
#2845=CARTESIAN_POINT('',(-28.506262205593,-8.99633441120914,24.5513504744001));
#2846=CARTESIAN_POINT('',(-27.050847038154,-9.39936716248024,27.54302210099));
#2847=CARTESIAN_POINT('Origin',(-28.506262205593,-8.99633441120914,24.5513504744001));
#2848=CARTESIAN_POINT('',(-27.0962714425669,-9.58234727827754,25.4613155594121));
#2849=CARTESIAN_POINT('',(-28.506262205593,-8.99633441120914,24.5513504744001));
#2850=CARTESIAN_POINT('',(-26.7113002752345,-8.10581814743512,29.3751177658236));
#2851=CARTESIAN_POINT('Origin',(-28.506262205593,-8.99633441120914,24.5513504744001));
#2852=CARTESIAN_POINT('',(-26.6835566318804,-8.00142699119938,29.2839994865741));
#2853=CARTESIAN_POINT('',(-37.8789464442043,-0.854127084660732,27.1207000126024));
#2854=CARTESIAN_POINT('',(-26.6680544544824,-7.94204529200245,29.427585136618));
#2855=CARTESIAN_POINT('Origin',(-18.8179750529951,-13.0229288259778,30.8038758622363));
#2856=CARTESIAN_POINT('',(-26.7841542302795,-6.06602951656796,31.274456988503));
#2857=CARTESIAN_POINT('',(-37.8789464442043,-0.854127084660732,27.1207000126024));
#2858=CARTESIAN_POINT('',(-26.6304750482669,-7.79932815329677,29.5477385534403));
#2859=CARTESIAN_POINT('Ctrl Pts',(-26.6304750482669,-7.79932815329678,29.5477385534404));
#2860=CARTESIAN_POINT('Ctrl Pts',(-26.7451804607238,-7.22724039519758,30.0614154359014));
#2861=CARTESIAN_POINT('Ctrl Pts',(-26.8010814422794,-6.64490247085269,30.6377900411174));
#2862=CARTESIAN_POINT('Ctrl Pts',(-26.7841542302796,-6.0660295165679,31.2744569885029));
#2863=CARTESIAN_POINT('',(-26.2010537462207,-6.16438171412776,31.6813443312749));
#2864=CARTESIAN_POINT('Origin',(-37.8789464442043,-0.854127084660732,27.1207000126024));
#2865=CARTESIAN_POINT('',(-26.9867641122967,-4.04594126846995,32.2835061053679));
#2866=CARTESIAN_POINT('',(-33.4750915231011,-0.154847706741852,30.3295527009344));
#2867=CARTESIAN_POINT('Ctrl Pts',(-26.7841542302795,-6.06602951656796,31.274456988503));
#2868=CARTESIAN_POINT('Ctrl Pts',(-26.9024281875004,-5.43387475077425,31.5551525150411));
#2869=CARTESIAN_POINT('Ctrl Pts',(-26.9717701992766,-4.78956345865119,31.8739745348995));
#2870=CARTESIAN_POINT('Ctrl Pts',(-26.9858489733666,-4.10997086117265,32.2480031225898));
#2871=CARTESIAN_POINT('Ctrl Pts',(-26.9863753136451,-4.07795760114963,32.2657097931248));
#2872=CARTESIAN_POINT('Ctrl Pts',(-26.9867641122968,-4.04594126846989,32.2835061053677));
#2873=CARTESIAN_POINT('Origin',(-12.173561335524,-12.9295185456109,36.7444875207076));
#2874=CARTESIAN_POINT('',(-27.652049669795,-2.54808557959362,32.5809597783038));
#2875=CARTESIAN_POINT('',(-24.1987899058909,2.09129137227076,36.6607499256311));
#2876=CARTESIAN_POINT('',(-28.3215778104469,-5.54558229390328,30.839542078584));
#2877=CARTESIAN_POINT('Ctrl Pts',(-26.9867641122968,-4.04594126846991,32.2835061053678));
#2878=CARTESIAN_POINT('Ctrl Pts',(-27.0383884691933,-3.22354672223216,32.6264877533877));
#2879=CARTESIAN_POINT('Ctrl Pts',(-27.0073703803652,-2.41441229218786,33.0108018725276));
#2880=CARTESIAN_POINT('Ctrl Pts',(-26.8937193782941,-1.63409031647465,33.4293976323621));
#2881=CARTESIAN_POINT('Origin',(-7.4938587750251,-4.42009347953094,36.7444875207076));
#2882=CARTESIAN_POINT('',(-32.3288604763825,-4.00766910187468,30.3295527009344));
#2883=CARTESIAN_POINT('Origin',(-32.3288604763825,-4.00766910187468,30.3295527009344));
#2884=CARTESIAN_POINT('',(-27.1689321363383,-0.339907670689264,33.8605568578235));
#2885=CARTESIAN_POINT('Origin',(-25.6054543541468,-2.22044604925031E-15,
34.5378746800107));
#2886=CARTESIAN_POINT('',(-44.9119561900517,-5.09413663716775,25.717668324585));
#2887=CARTESIAN_POINT('Origin',(-33.4714418761166,0.256502733715983,30.3295527009344));
#2888=CARTESIAN_POINT('',(-27.1969252744693,-0.16498578656279,33.7967338056869));
#2889=CARTESIAN_POINT('',(-33.4880588898443,-0.99322923968293,30.6699064682075));
#2890=CARTESIAN_POINT('Origin',(-25.6054543541468,-2.22044604925031E-15,
34.6001736517734));
#2891=CARTESIAN_POINT('Origin',(-33.1765221164003,-2.16569455179081,30.3295527009344));
#2892=CARTESIAN_POINT('',(-27.2049133791384,0.0416032134904703,33.8774970829502));
#2893=CARTESIAN_POINT('',(-45.61205773092,0.0416032134904704,25.717668324585));
#2894=CARTESIAN_POINT('Origin',(-25.6054543541468,-2.22044604925031E-15,
34.56955485335));
#2895=CARTESIAN_POINT('Origin',(-33.1765221164003,2.24890097877175,30.3295527009344));
#2896=CARTESIAN_POINT('',(-27.1855860305923,0.251364048928244,33.8004661010481));
#2897=CARTESIAN_POINT('',(-33.4892286528239,1.0812543440434,30.6674215208593));
#2898=CARTESIAN_POINT('Origin',(-25.6054543541468,-2.22044604925031E-15,
34.603509546643));
#2899=CARTESIAN_POINT('Origin',(-33.4750915231011,-0.154847706741852,30.3295527009344));
#2900=CARTESIAN_POINT('',(-27.1453905949182,0.434276840689104,33.873035836356));
#2901=CARTESIAN_POINT('',(-44.9156058370363,5.19579166414188,25.717668324585));
#2902=CARTESIAN_POINT('Origin',(-25.6054543541468,-2.22044604925031E-15,
34.5737154713864));
#2903=CARTESIAN_POINT('Origin',(-32.3325101233671,4.10932412884882,30.3295527009344));
#2904=CARTESIAN_POINT('',(-27.63773916421,2.64413543162432,32.5896057587119));
#2905=CARTESIAN_POINT('',(-32.3325101233671,4.10932412884882,30.3295527009344));
#2906=CARTESIAN_POINT('',(-27.4087970762597,1.6191551287336,33.1850755828477));
#2907=CARTESIAN_POINT('',(-28.3094929644634,5.65159648789027,30.8423992014544));
#2908=CARTESIAN_POINT('',(-26.8388682002004,1.09450592665779,33.6359169626976));
#2909=CARTESIAN_POINT('',(-30.753085050411,4.69774601466995,30.5395817324432));
#2910=CARTESIAN_POINT('',(-26.826634221973,1.03378901639353,33.6707625582299));
#2911=CARTESIAN_POINT('Ctrl Pts',(-26.8266342361988,1.03378880568286,33.6707625416106));
#2912=CARTESIAN_POINT('Ctrl Pts',(-26.8286990526756,1.04390064577695,33.6649505823008));
#2913=CARTESIAN_POINT('Ctrl Pts',(-26.830750967625,1.05401628829388,33.6591407711566));
#2914=CARTESIAN_POINT('Ctrl Pts',(-26.8327899681238,1.06413576062064,33.6533331552604));
#2915=CARTESIAN_POINT('Ctrl Pts',(-26.8348289686225,1.0742552329474,33.6475255393642));
#2916=CARTESIAN_POINT('Ctrl Pts',(-26.8368550546705,1.0843785350842,33.641720118716));
#2917=CARTESIAN_POINT('Ctrl Pts',(-26.8388682129931,1.09450569441843,33.6359169404996));
#2918=CARTESIAN_POINT('Origin',(-25.6054543541468,-2.22044604925031E-15,
34.5907848657529));
#2919=CARTESIAN_POINT('Origin',(-7.49750842200964,4.52174850650507,36.7444875207076));
#2920=CARTESIAN_POINT('',(-24.1921103835213,-1.98498946563947,36.6603804214636));
#2921=CARTESIAN_POINT('Origin',(-12.1699116885394,13.031173572585,36.7444875207076));
#2922=CARTESIAN_POINT('',(-26.9573778498478,4.16303071673539,32.2912566617473));
#2923=CARTESIAN_POINT('',(-33.4714418761166,0.256502733715983,30.3295527009344));
#2924=CARTESIAN_POINT('',(-26.8846068752767,1.73697318609878,33.4319706530351));
#2925=CARTESIAN_POINT('Ctrl Pts',(-26.8846068752767,1.73697318609873,33.431970653035));
#2926=CARTESIAN_POINT('Ctrl Pts',(-26.9923269328075,2.5223117196421,33.0144997182808));
#2927=CARTESIAN_POINT('Ctrl Pts',(-27.0165778957916,3.33622640456922,32.6318964552485));
#2928=CARTESIAN_POINT('Ctrl Pts',(-26.9573778498478,4.16303071673535,32.2912566617472));
#2929=CARTESIAN_POINT('',(-33.4714418761166,0.256502733715983,30.3295527009344));
#2930=CARTESIAN_POINT('Origin',(-37.8752967972198,0.955782111634865,27.1207000126024));
#2931=CARTESIAN_POINT('',(-26.7355926129135,6.18878244273114,31.2912714908998));
#2932=CARTESIAN_POINT('',(-37.8752967972198,0.955782111634865,27.1207000126024));
#2933=CARTESIAN_POINT('Ctrl Pts',(-26.9573778498478,4.16303071673533,32.2912566617471));
#2934=CARTESIAN_POINT('Ctrl Pts',(-26.9462437336922,4.68912406168025,32.001860128356));
#2935=CARTESIAN_POINT('Ctrl Pts',(-26.897843651848,5.22461246057446,31.7309870158116));
#2936=CARTESIAN_POINT('Ctrl Pts',(-26.7886838511115,5.90563893286179,31.4169214465681));
#2937=CARTESIAN_POINT('Ctrl Pts',(-26.7634480583045,6.04711616997374,31.3533125629135));
#2938=CARTESIAN_POINT('Ctrl Pts',(-26.7355926129135,6.18878244273114,31.2912714908998));
#2939=CARTESIAN_POINT('Origin',(-18.8143254060105,13.1245838529519,30.8038758622363));
#2940=CARTESIAN_POINT('',(-26.7253351653257,8.07408000616859,29.2752213412414));
#2941=CARTESIAN_POINT('',(-37.8752967972198,0.955782111634865,27.1207000126024));
#2942=CARTESIAN_POINT('',(-26.6531862939167,7.80637433397145,29.6261907551862));
#2943=CARTESIAN_POINT('',(-26.2131958797709,6.17380646036308,31.7665316195497));
#2944=CARTESIAN_POINT('',(-26.6149689256879,7.66457022738579,29.8120997939259));
#2945=CARTESIAN_POINT('',(-26.2131958797709,6.17380646036308,31.7665316195497));
#2946=CARTESIAN_POINT('Ctrl Pts',(-26.7355926129136,6.18878244273107,31.2912714908998));
#2947=CARTESIAN_POINT('Ctrl Pts',(-26.744774156843,6.66104731718217,30.7759243836515));
#2948=CARTESIAN_POINT('Ctrl Pts',(-26.7059638519251,7.15434700857837,30.2801666751681));
#2949=CARTESIAN_POINT('Ctrl Pts',(-26.614968925688,7.6645702273857,29.8120997939258));
#2950=CARTESIAN_POINT('Origin',(-28.5026125586084,9.09798943818327,24.5513504744001));
#2951=CARTESIAN_POINT('',(-27.1502311954277,9.66005899267228,25.4241362077439));
#2952=CARTESIAN_POINT('',(-28.5026125586084,9.09798943818327,24.5513504744001));
#2953=CARTESIAN_POINT('',(-26.7032132824776,7.99150723811834,29.475725107165));
#2954=CARTESIAN_POINT('Origin',(-28.5026125586084,9.09798943818327,24.5513504744001));
#2955=CARTESIAN_POINT('',(-27.1982429447149,9.83949282413819,24.946578657039));
#2956=CARTESIAN_POINT('',(-28.5026125586084,9.09798943818327,24.5513504744001));
#2957=CARTESIAN_POINT('',(-26.7484562092591,8.15850934647555,29.4204637979288));
#2958=CARTESIAN_POINT('Origin',(-12.020664553004,19.5569498272423,22.9973091019098));
#2959=CARTESIAN_POINT('',(-27.2175711491213,9.91343899521128,24.4301871558999));
#2960=CARTESIAN_POINT('',(-28.5026125586084,9.09798943818327,24.5513504744001));
#2961=CARTESIAN_POINT('',(-27.0999816929431,9.46356326645697,27.5718238292531));
#2962=CARTESIAN_POINT('Ctrl Pts',(-27.060250267705,-9.46632419046741,21.7336972583172));
#2963=CARTESIAN_POINT('Ctrl Pts',(-26.8394676513702,-9.58652188936124,21.7192266724552));
#2964=CARTESIAN_POINT('Ctrl Pts',(-26.6186850350354,-9.70671958825507,21.7047560865931));
#2965=CARTESIAN_POINT('Ctrl Pts',(-26.3979024187006,-9.82691728714891,21.6902855007311));
#2966=CARTESIAN_POINT('Ctrl Pts',(-27.0938405325398,-9.59021897704224,22.3055833020272));
#2967=CARTESIAN_POINT('Ctrl Pts',(-26.8719472886571,-9.70619352787713,22.2956373440646));
#2968=CARTESIAN_POINT('Ctrl Pts',(-26.6500531662049,-9.82216475579095,22.2856916676782));
#2969=CARTESIAN_POINT('Ctrl Pts',(-26.4281599223222,-9.93813930662585,22.2757457097156));
#2970=CARTESIAN_POINT('Ctrl Pts',(-27.1274307973746,-9.71411376361706,22.8774693457372));
#2971=CARTESIAN_POINT('Ctrl Pts',(-26.9037043207941,-9.82313094078077,22.8725000982978));
#2972=CARTESIAN_POINT('Ctrl Pts',(-26.6799769643608,-9.93214479071117,22.8675310327794));
#2973=CARTESIAN_POINT('Ctrl Pts',(-26.4562504877803,-10.0411619678749,22.8625617853401));
#2974=CARTESIAN_POINT('Ctrl Pts',(-27.1610210622094,-9.83800855019188,23.4493553894472));
#2975=CARTESIAN_POINT('Ctrl Pts',(-26.9347320333849,-9.93731156384006,23.4492934784412));
#2976=CARTESIAN_POINT('Ctrl Pts',(-26.7084430045604,-10.0366145774882,23.4492315674353));
#2977=CARTESIAN_POINT('Ctrl Pts',(-26.4821539757359,-10.1359175911364,23.4491696564294));
#2978=CARTESIAN_POINT('',(-27.0018490018865,-9.49811880310676,21.7298695088979));
#2979=CARTESIAN_POINT('',(-26.4821539757359,-10.1359175911364,23.4491696564294));
#2980=CARTESIAN_POINT('Ctrl Pts',(-27.0018490018865,-9.49811880310677,21.7298695088978));
#2981=CARTESIAN_POINT('Ctrl Pts',(-26.8279097691943,-9.73691569869649,22.3023230024475));
#2982=CARTESIAN_POINT('Ctrl Pts',(-26.6534141103443,-9.95391076238974,22.8585840861406));
#2983=CARTESIAN_POINT('Ctrl Pts',(-26.4821539757359,-10.1359175911364,23.4491696564294));
#2984=CARTESIAN_POINT('',(-27.060250267705,-9.46632419046741,21.7336972583172));
#2985=CARTESIAN_POINT('',(-27.1610210622094,-9.83800855019188,23.4493553894472));
#2986=CARTESIAN_POINT('Ctrl Pts',(-27.1610210622094,-9.83800855019189,23.4493553894472));
#2987=CARTESIAN_POINT('Ctrl Pts',(-26.8865831994836,-9.95844084410114,23.4492803052761));
#2988=CARTESIAN_POINT('Ctrl Pts',(-26.6121453367579,-10.0788731380104,23.4492052211051));
#2989=CARTESIAN_POINT('Ctrl Pts',(-26.3377074740322,-10.1993054319196,23.4491301369341));
#2990=CARTESIAN_POINT('Ctrl Pts',(-27.162323478629,-9.84117420898272,23.7745300860579));
#2991=CARTESIAN_POINT('Ctrl Pts',(-26.8876824146191,-9.96082420665601,23.7770632171939));
#2992=CARTESIAN_POINT('Ctrl Pts',(-26.613041249501,-10.080473822238,23.779596321675));
#2993=CARTESIAN_POINT('Ctrl Pts',(-26.3384001854911,-10.2001238199112,23.782129452811));
#2994=CARTESIAN_POINT('Ctrl Pts',(-27.1636258950486,-9.84433986777356,24.0997047826687));
#2995=CARTESIAN_POINT('Ctrl Pts',(-26.8885098276728,-9.96218017257658,24.1048200792018));
#2996=CARTESIAN_POINT('Ctrl Pts',(-26.6133936592625,-10.080020095601,24.1099353427295));
#2997=CARTESIAN_POINT('Ctrl Pts',(-26.3382775918867,-10.197860400404,24.1150506392626));
#2998=CARTESIAN_POINT('Ctrl Pts',(-27.1649283114682,-9.84750552656439,24.4248794792795));
#2999=CARTESIAN_POINT('Ctrl Pts',(-26.8890666905305,-9.96251405831372,24.4324429216075));
#3000=CARTESIAN_POINT('Ctrl Pts',(-26.6132050695928,-10.077522590063,24.4400063639355));
#3001=CARTESIAN_POINT('Ctrl Pts',(-26.337343448655,-10.1925311218124,24.4475698062635));
#3002=CARTESIAN_POINT('',(-26.337343448655,-10.1925311218124,24.4475698062635));
#3003=CARTESIAN_POINT('Ctrl Pts',(-26.4821539757359,-10.1359175911364,23.4491696564294));
#3004=CARTESIAN_POINT('Ctrl Pts',(-26.4527215064786,-10.1498313968976,23.658461508982));
#3005=CARTESIAN_POINT('Ctrl Pts',(-26.4226105555833,-10.1627314210378,23.8678342500148));
#3006=CARTESIAN_POINT('Ctrl Pts',(-26.3919771767693,-10.1741109354674,24.0773258394607));
#3007=CARTESIAN_POINT('Ctrl Pts',(-26.3739364418497,-10.1808126057135,24.2007004843546));
#3008=CARTESIAN_POINT('Ctrl Pts',(-26.3557144831979,-10.1869868100202,24.3241153600819));
#3009=CARTESIAN_POINT('Ctrl Pts',(-26.337343448655,-10.1925311218124,24.4475698062635));
#3010=CARTESIAN_POINT('',(-27.1649283114682,-9.84750552656439,24.4248794792794));
#3011=CARTESIAN_POINT('Ctrl Pts',(-27.1649283114682,-9.84750552656439,24.4248794792795));
#3012=CARTESIAN_POINT('Ctrl Pts',(-26.8861739604578,-9.96372005658659,24.4325222331007));
#3013=CARTESIAN_POINT('Ctrl Pts',(-26.6074196094474,-10.0799345866088,24.4401649869219));
#3014=CARTESIAN_POINT('Ctrl Pts',(-26.328665258437,-10.196149116631,24.4478077407431));
#3015=CARTESIAN_POINT('Ctrl Pts',(-27.1583565197369,-9.82168996621862,24.6045039110819));
#3016=CARTESIAN_POINT('Ctrl Pts',(-26.8798411912061,-9.93880304360058,24.6130840574785));
#3017=CARTESIAN_POINT('Ctrl Pts',(-26.6013258541192,-10.0559160886636,24.621664198854));
#3018=CARTESIAN_POINT('Ctrl Pts',(-26.3228105255885,-10.1730291660455,24.6302443452507));
#3019=CARTESIAN_POINT('Ctrl Pts',(-27.1517847280056,-9.79587440587286,24.7841283428842));
#3020=CARTESIAN_POINT('Ctrl Pts',(-26.8734291299589,-9.91358648264028,24.7936065940814));
#3021=CARTESIAN_POINT('Ctrl Pts',(-26.5950735233633,-10.0312985271178,24.8030848399682));
#3022=CARTESIAN_POINT('Ctrl Pts',(-26.3167179253165,-10.1490106038852,24.8125630911653));
#3023=CARTESIAN_POINT('Ctrl Pts',(-27.1452129362743,-9.77005884552709,24.9637527746866));
#3024=CARTESIAN_POINT('Ctrl Pts',(-26.8669382028894,-9.88807207649656,24.9740728897545));
#3025=CARTESIAN_POINT('Ctrl Pts',(-26.5886634695045,-10.006085307466,24.9843930048224));
#3026=CARTESIAN_POINT('Ctrl Pts',(-26.3103887361196,-10.1240985384355,24.9947131198903));
#3027=CARTESIAN_POINT('',(-26.3103887361196,-10.1240985384355,24.9947131198903));
#3028=CARTESIAN_POINT('Ctrl Pts',(-26.337343448655,-10.1925311218124,24.4475698062635));
#3029=CARTESIAN_POINT('Ctrl Pts',(-26.3292095461583,-10.1703349587365,24.6300063098556));
#3030=CARTESIAN_POINT('Ctrl Pts',(-26.3202755117759,-10.1474928799155,24.8124904231377));
#3031=CARTESIAN_POINT('Ctrl Pts',(-26.3103887361196,-10.1240985384355,24.9947131198903));
#3032=CARTESIAN_POINT('',(-27.1452129362743,-9.7700588455271,24.9637527746866));
#3033=CARTESIAN_POINT('Ctrl Pts',(-27.1452129362743,-9.7700588455271,24.9637527746866));
#3034=CARTESIAN_POINT('Ctrl Pts',(-26.8669382028894,-9.88807207649656,24.9740728897545));
#3035=CARTESIAN_POINT('Ctrl Pts',(-26.5886634695045,-10.006085307466,24.9843930048224));
#3036=CARTESIAN_POINT('Ctrl Pts',(-26.3103887361196,-10.1240985384355,24.9947131198903));
#3037=CARTESIAN_POINT('Ctrl Pts',(-27.1288991050385,-9.70748832311058,25.1296070362618));
#3038=CARTESIAN_POINT('Ctrl Pts',(-26.8515582441733,-9.82901894035992,25.1423470641309));
#3039=CARTESIAN_POINT('Ctrl Pts',(-26.5742173740577,-9.95054952267922,25.1550870845298));
#3040=CARTESIAN_POINT('Ctrl Pts',(-26.2968765131925,-10.0720801399286,25.1678271123989));
#3041=CARTESIAN_POINT('Ctrl Pts',(-27.1125852738027,-9.64491780069406,25.295461297837));
#3042=CARTESIAN_POINT('Ctrl Pts',(-26.8360960225447,-9.76965512958189,25.3105625721869));
#3043=CARTESIAN_POINT('Ctrl Pts',(-26.5596067620475,-9.89439242358347,25.3256638387473));
#3044=CARTESIAN_POINT('Ctrl Pts',(-26.2831175107895,-10.0191297524713,25.3407651130973));
#3045=CARTESIAN_POINT('Ctrl Pts',(-27.0962714425669,-9.58234727827754,25.4613155594121));
#3046=CARTESIAN_POINT('Ctrl Pts',(-26.8205521631232,-9.70998310438461,25.4787014761569));
#3047=CARTESIAN_POINT('Ctrl Pts',(-26.5448328836795,-9.83761893049168,25.4960873929016));
#3048=CARTESIAN_POINT('Ctrl Pts',(-26.2691136042358,-9.96525475659874,25.5134733096463));
#3049=CARTESIAN_POINT('',(-26.3616815293469,-9.92240326062644,25.5076362922188));
#3050=CARTESIAN_POINT('Ctrl Pts',(-26.3103887361196,-10.1240985384355,24.9947131198903));
#3051=CARTESIAN_POINT('Ctrl Pts',(-26.3277666368349,-10.058972134549,25.1667049718476));
#3052=CARTESIAN_POINT('Ctrl Pts',(-26.3450023357891,-9.99167793294932,25.3373592724074));
#3053=CARTESIAN_POINT('Ctrl Pts',(-26.3616815293469,-9.92240326062644,25.5076362922188));
#3054=CARTESIAN_POINT('',(-27.0962714425669,-9.58234727827754,25.4613155594121));
#3055=CARTESIAN_POINT('Ctrl Pts',(-27.0962714425669,-9.58234727827754,25.4613155594121));
#3056=CARTESIAN_POINT('Ctrl Pts',(-26.8514081381603,-9.69569927239384,25.476755803681));
#3057=CARTESIAN_POINT('Ctrl Pts',(-26.6065448337536,-9.80905126651015,25.4921960479499));
#3058=CARTESIAN_POINT('Ctrl Pts',(-26.3616815293469,-9.92240326062645,25.5076362922188));
#3059=CARTESIAN_POINT('Ctrl Pts',(-26.9586998390048,-9.05537384925149,26.7355435351328));
#3060=CARTESIAN_POINT('Ctrl Pts',(-26.7199110918533,-9.19158536327044,26.770425656985));
#3061=CARTESIAN_POINT('Ctrl Pts',(-26.481091274777,-9.32767970858746,26.8052541454056));
#3062=CARTESIAN_POINT('Ctrl Pts',(-26.2423025276256,-9.4638912226064,26.8401362672578));
#3063=CARTESIAN_POINT('Ctrl Pts',(-26.8211282354426,-8.52840042022543,28.0097715108535));
#3064=CARTESIAN_POINT('Ctrl Pts',(-26.583788700572,-8.67000920141004,28.0597140298302));
#3065=CARTESIAN_POINT('Ctrl Pts',(-26.3464187801851,-8.81150344678038,28.109594498441));
#3066=CARTESIAN_POINT('Ctrl Pts',(-26.1090792453145,-8.95311222796499,28.1595370174177));
#3067=CARTESIAN_POINT('Ctrl Pts',(-26.6835566318804,-8.00142699119938,29.2839994865741));
#3068=CARTESIAN_POINT('Ctrl Pts',(-26.4436509950715,-8.13331754622975,29.337118695726));
#3069=CARTESIAN_POINT('Ctrl Pts',(-26.2037453582627,-8.26520810126012,29.3902379048779));
#3070=CARTESIAN_POINT('Ctrl Pts',(-25.9638397214538,-8.39709865629049,29.4433571140298));
#3071=CARTESIAN_POINT('',(-26.576385418197,-8.06034545199085,29.3077290253646));
#3072=CARTESIAN_POINT('Ctrl Pts',(-26.3616815293469,-9.92240326062645,25.5076362922188));
#3073=CARTESIAN_POINT('Ctrl Pts',(-26.5145079343305,-9.36385839745823,26.7559815752525));
#3074=CARTESIAN_POINT('Ctrl Pts',(-26.6530053896482,-8.70566745375852,27.8821234619246));
#3075=CARTESIAN_POINT('Ctrl Pts',(-26.576385418197,-8.06034545199084,29.3077290253646));
#3076=CARTESIAN_POINT('',(-26.6835566318804,-8.00142699119938,29.2839994865741));
#3077=CARTESIAN_POINT('Ctrl Pts',(-26.6835566318804,-8.00142699119938,29.2839994865741));
#3078=CARTESIAN_POINT('Ctrl Pts',(-26.6478328939859,-8.02106647812987,29.2919093328376));
#3079=CARTESIAN_POINT('Ctrl Pts',(-26.6121091560915,-8.04070596506036,29.2998191791011));
#3080=CARTESIAN_POINT('Ctrl Pts',(-26.576385418197,-8.06034545199085,29.3077290253646));
#3081=CARTESIAN_POINT('Ctrl Pts',(-26.6658627706759,-7.93406071189851,29.3719125088629));
#3082=CARTESIAN_POINT('Ctrl Pts',(-26.6301706201676,-7.95381783409642,29.3801515198724));
#3083=CARTESIAN_POINT('Ctrl Pts',(-26.5944784694078,-7.97357495534758,29.3883905301119));
#3084=CARTESIAN_POINT('Ctrl Pts',(-26.5587863188995,-7.99333207754549,29.3966295411214));
#3085=CARTESIAN_POINT('Ctrl Pts',(-26.6481689094714,-7.86669443259763,29.4598255311516));
#3086=CARTESIAN_POINT('Ctrl Pts',(-26.6125037589288,-7.88655192119199,29.4683800755984));
#3087=CARTESIAN_POINT('Ctrl Pts',(-26.5768386081355,-7.90640940884271,29.476934619269));
#3088=CARTESIAN_POINT('Ctrl Pts',(-26.5411734575929,-7.92626689743706,29.4854891637158));
#3089=CARTESIAN_POINT('Ctrl Pts',(-26.6304750482669,-7.79932815329676,29.5477385534404));
#3090=CARTESIAN_POINT('Ctrl Pts',(-26.5948324032677,-7.81926909474413,29.5565943061898));
#3091=CARTESIAN_POINT('Ctrl Pts',(-26.5591897582685,-7.8392100361915,29.5654500589393));
#3092=CARTESIAN_POINT('Ctrl Pts',(-26.5235471132693,-7.85915097763886,29.5743058116888));
#3093=CARTESIAN_POINT('Ctrl Pts',(-26.576385418197,-8.06034545199084,29.3077290253646));
#3094=CARTESIAN_POINT('Ctrl Pts',(-26.5952413382067,-7.97375458211795,29.3880434434173));
#3095=CARTESIAN_POINT('Ctrl Pts',(-26.6133264607694,-7.88668443152001,29.4679455350479));
#3096=CARTESIAN_POINT('Ctrl Pts',(-26.6304750482669,-7.79932815329676,29.5477385534404));
#3097=CARTESIAN_POINT('Ctrl Pts',(-27.0517856952275,-9.43552534039948,21.5115328631736));
#3098=CARTESIAN_POINT('Ctrl Pts',(-27.0323244528274,-9.44614643448528,21.5101111031355));
#3099=CARTESIAN_POINT('Ctrl Pts',(-27.0128632104272,-9.45676752857109,21.5086893430974));
#3100=CARTESIAN_POINT('Ctrl Pts',(-26.9934019680271,-9.46738862265689,21.5072675830593));
#3101=CARTESIAN_POINT('Ctrl Pts',(-27.0546072193867,-9.44579162375545,21.5855876615548));
#3102=CARTESIAN_POINT('Ctrl Pts',(-27.0351450826597,-9.4564090779644,21.584213789306));
#3103=CARTESIAN_POINT('Ctrl Pts',(-27.0156829459116,-9.46702653209303,21.5828399170716));
#3104=CARTESIAN_POINT('Ctrl Pts',(-26.9962208091846,-9.47764398630198,21.5814660448228));
#3105=CARTESIAN_POINT('Ctrl Pts',(-27.0574287435459,-9.45605790711143,21.659642459936));
#3106=CARTESIAN_POINT('Ctrl Pts',(-27.037964659087,-9.46666773498002,21.6583172347817));
#3107=CARTESIAN_POINT('Ctrl Pts',(-27.0185005746069,-9.47727756276827,21.6569920096415));
#3108=CARTESIAN_POINT('Ctrl Pts',(-26.999036490148,-9.48788739063686,21.6556667844871));
#3109=CARTESIAN_POINT('Ctrl Pts',(-27.060250267705,-9.46632419046741,21.7336972583172));
#3110=CARTESIAN_POINT('Ctrl Pts',(-27.0407831790989,-9.47692239468053,21.7324213418441));
#3111=CARTESIAN_POINT('Ctrl Pts',(-27.0213160904927,-9.48752059889365,21.731145425371));
#3112=CARTESIAN_POINT('Ctrl Pts',(-27.0018490018865,-9.49811880310677,21.7298695088978));
#3113=CARTESIAN_POINT('',(-27.0517856952275,-9.43552534039948,21.5115328631736));
#3114=CARTESIAN_POINT('Ctrl Pts',(-27.0517856952275,-9.43552534039948,21.5115328631736));
#3115=CARTESIAN_POINT('Ctrl Pts',(-27.0353201762926,-9.45634943753878,21.5843774778661));
#3116=CARTESIAN_POINT('Ctrl Pts',(-27.0186721590692,-9.47722530890243,21.6571293186783));
#3117=CARTESIAN_POINT('Ctrl Pts',(-27.0018490018865,-9.49811880310677,21.7298695088978));
#3118=CARTESIAN_POINT('',(-27.1634547031006,-9.84183966281307,24.4424402015354));
#3119=CARTESIAN_POINT('Origin',(-39.4038436986086,-0.15500074408221,19.5521794518231));
#3120=CARTESIAN_POINT('',(-27.5196340626405,-8.80177662366347,19.056531406569));
#3121=CARTESIAN_POINT('',(-44.8379710455739,0.627585218135109,22.9653765166865));
#3122=CARTESIAN_POINT('',(-27.6920147544953,-8.46781696181172,18.8541731097923));
#3123=CARTESIAN_POINT('Ctrl Pts',(-27.6920147544953,-8.46781696181172,18.8541731097923));
#3124=CARTESIAN_POINT('Ctrl Pts',(-27.6354078367132,-8.58010537112515,18.9232585391521));
#3125=CARTESIAN_POINT('Ctrl Pts',(-27.5779374538732,-8.69143617161563,18.9907144250055));
#3126=CARTESIAN_POINT('Ctrl Pts',(-27.5196340626405,-8.80177662366346,19.056531406569));
#3127=CARTESIAN_POINT('',(-39.4038436986086,-0.15500074408221,19.5521794518231));
#3128=CARTESIAN_POINT('Origin',(-28.4316464042619,-5.39186728997368,15.6596286392784));
#3129=CARTESIAN_POINT('Ctrl Pts',(-28.1749999999943,-7.45275567394517,18.0294960156247));
#3130=CARTESIAN_POINT('Ctrl Pts',(-28.0259850837819,-7.78995901311042,18.3144372967819));
#3131=CARTESIAN_POINT('Ctrl Pts',(-27.8652495093056,-8.12880667340934,18.5902060073072));
#3132=CARTESIAN_POINT('Ctrl Pts',(-27.6920147544953,-8.46781696181169,18.8541731097923));
#3133=CARTESIAN_POINT('Origin',(-26.2395453081465,-9.49875001479434,18.7676082453295));
#3134=CARTESIAN_POINT('',(-27.5214846477327,-8.77838100459137,19.2796371045168));
#3135=CARTESIAN_POINT('Ctrl Pts',(-27.5214846477327,-8.77838100459135,19.2796371045168));
#3136=CARTESIAN_POINT('Ctrl Pts',(-27.3811246586868,-8.99008592566028,20.0409283073969));
#3137=CARTESIAN_POINT('Ctrl Pts',(-27.2265148233578,-9.20844597749108,20.7882062359913));
#3138=CARTESIAN_POINT('Ctrl Pts',(-27.0517856952275,-9.43552534039948,21.5115328631736));
#3139=CARTESIAN_POINT('',(-38.8337501235971,-2.42160168410297,23.7979526032041));
#3140=CARTESIAN_POINT('',(-27.936925420339,-8.64570084254197,20.0656488194496));
#3141=CARTESIAN_POINT('',(-30.2019953501689,-6.93865556002455,18.2984727002505));
#3142=CARTESIAN_POINT('',(-28.9815593700138,-8.44242848409589,22.8442025664466));
#3143=CARTESIAN_POINT('Origin',(-44.8379710455739,0.627585218135109,22.9653765166865));
#3144=CARTESIAN_POINT('Ctrl Pts',(-27.5196340626404,-8.80177662366347,19.056531406569));
#3145=CARTESIAN_POINT('Ctrl Pts',(-27.5203432890078,-8.7939013554554,19.1311837965737));
#3146=CARTESIAN_POINT('Ctrl Pts',(-27.52096091317,-8.78610271857552,19.2055493720597));
#3147=CARTESIAN_POINT('Ctrl Pts',(-27.5214846477328,-8.77838100459119,19.2796371045167));
#3148=CARTESIAN_POINT('Origin',(-37.4668836014286,7.07383275082703,19.5521794518231));
#3149=CARTESIAN_POINT('',(-27.9331908330069,8.74717115818183,20.0641846019271));
#3150=CARTESIAN_POINT('',(-30.1993877265712,7.03927655172028,18.2961292412651));
#3151=CARTESIAN_POINT('',(-42.564268912409,9.1131571003844,22.9653765166865));
#3152=CARTESIAN_POINT('Origin',(-42.564268912409,9.1131571003844,22.9653765166865));
#3153=CARTESIAN_POINT('',(-28.9787607631667,8.54371666994694,22.8452279024032));
#3154=CARTESIAN_POINT('Ctrl Pts',(19.,2.37990148780518E-30,51.3));
#3155=CARTESIAN_POINT('Ctrl Pts',(23.8353815369519,-8.96314148293495E-8,
51.2489572019004));
#3156=CARTESIAN_POINT('Ctrl Pts',(31.0884538423798,-2.24078537073373E-7,
51.1723930047509));
#3157=CARTESIAN_POINT('Ctrl Pts',(37.5121422805266,-4.11457738193119E-7,
50.7960902019683));
#3158=CARTESIAN_POINT('Ctrl Pts',(41.633598513062,-5.50930148980501E-7,
50.4812679250369));
#3159=CARTESIAN_POINT('Ctrl Pts',(47.5742787725214,-7.81968180222901E-7,
49.9131038970253));
#3160=CARTESIAN_POINT('Ctrl Pts',(56.4426780903196,-1.29710558478063E-6,
48.5064220669161));
#3161=CARTESIAN_POINT('Ctrl Pts',(63.77610797085,-2.03949823343514E-6,46.369169346661));
#3162=CARTESIAN_POINT('Ctrl Pts',(67.494464988728,-2.59567828139876E-6,
44.7408586724607));
#3163=CARTESIAN_POINT('Ctrl Pts',(69.8249833377508,-2.98228710108113E-6,
43.5774840454171));
#3164=CARTESIAN_POINT('Ctrl Pts',(73.0981813669412,-3.58593351216463E-6,
41.7156708384865));
#3165=CARTESIAN_POINT('Ctrl Pts',(77.4638846562214,-4.64476858161833E-6,
38.0217345666956));
#3166=CARTESIAN_POINT('Ctrl Pts',(80.524847017729,-5.42373727277935E-6,
33.3697139087696));
#3167=CARTESIAN_POINT('Ctrl Pts',(82.3283400678813,-5.80075079921558E-6,
28.9779538665963));
#3168=CARTESIAN_POINT('Ctrl Pts',(83.5967506816925,-6.02921578367593E-6,
23.9804982966736));
#3169=CARTESIAN_POINT('Ctrl Pts',(83.8280807895734,-6.05095137244487E-6,
19.3721993186695));
#3170=CARTESIAN_POINT('Ctrl Pts',(83.9823008614941,-6.06544176495749E-6,
16.3));
#3171=CARTESIAN_POINT('Ctrl Pts',(19.,2.37990148780518E-30,51.3));
#3172=CARTESIAN_POINT('Ctrl Pts',(23.484606736033,-0.156875450106544,51.2546242735115));
#3173=CARTESIAN_POINT('Ctrl Pts',(30.4373890037522,-0.439327048727607,51.174633012389));
#3174=CARTESIAN_POINT('Ctrl Pts',(36.7834255292922,-0.751857289029938,50.7874520184146));
#3175=CARTESIAN_POINT('Ctrl Pts',(40.8896811678455,-0.96238058945729,50.4648818501807));
#3176=CARTESIAN_POINT('Ctrl Pts',(46.8624115579652,-1.28142025043702,49.8843523394534));
#3177=CARTESIAN_POINT('Ctrl Pts',(55.9616744346956,-1.79556905265475,48.4620434592296));
#3178=CARTESIAN_POINT('Ctrl Pts',(63.5044076170387,-2.19598585071401,46.339007316666));
#3179=CARTESIAN_POINT('Ctrl Pts',(67.2224743798975,-2.34442748971515,44.7430966014591));
#3180=CARTESIAN_POINT('Ctrl Pts',(69.5119198263947,-2.41847235958244,43.6077864364803));
#3181=CARTESIAN_POINT('Ctrl Pts',(72.7385357305806,-2.52214240127378,41.7835202717163));
#3182=CARTESIAN_POINT('Ctrl Pts',(77.0877255822642,-2.6593026584779,38.1288664395721));
#3183=CARTESIAN_POINT('Ctrl Pts',(80.1763052053664,-2.75260033356264,33.4836063778438));
#3184=CARTESIAN_POINT('Ctrl Pts',(82.0059501538949,-2.80310202346339,29.0768653716614));
#3185=CARTESIAN_POINT('Ctrl Pts',(83.2957446153445,-2.83823982126059,24.0505437654518));
#3186=CARTESIAN_POINT('Ctrl Pts',(83.5293409279691,-2.84812675000079,19.4046459283334));
#3187=CARTESIAN_POINT('Ctrl Pts',(83.6714776124763,-2.84812675272318,16.3));
#3188=CARTESIAN_POINT('Ctrl Pts',(19.,2.37990148780519E-30,51.3));
#3189=CARTESIAN_POINT('Ctrl Pts',(22.9584385100886,-0.392099261308279,51.2631109056082));
#3190=CARTESIAN_POINT('Ctrl Pts',(29.2982308731768,-1.07245282925515,51.1800383273864));
#3191=CARTESIAN_POINT('Ctrl Pts',(35.2742819811891,-1.80310874864175,50.7945430924032));
#3192=CARTESIAN_POINT('Ctrl Pts',(39.1769903576817,-2.2921717471124,50.474542402708));
#3193=CARTESIAN_POINT('Ctrl Pts',(44.9055496869146,-3.0284638855266,49.9005709169927));
#3194=CARTESIAN_POINT('Ctrl Pts',(53.8224141756857,-4.20069587770411,48.5059597064387));
#3195=CARTESIAN_POINT('Ctrl Pts',(61.3121697755837,-5.12186110776699,46.4508344319229));
#3196=CARTESIAN_POINT('Ctrl Pts',(64.9646901165307,-5.47912546326381,44.9125288875603));
#3197=CARTESIAN_POINT('Ctrl Pts',(67.1925347021505,-5.66436284605438,43.8193495194669));
#3198=CARTESIAN_POINT('Ctrl Pts',(70.3516425843824,-5.92927389790156,42.0445686033755));
#3199=CARTESIAN_POINT('Ctrl Pts',(74.6920520107741,-6.30412720265942,38.4061848089954));
#3200=CARTESIAN_POINT('Ctrl Pts',(77.8481703534823,-6.58004623067206,33.7107327040143));
#3201=CARTESIAN_POINT('Ctrl Pts',(79.7262865567913,-6.73770421907623,29.23735551688));
#3202=CARTESIAN_POINT('Ctrl Pts',(81.05491032033,-6.85228885238483,24.1405880832043));
#3203=CARTESIAN_POINT('Ctrl Pts',(81.3097723483172,-6.88801465173004,19.4533202511811));
#3204=CARTESIAN_POINT('Ctrl Pts',(81.4337838937682,-6.88801377871417,16.3));
#3205=CARTESIAN_POINT('Ctrl Pts',(19.,2.37990148780519E-30,51.3));
#3206=CARTESIAN_POINT('Ctrl Pts',(22.2622947757642,-0.682688589537024,51.2736191930255));
#3207=CARTESIAN_POINT('Ctrl Pts',(27.5950662375177,-1.73477890079063,51.1945942129227));
#3208=CARTESIAN_POINT('Ctrl Pts',(32.756155836115,-2.7598005969547,50.8402635896161));
#3209=CARTESIAN_POINT('Ctrl Pts',(36.1524874219078,-3.43024943839221,50.5460450382226));
#3210=CARTESIAN_POINT('Ctrl Pts',(41.1699578554343,-4.41747105187806,50.0173826603055));
#3211=CARTESIAN_POINT('Ctrl Pts',(49.1019917685521,-5.92227412663727,48.7266181064128));
#3212=CARTESIAN_POINT('Ctrl Pts',(55.8766311895393,-7.14195359658475,46.7994322139464));
#3213=CARTESIAN_POINT('Ctrl Pts',(59.1889425642597,-7.69360748337921,45.3221873178227));
#3214=CARTESIAN_POINT('Ctrl Pts',(61.2055975749436,-8.01318917053053,44.263249598004));
#3215=CARTESIAN_POINT('Ctrl Pts',(64.0611073377624,-8.47888340226561,42.5213164745219));
#3216=CARTESIAN_POINT('Ctrl Pts',(67.9704143387853,-9.1707164830903,38.8438157718534));
#3217=CARTESIAN_POINT('Ctrl Pts',(70.8038687547262,-9.70655566204968,34.0260391058288));
#3218=CARTESIAN_POINT('Ctrl Pts',(72.4641176474288,-10.0219771070402,29.4307002799791));
#3219=CARTESIAN_POINT('Ctrl Pts',(73.620813375541,-10.2565443843657,24.2274509124222));
#3220=CARTESIAN_POINT('Ctrl Pts',(73.8391957014905,-10.3331376878053,19.5136478125553));
#3221=CARTESIAN_POINT('Ctrl Pts',(73.9393337140006,-10.333137558679,16.3));
#3222=CARTESIAN_POINT('Ctrl Pts',(19.,2.37990148780519E-30,51.3));
#3223=CARTESIAN_POINT('Ctrl Pts',(21.5715509700983,-0.950028564992495,51.2832878481432));
#3224=CARTESIAN_POINT('Ctrl Pts',(25.8231249859642,-2.30862314453447,51.206487489018));
#3225=CARTESIAN_POINT('Ctrl Pts',(30.0296347378325,-3.5373211953557,50.8850066508811));
#3226=CARTESIAN_POINT('Ctrl Pts',(32.8146171995051,-4.32540149912736,50.6178061215414));
#3227=CARTESIAN_POINT('Ctrl Pts',(36.9456983877615,-5.46295388752243,50.1364824148639));
#3228=CARTESIAN_POINT('Ctrl Pts',(43.5314185925374,-7.12590861176152,48.9490189526689));
#3229=CARTESIAN_POINT('Ctrl Pts',(49.2108780208355,-8.51252733815708,47.13283564184));
#3230=CARTESIAN_POINT('Ctrl Pts',(51.9770926565996,-9.22107834189422,45.6905777611915));
#3231=CARTESIAN_POINT('Ctrl Pts',(53.6535241779602,-9.6614056404756,44.6440346799946));
#3232=CARTESIAN_POINT('Ctrl Pts',(56.025425063584,-10.306387011372,42.9104149947379));
#3233=CARTESIAN_POINT('Ctrl Pts',(59.2689783707719,-11.2762760450899,39.1850549229761));
#3234=CARTESIAN_POINT('Ctrl Pts',(61.6231811458898,-12.0348350198989,34.26266726665));
#3235=CARTESIAN_POINT('Ctrl Pts',(62.980115182841,-12.4834473672083,29.566141936691));
#3236=CARTESIAN_POINT('Ctrl Pts',(63.9086180083129,-12.8184110681515,24.2826689975591));
#3237=CARTESIAN_POINT('Ctrl Pts',(64.0841181500317,-12.9285419515699,19.5694140616102));
#3238=CARTESIAN_POINT('Ctrl Pts',(64.1606758143751,-12.9285424878806,16.3));
#3239=CARTESIAN_POINT('Ctrl Pts',(19.,2.37990148780519E-30,51.3));
#3240=CARTESIAN_POINT('Ctrl Pts',(20.7216187485213,-1.22604629247268,51.2932692830796));
#3241=CARTESIAN_POINT('Ctrl Pts',(23.5233037766396,-2.92102967172277,51.1925811529754));
#3242=CARTESIAN_POINT('Ctrl Pts',(26.3291125042154,-4.39323070182038,50.8674562820031));
#3243=CARTESIAN_POINT('Ctrl Pts',(28.1926454579748,-5.32636080620413,50.6012751141807));
#3244=CARTESIAN_POINT('Ctrl Pts',(30.9543065878938,-6.65642085778745,50.1259353756713));
#3245=CARTESIAN_POINT('Ctrl Pts',(35.3330655500924,-8.54373039940091,48.9660222502012));
#3246=CARTESIAN_POINT('Ctrl Pts',(39.119433002602,-10.140368329875,47.1943877452892));
#3247=CARTESIAN_POINT('Ctrl Pts',(40.9476371491157,-11.0105489322492,45.7519880165215));
#3248=CARTESIAN_POINT('Ctrl Pts',(42.0481841744594,-11.5683404753801,44.6956004535015));
#3249=CARTESIAN_POINT('Ctrl Pts',(43.6081703273971,-12.3753344758109,42.9560880701248));
#3250=CARTESIAN_POINT('Ctrl Pts',(45.7593627913953,-13.5468354780106,39.2302954014391));
#3251=CARTESIAN_POINT('Ctrl Pts',(47.3476561298371,-14.4235988345354,34.2965931201482));
#3252=CARTESIAN_POINT('Ctrl Pts',(48.2434822576145,-14.9275524683999,29.5733864835292));
#3253=CARTESIAN_POINT('Ctrl Pts',(48.8407292822162,-15.296734650527,24.2842715847955));
#3254=CARTESIAN_POINT('Ctrl Pts',(48.9623325148199,-15.4130924310252,19.6277202649671));
#3255=CARTESIAN_POINT('Ctrl Pts',(49.0101476839057,-15.4130932773824,16.3));
#3256=CARTESIAN_POINT('Ctrl Pts',(19.,2.37990148780519E-30,51.3));
#3257=CARTESIAN_POINT('Ctrl Pts',(19.8986894225147,-1.38586542539006,51.2990601008995));
#3258=CARTESIAN_POINT('Ctrl Pts',(21.2946603287719,-3.27641958912267,51.1795284345273));
#3259=CARTESIAN_POINT('Ctrl Pts',(22.6905968486018,-4.88878547205222,50.8512372841917));
#3260=CARTESIAN_POINT('Ctrl Pts',(23.6176573008418,-5.9047220343392,50.5858152958597));
#3261=CARTESIAN_POINT('Ctrl Pts',(24.9856038952442,-7.34303739876995,50.1152770320679));
#3262=CARTESIAN_POINT('Ctrl Pts',(27.1286492432202,-9.34590668931673,48.9782838232709));
#3263=CARTESIAN_POINT('Ctrl Pts',(29.0115555722349,-11.0388179888271,47.2436366883405));
#3264=CARTESIAN_POINT('Ctrl Pts',(29.9431007094177,-11.9807149933124,45.8072769267462));
#3265=CARTESIAN_POINT('Ctrl Pts',(30.5104937749074,-12.5898191890673,44.7488540525292));
#3266=CARTESIAN_POINT('Ctrl Pts',(31.3104828962484,-13.4719947044379,43.0098613915999));
#3267=CARTESIAN_POINT('Ctrl Pts',(32.3989248632178,-14.7552146831561,39.2800938088035));
#3268=CARTESIAN_POINT('Ctrl Pts',(33.1927281464919,-15.7147449328839,34.3256879443024));
#3269=CARTESIAN_POINT('Ctrl Pts',(33.6197433554722,-16.2637029764925,29.5750086646263));
#3270=CARTESIAN_POINT('Ctrl Pts',(33.8923976343846,-16.6635052570844,24.2769236708213));
#3271=CARTESIAN_POINT('Ctrl Pts',(33.9538720601678,-16.78774398687,19.6632175269408));
#3272=CARTESIAN_POINT('Ctrl Pts',(33.9744106891432,-16.7877452142359,16.3));
#3273=CARTESIAN_POINT('Ctrl Pts',(19.,2.37990148780519E-30,51.3));
#3274=CARTESIAN_POINT('Ctrl Pts',(19.4211327257618,-1.41202532955645,51.3000182762548));
#3275=CARTESIAN_POINT('Ctrl Pts',(20.0373289000154,-3.35239451728284,51.1756652639612));
#3276=CARTESIAN_POINT('Ctrl Pts',(20.6239178697001,-5.02297564217021,50.8448772904097));
#3277=CARTESIAN_POINT('Ctrl Pts',(21.0078568306552,-6.0788207852734,50.5783760575296));
#3278=CARTESIAN_POINT('Ctrl Pts',(21.5679805259065,-7.57789926221168,50.1069068350107));
#3279=CARTESIAN_POINT('Ctrl Pts',(22.4200323922866,-9.68085204162377,48.971276726753));
#3280=CARTESIAN_POINT('Ctrl Pts',(23.1654695645057,-11.4623597564488,47.2405635753483));
#3281=CARTESIAN_POINT('Ctrl Pts',(23.5492722131839,-12.4453765660787,45.8065460100825));
#3282=CARTESIAN_POINT('Ctrl Pts',(23.7886352547628,-13.0780495828575,44.7495478191521));
#3283=CARTESIAN_POINT('Ctrl Pts',(24.1256632947837,-13.9940768772919,43.0137863249359));
#3284=CARTESIAN_POINT('Ctrl Pts',(24.5812402903812,-15.3252910712165,39.2890679707424));
#3285=CARTESIAN_POINT('Ctrl Pts',(24.9061947838493,-16.3197488994824,34.3329856568614));
#3286=CARTESIAN_POINT('Ctrl Pts',(25.0795266229073,-16.8863037124442,29.5777100546734));
#3287=CARTESIAN_POINT('Ctrl Pts',(25.1926866525698,-17.2961666194503,24.2778109136025));
#3288=CARTESIAN_POINT('Ctrl Pts',(25.2216305150524,-17.4216215108153,19.6708311328436));
#3289=CARTESIAN_POINT('Ctrl Pts',(25.2266827849865,-17.4216228899365,16.3));
#3290=CARTESIAN_POINT('Ctrl Pts',(19.,2.37990148780519E-30,51.3000000000001));
#3291=CARTESIAN_POINT('Ctrl Pts',(19.1068113865231,-1.41202596184778,51.3000269770547));
#3292=CARTESIAN_POINT('Ctrl Pts',(19.2164941713277,-3.36822691509738,51.1750881750563));
#3293=CARTESIAN_POINT('Ctrl Pts',(19.2657667049735,-5.07062790968228,50.8437420844893));
#3294=CARTESIAN_POINT('Ctrl Pts',(19.2870655898045,-6.15037719779421,50.5769778046461));
#3295=CARTESIAN_POINT('Ctrl Pts',(19.3070309588129,-7.68861053665257,50.1052515392735));
#3296=CARTESIAN_POINT('Ctrl Pts',(19.2946062857772,-9.8665060999896,48.9694304038568));
#3297=CARTESIAN_POINT('Ctrl Pts',(19.268025763292,-11.7177133962128,47.2376420344694));
#3298=CARTESIAN_POINT('Ctrl Pts',(19.2785125980419,-12.73102985259,45.8048086915251));
#3299=CARTESIAN_POINT('Ctrl Pts',(19.294340422398,-13.3803247599627,44.7492539760539));
#3300=CARTESIAN_POINT('Ctrl Pts',(19.3169127946593,-14.319591307205,43.015934271569));
#3301=CARTESIAN_POINT('Ctrl Pts',(19.3457070692371,-15.6814392789754,39.2952343283607));
#3302=CARTESIAN_POINT('Ctrl Pts',(19.3551569683397,-16.6967187521872,34.3392777839651));
#3303=CARTESIAN_POINT('Ctrl Pts',(19.3637657546941,-17.2728917092746,29.5828542588137));
#3304=CARTESIAN_POINT('Ctrl Pts',(19.3776277291107,-17.6872960151551,24.281337184528));
#3305=CARTESIAN_POINT('Ctrl Pts',(19.3845828865661,-17.8124832434895,19.6724859989719));
#3306=CARTESIAN_POINT('Ctrl Pts',(19.3795308042337,-17.8124846429267,16.3));
#3307=CARTESIAN_POINT('Ctrl Pts',(19.,2.37990148780519E-30,51.3));
#3308=CARTESIAN_POINT('Ctrl Pts',(18.6414040655597,-1.38586795455539,51.2990949040991));
#3309=CARTESIAN_POINT('Ctrl Pts',(17.9861961452971,-3.34001806318048,51.1772431306466));
#3310=CARTESIAN_POINT('Ctrl Pts',(17.2309959617372,-5.07952366955612,50.8464817131155));
#3311=CARTESIAN_POINT('Ctrl Pts',(16.7105929746745,-6.19080263059012,50.5797628684579));
#3312=CARTESIAN_POINT('Ctrl Pts',(15.9221041748608,-7.78554645645368,50.1077175729513));
#3313=CARTESIAN_POINT('Ctrl Pts',(14.6067214654372,-10.0885224414079,48.9692061820159));
#3314=CARTESIAN_POINT('Ctrl Pts',(13.4175405978024,-12.0602458744011,47.231469411927));
#3315=CARTESIAN_POINT('Ctrl Pts',(12.8600622488499,-13.1233281393572,45.8003276525165));
#3316=CARTESIAN_POINT('Ctrl Pts',(12.533314445448,-13.7989198974878,44.7476786801364));
#3317=CARTESIAN_POINT('Ctrl Pts',(12.0757121374986,-14.7738802558811,43.0186839687184));
#3318=CARTESIAN_POINT('Ctrl Pts',(11.4607668872126,-16.1786609169052,39.3062743845717));
#3319=CARTESIAN_POINT('Ctrl Pts',(11.0044266554875,-17.220048972378,34.3525957108931));
#3320=CARTESIAN_POINT('Ctrl Pts',(10.7666935231723,-17.8075035168721,29.5965792728811));
#3321=CARTESIAN_POINT('Ctrl Pts',(10.6286570202694,-18.2267531117161,24.2910919088768));
#3322=CARTESIAN_POINT('Ctrl Pts',(10.6056815462226,-18.351190917567,19.6698369914536));
#3323=CARTESIAN_POINT('Ctrl Pts',(10.5858027661318,-18.3511922261967,16.3));
#3324=CARTESIAN_POINT('Ctrl Pts',(19.,2.37990148780519E-30,51.3));
#3325=CARTESIAN_POINT('Ctrl Pts',(17.8927266953725,-1.22605198309467,51.2933475902788));
#3326=CARTESIAN_POINT('Ctrl Pts',(15.8990552402228,-3.07266465992512,51.1968421437785));
#3327=CARTESIAN_POINT('Ctrl Pts',(13.7297406853041,-4.84244690088369,50.8813347197832));
#3328=CARTESIAN_POINT('Ctrl Pts',(12.2588173864601,-5.99734509131533,50.6227297600751));
#3329=CARTESIAN_POINT('Ctrl Pts',(10.0386573347998,-7.69184950836512,50.1603855590203));
#3330=CARTESIAN_POINT('Ctrl Pts',(6.3745400651733,-10.2761025095497,49.0245336335726));
#3331=CARTESIAN_POINT('Ctrl Pts',(3.16007221950945,-12.5039315933424,47.2667705750057));
#3332=CARTESIAN_POINT('Ctrl Pts',(1.65566154546853,-13.6355263501413,45.8334448129471));
#3333=CARTESIAN_POINT('Ctrl Pts',(0.77023110055713,-14.3317814359849,44.7829447037468));
#3334=CARTESIAN_POINT('Ctrl Pts',(-0.479134584847875,-15.3379112040885,
43.0550868403987));
#3335=CARTESIAN_POINT('Ctrl Pts',(-2.19006360363242,-16.7953169377256,39.3503843252828));
#3336=CARTESIAN_POINT('Ctrl Pts',(-3.45943471348847,-17.8881594991519,34.396421589052));
#3337=CARTESIAN_POINT('Ctrl Pts',(-4.16548811597786,-18.5102286010709,29.6428583500877));
#3338=CARTESIAN_POINT('Ctrl Pts',(-4.6255322307861,-18.9567433411513,24.3209670341335));
#3339=CARTESIAN_POINT('Ctrl Pts',(-4.71347778695226,-19.0913758509788,19.642614060121));
#3340=CARTESIAN_POINT('Ctrl Pts',(-4.7566017882654,-19.0913768801792,16.3));
#3341=CARTESIAN_POINT('Ctrl Pts',(19.,2.37990148780518E-30,51.3));
#3342=CARTESIAN_POINT('Ctrl Pts',(17.1710522207555,-0.950037417071137,51.283409659342));
#3343=CARTESIAN_POINT('Ctrl Pts',(13.983233361282,-2.54968853651596,51.1946114572448));
#3344=CARTESIAN_POINT('Ctrl Pts',(10.6925791756456,-4.24190759799207,50.8491980211896));
#3345=CARTESIAN_POINT('Ctrl Pts',(8.49111050776138,-5.37298307702056,50.5641610118098));
#3346=CARTESIAN_POINT('Ctrl Pts',(5.19482046515434,-7.07354096916907,50.0531737329973));
#3347=CARTESIAN_POINT('Ctrl Pts',(-0.157634819053487,-9.80034174691199,
48.8034344641944));
#3348=CARTESIAN_POINT('Ctrl Pts',(-4.76851692301772,-12.1059829548724,46.9166819666754));
#3349=CARTESIAN_POINT('Ctrl Pts',(-6.94931352878697,-13.1570029008889,45.4394965513223));
#3350=CARTESIAN_POINT('Ctrl Pts',(-8.24733814004118,-13.7632358319903,44.3705391746737));
#3351=CARTESIAN_POINT('Ctrl Pts',(-10.0856478451793,-14.6406126213393,42.6333798753405));
#3352=CARTESIAN_POINT('Ctrl Pts',(-12.6290241944452,-15.9185325428911,39.008241082624));
#3353=CARTESIAN_POINT('Ctrl Pts',(-14.5261809980029,-16.8874503408023,34.1867930258756));
#3354=CARTESIAN_POINT('Ctrl Pts',(-15.6207934196392,-17.4447682233948,29.5458683537954));
#3355=CARTESIAN_POINT('Ctrl Pts',(-16.3675389783584,-17.8483900879984,24.3002627584201));
#3356=CARTESIAN_POINT('Ctrl Pts',(-16.5104968299269,-17.9728261029288,19.5925821874051));
#3357=CARTESIAN_POINT('Ctrl Pts',(-16.5754000973151,-17.9728269236624,16.3));
#3358=CARTESIAN_POINT('Ctrl Pts',(19.,2.37990148780518E-30,51.3));
#3359=CARTESIAN_POINT('Ctrl Pts',(16.6045106694664,-0.682699970780992,51.2737758074239));
#3360=CARTESIAN_POINT('Ctrl Pts',(12.5749310404084,-1.93659780641718,51.1886572455553));
#3361=CARTESIAN_POINT('Ctrl Pts',(8.58866148219849,-3.3499356990131,50.8198653165302));
#3362=CARTESIAN_POINT('Ctrl Pts',(5.95162336356639,-4.30780013083628,50.514365051887));
#3363=CARTESIAN_POINT('Ctrl Pts',(2.03723477280684,-5.76747691223004,49.9662668019794));
#3364=CARTESIAN_POINT('Ctrl Pts',(-4.20066549323505,-8.16886545727243,48.6297387592058));
#3365=CARTESIAN_POINT('Ctrl Pts',(-9.48911806337575,-10.17067902199,46.6428070375012));
#3366=CARTESIAN_POINT('Ctrl Pts',(-12.0116920474823,-11.0211304259716,45.1278128186446));
#3367=CARTESIAN_POINT('Ctrl Pts',(-13.5270258854473,-11.4888053912959,44.0409464361435));
#3368=CARTESIAN_POINT('Ctrl Pts',(-15.6658697802978,-12.1647308181647,42.29059784304));
#3369=CARTESIAN_POINT('Ctrl Pts',(-18.5943561986947,-13.1469790342082,38.7161923940283));
#3370=CARTESIAN_POINT('Ctrl Pts',(-20.7471919486095,-13.8921356939785,33.9918153952649));
#3371=CARTESIAN_POINT('Ctrl Pts',(-22.0011447808946,-14.3221835344164,29.4394315980396));
#3372=CARTESIAN_POINT('Ctrl Pts',(-22.866286677426,-14.6347687821404,24.2599210377906));
#3373=CARTESIAN_POINT('Ctrl Pts',(-23.0205080315206,-14.7320664704315,19.543435402863));
#3374=CARTESIAN_POINT('Ctrl Pts',(-23.1022483598083,-14.7320667069918,16.3));
#3375=CARTESIAN_POINT('Ctrl Pts',(19.,2.37990148780518E-30,51.3));
#3376=CARTESIAN_POINT('Ctrl Pts',(16.0433690468358,-0.39211317171757,51.2633023232063));
#3377=CARTESIAN_POINT('Ctrl Pts',(11.2500768527898,-1.18890016718543,51.1820615913036));
#3378=CARTESIAN_POINT('Ctrl Pts',(6.69892222839423,-2.14467607984721,50.7978475611571));
#3379=CARTESIAN_POINT('Ctrl Pts',(3.72232953688473,-2.80064622183092,50.4783764207814));
#3380=CARTESIAN_POINT('Ctrl Pts',(-0.652844961420437,-3.81204799523665,
49.9046950322012));
#3381=CARTESIAN_POINT('Ctrl Pts',(-7.46886978361236,-5.51137101799317,48.5057149327927));
#3382=CARTESIAN_POINT('Ctrl Pts',(-13.1395557457355,-6.90393945041274,46.4409784514997));
#3383=CARTESIAN_POINT('Ctrl Pts',(-15.8619997921584,-7.45212171683037,44.8933706131464));
#3384=CARTESIAN_POINT('Ctrl Pts',(-17.5110981451687,-7.73678077535959,43.789558307577));
#3385=CARTESIAN_POINT('Ctrl Pts',(-19.8352677107885,-8.14730163574155,42.0228177485034));
#3386=CARTESIAN_POINT('Ctrl Pts',(-23.0032308368306,-8.74195081218642,38.4742374042901));
#3387=CARTESIAN_POINT('Ctrl Pts',(-25.3177509893256,-9.19308672163456,33.8147904367568));
#3388=CARTESIAN_POINT('Ctrl Pts',(-26.6812957980311,-9.4545709238193,29.3298346101622));
#3389=CARTESIAN_POINT('Ctrl Pts',(-27.6335343431086,-9.64554982171257,24.205053889281));
#3390=CARTESIAN_POINT('Ctrl Pts',(-27.7979665959022,-9.70575629283501,19.4897273060017));
#3391=CARTESIAN_POINT('Ctrl Pts',(-27.8962508003151,-9.70575586676943,16.3));
#3392=CARTESIAN_POINT('Ctrl Pts',(19.,2.37990148780518E-30,51.3));
#3393=CARTESIAN_POINT('Ctrl Pts',(15.6265732550639,-0.156891257389833,51.2548417935094));
#3394=CARTESIAN_POINT('Ctrl Pts',(10.364500137417,-0.465569267406057,51.1801608515682));
#3395=CARTESIAN_POINT('Ctrl Pts',(5.55311760799359,-0.830577037816126,50.8036296228184));
#3396=CARTESIAN_POINT('Ctrl Pts',(2.43981364580829,-1.08046903178216,50.4892341665201));
#3397=CARTESIAN_POINT('Ctrl Pts',(-2.08871571132419,-1.46513724327022,49.9225790263749));
#3398=CARTESIAN_POINT('Ctrl Pts',(-8.97314975879614,-2.11067020048382,48.5306180471703));
#3399=CARTESIAN_POINT('Ctrl Pts',(-14.6183204809493,-2.64280834348364,46.4533679660824));
#3400=CARTESIAN_POINT('Ctrl Pts',(-17.3683893502659,-2.85738463382939,44.890628997746));
#3401=CARTESIAN_POINT('Ctrl Pts',(-19.055168440345,-2.97120304154429,43.7747652585238));
#3402=CARTESIAN_POINT('Ctrl Pts',(-21.4346060637581,-3.13227560363133,41.9884865082645));
#3403=CARTESIAN_POINT('Ctrl Pts',(-24.687781044792,-3.35264375610281,38.4107453203146));
#3404=CARTESIAN_POINT('Ctrl Pts',(-27.0743489556845,-3.50940144979858,33.7365187832078));
#3405=CARTESIAN_POINT('Ctrl Pts',(-28.4946237189168,-3.59694403333353,29.2583559535519));
#3406=CARTESIAN_POINT('Ctrl Pts',(-29.4978187243854,-3.65934468649291,24.1477832188727));
#3407=CARTESIAN_POINT('Ctrl Pts',(-29.6785201976296,-3.67797351158354,19.4460175815387));
#3408=CARTESIAN_POINT('Ctrl Pts',(-29.7889923197861,-3.67797402220397,16.3));
#3409=CARTESIAN_POINT('Ctrl Pts',(19.,2.37990148780518E-30,51.3));
#3410=CARTESIAN_POINT('Ctrl Pts',(15.3487053775053,-1.71614973654013E-5,
51.2491921234981));
#3411=CARTESIAN_POINT('Ctrl Pts',(9.87176344376334,-4.29037434135033E-5,
51.1729803087451));
#3412=CARTESIAN_POINT('Ctrl Pts',(5.0418732704604,-6.57128152067099E-5,
50.8004421358844));
#3413=CARTESIAN_POINT('Ctrl Pts',(1.94802910305349,-8.03553549474284E-5,
50.4893927543781));
#3414=CARTESIAN_POINT('Ctrl Pts',(-2.50361322586428,-0.000101473902376377,
49.9287827827202));
#3415=CARTESIAN_POINT('Ctrl Pts',(-9.11019748619984,-0.000133107483361497,
48.5479510994839));
#3416=CARTESIAN_POINT('Ctrl Pts',(-14.5146639413973,-0.000159462606474553,
46.4723656243351));
#3417=CARTESIAN_POINT('Ctrl Pts',(-17.2435640627703,-0.000172963645521406,
44.901474789442));
#3418=CARTESIAN_POINT('Ctrl Pts',(-18.9554579822878,-0.000181462841247819,
43.7775994969768));
#3419=CARTESIAN_POINT('Ctrl Pts',(-21.3622396194675,-0.000193459389380206,
41.9768644544744));
#3420=CARTESIAN_POINT('Ctrl Pts',(-24.6192495133759,-0.000209784573063492,
38.3689842619297));
#3421=CARTESIAN_POINT('Ctrl Pts',(-26.9804083020815,-0.000221482224750875,
33.6729574818499));
#3422=CARTESIAN_POINT('Ctrl Pts',(-28.3786536802126,-0.000228307528611582,
29.1921971191136));
#3423=CARTESIAN_POINT('Ctrl Pts',(-29.3639660202406,-0.000233074812274426,
24.0922017603279));
#3424=CARTESIAN_POINT('Ctrl Pts',(-29.5418621791547,-0.000233919342693268,
19.4168807041311));
#3425=CARTESIAN_POINT('Ctrl Pts',(-29.6604596184308,-0.000234482362972497,
16.3));
#3426=CARTESIAN_POINT('',(-24.0054543541468,-1.29007893628322E-9,38.770690917443));
#3427=CARTESIAN_POINT('Ctrl Pts',(-24.005454367497,-0.00020668979286533,
38.7706823817278));
#3428=CARTESIAN_POINT('Ctrl Pts',(-24.005460663151,-0.0489417829718426,
38.7726822797935));
#3429=CARTESIAN_POINT('Ctrl Pts',(-24.0076941837578,-0.0975636602702919,
38.771262581101));
#3430=CARTESIAN_POINT('Ctrl Pts',(-24.017162355511,-0.200961236120501,38.7610199727483));
#3431=CARTESIAN_POINT('Ctrl Pts',(-24.0249907170649,-0.255017836542946,
38.7512587800755));
#3432=CARTESIAN_POINT('Ctrl Pts',(-24.0566176972542,-0.416318331869947,
38.709428022062));
#3433=CARTESIAN_POINT('Ctrl Pts',(-24.0880655777412,-0.51724331625737,38.6653436640892));
#3434=CARTESIAN_POINT('Ctrl Pts',(-24.1906750310294,-0.766179231843194,
38.5172734066298));
#3435=CARTESIAN_POINT('Ctrl Pts',(-24.2801377237477,-0.912603325912687,
38.3846035615649));
#3436=CARTESIAN_POINT('Ctrl Pts',(-24.5363767587788,-1.21094678691118,37.9910919668635));
#3437=CARTESIAN_POINT('Ctrl Pts',(-24.7154176423478,-1.34836222409947,37.7080714641831));
#3438=CARTESIAN_POINT('Ctrl Pts',(-25.2117634043996,-1.58460948333363,36.882782835991));
#3439=CARTESIAN_POINT('Ctrl Pts',(-25.5342146017848,-1.62908366586972,36.3134221544077));
#3440=CARTESIAN_POINT('Ctrl Pts',(-26.1640635440279,-1.53359428525624,35.1095481494979));
#3441=CARTESIAN_POINT('Ctrl Pts',(-26.4506634558816,-1.39216620399828,34.5122455128573));
#3442=CARTESIAN_POINT('Ctrl Pts',(-26.7373333425642,-1.13381433598757,33.875197420453));
#3443=CARTESIAN_POINT('Ctrl Pts',(-26.793453392929,-1.07481016285925,33.7478135694764));
#3444=CARTESIAN_POINT('Ctrl Pts',(-26.8446808728624,-1.01208578456179,33.6293873261464));
#3445=CARTESIAN_POINT('',(-13.4147690115657,-0.000154129437547097,46.8151597104225));
#3446=CARTESIAN_POINT('Ctrl Pts',(-13.4147690115657,-0.000154129437547097,
46.8151597104225));
#3447=CARTESIAN_POINT('Ctrl Pts',(-14.0898472745828,-0.000157430240563904,
46.5293650029945));
#3448=CARTESIAN_POINT('Ctrl Pts',(-16.747978151463,-0.000170469674047271,
45.3005430634996));
#3449=CARTESIAN_POINT('Ctrl Pts',(-20.4953571612918,-0.000189121823271418,
42.8399298167538));
#3450=CARTESIAN_POINT('Ctrl Pts',(-22.983950547649,-0.000201588403099903,
40.1743081996679));
#3451=CARTESIAN_POINT('Ctrl Pts',(-24.005454367497,-0.00020668979286533,
38.7706823817278));
#3452=CARTESIAN_POINT('',(15.4393476381849,-1.67371316586044E-5,51.2457532711203));
#3453=CARTESIAN_POINT('Ctrl Pts',(15.4393476381849,-1.67371316586044E-5,
51.2457532711203));
#3454=CARTESIAN_POINT('Ctrl Pts',(12.9988534661956,-2.82111691386152E-5,
51.2020748214792));
#3455=CARTESIAN_POINT('Ctrl Pts',(7.04339452160536,-5.62287021017498E-5,
51.0451543434022));
#3456=CARTESIAN_POINT('Ctrl Pts',(-1.18229637379717,-9.51471861793536E-5,
50.2049491193674));
#3457=CARTESIAN_POINT('Ctrl Pts',(-8.25363968734161,-0.000129006121836253,
48.7269788845812));
#3458=CARTESIAN_POINT('Ctrl Pts',(-12.0071103324225,-0.000147246674067224,
47.4110926894616));
#3459=CARTESIAN_POINT('Ctrl Pts',(-13.4147690115657,-0.000154129437547097,
46.8151597104225));
#3460=CARTESIAN_POINT('',(19.,2.37990148780518E-30,51.3));
#3461=CARTESIAN_POINT('Ctrl Pts',(19.,2.37990148780518E-30,51.3));
#3462=CARTESIAN_POINT('Ctrl Pts',(17.8097957184058,-5.59409463071853E-6,
51.2834382709687));
#3463=CARTESIAN_POINT('Ctrl Pts',(16.6195914368115,-1.11881892614371E-5,
51.2668765419374));
#3464=CARTESIAN_POINT('Ctrl Pts',(15.4393476381849,-1.67371316586044E-5,
51.2457532711203));
#3465=CARTESIAN_POINT('',(22.4736800657995,-6.48088253369672E-8,51.2614405053121));
#3466=CARTESIAN_POINT('Ctrl Pts',(19.,2.37990148780518E-30,51.3));
#3467=CARTESIAN_POINT('Ctrl Pts',(20.1595879687949,-2.14947899080779E-8,
51.2877592669539));
#3468=CARTESIAN_POINT('Ctrl Pts',(21.3191759375899,-4.29895798161559E-8,
51.2755185339078));
#3469=CARTESIAN_POINT('Ctrl Pts',(22.4736800657995,-6.48088253369672E-8,
51.2614405053121));
#3470=CARTESIAN_POINT('',(83.9823008614941,-6.06544176495749E-6,16.3));
#3471=CARTESIAN_POINT('Ctrl Pts',(22.4736800657995,-6.48088253369672E-8,
51.2614405053121));
#3472=CARTESIAN_POINT('Ctrl Pts',(26.1333582990034,-1.33973946488393E-7,
51.2168143722742));
#3473=CARTESIAN_POINT('Ctrl Pts',(34.4889351226996,-3.0167241873183E-7,
51.0707364260465));
#3474=CARTESIAN_POINT('Ctrl Pts',(45.8005989089618,-6.78940699311355E-7,
50.1944402630471));
#3475=CARTESIAN_POINT('Ctrl Pts',(56.4426780903196,-1.29710558478063E-6,
48.5064220669162));
#3476=CARTESIAN_POINT('Ctrl Pts',(65.2427939469561,-2.18797676316604E-6,
45.94171880261));
#3477=CARTESIAN_POINT('Ctrl Pts',(72.2250407090851,-3.37416649827389E-6,
42.4544580928446));
#3478=CARTESIAN_POINT('Ctrl Pts',(77.4638846562215,-4.64476858161833E-6,
38.0217345666957));
#3479=CARTESIAN_POINT('Ctrl Pts',(81.1370394900305,-5.57953101101155E-6,
32.4393097771843));
#3480=CARTESIAN_POINT('Ctrl Pts',(83.5196406457321,-6.02197058741961E-6,
25.5165979560084));
#3481=CARTESIAN_POINT('Ctrl Pts',(83.8280807895734,-6.05095137244487E-6,
19.3721993186695));
#3482=CARTESIAN_POINT('Ctrl Pts',(83.9823008614941,-6.06544176495749E-6,
16.3));
#3483=CARTESIAN_POINT('',(81.6721719556707,-5.3656468386531,16.3));
#3484=CARTESIAN_POINT('Ctrl Pts',(81.6721719556707,-5.3656468386531,16.3));
#3485=CARTESIAN_POINT('Ctrl Pts',(83.0364096244156,-3.74510069531047,16.3));
#3486=CARTESIAN_POINT('Ctrl Pts',(83.7741551375002,-1.90727698018009,16.3));
#3487=CARTESIAN_POINT('Ctrl Pts',(83.9823008614941,-6.06544176495749E-6,
16.3));
#3488=CARTESIAN_POINT('',(78.6928461699155,-7.90908173347132,16.3));
#3489=CARTESIAN_POINT('Ctrl Pts',(78.6928461699155,-7.90908173347132,16.3));
#3490=CARTESIAN_POINT('Ctrl Pts',(78.8608474079875,-7.80368361694401,16.3));
#3491=CARTESIAN_POINT('Ctrl Pts',(80.0406590078182,-7.03198573766513,16.3));
#3492=CARTESIAN_POINT('Ctrl Pts',(80.999198498982,-6.1650563292386,16.3));
#3493=CARTESIAN_POINT('Ctrl Pts',(81.6721719556707,-5.3656468386531,16.3));
#3494=CARTESIAN_POINT('',(69.230384087686,-11.5479657871768,16.3));
#3495=CARTESIAN_POINT('Ctrl Pts',(69.230384087686,-11.5479657871768,16.3));
#3496=CARTESIAN_POINT('Ctrl Pts',(70.8040968445601,-11.1408164695907,16.3));
#3497=CARTESIAN_POINT('Ctrl Pts',(74.3768969783874,-10.090666885307,16.3));
#3498=CARTESIAN_POINT('Ctrl Pts',(77.2840628704416,-8.79290323421531,16.3));
#3499=CARTESIAN_POINT('Ctrl Pts',(78.6928461699155,-7.90908173347132,16.3));
#3500=CARTESIAN_POINT('',(69.2431796726011,-11.5354607146785,17.2733837709403));
#3501=CARTESIAN_POINT('Ctrl Pts',(69.2303840876861,-11.5479657871768,16.3));
#3502=CARTESIAN_POINT('Ctrl Pts',(69.233672315001,-11.5447760685013,16.6292930732691));
#3503=CARTESIAN_POINT('Ctrl Pts',(69.2379449454863,-11.5406060100766,16.9536910450649));
#3504=CARTESIAN_POINT('Ctrl Pts',(69.2431796000006,-11.5354596417,17.2733844209223));
#3505=CARTESIAN_POINT('',(70.3803164171801,-11.226922996877,17.5592678515196));
#3506=CARTESIAN_POINT('Ctrl Pts',(70.3803164171801,-11.226922996877,17.5592678515197));
#3507=CARTESIAN_POINT('Ctrl Pts',(70.0036173072048,-11.3324409853467,17.4824311632925));
#3508=CARTESIAN_POINT('Ctrl Pts',(69.6270724686702,-11.4345427706971,17.3846682341737));
#3509=CARTESIAN_POINT('Ctrl Pts',(69.2431796726014,-11.5354607146784,17.2733837709391));
#3510=CARTESIAN_POINT('',(70.4720983454061,-11.0245891356837,23.1255765053099));
#3511=CARTESIAN_POINT('Ctrl Pts',(70.4720983454062,-11.0245891356837,23.1255765053099));
#3512=CARTESIAN_POINT('Ctrl Pts',(70.425531016693,-11.1376887754211,21.2605747699517));
#3513=CARTESIAN_POINT('Ctrl Pts',(70.3950700597093,-11.1972291073942,19.3898384212648));
#3514=CARTESIAN_POINT('Ctrl Pts',(70.3803164171801,-11.226922996877,17.5592678515196));
#3515=CARTESIAN_POINT('',(69.4062298223651,-11.2783877338376,23.8182311472376));
#3516=CARTESIAN_POINT('Ctrl Pts',(69.4062297213569,-11.2783862378082,23.8182305931968));
#3517=CARTESIAN_POINT('Ctrl Pts',(69.4315472016142,-11.2728044596674,23.79855457336));
#3518=CARTESIAN_POINT('Ctrl Pts',(69.4568554294962,-11.2671909741891,23.7791345237873));
#3519=CARTESIAN_POINT('Ctrl Pts',(69.4821359000384,-11.261550622905,23.7599775897212));
#3520=CARTESIAN_POINT('Ctrl Pts',(69.5763519942826,-11.2405299750787,23.6885828938674));
#3521=CARTESIAN_POINT('Ctrl Pts',(69.6721479091992,-11.2186973035508,23.6193539880663));
#3522=CARTESIAN_POINT('Ctrl Pts',(69.769107592916,-11.1961306772675,23.5526513360901));
#3523=CARTESIAN_POINT('Ctrl Pts',(69.8643556931074,-11.173962408985,23.4871261545413));
#3524=CARTESIAN_POINT('Ctrl Pts',(69.9711566879589,-11.1486628575802,23.4168181470636));
#3525=CARTESIAN_POINT('Ctrl Pts',(70.0886228497452,-11.1201132647473,23.3446547262264));
#3526=CARTESIAN_POINT('Ctrl Pts',(70.2060890115315,-11.0915636719145,23.2724913053893));
#3527=CARTESIAN_POINT('Ctrl Pts',(70.3342203413846,-11.0597639249484,23.1984723049877));
#3528=CARTESIAN_POINT('Ctrl Pts',(70.4720980937669,-11.0245854086551,23.1255781600685));
#3529=CARTESIAN_POINT('',(69.9093341262604,-9.825295758872,33.5871027645865));
#3530=CARTESIAN_POINT('Ctrl Pts',(69.4062298223653,-11.2783877338375,23.8182311472376));
#3531=CARTESIAN_POINT('Ctrl Pts',(69.4815894548754,-11.1826048217158,25.0983756460814));
#3532=CARTESIAN_POINT('Ctrl Pts',(69.5641986894712,-11.0624529659775,26.3128852909118));
#3533=CARTESIAN_POINT('Ctrl Pts',(69.7942566813446,-10.6231104790029,29.8084875254812));
#3534=CARTESIAN_POINT('Ctrl Pts',(69.9093341262604,-10.2421031769279,31.828983608397));
#3535=CARTESIAN_POINT('Ctrl Pts',(69.9093341262604,-9.825295758872,33.5871027645865));
#3536=CARTESIAN_POINT('',(65.2224636840455,-9.57723017016149,39.058374626584));
#3537=CARTESIAN_POINT('Ctrl Pts',(69.9093341262604,-9.82529575887199,33.5871027645865));
#3538=CARTESIAN_POINT('Ctrl Pts',(69.9093341262604,-9.64809413729221,34.3345500313852));
#3539=CARTESIAN_POINT('Ctrl Pts',(69.8894218818773,-9.46405294471691,35.0344867778799));
#3540=CARTESIAN_POINT('Ctrl Pts',(69.7490953584861,-8.88005377648252,37.072871023934));
#3541=CARTESIAN_POINT('Ctrl Pts',(69.5502835965716,-8.5093627480876,38.1184894736277));
#3542=CARTESIAN_POINT('Ctrl Pts',(69.0604740729581,-7.99324159614867,39.5472122120516));
#3543=CARTESIAN_POINT('Ctrl Pts',(68.817323744001,-7.81887257756329,40.0204656596178));
#3544=CARTESIAN_POINT('Ctrl Pts',(68.3720128406676,-7.61138068592874,40.6648124066099));
#3545=CARTESIAN_POINT('Ctrl Pts',(68.1610839956301,-7.54052579777589,40.9134258263461));
#3546=CARTESIAN_POINT('Ctrl Pts',(67.7501658700854,-7.4767984012638,41.2790568438293));
#3547=CARTESIAN_POINT('Ctrl Pts',(67.5630478271626,-7.46675510357012,41.4155690532483));
#3548=CARTESIAN_POINT('Ctrl Pts',(67.2674474260005,-7.49151535053005,41.5740097882234));
#3549=CARTESIAN_POINT('Ctrl Pts',(67.168670644866,-7.50571203790631,41.6186080158145));
#3550=CARTESIAN_POINT('Ctrl Pts',(67.0029156669946,-7.54114706095224,41.677168331794));
#3551=CARTESIAN_POINT('Ctrl Pts',(66.9371949551057,-7.55809627464384,41.6963170177543));
#3552=CARTESIAN_POINT('Ctrl Pts',(66.8101930325511,-7.59698462571766,41.7245421645536));
#3553=CARTESIAN_POINT('Ctrl Pts',(66.7492517769797,-7.618373598166,41.7341808288189));
#3554=CARTESIAN_POINT('Ctrl Pts',(66.6108273611408,-7.67358071084129,41.7462728324088));
#3555=CARTESIAN_POINT('Ctrl Pts',(66.534575141934,-7.70883878132064,41.7457646871082));
#3556=CARTESIAN_POINT('Ctrl Pts',(66.3228662727334,-7.82082740000122,41.7221802849598));
#3557=CARTESIAN_POINT('Ctrl Pts',(66.1984822396024,-7.90409801051487,41.6807741400943));
#3558=CARTESIAN_POINT('Ctrl Pts',(65.9511186409039,-8.10291890721613,41.5381690742945));
#3559=CARTESIAN_POINT('Ctrl Pts',(65.839891957891,-8.21695313771249,41.4289527270526));
#3560=CARTESIAN_POINT('Ctrl Pts',(65.6168825167108,-8.48671306224071,41.121700703402));
#3561=CARTESIAN_POINT('Ctrl Pts',(65.5231348474367,-8.64171877295173,40.9028053640799));
#3562=CARTESIAN_POINT('Ctrl Pts',(65.3275665014115,-9.03637374098784,40.2668707021182));
#3563=CARTESIAN_POINT('Ctrl Pts',(65.2673482485334,-9.26992312118021,39.7889234567755));
#3564=CARTESIAN_POINT('Ctrl Pts',(65.2312504299078,-9.50286461550256,39.2409062676589));
#3565=CARTESIAN_POINT('Ctrl Pts',(65.2264009254401,-9.54013988655231,39.1507004506013));
#3566=CARTESIAN_POINT('Ctrl Pts',(65.2224636840455,-9.5772301701615,39.058374626584));
#3567=CARTESIAN_POINT('',(64.4208716823781,-9.55593821147412,39.6774383247787));
#3568=CARTESIAN_POINT('Ctrl Pts',(64.4208712051057,-9.55593114261948,39.6774185243419));
#3569=CARTESIAN_POINT('Ctrl Pts',(64.640039281859,-9.56155219185959,39.5151232147577));
#3570=CARTESIAN_POINT('Ctrl Pts',(64.8481819388201,-9.56696621011231,39.355752841028));
#3571=CARTESIAN_POINT('Ctrl Pts',(65.0458543153553,-9.57234845715795,39.1994506998628));
#3572=CARTESIAN_POINT('Ctrl Pts',(65.088500021075,-9.57350961951984,39.1657301809298));
#3573=CARTESIAN_POINT('Ctrl Pts',(65.1306583344875,-9.57466923556498,39.1321523011361));
#3574=CARTESIAN_POINT('Ctrl Pts',(65.1723347114678,-9.57582895325228,39.0987182280385));
#3575=CARTESIAN_POINT('Ctrl Pts',(65.1890216378425,-9.57629329600627,39.0853314618029));
#3576=CARTESIAN_POINT('Ctrl Pts',(65.2057320347731,-9.5767604641441,39.0718869195418));
#3577=CARTESIAN_POINT('Ctrl Pts',(65.2224637115067,-9.57723057689744,39.0583852917019));
#3578=CARTESIAN_POINT('',(65.7208679612731,-12.3831351127402,16.3));
#3579=CARTESIAN_POINT('Ctrl Pts',(65.7208679612731,-12.3831351127402,16.3));
#3580=CARTESIAN_POINT('Ctrl Pts',(65.7151611873385,-12.3790333262952,17.277886341835));
#3581=CARTESIAN_POINT('Ctrl Pts',(65.7020503459593,-12.3696472306097,18.2572817516641));
#3582=CARTESIAN_POINT('Ctrl Pts',(65.6233775155563,-12.3111798795615,21.8092885038293));
#3583=CARTESIAN_POINT('Ctrl Pts',(65.5011135958141,-12.2261034300385,24.4538881291926));
#3584=CARTESIAN_POINT('Ctrl Pts',(64.9234087434215,-11.6348932536703,32.2138731865837));
#3585=CARTESIAN_POINT('Ctrl Pts',(64.4037958194663,-10.8535487767602,36.2642541255922));
#3586=CARTESIAN_POINT('Ctrl Pts',(64.4097992723157,-9.72981606299625,39.252209087159));
#3587=CARTESIAN_POINT('Ctrl Pts',(64.4131792808198,-9.64556745567776,39.4649697530564));
#3588=CARTESIAN_POINT('Ctrl Pts',(64.4208716823781,-9.55593821147412,39.6774383247787));
#3589=CARTESIAN_POINT('',(48.2640417326784,-15.2882617569282,16.3));
#3590=CARTESIAN_POINT('Ctrl Pts',(48.2640417326783,-15.2882617569271,16.3));
#3591=CARTESIAN_POINT('Ctrl Pts',(48.5203500102464,-15.2562723783989,16.3));
#3592=CARTESIAN_POINT('Ctrl Pts',(54.5519242229885,-14.4944532989891,16.3));
#3593=CARTESIAN_POINT('Ctrl Pts',(60.6064208962639,-13.5110002711992,16.3));
#3594=CARTESIAN_POINT('Ctrl Pts',(65.7208679612732,-12.3831351127402,16.3));
#3595=CARTESIAN_POINT('',(30.9868948753859,-16.9858683598936,16.3));
#3596=CARTESIAN_POINT('Ctrl Pts',(30.9868948753858,-16.9858683598924,16.3));
#3597=CARTESIAN_POINT('Ctrl Pts',(31.0208972658249,-16.9831901154011,16.3));
#3598=CARTESIAN_POINT('Ctrl Pts',(36.696618148371,-16.5357163678781,16.3));
#3599=CARTESIAN_POINT('Ctrl Pts',(42.4852250375795,-16.009505551544,16.3));
#3600=CARTESIAN_POINT('Ctrl Pts',(48.2640417326783,-15.2882617569271,16.3));
#3601=CARTESIAN_POINT('',(18.4585386052658,-17.8648833528226,16.3));
#3602=CARTESIAN_POINT('Ctrl Pts',(18.4585386052659,-17.8648833528227,16.3));
#3603=CARTESIAN_POINT('Ctrl Pts',(19.7436541157689,-17.7850104999526,16.3));
#3604=CARTESIAN_POINT('Ctrl Pts',(21.0241140989115,-17.7025499753121,16.3));
#3605=CARTESIAN_POINT('Ctrl Pts',(25.1929349134342,-17.4238788176562,16.3));
#3606=CARTESIAN_POINT('Ctrl Pts',(28.0752723202933,-17.2152062672665,16.3));
#3607=CARTESIAN_POINT('Ctrl Pts',(30.9868948753858,-16.9858683598924,16.3));
#3608=CARTESIAN_POINT('',(13.7941543685845,-13.3561802049172,45.3079380541994));
#3609=CARTESIAN_POINT('Ctrl Pts',(13.7941543685845,-13.3561802049172,45.3079380541994));
#3610=CARTESIAN_POINT('Ctrl Pts',(13.8547561841909,-13.3008661259933,45.3912104234938));
#3611=CARTESIAN_POINT('Ctrl Pts',(13.9194343970286,-13.2460305635924,45.4715105639137));
#3612=CARTESIAN_POINT('Ctrl Pts',(14.1877487508798,-13.0371224361314,45.7694749971507));
#3613=CARTESIAN_POINT('Ctrl Pts',(14.42386206852,-12.890258265081,45.9611140777026));
#3614=CARTESIAN_POINT('Ctrl Pts',(14.8775639139644,-12.6951316254721,46.1966572226532));
#3615=CARTESIAN_POINT('Ctrl Pts',(15.0679741235225,-12.6318105095738,46.2674649876064));
#3616=CARTESIAN_POINT('Ctrl Pts',(15.3670057064785,-12.5644036726984,46.3351378591179));
#3617=CARTESIAN_POINT('Ctrl Pts',(15.4654943399348,-12.5468407250054,46.3511138545454));
#3618=CARTESIAN_POINT('Ctrl Pts',(15.6379442590062,-12.5243864366538,46.368068981019));
#3619=CARTESIAN_POINT('Ctrl Pts',(15.7108820381145,-12.5173744490509,46.3719382718619));
#3620=CARTESIAN_POINT('Ctrl Pts',(15.8597630180066,-12.5081486935712,46.3731077762349));
#3621=CARTESIAN_POINT('Ctrl Pts',(15.93543696926,-12.5061163071305,46.3701882368748));
#3622=CARTESIAN_POINT('Ctrl Pts',(16.119397861248,-12.507576755006,46.3545604646848));
#3623=CARTESIAN_POINT('Ctrl Pts',(16.226780423628,-12.513864271229,46.3382005265562));
#3624=CARTESIAN_POINT('Ctrl Pts',(16.5631281964305,-12.5500227903026,46.2643295122729));
#3625=CARTESIAN_POINT('Ctrl Pts',(16.7807763671797,-12.598386925326,46.1822531792322));
#3626=CARTESIAN_POINT('Ctrl Pts',(17.2201145583934,-12.7400486843689,45.9477031271099));
#3627=CARTESIAN_POINT('Ctrl Pts',(17.4308627247412,-12.8380067300598,45.787893825923));
#3628=CARTESIAN_POINT('Ctrl Pts',(17.8904950306923,-13.104681452163,45.3378927423909));
#3629=CARTESIAN_POINT('Ctrl Pts',(18.1094694622744,-13.2843667813164,45.0216803313787));
#3630=CARTESIAN_POINT('Ctrl Pts',(18.5509029474644,-13.7267619107464,44.1848724910788));
#3631=CARTESIAN_POINT('Ctrl Pts',(18.7678624835878,-14.0369323347642,43.5510800720312));
#3632=CARTESIAN_POINT('Ctrl Pts',(19.1667388902538,-14.8851005797911,41.4960074045733));
#3633=CARTESIAN_POINT('Ctrl Pts',(19.2613248474537,-15.4399525158131,39.882347189919));
#3634=CARTESIAN_POINT('Ctrl Pts',(19.1907939928229,-16.5666616990877,35.1425785470994));
#3635=CARTESIAN_POINT('Ctrl Pts',(18.9932085306687,-17.0440110422497,32.1524087017307));
#3636=CARTESIAN_POINT('Ctrl Pts',(18.6218280076311,-17.6920784608812,25.0604529402342));
#3637=CARTESIAN_POINT('Ctrl Pts',(18.4580077025843,-17.8655062016914,21.1718585784329));
#3638=CARTESIAN_POINT('Ctrl Pts',(18.4585386052658,-17.8648833528227,16.3));
#3639=CARTESIAN_POINT('',(14.6395722846808,-13.7091891346906,44.6304346702808));
#3640=CARTESIAN_POINT('Ctrl Pts',(14.6395722846812,-13.7091891346904,44.6304346702812));
#3641=CARTESIAN_POINT('Ctrl Pts',(14.6220157608039,-13.7009359409714,44.6469811127577));
#3642=CARTESIAN_POINT('Ctrl Pts',(14.6043358927899,-13.6926870228379,44.6634662404602));
#3643=CARTESIAN_POINT('Ctrl Pts',(14.5865306670361,-13.6844429273375,44.6798897631302));
#3644=CARTESIAN_POINT('Ctrl Pts',(14.3645906751325,-13.5816812710744,44.8846069927135));
#3645=CARTESIAN_POINT('Ctrl Pts',(14.0851341668667,-13.4604664275913,45.1154488523704));
#3646=CARTESIAN_POINT('Ctrl Pts',(13.7941543685838,-13.3561802049177,45.3079380541986));
#3647=CARTESIAN_POINT('',(14.6793633343756,-17.829641440383,25.7761103878935));
#3648=CARTESIAN_POINT('Ctrl Pts',(14.6395722846807,-13.7091891346906,44.6304346702809));
#3649=CARTESIAN_POINT('Ctrl Pts',(14.5382575949554,-13.7757732077756,44.5215454985463));
#3650=CARTESIAN_POINT('Ctrl Pts',(14.4484225755059,-13.8455424805022,44.4029299138055));
#3651=CARTESIAN_POINT('Ctrl Pts',(14.1842501433034,-14.0774276447672,43.9933452239812));
#3652=CARTESIAN_POINT('Ctrl Pts',(14.0468493586522,-14.2462048688319,43.669433595491));
#3653=CARTESIAN_POINT('Ctrl Pts',(13.7790316684575,-14.6506658462085,42.8284850070508));
#3654=CARTESIAN_POINT('Ctrl Pts',(13.6610561238971,-14.9261172967788,42.1957038552225));
#3655=CARTESIAN_POINT('Ctrl Pts',(13.5072159245254,-15.6066984030275,40.3317219618058));
#3656=CARTESIAN_POINT('Ctrl Pts',(13.5166358853207,-16.0154399168914,38.9924694829872));
#3657=CARTESIAN_POINT('Ctrl Pts',(13.8184388561734,-17.1261561053777,34.0095095448227));
#3658=CARTESIAN_POINT('Ctrl Pts',(14.2904624870474,-17.5846771304534,30.1441741514077));
#3659=CARTESIAN_POINT('Ctrl Pts',(14.6793633343756,-17.829641440383,25.7761103878935));
#3660=CARTESIAN_POINT('',(13.7490344659137,-18.1150723760943,19.7492963702307));
#3661=CARTESIAN_POINT('Ctrl Pts',(13.7490344659124,-18.1150723760943,19.7492963702308));
#3662=CARTESIAN_POINT('Ctrl Pts',(13.8697512167612,-18.0871980649049,20.893336057183));
#3663=CARTESIAN_POINT('Ctrl Pts',(14.0218580258434,-18.0463045061462,22.0395327421832));
#3664=CARTESIAN_POINT('Ctrl Pts',(14.3395540529282,-17.9481044893362,23.981709978045));
#3665=CARTESIAN_POINT('Ctrl Pts',(14.4758694563454,-17.9033609835484,24.7286117845454));
#3666=CARTESIAN_POINT('Ctrl Pts',(14.6203439048422,-17.8512087058129,25.4738505572357));
#3667=CARTESIAN_POINT('Ctrl Pts',(14.6397802182453,-17.8441926000218,25.5741083848092));
#3668=CARTESIAN_POINT('Ctrl Pts',(14.6594597698425,-17.8370047897599,25.6748706756095));
#3669=CARTESIAN_POINT('Ctrl Pts',(14.6793633343758,-17.829641440383,25.7761103878935));
#3670=CARTESIAN_POINT('',(13.7794743092576,-18.1435645090247,16.3));
#3671=CARTESIAN_POINT('Ctrl Pts',(13.7794743092576,-18.1435645090247,16.3));
#3672=CARTESIAN_POINT('Ctrl Pts',(13.7795828880653,-18.1436646827842,16.7385889811268));
#3673=CARTESIAN_POINT('Ctrl Pts',(13.778243756863,-18.1424280892131,17.177062515661));
#3674=CARTESIAN_POINT('Ctrl Pts',(13.7753705359773,-18.1397616005228,17.6156379489185));
#3675=CARTESIAN_POINT('Ctrl Pts',(13.7726239821446,-18.1372126650168,18.0348786147441));
#3676=CARTESIAN_POINT('Ctrl Pts',(13.7684770958079,-18.1333586288781,18.4539783829447));
#3677=CARTESIAN_POINT('Ctrl Pts',(13.7628741064576,-18.128105930442,18.8731615621368));
#3678=CARTESIAN_POINT('Ctrl Pts',(13.7589687436324,-18.1244447253384,19.1653381669194));
#3679=CARTESIAN_POINT('Ctrl Pts',(13.7543588860865,-18.1201061785955,19.4573563699732));
#3680=CARTESIAN_POINT('Ctrl Pts',(13.7490333466015,-18.1150557980226,19.7493081305546));
#3681=CARTESIAN_POINT('',(13.6015021923814,-18.1537098946843,16.3));
#3682=CARTESIAN_POINT('Ctrl Pts',(13.6015021923814,-18.1537098946843,16.3));
#3683=CARTESIAN_POINT('Ctrl Pts',(13.6608441030536,-18.1503323247699,16.3));
#3684=CARTESIAN_POINT('Ctrl Pts',(13.7201680413418,-18.1469505436963,16.3));
#3685=CARTESIAN_POINT('Ctrl Pts',(13.7794743092576,-18.1435645090247,16.3));
#3686=CARTESIAN_POINT('',(-4.05198287016842,-18.7196285325272,16.3));
#3687=CARTESIAN_POINT('Ctrl Pts',(-4.05198287016841,-18.719628532527,16.3));
#3688=CARTESIAN_POINT('Ctrl Pts',(-4.05194875987203,-18.7196290077258,16.3));
#3689=CARTESIAN_POINT('Ctrl Pts',(1.38032149802641,-18.7953048777056,16.3));
#3690=CARTESIAN_POINT('Ctrl Pts',(7.56206662863381,-18.4970704735557,16.3));
#3691=CARTESIAN_POINT('Ctrl Pts',(13.5581108996006,-18.1561796015641,16.3));
#3692=CARTESIAN_POINT('Ctrl Pts',(13.6015021923814,-18.1537098946843,16.3));
#3693=CARTESIAN_POINT('',(-10.1347662549282,-18.4313626880175,16.3));
#3694=CARTESIAN_POINT('Ctrl Pts',(-10.1347662549282,-18.4313626880168,16.3));
#3695=CARTESIAN_POINT('Ctrl Pts',(-8.22792885680246,-18.6020809631591,16.3));
#3696=CARTESIAN_POINT('Ctrl Pts',(-6.19478294811743,-18.6897766683023,16.3));
#3697=CARTESIAN_POINT('Ctrl Pts',(-4.05198287016841,-18.719628532527,16.3));
#3698=CARTESIAN_POINT('',(-10.8327041174772,-12.9531344053972,43.7735498383218));
#3699=CARTESIAN_POINT('Ctrl Pts',(-10.8327041174772,-12.9531344053972,43.7735498383219));
#3700=CARTESIAN_POINT('Ctrl Pts',(-10.8286319339745,-12.954996175423,43.7732659543485));
#3701=CARTESIAN_POINT('Ctrl Pts',(-10.8245635140025,-12.956866399359,43.7729679683829));
#3702=CARTESIAN_POINT('Ctrl Pts',(-10.6464126286056,-13.0392075184987,43.7592874889547));
#3703=CARTESIAN_POINT('Ctrl Pts',(-10.484302875737,-13.1328385894708,43.7203939475795));
#3704=CARTESIAN_POINT('Ctrl Pts',(-10.1629512577213,-13.355161301786,43.5838055853602));
#3705=CARTESIAN_POINT('Ctrl Pts',(-10.0139091186592,-13.4826605902955,43.48065633245));
#3706=CARTESIAN_POINT('Ctrl Pts',(-9.7067154202493,-13.7902156499097,43.1826798024958));
#3707=CARTESIAN_POINT('Ctrl Pts',(-9.56824889637239,-13.969583502265,42.9701832469695));
#3708=CARTESIAN_POINT('Ctrl Pts',(-9.27026782394718,-14.4284440574458,42.3471963269453));
#3709=CARTESIAN_POINT('Ctrl Pts',(-9.15624775951141,-14.701890816519,41.8847029800681));
#3710=CARTESIAN_POINT('Ctrl Pts',(-8.94944809319867,-15.3634882407053,40.5949662001315));
#3711=CARTESIAN_POINT('Ctrl Pts',(-8.90664650993337,-15.8113066994441,39.5085644343164));
#3712=CARTESIAN_POINT('Ctrl Pts',(-9.02585736034172,-16.9646976187786,35.6616722393598));
#3713=CARTESIAN_POINT('Ctrl Pts',(-9.33009105122943,-17.531557385865,32.6251758231064));
#3714=CARTESIAN_POINT('Ctrl Pts',(-9.89174812249708,-18.2568605625782,25.3566488915182));
#3715=CARTESIAN_POINT('Ctrl Pts',(-10.1267891762859,-18.4248820918647,21.2967772332508));
#3716=CARTESIAN_POINT('Ctrl Pts',(-10.1347662549275,-18.4313626880169,16.3));
#3717=CARTESIAN_POINT('',(-12.0587044420594,-13.4620796479026,42.5377441760977));
#3718=CARTESIAN_POINT('Ctrl Pts',(-12.0587044420595,-13.4620796479025,42.5377441760978));
#3719=CARTESIAN_POINT('Ctrl Pts',(-12.0289598969411,-13.4473698982822,42.5735689702935));
#3720=CARTESIAN_POINT('Ctrl Pts',(-11.9989902063861,-13.4327254679319,42.6091701566352));
#3721=CARTESIAN_POINT('Ctrl Pts',(-11.9687936650985,-13.4181551912277,42.6445420502121));
#3722=CARTESIAN_POINT('Ctrl Pts',(-11.5557299128137,-13.2188458362268,43.1284003486547));
#3723=CARTESIAN_POINT('Ctrl Pts',(-11.1682509602718,-13.0686110807545,43.4898846492241));
#3724=CARTESIAN_POINT('Ctrl Pts',(-10.8327041174771,-12.9531344053973,43.7735498383217));
#3725=CARTESIAN_POINT('',(-14.4446153064009,-14.9642467218652,38.2435200689667));
#3726=CARTESIAN_POINT('Ctrl Pts',(-12.0587044420594,-13.4620796479026,42.5377441760977));
#3727=CARTESIAN_POINT('Ctrl Pts',(-12.0608844215937,-13.4619679763887,42.5367318819425));
#3728=CARTESIAN_POINT('Ctrl Pts',(-12.0630629353383,-13.4618593010027,42.5357158618819));
#3729=CARTESIAN_POINT('Ctrl Pts',(-12.267843899697,-13.4519175095113,42.4397966452347));
#3730=CARTESIAN_POINT('Ctrl Pts',(-12.4571086040589,-13.4679218017884,42.3132845988405));
#3731=CARTESIAN_POINT('Ctrl Pts',(-12.9037242152284,-13.5502696270187,41.9429588384098));
#3732=CARTESIAN_POINT('Ctrl Pts',(-13.1729384482962,-13.64914235762,41.6418735249878));
#3733=CARTESIAN_POINT('Ctrl Pts',(-13.6896449275168,-13.9509959113929,40.8390482934936));
#3734=CARTESIAN_POINT('Ctrl Pts',(-13.9312795909252,-14.1622670098548,40.323288451676));
#3735=CARTESIAN_POINT('Ctrl Pts',(-14.255761339716,-14.5836128839055,39.2581526146812));
#3736=CARTESIAN_POINT('Ctrl Pts',(-14.3629462321176,-14.7688053053393,38.780674960583));
#3737=CARTESIAN_POINT('Ctrl Pts',(-14.4446153064008,-14.9642467218652,38.2435200689667));
#3738=CARTESIAN_POINT('',(-15.4320701473751,-15.7956284353684,34.8525174167186));
#3739=CARTESIAN_POINT('Ctrl Pts',(-15.4320701473753,-15.7956284353683,34.8525174167186));
#3740=CARTESIAN_POINT('Ctrl Pts',(-15.327901111093,-15.6936328077948,35.3367085498703));
#3741=CARTESIAN_POINT('Ctrl Pts',(-15.2112797185722,-15.5859635516661,35.817166828264));
#3742=CARTESIAN_POINT('Ctrl Pts',(-14.9164568651463,-15.3308774648943,36.8856862519716));
#3743=CARTESIAN_POINT('Ctrl Pts',(-14.7315014490446,-15.1814110646161,37.4665570572999));
#3744=CARTESIAN_POINT('Ctrl Pts',(-14.5215116907028,-15.0221678631749,38.0377418545573));
#3745=CARTESIAN_POINT('Ctrl Pts',(-14.4963133413115,-15.0030589987246,38.1062828834242));
#3746=CARTESIAN_POINT('Ctrl Pts',(-14.4706809913445,-14.9837512720648,38.1748860520414));
#3747=CARTESIAN_POINT('Ctrl Pts',(-14.4446153064008,-14.9642467218652,38.2435200689666));
#3748=CARTESIAN_POINT('',(-14.8453102397901,-17.774390195924,16.3));
#3749=CARTESIAN_POINT('Ctrl Pts',(-14.8453102397901,-17.774390195924,16.3));
#3750=CARTESIAN_POINT('Ctrl Pts',(-14.8487704117488,-17.7694540675961,17.4175190002918));
#3751=CARTESIAN_POINT('Ctrl Pts',(-14.8605640105327,-17.7528215663034,18.5354719916773));
#3752=CARTESIAN_POINT('Ctrl Pts',(-14.9893603566401,-17.5611641460494,25.3921826821881));
#3753=CARTESIAN_POINT('Ctrl Pts',(-15.3079841613787,-17.0648338096754,29.3613909627066));
#3754=CARTESIAN_POINT('Ctrl Pts',(-15.4284176852244,-16.1680106557024,33.4362708315704));
#3755=CARTESIAN_POINT('Ctrl Pts',(-15.4386702658132,-15.9849324841438,34.1686498273865));
#3756=CARTESIAN_POINT('Ctrl Pts',(-15.4320701473751,-15.7956284353684,34.8525174167186));
#3757=CARTESIAN_POINT('',(-18.1515098206623,-16.9044630177472,16.3));
#3758=CARTESIAN_POINT('Ctrl Pts',(-18.1515098206621,-16.9044630177467,16.3));
#3759=CARTESIAN_POINT('Ctrl Pts',(-18.0889805890156,-16.9255783135356,16.3));
#3760=CARTESIAN_POINT('Ctrl Pts',(-17.0555131665651,-17.2693833689517,16.3));
#3761=CARTESIAN_POINT('Ctrl Pts',(-15.9473182693019,-17.553320494531,16.3));
#3762=CARTESIAN_POINT('Ctrl Pts',(-14.8453102397901,-17.774390195924,16.3));
#3763=CARTESIAN_POINT('Ctrl Pts',(-28.5270120309318,-6.6980208493841,16.3));
#3764=CARTESIAN_POINT('Ctrl Pts',(-28.0022963341033,-8.1390333942415,16.3));
#3765=CARTESIAN_POINT('Ctrl Pts',(-26.458007377665,-11.213693878036,16.3));
#3766=CARTESIAN_POINT('Ctrl Pts',(-23.1425535525618,-14.6898083999158,16.3));
#3767=CARTESIAN_POINT('Ctrl Pts',(-19.9483271684344,-16.2977015275152,16.3));
#3768=CARTESIAN_POINT('Ctrl Pts',(-18.1515098206621,-16.9044630177467,16.3));
#3769=CARTESIAN_POINT('',(69.9014083872276,-7.71883233499882,39.297606280932));
#3770=CARTESIAN_POINT('',(66.1114004033618,-7.02779903249447,42.793474528991));
#3771=CARTESIAN_POINT('Ctrl Pts',(69.9014083872272,-7.71883233499912,39.2976062809317));
#3772=CARTESIAN_POINT('Ctrl Pts',(68.9785020559097,-7.49713570762418,40.4543352600257));
#3773=CARTESIAN_POINT('Ctrl Pts',(67.8090463633524,-7.22994822584512,41.6517056090606));
#3774=CARTESIAN_POINT('Ctrl Pts',(66.1114004033617,-7.02779903249463,42.7934745289909));
#3775=CARTESIAN_POINT('Ctrl Pts',(66.1114004033618,-7.02779903249448,42.793474528991));
#3776=CARTESIAN_POINT('Ctrl Pts',(66.1482942732044,-7.00870343255703,42.7924971739097));
#3777=CARTESIAN_POINT('Ctrl Pts',(66.1855744744245,-6.99033345753135,42.7903696720459));
#3778=CARTESIAN_POINT('Ctrl Pts',(66.3152634262975,-6.92958826841196,42.779197839037));
#3779=CARTESIAN_POINT('Ctrl Pts',(66.4086908762419,-6.89127031417397,42.7646697840732));
#3780=CARTESIAN_POINT('Ctrl Pts',(66.6004400808179,-6.82300365874888,42.7232437468864));
#3781=CARTESIAN_POINT('Ctrl Pts',(66.6984320666922,-6.79355111919345,42.695993129254));
#3782=CARTESIAN_POINT('Ctrl Pts',(66.936591520259,-6.7340711757015,42.6167275757056));
#3783=CARTESIAN_POINT('Ctrl Pts',(67.0760039269531,-6.70956929203761,42.559234333483));
#3784=CARTESIAN_POINT('Ctrl Pts',(67.4870277458562,-6.66403606888741,42.3611204003941));
#3785=CARTESIAN_POINT('Ctrl Pts',(67.7494533318819,-6.67152715270507,42.19560458534));
#3786=CARTESIAN_POINT('Ctrl Pts',(68.3264644368178,-6.75151842382703,41.7536585482518));
#3787=CARTESIAN_POINT('Ctrl Pts',(68.6237550035125,-6.84706065299839,41.4584057515559));
#3788=CARTESIAN_POINT('Ctrl Pts',(69.2268377966019,-7.12584885660188,40.7125104176565));
#3789=CARTESIAN_POINT('Ctrl Pts',(69.5396274977768,-7.34722994378026,40.197380252349));
#3790=CARTESIAN_POINT('Ctrl Pts',(69.8361264602437,-7.64790110068398,39.4704971189727));
#3791=CARTESIAN_POINT('Ctrl Pts',(69.8691935334299,-7.68301420540533,39.3852154916131));
#3792=CARTESIAN_POINT('Ctrl Pts',(69.9014083872275,-7.71883233499883,39.297606280932));
#3793=CARTESIAN_POINT('Origin',(-25.6054543541468,-2.22044604925031E-15,
16.3));
#3794=CARTESIAN_POINT('Ctrl Pts',(-26.826634221973,1.03378901639352,33.6707625582299));
#3795=CARTESIAN_POINT('Ctrl Pts',(-26.6752980151452,1.21255733964001,34.0189359595132));
#3796=CARTESIAN_POINT('Ctrl Pts',(-26.4839292703718,1.35877405178686,34.4386149960894));
#3797=CARTESIAN_POINT('Ctrl Pts',(-25.9462349644989,1.60183112201893,35.5414897309385));
#3798=CARTESIAN_POINT('Ctrl Pts',(-25.5746621551641,1.64380710295195,36.2423642740419));
#3799=CARTESIAN_POINT('Ctrl Pts',(-24.9851994285336,1.49275485628523,37.2648246559801));
#3800=CARTESIAN_POINT('Ctrl Pts',(-24.7775699904029,1.38842010705929,37.6058897048538));
#3801=CARTESIAN_POINT('Ctrl Pts',(-24.4865839395309,1.15276419391748,38.067712778764));
#3802=CARTESIAN_POINT('Ctrl Pts',(-24.374938463081,1.03743409091221,38.2401829602631));
#3803=CARTESIAN_POINT('Ctrl Pts',(-24.1887165328679,0.760419391474703,38.5203075502551));
#3804=CARTESIAN_POINT('Ctrl Pts',(-24.1206707186275,0.616589574457745,38.6191953640394));
#3805=CARTESIAN_POINT('Ctrl Pts',(-24.0498879348604,0.384118599584375,38.7184240082295));
#3806=CARTESIAN_POINT('Ctrl Pts',(-24.0307046620434,0.297496986944091,38.7442478392868));
#3807=CARTESIAN_POINT('Ctrl Pts',(-24.0099949791837,0.138716519089752,38.7694443175231));
#3808=CARTESIAN_POINT('Ctrl Pts',(-24.0054543540907,0.0695777538080962,
38.7735574082016));
#3809=CARTESIAN_POINT('Ctrl Pts',(-24.0054543541468,-1.29007893626204E-9,
38.770690917443));
#3810=CARTESIAN_POINT('',(-24.0054543541468,3.60432860097225E-12,40.7182187973883));
#3811=CARTESIAN_POINT('',(-24.0054543541468,-2.02450256138674E-15,16.3));
#3812=CARTESIAN_POINT('',(-27.205454339358,-0.000217541275948064,35.7514485867996));
#3813=CARTESIAN_POINT('Ctrl Pts',(-27.2054543393579,-0.000217541275950302,
35.7514485867996));
#3814=CARTESIAN_POINT('Ctrl Pts',(-27.2054586714919,0.0316449835981895,
35.7534194221933));
#3815=CARTESIAN_POINT('Ctrl Pts',(-27.2045110407804,0.0661858997853028,
35.7573002007289));
#3816=CARTESIAN_POINT('Ctrl Pts',(-27.1953877588464,0.207576672691966,35.7827652260543));
#3817=CARTESIAN_POINT('Ctrl Pts',(-27.1787182972523,0.306320197127145,35.819364211778));
#3818=CARTESIAN_POINT('Ctrl Pts',(-27.1151919954709,0.553568627004393,35.9500077463269));
#3819=CARTESIAN_POINT('Ctrl Pts',(-27.0524970680588,0.70089553131672,36.0723991757775));
#3820=CARTESIAN_POINT('Ctrl Pts',(-26.8323693196267,1.05999116922395,36.4844476143827));
#3821=CARTESIAN_POINT('Ctrl Pts',(-26.6415189726738,1.2475398223632,36.8273883774094));
#3822=CARTESIAN_POINT('Ctrl Pts',(-26.2635853857164,1.46868619662026,37.4677545931822));
#3823=CARTESIAN_POINT('Ctrl Pts',(-26.1034718265237,1.52964575033521,37.7305801574443));
#3824=CARTESIAN_POINT('Ctrl Pts',(-25.8186961877176,1.59059680196034,38.183290808006));
#3825=CARTESIAN_POINT('Ctrl Pts',(-25.6934016313518,1.60258161136061,38.3779263512204));
#3826=CARTESIAN_POINT('Ctrl Pts',(-25.4535342602042,1.59680554620741,38.7420417191381));
#3827=CARTESIAN_POINT('Ctrl Pts',(-25.3379674658167,1.58195995145372,38.9138992695253));
#3828=CARTESIAN_POINT('Ctrl Pts',(-25.0947390657263,1.5219989621437,39.2683518718609));
#3829=CARTESIAN_POINT('Ctrl Pts',(-24.9651511705621,1.47335484199826,39.4529469034802));
#3830=CARTESIAN_POINT('Ctrl Pts',(-24.658936406175,1.3061565411125,39.8797529557009));
#3831=CARTESIAN_POINT('Ctrl Pts',(-24.5007946597691,1.17515746724317,40.0923897702044));
#3832=CARTESIAN_POINT('Ctrl Pts',(-24.2769565509656,0.90396043089421,40.3867508369151));
#3833=CARTESIAN_POINT('Ctrl Pts',(-24.190108338957,0.766306739252136,40.4983414195195));
#3834=CARTESIAN_POINT('Ctrl Pts',(-24.0766061884043,0.488318480743164,40.6401511138228));
#3835=CARTESIAN_POINT('Ctrl Pts',(-24.0406864409295,0.361052494334592,40.6834648984606));
#3836=CARTESIAN_POINT('Ctrl Pts',(-24.0109530649773,0.151806862761311,40.7159251847443));
#3837=CARTESIAN_POINT('Ctrl Pts',(-24.0054543541471,0.0770585764450431,
40.7207466546466));
#3838=CARTESIAN_POINT('Ctrl Pts',(-24.0054543541468,7.21135824666153E-12,
40.7182187973884));
#3839=CARTESIAN_POINT('',(-24.0054543669724,-0.000202588062339619,40.7182121346388));
#3840=CARTESIAN_POINT('Ctrl Pts',(-24.0054543669724,-0.000202588062338128,
40.7182121346388));
#3841=CARTESIAN_POINT('Ctrl Pts',(-24.0054574556678,-0.0245964862064094,
40.7190091385682));
#3842=CARTESIAN_POINT('Ctrl Pts',(-24.0060171774139,-0.0487949912785074,
40.7190631679533));
#3843=CARTESIAN_POINT('Ctrl Pts',(-24.010933771265,-0.156653918153833,40.7161027020399));
#3844=CARTESIAN_POINT('Ctrl Pts',(-24.0212921020533,-0.238988489458933,
40.7051180202781));
#3845=CARTESIAN_POINT('Ctrl Pts',(-24.0687425844321,-0.472122044979626,
40.6500027833466));
#3846=CARTESIAN_POINT('Ctrl Pts',(-24.1203329318549,-0.61128896755558,40.586276478524));
#3847=CARTESIAN_POINT('Ctrl Pts',(-24.2689963857821,-0.898952258731291,
40.3972601732073));
#3848=CARTESIAN_POINT('Ctrl Pts',(-24.3823739439799,-1.04831166001009,40.2498877917172));
#3849=CARTESIAN_POINT('Ctrl Pts',(-24.6617635029394,-1.30650248672404,39.8751743267471));
#3850=CARTESIAN_POINT('Ctrl Pts',(-24.8162426932446,-1.40173935290066,39.6626033929286));
#3851=CARTESIAN_POINT('Ctrl Pts',(-25.0897027560204,-1.52029668931843,39.275692716357));
#3852=CARTESIAN_POINT('Ctrl Pts',(-25.2120109335867,-1.55567987401046,39.0990027422067));
#3853=CARTESIAN_POINT('Ctrl Pts',(-25.4487271539908,-1.5966732031513,38.749590486307));
#3854=CARTESIAN_POINT('Ctrl Pts',(-25.5646778935426,-1.60351170797201,38.5748680791134));
#3855=CARTESIAN_POINT('Ctrl Pts',(-25.8131907901007,-1.59220210448286,38.1925108678345));
#3856=CARTESIAN_POINT('Ctrl Pts',(-25.9465677085918,-1.56899228543979,37.9820823463437));
#3857=CARTESIAN_POINT('Ctrl Pts',(-26.2540113266409,-1.47457751024286,37.4847338610664));
#3858=CARTESIAN_POINT('Ctrl Pts',(-26.4292809275837,-1.38640330620523,37.1906270920796));
#3859=CARTESIAN_POINT('Ctrl Pts',(-26.7551490696955,-1.13258372895757,36.6236547833453));
#3860=CARTESIAN_POINT('Ctrl Pts',(-26.8945185307107,-0.971162552783379,
36.3696512117479));
#3861=CARTESIAN_POINT('Ctrl Pts',(-27.0582461452378,-0.681237982609423,
36.0606010815465));
#3862=CARTESIAN_POINT('Ctrl Pts',(-27.1121812674856,-0.55765043557047,35.9557286536321));
#3863=CARTESIAN_POINT('Ctrl Pts',(-27.175821175008,-0.321957316271184,35.8256332610609));
#3864=CARTESIAN_POINT('Ctrl Pts',(-27.1941725793344,-0.21908363521915,35.7856939394704));
#3865=CARTESIAN_POINT('Ctrl Pts',(-27.2043838816287,-0.0704877633815266,
35.7577784217078));
#3866=CARTESIAN_POINT('Ctrl Pts',(-27.205449767448,-0.0338436010412846,
35.7535473814309));
#3867=CARTESIAN_POINT('Ctrl Pts',(-27.205454339358,-0.000217541275952145,
35.7514485867996));
#3868=CARTESIAN_POINT('Ctrl Pts',(-24.0054543540472,9.46016102775079E-12,
40.7182187973641));
#3869=CARTESIAN_POINT('Ctrl Pts',(-24.0054530337902,-6.75276438443599E-5,
40.7182181550525));
#3870=CARTESIAN_POINT('Ctrl Pts',(-24.0054517130674,-0.000135055240782009,
40.7182175127332));
#3871=CARTESIAN_POINT('Ctrl Pts',(-24.0054503918788,-0.000202582781345342,
40.7182168704061));
#3872=CARTESIAN_POINT('Origin',(-33.4714418761166,0.256502733715983,30.3295527009344));
#3873=CARTESIAN_POINT('Ctrl Pts',(-26.8388682144367,1.09450569225532,33.6359169372258));
#3874=CARTESIAN_POINT('Ctrl Pts',(-26.8598994730165,1.30732707812255,33.5652121728274));
#3875=CARTESIAN_POINT('Ctrl Pts',(-26.8751181054354,1.52158337872397,33.4972175034947));
#3876=CARTESIAN_POINT('Ctrl Pts',(-26.8846069098494,1.73697267394211,33.4319705668541));
#3877=CARTESIAN_POINT('Ctrl Pts',(19.,2.37990148780518E-30,51.3));
#3878=CARTESIAN_POINT('Ctrl Pts',(15.3487053775053,-1.71614973654013E-5,
51.2491921234981));
#3879=CARTESIAN_POINT('Ctrl Pts',(9.87176344376334,-4.29037434135033E-5,
51.1729803087451));
#3880=CARTESIAN_POINT('Ctrl Pts',(5.0418732704604,-6.57128152067099E-5,
50.8004421358844));
#3881=CARTESIAN_POINT('Ctrl Pts',(1.9480291030535,-8.03553549474284E-5,
50.4893927543781));
#3882=CARTESIAN_POINT('Ctrl Pts',(-2.50361322586428,-0.000101473902376377,
49.9287827827201));
#3883=CARTESIAN_POINT('Ctrl Pts',(-9.11019748619983,-0.000133107483361497,
48.5479510994838));
#3884=CARTESIAN_POINT('Ctrl Pts',(-14.5146639413973,-0.000159462606474553,
46.4723656243351));
#3885=CARTESIAN_POINT('Ctrl Pts',(-17.2435640627703,-0.000172963645521406,
44.901474789442));
#3886=CARTESIAN_POINT('Ctrl Pts',(-18.9554579822878,-0.000181462841247819,
43.7775994969768));
#3887=CARTESIAN_POINT('Ctrl Pts',(-21.3622396194675,-0.000193459389380206,
41.9768644544744));
#3888=CARTESIAN_POINT('Ctrl Pts',(-24.6192495133759,-0.000209784573063492,
38.3689842619297));
#3889=CARTESIAN_POINT('Ctrl Pts',(-26.9804083020815,-0.000221482224750875,
33.6729574818499));
#3890=CARTESIAN_POINT('Ctrl Pts',(-28.3786536802126,-0.000228307528611582,
29.1921971191137));
#3891=CARTESIAN_POINT('Ctrl Pts',(-29.3639660202406,-0.000233074812274426,
24.0922017603278));
#3892=CARTESIAN_POINT('Ctrl Pts',(-29.5418621791547,-0.000233919342693268,
19.4168807041311));
#3893=CARTESIAN_POINT('Ctrl Pts',(-29.6604596184308,-0.000234482362972497,
16.3));
#3894=CARTESIAN_POINT('Ctrl Pts',(19.,2.37990148780518E-30,51.3));
#3895=CARTESIAN_POINT('Ctrl Pts',(15.6265726131271,0.156857816251226,51.2548417935094));
#3896=CARTESIAN_POINT('Ctrl Pts',(10.3644983819251,0.465485034986853,51.1801608406788));
#3897=CARTESIAN_POINT('Ctrl Pts',(5.55311462726856,0.830447263304219,50.8036296212264));
#3898=CARTESIAN_POINT('Ctrl Pts',(2.43980983614356,1.08030992209995,50.4892341796701));
#3899=CARTESIAN_POINT('Ctrl Pts',(-2.0887207825749,1.46493567016976,49.9225790744538));
#3900=CARTESIAN_POINT('Ctrl Pts',(-8.97315692832472,2.11040449974549,48.5306182479767));
#3901=CARTESIAN_POINT('Ctrl Pts',(-14.6183294889415,2.64248915477039,46.453368526791));
#3902=CARTESIAN_POINT('Ctrl Pts',(-17.3683992301227,2.85703834083553,44.8906299041453));
#3903=CARTESIAN_POINT('Ctrl Pts',(-19.0551788373644,2.97083979936482,43.7747664282747));
#3904=CARTESIAN_POINT('Ctrl Pts',(-21.4346172361986,3.13188840179122,41.9884879589601));
#3905=CARTESIAN_POINT('Ctrl Pts',(-24.6877934604603,3.35222380776226,38.4107467644634));
#3906=CARTESIAN_POINT('Ctrl Pts',(-27.0743624223217,3.50895794089377,33.7365198427586));
#3907=CARTESIAN_POINT('Ctrl Pts',(-28.4946378349308,3.59648678014625,29.2583566315934));
#3908=CARTESIAN_POINT('Ctrl Pts',(-29.4978333368297,3.65887785742302,24.1477835171843));
#3909=CARTESIAN_POINT('Ctrl Pts',(-29.678534981816,3.67750505137479,19.4460176544295));
#3910=CARTESIAN_POINT('Ctrl Pts',(-29.7890071039724,3.67750454075435,16.3));
#3911=CARTESIAN_POINT('Ctrl Pts',(19.,2.37990148780518E-30,51.3));
#3912=CARTESIAN_POINT('Ctrl Pts',(16.0433674424152,0.392081054265929,51.2633023249301));
#3913=CARTESIAN_POINT('Ctrl Pts',(11.2505966715331,1.18940991617452,51.1822015012223));
#3914=CARTESIAN_POINT('Ctrl Pts',(6.70038425167466,2.14622938495765,50.7982460453832));
#3915=CARTESIAN_POINT('Ctrl Pts',(3.72447264947485,2.80296334922375,50.4789635178838));
#3916=CARTESIAN_POINT('Ctrl Pts',(-0.649599124401774,3.81561259707574,49.9055891941624));
#3917=CARTESIAN_POINT('Ctrl Pts',(-7.46362683818994,5.51718145359637,48.5071583410146));
#3918=CARTESIAN_POINT('Ctrl Pts',(-13.1327599685341,6.9113104151337,46.4427986220941));
#3919=CARTESIAN_POINT('Ctrl Pts',(-15.8549169569325,7.45975366119276,44.895258152659));
#3920=CARTESIAN_POINT('Ctrl Pts',(-17.5040166034184,7.74439584343807,43.7914464975646));
#3921=CARTESIAN_POINT('Ctrl Pts',(-19.8282966897776,8.15473827028923,42.0246401843322));
#3922=CARTESIAN_POINT('Ctrl Pts',(-22.9968417081923,8.74849716071674,38.4756843072285));
#3923=CARTESIAN_POINT('Ctrl Pts',(-25.3120867423877,9.19841297547326,33.8156879868107));
#3924=CARTESIAN_POINT('Ctrl Pts',(-26.6761181287761,9.45896835382655,29.3303219908186));
#3925=CARTESIAN_POINT('Ctrl Pts',(-27.6287213270634,9.64913247332061,24.2051951743774));
#3926=CARTESIAN_POINT('Ctrl Pts',(-27.7932749441002,9.70898961195781,19.4897274878105));
#3927=CARTESIAN_POINT('Ctrl Pts',(-27.8915591485096,9.70898832185408,16.3));
#3928=CARTESIAN_POINT('Ctrl Pts',(19.,2.37990148780519E-30,51.3));
#3929=CARTESIAN_POINT('Ctrl Pts',(16.6045078764018,0.682669680378379,51.2737758087805));
#3930=CARTESIAN_POINT('Ctrl Pts',(12.5748698310547,1.93647078581182,51.1886684947604));
#3931=CARTESIAN_POINT('Ctrl Pts',(8.5884494113845,3.34968764669097,50.8199032656991));
#3932=CARTESIAN_POINT('Ctrl Pts',(5.95128893828664,4.30747122737873,50.5144240949508));
#3933=CARTESIAN_POINT('Ctrl Pts',(2.03668911867103,5.767025126574,49.9663617376322));
#3934=CARTESIAN_POINT('Ctrl Pts',(-4.20153714245005,8.16819003399076,48.6298921335438));
#3935=CARTESIAN_POINT('Ctrl Pts',(-9.48984233954138,10.1697292443833,46.6429543185807));
#3936=CARTESIAN_POINT('Ctrl Pts',(-12.0123652551899,11.0201072551612,45.1279562947251));
#3937=CARTESIAN_POINT('Ctrl Pts',(-13.5277011610224,11.4877661821495,44.0410906484714));
#3938=CARTESIAN_POINT('Ctrl Pts',(-15.6664579027814,12.1636011391008,42.2907477209436));
#3939=CARTESIAN_POINT('Ctrl Pts',(-18.5943745367362,13.1454447958094,38.7163505251279));
#3940=CARTESIAN_POINT('Ctrl Pts',(-20.7461456998325,13.8900684392683,33.9919160073046));
#3941=CARTESIAN_POINT('Ctrl Pts',(-21.9991524364098,14.3196451865255,29.4394836728038));
#3942=CARTESIAN_POINT('Ctrl Pts',(-22.8633527769695,14.63174101368,24.259935177398));
#3943=CARTESIAN_POINT('Ctrl Pts',(-23.0171056217145,14.7287856777925,19.5434357196592));
#3944=CARTESIAN_POINT('Ctrl Pts',(-23.0988459499971,14.7287852504765,16.3));
#3945=CARTESIAN_POINT('Ctrl Pts',(19.,2.37990148780518E-30,51.3));
#3946=CARTESIAN_POINT('Ctrl Pts',(17.1710483343351,0.950009012660929,51.2834096608362));
#3947=CARTESIAN_POINT('Ctrl Pts',(13.982685654073,2.54896273155715,51.1945009431621));
#3948=CARTESIAN_POINT('Ctrl Pts',(10.6909605759633,4.23996557940596,50.8488949553903));
#3949=CARTESIAN_POINT('Ctrl Pts',(8.48869195029718,5.37016601362576,50.5637207001576));
#3950=CARTESIAN_POINT('Ctrl Pts',(5.19108121304449,7.06931271505394,50.0525130396527));
#3951=CARTESIAN_POINT('Ctrl Pts',(-0.163656093908356,9.79356790948976,48.802368079507));
#3952=CARTESIAN_POINT('Ctrl Pts',(-4.77553385558134,12.0972060531131,46.9152452602054));
#3953=CARTESIAN_POINT('Ctrl Pts',(-6.95646786981526,13.1478381574833,45.4379877317084));
#3954=CARTESIAN_POINT('Ctrl Pts',(-8.25449506347673,13.7540566352574,44.3690307293336));
#3955=CARTESIAN_POINT('Ctrl Pts',(-10.0926670677258,14.6314623853281,42.6319445938367));
#3956=CARTESIAN_POINT('Ctrl Pts',(-12.6351408664869,15.9096337975934,39.0071787127249));
#3957=CARTESIAN_POINT('Ctrl Pts',(-14.5305904341281,16.8789430911437,34.1861388391414));
#3958=CARTESIAN_POINT('Ctrl Pts',(-15.6236760741957,17.4364237998255,29.545507981648));
#3959=CARTESIAN_POINT('Ctrl Pts',(-16.368894806076,17.8400305811439,24.3001563536896));
#3960=CARTESIAN_POINT('Ctrl Pts',(-16.5110892191628,17.964370707994,19.5925826282429));
#3961=CARTESIAN_POINT('Ctrl Pts',(-16.5759924865425,17.9643710555277,16.3));
#3962=CARTESIAN_POINT('Ctrl Pts',(19.,2.37990148780518E-30,51.3));
#3963=CARTESIAN_POINT('Ctrl Pts',(17.8927216809036,1.22602608781928,51.2933475944784));
#3964=CARTESIAN_POINT('Ctrl Pts',(15.8998495515179,3.07311910999813,51.1969990803672));
#3965=CARTESIAN_POINT('Ctrl Pts',(13.7319017748815,4.84384787355476,50.8817927661782));
#3966=CARTESIAN_POINT('Ctrl Pts',(12.2619443283143,5.99944571234002,50.6234105572243));
#3967=CARTESIAN_POINT('Ctrl Pts',(10.043326108475,7.6950996103673,50.1614317783266));
#3968=CARTESIAN_POINT('Ctrl Pts',(6.38209433431231,10.2813952075497,49.0262223020299));
#3969=CARTESIAN_POINT('Ctrl Pts',(3.17053396096883,12.5104415013321,47.2688098210618));
#3970=CARTESIAN_POINT('Ctrl Pts',(1.66670305786538,13.6422269320936,45.8355388323445));
#3971=CARTESIAN_POINT('Ctrl Pts',(0.781269808162902,14.3384703227282,44.7850382710989));
#3972=CARTESIAN_POINT('Ctrl Pts',(-0.468876981651985,15.3445276765703,43.0571247707313));
#3973=CARTESIAN_POINT('Ctrl Pts',(-2.1839658788756,16.8016066739564,39.3520740780461));
#3974=CARTESIAN_POINT('Ctrl Pts',(-3.45857010784402,17.8940342816901,34.3974734981242));
#3975=CARTESIAN_POINT('Ctrl Pts',(-4.16816639454165,18.5156227425543,29.6434241952597));
#3976=CARTESIAN_POINT('Ctrl Pts',(-4.63089515011452,18.9615260157964,24.3211288620349));
#3977=CARTESIAN_POINT('Ctrl Pts',(-4.71975390143547,19.0957876354996,19.6426146282931));
#3978=CARTESIAN_POINT('Ctrl Pts',(-4.76287790272758,19.0957884061715,16.3));
#3979=CARTESIAN_POINT('Ctrl Pts',(19.,2.37990148780518E-30,51.3));
#3980=CARTESIAN_POINT('Ctrl Pts',(18.6413983979712,1.38584484362049,51.299094909618));
#3981=CARTESIAN_POINT('Ctrl Pts',(17.9859878037487,3.34000465015271,51.1772631763467));
#3982=CARTESIAN_POINT('Ctrl Pts',(17.230344650828,5.07958178762174,50.8465488548692));
#3983=CARTESIAN_POINT('Ctrl Pts',(16.709598602041,6.19092158046418,50.5798672306751));
#3984=CARTESIAN_POINT('Ctrl Pts',(15.9205318799973,7.78577426125057,50.1078850074243));
#3985=CARTESIAN_POINT('Ctrl Pts',(14.6042014016192,10.0889323961451,48.969477758929));
#3986=CARTESIAN_POINT('Ctrl Pts',(13.4149783761976,12.0606060828334,47.2317339680271));
#3987=CARTESIAN_POINT('Ctrl Pts',(12.8575342158402,13.1236575496497,45.8005843652687));
#3988=CARTESIAN_POINT('Ctrl Pts',(12.5307837738806,13.7992397962392,44.747934889084));
#3989=CARTESIAN_POINT('Ctrl Pts',(12.0734360118947,14.7741267636656,43.0189468395016));
#3990=CARTESIAN_POINT('Ctrl Pts',(11.4600427334145,16.1785600307142,39.3065461548987));
#3991=CARTESIAN_POINT('Ctrl Pts',(11.00631903415,17.21949438331,34.352767851553));
#3992=CARTESIAN_POINT('Ctrl Pts',(10.7707881979672,17.8064828331717,29.5966683558212));
#3993=CARTESIAN_POINT('Ctrl Pts',(10.6348501293351,18.225184486999,24.2911161610344));
#3994=CARTESIAN_POINT('Ctrl Pts',(10.6128719458986,18.3493074121981,19.6698376333972));
#3995=CARTESIAN_POINT('Ctrl Pts',(10.5929931658358,18.3493086293593,16.3));
#3996=CARTESIAN_POINT('Ctrl Pts',(19.,2.37990148780518E-30,51.3));
#3997=CARTESIAN_POINT('Ctrl Pts',(19.106805612012,1.41200468577769,51.3000269826187));
#3998=CARTESIAN_POINT('Ctrl Pts',(19.2161008585148,3.36820901755762,51.175113649635));
#3999=CARTESIAN_POINT('Ctrl Pts',(19.2646469351629,5.07065113336215,50.8438179124195));
#4000=CARTESIAN_POINT('Ctrl Pts',(19.2854116758231,6.15043449243843,50.5770914019137));
#4001=CARTESIAN_POINT('Ctrl Pts',(19.3045035629662,7.68872844824323,50.1054272999163));
#4002=CARTESIAN_POINT('Ctrl Pts',(19.2905397565698,9.86673554106082,48.9697168206206));
#4003=CARTESIAN_POINT('Ctrl Pts',(19.2630497739218,11.7179693194016,47.2379827407743));
#4004=CARTESIAN_POINT('Ctrl Pts',(19.2733836790405,12.731278848925,45.8051565719148));
#4005=CARTESIAN_POINT('Ctrl Pts',(19.2892090049862,13.3805655188257,44.7496013846573));
#4006=CARTESIAN_POINT('Ctrl Pts',(19.3121571626003,14.3197803547926,43.0162731431617));
#4007=CARTESIAN_POINT('Ctrl Pts',(19.3430905352118,15.6813897704992,39.2955196521059));
#4008=CARTESIAN_POINT('Ctrl Pts',(19.3556706251134,16.6963518344865,34.3394557943619));
#4009=CARTESIAN_POINT('Ctrl Pts',(19.366682739206,17.2722516322292,29.5829500492807));
#4010=CARTESIAN_POINT('Ctrl Pts',(19.3826489771696,17.6863793074449,24.2813650086432));
#4011=CARTESIAN_POINT('Ctrl Pts',(19.3905067389099,17.811426475241,19.6724866530312));
#4012=CARTESIAN_POINT('Ctrl Pts',(19.3854546566061,17.8114278548701,16.3));
#4013=CARTESIAN_POINT('Ctrl Pts',(19.,2.37990148780518E-30,51.3));
#4014=CARTESIAN_POINT('Ctrl Pts',(19.4211269512508,1.41200531806902,51.3000182818188));
#4015=CARTESIAN_POINT('Ctrl Pts',(20.0369127298476,3.3523875141756,51.1756932081087));
#4016=CARTESIAN_POINT('Ctrl Pts',(20.6227807167846,5.02301180423849,50.8449543480527));
#4017=CARTESIAN_POINT('Ctrl Pts',(21.0062024364966,6.07888856348263,50.5784884098696));
#4018=CARTESIAN_POINT('Ctrl Pts',(21.5654929131476,7.57801964582709,50.1070757839992));
#4019=CARTESIAN_POINT('Ctrl Pts',(22.4160256675234,9.6810833023515,48.9715532284456));
#4020=CARTESIAN_POINT('Ctrl Pts',(23.1601862796113,11.4627253717905,47.2409406912243));
#4021=CARTESIAN_POINT('Ctrl Pts',(23.5437433100032,12.4457631208877,45.8069420393983));
#4022=CARTESIAN_POINT('Ctrl Pts',(23.7831039405767,13.078428765773,44.7499433797051));
#4023=CARTESIAN_POINT('Ctrl Pts',(24.1205386037968,13.9944170017175,43.0141614128424));
#4024=CARTESIAN_POINT('Ctrl Pts',(24.578352135618,15.3254543828356,39.2893421687688));
#4025=CARTESIAN_POINT('Ctrl Pts',(24.906309002006,16.3196677740222,34.3331546045637));
#4026=CARTESIAN_POINT('Ctrl Pts',(25.0817944738614,16.886082271411,29.5778039214583));
#4027=CARTESIAN_POINT('Ctrl Pts',(25.1967066827061,17.2958736118023,24.2778395606297));
#4028=CARTESIAN_POINT('Ctrl Pts',(25.2263259125793,17.4213271051086,19.670831786903));
#4029=CARTESIAN_POINT('Ctrl Pts',(25.2313781825421,17.4213285050537,16.3));
#4030=CARTESIAN_POINT('Ctrl Pts',(19.,2.37990148780518E-30,51.3));
#4031=CARTESIAN_POINT('Ctrl Pts',(19.8986837549263,1.38584737278582,51.2990601064184));
#4032=CARTESIAN_POINT('Ctrl Pts',(21.2943560264701,3.27645074480907,51.1795590892508));
#4033=CARTESIAN_POINT('Ctrl Pts',(22.6898315867018,4.88890732781001,50.8513152604065));
#4034=CARTESIAN_POINT('Ctrl Pts',(23.6165789673566,5.90490543118603,50.5859254134642));
#4035=CARTESIAN_POINT('Ctrl Pts',(24.9840390292923,7.3433172656893,50.1154368170633));
#4036=CARTESIAN_POINT('Ctrl Pts',(27.1261265076693,9.34639197970328,48.9785466518611));
#4037=CARTESIAN_POINT('Ctrl Pts',(29.0077121831881,11.0396316134837,47.2440535177101));
#4038=CARTESIAN_POINT('Ctrl Pts',(29.9389727396908,11.9815946375005,45.8077262352027));
#4039=CARTESIAN_POINT('Ctrl Pts',(30.5063635162426,12.5906927840287,44.7493028692754));
#4040=CARTESIAN_POINT('Ctrl Pts',(31.3066895872059,13.4728531721503,43.010275898181));
#4041=CARTESIAN_POINT('Ctrl Pts',(32.396894701519,14.7560175268886,39.2803528042745));
#4042=CARTESIAN_POINT('Ctrl Pts',(33.192729314163,15.7154569099574,34.3258449387362));
#4043=CARTESIAN_POINT('Ctrl Pts',(33.6209962671263,16.2644803915763,29.5750995275065));
#4044=CARTESIAN_POINT('Ctrl Pts',(33.8944753142088,16.6644932777479,24.2769530444905));
#4045=CARTESIAN_POINT('Ctrl Pts',(33.9561486405764,16.7889099316687,19.6632181688844));
#4046=CARTESIAN_POINT('Ctrl Pts',(33.9766872695798,16.7889112300937,16.3));
#4047=CARTESIAN_POINT('Ctrl Pts',(19.,2.37990148780518E-30,51.3));
#4048=CARTESIAN_POINT('Ctrl Pts',(20.7216137340525,1.22603177844126,51.2932692872792));
#4049=CARTESIAN_POINT('Ctrl Pts',(23.5239754506166,2.9208773037444,51.1924565602643));
#4050=CARTESIAN_POINT('Ctrl Pts',(26.3311367390988,4.39281374539586,50.8670910286873));
#4051=CARTESIAN_POINT('Ctrl Pts',(28.1956826464183,5.32574453469093,50.6007316058582));
#4052=CARTESIAN_POINT('Ctrl Pts',(30.9590190348621,6.65547449635025,50.1250987863598));
#4053=CARTESIAN_POINT('Ctrl Pts',(35.3406709027749,8.54223027841164,48.9646767938194));
#4054=CARTESIAN_POINT('Ctrl Pts',(39.1282563704477,10.1387146779797,47.1927862330963));
#4055=CARTESIAN_POINT('Ctrl Pts',(40.9566183249022,11.0088809168695,45.7503471942651));
#4056=CARTESIAN_POINT('Ctrl Pts',(42.05716331726,11.5666686020692,44.6939591883365));
#4057=CARTESIAN_POINT('Ctrl Pts',(43.6172495607465,12.3736611617088,42.9544843689491));
#4058=CARTESIAN_POINT('Ctrl Pts',(45.768847032533,13.5451680940532,39.2289456295896));
#4059=CARTESIAN_POINT('Ctrl Pts',(47.3571232199286,14.4219171988473,34.2957522016409));
#4060=CARTESIAN_POINT('Ctrl Pts',(48.2525933318705,14.926036496257,29.5729362519856));
#4061=CARTESIAN_POINT('Ctrl Pts',(48.8492264616321,15.2955654129799,24.2841445620551));
#4062=CARTESIAN_POINT('Ctrl Pts',(48.9703938108193,15.4121871632943,19.6277208331393));
#4063=CARTESIAN_POINT('Ctrl Pts',(49.0182089799261,15.4121881168095,16.3));
#4064=CARTESIAN_POINT('Ctrl Pts',(19.,2.37990148780518E-30,51.3));
#4065=CARTESIAN_POINT('Ctrl Pts',(21.5715470836778,0.95001786473957,51.2832878496374));
#4066=CARTESIAN_POINT('Ctrl Pts',(25.8232261091589,2.3083272687835,51.2066337132014));
#4067=CARTESIAN_POINT('Ctrl Pts',(30.0300125159943,3.5364933998825,50.8854117770398));
#4068=CARTESIAN_POINT('Ctrl Pts',(32.8152181521236,4.32418170933203,50.6183970864059));
#4069=CARTESIAN_POINT('Ctrl Pts',(36.9466839241184,5.46109242084725,50.1373728558153));
#4070=CARTESIAN_POINT('Ctrl Pts',(43.5330089970504,7.12292451817623,48.9504597147703));
#4071=CARTESIAN_POINT('Ctrl Pts',(49.2122642992377,8.50892326309683,47.134750680214));
#4072=CARTESIAN_POINT('Ctrl Pts',(51.9783961995242,9.21737343269432,45.6925839691876));
#4073=CARTESIAN_POINT('Ctrl Pts',(53.6548262731103,9.65769867847275,44.6460411961413));
#4074=CARTESIAN_POINT('Ctrl Pts',(56.0265874471182,10.3029127038568,42.9123305598812));
#4075=CARTESIAN_POINT('Ctrl Pts',(59.2692508497331,11.2741000097407,39.1864953256988));
#4076=CARTESIAN_POINT('Ctrl Pts',(61.6217695281307,12.0344587277873,34.2635564567379));
#4077=CARTESIAN_POINT('Ctrl Pts',(62.9771950417557,12.484540094072,29.5666309549632));
#4078=CARTESIAN_POINT('Ctrl Pts',(63.9041869258977,12.8209016834532,24.2828137914378));
#4079=CARTESIAN_POINT('Ctrl Pts',(64.078930390377,12.9316960250581,19.569414502448));
#4080=CARTESIAN_POINT('Ctrl Pts',(64.1554880547289,12.9316966570146,16.3));
#4081=CARTESIAN_POINT('Ctrl Pts',(19.,2.37990148780518E-30,51.3));
#4082=CARTESIAN_POINT('Ctrl Pts',(22.2622919826996,0.682681061622345,51.2736191943821));
#4083=CARTESIAN_POINT('Ctrl Pts',(27.594969023014,1.73465243012954,51.1944467525452));
#4084=CARTESIAN_POINT('Ctrl Pts',(32.7559366135199,2.75945210571005,50.8398403156048));
#4085=CARTESIAN_POINT('Ctrl Pts',(36.1521927007907,3.42973652570743,50.5454196992997));
#4086=CARTESIAN_POINT('Ctrl Pts',(41.1695536773888,4.41668832871903,50.0164274858266));
#4087=CARTESIAN_POINT('Ctrl Pts',(49.1013400909322,5.92102515126595,48.7250786772136));
#4088=CARTESIAN_POINT('Ctrl Pts',(55.8754210428163,7.14048094097355,46.7975246112305));
#4089=CARTESIAN_POINT('Ctrl Pts',(59.187604211571,7.69210109105377,45.3202174296693));
#4090=CARTESIAN_POINT('Ctrl Pts',(61.2042582652771,8.01168161943628,44.2612803510538));
#4091=CARTESIAN_POINT('Ctrl Pts',(64.059991656879,8.47739534697935,42.5194107451445));
#4092=CARTESIAN_POINT('Ctrl Pts',(67.9704733271337,9.16933982727799,38.8422782288259));
#4093=CARTESIAN_POINT('Ctrl Pts',(70.8053094578015,9.70532434867062,34.0250847686852));
#4094=CARTESIAN_POINT('Ctrl Pts',(72.4664303001767,10.0209330826608,29.4301846112953));
#4095=CARTESIAN_POINT('Ctrl Pts',(73.6237231412392,10.2557518033367,24.2273029817394));
#4096=CARTESIAN_POINT('Ctrl Pts',(73.8422666065345,10.3325029797808,19.5136481293514));
#4097=CARTESIAN_POINT('Ctrl Pts',(73.9424046190499,10.3325029181514,16.3));
#4098=CARTESIAN_POINT('Ctrl Pts',(19.,2.37990148780518E-30,51.3));
#4099=CARTESIAN_POINT('Ctrl Pts',(22.958436905668,0.392094964675222,51.263110907332));
#4100=CARTESIAN_POINT('Ctrl Pts',(29.2980943215737,1.0725056849509,51.1796668701328));
#4101=CARTESIAN_POINT('Ctrl Pts',(35.2739159555046,1.80326743491463,50.793488849127));
#4102=CARTESIAN_POINT('Ctrl Pts',(39.1764619278615,2.29240661517615,50.4729910955643));
#4103=CARTESIAN_POINT('Ctrl Pts',(44.904761865627,3.0288219633634,49.8982114163653));
#4104=CARTESIAN_POINT('Ctrl Pts',(53.8211440571631,4.2012818946071,48.5021522709948));
#4105=CARTESIAN_POINT('Ctrl Pts',(61.3104279096571,5.12264642199438,46.4460094854391));
#4106=CARTESIAN_POINT('Ctrl Pts',(64.9628539191277,5.47994846556163,44.9075225224779));
#4107=CARTESIAN_POINT('Ctrl Pts',(67.1906979962847,5.66518512146689,43.8143437266419));
#4108=CARTESIAN_POINT('Ctrl Pts',(70.3502819865999,5.92991543161263,42.0397455258437));
#4109=CARTESIAN_POINT('Ctrl Pts',(74.6933150075557,6.30376771992998,38.4023797045773));
#4110=CARTESIAN_POINT('Ctrl Pts',(77.8530190270543,6.57828251036577,33.7083748233418));
#4111=CARTESIAN_POINT('Ctrl Pts',(79.7337474342645,6.7349240293187,29.2360743960511));
#4112=CARTESIAN_POINT('Ctrl Pts',(81.0645346466578,6.84867967803228,24.1402168498682));
#4113=CARTESIAN_POINT('Ctrl Pts',(81.3202540216744,6.88408478967209,19.4533204329899));
#4114=CARTESIAN_POINT('Ctrl Pts',(81.4442655671291,6.88408394651864,16.3));
#4115=CARTESIAN_POINT('Ctrl Pts',(19.,2.37990148780518E-30,51.3));
#4116=CARTESIAN_POINT('Ctrl Pts',(23.4846060940962,0.156873623534513,51.2546242735115));
#4117=CARTESIAN_POINT('Ctrl Pts',(30.4373870970528,0.439323467731468,51.1746329806951));
#4118=CARTESIAN_POINT('Ctrl Pts',(36.7834221550353,0.751852854074362,50.7874519544));
#4119=CARTESIAN_POINT('Ctrl Pts',(40.8896767979283,0.962375727293492,50.4648817696924));
#4120=CARTESIAN_POINT('Ctrl Pts',(46.8624056686246,1.28141496060798,49.8843522418646));
#4121=CARTESIAN_POINT('Ctrl Pts',(55.9616660916442,1.7955636807469,48.4620434102862));
#4122=CARTESIAN_POINT('Ctrl Pts',(63.5043974806956,2.19598008151615,46.3390075234831));
#4123=CARTESIAN_POINT('Ctrl Pts',(67.2224637147596,2.344420851517,44.7430971018486));
#4124=CARTESIAN_POINT('Ctrl Pts',(69.5119089580994,2.41846496706242,43.6077871689343));
#4125=CARTESIAN_POINT('Ctrl Pts',(72.7385245999915,2.52213382654212,41.7835212642304));
#4126=CARTESIAN_POINT('Ctrl Pts',(77.0877141983833,2.65929199562035,38.1288674949176));
#4127=CARTESIAN_POINT('Ctrl Pts',(80.1762937377532,2.75258813678064,33.4836071874368));
#4128=CARTESIAN_POINT('Ctrl Pts',(82.0059386756762,2.80308909503327,29.0768659108335));
#4129=CARTESIAN_POINT('Ctrl Pts',(83.2957331489885,2.83822646255431,24.0505440221008));
#4130=CARTESIAN_POINT('Ctrl Pts',(83.5293294787787,2.84811337505564,19.4046460012243));
#4131=CARTESIAN_POINT('Ctrl Pts',(83.6714661632859,2.84811337233326,16.3));
#4132=CARTESIAN_POINT('Ctrl Pts',(19.,2.37990148780518E-30,51.3));
#4133=CARTESIAN_POINT('Ctrl Pts',(23.8353815369519,-8.96314148293495E-8,
51.2489572019004));
#4134=CARTESIAN_POINT('Ctrl Pts',(31.0884538423798,-2.24078537073373E-7,
51.1723930047509));
#4135=CARTESIAN_POINT('Ctrl Pts',(37.5121422805266,-4.11457738193117E-7,
50.7960902019683));
#4136=CARTESIAN_POINT('Ctrl Pts',(41.633598513062,-5.50930148980498E-7,
50.4812679250369));
#4137=CARTESIAN_POINT('Ctrl Pts',(47.5742787725214,-7.81968180222896E-7,
49.9131038970253));
#4138=CARTESIAN_POINT('Ctrl Pts',(56.4426780903196,-1.29710558478063E-6,
48.5064220669161));
#4139=CARTESIAN_POINT('Ctrl Pts',(63.77610797085,-2.03949823343513E-6,46.369169346661));
#4140=CARTESIAN_POINT('Ctrl Pts',(67.494464988728,-2.59567828139875E-6,
44.7408586724607));
#4141=CARTESIAN_POINT('Ctrl Pts',(69.8249833377508,-2.98228710108112E-6,
43.5774840454171));
#4142=CARTESIAN_POINT('Ctrl Pts',(73.0981813669412,-3.58593351216462E-6,
41.7156708384865));
#4143=CARTESIAN_POINT('Ctrl Pts',(77.4638846562214,-4.64476858161832E-6,
38.0217345666956));
#4144=CARTESIAN_POINT('Ctrl Pts',(80.524847017729,-5.42373727277934E-6,
33.3697139087696));
#4145=CARTESIAN_POINT('Ctrl Pts',(82.3283400678813,-5.80075079921558E-6,
28.9779538665963));
#4146=CARTESIAN_POINT('Ctrl Pts',(83.5967506816925,-6.02921578367593E-6,
23.9804982966736));
#4147=CARTESIAN_POINT('Ctrl Pts',(83.8280807895734,-6.05095137244487E-6,
19.3721993186695));
#4148=CARTESIAN_POINT('Ctrl Pts',(83.9823008614941,-6.06544176495749E-6,
16.3));
#4149=CARTESIAN_POINT('',(-26.5056081997486,8.19839089772451,29.3241233168219));
#4150=CARTESIAN_POINT('Ctrl Pts',(-26.6149688771215,7.66457094674297,29.8120972234372));
#4151=CARTESIAN_POINT('Ctrl Pts',(-26.5929819614143,7.78574776082569,29.7022774454165));
#4152=CARTESIAN_POINT('Ctrl Pts',(-26.5689757755454,7.90660076273024,29.5927425351722));
#4153=CARTESIAN_POINT('Ctrl Pts',(-26.5433524865945,8.02679871851354,29.4825125381693));
#4154=CARTESIAN_POINT('Ctrl Pts',(-26.5311251178059,8.0841568795141,29.4299110619297));
#4155=CARTESIAN_POINT('Ctrl Pts',(-26.5185293733967,8.14136610407283,29.3771506013237));
#4156=CARTESIAN_POINT('Ctrl Pts',(-26.5056081445558,8.19839171523045,29.3241207564052));
#4157=CARTESIAN_POINT('',(-26.2666800101861,10.0805671080424,25.478875487149));
#4158=CARTESIAN_POINT('Ctrl Pts',(-26.5056081997486,8.1983908977245,29.3241233168219));
#4159=CARTESIAN_POINT('Ctrl Pts',(-26.5699368491834,8.85938477000457,27.8966415438603));
#4160=CARTESIAN_POINT('Ctrl Pts',(-26.4208176303178,9.52596912220065,26.7629217581528));
#4161=CARTESIAN_POINT('Ctrl Pts',(-26.2666800101861,10.0805671080425,25.478875487149));
#4162=CARTESIAN_POINT('',(-26.2184001907926,10.2687682810588,24.9827536488132));
#4163=CARTESIAN_POINT('Ctrl Pts',(-26.2666801017436,10.0805657519087,25.4788733953264));
#4164=CARTESIAN_POINT('Ctrl Pts',(-26.2641826579388,10.090752709101,25.4530145298856));
#4165=CARTESIAN_POINT('Ctrl Pts',(-26.2616773632064,10.100889063964,25.4271431645167));
#4166=CARTESIAN_POINT('Ctrl Pts',(-26.2591655079429,10.1109741271071,25.4012559852609));
#4167=CARTESIAN_POINT('Ctrl Pts',(-26.2456887481592,10.1650831258839,25.2623645047799));
#4168=CARTESIAN_POINT('Ctrl Pts',(-26.2320245237573,10.217715379797,25.123020292526));
#4169=CARTESIAN_POINT('Ctrl Pts',(-26.2184003149812,10.2687664415976,24.9827520647068));
#4170=CARTESIAN_POINT('',(-26.2444914794465,10.3329694838125,24.4570641046033));
#4171=CARTESIAN_POINT('Ctrl Pts',(-26.2184003149812,10.2687664415976,24.9827520647068));
#4172=CARTESIAN_POINT('Ctrl Pts',(-26.2277796083809,10.290923356698,24.8076918306554));
#4173=CARTESIAN_POINT('Ctrl Pts',(-26.2364306275029,10.3123481712537,24.6323864398322));
#4174=CARTESIAN_POINT('Ctrl Pts',(-26.2444916476903,10.332966991815,24.4570633031636));
#4175=CARTESIAN_POINT('',(-26.3900687605513,10.2772058378328,23.4582718683363));
#4176=CARTESIAN_POINT('Ctrl Pts',(-26.2444916476902,10.332966991815,24.4570633031636));
#4177=CARTESIAN_POINT('Ctrl Pts',(-26.2750275589042,10.3242873115165,24.2509813313031));
#4178=CARTESIAN_POINT('Ctrl Pts',(-26.3052861999469,10.3136286681575,24.045216396213));
#4179=CARTESIAN_POINT('Ctrl Pts',(-26.3351626509426,10.3014397522374,23.8395199152214));
#4180=CARTESIAN_POINT('Ctrl Pts',(-26.3536211838144,10.2939090885312,23.7124346982874));
#4181=CARTESIAN_POINT('Ctrl Pts',(-26.3719332161186,10.2857943577939,23.5853746454524));
#4182=CARTESIAN_POINT('Ctrl Pts',(-26.3900690100381,10.2772021424758,23.4582727467537));
#4183=CARTESIAN_POINT('',(-26.9154680647968,9.64541606340763,21.735476494706));
#4184=CARTESIAN_POINT('Ctrl Pts',(-26.3900687605513,10.2772058378328,23.4582718683363));
#4185=CARTESIAN_POINT('Ctrl Pts',(-26.5614884471874,10.0996256242074,22.8660061274264));
#4186=CARTESIAN_POINT('Ctrl Pts',(-26.7384240542258,9.88423415231647,22.306929286455));
#4187=CARTESIAN_POINT('Ctrl Pts',(-26.9154680647969,9.64541606340753,21.735476494706));
#4188=CARTESIAN_POINT('',(-27.0825261937965,9.43388937706757,21.0086005279634));
#4189=CARTESIAN_POINT('Ctrl Pts',(-26.9154683523287,9.64541180453444,21.7354793187473));
#4190=CARTESIAN_POINT('Ctrl Pts',(-26.9593192245505,9.59155774679683,21.5513339973855));
#4191=CARTESIAN_POINT('Ctrl Pts',(-27.0020990394782,9.53762401259763,21.367548109741));
#4192=CARTESIAN_POINT('Ctrl Pts',(-27.0436954587629,9.48413087716886,21.1828747507812));
#4193=CARTESIAN_POINT('Ctrl Pts',(-27.0567571523014,9.46733349524528,21.1248854608155));
#4194=CARTESIAN_POINT('Ctrl Pts',(-27.0697020591483,9.45057961082821,21.0668082846259));
#4195=CARTESIAN_POINT('Ctrl Pts',(-27.0825264575684,9.43388547012271,21.0086036294238));
#4196=CARTESIAN_POINT('',(-27.4491517668004,8.9186316746889,19.2522038267964));
#4197=CARTESIAN_POINT('Ctrl Pts',(-27.0825261937965,9.43388937706753,21.0086005279634));
#4198=CARTESIAN_POINT('Ctrl Pts',(-27.2154944626518,9.25740315141264,20.4355096683343));
#4199=CARTESIAN_POINT('Ctrl Pts',(-27.3367600647153,9.08597793115543,19.8484213400366));
#4200=CARTESIAN_POINT('Ctrl Pts',(-27.4491517668004,8.91863167468886,19.2522038267964));
#4201=CARTESIAN_POINT('',(-27.4470306641546,8.94097508647075,19.0409681608228));
#4202=CARTESIAN_POINT('Ctrl Pts',(-27.4491517668005,8.9186316746887,19.2522038267963));
#4203=CARTESIAN_POINT('Ctrl Pts',(-27.4485301791394,8.92600184878155,19.1821206325355));
#4204=CARTESIAN_POINT('Ctrl Pts',(-27.4478227046891,8.93344948802076,19.1117126668204));
#4205=CARTESIAN_POINT('Ctrl Pts',(-27.4470306641546,8.94097508647075,19.0409681608229));
#4206=CARTESIAN_POINT('',(-27.6155024734404,8.62118839354697,18.8498306129098));
#4207=CARTESIAN_POINT('Ctrl Pts',(-27.4470306641546,8.94097508647075,19.0409681608229));
#4208=CARTESIAN_POINT('Ctrl Pts',(-27.5039563898192,8.83531077341832,18.9787852787296));
#4209=CARTESIAN_POINT('Ctrl Pts',(-27.5601228483217,8.72870540115028,18.9150700085029));
#4210=CARTESIAN_POINT('Ctrl Pts',(-27.6155024734404,8.62118839354697,18.8498306129098));
#4211=CARTESIAN_POINT('Ctrl Pts',(-27.6155024734404,8.62118839354693,18.8498306129098));
#4212=CARTESIAN_POINT('Ctrl Pts',(-27.8106525830007,8.24724401897533,18.5625667273572));
#4213=CARTESIAN_POINT('Ctrl Pts',(-27.9976544739243,7.85944839511066,18.2498897262734));
#4214=CARTESIAN_POINT('Ctrl Pts',(-28.175,7.45838752141631,17.9110946839186));
#4215=CARTESIAN_POINT('',(-27.3475853584783,9.31615622186382,16.3));
#4216=CARTESIAN_POINT('Ctrl Pts',(-27.3475853584783,9.31615622186382,16.3));
#4217=CARTESIAN_POINT('Ctrl Pts',(-27.7875048939568,8.50633415886731,16.3));
#4218=CARTESIAN_POINT('Ctrl Pts',(-28.1757434698452,7.64730239868824,16.3));
#4219=CARTESIAN_POINT('Ctrl Pts',(-28.5026937829481,6.75935974013393,16.3));
#4220=CARTESIAN_POINT('',(-26.5323751907012,10.670824952316,16.3));
#4221=CARTESIAN_POINT('Ctrl Pts',(-26.5323751907012,10.670824952316,16.3));
#4222=CARTESIAN_POINT('Ctrl Pts',(-26.8202286367317,10.2384379717531,16.3));
#4223=CARTESIAN_POINT('Ctrl Pts',(-27.0925890399153,9.78556398419612,16.3));
#4224=CARTESIAN_POINT('Ctrl Pts',(-27.3475853584783,9.31615622186382,16.3));
#4225=CARTESIAN_POINT('',(-18.4960540589242,16.7787976799065,16.3));
#4226=CARTESIAN_POINT('Ctrl Pts',(-18.4960540589242,16.7787976799065,16.3));
#4227=CARTESIAN_POINT('Ctrl Pts',(-20.148599422959,16.1891752414863,16.3));
#4228=CARTESIAN_POINT('Ctrl Pts',(-23.2138994816125,14.6082803630132,16.3));
#4229=CARTESIAN_POINT('Ctrl Pts',(-25.5061234476052,12.2074484443046,16.3));
#4230=CARTESIAN_POINT('Ctrl Pts',(-26.523204376967,10.6846005055168,16.3));
#4231=CARTESIAN_POINT('Ctrl Pts',(-26.5323751907012,10.670824952316,16.3));
#4232=CARTESIAN_POINT('',(-14.8483176245705,17.7690402372965,16.3));
#4233=CARTESIAN_POINT('Ctrl Pts',(-14.8483176245705,17.7690402372965,16.3));
#4234=CARTESIAN_POINT('Ctrl Pts',(-15.9491720001825,17.54750435534,16.3));
#4235=CARTESIAN_POINT('Ctrl Pts',(-17.1810568452457,17.2312537769784,16.3));
#4236=CARTESIAN_POINT('Ctrl Pts',(-18.3205145588573,16.8414295630131,16.3));
#4237=CARTESIAN_POINT('Ctrl Pts',(-18.4960540589242,16.7787976799065,16.3));
#4238=CARTESIAN_POINT('',(-15.4166288295417,15.5741962114645,35.6069646911868));
#4239=CARTESIAN_POINT('Ctrl Pts',(-14.8483176245705,17.7690402372965,16.3));
#4240=CARTESIAN_POINT('Ctrl Pts',(-14.8738964982372,17.7324159869507,24.5659801773881));
#4241=CARTESIAN_POINT('Ctrl Pts',(-15.3577764860912,17.0819251188023,29.5868198439752));
#4242=CARTESIAN_POINT('Ctrl Pts',(-15.4386575923989,15.9577897141319,34.2590120038273));
#4243=CARTESIAN_POINT('Ctrl Pts',(-15.4365754824784,15.7673014866876,34.9596513058183));
#4244=CARTESIAN_POINT('Ctrl Pts',(-15.4166288295417,15.5741962114645,35.6069646911868));
#4245=CARTESIAN_POINT('',(-14.3430499300502,14.7504264270731,38.8095106066754));
#4246=CARTESIAN_POINT('Ctrl Pts',(-15.4166288295416,15.5741962114646,35.6069646911868));
#4247=CARTESIAN_POINT('Ctrl Pts',(-15.2268292976417,15.4089583869232,36.3492063557131));
#4248=CARTESIAN_POINT('Ctrl Pts',(-14.9848425451895,15.2137049797579,37.1549246718695));
#4249=CARTESIAN_POINT('Ctrl Pts',(-14.596715425406,14.9299437442264,38.1886503223303));
#4250=CARTESIAN_POINT('Ctrl Pts',(-14.5153955845198,14.8716036166946,38.3952333590881));
#4251=CARTESIAN_POINT('Ctrl Pts',(-14.430642139258,14.8118440609175,38.6005885273613));
#4252=CARTESIAN_POINT('Ctrl Pts',(-14.4018906257255,14.7915714021328,38.6702526204412));
#4253=CARTESIAN_POINT('Ctrl Pts',(-14.3726928882036,14.7710979979881,38.7399032156232));
#4254=CARTESIAN_POINT('Ctrl Pts',(-14.3430499300504,14.7504264270725,38.8095106066754));
#4255=CARTESIAN_POINT('',(-12.2101307054376,13.4582667710536,42.4558880839698));
#4256=CARTESIAN_POINT('Ctrl Pts',(-12.2101307054373,13.4582667710537,42.4558880839691));
#4257=CARTESIAN_POINT('Ctrl Pts',(-12.3558514290987,13.4598311971566,42.3746234887381));
#4258=CARTESIAN_POINT('Ctrl Pts',(-12.4935507367364,13.4743200604654,42.2780372704469));
#4259=CARTESIAN_POINT('Ctrl Pts',(-12.8963364785107,13.5474024896649,41.9459685972727));
#4260=CARTESIAN_POINT('Ctrl Pts',(-13.1654043987511,13.6452640513568,41.6465542194538));
#4261=CARTESIAN_POINT('Ctrl Pts',(-13.6822518212561,13.944841498463,40.8476284558479));
#4262=CARTESIAN_POINT('Ctrl Pts',(-13.9242756360928,14.1548428053158,40.3340991207087));
#4263=CARTESIAN_POINT('Ctrl Pts',(-14.2036948328422,14.5146507718476,39.4238716170551));
#4264=CARTESIAN_POINT('Ctrl Pts',(-14.2785013867523,14.6300371807927,39.1280869767412));
#4265=CARTESIAN_POINT('Ctrl Pts',(-14.3430499300495,14.7504264270729,38.8095106066752));
#4266=CARTESIAN_POINT('',(-10.9152536251846,12.9159332336691,43.7737402109364));
#4267=CARTESIAN_POINT('Ctrl Pts',(-12.2101307054372,13.4582667710536,42.4558880839694));
#4268=CARTESIAN_POINT('Ctrl Pts',(-12.1770562466188,13.4418437768455,42.4962146010257));
#4269=CARTESIAN_POINT('Ctrl Pts',(-12.1437185088944,13.425488570553,42.536269362423));
#4270=CARTESIAN_POINT('Ctrl Pts',(-12.1101156228785,13.4092125783624,42.5760448885359));
#4271=CARTESIAN_POINT('Ctrl Pts',(-11.6418377536482,13.1823961394693,43.1303424749669));
#4272=CARTESIAN_POINT('Ctrl Pts',(-11.2240568382211,13.0235647897591,43.5110485309244));
#4273=CARTESIAN_POINT('Ctrl Pts',(-10.9152536251847,12.9159332336691,43.7737402109364));
#4274=CARTESIAN_POINT('',(-10.1332218648227,18.4295355387624,16.3));
#4275=CARTESIAN_POINT('Ctrl Pts',(-10.9152536251846,12.9159332336691,43.7737402109364));
#4276=CARTESIAN_POINT('Ctrl Pts',(-10.8514328854893,12.9429908035997,43.7721596052939));
#4277=CARTESIAN_POINT('Ctrl Pts',(-10.788570140177,12.9720522745848,43.7672603714039));
#4278=CARTESIAN_POINT('Ctrl Pts',(-10.5335933439696,13.0999341662562,43.7328830027078));
#4279=CARTESIAN_POINT('Ctrl Pts',(-10.3580513579679,13.2120575871684,43.6742717201787));
#4280=CARTESIAN_POINT('Ctrl Pts',(-9.98969901995162,13.4958937781437,43.4688583817561));
#4281=CARTESIAN_POINT('Ctrl Pts',(-9.8192906958719,13.6677670469905,43.3042031994662));
#4282=CARTESIAN_POINT('Ctrl Pts',(-9.47725460820219,14.0810898647812,42.8319224422811));
#4283=CARTESIAN_POINT('Ctrl Pts',(-9.3380629759295,14.3205825899399,42.4908421035957));
#4284=CARTESIAN_POINT('Ctrl Pts',(-9.07901628222215,14.8765091936285,41.5777701299334));
#4285=CARTESIAN_POINT('Ctrl Pts',(-8.98126466511432,15.2420213813075,40.852211509853));
#4286=CARTESIAN_POINT('Ctrl Pts',(-8.84483065463056,16.7303260409716,37.0438463101176));
#4287=CARTESIAN_POINT('Ctrl Pts',(-9.3506706700338,17.6083437756937,32.8553060324831));
#4288=CARTESIAN_POINT('Ctrl Pts',(-9.91626613987596,18.2508434931734,24.6791203554124));
#4289=CARTESIAN_POINT('Ctrl Pts',(-10.0366219055172,18.3489113696476,22.1746551722488));
#4290=CARTESIAN_POINT('Ctrl Pts',(-10.1183910519417,18.4176191177659,18.5472094520258));
#4291=CARTESIAN_POINT('Ctrl Pts',(-10.1314192831527,18.4280695384254,17.4242649186486));
#4292=CARTESIAN_POINT('Ctrl Pts',(-10.1332218648227,18.4295355387624,16.3));
#4293=CARTESIAN_POINT('',(-4.18603936820398,18.7182669403499,16.3));
#4294=CARTESIAN_POINT('Ctrl Pts',(-4.18603936820397,18.7182669403496,16.3));
#4295=CARTESIAN_POINT('Ctrl Pts',(-6.27950036498061,18.6861875803137,16.3));
#4296=CARTESIAN_POINT('Ctrl Pts',(-8.26702270907752,18.5976407614101,16.3));
#4297=CARTESIAN_POINT('Ctrl Pts',(-10.1332218648227,18.4295355387624,16.3));
#4298=CARTESIAN_POINT('',(13.4845640364642,18.159587392752,16.3));
#4299=CARTESIAN_POINT('Ctrl Pts',(13.4845640364642,18.159587392752,16.3));
#4300=CARTESIAN_POINT('Ctrl Pts',(13.4820524210814,18.1597302108912,16.3));
#4301=CARTESIAN_POINT('Ctrl Pts',(7.52440956189803,18.4984786499703,16.3));
#4302=CARTESIAN_POINT('Ctrl Pts',(1.32978883118283,18.7996116224896,16.3));
#4303=CARTESIAN_POINT('Ctrl Pts',(-4.14218156321826,18.7189389998332,16.3));
#4304=CARTESIAN_POINT('Ctrl Pts',(-4.18603936820397,18.7182669403496,16.3));
#4305=CARTESIAN_POINT('',(13.7800173037821,18.1427452852885,16.3));
#4306=CARTESIAN_POINT('Ctrl Pts',(13.7800173037821,18.1427452852885,16.3));
#4307=CARTESIAN_POINT('Ctrl Pts',(13.6815831407365,18.1483704160963,16.3));
#4308=CARTESIAN_POINT('Ctrl Pts',(13.5830991885415,18.1539843823715,16.3));
#4309=CARTESIAN_POINT('Ctrl Pts',(13.4845640364642,18.159587392752,16.3));
#4310=CARTESIAN_POINT('',(13.7318689995019,18.0973489557292,20.609187452167));
#4311=CARTESIAN_POINT('Ctrl Pts',(13.7800173037821,18.1427452852885,16.3));
#4312=CARTESIAN_POINT('Ctrl Pts',(13.78039513827,18.1430943268002,17.8233049052926));
#4313=CARTESIAN_POINT('Ctrl Pts',(13.7630476786491,18.1273510169203,19.2570851814948));
#4314=CARTESIAN_POINT('Ctrl Pts',(13.7318689995019,18.0973489557292,20.609187452167));
#4315=CARTESIAN_POINT('',(14.6501260539575,17.8096718172637,26.1131365351409));
#4316=CARTESIAN_POINT('Ctrl Pts',(13.7318689995032,18.0973489557292,20.6091874521668));
#4317=CARTESIAN_POINT('Ctrl Pts',(13.7935993520545,18.0818164415609,21.1197644724014));
#4318=CARTESIAN_POINT('Ctrl Pts',(13.8623927306464,18.0634031927238,21.6329970424121));
#4319=CARTESIAN_POINT('Ctrl Pts',(14.1260292943151,17.988584538497,23.4138734178489));
#4320=CARTESIAN_POINT('Ctrl Pts',(14.3513079371974,17.9186444368633,24.6336500376799));
#4321=CARTESIAN_POINT('Ctrl Pts',(14.5918807818527,17.8311173931881,25.8261436071063));
#4322=CARTESIAN_POINT('Ctrl Pts',(14.6112017897167,17.8240878770281,25.9219157532342));
#4323=CARTESIAN_POINT('Ctrl Pts',(14.6306215958609,17.8169398605603,26.0175763236968));
#4324=CARTESIAN_POINT('Ctrl Pts',(14.6501260539582,17.8096718172637,26.1131365351408));
#4325=CARTESIAN_POINT('',(14.595701132421,13.737725096904,44.5851041431396));
#4326=CARTESIAN_POINT('Ctrl Pts',(14.5957011324211,13.737725096904,44.5851041431396));
#4327=CARTESIAN_POINT('Ctrl Pts',(14.5124688709083,13.7950478993815,44.4903101549249));
#4328=CARTESIAN_POINT('Ctrl Pts',(14.4374010788841,13.8543217001388,44.3890236896805));
#4329=CARTESIAN_POINT('Ctrl Pts',(14.1851129362167,14.0756131518067,43.9984894405899));
#4330=CARTESIAN_POINT('Ctrl Pts',(14.0476718100945,14.2443008651261,43.675012720874));
#4331=CARTESIAN_POINT('Ctrl Pts',(13.7798725374158,14.6483691497087,42.8355405361033));
#4332=CARTESIAN_POINT('Ctrl Pts',(13.6618439928989,14.9234721140272,42.2041025976016));
#4333=CARTESIAN_POINT('Ctrl Pts',(13.5072951932125,15.6047826763422,40.3400091742676));
#4334=CARTESIAN_POINT('Ctrl Pts',(13.5167182775536,16.014674846222,38.9978103839486));
#4335=CARTESIAN_POINT('Ctrl Pts',(13.8142733755114,17.1073748890729,34.0937264254807));
#4336=CARTESIAN_POINT('Ctrl Pts',(14.2670311461111,17.5606587481311,30.3431565969181));
#4337=CARTESIAN_POINT('Ctrl Pts',(14.6501260539575,17.8096718172637,26.1131365351409));
#4338=CARTESIAN_POINT('',(13.7666073125624,13.3806896381203,45.2728284705558));
#4339=CARTESIAN_POINT('Ctrl Pts',(14.5957011324216,13.7377250969037,44.5851041431401));
#4340=CARTESIAN_POINT('Ctrl Pts',(14.5784234937079,13.7295358659685,44.6016334484235));
#4341=CARTESIAN_POINT('Ctrl Pts',(14.561033082677,13.7213444085177,44.6181127253454));
#4342=CARTESIAN_POINT('Ctrl Pts',(14.5435281934274,13.7131509350306,44.6345419996565));
#4343=CARTESIAN_POINT('Ctrl Pts',(14.494864500537,13.6903730315648,44.680215476828));
#4344=CARTESIAN_POINT('Ctrl Pts',(14.4446505865602,13.6672677069639,44.7261274291691));
#4345=CARTESIAN_POINT('Ctrl Pts',(14.127114104545,13.5238676930784,45.0084093816275));
#4346=CARTESIAN_POINT('Ctrl Pts',(13.9335470961038,13.4459023129282,45.1529335308227));
#4347=CARTESIAN_POINT('Ctrl Pts',(13.7666073125624,13.3806896381204,45.2728284705558));
#4348=CARTESIAN_POINT('',(18.4583915135097,17.8641796559225,16.3));
#4349=CARTESIAN_POINT('Ctrl Pts',(13.7666073125624,13.3806896381204,45.2728284705558));
#4350=CARTESIAN_POINT('Ctrl Pts',(13.7836090728876,13.3648051012457,45.2969212263768));
#4351=CARTESIAN_POINT('Ctrl Pts',(13.8006431246586,13.3492323924689,45.3203574869727));
#4352=CARTESIAN_POINT('Ctrl Pts',(13.985626597785,13.183641577527,45.5677459729535));
#4353=CARTESIAN_POINT('Ctrl Pts',(14.1850502241841,13.0362571825908,45.7708810428536));
#4354=CARTESIAN_POINT('Ctrl Pts',(14.6273188954694,12.7935094785023,46.0827979653286));
#4355=CARTESIAN_POINT('Ctrl Pts',(14.8583391849822,12.6957030498759,46.198377555134));
#4356=CARTESIAN_POINT('Ctrl Pts',(15.229560517416,12.5922792268028,46.3094080082225));
#4357=CARTESIAN_POINT('Ctrl Pts',(15.3496825234765,12.5658238774937,46.3355946365609));
#4358=CARTESIAN_POINT('Ctrl Pts',(15.5507082320182,12.5337164358744,46.3631928274787));
#4359=CARTESIAN_POINT('Ctrl Pts',(15.6294477683128,12.5240542017317,46.3701125005683));
#4360=CARTESIAN_POINT('Ctrl Pts',(15.7810517133285,12.5111044761212,46.3759608818672));
#4361=CARTESIAN_POINT('Ctrl Pts',(15.8535531739791,12.5073521228237,46.37553065554));
#4362=CARTESIAN_POINT('Ctrl Pts',(16.0177611969613,12.5043561720812,46.3672579061298));
#4363=CARTESIAN_POINT('Ctrl Pts',(16.1090080429999,12.5065771111205,46.3575094432551));
#4364=CARTESIAN_POINT('Ctrl Pts',(16.3724779506333,12.5239709879758,46.3145102496088));
#4365=CARTESIAN_POINT('Ctrl Pts',(16.5400849145455,12.5489613292696,46.2683531730984));
#4366=CARTESIAN_POINT('Ctrl Pts',(16.9937688214858,12.6513011089215,46.0926785723843));
#4367=CARTESIAN_POINT('Ctrl Pts',(17.2542018779173,12.7524889197278,45.9293540562383));
#4368=CARTESIAN_POINT('Ctrl Pts',(17.7597949697532,13.0146467726286,45.4922577718105));
#4369=CARTESIAN_POINT('Ctrl Pts',(17.9859535311602,13.1821196305464,45.2040384606599));
#4370=CARTESIAN_POINT('Ctrl Pts',(18.44316207853,13.5973910265573,44.4394974304525));
#4371=CARTESIAN_POINT('Ctrl Pts',(18.634345557006,13.8529305055632,43.9245502182996));
#4372=CARTESIAN_POINT('Ctrl Pts',(19.1969665218875,14.7933911352714,41.8250319700531));
#4373=CARTESIAN_POINT('Ctrl Pts',(19.3099423290588,15.6118265903603,39.5623174545044));
#4374=CARTESIAN_POINT('Ctrl Pts',(19.0366433161784,17.1727943049021,31.8182585271043));
#4375=CARTESIAN_POINT('Ctrl Pts',(18.5633714647118,17.7393569977878,26.3338013777896));
#4376=CARTESIAN_POINT('Ctrl Pts',(18.4632460170498,17.8585363596166,18.0384130586907));
#4377=CARTESIAN_POINT('Ctrl Pts',(18.4582966644365,17.8642908933693,17.1697276673182));
#4378=CARTESIAN_POINT('Ctrl Pts',(18.4583915135097,17.8641796559225,16.3));
#4379=CARTESIAN_POINT('',(30.6322106388636,17.0143568544724,16.3));
#4380=CARTESIAN_POINT('Ctrl Pts',(30.6322106388636,17.0143568544723,16.3));
#4381=CARTESIAN_POINT('Ctrl Pts',(27.842572871754,17.232455536988,16.3));
#4382=CARTESIAN_POINT('Ctrl Pts',(25.0790250682587,17.4314950511197,16.3));
#4383=CARTESIAN_POINT('Ctrl Pts',(21.0276750952111,17.7018422397808,16.3));
#4384=CARTESIAN_POINT('Ctrl Pts',(19.7454249795736,17.7842813032954,16.3));
#4385=CARTESIAN_POINT('Ctrl Pts',(18.4583915135097,17.8641796559225,16.3));
#4386=CARTESIAN_POINT('',(48.8344539330674,15.2172863115102,16.3));
#4387=CARTESIAN_POINT('Ctrl Pts',(48.8344539330674,15.2172863115102,16.3));
#4388=CARTESIAN_POINT('Ctrl Pts',(42.8667692100943,15.9752088281052,16.3));
#4389=CARTESIAN_POINT('Ctrl Pts',(36.7621957226429,16.533100045958,16.3));
#4390=CARTESIAN_POINT('Ctrl Pts',(30.785610146132,17.0023638169431,16.3));
#4391=CARTESIAN_POINT('Ctrl Pts',(30.6322106388636,17.0143568544723,16.3));
#4392=CARTESIAN_POINT('',(64.2556076159735,12.6988365329917,16.3));
#4393=CARTESIAN_POINT('Ctrl Pts',(64.2556076159735,12.6988365329917,16.3));
#4394=CARTESIAN_POINT('Ctrl Pts',(59.5127159708843,13.6886174352818,16.3));
#4395=CARTESIAN_POINT('Ctrl Pts',(54.200023216755,14.5337038970878,16.3));
#4396=CARTESIAN_POINT('Ctrl Pts',(48.9020869360095,15.2086966191631,16.3));
#4397=CARTESIAN_POINT('Ctrl Pts',(48.8344539330674,15.2172863115102,16.3));
#4398=CARTESIAN_POINT('',(65.7243339249666,12.3837088472059,16.3));
#4399=CARTESIAN_POINT('Ctrl Pts',(65.7243339249666,12.3837088472059,16.3));
#4400=CARTESIAN_POINT('Ctrl Pts',(65.2406235469989,12.4904388550209,16.3));
#4401=CARTESIAN_POINT('Ctrl Pts',(64.7508521539313,12.5954853240005,16.3));
#4402=CARTESIAN_POINT('Ctrl Pts',(64.2556076159735,12.6988365329917,16.3));
#4403=CARTESIAN_POINT('',(65.7230456390166,12.3827849341471,16.5020846674368));
#4404=CARTESIAN_POINT('Ctrl Pts',(65.7243339249666,12.3837088472059,16.3));
#4405=CARTESIAN_POINT('Ctrl Pts',(65.7239397949978,12.3834263331963,16.3673553058393));
#4406=CARTESIAN_POINT('Ctrl Pts',(65.723511014422,12.3831183495232,16.4347171311141));
#4407=CARTESIAN_POINT('Ctrl Pts',(65.7230456332991,12.3827848494607,16.5020845971529));
#4408=CARTESIAN_POINT('',(66.8701676979121,12.1223605758274,16.6898681367883));
#4409=CARTESIAN_POINT('Ctrl Pts',(65.7230456332991,12.3827848494607,16.5020845971529));
#4410=CARTESIAN_POINT('Ctrl Pts',(65.9166142849868,12.3398786715657,16.5304027161994));
#4411=CARTESIAN_POINT('Ctrl Pts',(66.1091572700946,12.296698019448,16.5598589419287));
#4412=CARTESIAN_POINT('Ctrl Pts',(66.3019235433167,12.2529368595245,16.5914489007233));
#4413=CARTESIAN_POINT('Ctrl Pts',(66.3349459860189,12.2454402141207,16.5968605196067));
#4414=CARTESIAN_POINT('Ctrl Pts',(66.3678990913825,12.2379435972053,16.6023312101492));
#4415=CARTESIAN_POINT('Ctrl Pts',(66.4006996305003,12.2304661782983,16.6078367733164));
#4416=CARTESIAN_POINT('Ctrl Pts',(66.5000398894367,12.2078199428895,16.624511013598));
#4417=CARTESIAN_POINT('Ctrl Pts',(66.5979768481115,12.1853487169676,16.6415049111719));
#4418=CARTESIAN_POINT('Ctrl Pts',(66.6922339374711,12.1635915782276,16.6581481266591));
#4419=CARTESIAN_POINT('Ctrl Pts',(66.753290704602,12.1494979905462,16.6689290762855));
#4420=CARTESIAN_POINT('Ctrl Pts',(66.8128044979831,12.1357043430797,16.679562939251));
#4421=CARTESIAN_POINT('Ctrl Pts',(66.8701676813269,12.1223603310168,16.6898681250473));
#4422=CARTESIAN_POINT('',(66.8687985150722,12.1219495948036,16.7801373642242));
#4423=CARTESIAN_POINT('Ctrl Pts',(66.8701676813827,12.1223603310039,16.6898681250551));
#4424=CARTESIAN_POINT('Ctrl Pts',(66.8697230717147,12.1222270104965,16.7199954499775));
#4425=CARTESIAN_POINT('Ctrl Pts',(66.8692667169134,12.1220899696642,16.7500851546191));
#4426=CARTESIAN_POINT('Ctrl Pts',(66.868798491205,12.1219492412949,16.7801374029833));
#4427=CARTESIAN_POINT('',(65.7228774583435,12.3826642484536,16.5262361253367));
#4428=CARTESIAN_POINT('Ctrl Pts',(66.8687985150721,12.1219495948037,16.7801373642247));
#4429=CARTESIAN_POINT('Ctrl Pts',(66.7188828721061,12.1569445362331,16.7404520759781));
#4430=CARTESIAN_POINT('Ctrl Pts',(66.5643179431627,12.1926679787985,16.7014741799713));
#4431=CARTESIAN_POINT('Ctrl Pts',(66.3991903352065,12.2303966034179,16.6636211378109));
#4432=CARTESIAN_POINT('Ctrl Pts',(66.1937285229561,12.2773408526803,16.6165220806774));
#4433=CARTESIAN_POINT('Ctrl Pts',(65.9719079757729,12.3274010801685,16.5713516249024));
#4434=CARTESIAN_POINT('Ctrl Pts',(65.7228774583435,12.3826642484536,16.5262361253367));
#4435=CARTESIAN_POINT('',(64.4178463862548,9.59385960809542,39.5820122235369));
#4436=CARTESIAN_POINT('Ctrl Pts',(65.7228774583435,12.3826642484536,16.5262361253367));
#4437=CARTESIAN_POINT('Ctrl Pts',(65.7015200191882,12.3673371831715,19.5657099183604));
#4438=CARTESIAN_POINT('Ctrl Pts',(65.602698593926,12.3060253618347,22.6454483216925));
#4439=CARTESIAN_POINT('Ctrl Pts',(65.2432107517277,11.9704556919285,28.1858133670643));
#4440=CARTESIAN_POINT('Ctrl Pts',(65.0043239624399,11.7246796185606,30.6672238267026));
#4441=CARTESIAN_POINT('Ctrl Pts',(64.541917471519,10.8610985479019,35.7591026015783));
#4442=CARTESIAN_POINT('Ctrl Pts',(64.3914662839487,10.3074870356735,37.769392025647));
#4443=CARTESIAN_POINT('Ctrl Pts',(64.41257533654,9.67796129530497,39.3761149509913));
#4444=CARTESIAN_POINT('Ctrl Pts',(64.4147224748279,9.6366009611742,39.4789021284079));
#4445=CARTESIAN_POINT('Ctrl Pts',(64.4178463862548,9.59385960809542,39.5820122235369));
#4446=CARTESIAN_POINT('',(65.2173509762657,9.63113434128923,38.9176437470733));
#4447=CARTESIAN_POINT('Ctrl Pts',(64.4178460183055,9.59385415811466,39.5819974847286));
#4448=CARTESIAN_POINT('Ctrl Pts',(64.4365801979059,9.59467839340439,39.5671659119157));
#4449=CARTESIAN_POINT('Ctrl Pts',(64.4552122801877,9.5955007609009,39.5523679249864));
#4450=CARTESIAN_POINT('Ctrl Pts',(64.4737430409196,9.59632135948616,39.5376036320909));
#4451=CARTESIAN_POINT('Ctrl Pts',(64.6468711815959,9.60398800142076,39.3996646335586));
#4452=CARTESIAN_POINT('Ctrl Pts',(64.8194928877639,9.61186577377545,39.2580234471743));
#4453=CARTESIAN_POINT('Ctrl Pts',(64.9904098215165,9.62004090313628,39.1130469771866));
#4454=CARTESIAN_POINT('Ctrl Pts',(65.0496230584682,9.62287313199345,39.0628206720375));
#4455=CARTESIAN_POINT('Ctrl Pts',(65.1086319293976,9.62574125148182,39.0121943777395));
#4456=CARTESIAN_POINT('Ctrl Pts',(65.1673874146115,9.62864948725144,38.9611844019198));
#4457=CARTESIAN_POINT('Ctrl Pts',(65.1840380886405,9.62947365006148,38.9467287221393));
#4458=CARTESIAN_POINT('Ctrl Pts',(65.2006932452085,9.6303022847796,38.9322206260258));
#4459=CARTESIAN_POINT('Ctrl Pts',(65.2173510548411,9.63113550527787,38.9176606584663));
#4460=CARTESIAN_POINT('',(69.9094663537125,9.82347663723639,33.5909403532584));
#4461=CARTESIAN_POINT('Ctrl Pts',(69.9094663537125,9.82347663723639,33.5909403532584));
#4462=CARTESIAN_POINT('Ctrl Pts',(69.9094663537125,9.64634241928852,34.3372561376289));
#4463=CARTESIAN_POINT('Ctrl Pts',(69.8895687853028,9.46240708240301,35.0361642799202));
#4464=CARTESIAN_POINT('Ctrl Pts',(69.7493514914782,8.87851374330846,37.0726813388562));
#4465=CARTESIAN_POINT('Ctrl Pts',(69.5506018244762,8.50784858271069,38.1176367631001));
#4466=CARTESIAN_POINT('Ctrl Pts',(69.0609272543837,7.99168333619454,39.5455955515368));
#4467=CARTESIAN_POINT('Ctrl Pts',(68.8178000229005,7.81726944308444,40.0186596427503));
#4468=CARTESIAN_POINT('Ctrl Pts',(68.3724815448036,7.60968068034625,40.6628394943761));
#4469=CARTESIAN_POINT('Ctrl Pts',(68.1615225867895,7.53878372118473,40.9114110804704));
#4470=CARTESIAN_POINT('Ctrl Pts',(67.7505850843273,7.4750031235513,41.2769683121698));
#4471=CARTESIAN_POINT('Ctrl Pts',(67.5634911330541,7.4649395584125,41.4134392858587));
#4472=CARTESIAN_POINT('Ctrl Pts',(67.2679291263065,7.48965279877418,41.571876243906));
#4473=CARTESIAN_POINT('Ctrl Pts',(67.16915885226,7.50383347016898,41.6164836688879));
#4474=CARTESIAN_POINT('Ctrl Pts',(67.003412959569,7.5392391627337,41.6750761039284));
#4475=CARTESIAN_POINT('Ctrl Pts',(66.9376936409704,7.5561767544413,41.694241973049));
#4476=CARTESIAN_POINT('Ctrl Pts',(66.8106929792113,7.59504202016307,41.7225088106763));
#4477=CARTESIAN_POINT('Ctrl Pts',(66.7497507129147,7.61641995631837,41.7321714473872));
#4478=CARTESIAN_POINT('Ctrl Pts',(66.6113237160672,7.67160132457511,41.7443265637472));
#4479=CARTESIAN_POINT('Ctrl Pts',(66.5350668473009,7.70684556483001,41.7438603366788));
#4480=CARTESIAN_POINT('Ctrl Pts',(66.3233538830429,7.81879055850179,41.7204108236368));
#4481=CARTESIAN_POINT('Ctrl Pts',(66.1989542328963,7.90203704860222,41.6791121429005));
#4482=CARTESIAN_POINT('Ctrl Pts',(65.9515888005129,8.10079012836611,41.5367729662601));
#4483=CARTESIAN_POINT('Ctrl Pts',(65.8403613007819,8.21477464587635,41.4277423781304));
#4484=CARTESIAN_POINT('Ctrl Pts',(65.6174022730997,8.48435619356403,41.1210258038828));
#4485=CARTESIAN_POINT('Ctrl Pts',(65.5236631687009,8.63922852035609,40.9025553715679));
#4486=CARTESIAN_POINT('Ctrl Pts',(65.328071017632,9.03357157421725,40.2677977606045));
#4487=CARTESIAN_POINT('Ctrl Pts',(65.2677653473972,9.26695957143746,39.7907268776703));
#4488=CARTESIAN_POINT('Ctrl Pts',(65.2285670471379,9.51901645703753,39.1984691081521));
#4489=CARTESIAN_POINT('Ctrl Pts',(65.2219365800585,9.57529632051981,39.0604848828392));
#4490=CARTESIAN_POINT('Ctrl Pts',(65.2173509762843,9.63113434127807,38.9176437470683));
#4491=CARTESIAN_POINT('',(69.3921453442532,11.2944585261899,23.6148736221558));
#4492=CARTESIAN_POINT('Ctrl Pts',(69.3921453442537,11.2944585261898,23.6148736221558));
#4493=CARTESIAN_POINT('Ctrl Pts',(69.4711819389308,11.1959877648321,24.9697960700498));
#4494=CARTESIAN_POINT('Ctrl Pts',(69.5588389448723,11.0707590016193,26.2515154679569));
#4495=CARTESIAN_POINT('Ctrl Pts',(69.7940570693434,10.6226036901691,29.8107868299365));
#4496=CARTESIAN_POINT('Ctrl Pts',(69.9094663537125,10.2408931241322,31.8322484616756));
#4497=CARTESIAN_POINT('Ctrl Pts',(69.9094663537125,9.82347663723639,33.5909403532584));
#4498=CARTESIAN_POINT('',(70.4665059352195,11.0365804545379,22.9363686217891));
#4499=CARTESIAN_POINT('Ctrl Pts',(69.3921453442538,11.2944585261897,23.6148736221566));
#4500=CARTESIAN_POINT('Ctrl Pts',(69.4178150572092,11.2887347551933,23.5955107663295));
#4501=CARTESIAN_POINT('Ctrl Pts',(69.4434706199999,11.2829812661675,23.5763990917752));
#4502=CARTESIAN_POINT('Ctrl Pts',(69.4690948353984,11.2772025611752,23.5575454347929));
#4503=CARTESIAN_POINT('Ctrl Pts',(69.7321536387818,11.2178782385869,23.363993344786));
#4504=CARTESIAN_POINT('Ctrl Pts',(70.0700320867296,11.1383271907917,23.1398283020915));
#4505=CARTESIAN_POINT('Ctrl Pts',(70.46650593522,11.0365804545376,22.9363686217903));
#4506=CARTESIAN_POINT('',(70.3803737874334,11.2252545263393,17.7240492718564));
#4507=CARTESIAN_POINT('Ctrl Pts',(70.4665059352195,11.0365804545379,22.9363686217891));
#4508=CARTESIAN_POINT('Ctrl Pts',(70.4242856931704,11.1377555666981,21.2149923288034));
#4509=CARTESIAN_POINT('Ctrl Pts',(70.3952638837929,11.1952900192402,19.4612687871229));
#4510=CARTESIAN_POINT('Ctrl Pts',(70.3803737874334,11.2252545263393,17.7240492718564));
#4511=CARTESIAN_POINT('',(69.2428960925877,11.5340509017073,17.4653390015315));
#4512=CARTESIAN_POINT('Ctrl Pts',(70.3803737874334,11.2252545263393,17.7240492718564));
#4513=CARTESIAN_POINT('Ctrl Pts',(70.0046428816927,11.3305157190052,17.6570311646306));
#4514=CARTESIAN_POINT('Ctrl Pts',(69.6291410345812,11.4324207998829,17.5686403276664));
#4515=CARTESIAN_POINT('Ctrl Pts',(69.2428960925871,11.5340509017075,17.4653390015343));
#4516=CARTESIAN_POINT('',(69.2365203234866,11.5403021911191,17.0776500566858));
#4517=CARTESIAN_POINT('Ctrl Pts',(69.2428959939237,11.5340494403124,17.4653399522143));
#4518=CARTESIAN_POINT('Ctrl Pts',(69.2406031300015,11.5363061242559,17.3360946740705));
#4519=CARTESIAN_POINT('Ctrl Pts',(69.2384784137356,11.5383883333528,17.2068744452265));
#4520=CARTESIAN_POINT('Ctrl Pts',(69.2365202746194,11.5403014673056,17.0776504452323));
#4521=CARTESIAN_POINT('',(70.3762556987278,11.2335113126284,17.1969967279566));
#4522=CARTESIAN_POINT('Ctrl Pts',(69.2365202746194,11.5403014673056,17.0776504452321));
#4523=CARTESIAN_POINT('Ctrl Pts',(69.4270356505626,11.4906177541591,17.102162422979));
#4524=CARTESIAN_POINT('Ctrl Pts',(69.6167936225772,11.4403762373343,17.1244080936831));
#4525=CARTESIAN_POINT('Ctrl Pts',(69.8065170522357,11.3893297365083,17.1443213705738));
#4526=CARTESIAN_POINT('Ctrl Pts',(69.9962404818941,11.3382832356824,17.1642346474645));
#4527=CARTESIAN_POINT('Ctrl Pts',(70.1859297289342,11.2864319373987,17.18181552128));
#4528=CARTESIAN_POINT('Ctrl Pts',(70.3762556401655,11.2335104452137,17.1969973083423));
#4529=CARTESIAN_POINT('',(70.3710345061604,11.2438936619656,16.3));
#4530=CARTESIAN_POINT('Ctrl Pts',(70.3762556401656,11.2335104452137,17.1969973083432));
#4531=CARTESIAN_POINT('Ctrl Pts',(70.3741441485849,11.2377290964261,16.8980333478102));
#4532=CARTESIAN_POINT('Ctrl Pts',(70.3724105419682,11.2411699268405,16.5989852947321));
#4533=CARTESIAN_POINT('Ctrl Pts',(70.3710345061604,11.2438936619656,16.3));
#4534=CARTESIAN_POINT('',(79.0528465420906,7.67840013839115,16.3));
#4535=CARTESIAN_POINT('Ctrl Pts',(79.0528465420906,7.67840013839112,16.3));
#4536=CARTESIAN_POINT('Ctrl Pts',(77.5785277050232,8.66084611361217,16.3));
#4537=CARTESIAN_POINT('Ctrl Pts',(74.850977333367,9.90413669995597,16.3));
#4538=CARTESIAN_POINT('Ctrl Pts',(71.5248718921591,10.9249784038076,16.3));
#4539=CARTESIAN_POINT('Ctrl Pts',(70.3710345061604,11.2438936619656,16.3));
#4540=CARTESIAN_POINT('',(81.517307213558,5.54975204217272,16.3));
#4541=CARTESIAN_POINT('Ctrl Pts',(81.517307213558,5.54975204217273,16.3));
#4542=CARTESIAN_POINT('Ctrl Pts',(80.875712358384,6.27880545900835,16.3));
#4543=CARTESIAN_POINT('Ctrl Pts',(80.0647742714469,6.99608563981317,16.3));
#4544=CARTESIAN_POINT('Ctrl Pts',(79.0992854658091,7.64745450264816,16.3));
#4545=CARTESIAN_POINT('Ctrl Pts',(79.0528465420906,7.67840013839112,16.3));
#4546=CARTESIAN_POINT('Ctrl Pts',(83.9823008614941,-6.06544176495749E-6,
16.3));
#4547=CARTESIAN_POINT('Ctrl Pts',(83.7661389621955,1.98064445603295,16.3));
#4548=CARTESIAN_POINT('Ctrl Pts',(82.9822302333888,3.88513904785711,16.3));
#4549=CARTESIAN_POINT('Ctrl Pts',(81.517307213558,5.54975204217273,16.3));
#4550=CARTESIAN_POINT('Origin',(-38.8301004766125,2.52325671107711,23.7979526032041));
#4551=CARTESIAN_POINT('',(-27.2135914751299,9.90394349524703,23.4510343589611));
#4552=CARTESIAN_POINT('',(-38.8301004766125,2.52325671107711,23.7979526032041));
#4553=CARTESIAN_POINT('',(-27.2305999054008,9.94452560056008,27.6357620796697));
#4554=CARTESIAN_POINT('Origin',(-7.40685309074142,21.325487211086,18.2884943143396));
#4555=CARTESIAN_POINT('',(-27.1111162739352,9.53535955006531,21.7432555230563));
#4556=CARTESIAN_POINT('',(-38.8301004766125,2.52325671107711,23.7979526032041));
#4557=CARTESIAN_POINT('',(-27.271030075125,10.1105392915476,24.4082652235218));
#4558=CARTESIAN_POINT('Origin',(-37.4632339544441,-6.9721777238529,19.5521794518231));
#4559=CARTESIAN_POINT('',(-42.5606192654244,-9.01150207341026,22.9653765166865));
#4560=CARTESIAN_POINT('Origin',(-42.5606192654244,-9.01150207341026,22.9653765166865));
#4561=CARTESIAN_POINT('Origin',(-28.4279967572774,5.49352231694782,15.6596286392784));
#4562=CARTESIAN_POINT('',(-39.4001940516241,0.256655771056343,19.5521794518231));
#4563=CARTESIAN_POINT('Ctrl Pts',(-26.6149689256879,7.66457022738579,29.8120997939259));
#4564=CARTESIAN_POINT('Ctrl Pts',(-26.5420135361423,7.70704457777901,29.8321696809705));
#4565=CARTESIAN_POINT('Ctrl Pts',(-26.4690581465967,7.74951892817223,29.8522395680151));
#4566=CARTESIAN_POINT('Ctrl Pts',(-26.3961027570511,7.79199327856545,29.8723094550598));
#4567=CARTESIAN_POINT('Ctrl Pts',(-26.6517576722338,7.80107348698007,29.6331403096977));
#4568=CARTESIAN_POINT('Ctrl Pts',(-26.5787455639991,7.8433448193949,29.6520777168322));
#4569=CARTESIAN_POINT('Ctrl Pts',(-26.505733446834,7.88561611905144,29.6710150958808));
#4570=CARTESIAN_POINT('Ctrl Pts',(-26.4327213385992,7.92788745146627,29.6899525030153));
#4571=CARTESIAN_POINT('Ctrl Pts',(-26.6885464187797,7.93757674657435,29.4541808254695));
#4572=CARTESIAN_POINT('Ctrl Pts',(-26.6154392298671,7.97950438050245,29.4718578596681));
#4573=CARTESIAN_POINT('Ctrl Pts',(-26.542332031963,8.02143198144535,29.4895348662096));
#4574=CARTESIAN_POINT('Ctrl Pts',(-26.4692248430503,8.06335961537345,29.5072119004081));
#4575=CARTESIAN_POINT('Ctrl Pts',(-26.7253351653256,8.07408000616863,29.2752213412414));
#4576=CARTESIAN_POINT('Ctrl Pts',(-26.6520928434666,8.11551697002062,29.2915219997682));
#4577=CARTESIAN_POINT('Ctrl Pts',(-26.5788505216075,8.15695393387261,29.3078226582951));
#4578=CARTESIAN_POINT('Ctrl Pts',(-26.5056081997484,8.1983908977246,29.3241233168219));
#4579=CARTESIAN_POINT('',(-26.7253351653258,8.07408000616853,29.2752213412413));
#4580=CARTESIAN_POINT('Ctrl Pts',(-26.7253351653258,8.07408000616853,29.2752213412413));
#4581=CARTESIAN_POINT('Ctrl Pts',(-26.4370988303825,8.23715018593232,29.3393706193047));
#4582=CARTESIAN_POINT('Ctrl Pts',(-26.1488624954393,8.4002203656961,29.4035198973681));
#4583=CARTESIAN_POINT('Ctrl Pts',(-25.860626160496,8.56329054545989,29.4676691754314));
#4584=CARTESIAN_POINT('Ctrl Pts',(-26.8669671753597,8.60273966833646,27.9915262967422));
#4585=CARTESIAN_POINT('Ctrl Pts',(-26.5819312079259,8.77762284965299,28.0518224613082));
#4586=CARTESIAN_POINT('Ctrl Pts',(-26.296856587492,8.95236400778986,28.112041948812));
#4587=CARTESIAN_POINT('Ctrl Pts',(-26.0118206200581,9.12724718910639,28.172338113378));
#4588=CARTESIAN_POINT('Ctrl Pts',(-27.0085991853937,9.13139933050438,26.707831252243));
#4589=CARTESIAN_POINT('Ctrl Pts',(-26.7217251141822,9.29960655384099,26.7497412328506));
#4590=CARTESIAN_POINT('Ctrl Pts',(-26.4348115183435,9.46766848667462,26.7915850626958));
#4591=CARTESIAN_POINT('Ctrl Pts',(-26.147937447132,9.63587571001123,26.8334950433034));
#4592=CARTESIAN_POINT('Ctrl Pts',(-27.1502311954277,9.6600589926723,25.4241362077439));
#4593=CARTESIAN_POINT('Ctrl Pts',(-26.8557141336805,9.80022836446238,25.4423826342123));
#4594=CARTESIAN_POINT('Ctrl Pts',(-26.5611970719333,9.94039773625246,25.4606290606806));
#4595=CARTESIAN_POINT('Ctrl Pts',(-26.2666800101861,10.0805671080425,25.478875487149));
#4596=CARTESIAN_POINT('',(-27.1502311954276,9.66005899267223,25.4241362077438));
#4597=CARTESIAN_POINT('Ctrl Pts',(-27.1502311954276,9.66005899267223,25.4241362077438));
#4598=CARTESIAN_POINT('Ctrl Pts',(-26.8265961790662,9.81408645941234,25.4441865997096));
#4599=CARTESIAN_POINT('Ctrl Pts',(-26.5029611627047,9.96811392615244,25.4642369916753));
#4600=CARTESIAN_POINT('Ctrl Pts',(-26.1793261463432,10.1221413928926,25.4842873836411));
#4601=CARTESIAN_POINT('Ctrl Pts',(-27.1662351118567,9.7198702698275,25.2649503575089));
#4602=CARTESIAN_POINT('Ctrl Pts',(-26.8416980024541,9.87058738322447,25.2824122140679));
#4603=CARTESIAN_POINT('Ctrl Pts',(-26.5171608835988,10.0213044618308,25.2998740629597));
#4604=CARTESIAN_POINT('Ctrl Pts',(-26.1926237741962,10.1720215752278,25.3173359195187));
#4605=CARTESIAN_POINT('Ctrl Pts',(-27.1822390282857,9.77968154698278,25.1057645072739));
#4606=CARTESIAN_POINT('Ctrl Pts',(-26.8567090597418,9.92675428493157,25.1205561174546));
#4607=CARTESIAN_POINT('Ctrl Pts',(-26.5311790817344,10.0738269880484,25.1353477202742));
#4608=CARTESIAN_POINT('Ctrl Pts',(-26.2056491131905,10.2208997259972,25.1501393304549));
#4609=CARTESIAN_POINT('Ctrl Pts',(-27.1982429447148,9.83949282413806,24.9465786570389));
#4610=CARTESIAN_POINT('Ctrl Pts',(-26.8716286934074,9.98258464311164,24.9586369876304));
#4611=CARTESIAN_POINT('Ctrl Pts',(-26.5450144421,10.1256764620852,24.9706953182218));
#4612=CARTESIAN_POINT('Ctrl Pts',(-26.2184001907926,10.2687682810588,24.9827536488132));
#4613=CARTESIAN_POINT('',(-27.1982429447147,9.83949282413808,24.946578657039));
#4614=CARTESIAN_POINT('Ctrl Pts',(-27.1982429447147,9.83949282413808,24.946578657039));
#4615=CARTESIAN_POINT('Ctrl Pts',(-26.8716286934073,9.98258464311165,24.9586369876304));
#4616=CARTESIAN_POINT('Ctrl Pts',(-26.5450144420999,10.1256764620852,24.9706953182218));
#4617=CARTESIAN_POINT('Ctrl Pts',(-26.2184001907926,10.2687682810588,24.9827536488132));
#4618=CARTESIAN_POINT('Ctrl Pts',(-27.2046856795169,9.86414154782913,24.7744481566593));
#4619=CARTESIAN_POINT('Ctrl Pts',(-26.8779733610415,10.0068770402168,24.7855536716688));
#4620=CARTESIAN_POINT('Ctrl Pts',(-26.551261033866,10.1496125005744,24.7966591814282));
#4621=CARTESIAN_POINT('Ctrl Pts',(-26.2245487153906,10.2923479929621,24.8077646964377));
#4622=CARTESIAN_POINT('Ctrl Pts',(-27.2111284143191,9.88879027152018,24.6023176562796));
#4623=CARTESIAN_POINT('Ctrl Pts',(-26.8842305984293,10.0308475939731,24.6124100783886));
#4624=CARTESIAN_POINT('Ctrl Pts',(-26.5573327738325,10.1729048843685,24.622502495523));
#4625=CARTESIAN_POINT('Ctrl Pts',(-26.2304349579427,10.3149622068214,24.632594917632));
#4626=CARTESIAN_POINT('Ctrl Pts',(-27.2175711491213,9.91343899521123,24.4301871558999));
#4627=CARTESIAN_POINT('Ctrl Pts',(-26.8903999542465,10.0544945485432,24.4392237884552));
#4628=CARTESIAN_POINT('Ctrl Pts',(-26.5632287593717,10.1955501018752,24.4482604210105));
#4629=CARTESIAN_POINT('Ctrl Pts',(-26.2360575644969,10.3366056552071,24.4572970535658));
#4630=CARTESIAN_POINT('',(-27.2175711491213,9.91343899521126,24.4301871558999));
#4631=CARTESIAN_POINT('Ctrl Pts',(-27.2175711491213,9.91343899521126,24.4301871558999));
#4632=CARTESIAN_POINT('Ctrl Pts',(-26.8932112592297,10.0532824914117,24.439146138801));
#4633=CARTESIAN_POINT('Ctrl Pts',(-26.5688513693381,10.1931259876121,24.4481051217022));
#4634=CARTESIAN_POINT('Ctrl Pts',(-26.2444914794465,10.3329694838125,24.4570641046033));
#4635=CARTESIAN_POINT('Ctrl Pts',(-27.2162445911242,9.91027382855645,24.1038028902537));
#4636=CARTESIAN_POINT('Ctrl Pts',(-26.8927728129613,10.0534000074519,24.110832804472));
#4637=CARTESIAN_POINT('Ctrl Pts',(-26.569300923389,10.1965257760191,24.1178626825087));
#4638=CARTESIAN_POINT('Ctrl Pts',(-26.2458291452261,10.3396519549146,24.1248925967271));
#4639=CARTESIAN_POINT('Ctrl Pts',(-27.2149180331271,9.90710866190165,23.7774186246074));
#4640=CARTESIAN_POINT('Ctrl Pts',(-26.8920219367788,10.0523670879547,23.7823677129066));
#4641=CARTESIAN_POINT('Ctrl Pts',(-26.5691257289396,10.1976251033435,23.7873167717052));
#4642=CARTESIAN_POINT('Ctrl Pts',(-26.2462296325913,10.3428835293966,23.7922658600045));
#4643=CARTESIAN_POINT('Ctrl Pts',(-27.2135914751299,9.90394349524684,23.4510343589611));
#4644=CARTESIAN_POINT('Ctrl Pts',(-26.8909571783936,10.0501777535939,23.4538698226418));
#4645=CARTESIAN_POINT('Ctrl Pts',(-26.5683228816572,10.196412011941,23.4567052863224));
#4646=CARTESIAN_POINT('Ctrl Pts',(-26.2456885849208,10.3426462702881,23.4595407500031));
#4647=CARTESIAN_POINT('',(-27.2135914751299,9.90394349524688,23.4510343589611));
#4648=CARTESIAN_POINT('Ctrl Pts',(-27.2135914751299,9.90394349524688,23.4510343589612));
#4649=CARTESIAN_POINT('Ctrl Pts',(-26.9390839036037,10.0283642761089,23.4534468620862));
#4650=CARTESIAN_POINT('Ctrl Pts',(-26.6645763320775,10.1527850569708,23.4558593652113));
#4651=CARTESIAN_POINT('Ctrl Pts',(-26.3900687605513,10.2772058378328,23.4582718683363));
#4652=CARTESIAN_POINT('Ctrl Pts',(-27.1794330747317,9.7810821801864,22.8817747469929));
#4653=CARTESIAN_POINT('Ctrl Pts',(-26.9081261372167,9.91732011082714,22.8797343349435));
#4654=CARTESIAN_POINT('Ctrl Pts',(-26.6368182318855,10.0535544743464,22.8776940987655));
#4655=CARTESIAN_POINT('Ctrl Pts',(-26.3655112943705,10.1897924049872,22.8756536867161));
#4656=CARTESIAN_POINT('Ctrl Pts',(-27.1452746743335,9.65822086512591,22.3125151350246));
#4657=CARTESIAN_POINT('Ctrl Pts',(-26.8763141023888,9.80312861950316,22.3059330903983));
#4658=CARTESIAN_POINT('Ctrl Pts',(-26.6073525638878,9.9480328108535,22.2993513253428));
#4659=CARTESIAN_POINT('Ctrl Pts',(-26.3383919919431,10.0929405652307,22.2927692807165));
#4660=CARTESIAN_POINT('Ctrl Pts',(-27.1111162739353,9.53535955006543,21.7432555230563));
#4661=CARTESIAN_POINT('Ctrl Pts',(-26.8436548213914,9.68581262627825,21.7326211797566));
#4662=CARTESIAN_POINT('Ctrl Pts',(-26.5761933688474,9.83626570249106,21.7219868364568));
#4663=CARTESIAN_POINT('Ctrl Pts',(-26.3087319163035,9.98671877870387,21.7113524931571));
#4664=CARTESIAN_POINT('',(-27.1111162739353,9.53535955006545,21.7432555230563));
#4665=CARTESIAN_POINT('Ctrl Pts',(-27.1111162739353,9.53535955006545,21.7432555230563));
#4666=CARTESIAN_POINT('Ctrl Pts',(-27.0459002042225,9.57204505451285,21.7406625136062));
#4667=CARTESIAN_POINT('Ctrl Pts',(-26.9806841345097,9.60873055896024,21.7380695041561));
#4668=CARTESIAN_POINT('Ctrl Pts',(-26.9154680647968,9.64541606340763,21.735476494706));
#4669=CARTESIAN_POINT('Ctrl Pts',(-27.1015862472224,9.50153615906616,21.498370524692));
#4670=CARTESIAN_POINT('Ctrl Pts',(-27.0364172816507,9.5383973196303,21.4953820552158));
#4671=CARTESIAN_POINT('Ctrl Pts',(-26.9712483082502,9.57525845131776,21.4923935912434));
#4672=CARTESIAN_POINT('Ctrl Pts',(-26.9060793426786,9.61211961188189,21.4894051217673));
#4673=CARTESIAN_POINT('Ctrl Pts',(-27.0920562205094,9.46771276806687,21.2534855263277));
#4674=CARTESIAN_POINT('Ctrl Pts',(-27.0268965924029,9.50461030745558,21.2501234318838));
#4675=CARTESIAN_POINT('Ctrl Pts',(-26.9617369564799,9.54150781801161,21.2467613433029));
#4676=CARTESIAN_POINT('Ctrl Pts',(-26.8965773283734,9.57840535740031,21.243399248859));
#4677=CARTESIAN_POINT('Ctrl Pts',(-27.0825261937965,9.43388937706757,21.0086005279634));
#4678=CARTESIAN_POINT('Ctrl Pts',(-27.0173385156085,9.47068535729135,21.0048975756097));
#4679=CARTESIAN_POINT('Ctrl Pts',(-26.9521508374205,9.50748133751514,21.0011946232561));
#4680=CARTESIAN_POINT('Ctrl Pts',(-26.8869631592325,9.54427731773892,20.9974916709024));
#4681=CARTESIAN_POINT('',(-27.2153948091605,9.90545858294231,24.4228124327278));
#4682=CARTESIAN_POINT('Origin',(-39.4001940516241,0.256655771056343,19.5521794518231));
#4683=CARTESIAN_POINT('',(-44.8343213985894,-0.525930191160977,22.9653765166865));
#4684=CARTESIAN_POINT('Origin',(-44.8343213985894,-0.525930191160977,22.9653765166865));
#4685=CARTESIAN_POINT('',(-38.8301004766125,2.52325671107711,23.7979526032041));
#4686=CARTESIAN_POINT('Origin',(-26.2358956611619,9.60040504176848,18.7676082453295));
#4687=CARTESIAN_POINT('Ctrl Pts',(69.2365203234866,11.5403021911191,16.3));
#4688=CARTESIAN_POINT('Ctrl Pts',(69.2365203234866,11.5403021911191,16.7811456794648));
#4689=CARTESIAN_POINT('Ctrl Pts',(69.2322293957727,11.5391225072384,17.2560810474484));
#4690=CARTESIAN_POINT('Ctrl Pts',(69.2236491050176,11.5367696601623,17.7248604503914));
#4691=CARTESIAN_POINT('Ctrl Pts',(69.6277039979054,11.4382870932052,16.3));
#4692=CARTESIAN_POINT('Ctrl Pts',(69.6277039979054,11.4382870932052,16.7810643604208));
#4693=CARTESIAN_POINT('Ctrl Pts',(69.6233794917219,11.4371166429009,17.2559164540317));
#4694=CARTESIAN_POINT('Ctrl Pts',(69.614732092222,11.4347823856389,17.7246105271467));
#4695=CARTESIAN_POINT('Ctrl Pts',(70.013472010348,11.3344919399444,16.3));
#4696=CARTESIAN_POINT('Ctrl Pts',(70.013472010348,11.3344919399444,16.7809767357173));
#4697=CARTESIAN_POINT('Ctrl Pts',(70.0091143496586,11.3333308933323,17.2557390983089));
#4698=CARTESIAN_POINT('Ctrl Pts',(70.0004006953316,11.3310155772503,17.7243412325797));
#4699=CARTESIAN_POINT('Ctrl Pts',(70.3935432317139,11.2287019242963,16.3));
#4700=CARTESIAN_POINT('Ctrl Pts',(70.3935432317139,11.2287019242963,16.7808817325361));
#4701=CARTESIAN_POINT('Ctrl Pts',(70.3891528403095,11.2275504836256,17.255546809084));
#4702=CARTESIAN_POINT('Ctrl Pts',(70.3803737874334,11.2252545263393,17.7240492718564));
#4703=CARTESIAN_POINT('',(70.3762556987278,11.2335113126284,16.3));
#4704=CARTESIAN_POINT('Ctrl Pts',(70.3762556997989,11.2335113139603,16.3));
#4705=CARTESIAN_POINT('Ctrl Pts',(70.3762556997989,11.2335113139603,16.6800334681297));
#4706=CARTESIAN_POINT('Ctrl Pts',(70.3771159986877,11.231791953876,17.059902455584));
#4707=CARTESIAN_POINT('Ctrl Pts',(70.3788825804479,11.2282487949066,17.4397495335865));
#4708=CARTESIAN_POINT('Ctrl Pts',(70.3793233222671,11.2273648175186,17.5345170082413));
#4709=CARTESIAN_POINT('Ctrl Pts',(70.3798202834298,11.2263672886666,17.6292829577621));
#4710=CARTESIAN_POINT('Ctrl Pts',(70.3803737874327,11.2252545263395,17.7240492718557));
#4711=CARTESIAN_POINT('',(69.2365203234866,11.5403021911191,16.3));
#4712=CARTESIAN_POINT('Ctrl Pts',(69.2365203234866,11.5403021911191,16.3));
#4713=CARTESIAN_POINT('Ctrl Pts',(69.6217743509277,11.4398334601847,16.3));
#4714=CARTESIAN_POINT('Ctrl Pts',(70.0017756555852,11.3376382298273,16.3));
#4715=CARTESIAN_POINT('Ctrl Pts',(70.3762556997989,11.2335113139603,16.3));
#4716=CARTESIAN_POINT('Ctrl Pts',(69.2428960920198,11.534050898383,17.4653390044756));
#4717=CARTESIAN_POINT('Ctrl Pts',(69.2398527151021,11.5370441168425,17.1889747545626));
#4718=CARTESIAN_POINT('Ctrl Pts',(69.2379038657035,11.5389477403354,16.912325440821));
#4719=CARTESIAN_POINT('Ctrl Pts',(69.2370397779561,11.5397935420431,16.6348086681258));
#4720=CARTESIAN_POINT('Ctrl Pts',(69.2366927645674,11.5401332118481,16.523359297414));
#4721=CARTESIAN_POINT('Ctrl Pts',(69.2365203234866,11.5403021911191,16.4117695779349));
#4722=CARTESIAN_POINT('Ctrl Pts',(69.2365203234866,11.5403021911191,16.3));
#4723=CARTESIAN_POINT('Ctrl Pts',(69.4644975466102,11.3136042703834,22.9404804954477));
#4724=CARTESIAN_POINT('Ctrl Pts',(69.048138866395,11.203312218838,27.0648603520441));
#4725=CARTESIAN_POINT('Ctrl Pts',(67.108108207258,10.6905408895773,35.3631199400767));
#4726=CARTESIAN_POINT('Ctrl Pts',(62.9346451391174,9.68404442114828,40.7969054656291));
#4727=CARTESIAN_POINT('Ctrl Pts',(59.8426322790269,9.03058729093553,43.1532263211737));
#4728=CARTESIAN_POINT('Ctrl Pts',(72.8910020318165,10.3936475504753,22.9275273284573));
#4729=CARTESIAN_POINT('Ctrl Pts',(72.4465939157905,10.2917594161881,27.0423825164633));
#4730=CARTESIAN_POINT('Ctrl Pts',(70.3741033355494,9.81905135110998,35.3121481297783));
#4731=CARTESIAN_POINT('Ctrl Pts',(65.9237283263122,8.9167752581783,40.7061062098523));
#4732=CARTESIAN_POINT('Ctrl Pts',(62.6299526779607,8.33907807525408,43.0560313920041));
#4733=CARTESIAN_POINT('Ctrl Pts',(75.9014668708693,9.31803722904562,22.9047671729801));
#4734=CARTESIAN_POINT('Ctrl Pts',(75.430926305376,9.22603152069564,27.0029294288742));
#4735=CARTESIAN_POINT('Ctrl Pts',(73.2359465551618,8.79796271410166,35.2253320549907));
#4736=CARTESIAN_POINT('Ctrl Pts',(68.5413708981971,8.04337491411982,40.5404309214558));
#4737=CARTESIAN_POINT('Ctrl Pts',(65.0802678194671,7.57255328535068,42.882356676114));
#4738=CARTESIAN_POINT('Ctrl Pts',(78.1688429114697,7.94634009930375,22.8619297962917));
#4739=CARTESIAN_POINT('Ctrl Pts',(77.6804007200259,7.8699250658849,26.9282059443367));
#4740=CARTESIAN_POINT('Ctrl Pts',(75.403164277311,7.51297450250503,35.0562524700418));
#4741=CARTESIAN_POINT('Ctrl Pts',(70.5972285843822,6.95205640266853,40.3162726251093));
#4742=CARTESIAN_POINT('Ctrl Pts',(67.0362864175553,6.58394749529519,42.6846689300351));
#4743=CARTESIAN_POINT('Ctrl Pts',(70.4665059352195,11.0365804545379,22.9363686217891));
#4744=CARTESIAN_POINT('Ctrl Pts',(70.5959510345166,10.7263827435738,27.8583042294829));
#4745=CARTESIAN_POINT('Ctrl Pts',(70.8012976519305,10.0820542504333,31.6363610444209));
#4746=CARTESIAN_POINT('Ctrl Pts',(70.6129531271956,8.99577660558317,35.7027063986441));
#4747=CARTESIAN_POINT('Ctrl Pts',(70.5155442181265,8.65366170451508,36.7898922545092));
#4748=CARTESIAN_POINT('Ctrl Pts',(70.1090820471796,7.93090505990123,38.7689095464203));
#4749=CARTESIAN_POINT('Ctrl Pts',(69.8427752643054,7.61539244119464,39.5179653563399));
#4750=CARTESIAN_POINT('Ctrl Pts',(69.2594522379104,7.15013670698889,40.64242056627));
#4751=CARTESIAN_POINT('Ctrl Pts',(68.9602187020268,6.98154337256226,41.0583196463769));
#4752=CARTESIAN_POINT('Ctrl Pts',(68.3125384446605,6.74501288641426,41.7608958327635));
#4753=CARTESIAN_POINT('Ctrl Pts',(67.965590785365,6.6806508813832,42.0415348945558));
#4754=CARTESIAN_POINT('Ctrl Pts',(67.4139749877016,6.67012810690339,42.3844830641016));
#4755=CARTESIAN_POINT('Ctrl Pts',(67.1974937706496,6.68621522375951,42.49582540704));
#4756=CARTESIAN_POINT('Ctrl Pts',(66.8729818190025,6.74741271890176,42.6222732785309));
#4757=CARTESIAN_POINT('Ctrl Pts',(66.7692599972279,6.77227803515101,42.6568679865894));
#4758=CARTESIAN_POINT('Ctrl Pts',(66.5895398290024,6.8254778835119,42.7054609051714));
#4759=CARTESIAN_POINT('Ctrl Pts',(66.5137738219663,6.85101469131648,42.7224542501312));
#4760=CARTESIAN_POINT('Ctrl Pts',(66.3629378477577,6.90845653790861,42.7486001135937));
#4761=CARTESIAN_POINT('Ctrl Pts',(66.288112013595,6.94027893181102,42.7576982552081));
#4762=CARTESIAN_POINT('Ctrl Pts',(66.1112541053651,7.02380561843223,42.7690365750116));
#4763=CARTESIAN_POINT('Ctrl Pts',(66.0110106667892,7.07799293709283,42.7670984114641));
#4764=CARTESIAN_POINT('Ctrl Pts',(65.7068607990643,7.26428640841178,42.7320526536056));
#4765=CARTESIAN_POINT('Ctrl Pts',(65.5241753619677,7.4090813290315,42.6670080778787));
#4766=CARTESIAN_POINT('Ctrl Pts',(65.2140490168815,7.7102318856135,42.4657411513971));
#4767=CARTESIAN_POINT('Ctrl Pts',(65.0900142706861,7.85976240975379,42.337147920936));
#4768=CARTESIAN_POINT('Ctrl Pts',(64.8342809158795,8.22164001360849,41.9674980701199));
#4769=CARTESIAN_POINT('Ctrl Pts',(64.7273408049375,8.42950325427721,41.7019215856822));
#4770=CARTESIAN_POINT('Ctrl Pts',(64.5032719257265,8.97040348642402,40.9020649410599));
#4771=CARTESIAN_POINT('Ctrl Pts',(64.4449260501804,9.28489453825622,40.2906836908705));
#4772=CARTESIAN_POINT('Ctrl Pts',(64.4203794977512,9.56097517041292,39.6585722927553));
#4773=CARTESIAN_POINT('Ctrl Pts',(64.4190474879865,9.57742613538079,39.620485959351));
#4774=CARTESIAN_POINT('Ctrl Pts',(64.4178463862548,9.59385960809539,39.5820122235369));
#4775=CARTESIAN_POINT('',(69.9094663537124,9.82347663723639,33.5546361597829));
#4776=CARTESIAN_POINT('Ctrl Pts',(69.9094663537125,9.82347663723637,33.5546361597829));
#4777=CARTESIAN_POINT('Ctrl Pts',(69.9094663537125,10.033174370613,32.6674232451813));
#4778=CARTESIAN_POINT('Ctrl Pts',(69.8810973731586,10.2397973887566,31.6809523624439));
#4779=CARTESIAN_POINT('Ctrl Pts',(69.8285547989636,10.434817481306,30.5763807846331));
#4780=CARTESIAN_POINT('Ctrl Pts',(69.7746027587955,10.6350690302262,29.4421788341656));
#4781=CARTESIAN_POINT('Ctrl Pts',(69.7002905446657,10.8060220344633,28.276790428388));
#4782=CARTESIAN_POINT('Ctrl Pts',(69.6231180009906,10.9476838595429,27.1163105641332));
#4783=CARTESIAN_POINT('Ctrl Pts',(69.5455140456248,11.0901376057458,25.9493433592202));
#4784=CARTESIAN_POINT('Ctrl Pts',(69.4643938459457,11.2044449698412,24.7796041502412));
#4785=CARTESIAN_POINT('Ctrl Pts',(69.3921453442536,11.2944585261898,23.6148736221558));
#4786=CARTESIAN_POINT('Ctrl Pts',(65.2173509762843,9.63113434127781,38.9176437470681));
#4787=CARTESIAN_POINT('Ctrl Pts',(65.2386153560981,9.37220205233428,39.5619770998612));
#4788=CARTESIAN_POINT('Ctrl Pts',(65.2909838886156,9.13636579589794,40.0463061664273));
#4789=CARTESIAN_POINT('Ctrl Pts',(65.4184798153614,8.85462337559169,40.5124689753959));
#4790=CARTESIAN_POINT('Ctrl Pts',(65.54840516635,8.56751237698191,40.9875144777815));
#4791=CARTESIAN_POINT('Ctrl Pts',(65.764021397586,8.22747224999139,41.4198959129613));
#4792=CARTESIAN_POINT('Ctrl Pts',(66.1651786862188,7.93179434354247,41.6080453184022));
#4793=CARTESIAN_POINT('Ctrl Pts',(66.5045485833916,7.68165759281851,41.7672154149876));
#4794=CARTESIAN_POINT('Ctrl Pts',(66.9511342779749,7.52348932119124,41.6945841548964));
#4795=CARTESIAN_POINT('Ctrl Pts',(67.3200272591003,7.48570656300512,41.5089282720175));
#4796=CARTESIAN_POINT('Ctrl Pts',(67.703063278298,7.44647524652474,41.3161545030464));
#4797=CARTESIAN_POINT('Ctrl Pts',(68.0350473440361,7.49617615938918,41.0333724936795));
#4798=CARTESIAN_POINT('Ctrl Pts',(68.3607071631355,7.61428828734065,40.6264180670724));
#4799=CARTESIAN_POINT('Ctrl Pts',(68.6939805302134,7.73516173953374,40.2099495190715));
#4800=CARTESIAN_POINT('Ctrl Pts',(68.9343092880544,7.89804017199634,39.7644875253768));
#4801=CARTESIAN_POINT('Ctrl Pts',(69.1372639619677,8.08190989795136,39.2559653403076));
#4802=CARTESIAN_POINT('Ctrl Pts',(69.5749252032598,8.47841543756687,38.1593635895297));
#4803=CARTESIAN_POINT('Ctrl Pts',(69.8395747050532,9.03465359456567,36.6385991136284));
#4804=CARTESIAN_POINT('Ctrl Pts',(69.8966252235688,9.57814335973088,34.5446360430598));
#4805=CARTESIAN_POINT('Ctrl Pts',(69.9052278911254,9.6600963707077,34.2288866223597));
#4806=CARTESIAN_POINT('Ctrl Pts',(69.9094663537124,9.74202508160633,33.8992506241633));
#4807=CARTESIAN_POINT('Ctrl Pts',(69.9094663537124,9.82347663723639,33.5546361597829));
#4808=CARTESIAN_POINT('Ctrl Pts',(65.7230456309914,12.382784935926,16.3));
#4809=CARTESIAN_POINT('Ctrl Pts',(65.7230456309914,12.382784935926,16.4607881451203));
#4810=CARTESIAN_POINT('Ctrl Pts',(65.7226011215161,12.3826450290304,16.620885931597));
#4811=CARTESIAN_POINT('Ctrl Pts',(65.7217121471738,12.3823654196344,16.780295411613));
#4812=CARTESIAN_POINT('Ctrl Pts',(66.1093954377677,12.2971471737266,16.3));
#4813=CARTESIAN_POINT('Ctrl Pts',(66.1093954377677,12.2971471737266,16.4607717927884));
#4814=CARTESIAN_POINT('Ctrl Pts',(66.1089472410811,12.2970081281697,16.620853095855));
#4815=CARTESIAN_POINT('Ctrl Pts',(66.1080508932109,12.2967302437759,16.780245955857));
#4816=CARTESIAN_POINT('Ctrl Pts',(66.4918443676893,12.2103673349275,16.3));
#4817=CARTESIAN_POINT('Ctrl Pts',(66.4918443676893,12.2103673349275,16.4607544499349));
#4818=CARTESIAN_POINT('Ctrl Pts',(66.4913925216667,12.2102291627397,16.6208182694517));
#4819=CARTESIAN_POINT('Ctrl Pts',(66.4904888761337,12.2099530275455,16.7801935030162));
#4820=CARTESIAN_POINT('Ctrl Pts',(66.8701714662598,12.1223596992226,16.3));
#4821=CARTESIAN_POINT('Ctrl Pts',(66.8701714662598,12.1223596992226,16.4607358883566));
#4822=CARTESIAN_POINT('Ctrl Pts',(66.8697160101367,12.1222224130083,16.6207809942552));
#4823=CARTESIAN_POINT('Ctrl Pts',(66.8688051455464,12.1219480524046,16.7801373632408));
#4824=CARTESIAN_POINT('',(66.8701676979121,12.1223605758274,16.3));
#4825=CARTESIAN_POINT('Ctrl Pts',(66.8701676979121,12.1223605758274,16.3));
#4826=CARTESIAN_POINT('Ctrl Pts',(66.8701676979121,12.1223605758274,16.4607358885381));
#4827=CARTESIAN_POINT('Ctrl Pts',(66.8697122418249,12.1222232896042,16.6207809946197));
#4828=CARTESIAN_POINT('Ctrl Pts',(66.8688013773066,12.121948928983,16.7801373637897));
#4829=CARTESIAN_POINT('',(65.7230456390166,12.3827849341471,16.3));
#4830=CARTESIAN_POINT('Ctrl Pts',(65.7230456390166,12.3827849341471,16.3));
#4831=CARTESIAN_POINT('Ctrl Pts',(66.1093941603111,12.297147456858,16.3));
#4832=CARTESIAN_POINT('Ctrl Pts',(66.4918418307066,12.2103679105683,16.3));
#4833=CARTESIAN_POINT('Ctrl Pts',(66.8701676979121,12.1223605758274,16.3));
#4834=CARTESIAN_POINT('Ctrl Pts',(65.7228774582931,12.3826642483323,16.5262361254277));
#4835=CARTESIAN_POINT('Ctrl Pts',(65.7230037584953,12.3827416428463,16.4509137076448));
#4836=CARTESIAN_POINT('Ctrl Pts',(65.7230456390166,12.3827849341471,16.3755028425214));
#4837=CARTESIAN_POINT('Ctrl Pts',(65.7230456390166,12.3827849341471,16.3));
#4838=CARTESIAN_POINT('Origin',(67.5594663537125,9.82347663723639,16.3));
#4839=CARTESIAN_POINT('Origin',(67.5594663537125,9.82347663723639,16.3));
#4840=CARTESIAN_POINT('Origin',(67.5594663537125,9.82347663723639,16.3));
#4841=CARTESIAN_POINT('',(69.2365203234866,11.5403021911191,16.3));
#4842=CARTESIAN_POINT('Origin',(67.5594663537125,9.82347663723639,16.3));
#4843=CARTESIAN_POINT('',(69.9094663537125,9.82347663723639,19.3));
#4844=CARTESIAN_POINT('Origin',(67.5594663537125,9.82347663723639,19.3));
#4845=CARTESIAN_POINT('',(69.9094663537125,9.82347663723639,16.3));
#4846=CARTESIAN_POINT('',(69.9094663537125,9.82347663708487,42.0071299054734));
#4847=CARTESIAN_POINT('',(69.9094663537125,9.82347663723639,16.3));
#4848=CARTESIAN_POINT('',(69.9004127746366,10.0295587916372,41.7018373380591));
#4849=CARTESIAN_POINT('Ctrl Pts',(69.9004127746366,10.0295587916372,41.7018373380591));
#4850=CARTESIAN_POINT('Ctrl Pts',(69.9064098079068,9.96143676714263,41.8036087123857));
#4851=CARTESIAN_POINT('Ctrl Pts',(69.9094663537214,9.89268836136105,41.9054504910067));
#4852=CARTESIAN_POINT('Ctrl Pts',(69.9094663537125,9.82347663693336,42.0071299054734));
#4853=CARTESIAN_POINT('Ctrl Pts',(69.9094663537125,9.82347663693336,42.0071299054734));
#4854=CARTESIAN_POINT('Ctrl Pts',(69.9094663536811,9.58035838904686,42.3642965747869));
#4855=CARTESIAN_POINT('Ctrl Pts',(69.87177777191,9.33115234353406,42.7192075919087));
#4856=CARTESIAN_POINT('Ctrl Pts',(69.6770975001413,8.74213796439916,43.5472906776785));
#4857=CARTESIAN_POINT('Ctrl Pts',(69.4862917021003,8.43033563091578,43.9779725082223));
#4858=CARTESIAN_POINT('Ctrl Pts',(69.0329425841829,7.97098842714319,44.662764101235));
#4859=CARTESIAN_POINT('Ctrl Pts',(68.7853089184802,7.79277194556745,44.9487569286844));
#4860=CARTESIAN_POINT('Ctrl Pts',(68.192072188112,7.53721818597892,45.4705037952084));
#4861=CARTESIAN_POINT('Ctrl Pts',(67.8718708734228,7.47246997004312,45.6839945540068));
#4862=CARTESIAN_POINT('Ctrl Pts',(67.3829718147108,7.47402671520363,45.9336850379289));
#4863=CARTESIAN_POINT('Ctrl Pts',(67.2079517518681,7.49283805595947,46.0089937948633));
#4864=CARTESIAN_POINT('Ctrl Pts',(66.9203761700272,7.55919349881073,46.1059230515578));
#4865=CARTESIAN_POINT('Ctrl Pts',(66.8093060589416,7.59328867047916,46.1369409542167));
#4866=CARTESIAN_POINT('Ctrl Pts',(66.6037541092688,7.67413931962414,46.1804877230627));
#4867=CARTESIAN_POINT('Ctrl Pts',(66.5095588825301,7.71842264486569,46.1947948106504));
#4868=CARTESIAN_POINT('Ctrl Pts',(66.3108375781637,7.8288938415019,46.2109942398954));
#4869=CARTESIAN_POINT('Ctrl Pts',(66.2083923409555,7.89676300528884,46.2103914066132));
#4870=CARTESIAN_POINT('Ctrl Pts',(65.9626055139972,8.08903654826155,46.1828954486186));
#4871=CARTESIAN_POINT('Ctrl Pts',(65.8316049641118,8.22046917994461,46.1425821881227));
#4872=CARTESIAN_POINT('Ctrl Pts',(65.5731991849713,8.54582731760615,45.9967719930152));
#4873=CARTESIAN_POINT('Ctrl Pts',(65.4646052081914,8.73873093373443,45.8787743227607));
#4874=CARTESIAN_POINT('Ctrl Pts',(65.2779778824211,9.19252528138825,45.5372635862575));
#4875=CARTESIAN_POINT('Ctrl Pts',(65.2280222145789,9.44762549579358,45.2936512486131));
#4876=CARTESIAN_POINT('Ctrl Pts',(65.1922466016462,10.0342325503813,44.6344956810858));
#4877=CARTESIAN_POINT('Ctrl Pts',(65.2504158429761,10.3807767677198,44.146970062436));
#4878=CARTESIAN_POINT('Ctrl Pts',(65.58837791086,11.2194685209525,42.6746346596811));
#4879=CARTESIAN_POINT('Ctrl Pts',(65.9553854848228,11.6057503335339,41.6755712748958));
#4880=CARTESIAN_POINT('Ctrl Pts',(66.587836431041,11.9786647281148,40.3957817000787));
#4881=CARTESIAN_POINT('Ctrl Pts',(66.8319408006783,12.0733302149884,39.9784917185122));
#4882=CARTESIAN_POINT('Ctrl Pts',(67.2534028874996,12.159524073569,39.4244911940046));
#4883=CARTESIAN_POINT('Ctrl Pts',(67.4537984131297,12.1818839233879,39.2003949444846));
#4884=CARTESIAN_POINT('Ctrl Pts',(67.7699956307053,12.1658083740732,38.975443245365));
#4885=CARTESIAN_POINT('Ctrl Pts',(67.8682221979475,12.1554981783587,38.9189995012599));
#4886=CARTESIAN_POINT('Ctrl Pts',(68.0255816029284,12.1274248351187,38.8585596444077));
#4887=CARTESIAN_POINT('Ctrl Pts',(68.0801813634391,12.1157803745563,38.8425260650365));
#4888=CARTESIAN_POINT('Ctrl Pts',(68.1816225091195,12.0901147543215,38.8231688265199));
#4889=CARTESIAN_POINT('Ctrl Pts',(68.2275462539227,12.0770309379325,38.8181947873271));
#4890=CARTESIAN_POINT('Ctrl Pts',(68.3288492234708,12.0447177004109,38.8160510311673));
#4891=CARTESIAN_POINT('Ctrl Pts',(68.3831948157465,12.0251316408376,38.8206589364799));
#4892=CARTESIAN_POINT('Ctrl Pts',(68.5376173516906,11.963004079533,38.8499048854714));
#4893=CARTESIAN_POINT('Ctrl Pts',(68.6315087174858,11.9170578081452,38.8880484223078));
#4894=CARTESIAN_POINT('Ctrl Pts',(68.8727706288921,11.7803670059516,39.0292508948892));
#4895=CARTESIAN_POINT('Ctrl Pts',(69.0055243210642,11.6816423697339,39.1609553029739));
#4896=CARTESIAN_POINT('Ctrl Pts',(69.2822407926951,11.4372568026918,39.510987383407));
#4897=CARTESIAN_POINT('Ctrl Pts',(69.4165873996114,11.275772514255,39.7644885747619));
#4898=CARTESIAN_POINT('Ctrl Pts',(69.7188984862616,10.8179545016003,40.486796824416));
#4899=CARTESIAN_POINT('Ctrl Pts',(69.8636579071458,10.4470678950053,41.0780966967773));
#4900=CARTESIAN_POINT('Ctrl Pts',(69.9004127746366,10.0295587916372,41.7018373380591));
#4901=CARTESIAN_POINT('Origin',(67.5593341262604,-9.825295758872,16.3));
#4902=CARTESIAN_POINT('',(69.2387594033754,-11.5398017339526,16.3));
#4903=CARTESIAN_POINT('Ctrl Pts',(69.2387594033754,-11.5398017339526,16.3));
#4904=CARTESIAN_POINT('Ctrl Pts',(69.2387594033754,-11.5398017339526,16.4968960175214));
#4905=CARTESIAN_POINT('Ctrl Pts',(69.2392948825256,-11.5392777124296,16.6936952362359));
#4906=CARTESIAN_POINT('Ctrl Pts',(69.2403791027485,-11.5382136660656,16.8905854842927));
#4907=CARTESIAN_POINT('Ctrl Pts',(69.2410819054458,-11.5375239402712,17.0182117676522));
#4908=CARTESIAN_POINT('Ctrl Pts',(69.2420146983384,-11.5366077101438,17.1457933787853));
#4909=CARTESIAN_POINT('Ctrl Pts',(69.2431796719614,-11.53546071155,17.2733837734829));
#4910=CARTESIAN_POINT('Origin',(67.5593341262604,-9.825295758872,16.3));
#4911=CARTESIAN_POINT('Ctrl Pts',(66.8665213556724,-12.1231230946199,16.537661662546));
#4912=CARTESIAN_POINT('Ctrl Pts',(66.8686104489348,-12.123200794466,16.458510025308));
#4913=CARTESIAN_POINT('Ctrl Pts',(66.870671686022,-12.1232397077348,16.3792883628841));
#4914=CARTESIAN_POINT('Ctrl Pts',(66.8727080453112,-12.1232397066876,16.3));
#4915=CARTESIAN_POINT('Ctrl Pts',(66.713058649604,-12.1585725809151,16.5377169853315));
#4916=CARTESIAN_POINT('Ctrl Pts',(66.7151392717134,-12.1586505719284,16.4585474374144));
#4917=CARTESIAN_POINT('Ctrl Pts',(66.7171920949085,-12.1586896309366,16.3793073402798));
#4918=CARTESIAN_POINT('Ctrl Pts',(66.7192200858079,-12.1586896298854,16.3));
#4919=CARTESIAN_POINT('Ctrl Pts',(66.3965653777731,-12.2309737792023,16.5378301609061));
#4920=CARTESIAN_POINT('Ctrl Pts',(66.3986286150205,-12.2310523552321,16.4586239836224));
#4921=CARTESIAN_POINT('Ctrl Pts',(66.4006641714028,-12.231091707038,16.3793461741076));
#4922=CARTESIAN_POINT('Ctrl Pts',(66.4026749892963,-12.2310917059786,16.3));
#4923=CARTESIAN_POINT('Ctrl Pts',(66.0772415632509,-12.3026404132295,16.53794248552));
#4924=CARTESIAN_POINT('Ctrl Pts',(66.0792874316462,-12.3027195470463,16.4586999772511));
#4925=CARTESIAN_POINT('Ctrl Pts',(66.08130573796,-12.3027591779703,16.3793847390998));
#4926=CARTESIAN_POINT('Ctrl Pts',(66.0832994001261,-12.3027591769032,16.3));
#4927=CARTESIAN_POINT('Ctrl Pts',(65.9127277978607,-12.3392069802564,16.5379998743988));
#4928=CARTESIAN_POINT('Ctrl Pts',(65.9147647613989,-12.339286393247,16.4587388097914));
#4929=CARTESIAN_POINT('Ctrl Pts',(65.9167742239898,-12.3393261638568,16.3794044486535));
#4930=CARTESIAN_POINT('Ctrl Pts',(65.9187590909798,-12.3393261627857,16.3));
#4931=CARTESIAN_POINT('',(66.8665213556724,-12.1231230946199,16.5376616625459));
#4932=CARTESIAN_POINT('',(65.9187590909819,-12.3393261627852,16.3));
#4933=CARTESIAN_POINT('Ctrl Pts',(66.8665213556724,-12.1231230946199,16.5376616625459));
#4934=CARTESIAN_POINT('Ctrl Pts',(66.5779583735401,-12.1903644789965,16.4552510681434));
#4935=CARTESIAN_POINT('Ctrl Pts',(66.2695199242554,-12.2609533358447,16.3757310660296));
#4936=CARTESIAN_POINT('Ctrl Pts',(65.9187590909798,-12.3393261627857,16.3000000000001));
#4937=CARTESIAN_POINT('',(66.8694275389105,-12.1239973273082,16.3));
#4938=CARTESIAN_POINT('Ctrl Pts',(66.8665213556724,-12.1231230946199,16.537661662546));
#4939=CARTESIAN_POINT('Ctrl Pts',(66.867574306548,-12.1234404932987,16.4584605816916));
#4940=CARTESIAN_POINT('Ctrl Pts',(66.8685426284619,-12.1237317401802,16.3792424171369));
#4941=CARTESIAN_POINT('Ctrl Pts',(66.8694275389105,-12.1239973273082,16.3));
#4942=CARTESIAN_POINT('Ctrl Pts',(65.9187590909798,-12.3393261627857,16.3));
#4943=CARTESIAN_POINT('Ctrl Pts',(66.0832994001261,-12.3027591769032,16.3));
#4944=CARTESIAN_POINT('Ctrl Pts',(66.4015667869569,-12.2313403851565,16.3));
#4945=CARTESIAN_POINT('Ctrl Pts',(66.7170232901198,-12.1591920774137,16.3));
#4946=CARTESIAN_POINT('Ctrl Pts',(66.8694275389105,-12.1239973273082,16.3));
#4947=CARTESIAN_POINT('Ctrl Pts',(-23.9560891073998,-1.55101272185002,40.7324100426979));
#4948=CARTESIAN_POINT('Ctrl Pts',(-24.4599581981713,-1.56753913991728,40.1330987513858));
#4949=CARTESIAN_POINT('Ctrl Pts',(-24.93581460922,-1.58308880932248,39.5041060202274));
#4950=CARTESIAN_POINT('Ctrl Pts',(-26.0324551963459,-1.61867308468861,37.8877242160626));
#4951=CARTESIAN_POINT('Ctrl Pts',(-26.6227299052892,-1.63756763303856,36.8663589506525));
#4952=CARTESIAN_POINT('Ctrl Pts',(-27.1574248556747,-1.65444393562502,35.777258162865));
#4953=CARTESIAN_POINT('Ctrl Pts',(-23.998154817065,-1.03305494266188,40.7280888631701));
#4954=CARTESIAN_POINT('Ctrl Pts',(-24.5025327721198,-1.04381148622676,40.1281768450225));
#4955=CARTESIAN_POINT('Ctrl Pts',(-24.9787511340167,-1.05386858811702,39.498601711636));
#4956=CARTESIAN_POINT('Ctrl Pts',(-26.075990254881,-1.07676733054816,37.8809011921236));
#4957=CARTESIAN_POINT('Ctrl Pts',(-26.6663688636304,-1.08881895065519,36.8588522219638));
#4958=CARTESIAN_POINT('Ctrl Pts',(-27.2010363161632,-1.09952840993859,35.7692443538897));
#4959=CARTESIAN_POINT('Ctrl Pts',(-24.0150628237571,-0.515027044736023,
40.7236627600687));
#4960=CARTESIAN_POINT('Ctrl Pts',(-24.5197352613812,-0.520045410562151,
40.1230897849124));
#4961=CARTESIAN_POINT('Ctrl Pts',(-24.9960828802306,-0.524645850251166,
39.49287065125));
#4962=CARTESIAN_POINT('Ctrl Pts',(-26.093323289373,-0.534962583166887,37.8737115300885));
#4963=CARTESIAN_POINT('Ctrl Pts',(-26.6834325836032,-0.540244402880819,
36.8509025698179));
#4964=CARTESIAN_POINT('Ctrl Pts',(-27.2176947068129,-0.544859251338501,
35.7607199101772));
#4965=CARTESIAN_POINT('Ctrl Pts',(-24.0049880949533,-0.000203202889566129,
40.7187676314416));
#4966=CARTESIAN_POINT('Ctrl Pts',(-24.509719688191,0.000462287297959068,
40.1174712850808));
#4967=CARTESIAN_POINT('Ctrl Pts',(-24.9859341664196,0.00125169568692285,
39.4865472727708));
#4968=CARTESIAN_POINT('Ctrl Pts',(-26.0824952577069,0.00334038410727603,
37.8657936632449));
#4969=CARTESIAN_POINT('Ctrl Pts',(-26.6719022960051,0.00470980872993208,
36.8421538283396));
#4970=CARTESIAN_POINT('Ctrl Pts',(-27.2053144444165,0.00606399199149276,
35.7513416981215));
#4971=CARTESIAN_POINT('Ctrl Pts',(-24.0054543669724,-0.000202588063027026,
40.7182121346388));
#4972=CARTESIAN_POINT('Ctrl Pts',(-24.0389155226787,-0.00020274494117024,
40.6783480821438));
#4973=CARTESIAN_POINT('Ctrl Pts',(-24.0722487270327,-0.000202901188290345,
40.6383571791162));
#4974=CARTESIAN_POINT('Ctrl Pts',(-24.1054543678908,-0.000203056808943899,
40.5982386218668));
#4975=CARTESIAN_POINT('Ctrl Pts',(-24.6821244287652,-0.000205759415006654,
39.9015145035141));
#4976=CARTESIAN_POINT('Ctrl Pts',(-25.2170433075829,-0.000208257479000115,
39.1702716528627));
#4977=CARTESIAN_POINT('Ctrl Pts',(-26.2244751011224,-0.000212959292640811,
37.6105184340014));
#4978=CARTESIAN_POINT('Ctrl Pts',(-26.6864777462233,-0.000215114887671606,
36.793045954131));
#4979=CARTESIAN_POINT('Ctrl Pts',(-27.1054543384398,-0.000217073681595838,
35.9538253725257));
#4980=CARTESIAN_POINT('Ctrl Pts',(-27.1390660245239,-0.000217230822501267,
35.8865003255702));
#4981=CARTESIAN_POINT('Ctrl Pts',(-27.1723984094827,-0.000217386682384654,
35.8190403572275));
#4982=CARTESIAN_POINT('Ctrl Pts',(-27.205454339358,-0.00021754127580493,
35.7514485867996));
#4983=CARTESIAN_POINT('Ctrl Pts',(-24.0039858948061,-0.000200638214336961,
40.7199614880249));
#4984=CARTESIAN_POINT('Ctrl Pts',(-24.5090892299894,-0.000871160998510957,
40.1183064534894));
#4985=CARTESIAN_POINT('Ctrl Pts',(-24.9856373959298,-0.00166555404354289,
39.4869859097639));
#4986=CARTESIAN_POINT('Ctrl Pts',(-26.082495189434,-0.00376521953114988,
37.8657937644567));
#4987=CARTESIAN_POINT('Ctrl Pts',(-26.6719022700685,-0.00514028808386431,
36.8421538794381));
#4988=CARTESIAN_POINT('Ctrl Pts',(-27.2053144455426,-0.0064996197002012,
35.7513416878161));
#4989=CARTESIAN_POINT('Ctrl Pts',(-24.0140409044559,0.513697798325009,40.724847790598));
#4990=CARTESIAN_POINT('Ctrl Pts',(-24.519085127158,0.518706933171904,40.1239152004224));
#4991=CARTESIAN_POINT('Ctrl Pts',(-24.9957663953083,0.523297879479999,39.4932986301796));
#4992=CARTESIAN_POINT('Ctrl Pts',(-26.093302924265,0.533586910142131,37.8736981764334));
#4993=CARTESIAN_POINT('Ctrl Pts',(-26.6834112160605,0.538851318963028,36.8508874418721));
#4994=CARTESIAN_POINT('Ctrl Pts',(-27.2176720005786,0.54344961992853,35.7607033626458));
#4995=CARTESIAN_POINT('Ctrl Pts',(-23.9971151536981,1.03086122512609,40.7292867472168));
#4996=CARTESIAN_POINT('Ctrl Pts',(-24.5018664358886,1.04160173810103,40.129013584274));
#4997=CARTESIAN_POINT('Ctrl Pts',(-24.9784201126049,1.05164218557413,39.4990394498489));
#4998=CARTESIAN_POINT('Ctrl Pts',(-26.0759596004059,1.07448995315949,37.8808931199165));
#4999=CARTESIAN_POINT('Ctrl Pts',(-26.6663395019247,1.08650851931548,36.8588395784327));
#5000=CARTESIAN_POINT('Ctrl Pts',(-27.2010077715485,1.09718633366553,35.7692277703692));
#5001=CARTESIAN_POINT('Ctrl Pts',(-23.9550614892176,1.54800869962695,40.7336357788195));
#5002=CARTESIAN_POINT('Ctrl Pts',(-24.4593067233863,1.56451038229654,40.1339613915023));
#5003=CARTESIAN_POINT('Ctrl Pts',(-24.9355014806377,1.58003427604839,39.5045676183579));
#5004=CARTESIAN_POINT('Ctrl Pts',(-26.0324503592932,1.6155395573979,37.8877342975577));
#5005=CARTESIAN_POINT('Ctrl Pts',(-26.6227310346213,1.63438264688286,36.8663608709498));
#5006=CARTESIAN_POINT('Ctrl Pts',(-27.15743134459,1.65120957034692,35.7772527824231));
#5007=CARTESIAN_POINT('Origin',(-12.1838295521518,15.9081255933812,16.3));
#5008=CARTESIAN_POINT('',(-10.8838295521518,15.9081255933812,19.3));
#5009=CARTESIAN_POINT('Origin',(-12.1838295521518,15.9081255933812,19.3));
#5010=CARTESIAN_POINT('',(-10.8838295521518,15.9081255933812,16.3));
#5011=CARTESIAN_POINT('',(-10.8838295521518,15.9081255933812,16.3));
#5012=CARTESIAN_POINT('Origin',(-12.1838295521518,15.9081255933812,16.3));
#5013=CARTESIAN_POINT('Origin',(-12.1838295521518,15.9081255933812,19.3));
#5014=CARTESIAN_POINT('',(-9.73382955215176,15.9081255933812,19.3));
#5015=CARTESIAN_POINT('Origin',(-12.1838295521518,15.9081255933812,19.3));
#5016=CARTESIAN_POINT('Ctrl Pts',(-17.7821417164548,14.5324395962539,35.4924536643262));
#5017=CARTESIAN_POINT('Ctrl Pts',(-16.3700757723841,13.9759482427852,38.957845102869));
#5018=CARTESIAN_POINT('Ctrl Pts',(-14.4720515945999,13.2659764488511,41.6042752775452));
#5019=CARTESIAN_POINT('Ctrl Pts',(-12.0934694876713,12.4116608305839,43.6876481394542));
#5020=CARTESIAN_POINT('Ctrl Pts',(-17.057774427468,14.9284473179111,35.5307412548618));
#5021=CARTESIAN_POINT('Ctrl Pts',(-15.6690752939534,14.3491748290715,39.0059371448605));
#5022=CARTESIAN_POINT('Ctrl Pts',(-13.7983495015708,13.6067632039484,41.658429475692));
#5023=CARTESIAN_POINT('Ctrl Pts',(-11.4565688675274,12.7216490728589,43.7360842109334));
#5024=CARTESIAN_POINT('Ctrl Pts',(-16.2698247377359,15.2754461900387,35.570200531393));
#5025=CARTESIAN_POINT('Ctrl Pts',(-14.9087076452918,14.6745770056483,39.0560834381591));
#5026=CARTESIAN_POINT('Ctrl Pts',(-13.0711805481288,13.9001157110612,41.7167482031298));
#5027=CARTESIAN_POINT('Ctrl Pts',(-10.7713778040854,12.9841733754604,43.7896988541789));
#5028=CARTESIAN_POINT('Ctrl Pts',(-15.4166288295416,15.5741962114646,35.6069646911868));
#5029=CARTESIAN_POINT('Ctrl Pts',(-14.0869940225009,14.9543026715454,39.1032515526727));
#5030=CARTESIAN_POINT('Ctrl Pts',(-12.2887742192569,14.1508866249318,41.7731361944457));
#5031=CARTESIAN_POINT('Ctrl Pts',(-10.037293225233,13.2056609851296,43.8432264510947));
#5032=CARTESIAN_POINT('Ctrl Pts',(-14.3430499300495,14.7504264270729,38.8095106066753));
#5033=CARTESIAN_POINT('Ctrl Pts',(-14.0472828956375,14.1987924392474,40.2473560056627));
#5034=CARTESIAN_POINT('Ctrl Pts',(-13.5405917343778,13.7853336779982,41.1879172518988));
#5035=CARTESIAN_POINT('Ctrl Pts',(-12.9859597547504,13.5931553693656,41.8073128859616));
#5036=CARTESIAN_POINT('Ctrl Pts',(-12.7584165072956,13.5143123202035,42.0614260622855));
#5037=CARTESIAN_POINT('Ctrl Pts',(-12.4999888531908,13.4613786252984,42.2866491789812));
#5038=CARTESIAN_POINT('Ctrl Pts',(-12.2101307054372,13.4582667710537,42.4558880839691));
#5039=CARTESIAN_POINT('Ctrl Pts',(-10.9152536251846,12.9159332336691,43.7737402109364));
#5040=CARTESIAN_POINT('Ctrl Pts',(-10.9641259593499,12.8952132199923,43.772944230859));
#5041=CARTESIAN_POINT('Ctrl Pts',(-11.0134690942402,12.87570666843,43.7702299772601));
#5042=CARTESIAN_POINT('Ctrl Pts',(-11.1425976516446,12.8282735322799,43.7583872101964));
#5043=CARTESIAN_POINT('Ctrl Pts',(-11.2225681309101,12.8024178504886,43.7464415758961));
#5044=CARTESIAN_POINT('Ctrl Pts',(-11.4022462314584,12.7518134999492,43.7101686592295));
#5045=CARTESIAN_POINT('Ctrl Pts',(-11.5016333091341,12.7289487386998,43.6836510362912));
#5046=CARTESIAN_POINT('Ctrl Pts',(-11.7840181936002,12.6774086792786,43.5918973857949));
#5047=CARTESIAN_POINT('Ctrl Pts',(-11.9641956555041,12.6609221702968,43.5133745957912));
#5048=CARTESIAN_POINT('Ctrl Pts',(-12.49699829974,12.6533397099548,43.2309318565398));
#5049=CARTESIAN_POINT('Ctrl Pts',(-12.8611161690647,12.7083461845363,42.9658311426873));
#5050=CARTESIAN_POINT('Ctrl Pts',(-13.5511753874838,12.9378540753702,42.2819017859284));
#5051=CARTESIAN_POINT('Ctrl Pts',(-13.8733302553749,13.1084066450032,41.8706523422577));
#5052=CARTESIAN_POINT('Ctrl Pts',(-14.5367995988954,13.6165434585813,40.7126753677862));
#5053=CARTESIAN_POINT('Ctrl Pts',(-14.8421643741519,13.9825560091965,39.9192254717472));
#5054=CARTESIAN_POINT('Ctrl Pts',(-15.2605556771595,14.7743283436547,37.9862809489992));
#5055=CARTESIAN_POINT('Ctrl Pts',(-15.3758003284406,15.1789319549955,36.9062955530274));
#5056=CARTESIAN_POINT('Ctrl Pts',(-15.4166288295416,15.5741962114645,35.6069646911868));
#5057=CARTESIAN_POINT('Origin',(-12.1838295521518,15.9081255933812,16.3));
#5058=CARTESIAN_POINT('Origin',(-12.1838295521518,15.9081255933812,16.3));
#5059=CARTESIAN_POINT('Origin',(15.9851406487837,-15.7566133158326,16.3));
#5060=CARTESIAN_POINT('',(17.2851406487837,-15.7566133158326,19.3));
#5061=CARTESIAN_POINT('Origin',(15.9851406487837,-15.7566133158326,19.3));
#5062=CARTESIAN_POINT('',(17.2851406487837,-15.7566133158326,16.3));
#5063=CARTESIAN_POINT('',(17.2851406487837,-15.7566133158326,16.3));
#5064=CARTESIAN_POINT('Origin',(15.9851406487837,-15.7566133158326,16.3));
#5065=CARTESIAN_POINT('Origin',(15.9851406487837,-16.1316133158326,19.3));
#5066=CARTESIAN_POINT('',(18.4351406487837,-15.7566133158326,19.3));
#5067=CARTESIAN_POINT('Origin',(15.9851406487837,-15.7566133158326,19.3));
#5068=CARTESIAN_POINT('Origin',(67.5593341262604,-9.825295758872,16.3));
#5069=CARTESIAN_POINT('',(66.8668545017703,-12.1232235144087,16.3));
#5070=CARTESIAN_POINT('Ctrl Pts',(66.8665213556496,-12.1231230946252,16.5376616625101));
#5071=CARTESIAN_POINT('Ctrl Pts',(66.8667436411996,-12.1231899885881,16.4586094551101));
#5072=CARTESIAN_POINT('Ctrl Pts',(66.8668547870039,-12.1232234480654,16.3793889831976));
#5073=CARTESIAN_POINT('Ctrl Pts',(66.8668547870039,-12.1232234480654,16.3));
#5074=CARTESIAN_POINT('Origin',(67.5593341262604,-9.825295758872,16.3));
#5075=CARTESIAN_POINT('Origin',(67.5593341262604,-9.825295758872,16.3));
#5076=CARTESIAN_POINT('',(68.8593341262604,-9.825295758872,19.3));
#5077=CARTESIAN_POINT('Origin',(67.5593341262604,-9.825295758872,19.3));
#5078=CARTESIAN_POINT('',(68.8593341262604,-9.825295758872,16.3));
#5079=CARTESIAN_POINT('',(68.8593341262604,-9.825295758872,16.3));
#5080=CARTESIAN_POINT('Origin',(67.5593341262604,-9.825295758872,16.3));
#5081=CARTESIAN_POINT('Origin',(67.5593341262604,-9.825295758872,19.3));
#5082=CARTESIAN_POINT('',(69.9093341262604,-9.825295758872,19.3));
#5083=CARTESIAN_POINT('Origin',(67.5593341262604,-9.825295758872,19.3));
#5084=CARTESIAN_POINT('Origin',(15.9853527111368,15.7554883361798,16.3));
#5085=CARTESIAN_POINT('',(17.2853527111368,15.7554883361798,19.3));
#5086=CARTESIAN_POINT('Origin',(15.9853527111368,15.7554883361798,19.3));
#5087=CARTESIAN_POINT('',(17.2853527111368,15.7554883361798,16.3));
#5088=CARTESIAN_POINT('',(17.2853527111368,15.7554883361798,16.3));
#5089=CARTESIAN_POINT('Origin',(15.9853527111368,15.7554883361798,16.3));
#5090=CARTESIAN_POINT('Origin',(15.9853527111368,15.7554883361798,19.3));
#5091=CARTESIAN_POINT('',(18.4353527111368,15.7554883361798,19.3));
#5092=CARTESIAN_POINT('Origin',(15.9853527111368,15.7554883361798,19.3));
#5093=CARTESIAN_POINT('Origin',(15.9853527111368,15.7554883361798,16.3));
#5094=CARTESIAN_POINT('Ctrl Pts',(13.7666073125624,13.3806896381204,45.2728284705558));
#5095=CARTESIAN_POINT('Ctrl Pts',(13.7346730888741,13.4105253930091,45.2269610993386));
#5096=CARTESIAN_POINT('Ctrl Pts',(13.7039349230082,13.4404496844384,45.1803239298967));
#5097=CARTESIAN_POINT('Ctrl Pts',(13.4410390891485,13.7063245832475,44.7602090160347));
#5098=CARTESIAN_POINT('Ctrl Pts',(13.2442829537919,13.978008197356,44.2923350384171));
#5099=CARTESIAN_POINT('Ctrl Pts',(12.8784954062298,14.6920655759025,42.8549296356722));
#5100=CARTESIAN_POINT('Ctrl Pts',(12.7587275798416,15.1538341125675,41.768920583536));
#5101=CARTESIAN_POINT('Ctrl Pts',(12.7035269989782,16.4055047136613,37.8264180888611));
#5102=CARTESIAN_POINT('Ctrl Pts',(12.9639800732179,17.0641918603073,34.6327292297276));
#5103=CARTESIAN_POINT('Ctrl Pts',(13.4177016009926,17.7723113977053,27.9939646655818));
#5104=CARTESIAN_POINT('Ctrl Pts',(13.6324659168346,18.0016971369117,24.8162468299576));
#5105=CARTESIAN_POINT('Ctrl Pts',(13.7318689995019,18.0973489557292,20.609187452167));
#5106=CARTESIAN_POINT('Origin',(15.9853527111368,15.7554883361798,16.3));
#5107=CARTESIAN_POINT('Ctrl Pts',(11.5482782473772,18.2096627252009,20.6091205628112));
#5108=CARTESIAN_POINT('Ctrl Pts',(11.5961442442807,18.0774958221676,26.0146499727786));
#5109=CARTESIAN_POINT('Ctrl Pts',(11.926357834878,17.1652698275798,36.5853745241895));
#5110=CARTESIAN_POINT('Ctrl Pts',(12.7617328013629,14.9370935720482,42.8248089900911));
#5111=CARTESIAN_POINT('Ctrl Pts',(13.4083476995778,13.3990197443518,45.2725201243336));
#5112=CARTESIAN_POINT('Ctrl Pts',(12.5660472918339,18.1591068017024,20.6091585475486));
#5113=CARTESIAN_POINT('Ctrl Pts',(12.6071724561563,18.0272513034167,26.0147422966528));
#5114=CARTESIAN_POINT('Ctrl Pts',(12.8909154322409,17.1171937372222,36.5856250593797));
#5115=CARTESIAN_POINT('Ctrl Pts',(13.6099055018352,14.8943911652637,42.8254297050665));
#5116=CARTESIAN_POINT('Ctrl Pts',(14.1681797968828,13.3604218275599,45.2732014083482));
#5117=CARTESIAN_POINT('Ctrl Pts',(13.5848147203945,18.1059640198636,20.6091861046463));
#5118=CARTESIAN_POINT('Ctrl Pts',(13.6192003682697,17.974438110821,26.0148095915745));
#5119=CARTESIAN_POINT('Ctrl Pts',(13.8564768431492,17.066670900626,36.5858095192242));
#5120=CARTESIAN_POINT('Ctrl Pts',(14.4590513738091,14.849593495322,42.8258919413086));
#5121=CARTESIAN_POINT('Ctrl Pts',(14.928925529466,13.3200064048104,45.2737096611499));
#5122=CARTESIAN_POINT('Ctrl Pts',(14.5990444217724,18.0506420725273,20.6092070902404));
#5123=CARTESIAN_POINT('Ctrl Pts',(14.6267592703584,17.9194614908023,26.0148610104726));
#5124=CARTESIAN_POINT('Ctrl Pts',(14.8180254995538,17.0140906963046,36.5859510063892));
#5125=CARTESIAN_POINT('Ctrl Pts',(15.3050779577882,14.8030310334515,42.8262481824797));
#5126=CARTESIAN_POINT('Ctrl Pts',(15.6870932587547,13.2780532435403,45.2741016252808));
#5127=CARTESIAN_POINT('Ctrl Pts',(14.6501260539575,17.8096718172637,26.113136535141));
#5128=CARTESIAN_POINT('Ctrl Pts',(14.4050616734813,17.6503790877923,28.7729017632593));
#5129=CARTESIAN_POINT('Ctrl Pts',(14.1224584313884,17.4032229638748,31.356299310972));
#5130=CARTESIAN_POINT('Ctrl Pts',(13.8984206755364,17.0389269513012,33.7544624374832));
#5131=CARTESIAN_POINT('Ctrl Pts',(13.7817573259905,16.8492268139677,35.0032597307433));
#5132=CARTESIAN_POINT('Ctrl Pts',(13.6829325697006,16.6255884982849,36.198731563677));
#5133=CARTESIAN_POINT('Ctrl Pts',(13.6210507040824,16.3978091434393,37.2233762443351));
#5134=CARTESIAN_POINT('Ctrl Pts',(13.4765265194887,15.8658338192075,39.6164187858109));
#5135=CARTESIAN_POINT('Ctrl Pts',(13.5210019492905,15.2786672474868,41.3038205021282));
#5136=CARTESIAN_POINT('Ctrl Pts',(13.7387161027506,14.7781839056879,42.4925835542849));
#5137=CARTESIAN_POINT('Ctrl Pts',(13.8702435714866,14.4758273246154,43.2107499788925));
#5138=CARTESIAN_POINT('Ctrl Pts',(14.0386238989286,14.2174873617418,43.730770373168));
#5139=CARTESIAN_POINT('Ctrl Pts',(14.3261403945061,13.9528473601835,44.2099768235503));
#5140=CARTESIAN_POINT('Ctrl Pts',(14.4061638723016,13.879191018324,44.3433527074786));
#5141=CARTESIAN_POINT('Ctrl Pts',(14.4950216605949,13.8070639490766,44.4689121649224));
#5142=CARTESIAN_POINT('Ctrl Pts',(14.5957011324211,13.737725096904,44.5851041431396));
#5143=CARTESIAN_POINT('Origin',(-12.1840436663144,-15.9088714410193,16.3));
#5144=CARTESIAN_POINT('',(-10.8840436663144,-15.9088714410193,19.3));
#5145=CARTESIAN_POINT('Origin',(-12.1840436663144,-15.9088714410193,19.3));
#5146=CARTESIAN_POINT('',(-10.8840436663144,-15.9088714410193,16.3));
#5147=CARTESIAN_POINT('',(-10.8840436663144,-15.9088714410193,16.3));
#5148=CARTESIAN_POINT('Origin',(-12.1840436663144,-15.9088714410193,16.3));
#5149=CARTESIAN_POINT('Origin',(-12.1840436663144,-15.9088714410193,19.3));
#5150=CARTESIAN_POINT('',(-9.73404366631443,-15.9088714410193,19.3));
#5151=CARTESIAN_POINT('Origin',(-12.1840436663144,-15.9088714410193,19.3));
#5152=CARTESIAN_POINT('Origin',(67.5594663537125,9.82347663723639,16.3));
#5153=CARTESIAN_POINT('',(66.8701676979121,12.1223605758274,16.3));
#5154=CARTESIAN_POINT('Ctrl Pts',(65.7230456390166,12.3827849341471,16.3));
#5155=CARTESIAN_POINT('Ctrl Pts',(65.7230456390166,12.3827849341471,19.3));
#5156=CARTESIAN_POINT('Ctrl Pts',(66.1217563214259,12.294407277374,16.3));
#5157=CARTESIAN_POINT('Ctrl Pts',(66.1217563214259,12.294407277374,19.3));
#5158=CARTESIAN_POINT('Ctrl Pts',(66.5040144965296,12.2075362673363,16.3));
#5159=CARTESIAN_POINT('Ctrl Pts',(66.5040144965296,12.2075362673363,19.3));
#5160=CARTESIAN_POINT('Ctrl Pts',(66.8701676978558,12.1223605758405,16.3));
#5161=CARTESIAN_POINT('Ctrl Pts',(66.8701676978558,12.1223605758405,19.3));
#5162=CARTESIAN_POINT('',(65.7230456390166,12.3827849341471,16.3));
#5163=CARTESIAN_POINT('Ctrl Pts',(65.7230456388862,12.382784934176,16.3));
#5164=CARTESIAN_POINT('Ctrl Pts',(66.1217563213221,12.2944072773975,16.3));
#5165=CARTESIAN_POINT('Ctrl Pts',(66.5040144964505,12.2075362673545,16.3));
#5166=CARTESIAN_POINT('Ctrl Pts',(66.8701676977995,12.1223605758536,16.3));
#5167=CARTESIAN_POINT('Origin',(67.5594663537125,9.82347663723639,16.3));
#5168=CARTESIAN_POINT('',(70.3762556987278,11.2335113126284,16.3));
#5169=CARTESIAN_POINT('Origin',(67.5594663537125,9.82347663723639,16.3));
#5170=CARTESIAN_POINT('Origin',(67.5594663537125,9.82347663723639,16.3));
#5171=CARTESIAN_POINT('Origin',(67.5594663537125,9.82347663723639,16.3));
#5172=CARTESIAN_POINT('Origin',(67.5594663537125,9.82347663723639,16.3));
#5173=CARTESIAN_POINT('',(68.8594663537125,9.82347663723639,19.3));
#5174=CARTESIAN_POINT('Origin',(67.5594663537125,9.82347663723639,19.3));
#5175=CARTESIAN_POINT('',(68.8594663537125,9.82347663723639,16.3));
#5176=CARTESIAN_POINT('',(68.8594663537125,9.82347663723639,16.3));
#5177=CARTESIAN_POINT('Origin',(67.5594663537125,9.82347663723639,16.3));
#5178=CARTESIAN_POINT('Ctrl Pts',(69.2365203234866,11.5403021911191,16.3));
#5179=CARTESIAN_POINT('Ctrl Pts',(69.2365203234866,11.5403021911191,19.3));
#5180=CARTESIAN_POINT('Ctrl Pts',(69.4307464679739,11.4896507952582,16.3));
#5181=CARTESIAN_POINT('Ctrl Pts',(69.4307464679739,11.4896507952582,19.3));
#5182=CARTESIAN_POINT('Ctrl Pts',(69.6180852194982,11.440007524588,16.3));
#5183=CARTESIAN_POINT('Ctrl Pts',(69.6180852194982,11.440007524588,19.3));
#5184=CARTESIAN_POINT('Ctrl Pts',(69.7986313227342,11.3914518074408,16.3));
#5185=CARTESIAN_POINT('Ctrl Pts',(69.7986313227342,11.3914518074408,19.3));
#5186=CARTESIAN_POINT('Ctrl Pts',(69.9997565042476,11.3373615930873,16.3));
#5187=CARTESIAN_POINT('Ctrl Pts',(69.9997565042476,11.3373615930873,19.3));
#5188=CARTESIAN_POINT('Ctrl Pts',(70.1916687614304,11.2848370266567,16.3));
#5189=CARTESIAN_POINT('Ctrl Pts',(70.1916687614304,11.2848370266567,19.3));
#5190=CARTESIAN_POINT('Ctrl Pts',(70.3762556987278,11.2335113126285,16.3));
#5191=CARTESIAN_POINT('Ctrl Pts',(70.3762556987278,11.2335113126285,19.3));
#5192=CARTESIAN_POINT('Ctrl Pts',(69.2365203234866,11.5403021911191,16.3));
#5193=CARTESIAN_POINT('Ctrl Pts',(69.4307464679739,11.4896507952582,16.3));
#5194=CARTESIAN_POINT('Ctrl Pts',(69.6180852194982,11.440007524588,16.3));
#5195=CARTESIAN_POINT('Ctrl Pts',(69.7986313227342,11.3914518074408,16.3));
#5196=CARTESIAN_POINT('Ctrl Pts',(69.9997565042476,11.3373615930873,16.3));
#5197=CARTESIAN_POINT('Ctrl Pts',(70.1916687614304,11.2848370266567,16.3));
#5198=CARTESIAN_POINT('Ctrl Pts',(70.3762556987278,11.2335113126285,16.3));
#5199=CARTESIAN_POINT('Origin',(67.7732903586324,10.1984766372364,19.3));
#5200=CARTESIAN_POINT('Origin',(-12.1838295521518,15.9081255933812,16.3));
#5201=CARTESIAN_POINT('',(-9.73382955215176,15.9081255926931,45.5148616509901));
#5202=CARTESIAN_POINT('',(-9.73382955215176,15.9081255933812,16.3));
#5203=CARTESIAN_POINT('',(-9.95359710966493,14.8939445185828,46.6270629937964));
#5204=CARTESIAN_POINT('Ctrl Pts',(-9.95359710966493,14.8939445185828,46.6270629937964));
#5205=CARTESIAN_POINT('Ctrl Pts',(-10.0048108154687,14.7813231425566,46.7256908194687));
#5206=CARTESIAN_POINT('Ctrl Pts',(-10.0669248637519,14.6673142384838,46.8171037422245));
#5207=CARTESIAN_POINT('Ctrl Pts',(-10.2681562802649,14.3638084196131,47.0353466514105));
#5208=CARTESIAN_POINT('Ctrl Pts',(-10.4270860259221,14.1819506695252,47.1392422138569));
#5209=CARTESIAN_POINT('Ctrl Pts',(-10.736773305458,13.925405922706,47.2398387658681));
#5210=CARTESIAN_POINT('Ctrl Pts',(-10.8616927964264,13.8399508996406,47.2617368196581));
#5211=CARTESIAN_POINT('Ctrl Pts',(-11.0939271866752,13.7109244161113,47.2738791621265));
#5212=CARTESIAN_POINT('Ctrl Pts',(-11.1963496173624,13.6631833726332,47.2704596954888));
#5213=CARTESIAN_POINT('Ctrl Pts',(-11.4063303875265,13.5819787249048,47.2482028867458));
#5214=CARTESIAN_POINT('Ctrl Pts',(-11.512904818346,13.5492702829917,47.2291263335115));
#5215=CARTESIAN_POINT('Ctrl Pts',(-11.7656509508807,13.4893633253722,47.1681661101864));
#5216=CARTESIAN_POINT('Ctrl Pts',(-11.9103337935251,13.4693860900464,47.1205382182973));
#5217=CARTESIAN_POINT('Ctrl Pts',(-12.3232369853462,13.4469098446773,46.9539741681716));
#5218=CARTESIAN_POINT('Ctrl Pts',(-12.5788980156241,13.4783887204057,46.8106006709407));
#5219=CARTESIAN_POINT('Ctrl Pts',(-13.126502043874,13.6231822839589,46.4288540245395));
#5220=CARTESIAN_POINT('Ctrl Pts',(-13.4226256793544,13.7695691312702,46.1571602202127));
#5221=CARTESIAN_POINT('Ctrl Pts',(-14.0106056833279,14.2229576147764,45.4291596161002));
#5222=CARTESIAN_POINT('Ctrl Pts',(-14.2682842770983,14.5565297857351,44.9529412076171));
#5223=CARTESIAN_POINT('Ctrl Pts',(-14.6659101504075,15.4741750597266,43.6528150166032));
#5224=CARTESIAN_POINT('Ctrl Pts',(-14.6866607418533,16.0485017526043,42.8333705875725));
#5225=CARTESIAN_POINT('Ctrl Pts',(-14.4464060879117,16.9191630552474,41.5085174977588));
#5226=CARTESIAN_POINT('Ctrl Pts',(-14.2721120216832,17.2317791778107,41.0108131410425));
#5227=CARTESIAN_POINT('Ctrl Pts',(-13.9370585756649,17.6297444410934,40.3853626158481));
#5228=CARTESIAN_POINT('Ctrl Pts',(-13.787117609841,17.7735922664294,40.1609342511079));
#5229=CARTESIAN_POINT('Ctrl Pts',(-13.4714490119933,17.9993195965354,39.8365486142108));
#5230=CARTESIAN_POINT('Ctrl Pts',(-13.3075536538009,18.0945693522465,39.7103565745913));
#5231=CARTESIAN_POINT('Ctrl Pts',(-13.0405546160946,18.2051000383324,39.6052264747424));
#5232=CARTESIAN_POINT('Ctrl Pts',(-12.95698492594,18.23467169716,39.5837315057612));
#5233=CARTESIAN_POINT('Ctrl Pts',(-12.8124065045688,18.2768963754086,39.5679129236465));
#5234=CARTESIAN_POINT('Ctrl Pts',(-12.7541843853158,18.2915530604053,39.5671583801227));
#5235=CARTESIAN_POINT('Ctrl Pts',(-12.6375642395662,18.3164870221004,39.5764803611043));
#5236=CARTESIAN_POINT('Ctrl Pts',(-12.580199143668,18.3265158043028,39.5865423768748));
#5237=CARTESIAN_POINT('Ctrl Pts',(-12.4381046997411,18.3464380708764,39.6236654551719));
#5238=CARTESIAN_POINT('Ctrl Pts',(-12.3561612738871,18.3532971604855,39.6565612132151));
#5239=CARTESIAN_POINT('Ctrl Pts',(-12.072582032204,18.3642467815099,39.8021147543574));
#5240=CARTESIAN_POINT('Ctrl Pts',(-11.8900467377619,18.3455082684722,39.9596373986964));
#5241=CARTESIAN_POINT('Ctrl Pts',(-11.4398581810617,18.2617541794487,40.4338081354794));
#5242=CARTESIAN_POINT('Ctrl Pts',(-11.1668824854579,18.1550456572665,40.8497817199527));
#5243=CARTESIAN_POINT('Ctrl Pts',(-10.447603542548,17.7237092362598,42.2086687144416));
#5244=CARTESIAN_POINT('Ctrl Pts',(-10.046734791811,17.2605852734322,43.3440404555673));
#5245=CARTESIAN_POINT('Ctrl Pts',(-9.77951689214179,16.4362449320742,44.7626592661636));
#5246=CARTESIAN_POINT('Ctrl Pts',(-9.73382955199797,16.1818672855782,45.1527502649873));
#5247=CARTESIAN_POINT('Ctrl Pts',(-9.73382955215176,15.9081255920049,45.5148616509901));
#5248=CARTESIAN_POINT('Ctrl Pts',(-9.73382955215175,15.9081255920049,45.5148616509901));
#5249=CARTESIAN_POINT('Ctrl Pts',(-9.73382955220385,15.815387800056,45.6375371920781));
#5250=CARTESIAN_POINT('Ctrl Pts',(-9.73908802956361,15.7204655423508,45.7570302239368));
#5251=CARTESIAN_POINT('Ctrl Pts',(-9.77743203816041,15.3923255924192,46.1485015683814));
#5252=CARTESIAN_POINT('Ctrl Pts',(-9.83976923086958,15.1442574404635,46.4078522178865));
#5253=CARTESIAN_POINT('Ctrl Pts',(-9.95359710966493,14.8939445185828,46.6270629937964));
#5254=CARTESIAN_POINT('Origin',(15.9853527111368,15.7554883361798,16.3));
#5255=CARTESIAN_POINT('',(18.4353527111368,15.7554883335373,46.7118407465753));
#5256=CARTESIAN_POINT('',(18.4353527111368,15.7554883361798,16.3));
#5257=CARTESIAN_POINT('',(16.0014526808006,18.2054354358081,41.5222853934798));
#5258=CARTESIAN_POINT('Ctrl Pts',(16.0014526808006,18.2054354358081,41.5222853934798));
#5259=CARTESIAN_POINT('Ctrl Pts',(16.0282496657763,18.2052593378649,41.5182314601984));
#5260=CARTESIAN_POINT('Ctrl Pts',(16.0551739276471,18.204642814343,41.5154959859619));
#5261=CARTESIAN_POINT('Ctrl Pts',(16.1178981478998,18.2021608924578,41.5123136817175));
#5262=CARTESIAN_POINT('Ctrl Pts',(16.1535896596915,18.1999677355344,41.5128859167851));
#5263=CARTESIAN_POINT('Ctrl Pts',(16.2330525317699,18.193330326049,41.5195120239665));
#5264=CARTESIAN_POINT('Ctrl Pts',(16.2762675505724,18.1885359378296,41.5267296611255));
#5265=CARTESIAN_POINT('Ctrl Pts',(16.4038706630862,18.1710004218288,41.5582812915607));
#5266=CARTESIAN_POINT('Ctrl Pts',(16.4844903476172,18.1553738072166,41.5919980211843));
#5267=CARTESIAN_POINT('Ctrl Pts',(16.7295661145001,18.0962046473718,41.7287996055339));
#5268=CARTESIAN_POINT('Ctrl Pts',(16.8784233517545,18.0410240752358,41.8681242681498));
#5269=CARTESIAN_POINT('Ctrl Pts',(17.2059837550734,17.8914571396063,42.2478868420349));
#5270=CARTESIAN_POINT('Ctrl Pts',(17.3782448919811,17.7788503677119,42.5354346979873));
#5271=CARTESIAN_POINT('Ctrl Pts',(17.7345036553154,17.4934698859436,43.240397522291));
#5272=CARTESIAN_POINT('Ctrl Pts',(17.926763167529,17.2788708253958,43.7510993287216));
#5273=CARTESIAN_POINT('Ctrl Pts',(18.2926645427772,16.6757691712125,45.0590182612358));
#5274=CARTESIAN_POINT('Ctrl Pts',(18.4353527121851,16.2414530741455,45.9065377216991));
#5275=CARTESIAN_POINT('Ctrl Pts',(18.4353527111368,15.7554883308947,46.7118407465753));
#5276=CARTESIAN_POINT('Ctrl Pts',(18.4353527111368,15.7554883308947,46.7118407465753));
#5277=CARTESIAN_POINT('Ctrl Pts',(18.4353527109737,15.6798882220096,46.8371193747303));
#5278=CARTESIAN_POINT('Ctrl Pts',(18.4318555265329,15.6031227843119,46.9614275776049));
#5279=CARTESIAN_POINT('Ctrl Pts',(18.3915790177612,15.1761113198165,47.6369061689523));
#5280=CARTESIAN_POINT('Ctrl Pts',(18.284578237668,14.838427274541,48.1123726281915));
#5281=CARTESIAN_POINT('Ctrl Pts',(17.9859152407888,14.3201768204532,48.7903768799579));
#5282=CARTESIAN_POINT('Ctrl Pts',(17.8213123369517,14.1071425563777,49.0522073547275));
#5283=CARTESIAN_POINT('Ctrl Pts',(17.4467147385367,13.7782313146621,49.4407794085109));
#5284=CARTESIAN_POINT('Ctrl Pts',(17.2643169195464,13.6526446684071,49.5842920109218));
#5285=CARTESIAN_POINT('Ctrl Pts',(16.856363907104,13.4551645842155,49.8101940948634));
#5286=CARTESIAN_POINT('Ctrl Pts',(16.6383600789335,13.3820521613334,49.8941851337738));
#5287=CARTESIAN_POINT('Ctrl Pts',(16.2916428466289,13.3220902804691,49.9713693872027));
#5288=CARTESIAN_POINT('Ctrl Pts',(16.1777196158702,13.3103099934261,49.9887921886816));
#5289=CARTESIAN_POINT('Ctrl Pts',(15.9790598872292,13.3040912579116,50.0052557429253));
#5290=CARTESIAN_POINT('Ctrl Pts',(15.8956349824734,13.3057008740254,50.0080649790969));
#5291=CARTESIAN_POINT('Ctrl Pts',(15.7307500462068,13.3173879116205,50.0053913640252));
#5292=CARTESIAN_POINT('Ctrl Pts',(15.6497051562836,13.3272201487282,50.0001237630584));
#5293=CARTESIAN_POINT('Ctrl Pts',(15.4615134168399,13.3596439604013,49.9785305576256));
#5294=CARTESIAN_POINT('Ctrl Pts',(15.355851115591,13.3852960635907,49.9591431180775));
#5295=CARTESIAN_POINT('Ctrl Pts',(15.0495917817422,13.4812086499328,49.8812303385202));
#5296=CARTESIAN_POINT('Ctrl Pts',(14.862327377178,13.5690289078902,49.8042191275744));
#5297=CARTESIAN_POINT('Ctrl Pts',(14.4596913298429,13.8187881665876,49.5703373155012));
#5298=CARTESIAN_POINT('Ctrl Pts',(14.2673514428585,13.9924053752053,49.3973151032775));
#5299=CARTESIAN_POINT('Ctrl Pts',(13.9087171739497,14.4175063008989,48.9406104214003));
#5300=CARTESIAN_POINT('Ctrl Pts',(13.7707616378694,14.6747309172477,48.640323187284));
#5301=CARTESIAN_POINT('Ctrl Pts',(13.5435130157272,15.3041506224128,47.835243230525));
#5302=CARTESIAN_POINT('Ctrl Pts',(13.5035887275437,15.7073700337738,47.2536736189404));
#5303=CARTESIAN_POINT('Ctrl Pts',(13.6452019254023,16.6983775494124,45.572842958857));
#5304=CARTESIAN_POINT('Ctrl Pts',(13.9345643379603,17.1830380614127,44.5060160975469));
#5305=CARTESIAN_POINT('Ctrl Pts',(14.4854615762488,17.7117862270931,43.1517410436907));
#5306=CARTESIAN_POINT('Ctrl Pts',(14.7118446633044,17.8658945811323,42.7074227815158));
#5307=CARTESIAN_POINT('Ctrl Pts',(15.080856719693,18.036476777884,42.1737852977854));
#5308=CARTESIAN_POINT('Ctrl Pts',(15.2266644044689,18.091243310303,41.9923939125778));
#5309=CARTESIAN_POINT('Ctrl Pts',(15.5179914885888,18.1640311020522,41.7297377305307));
#5310=CARTESIAN_POINT('Ctrl Pts',(15.6648069733225,18.189941744554,41.6267974976397));
#5311=CARTESIAN_POINT('Ctrl Pts',(15.8842573263038,18.2040457218404,41.5465902552585));
#5312=CARTESIAN_POINT('Ctrl Pts',(15.9420307067674,18.2058259307618,41.5312749390722));
#5313=CARTESIAN_POINT('Ctrl Pts',(16.0014526808006,18.2054354358081,41.5222853934798));
#5314=CARTESIAN_POINT('Ctrl Pts',(19.,0.,54.3));
#5315=CARTESIAN_POINT('Ctrl Pts',(64.333409054403,1.52196000982524E-10,
54.3));
#5316=CARTESIAN_POINT('Ctrl Pts',(87.0001135816045,2.28294001473786E-10,
47.0955904070968));
#5317=CARTESIAN_POINT('Ctrl Pts',(87.0001135816045,2.28294001473786E-10,
16.3));
#5318=CARTESIAN_POINT('Ctrl Pts',(19.,0.,54.3));
#5319=CARTESIAN_POINT('Ctrl Pts',(64.2342929373009,-0.922623522060344,54.3));
#5320=CARTESIAN_POINT('Ctrl Pts',(86.8497940860272,-1.37740039182246,47.0955904070969));
#5321=CARTESIAN_POINT('Ctrl Pts',(86.8497940860272,-1.37740039182246,16.3));
#5322=CARTESIAN_POINT('Ctrl Pts',(19.,0.,54.3));
#5323=CARTESIAN_POINT('Ctrl Pts',(63.7315977923372,-2.79345008271311,54.3));
#5324=CARTESIAN_POINT('Ctrl Pts',(86.1227352939171,-4.25650135745091,47.0955904070968));
#5325=CARTESIAN_POINT('Ctrl Pts',(86.1227352939171,-4.25650135745091,16.3));
#5326=CARTESIAN_POINT('Ctrl Pts',(19.,0.,54.3));
#5327=CARTESIAN_POINT('Ctrl Pts',(61.4617102756982,-6.12519244235551,54.3));
#5328=CARTESIAN_POINT('Ctrl Pts',(82.6952765034668,-9.51767819326173,47.0955904070968));
#5329=CARTESIAN_POINT('Ctrl Pts',(82.6952765034668,-9.51767819326173,16.3));
#5330=CARTESIAN_POINT('Ctrl Pts',(19.,0.,54.3));
#5331=CARTESIAN_POINT('Ctrl Pts',(57.4588215467915,-8.3641649245688,54.3));
#5332=CARTESIAN_POINT('Ctrl Pts',(76.5607226054677,-12.6215088899336,47.0955904070969));
#5333=CARTESIAN_POINT('Ctrl Pts',(76.5607226054677,-12.6215088899336,16.3));
#5334=CARTESIAN_POINT('Ctrl Pts',(19.,0.,54.3));
#5335=CARTESIAN_POINT('Ctrl Pts',(52.443547681773,-9.81052055155328,54.3));
#5336=CARTESIAN_POINT('Ctrl Pts',(69.159941735344,-14.7211133265854,47.0955904070969));
#5337=CARTESIAN_POINT('Ctrl Pts',(69.159941735344,-14.7211133265854,16.3));
#5338=CARTESIAN_POINT('Ctrl Pts',(19.,0.,54.3));
#5339=CARTESIAN_POINT('Ctrl Pts',(46.9683380580854,-11.0069579552995,54.3));
#5340=CARTESIAN_POINT('Ctrl Pts',(60.9579129389309,-16.5055625219275,47.0955904070968));
#5341=CARTESIAN_POINT('Ctrl Pts',(60.9579129389309,-16.5055625219275,16.3));
#5342=CARTESIAN_POINT('Ctrl Pts',(19.,0.,54.3));
#5343=CARTESIAN_POINT('Ctrl Pts',(40.8543485738094,-11.9498800141077,54.3));
#5344=CARTESIAN_POINT('Ctrl Pts',(51.7582621117666,-17.9419642331924,47.0955904070969));
#5345=CARTESIAN_POINT('Ctrl Pts',(51.7582621117666,-17.9419642331924,16.3));
#5346=CARTESIAN_POINT('Ctrl Pts',(19.,0.,54.3));
#5347=CARTESIAN_POINT('Ctrl Pts',(34.6968699896455,-12.6454753371313,54.3));
#5348=CARTESIAN_POINT('Ctrl Pts',(42.4179396874785,-18.983251623061,47.0955904070968));
#5349=CARTESIAN_POINT('Ctrl Pts',(42.4179396874785,-18.983251623061,16.3));
#5350=CARTESIAN_POINT('Ctrl Pts',(19.,0.,54.3));
#5351=CARTESIAN_POINT('Ctrl Pts',(30.9297415392916,-13.0028397419695,54.3));
#5352=CARTESIAN_POINT('Ctrl Pts',(36.7784654386314,-19.5089577145408,47.0955904070968));
#5353=CARTESIAN_POINT('Ctrl Pts',(36.7784654386314,-19.5089577145408,16.3));
#5354=CARTESIAN_POINT('Ctrl Pts',(19.,0.,54.3));
#5355=CARTESIAN_POINT('Ctrl Pts',(27.9838238742224,-13.2537132041884,54.3));
#5356=CARTESIAN_POINT('Ctrl Pts',(32.4083643384903,-19.88208685325,47.0955904070969));
#5357=CARTESIAN_POINT('Ctrl Pts',(32.4083643384903,-19.88208685325,16.3));
#5358=CARTESIAN_POINT('Ctrl Pts',(19.,0.,54.3));
#5359=CARTESIAN_POINT('Ctrl Pts',(25.0709380333062,-13.4864376930298,54.3));
#5360=CARTESIAN_POINT('Ctrl Pts',(28.0964401517814,-20.2294565357436,47.0955904070969));
#5361=CARTESIAN_POINT('Ctrl Pts',(28.0964401517814,-20.2294565357436,16.3));
#5362=CARTESIAN_POINT('Ctrl Pts',(19.,0.,54.3));
#5363=CARTESIAN_POINT('Ctrl Pts',(21.4732277781864,-13.7489270338024,54.3));
#5364=CARTESIAN_POINT('Ctrl Pts',(22.718184116666,-20.6238612312362,47.0955904070968));
#5365=CARTESIAN_POINT('Ctrl Pts',(22.718184116666,-20.6238612312362,16.3));
#5366=CARTESIAN_POINT('Ctrl Pts',(19.,0.,54.3));
#5367=CARTESIAN_POINT('Ctrl Pts',(16.9897320612608,-14.0277663480508,54.3));
#5368=CARTESIAN_POINT('Ctrl Pts',(15.9716304722975,-21.0412896128802,47.0955904070969));
#5369=CARTESIAN_POINT('Ctrl Pts',(15.9716304722975,-21.0412896128802,16.3));
#5370=CARTESIAN_POINT('Ctrl Pts',(19.,0.,54.3));
#5371=CARTESIAN_POINT('Ctrl Pts',(12.4461944590265,-14.2711347433513,54.3));
#5372=CARTESIAN_POINT('Ctrl Pts',(9.00197588838049,-21.3967605400854,47.0955904070968));
#5373=CARTESIAN_POINT('Ctrl Pts',(9.00197588838049,-21.3967605400854,16.3));
#5374=CARTESIAN_POINT('Ctrl Pts',(19.,0.,54.3));
#5375=CARTESIAN_POINT('Ctrl Pts',(7.96747386738633,-14.4552042971216,54.3));
#5376=CARTESIAN_POINT('Ctrl Pts',(2.20443768927846,-21.6632145619892,47.0955904070969));
#5377=CARTESIAN_POINT('Ctrl Pts',(2.20443768927846,-21.6632145619892,16.3));
#5378=CARTESIAN_POINT('Ctrl Pts',(19.,0.,54.3));
#5379=CARTESIAN_POINT('Ctrl Pts',(3.66317544131655,-14.5257826990164,54.3));
#5380=CARTESIAN_POINT('Ctrl Pts',(-4.14413432456835,-21.7685261216958,47.0955904070968));
#5381=CARTESIAN_POINT('Ctrl Pts',(-4.14413432456835,-21.7685261216958,16.3));
#5382=CARTESIAN_POINT('Ctrl Pts',(19.,0.,54.3));
#5383=CARTESIAN_POINT('Ctrl Pts',(-0.37229802434295,-14.3894197639893,54.3));
#5384=CARTESIAN_POINT('Ctrl Pts',(-10.0642449685534,-21.5795932692499,47.0955904070969));
#5385=CARTESIAN_POINT('Ctrl Pts',(-10.0642449685534,-21.5795932692499,16.3));
#5386=CARTESIAN_POINT('Ctrl Pts',(19.,0.,54.3));
#5387=CARTESIAN_POINT('Ctrl Pts',(-4.0797351214692,-13.9128100187193,54.3));
#5388=CARTESIAN_POINT('Ctrl Pts',(-15.6159941262381,-20.8720869741097,47.0955904070968));
#5389=CARTESIAN_POINT('Ctrl Pts',(-15.6159941262381,-20.8720869741097,16.3));
#5390=CARTESIAN_POINT('Ctrl Pts',(19.,0.,54.3));
#5391=CARTESIAN_POINT('Ctrl Pts',(-7.43511781056357,-12.9044256585053,54.3));
#5392=CARTESIAN_POINT('Ctrl Pts',(-20.6589322895413,-19.3527628746889,47.095590407097));
#5393=CARTESIAN_POINT('Ctrl Pts',(-20.6589322895413,-19.3527628746889,16.3000000000001));
#5394=CARTESIAN_POINT('Ctrl Pts',(19.,0.,54.3));
#5395=CARTESIAN_POINT('Ctrl Pts',(-10.2594264668911,-11.3280449339513,54.3));
#5396=CARTESIAN_POINT('Ctrl Pts',(-24.9491922740038,-16.8971680278515,47.0955904070967));
#5397=CARTESIAN_POINT('Ctrl Pts',(-24.9491922740038,-16.8971680278515,16.3));
#5398=CARTESIAN_POINT('Ctrl Pts',(19.,0.,54.3));
#5399=CARTESIAN_POINT('Ctrl Pts',(-12.5101343388533,-9.17243547266357,54.3));
#5400=CARTESIAN_POINT('Ctrl Pts',(-28.2460091722608,-13.7281312525984,47.0955904070969));
#5401=CARTESIAN_POINT('Ctrl Pts',(-28.2460091722608,-13.7281312525984,16.3));
#5402=CARTESIAN_POINT('Ctrl Pts',(19.,0.,54.3));
#5403=CARTESIAN_POINT('Ctrl Pts',(-14.7258405108422,-5.58782209239801,54.3));
#5404=CARTESIAN_POINT('Ctrl Pts',(-31.4251755054117,-8.54124507179217,47.0955904070968));
#5405=CARTESIAN_POINT('Ctrl Pts',(-31.4251755054117,-8.54124507179217,16.3));
#5406=CARTESIAN_POINT('Ctrl Pts',(19.,0.,54.3));
#5407=CARTESIAN_POINT('Ctrl Pts',(-15.5054998813557,-2.2369111372065,54.3));
#5408=CARTESIAN_POINT('Ctrl Pts',(-32.7790460385533,-3.34097124602643,47.0955904070969));
#5409=CARTESIAN_POINT('Ctrl Pts',(-32.7790460385533,-3.34097124602643,16.3));
#5410=CARTESIAN_POINT('Ctrl Pts',(19.,0.,54.3));
#5411=CARTESIAN_POINT('Ctrl Pts',(-15.4415276009835,-0.00016034394136135,
54.3));
#5412=CARTESIAN_POINT('Ctrl Pts',(-32.6622914014752,-0.000240515912042025,
47.0955904070968));
#5413=CARTESIAN_POINT('Ctrl Pts',(-32.6622914014752,-0.000240515912042025,
16.3));
#5414=CARTESIAN_POINT('',(87.0001135816045,2.28294001473786E-10,16.3));
#5415=CARTESIAN_POINT('Ctrl Pts',(87.0001135816045,2.28294001473786E-10,
16.3));
#5416=CARTESIAN_POINT('Ctrl Pts',(86.964036902666,-0.330576093863859,16.3));
#5417=CARTESIAN_POINT('Ctrl Pts',(86.8706368727315,-0.995641963606782,16.3));
#5418=CARTESIAN_POINT('Ctrl Pts',(86.666797513539,-2.0049833563777,16.3));
#5419=CARTESIAN_POINT('Ctrl Pts',(86.265350184368,-3.36466243875869,16.3));
#5420=CARTESIAN_POINT('Ctrl Pts',(85.5375858920747,-5.03529707598747,16.3));
#5421=CARTESIAN_POINT('Ctrl Pts',(84.5759561908392,-6.61613153046051,16.3));
#5422=CARTESIAN_POINT('Ctrl Pts',(83.3811752745336,-8.05776877052006,16.3));
#5423=CARTESIAN_POINT('Ctrl Pts',(81.9683890658011,-9.3404204011474,16.3));
#5424=CARTESIAN_POINT('Ctrl Pts',(80.3614761230305,-10.4654669668873,16.3));
#5425=CARTESIAN_POINT('Ctrl Pts',(78.5879114566835,-11.4485320102378,16.3));
#5426=CARTESIAN_POINT('Ctrl Pts',(76.6737438321325,-12.3123093596474,16.3));
#5427=CARTESIAN_POINT('Ctrl Pts',(74.637725456721,-13.0787646628147,16.3));
#5428=CARTESIAN_POINT('Ctrl Pts',(72.4920371992394,-13.7674761110084,16.3));
#5429=CARTESIAN_POINT('Ctrl Pts',(70.2445777178619,-14.3955146025776,16.3));
#5430=CARTESIAN_POINT('Ctrl Pts',(67.9007455739144,-14.9767596055402,16.3));
#5431=CARTESIAN_POINT('Ctrl Pts',(65.4653467324142,-15.5215158186069,16.3));
#5432=CARTESIAN_POINT('Ctrl Pts',(62.9446623823721,-16.0358164892975,16.3));
#5433=CARTESIAN_POINT('Ctrl Pts',(60.3468407965251,-16.5221924303746,16.3));
#5434=CARTESIAN_POINT('Ctrl Pts',(57.6818448739072,-16.9807824154026,16.3));
#5435=CARTESIAN_POINT('Ctrl Pts',(54.9615491178916,-17.4103192600954,16.3));
#5436=CARTESIAN_POINT('Ctrl Pts',(52.199795451347,-17.8091770369555,16.3));
#5437=CARTESIAN_POINT('Ctrl Pts',(49.4124313824843,-18.1763629751838,16.3));
#5438=CARTESIAN_POINT('Ctrl Pts',(46.6174685851045,-18.5126103218322,16.3));
#5439=CARTESIAN_POINT('Ctrl Pts',(43.8331580091472,-18.8200322686142,16.3));
#5440=CARTESIAN_POINT('Ctrl Pts',(41.0758812451449,-19.1016678252203,16.3));
#5441=CARTESIAN_POINT('Ctrl Pts',(38.3581472721838,-19.3610723569672,16.3));
#5442=CARTESIAN_POINT('Ctrl Pts',(35.6864448020194,-19.6018830560781,16.3));
#5443=CARTESIAN_POINT('Ctrl Pts',(33.059364565202,-19.8274142312818,16.3));
#5444=CARTESIAN_POINT('Ctrl Pts',(30.4650125681876,-20.040191245281,16.3));
#5445=CARTESIAN_POINT('Ctrl Pts',(27.8844130005471,-20.2419883262132,16.3));
#5446=CARTESIAN_POINT('Ctrl Pts',(25.2958852263322,-20.4339483728248,16.3));
#5447=CARTESIAN_POINT('Ctrl Pts',(22.6791066671266,-20.6166743475981,16.3));
#5448=CARTESIAN_POINT('Ctrl Pts',(20.0192321159234,-20.7903287715283,16.3));
#5449=CARTESIAN_POINT('Ctrl Pts',(17.3111772363698,-20.9547358113263,16.3));
#5450=CARTESIAN_POINT('Ctrl Pts',(14.5633336202958,-21.1094620567883,16.3));
#5451=CARTESIAN_POINT('Ctrl Pts',(11.7933264584192,-21.2535930286557,16.3));
#5452=CARTESIAN_POINT('Ctrl Pts',(9.02430624398103,-21.3855290751347,16.3));
#5453=CARTESIAN_POINT('Ctrl Pts',(6.28103109824511,-21.5027723462172,16.3));
#5454=CARTESIAN_POINT('Ctrl Pts',(3.58608732330347,-21.6017172736697,16.3));
#5455=CARTESIAN_POINT('Ctrl Pts',(0.955944344317935,-21.6774350107738,16.3));
#5456=CARTESIAN_POINT('Ctrl Pts',(-1.60263298701734,-21.7234645935911,16.3));
#5457=CARTESIAN_POINT('Ctrl Pts',(-4.08947771366702,-21.7315910688438,16.3));
#5458=CARTESIAN_POINT('Ctrl Pts',(-6.50828846068569,-21.6916613182535,16.3));
#5459=CARTESIAN_POINT('Ctrl Pts',(-8.8636631874706,-21.5913047939841,16.3));
#5460=CARTESIAN_POINT('Ctrl Pts',(-11.1584708624891,-21.4158688109063,16.3));
#5461=CARTESIAN_POINT('Ctrl Pts',(-13.3904914388673,-21.1478148183127,16.3));
#5462=CARTESIAN_POINT('Ctrl Pts',(-15.5520119478173,-20.7683199820723,16.3));
#5463=CARTESIAN_POINT('Ctrl Pts',(-17.6314339911346,-20.2602852408729,16.3));
#5464=CARTESIAN_POINT('Ctrl Pts',(-19.6142576028981,-19.6110783496845,16.3));
#5465=CARTESIAN_POINT('Ctrl Pts',(-21.4843630366105,-18.8150636197738,16.3));
#5466=CARTESIAN_POINT('Ctrl Pts',(-23.2250385811818,-17.8771013551883,16.3));
#5467=CARTESIAN_POINT('Ctrl Pts',(-24.8212944456573,-16.8087650434801,16.3));
#5468=CARTESIAN_POINT('Ctrl Pts',(-26.2627959110693,-15.6223067491226,16.3));
#5469=CARTESIAN_POINT('Ctrl Pts',(-27.54600202551,-14.3261900625521,16.3));
#5470=CARTESIAN_POINT('Ctrl Pts',(-28.6780736753438,-12.9180639973142,16.3));
#5471=CARTESIAN_POINT('Ctrl Pts',(-29.6740633218484,-11.3867730792716,16.3));
#5472=CARTESIAN_POINT('Ctrl Pts',(-30.4840322953025,-9.84390850837809,16.3));
#5473=CARTESIAN_POINT('Ctrl Pts',(-31.0420310309799,-8.54572619031425,16.3));
#5474=CARTESIAN_POINT('Ctrl Pts',(-31.4021808823309,-7.56411646243257,16.3));
#5475=CARTESIAN_POINT('Ctrl Pts',(-31.6066453727983,-6.94183197137121,16.3));
#5476=CARTESIAN_POINT('Ctrl Pts',(-31.6831477919761,-6.69802084938413,16.3));
#5477=CARTESIAN_POINT('',(19.,0.,54.3));
#5478=CARTESIAN_POINT('Ctrl Pts',(19.,0.,54.3));
#5479=CARTESIAN_POINT('Ctrl Pts',(64.333409054403,1.52196000982524E-10,
54.3));
#5480=CARTESIAN_POINT('Ctrl Pts',(87.0001135816045,2.28294001473786E-10,
47.0955904070968));
#5481=CARTESIAN_POINT('Ctrl Pts',(87.0001135816045,2.28294001473786E-10,
16.3));
#5482=CARTESIAN_POINT('Ctrl Pts',(19.,0.,54.3));
#5483=CARTESIAN_POINT('Ctrl Pts',(-8.07728815538737,-0.000126059423220468,
54.3));
#5484=CARTESIAN_POINT('Ctrl Pts',(-24.5107462469052,-0.000202566059950347,
49.8470899952078));
#5485=CARTESIAN_POINT('Ctrl Pts',(-30.3003742745535,-0.000229519910189637,
32.9785457844529));
#5486=CARTESIAN_POINT('',(68.2001715070811,-12.0862308422707,38.8175018491476));
#5487=CARTESIAN_POINT('',(69.9093341262604,-9.82529574921613,42.0046263137156));
#5488=CARTESIAN_POINT('Ctrl Pts',(69.9093341262604,-9.82529573956027,42.0046263137156));
#5489=CARTESIAN_POINT('Ctrl Pts',(69.9093341254746,-9.72966588084158,42.1451877146958));
#5490=CARTESIAN_POINT('Ctrl Pts',(69.9034972885001,-9.63226500395068,42.2867265903419));
#5491=CARTESIAN_POINT('Ctrl Pts',(69.8417813260859,-9.13868936528274,42.9967203617006));
#5492=CARTESIAN_POINT('Ctrl Pts',(69.6938029798573,-8.76507456668471,43.5095818242511));
#5493=CARTESIAN_POINT('Ctrl Pts',(69.2813959265577,-8.19745685707634,44.3205374127212));
#5494=CARTESIAN_POINT('Ctrl Pts',(69.0449392039542,-7.97258133124883,44.65400950475));
#5495=CARTESIAN_POINT('Ctrl Pts',(68.5305988797692,-7.67033133422059,45.1860409886978));
#5496=CARTESIAN_POINT('Ctrl Pts',(68.2796460931314,-7.57081651311835,45.3964047215904));
#5497=CARTESIAN_POINT('Ctrl Pts',(67.7685214997964,-7.47241441670366,45.7377539387938));
#5498=CARTESIAN_POINT('Ctrl Pts',(67.5161486206371,-7.4612099043052,45.8752883253268));
#5499=CARTESIAN_POINT('Ctrl Pts',(67.123417924862,-7.51215237041876,46.0377899393452));
#5500=CARTESIAN_POINT('Ctrl Pts',(66.9889832131702,-7.54129955807701,46.0845514656496));
#5501=CARTESIAN_POINT('Ctrl Pts',(66.7554295955078,-7.61456362417533,46.1484456437301));
#5502=CARTESIAN_POINT('Ctrl Pts',(66.6563666209241,-7.65307359635505,46.1698389712721));
#5503=CARTESIAN_POINT('Ctrl Pts',(66.4611923916731,-7.74480510433436,46.1993239459016));
#5504=CARTESIAN_POINT('Ctrl Pts',(66.3659572373152,-7.79793669400948,46.2070244091143));
#5505=CARTESIAN_POINT('Ctrl Pts',(66.1493787159479,-7.93929978417069,46.2071174649904));
#5506=CARTESIAN_POINT('Ctrl Pts',(66.0337935729161,-8.03186468638674,46.1926385174555));
#5507=CARTESIAN_POINT('Ctrl Pts',(65.7624772507279,-8.29321567047067,46.1174176021674));
#5508=CARTESIAN_POINT('Ctrl Pts',(65.6296653029179,-8.46819769019377,46.0363231236701));
#5509=CARTESIAN_POINT('Ctrl Pts',(65.3960672021791,-8.87142275149643,45.7907285077112));
#5510=CARTESIAN_POINT('Ctrl Pts',(65.3154828677884,-9.09464805297702,45.6147919863947));
#5511=CARTESIAN_POINT('Ctrl Pts',(65.2018038558166,-9.5946209688292,45.147447624619));
#5512=CARTESIAN_POINT('Ctrl Pts',(65.1921244844394,-9.8909114518014,44.8083387185027));
#5513=CARTESIAN_POINT('Ctrl Pts',(65.3131744879641,-10.6838360022468,43.6976815178679));
#5514=CARTESIAN_POINT('Ctrl Pts',(65.5418896562415,-11.1069436341126,42.869200507358));
#5515=CARTESIAN_POINT('Ctrl Pts',(66.1004424877442,-11.7071628397864,41.3654880248963));
#5516=CARTESIAN_POINT('Ctrl Pts',(66.4160454623352,-11.9094381994275,40.6852714215932));
#5517=CARTESIAN_POINT('Ctrl Pts',(66.9169929768637,-12.0925868408665,39.8634896397852));
#5518=CARTESIAN_POINT('Ctrl Pts',(67.1110771083569,-12.1422887161011,39.5840839057489));
#5519=CARTESIAN_POINT('Ctrl Pts',(67.4768113712365,-12.1786955876641,39.1895635909674));
#5520=CARTESIAN_POINT('Ctrl Pts',(67.653099916082,-12.1814570482685,39.0337109647628));
#5521=CARTESIAN_POINT('Ctrl Pts',(67.9138093600557,-12.1494105345396,38.8961685270762));
#5522=CARTESIAN_POINT('Ctrl Pts',(67.9838412043461,-12.137803430369,38.8669566403922));
#5523=CARTESIAN_POINT('Ctrl Pts',(68.1036709093527,-12.1119113022162,38.8326361415924));
#5524=CARTESIAN_POINT('Ctrl Pts',(68.1518694827661,-12.0999215240499,38.8229203650155));
#5525=CARTESIAN_POINT('Ctrl Pts',(68.2001715070811,-12.0862308422707,38.8175018491476));
#5526=CARTESIAN_POINT('Ctrl Pts',(68.2001715070811,-12.0862308422707,38.8175018491476));
#5527=CARTESIAN_POINT('Ctrl Pts',(68.2290618864429,-12.0780421794572,38.8142609295128));
#5528=CARTESIAN_POINT('Ctrl Pts',(68.257870835214,-12.0692785261391,38.8125699527882));
#5529=CARTESIAN_POINT('Ctrl Pts',(68.3444138492227,-12.0411133228855,38.8121866747456));
#5530=CARTESIAN_POINT('Ctrl Pts',(68.400608295013,-12.0203455792284,38.8182723622788));
#5531=CARTESIAN_POINT('Ctrl Pts',(68.5673042498324,-11.9516077506581,38.8540614045106));
#5532=CARTESIAN_POINT('Ctrl Pts',(68.669240344813,-11.8994247053587,38.901129178303));
#5533=CARTESIAN_POINT('Ctrl Pts',(68.9194111631042,-11.750566199814,39.064108386607));
#5534=CARTESIAN_POINT('Ctrl Pts',(69.0526691205169,-11.6458562427385,39.2084080071588));
#5535=CARTESIAN_POINT('Ctrl Pts',(69.3296858513689,-11.387792432143,39.5854578715446));
#5536=CARTESIAN_POINT('Ctrl Pts',(69.4620496401906,-11.217937786535,39.8544305881954));
#5537=CARTESIAN_POINT('Ctrl Pts',(69.7693341498133,-10.7165816817122,40.6476359227277));
#5538=CARTESIAN_POINT('Ctrl Pts',(69.9093341301125,-10.2940428833581,41.3156390442528));
#5539=CARTESIAN_POINT('Ctrl Pts',(69.9093341262604,-9.82529573956026,42.0046263137156));
#5540=CARTESIAN_POINT('',(-9.94887295430669,-14.9056207803254,46.6169183090242));
#5541=CARTESIAN_POINT('',(-9.73404366631442,-15.9088714404211,45.5142079486878));
#5542=CARTESIAN_POINT('Ctrl Pts',(-9.73404366631443,-15.9088714398229,45.5142079486878));
#5543=CARTESIAN_POINT('Ctrl Pts',(-9.7340436663573,-15.821078048914,45.6303538205006));
#5544=CARTESIAN_POINT('Ctrl Pts',(-9.73875700920965,-15.731344524074,45.7436250480393));
#5545=CARTESIAN_POINT('Ctrl Pts',(-9.77452417500539,-15.4073778645618,46.1323920480246));
#5546=CARTESIAN_POINT('Ctrl Pts',(-9.83570561724959,-15.1577495127111,46.3948796551553));
#5547=CARTESIAN_POINT('Ctrl Pts',(-9.94887295430669,-14.9056207803254,46.6169183090242));
#5548=CARTESIAN_POINT('Ctrl Pts',(-9.94887295430669,-14.9056207803254,46.6169183090242));
#5549=CARTESIAN_POINT('Ctrl Pts',(-9.99930734651783,-14.7932565619253,46.7158725200755));
#5550=CARTESIAN_POINT('Ctrl Pts',(-10.0605479300353,-14.6794414384693,46.8077277186662));
#5551=CARTESIAN_POINT('Ctrl Pts',(-10.2600673310896,-14.3748212207221,47.0285070969172));
#5552=CARTESIAN_POINT('Ctrl Pts',(-10.418569600662,-14.1914703315404,47.1343174769411));
#5553=CARTESIAN_POINT('Ctrl Pts',(-10.7288453555868,-13.9320248721058,47.2376308136526));
#5554=CARTESIAN_POINT('Ctrl Pts',(-10.854523608236,-13.8453331914716,47.2603738271042));
#5555=CARTESIAN_POINT('Ctrl Pts',(-11.0878657171725,-13.7147773997602,47.2734589990637));
#5556=CARTESIAN_POINT('Ctrl Pts',(-11.1904580920663,-13.6666078352336,47.2703617691942));
#5557=CARTESIAN_POINT('Ctrl Pts',(-11.4002807838348,-13.5848415504047,47.2486965674223));
#5558=CARTESIAN_POINT('Ctrl Pts',(-11.5065056614785,-13.551918825224,47.2299731744847));
#5559=CARTESIAN_POINT('Ctrl Pts',(-11.7575667532282,-13.4916393358946,47.1701097336452));
#5560=CARTESIAN_POINT('Ctrl Pts',(-11.9009608025779,-13.4712911973713,47.1233904548098));
#5561=CARTESIAN_POINT('Ctrl Pts',(-12.3081678691394,-13.447329305913,46.9607192421927));
#5562=CARTESIAN_POINT('Ctrl Pts',(-12.5600311930211,-13.4764502260825,46.8211666861335));
#5563=CARTESIAN_POINT('Ctrl Pts',(-13.1033651260623,-13.6147555148821,46.4475529141811));
#5564=CARTESIAN_POINT('Ctrl Pts',(-13.398908175006,-13.7569745645179,46.1803564982669));
#5565=CARTESIAN_POINT('Ctrl Pts',(-13.9874551161754,-14.1996360394343,45.4645882690451));
#5566=CARTESIAN_POINT('Ctrl Pts',(-14.2475130135638,-14.5265123096978,44.9962493156157));
#5567=CARTESIAN_POINT('Ctrl Pts',(-14.657518317582,-15.4317021876742,43.7129871994574));
#5568=CARTESIAN_POINT('Ctrl Pts',(-14.6880659910641,-16.0009060282151,42.9034054819611));
#5569=CARTESIAN_POINT('Ctrl Pts',(-14.4653874951037,-16.8802923065439,41.5696983302232));
#5570=CARTESIAN_POINT('Ctrl Pts',(-14.2920631184486,-17.2024778541645,41.0575370486409));
#5571=CARTESIAN_POINT('Ctrl Pts',(-13.9556211056955,-17.6119978597646,40.4131579495882));
#5572=CARTESIAN_POINT('Ctrl Pts',(-13.8043470805589,-17.7600585583784,40.1814512380545));
#5573=CARTESIAN_POINT('Ctrl Pts',(-13.485612695402,-17.9915621178825,39.8468979129723));
#5574=CARTESIAN_POINT('Ctrl Pts',(-13.3201772591957,-18.0891539039979,39.71641633514));
#5575=CARTESIAN_POINT('Ctrl Pts',(-13.0496995381748,-18.2025529973663,39.6066545182824));
#5576=CARTESIAN_POINT('Ctrl Pts',(-12.9646597493619,-18.2329952042417,39.583950984327));
#5577=CARTESIAN_POINT('Ctrl Pts',(-12.8181525526227,-18.2761756044415,39.5669761968457));
#5578=CARTESIAN_POINT('Ctrl Pts',(-12.7596299289976,-18.291050102855,39.565870388078));
#5579=CARTESIAN_POINT('Ctrl Pts',(-12.642978196065,-18.3162404390743,39.5745809812357));
#5580=CARTESIAN_POINT('Ctrl Pts',(-12.5858807411392,-18.3263540903119,39.5842702341154));
#5581=CARTESIAN_POINT('Ctrl Pts',(-12.4455148671371,-18.3463705175714,39.6201073754791));
#5582=CARTESIAN_POINT('Ctrl Pts',(-12.3649071561367,-18.3533904615446,39.6517891732692));
#5583=CARTESIAN_POINT('Ctrl Pts',(-12.0903354079455,-18.365081011471,39.7900303760609));
#5584=CARTESIAN_POINT('Ctrl Pts',(-11.9141427066739,-18.3487167917527,39.9378701046547));
#5585=CARTESIAN_POINT('Ctrl Pts',(-11.4716952510551,-18.2717410571909,40.3916302225328));
#5586=CARTESIAN_POINT('Ctrl Pts',(-11.2020997413824,-18.1703043876517,40.7940396561013));
#5587=CARTESIAN_POINT('Ctrl Pts',(-10.47675548053,-17.7535074108171,42.1322832650794));
#5588=CARTESIAN_POINT('Ctrl Pts',(-10.0624182135777,-17.2892394263168,43.2869797681097));
#5589=CARTESIAN_POINT('Ctrl Pts',(-9.78262794418733,-16.4531009140721,44.7371684524108));
#5590=CARTESIAN_POINT('Ctrl Pts',(-9.73404366617655,-16.1912059498387,45.1406947779448));
#5591=CARTESIAN_POINT('Ctrl Pts',(-9.73404366631443,-15.9088714398229,45.5142079486878));
#5592=CARTESIAN_POINT('',(15.9868223415605,-18.2066127386712,41.521961183993));
#5593=CARTESIAN_POINT('',(18.4351406487837,-15.7566133158328,46.7103492049862));
#5594=CARTESIAN_POINT('Ctrl Pts',(18.4351406487837,-15.7566133158331,46.7103492049862));
#5595=CARTESIAN_POINT('Ctrl Pts',(18.4351406487837,-15.4227487628177,47.2637099424692));
#5596=CARTESIAN_POINT('Ctrl Pts',(18.3672612758734,-15.0883873452632,47.7600456270782));
#5597=CARTESIAN_POINT('Ctrl Pts',(18.1244046682165,-14.5343185768745,48.5176202120437));
#5598=CARTESIAN_POINT('Ctrl Pts',(17.9721172565298,-14.289233386092,48.8295197017956));
#5599=CARTESIAN_POINT('Ctrl Pts',(17.605678010969,-13.9065256455186,49.2917138323105));
#5600=CARTESIAN_POINT('Ctrl Pts',(17.4255180934043,-13.7592604476707,49.462325756043));
#5601=CARTESIAN_POINT('Ctrl Pts',(16.9994503658191,-13.5131490430618,49.7444319142573));
#5602=CARTESIAN_POINT('Ctrl Pts',(16.7585408587374,-13.4160038524381,49.8543421927264));
#5603=CARTESIAN_POINT('Ctrl Pts',(16.3703417874742,-13.333879441978,49.9559169966546));
#5604=CARTESIAN_POINT('Ctrl Pts',(16.2447564437044,-13.3170326567642,49.978916681344));
#5605=CARTESIAN_POINT('Ctrl Pts',(16.0307708153411,-13.3055283550796,50.0013407197514));
#5606=CARTESIAN_POINT('Ctrl Pts',(15.9442789742416,-13.3054180374334,50.0059757800928));
#5607=CARTESIAN_POINT('Ctrl Pts',(15.7769130773943,-13.3141402596921,50.0063033528825));
#5608=CARTESIAN_POINT('Ctrl Pts',(15.6964659805624,-13.3223404061839,50.0025845681942));
#5609=CARTESIAN_POINT('Ctrl Pts',(15.5150193615253,-13.3499446026477,49.9853312964744));
#5610=CARTESIAN_POINT('Ctrl Pts',(15.4151626438959,-13.371685718361,49.9694644899459));
#5611=CARTESIAN_POINT('Ctrl Pts',(15.1410312569452,-13.4492980845064,49.9079930835093));
#5612=CARTESIAN_POINT('Ctrl Pts',(14.9754371378565,-13.5176425850331,49.849433553084));
#5613=CARTESIAN_POINT('Ctrl Pts',(14.580478289919,-13.730458018972,49.6555732655511));
#5614=CARTESIAN_POINT('Ctrl Pts',(14.3773787297256,-13.8923016923614,49.4985247473794));
#5615=CARTESIAN_POINT('Ctrl Pts',(14.0035960828569,-14.2846872400079,49.0881414194924));
#5616=CARTESIAN_POINT('Ctrl Pts',(13.8549554027313,-14.5200918408165,48.8224973482311));
#5617=CARTESIAN_POINT('Ctrl Pts',(13.5991047027186,-15.0885678491902,48.1237779392556));
#5618=CARTESIAN_POINT('Ctrl Pts',(13.5259255086042,-15.4539253883742,47.6258351861273));
#5619=CARTESIAN_POINT('Ctrl Pts',(13.5540719147735,-16.4809655395598,46.0005959717368));
#5620=CARTESIAN_POINT('Ctrl Pts',(13.8273562969918,-17.0305919852093,44.8563529341233));
#5621=CARTESIAN_POINT('Ctrl Pts',(14.3866749712917,-17.6373018747628,43.3587215816198));
#5622=CARTESIAN_POINT('Ctrl Pts',(14.6261610821606,-17.8159818754835,42.8557440268282));
#5623=CARTESIAN_POINT('Ctrl Pts',(15.0166069984121,-18.011688652838,42.2553343826114));
#5624=CARTESIAN_POINT('Ctrl Pts',(15.1703862477119,-18.0742394099378,42.0517241659538));
#5625=CARTESIAN_POINT('Ctrl Pts',(15.4755990011533,-18.156859077584,41.7590742907376));
#5626=CARTESIAN_POINT('Ctrl Pts',(15.6288942760211,-18.1866667013633,41.6435525507223));
#5627=CARTESIAN_POINT('Ctrl Pts',(15.8604588487334,-18.2041807185125,41.5510110021955));
#5628=CARTESIAN_POINT('Ctrl Pts',(15.9226552733258,-18.2066567832918,41.5328207136699));
#5629=CARTESIAN_POINT('Ctrl Pts',(15.9868223415605,-18.2066127386712,41.521961183993));
#5630=CARTESIAN_POINT('Ctrl Pts',(15.9868223415605,-18.2066127386712,41.521961183993));
#5631=CARTESIAN_POINT('Ctrl Pts',(15.9955929536798,-18.2066067184759,41.5204768599431));
#5632=CARTESIAN_POINT('Ctrl Pts',(16.0043849075522,-18.2065535883172,41.5191321454942));
#5633=CARTESIAN_POINT('Ctrl Pts',(16.0504226783779,-18.2060263306917,41.5128491121642));
#5634=CARTESIAN_POINT('Ctrl Pts',(16.0878546022849,-18.2047494429682,41.5103243213086));
#5635=CARTESIAN_POINT('Ctrl Pts',(16.162205146015,-18.2004834077354,41.5105915227198));
#5636=CARTESIAN_POINT('Ctrl Pts',(16.1987447692628,-18.1975574730951,41.5132554994757));
#5637=CARTESIAN_POINT('Ctrl Pts',(16.2797199021248,-18.1892529437994,41.5247045743558));
#5638=CARTESIAN_POINT('Ctrl Pts',(16.3235245024592,-18.1835221617927,41.5346705785503));
#5639=CARTESIAN_POINT('Ctrl Pts',(16.4761395601126,-18.1594753369602,41.5817107367081));
#5640=CARTESIAN_POINT('Ctrl Pts',(16.5777580153062,-18.1358168060459,41.6361040866389));
#5641=CARTESIAN_POINT('Ctrl Pts',(16.8476551941176,-18.0571928916903,41.8259847194866));
#5642=CARTESIAN_POINT('Ctrl Pts',(17.0019265705061,-17.9902988305118,41.9971695222956));
#5643=CARTESIAN_POINT('Ctrl Pts',(17.3421339969953,-17.8106510016412,42.4543101880774));
#5644=CARTESIAN_POINT('Ctrl Pts',(17.5203122214534,-17.6759729239502,42.7940407098529));
#5645=CARTESIAN_POINT('Ctrl Pts',(18.0685112870156,-17.1609142719327,44.0377138715708));
#5646=CARTESIAN_POINT('Ctrl Pts',(18.3899411296388,-16.5920659299912,45.2875613247939));
#5647=CARTESIAN_POINT('Ctrl Pts',(18.4337120389875,-15.8532373706098,46.5490175391698));
#5648=CARTESIAN_POINT('Ctrl Pts',(18.4351406487837,-15.8049242927366,46.6302766199622));
#5649=CARTESIAN_POINT('Ctrl Pts',(18.4351406487837,-15.7566133158331,46.7103492049862));
#5650=CARTESIAN_POINT('Ctrl Pts',(19.,0.,54.3));
#5651=CARTESIAN_POINT('Ctrl Pts',(-15.4415276009835,-0.00016034394136135,
54.3));
#5652=CARTESIAN_POINT('Ctrl Pts',(-32.6622914014752,-0.000240515912042025,
47.0955904070968));
#5653=CARTESIAN_POINT('Ctrl Pts',(-32.6622914014752,-0.000240515912042025,
16.3));
#5654=CARTESIAN_POINT('Ctrl Pts',(19.,0.,54.3));
#5655=CARTESIAN_POINT('Ctrl Pts',(-15.505652006689,2.23649340511399,54.3));
#5656=CARTESIAN_POINT('Ctrl Pts',(-32.7790594679943,3.34048974483205,47.0955904070969));
#5657=CARTESIAN_POINT('Ctrl Pts',(-32.7790594679943,3.34048974483205,16.3));
#5658=CARTESIAN_POINT('Ctrl Pts',(19.,0.,54.3));
#5659=CARTESIAN_POINT('Ctrl Pts',(-14.7255877836507,5.58769002015487,54.3));
#5660=CARTESIAN_POINT('Ctrl Pts',(-31.4261829510728,8.53992368880779,47.0955904070968));
#5661=CARTESIAN_POINT('Ctrl Pts',(-31.4261829510728,8.53992368880779,16.3));
#5662=CARTESIAN_POINT('Ctrl Pts',(19.,0.,54.3));
#5663=CARTESIAN_POINT('Ctrl Pts',(-12.5104842915335,9.17191577047027,54.3));
#5664=CARTESIAN_POINT('Ctrl Pts',(-28.2459551826497,13.7277095732019,47.0955904070969));
#5665=CARTESIAN_POINT('Ctrl Pts',(-28.2459551826497,13.7277095732019,16.3));
#5666=CARTESIAN_POINT('Ctrl Pts',(19.,0.,54.3));
#5667=CARTESIAN_POINT('Ctrl Pts',(-10.2593633695947,11.3277763298096,54.3));
#5668=CARTESIAN_POINT('Ctrl Pts',(-24.9479433205009,16.8982234527801,47.0955904070968));
#5669=CARTESIAN_POINT('Ctrl Pts',(-24.9479433205009,16.8982234527801,16.3));
#5670=CARTESIAN_POINT('Ctrl Pts',(19.,0.,54.3));
#5671=CARTESIAN_POINT('Ctrl Pts',(-7.43529548603371,12.9041239461955,54.3));
#5672=CARTESIAN_POINT('Ctrl Pts',(-20.6588118227795,19.3524965201052,47.0955904070969));
#5673=CARTESIAN_POINT('Ctrl Pts',(-20.6588118227795,19.3524965201052,16.3));
#5674=CARTESIAN_POINT('Ctrl Pts',(19.,0.,54.3));
#5675=CARTESIAN_POINT('Ctrl Pts',(-4.07956808890049,13.9125601309372,54.3));
#5676=CARTESIAN_POINT('Ctrl Pts',(-15.6155689127921,20.8721708832409,47.0955904070968));
#5677=CARTESIAN_POINT('Ctrl Pts',(-15.6155689127921,20.8721708832409,16.3));
#5678=CARTESIAN_POINT('Ctrl Pts',(19.,0.,54.3));
#5679=CARTESIAN_POINT('Ctrl Pts',(-0.372770412901537,14.3891093364249,54.3));
#5680=CARTESIAN_POINT('Ctrl Pts',(-10.0641391284139,21.5793447783302,47.0955904070968));
#5681=CARTESIAN_POINT('Ctrl Pts',(-10.0641391284139,21.5793447783302,16.3));
#5682=CARTESIAN_POINT('Ctrl Pts',(19.,0.,54.3));
#5683=CARTESIAN_POINT('Ctrl Pts',(3.66387902771237,14.5256334030097,54.3));
#5684=CARTESIAN_POINT('Ctrl Pts',(-4.14381748729141,21.7683574147148,47.0955904070968));
#5685=CARTESIAN_POINT('Ctrl Pts',(-4.14381748729141,21.7683574147148,16.3));
#5686=CARTESIAN_POINT('Ctrl Pts',(19.,0.,54.3));
#5687=CARTESIAN_POINT('Ctrl Pts',(7.9661297147576,14.4548177199628,54.3));
#5688=CARTESIAN_POINT('Ctrl Pts',(2.2044239941396,21.6628912426877,47.0955904070969));
#5689=CARTESIAN_POINT('Ctrl Pts',(2.2044239941396,21.6628912426877,16.3));
#5690=CARTESIAN_POINT('Ctrl Pts',(19.,0.,54.3));
#5691=CARTESIAN_POINT('Ctrl Pts',(11.7022985292773,14.3019235988947,54.3));
#5692=CARTESIAN_POINT('Ctrl Pts',(7.86974780992005,21.4410868551645,47.0955904070968));
#5693=CARTESIAN_POINT('Ctrl Pts',(7.86974780992005,21.4410868551645,16.3));
#5694=CARTESIAN_POINT('Ctrl Pts',(19.,0.,54.3));
#5695=CARTESIAN_POINT('Ctrl Pts',(14.7144605332394,14.1488291322371,54.3));
#5696=CARTESIAN_POINT('Ctrl Pts',(12.4867274044,21.2185761145565,47.0955904070968));
#5697=CARTESIAN_POINT('Ctrl Pts',(12.4867274044,21.2185761145565,16.3));
#5698=CARTESIAN_POINT('Ctrl Pts',(19.,0.,54.3));
#5699=CARTESIAN_POINT('Ctrl Pts',(17.744451428769,13.9819731443398,54.3));
#5700=CARTESIAN_POINT('Ctrl Pts',(17.0963801391161,20.9719421681296,47.0955904070969));
#5701=CARTESIAN_POINT('Ctrl Pts',(17.0963801391161,20.9719421681296,16.3));
#5702=CARTESIAN_POINT('Ctrl Pts',(19.,0.,54.3));
#5703=CARTESIAN_POINT('Ctrl Pts',(22.9476252445874,13.6536666800151,54.3));
#5704=CARTESIAN_POINT('Ctrl Pts',(24.9623669454112,20.4819918927566,47.0955904070969));
#5705=CARTESIAN_POINT('Ctrl Pts',(24.9623669454112,20.4819918927566,16.3));
#5706=CARTESIAN_POINT('Ctrl Pts',(19.,0.,54.3));
#5707=CARTESIAN_POINT('Ctrl Pts',(28.6574196867652,13.2159853452542,54.3));
#5708=CARTESIAN_POINT('Ctrl Pts',(33.3875214602438,19.8221509550106,47.0955904070968));
#5709=CARTESIAN_POINT('Ctrl Pts',(33.3875214602438,19.8221509550106,16.3));
#5710=CARTESIAN_POINT('Ctrl Pts',(19.,0.,54.3));
#5711=CARTESIAN_POINT('Ctrl Pts',(34.7018641537484,12.6454321345722,54.3));
#5712=CARTESIAN_POINT('Ctrl Pts',(42.4192632790988,18.983081194194,47.0955904070969));
#5713=CARTESIAN_POINT('Ctrl Pts',(42.4192632790988,18.983081194194,16.3));
#5714=CARTESIAN_POINT('Ctrl Pts',(19.,0.,54.3));
#5715=CARTESIAN_POINT('Ctrl Pts',(40.8508077488538,11.9506327598796,54.3));
#5716=CARTESIAN_POINT('Ctrl Pts',(51.7579543280928,17.9418704226978,47.0955904070968));
#5717=CARTESIAN_POINT('Ctrl Pts',(51.7579543280928,17.9418704226978,16.3));
#5718=CARTESIAN_POINT('Ctrl Pts',(19.,0.,54.3));
#5719=CARTESIAN_POINT('Ctrl Pts',(46.9702077293786,11.0048273543612,54.3));
#5720=CARTESIAN_POINT('Ctrl Pts',(60.9627201160302,16.5027417757369,47.0955904070968));
#5721=CARTESIAN_POINT('Ctrl Pts',(60.9627201160302,16.5027417757369,16.3));
#5722=CARTESIAN_POINT('Ctrl Pts',(19.,0.,54.3));
#5723=CARTESIAN_POINT('Ctrl Pts',(52.4427224711084,9.81364767261597,54.3));
#5724=CARTESIAN_POINT('Ctrl Pts',(69.1569862769767,14.7221413948784,47.0955904070969));
#5725=CARTESIAN_POINT('Ctrl Pts',(69.1569862769767,14.7221413948784,16.3));
#5726=CARTESIAN_POINT('Ctrl Pts',(19.,0.,54.3));
#5727=CARTESIAN_POINT('Ctrl Pts',(56.2049385328279,8.72016551367477,54.3));
#5728=CARTESIAN_POINT('Ctrl Pts',(74.7219623969555,13.1397878899121,47.0955904070968));
#5729=CARTESIAN_POINT('Ctrl Pts',(74.7219623969555,13.1397878899121,16.3));
#5730=CARTESIAN_POINT('Ctrl Pts',(19.,0.,54.3));
#5731=CARTESIAN_POINT('Ctrl Pts',(59.4606842227895,7.25183498712927,54.3));
#5732=CARTESIAN_POINT('Ctrl Pts',(79.6122835910055,11.0776818978813,47.0955904070969));
#5733=CARTESIAN_POINT('Ctrl Pts',(79.6122835910055,11.0776818978813,16.3));
#5734=CARTESIAN_POINT('Ctrl Pts',(19.,0.,54.3));
#5735=CARTESIAN_POINT('Ctrl Pts',(62.0285666147169,5.285746146623,54.3));
#5736=CARTESIAN_POINT('Ctrl Pts',(83.5601329483188,8.1987930362943,47.0955904070969));
#5737=CARTESIAN_POINT('Ctrl Pts',(83.5601329483188,8.1987930362943,16.3));
#5738=CARTESIAN_POINT('Ctrl Pts',(19.,0.,54.3));
#5739=CARTESIAN_POINT('Ctrl Pts',(63.7321415323104,2.79914767650071,54.3));
#5740=CARTESIAN_POINT('Ctrl Pts',(86.1168224564181,4.25958581069905,47.0955904070968));
#5741=CARTESIAN_POINT('Ctrl Pts',(86.1168224564181,4.25958581069905,16.3));
#5742=CARTESIAN_POINT('Ctrl Pts',(19.,0.,54.3));
#5743=CARTESIAN_POINT('Ctrl Pts',(64.2339881472255,0.919589512098192,54.3));
#5744=CARTESIAN_POINT('Ctrl Pts',(86.8497885490007,1.37739978799685,47.0955904070969));
#5745=CARTESIAN_POINT('Ctrl Pts',(86.8497885490007,1.37739978799685,16.3));
#5746=CARTESIAN_POINT('Ctrl Pts',(19.,0.,54.3));
#5747=CARTESIAN_POINT('Ctrl Pts',(64.333409054403,1.52196000982524E-10,
54.3));
#5748=CARTESIAN_POINT('Ctrl Pts',(87.0001135816045,2.28294001473786E-10,
47.0955904070968));
#5749=CARTESIAN_POINT('Ctrl Pts',(87.0001135816045,2.28294001473786E-10,
16.3));
#5750=CARTESIAN_POINT('Ctrl Pts',(-31.6636864361267,6.75935974013394,16.3));
#5751=CARTESIAN_POINT('Ctrl Pts',(-31.5904881647216,6.99044900683637,16.3));
#5752=CARTESIAN_POINT('Ctrl Pts',(-31.3889562719342,7.59969560917803,16.3));
#5753=CARTESIAN_POINT('Ctrl Pts',(-31.0321481305978,8.56830325682753,16.3));
#5754=CARTESIAN_POINT('Ctrl Pts',(-30.4784300208121,9.85418317302146,16.3));
#5755=CARTESIAN_POINT('Ctrl Pts',(-29.6741090947269,11.3863040597681,16.3));
#5756=CARTESIAN_POINT('Ctrl Pts',(-28.6781256038843,12.9175989815887,16.3));
#5757=CARTESIAN_POINT('Ctrl Pts',(-27.5460596146013,14.325729597643,16.3));
#5758=CARTESIAN_POINT('Ctrl Pts',(-26.2628587104448,15.6218514425778,16.3));
#5759=CARTESIAN_POINT('Ctrl Pts',(-24.8213620145013,16.808315531634,16.3));
#5760=CARTESIAN_POINT('Ctrl Pts',(-23.2251104446561,17.8766582601408,16.3));
#5761=CARTESIAN_POINT('Ctrl Pts',(-21.4844386706246,18.8146275220805,16.3));
#5762=CARTESIAN_POINT('Ctrl Pts',(-19.6143364368366,19.6106497696434,16.3));
#5763=CARTESIAN_POINT('Ctrl Pts',(-17.6315154348437,20.2598646316023,16.3));
#5764=CARTESIAN_POINT('Ctrl Pts',(-15.5520954337981,20.7679077318903,16.3));
#5765=CARTESIAN_POINT('Ctrl Pts',(-13.3905764504012,21.1474112572488,16.3));
#5766=CARTESIAN_POINT('Ctrl Pts',(-11.158556951594,21.4154742223653,16.3));
#5767=CARTESIAN_POINT('Ctrl Pts',(-8.86374998183081,21.5909194303652,16.3));
#5768=CARTESIAN_POINT('Ctrl Pts',(-6.50837565848902,21.6912854230315,16.3));
#5769=CARTESIAN_POINT('Ctrl Pts',(-4.08956507200375,21.7312248970267,16.3));
#5770=CARTESIAN_POINT('Ctrl Pts',(-1.60272031270652,21.7231084186699,16.3));
#5771=CARTESIAN_POINT('Ctrl Pts',(0.955857203642737,21.6770891211076,16.3));
#5772=CARTESIAN_POINT('Ctrl Pts',(3.58600048698529,21.6013819569464,16.3));
#5773=CARTESIAN_POINT('Ctrl Pts',(6.28094465965465,21.5024478629303,16.3));
#5774=CARTESIAN_POINT('Ctrl Pts',(9.02422027667562,21.385215619572,16.3));
#5775=CARTESIAN_POINT('Ctrl Pts',(11.7932410214625,21.2532907043102,16.3));
#5776=CARTESIAN_POINT('Ctrl Pts',(14.5632487627104,21.1091708676275,16.3));
#5777=CARTESIAN_POINT('Ctrl Pts',(17.3110930007484,20.9544556682551,16.3));
#5778=CARTESIAN_POINT('Ctrl Pts',(20.0191485411824,20.7900595145996,16.3));
#5779=CARTESIAN_POINT('Ctrl Pts',(22.67902379044,20.6164157831315,16.3));
#5780=CARTESIAN_POINT('Ctrl Pts',(25.295803084167,20.4337003275779,16.3));
#5781=CARTESIAN_POINT('Ctrl Pts',(27.8843316300234,20.2417506866205,16.3));
#5782=CARTESIAN_POINT('Ctrl Pts',(30.4649320088493,20.0399639794718,16.3));
#5783=CARTESIAN_POINT('Ctrl Pts',(33.0592848611871,19.8271973945397,16.3));
#5784=CARTESIAN_POINT('Ctrl Pts',(35.6863660045983,19.6016767799679,16.3));
#5785=CARTESIAN_POINT('Ctrl Pts',(38.3580694427786,19.3608768208664,16.3));
#5786=CARTESIAN_POINT('Ctrl Pts',(41.075804458501,19.1014832141718,16.3));
#5787=CARTESIAN_POINT('Ctrl Pts',(43.8330823546311,18.8198587415766,16.3));
#5788=CARTESIAN_POINT('Ctrl Pts',(46.6173941663752,18.5124479874793,16.3));
#5789=CARTESIAN_POINT('Ctrl Pts',(49.4123583154171,18.1762118763368,16.3));
#5790=CARTESIAN_POINT('Ctrl Pts',(52.1997238603122,17.8090371430683,16.3));
#5791=CARTESIAN_POINT('Ctrl Pts',(54.9614791302072,17.4101904682168,16.3));
#5792=CARTESIAN_POINT('Ctrl Pts',(57.6817766129005,16.9806645588758,16.3));
#5793=CARTESIAN_POINT('Ctrl Pts',(60.3467743789879,16.5220852868993,16.3));
#5794=CARTESIAN_POINT('Ctrl Pts',(62.9445979200021,16.035719788839,16.3));
#5795=CARTESIAN_POINT('Ctrl Pts',(65.4652843374676,15.5214292510807,16.3));
#5796=CARTESIAN_POINT('Ctrl Pts',(67.9006853688203,14.9766828281063,16.3));
#5797=CARTESIAN_POINT('Ctrl Pts',(70.2445198493028,14.3954472471462,16.3));
#5798=CARTESIAN_POINT('Ctrl Pts',(72.4919818553216,13.7674177901704,16.3));
#5799=CARTESIAN_POINT('Ctrl Pts',(74.6376728813449,13.0787149674592,16.3));
#5800=CARTESIAN_POINT('Ctrl Pts',(76.673694337822,12.3122678489118,16.3));
#5801=CARTESIAN_POINT('Ctrl Pts',(78.5878654346656,11.4484981942937,16.3));
#5802=CARTESIAN_POINT('Ctrl Pts',(80.3614340528325,10.4654402805241,16.3));
#5803=CARTESIAN_POINT('Ctrl Pts',(81.9683515181779,9.34040017444113,16.3));
#5804=CARTESIAN_POINT('Ctrl Pts',(83.3811428830453,8.05775422309972,16.3));
#5805=CARTESIAN_POINT('Ctrl Pts',(84.5759295945954,6.6161217859654,16.3));
#5806=CARTESIAN_POINT('Ctrl Pts',(85.5375656506377,5.03529119717145,16.3));
#5807=CARTESIAN_POINT('Ctrl Pts',(86.2653366587283,3.36465948550424,16.3));
#5808=CARTESIAN_POINT('Ctrl Pts',(86.6667894536859,2.00498201691698,16.3));
#5809=CARTESIAN_POINT('Ctrl Pts',(86.8706328703399,0.99564144357041,16.3));
#5810=CARTESIAN_POINT('Ctrl Pts',(86.9640355737796,0.330575949292719,16.3));
#5811=CARTESIAN_POINT('Ctrl Pts',(87.0001135816045,2.28294001473786E-10,
16.3));
#5812=CARTESIAN_POINT('Origin',(-12.1840436663144,-15.9088714410193,16.3));
#5813=CARTESIAN_POINT('',(-9.73404366631443,-15.9088714410193,16.3));
#5814=CARTESIAN_POINT('Ctrl Pts',(-14.4446153064008,-14.9642467218652,38.2435200689667));
#5815=CARTESIAN_POINT('Ctrl Pts',(-14.3381307047934,-14.7094195236999,38.9334150841939));
#5816=CARTESIAN_POINT('Ctrl Pts',(-14.1889998464958,-14.4738599525681,39.5212785779268));
#5817=CARTESIAN_POINT('Ctrl Pts',(-13.7939196901256,-14.0356634284693,40.6106605218623));
#5818=CARTESIAN_POINT('Ctrl Pts',(-13.5423864811897,-13.8470167263052,41.0779792043611));
#5819=CARTESIAN_POINT('Ctrl Pts',(-13.0837292422553,-13.6208337845978,41.7118433667693));
#5820=CARTESIAN_POINT('Ctrl Pts',(-12.8695532124713,-13.543860025644,41.9532237007907));
#5821=CARTESIAN_POINT('Ctrl Pts',(-12.4375551914021,-13.4644023240675,42.319689395731));
#5822=CARTESIAN_POINT('Ctrl Pts',(-12.2462764286425,-13.4524710954478,42.4455214442705));
#5823=CARTESIAN_POINT('Ctrl Pts',(-12.0587044420594,-13.4620796479026,42.5377441760977));
#5824=CARTESIAN_POINT('Origin',(-12.1840436663144,-15.9088714410193,16.3));
#5825=CARTESIAN_POINT('Ctrl Pts',(-15.4320701473751,-15.7956284353684,34.8525174167186));
#5826=CARTESIAN_POINT('Ctrl Pts',(-15.4150939229924,-15.3087177778273,36.5804872902466));
#5827=CARTESIAN_POINT('Ctrl Pts',(-15.2863313998627,-14.7985038193081,37.9410636267887));
#5828=CARTESIAN_POINT('Ctrl Pts',(-14.8108549626148,-13.9468524375225,39.9978319424085));
#5829=CARTESIAN_POINT('Ctrl Pts',(-14.5216884815159,-13.607691380992,40.7361911640392));
#5830=CARTESIAN_POINT('Ctrl Pts',(-13.8770169420563,-13.1100844966542,41.8694332235215));
#5831=CARTESIAN_POINT('Ctrl Pts',(-13.5465163151837,-12.9352472156107,42.290697149869));
#5832=CARTESIAN_POINT('Ctrl Pts',(-12.8554645900693,-12.7088905069203,42.9704162359236));
#5833=CARTESIAN_POINT('Ctrl Pts',(-12.5006714990451,-12.6553923803717,43.2286923056743));
#5834=CARTESIAN_POINT('Ctrl Pts',(-11.9747585067083,-12.6608774453767,43.509715851379));
#5835=CARTESIAN_POINT('Ctrl Pts',(-11.7923261207251,-12.6770246867421,43.5897885040911));
#5836=CARTESIAN_POINT('Ctrl Pts',(-11.5077619935532,-12.7284393497871,43.6827276486643));
#5837=CARTESIAN_POINT('Ctrl Pts',(-11.4085845963335,-12.7510575015155,43.7093733285439));
#5838=CARTESIAN_POINT('Ctrl Pts',(-11.231382749333,-12.8005787085208,43.7455175514278));
#5839=CARTESIAN_POINT('Ctrl Pts',(-11.1536650313078,-12.8254379759012,43.7574148243215));
#5840=CARTESIAN_POINT('Ctrl Pts',(-10.9940708046204,-12.8832894472475,43.7729518147974));
#5841=CARTESIAN_POINT('Ctrl Pts',(-10.9127058591805,-12.9165582430943,43.7759377560589));
#5842=CARTESIAN_POINT('Ctrl Pts',(-10.8327041174772,-12.9531344053972,43.7735498383218));
#5843=CARTESIAN_POINT('Origin',(-12.1840436663144,-15.9088714410193,16.3));
#5844=CARTESIAN_POINT('Ctrl Pts',(-15.4320701452643,-15.7956284371859,34.8525174129097));
#5845=CARTESIAN_POINT('Ctrl Pts',(-14.0898008140114,-15.155117254603,38.7290517441847));
#5846=CARTESIAN_POINT('Ctrl Pts',(-12.2100105759022,-14.2943029049452,41.6426157708705));
#5847=CARTESIAN_POINT('Ctrl Pts',(-9.81288700707608,-13.2714921922356,43.8604330183169));
#5848=CARTESIAN_POINT('Ctrl Pts',(-16.3935640733628,-15.4731703035437,34.8151908681856));
#5849=CARTESIAN_POINT('Ctrl Pts',(-15.0150625695218,-14.8530802499379,38.6794557221466));
#5850=CARTESIAN_POINT('Ctrl Pts',(-13.0883033336187,-14.0252312393042,41.5809756795079));
#5851=CARTESIAN_POINT('Ctrl Pts',(-10.6328267383302,-13.0364894430688,43.8017500662378));
#5852=CARTESIAN_POINT('Ctrl Pts',(-17.2753291656167,-15.0917018023608,34.7743004233926));
#5853=CARTESIAN_POINT('Ctrl Pts',(-15.8652669039494,-14.4953677452899,38.6256219013925));
#5854=CARTESIAN_POINT('Ctrl Pts',(-13.8993235769874,-13.704936221463,41.5160463913995));
#5855=CARTESIAN_POINT('Ctrl Pts',(-11.3938579099351,-12.752548349389,43.7422011277951));
#5856=CARTESIAN_POINT('Ctrl Pts',(-18.0786349468906,-14.6505354580209,34.7345902295799));
#5857=CARTESIAN_POINT('Ctrl Pts',(-16.642131659381,-14.0795884213647,38.5739610804688));
#5858=CARTESIAN_POINT('Ctrl Pts',(-14.6446627766206,-13.327285750729,41.4560187934757));
#5859=CARTESIAN_POINT('Ctrl Pts',(-12.0959380214377,-12.4112228847437,43.6888945984842));
#5860=CARTESIAN_POINT('Origin',(67.5593341262604,-9.825295758872,16.3));
#5861=CARTESIAN_POINT('',(69.9093341262604,-9.825295758872,16.3));
#5862=CARTESIAN_POINT('',(69.9093341262604,-9.82529575786225,33.560953420708));
#5863=CARTESIAN_POINT('Ctrl Pts',(69.9093341262604,-9.82529575685248,33.5609534207081));
#5864=CARTESIAN_POINT('Ctrl Pts',(69.9093341264567,-10.0536443053887,32.5919187534053));
#5865=CARTESIAN_POINT('Ctrl Pts',(69.8757892577857,-10.275800000588,31.5160403519026));
#5866=CARTESIAN_POINT('Ctrl Pts',(69.7113324119433,-10.8402542312131,28.223815625362));
#5867=CARTESIAN_POINT('Ctrl Pts',(69.5476677620753,-11.0973464020537,26.0667873809158));
#5868=CARTESIAN_POINT('Ctrl Pts',(69.4095959225497,-11.274101752643,23.8719316928518));
#5869=CARTESIAN_POINT('Ctrl Pts',(69.4079110448074,-11.2762508818378,23.8450850244746));
#5870=CARTESIAN_POINT('Ctrl Pts',(69.4062298223653,-11.2783877338375,23.8182311472376));
#5871=CARTESIAN_POINT('',(69.9093341262604,-9.825295758872,16.3));
#5872=CARTESIAN_POINT('Ctrl Pts',(65.2224636840455,-9.57723017016151,39.058374626584));
#5873=CARTESIAN_POINT('Ctrl Pts',(65.238793031399,-9.42340162276192,39.4318242936121));
#5874=CARTESIAN_POINT('Ctrl Pts',(65.2703713202295,-9.27057277909966,39.7601260482012));
#5875=CARTESIAN_POINT('Ctrl Pts',(65.3707933834453,-8.95088306639714,40.3758500542792));
#5876=CARTESIAN_POINT('Ctrl Pts',(65.4526923979691,-8.75498016476994,40.7076067192855));
#5877=CARTESIAN_POINT('Ctrl Pts',(65.6628664103883,-8.43052340704452,41.1514283808187));
#5878=CARTESIAN_POINT('Ctrl Pts',(65.7583928095728,-8.30545865781172,41.3021841937456));
#5879=CARTESIAN_POINT('Ctrl Pts',(65.9658530210464,-8.09384389429151,41.5105874463252));
#5880=CARTESIAN_POINT('Ctrl Pts',(66.0634630850957,-8.00749149839346,41.5825736186313));
#5881=CARTESIAN_POINT('Ctrl Pts',(66.2765503133483,-7.85240950526144,41.6811158233601));
#5882=CARTESIAN_POINT('Ctrl Pts',(66.3860052237559,-7.78482548980781,41.7106520383456));
#5883=CARTESIAN_POINT('Ctrl Pts',(66.5609337062022,-7.6970058645095,41.7260868614486));
#5884=CARTESIAN_POINT('Ctrl Pts',(66.6183856403876,-7.67096558050086,41.7267507967638));
#5885=CARTESIAN_POINT('Ctrl Pts',(66.7211368833666,-7.6293505298948,41.7204587312093));
#5886=CARTESIAN_POINT('Ctrl Pts',(66.7656728089444,-7.61286359704084,41.7153918354968));
#5887=CARTESIAN_POINT('Ctrl Pts',(66.8523508062428,-7.58373218126924,41.701176411185));
#5888=CARTESIAN_POINT('Ctrl Pts',(66.8943084825265,-7.57093300620559,41.6923771944421));
#5889=CARTESIAN_POINT('Ctrl Pts',(67.0042521913676,-7.54071092402224,41.6645152391294));
#5890=CARTESIAN_POINT('Ctrl Pts',(67.0720218522385,-7.52535964976663,41.6425967015047));
#5891=CARTESIAN_POINT('Ctrl Pts',(67.3002675987302,-7.48389845265117,41.5541322662878));
#5892=CARTESIAN_POINT('Ctrl Pts',(67.4562871537825,-7.47296884795249,41.4688697829635));
#5893=CARTESIAN_POINT('Ctrl Pts',(67.8293710884328,-7.47991779014686,41.2159512374473));
#5894=CARTESIAN_POINT('Ctrl Pts',(68.0589227144171,-7.51713717183697,41.0122616070818));
#5895=CARTESIAN_POINT('Ctrl Pts',(68.5322348397791,-7.66997406575809,40.4554686119782));
#5896=CARTESIAN_POINT('Ctrl Pts',(68.7414610735631,-7.78337456650544,40.1240023754136));
#5897=CARTESIAN_POINT('Ctrl Pts',(68.9136008589479,-7.90475895455494,39.7811245244272));
#5898=CARTESIAN_POINT('Ctrl Pts',(69.3809345963764,-8.23429938941633,38.850262508858));
#5899=CARTESIAN_POINT('Ctrl Pts',(69.718900699097,-8.73722625976175,37.560193781678));
#5900=CARTESIAN_POINT('Ctrl Pts',(69.8898022658206,-9.47150550522971,34.9838424101224));
#5901=CARTESIAN_POINT('Ctrl Pts',(69.90933412611,-9.6502479363499,34.3037976717007));
#5902=CARTESIAN_POINT('Ctrl Pts',(69.9093341262604,-9.82529575685244,33.560953420708));
#5903=CARTESIAN_POINT('Origin',(67.5593341262604,-9.825295758872,16.3));
#5904=CARTESIAN_POINT('Ctrl Pts',(69.9014083872275,-7.71883233499884,39.297606280932));
#5905=CARTESIAN_POINT('Ctrl Pts',(70.1719432951061,-8.01962694517566,38.5553173184462));
#5906=CARTESIAN_POINT('Ctrl Pts',(70.3736430242753,-8.36114959676899,37.6712716126987));
#5907=CARTESIAN_POINT('Ctrl Pts',(70.5064785471752,-8.71316278019039,36.5835706154998));
#5908=CARTESIAN_POINT('Ctrl Pts',(70.6619619331888,-9.12519263850661,35.3104214583849));
#5909=CARTESIAN_POINT('Ctrl Pts',(70.7174729406986,-9.54653406003848,33.7535235581197));
#5910=CARTESIAN_POINT('Ctrl Pts',(70.7083090478881,-9.90565086424806,31.9766481634136));
#5911=CARTESIAN_POINT('Ctrl Pts',(70.6958106370657,-10.3954415509244,29.5532109710859));
#5912=CARTESIAN_POINT('Ctrl Pts',(70.5667702965183,-10.7946561792547,26.6590597464502));
#5913=CARTESIAN_POINT('Ctrl Pts',(70.4720983454061,-11.0245891356839,23.12557650531));
#5914=CARTESIAN_POINT('',(70.3771127887981,-11.233352366025,16.3));
#5915=CARTESIAN_POINT('Ctrl Pts',(70.3803164171801,-11.226922996877,17.5592678515189));
#5916=CARTESIAN_POINT('Ctrl Pts',(70.3781995464937,-11.231183512481,17.1465614295047));
#5917=CARTESIAN_POINT('Ctrl Pts',(70.3771127887981,-11.233352366025,16.7268589551285));
#5918=CARTESIAN_POINT('Ctrl Pts',(70.3771127887981,-11.233352366025,16.3));
#5919=CARTESIAN_POINT('Origin',(67.5593341262604,-9.825295758872,16.3));
#5920=CARTESIAN_POINT('Ctrl Pts',(64.4208716823781,-9.55593821147412,39.6774383247788));
#5921=CARTESIAN_POINT('Ctrl Pts',(64.4535815489394,-9.17481398184454,40.5564885493796));
#5922=CARTESIAN_POINT('Ctrl Pts',(64.5338220436084,-8.81881099678545,41.1955637677553));
#5923=CARTESIAN_POINT('Ctrl Pts',(64.7606170727591,-8.37972222063843,41.7702473771933));
#5924=CARTESIAN_POINT('Ctrl Pts',(64.8475876113997,-8.21134204266223,41.9906249720985));
#5925=CARTESIAN_POINT('Ctrl Pts',(64.9581049622573,-8.03339906073217,42.1919143231196));
#5926=CARTESIAN_POINT('Ctrl Pts',(65.1048075245539,-7.85101129063672,42.358692919965));
#5927=CARTESIAN_POINT('Ctrl Pts',(65.3450778176867,-7.55229556066832,42.6318438569697));
#5928=CARTESIAN_POINT('Ctrl Pts',(65.6939648936155,-7.2438561045182,42.7959384112533));
#5929=CARTESIAN_POINT('Ctrl Pts',(66.1114004033618,-7.02779903249447,42.793474528991));
#5930=CARTESIAN_POINT('Ctrl Pts',(70.3905910691749,-11.229602896009,16.3));
#5931=CARTESIAN_POINT('Ctrl Pts',(70.3905910691749,-11.229602896009,16.7245896802949));
#5932=CARTESIAN_POINT('Ctrl Pts',(70.3871657493481,-11.2287080619448,17.1443331935435));
#5933=CARTESIAN_POINT('Ctrl Pts',(70.3803164171801,-11.226922996877,17.5592678515197));
#5934=CARTESIAN_POINT('Ctrl Pts',(70.0121996616744,-11.3349082371716,16.3));
#5935=CARTESIAN_POINT('Ctrl Pts',(70.0121996616744,-11.3349082371716,16.7246718419095));
#5936=CARTESIAN_POINT('Ctrl Pts',(70.0087999092782,-11.3340055995322,17.1444992879639));
#5937=CARTESIAN_POINT('Ctrl Pts',(70.002001662512,-11.332204843327,17.5595197048838));
#5938=CARTESIAN_POINT('Ctrl Pts',(69.6281633219828,-11.438237212778,16.3));
#5939=CARTESIAN_POINT('Ctrl Pts',(69.6281633219828,-11.438237212778,16.7247477990711));
#5940=CARTESIAN_POINT('Ctrl Pts',(69.6247894823012,-11.4373269822486,17.144652836249));
#5941=CARTESIAN_POINT('Ctrl Pts',(69.6180430165501,-11.4355109628399,17.5597525363898));
#5942=CARTESIAN_POINT('Ctrl Pts',(69.2387593938791,-11.5398017364295,16.3));
#5943=CARTESIAN_POINT('Ctrl Pts',(69.2387593938791,-11.5398017364295,16.7248184405391));
#5944=CARTESIAN_POINT('Ctrl Pts',(69.235411799384,-11.5388840915979,17.1447956357402));
#5945=CARTESIAN_POINT('Ctrl Pts',(69.228717783334,-11.5370531717036,17.5599690713261));
#5946=CARTESIAN_POINT('Ctrl Pts',(70.3771127887982,-11.233352366025,16.3));
#5947=CARTESIAN_POINT('Ctrl Pts',(70.0014791871752,-11.3378066241033,16.3));
#5948=CARTESIAN_POINT('Ctrl Pts',(69.6214564614937,-11.439986499372,16.3));
#5949=CARTESIAN_POINT('Ctrl Pts',(69.2387594033755,-11.5398017339527,16.3));
#5950=CARTESIAN_POINT('Ctrl Pts',(66.8668588232842,-12.1232225092545,16.3));
#5951=CARTESIAN_POINT('Ctrl Pts',(66.8668588232842,-12.1232225092545,16.3793889831123));
#5952=CARTESIAN_POINT('Ctrl Pts',(66.8667476774704,-12.1231890497795,16.458609454939));
#5953=CARTESIAN_POINT('Ctrl Pts',(66.8665253919015,-12.1231221558213,16.537661662253));
#5954=CARTESIAN_POINT('Ctrl Pts',(66.553608747697,-12.1960823182211,16.3));
#5955=CARTESIAN_POINT('Ctrl Pts',(66.553608747697,-12.1960823182211,16.3793965322964));
#5956=CARTESIAN_POINT('Ctrl Pts',(66.5534983353952,-12.1960486771165,16.4586245840237));
#5957=CARTESIAN_POINT('Ctrl Pts',(66.5532775167088,-12.1959814196622,16.5376844014246));
#5958=CARTESIAN_POINT('Ctrl Pts',(66.2375337428284,-12.268100221197,16.3));
#5959=CARTESIAN_POINT('Ctrl Pts',(66.2375337428284,-12.268100221197,16.3794036789096));
#5960=CARTESIAN_POINT('Ctrl Pts',(66.2374240702694,-12.2680664011059,16.4586389059835));
#5961=CARTESIAN_POINT('Ctrl Pts',(66.2372047309371,-12.2679987854496,16.5377059276747));
#5962=CARTESIAN_POINT('Ctrl Pts',(65.9187590909782,-12.3393261627861,16.3));
#5963=CARTESIAN_POINT('Ctrl Pts',(65.9187590909782,-12.3393261627861,16.3794104833196));
#5964=CARTESIAN_POINT('Ctrl Pts',(65.9186501641322,-12.3392921660935,16.4586525418031));
#5965=CARTESIAN_POINT('Ctrl Pts',(65.9184323161029,-12.3392241970107,16.5377264228448));
#5966=CARTESIAN_POINT('Ctrl Pts',(66.8668545017703,-12.1232235144087,16.3));
#5967=CARTESIAN_POINT('Ctrl Pts',(66.5499372635199,-12.1969362661827,16.3));
#5968=CARTESIAN_POINT('Ctrl Pts',(66.2335898304472,-12.2689814357831,16.3));
#5969=CARTESIAN_POINT('Ctrl Pts',(65.9187590909819,-12.3393261627852,16.3));
#5970=CARTESIAN_POINT('Ctrl Pts',(77.0982538364133,-8.5309854450042,23.0680952751945));
#5971=CARTESIAN_POINT('Ctrl Pts',(76.6057752912461,-8.44809332752276,27.1083524950524));
#5972=CARTESIAN_POINT('Ctrl Pts',(74.3503420489153,-8.06742911005852,35.2010032656441));
#5973=CARTESIAN_POINT('Ctrl Pts',(69.6109552910165,-7.43502567310998,40.4497475901467));
#5974=CARTESIAN_POINT('Ctrl Pts',(66.1114004033618,-7.02779903249447,42.793474528991));
#5975=CARTESIAN_POINT('Ctrl Pts',(76.4193822800995,-8.88364652633735,23.078640995625));
#5976=CARTESIAN_POINT('Ctrl Pts',(75.9326693643282,-8.79657321532438,27.1264480946647));
#5977=CARTESIAN_POINT('Ctrl Pts',(73.7036987874279,-8.39695272356673,35.241603223352));
#5978=CARTESIAN_POINT('Ctrl Pts',(69.0057179208611,-7.71221688206358,40.5087086770688));
#5979=CARTESIAN_POINT('Ctrl Pts',(65.5383897152896,-7.27534539862683,42.8482007691874));
#5980=CARTESIAN_POINT('Ctrl Pts',(75.6878434614597,-9.21578315414537,23.087637955365));
#5981=CARTESIAN_POINT('Ctrl Pts',(75.2074642449173,-9.12486518260626,27.1418996475376));
#5982=CARTESIAN_POINT('Ctrl Pts',(73.0077011836778,-8.70795832123554,35.2761330046237));
#5983=CARTESIAN_POINT('Ctrl Pts',(68.3603889812367,-7.97428861228108,40.5626233545935));
#5984=CARTESIAN_POINT('Ctrl Pts',(64.9301619600636,-7.50754829897901,42.9001856542285));
#5985=CARTESIAN_POINT('Ctrl Pts',(73.278721667991,-10.1897502927806,23.111490145377));
#5986=CARTESIAN_POINT('Ctrl Pts',(72.8188888099104,-10.0880890865887,27.1828618044514));
#5987=CARTESIAN_POINT('Ctrl Pts',(70.7135293957505,-9.62303596545998,35.3668533718103));
#5988=CARTESIAN_POINT('Ctrl Pts',(66.2414214316001,-8.7543597417114,40.7067866594716));
#5989=CARTESIAN_POINT('Ctrl Pts',(62.9393271367524,-8.20089811644285,43.0415721436783));
#5990=CARTESIAN_POINT('Ctrl Pts',(71.4526658897251,-10.76865330587,23.1220886919538));
#5991=CARTESIAN_POINT('Ctrl Pts',(71.0085202636491,-10.661156935449,27.201084264548));
#5992=CARTESIAN_POINT('Ctrl Pts',(68.9750507721187,-10.1699905113949,35.4066535845588));
#5993=CARTESIAN_POINT('Ctrl Pts',(64.648531808072,-9.22976589590489,40.7765146803753));
#5994=CARTESIAN_POINT('Ctrl Pts',(61.4512898664039,-8.6244780357361,43.1146185537144));
#5995=CARTESIAN_POINT('Ctrl Pts',(69.4827823974765,-11.2985409293819,23.1297348878733));
#5996=CARTESIAN_POINT('Ctrl Pts',(69.0554272357644,-11.1859152613479,27.2142393120421));
#5997=CARTESIAN_POINT('Ctrl Pts',(67.0990543728677,-10.6715433248809,35.4355460795519));
#5998=CARTESIAN_POINT('Ctrl Pts',(62.9318721823927,-9.67099084061424,40.8274486456536));
#5999=CARTESIAN_POINT('Ctrl Pts',(59.8506281248021,-9.02141807080442,43.1687300739869));
#6000=CARTESIAN_POINT('Origin',(15.9851406487837,-15.7566133158326,16.3));
#6001=CARTESIAN_POINT('',(18.4351406487837,-15.7566133158326,16.3));
#6002=CARTESIAN_POINT('Ctrl Pts',(14.6793633343756,-17.829641440383,25.7761103878935));
#6003=CARTESIAN_POINT('Ctrl Pts',(14.5614941161877,-17.7553969333481,27.0774889717263));
#6004=CARTESIAN_POINT('Ctrl Pts',(14.4372437124362,-17.6627992912388,28.3256178300536));
#6005=CARTESIAN_POINT('Ctrl Pts',(13.8628316370245,-17.1287044724856,34.027249013045));
#6006=CARTESIAN_POINT('Ctrl Pts',(13.5313086416468,-16.4789148538393,37.2872699743668));
#6007=CARTESIAN_POINT('Ctrl Pts',(13.5372889228528,-15.3416288416456,41.1140409253853));
#6008=CARTESIAN_POINT('Ctrl Pts',(13.6394771476083,-14.9478316944519,42.1215518323242));
#6009=CARTESIAN_POINT('Ctrl Pts',(13.9507751386476,-14.3652467256304,43.4271461519628));
#6010=CARTESIAN_POINT('Ctrl Pts',(14.1129504269492,-14.1554573119262,43.8376839922309));
#6011=CARTESIAN_POINT('Ctrl Pts',(14.3967845215912,-13.8864621564639,44.329126943616));
#6012=CARTESIAN_POINT('Ctrl Pts',(14.5094350999335,-13.7947153682879,44.4886748727046));
#6013=CARTESIAN_POINT('Ctrl Pts',(14.6395722846807,-13.7091891346906,44.6304346702809));
#6014=CARTESIAN_POINT('Origin',(15.9851406487837,-15.7566133158326,16.3));
#6015=CARTESIAN_POINT('Ctrl Pts',(13.7490344659137,-18.1150723760943,19.7492963702307));
#6016=CARTESIAN_POINT('Ctrl Pts',(13.7472642756744,-18.1133940203383,19.8438302885884));
#6017=CARTESIAN_POINT('Ctrl Pts',(13.7454179493758,-18.1116397024767,19.9383683271654));
#6018=CARTESIAN_POINT('Ctrl Pts',(13.71987413111,-18.0873067461338,21.1943797523473));
#6019=CARTESIAN_POINT('Ctrl Pts',(13.6847033409134,-18.0533432896107,22.3519295187171));
#6020=CARTESIAN_POINT('Ctrl Pts',(13.5549528617016,-17.9179174068817,25.5986185003601));
#6021=CARTESIAN_POINT('Ctrl Pts',(13.4349677996863,-17.7859650149619,27.6679690474494));
#6022=CARTESIAN_POINT('Ctrl Pts',(13.0359803135079,-17.1995794417558,33.6544106059268));
#6023=CARTESIAN_POINT('Ctrl Pts',(12.7725655401384,-16.6254102680446,36.7964695527587));
#6024=CARTESIAN_POINT('Ctrl Pts',(12.7119284230072,-15.3420898515453,41.3383227460882));
#6025=CARTESIAN_POINT('Ctrl Pts',(12.8384325199201,-14.750103101686,42.7497350451672));
#6026=CARTESIAN_POINT('Ctrl Pts',(13.2432392999342,-13.9915802688154,44.2549156195946));
#6027=CARTESIAN_POINT('Ctrl Pts',(13.4156020500003,-13.7355402355034,44.7098894083251));
#6028=CARTESIAN_POINT('Ctrl Pts',(13.704180210159,-13.4407469630408,45.1776153442332));
#6029=CARTESIAN_POINT('Ctrl Pts',(13.7479553397204,-13.3983481944935,45.24358429723));
#6030=CARTESIAN_POINT('Ctrl Pts',(13.7941543685845,-13.3561802049172,45.3079380541994));
#6031=CARTESIAN_POINT('Origin',(15.9851406487837,-15.7566133158326,16.3));
#6032=CARTESIAN_POINT('Ctrl Pts',(14.6305226337382,-18.0675561411383,19.7493161653624));
#6033=CARTESIAN_POINT('Ctrl Pts',(14.6523459947328,-17.960687974465,25.3868609576492));
#6034=CARTESIAN_POINT('Ctrl Pts',(14.8322403031424,-17.0804725076125,36.3822257135894));
#6035=CARTESIAN_POINT('Ctrl Pts',(15.3180324723402,-14.820451707116,42.8101158059353));
#6036=CARTESIAN_POINT('Ctrl Pts',(15.7051255852824,-13.2544816249098,45.3092328713059));
#6037=CARTESIAN_POINT('Ctrl Pts',(13.6054222480616,-18.1235266492809,19.7492944233888));
#6038=CARTESIAN_POINT('Ctrl Pts',(13.6325698126293,-18.0163721462596,25.386800018526));
#6039=CARTESIAN_POINT('Ctrl Pts',(13.8563478898988,-17.1337850792014,36.3820540636439));
#6040=CARTESIAN_POINT('Ctrl Pts',(14.4591723376946,-14.8675474124433,42.8097071063508));
#6041=CARTESIAN_POINT('Ctrl Pts',(14.9367124598819,-13.2967814070226,45.3087970713457));
#6042=CARTESIAN_POINT('Ctrl Pts',(12.5756193088787,-18.1772771941848,19.7492684493325));
#6043=CARTESIAN_POINT('Ctrl Pts',(12.6081361645078,-18.0698511153259,25.3867272257952));
#6044=CARTESIAN_POINT('Ctrl Pts',(12.8761564141335,-17.1850107220671,36.3818466904078));
#6045=CARTESIAN_POINT('Ctrl Pts',(13.5967786974546,-14.9128754496695,42.8092117550166));
#6046=CARTESIAN_POINT('Ctrl Pts',(14.165275570983,-13.3375486329156,45.3082699441052));
#6047=CARTESIAN_POINT('Ctrl Pts',(11.5468270780473,-18.2283893135521,19.7492368595751));
#6048=CARTESIAN_POINT('Ctrl Pts',(11.5847340560881,-18.1207098494875,25.3866386517267));
#6049=CARTESIAN_POINT('Ctrl Pts',(11.8971540887833,-17.2337613588112,36.3815924869168));
#6050=CARTESIAN_POINT('Ctrl Pts',(12.7357710846381,-14.9561209116265,42.808592310477));
#6051=CARTESIAN_POINT('Ctrl Pts',(13.3952495240169,-13.3765266233652,45.3076070736289));
#6052=CARTESIAN_POINT('Origin',(15.9851406487837,-15.7566133158326,16.3));
#6053=CARTESIAN_POINT('',(0.,0.,0.));
#6054=UNCERTAINTY_MEASURE_WITH_UNIT(LENGTH_MEASURE(0.01),#6060,
'DISTANCE_ACCURACY_VALUE',
'Maximum model space distance between geometric entities at asserted c
onnectivities');
#6055=UNCERTAINTY_MEASURE_WITH_UNIT(LENGTH_MEASURE(0.01),#6060,
'DISTANCE_ACCURACY_VALUE',
'Maximum model space distance between geometric entities at asserted c
onnectivities');
#6056=UNCERTAINTY_MEASURE_WITH_UNIT(LENGTH_MEASURE(0.01),#6060,
'DISTANCE_ACCURACY_VALUE',
'Maximum model space distance between geometric entities at asserted c
onnectivities');
#6057=(
GEOMETRIC_REPRESENTATION_CONTEXT(3)
GLOBAL_UNCERTAINTY_ASSIGNED_CONTEXT((#6054))
GLOBAL_UNIT_ASSIGNED_CONTEXT((#6060,#6062,#6063))
REPRESENTATION_CONTEXT('','3D')
);
#6058=(
GEOMETRIC_REPRESENTATION_CONTEXT(3)
GLOBAL_UNCERTAINTY_ASSIGNED_CONTEXT((#6055))
GLOBAL_UNIT_ASSIGNED_CONTEXT((#6060,#6062,#6063))
REPRESENTATION_CONTEXT('','3D')
);
#6059=(
GEOMETRIC_REPRESENTATION_CONTEXT(3)
GLOBAL_UNCERTAINTY_ASSIGNED_CONTEXT((#6056))
GLOBAL_UNIT_ASSIGNED_CONTEXT((#6060,#6062,#6063))
REPRESENTATION_CONTEXT('','3D')
);
#6060=(
LENGTH_UNIT()
NAMED_UNIT(*)
SI_UNIT(.MILLI.,.METRE.)
);
#6061=(
LENGTH_UNIT()
NAMED_UNIT(*)
SI_UNIT($,.METRE.)
);
#6062=(
NAMED_UNIT(*)
PLANE_ANGLE_UNIT()
SI_UNIT($,.RADIAN.)
);
#6063=(
NAMED_UNIT(*)
SI_UNIT($,.STERADIAN.)
SOLID_ANGLE_UNIT()
);
#6064=SHAPE_DEFINITION_REPRESENTATION(#6066,#6069);
#6065=SHAPE_DEFINITION_REPRESENTATION(#6067,#6070);
#6066=PRODUCT_DEFINITION_SHAPE('',$,#6072);
#6067=PRODUCT_DEFINITION_SHAPE('',$,#6073);
#6068=PRODUCT_DEFINITION_SHAPE($,$,#14);
#6069=SHAPE_REPRESENTATION('',(#2181,#2298),#6057);
#6070=SHAPE_REPRESENTATION('',(#2182),#6058);
#6071=PRODUCT_DEFINITION_CONTEXT('part definition',#6079,'design');
#6072=PRODUCT_DEFINITION('pez_semana_15_colagrande',
'pez_semana_15_colagrande v10',#6074,#6071);
#6073=PRODUCT_DEFINITION('Carcasa_sup','Carcasa_sup',#6075,#6071);
#6074=PRODUCT_DEFINITION_FORMATION('',$,#6081);
#6075=PRODUCT_DEFINITION_FORMATION('',$,#6082);
#6076=PRODUCT_RELATED_PRODUCT_CATEGORY('pez_semana_15_colagrande v10',
'pez_semana_15_colagrande v10',(#6081));
#6077=PRODUCT_RELATED_PRODUCT_CATEGORY('Carcasa_sup','Carcasa_sup',(#6082));
#6078=APPLICATION_PROTOCOL_DEFINITION('international standard',
'automotive_design',2009,#6079);
#6079=APPLICATION_CONTEXT(
'Core Data for Automotive Mechanical Design Process');
#6080=PRODUCT_CONTEXT('part definition',#6079,'mechanical');
#6081=PRODUCT('pez_semana_15_colagrande','pez_semana_15_colagrande v10',
$,(#6080));
#6082=PRODUCT('Carcasa_sup','Carcasa_sup',$,(#6080));
#6083=PRESENTATION_STYLE_ASSIGNMENT((#6086));
#6084=PRESENTATION_STYLE_ASSIGNMENT((#6087));
#6085=PRESENTATION_STYLE_ASSIGNMENT((#6088));
#6086=SURFACE_STYLE_USAGE(.BOTH.,#6089);
#6087=SURFACE_STYLE_USAGE(.BOTH.,#6090);
#6088=SURFACE_STYLE_USAGE(.BOTH.,#6091);
#6089=SURFACE_SIDE_STYLE('',(#6092));
#6090=SURFACE_SIDE_STYLE('',(#6093));
#6091=SURFACE_SIDE_STYLE('',(#6094));
#6092=SURFACE_STYLE_FILL_AREA(#6095);
#6093=SURFACE_STYLE_FILL_AREA(#6096);
#6094=SURFACE_STYLE_FILL_AREA(#6097);
#6095=FILL_AREA_STYLE('Steel - Satin',(#6098));
#6096=FILL_AREA_STYLE('Glass - Frosted Light',(#6099));
#6097=FILL_AREA_STYLE('Paint - Enamel Glossy (Dark Grey)',(#6100));
#6098=FILL_AREA_STYLE_COLOUR('Steel - Satin',#6101);
#6099=FILL_AREA_STYLE_COLOUR('Glass - Frosted Light',#6102);
#6100=FILL_AREA_STYLE_COLOUR('Paint - Enamel Glossy (Dark Grey)',#6103);
#6101=COLOUR_RGB('Steel - Satin',0.627450980392157,0.627450980392157,0.627450980392157);
#6102=COLOUR_RGB('Glass - Frosted Light',0.964705882352941,0.964705882352941,
0.952941176470588);
#6103=COLOUR_RGB('Paint - Enamel Glossy (Dark Grey)',0.349019607843137,
0.349019607843137,0.349019607843137);
ENDSEC;
END-ISO-10303-21;
